0.000000,0.000000,0.000000,-0.376147,0.174312,-0.559633,0.440367,-0.642202,0.724771,-0.614679,0.908257,-0.504587,0.678899,-0.532110,0.963303,-0.486239,0.862385,-0.458716,0.752294,-0.266055,0.752294,-0.311927,0.990826,-0.284404,0.871560,-0.256881,0.779817,-0.036697,0.770642,-0.100917,1.000000,-0.091743,0.880734,-0.064220,0.779817,0.183486,0.752294,0.082569,0.954128,0.073394,0.853211,0.100917,0.761468
0.000000,0.000000,0.000000,-0.283465,0.251969,-0.338583,0.496063,-0.307087,0.716535,-0.236220,0.842520,-0.244094,0.803150,-0.181102,1.000000,-0.188976,0.921260,-0.188976,0.842520,-0.039370,0.795276,-0.023622,0.968504,-0.031496,0.858268,-0.047244,0.779528,0.149606,0.724409,0.133858,0.881890,0.110236,0.779528,0.102362,0.677165,0.307087,0.637795,0.259843,0.755906,0.220472,0.669291,0.196850,0.574803
0.000000,0.000000,0.000000,-0.285714,0.230159,-0.341270,0.476190,-0.301587,0.714286,-0.238095,0.833333,-0.246032,0.793651,-0.182540,1.000000,-0.182540,0.912698,-0.190476,0.825397,-0.039683,0.793651,-0.015873,0.960317,-0.031746,0.857143,-0.047619,0.769841,0.150794,0.722222,0.142857,0.873016,0.111111,0.777778,0.103175,0.682540,0.309524,0.634921,0.269841,0.746032,0.222222,0.666667,0.206349,0.579365
0.000000,0.000000,0.000000,-0.269841,0.253968,-0.317460,0.507937,-0.277778,0.730159,-0.214286,0.857143,-0.214286,0.817460,-0.150794,1.000000,-0.150794,0.920635,-0.158730,0.833333,-0.015873,0.793651,0.007937,0.944444,-0.007937,0.833333,-0.023810,0.753968,0.166667,0.722222,0.158730,0.849206,0.126984,0.746032,0.111111,0.650794,0.325397,0.634921,0.277778,0.730159,0.238095,0.642857,0.206349,0.555556
0.000000,0.000000,0.000000,-0.277778,0.261905,-0.317460,0.515873,-0.269841,0.738095,-0.206349,0.865079,-0.214286,0.817460,-0.142857,1.000000,-0.158730,0.904762,-0.166667,0.825397,-0.015873,0.793651,0.007937,0.952381,-0.015873,0.841270,-0.031746,0.761905,0.174603,0.714286,0.158730,0.849206,0.119048,0.746032,0.103175,0.642857,0.333333,0.626984,0.277778,0.722222,0.230159,0.634921,0.206349,0.547619
0.000000,0.000000,0.000000,-0.251969,0.275591,-0.267717,0.519685,-0.212598,0.732283,-0.133858,0.850394,-0.165354,0.834646,-0.070866,1.000000,-0.078740,0.905512,-0.094488,0.826772,0.023622,0.795276,0.070866,0.937008,0.055118,0.826772,0.031496,0.748031,0.204724,0.708661,0.204724,0.818898,0.173228,0.716535,0.149606,0.622047,0.362205,0.606299,0.322835,0.685039,0.275591,0.606299,0.244094,0.511811
0.000000,0.000000,0.000000,-0.225806,0.306452,-0.217742,0.564516,-0.129032,0.774194,-0.048387,0.895161,-0.064516,0.862903,0.048387,1.000000,0.040323,0.911290,0.008065,0.838710,0.120968,0.806452,0.185484,0.895161,0.153226,0.790323,0.112903,0.717742,0.290323,0.685484,0.298387,0.766129,0.250000,0.669355,0.209677,0.564516,0.435484,0.580645,0.395161,0.629032,0.330645,0.540323,0.290323,0.459677
0.000000,0.000000,0.000000,-0.222222,0.285714,-0.206349,0.547619,-0.111111,0.761905,-0.023810,0.865079,-0.047619,0.857143,0.087302,1.000000,0.087302,0.904762,0.055556,0.825397,0.142857,0.809524,0.222222,0.880952,0.190476,0.769841,0.142857,0.690476,0.309524,0.690476,0.333333,0.746032,0.285714,0.650794,0.246032,0.563492,0.436508,0.555556,0.420635,0.603175,0.365079,0.523810,0.317460,0.444444
0.000000,0.000000,0.000000,-0.220472,0.283465,-0.228346,0.543307,-0.149606,0.755906,-0.070866,0.866142,-0.086614,0.850394,0.039370,1.000000,0.039370,0.921260,0.015748,0.842520,0.102362,0.803150,0.173228,0.897638,0.149606,0.787402,0.110236,0.708661,0.275591,0.692913,0.291339,0.771654,0.251969,0.669291,0.212598,0.574803,0.409449,0.582677,0.393701,0.637795,0.338583,0.543307,0.291339,0.464567
0.000000,0.000000,0.000000,-0.280000,0.264000,-0.344000,0.520000,-0.312000,0.736000,-0.232000,0.864000,-0.264000,0.816000,-0.192000,1.000000,-0.208000,0.912000,-0.216000,0.832000,-0.064000,0.792000,-0.040000,0.960000,-0.056000,0.848000,-0.072000,0.768000,0.128000,0.720000,0.120000,0.864000,0.088000,0.760000,0.080000,0.656000,0.296000,0.648000,0.248000,0.736000,0.208000,0.648000,0.192000,0.560000
0.000000,0.000000,0.000000,-0.288000,0.264000,-0.352000,0.520000,-0.328000,0.736000,-0.264000,0.880000,-0.296000,0.808000,-0.240000,1.000000,-0.248000,0.904000,-0.248000,0.824000,-0.088000,0.784000,-0.080000,0.976000,-0.096000,0.856000,-0.096000,0.768000,0.104000,0.720000,0.080000,0.888000,0.056000,0.776000,0.056000,0.672000,0.272000,0.664000,0.216000,0.760000,0.168000,0.672000,0.160000,0.584000
0.000000,0.000000,0.000000,-0.288000,0.280000,-0.352000,0.536000,-0.328000,0.752000,-0.264000,0.896000,-0.296000,0.816000,-0.240000,1.000000,-0.248000,0.904000,-0.256000,0.824000,-0.088000,0.784000,-0.080000,0.976000,-0.096000,0.856000,-0.104000,0.776000,0.104000,0.720000,0.080000,0.888000,0.048000,0.776000,0.048000,0.672000,0.272000,0.664000,0.216000,0.768000,0.168000,0.680000,0.152000,0.584000
0.000000,0.000000,0.000000,-0.285714,0.269841,-0.349206,0.531746,-0.325397,0.753968,-0.253968,0.896825,-0.285714,0.817460,-0.222222,1.000000,-0.230159,0.904762,-0.246032,0.825397,-0.087302,0.785714,-0.071429,0.960317,-0.079365,0.849206,-0.087302,0.761905,0.111111,0.722222,0.087302,0.880952,0.063492,0.761905,0.055556,0.658730,0.277778,0.658730,0.222222,0.761905,0.182540,0.666667,0.166667,0.571429
0.000000,0.000000,0.000000,-0.288000,0.288000,-0.352000,0.544000,-0.320000,0.760000,-0.264000,0.912000,-0.296000,0.824000,-0.232000,1.000000,-0.240000,0.896000,-0.256000,0.816000,-0.088000,0.784000,-0.080000,0.968000,-0.096000,0.840000,-0.104000,0.752000,0.112000,0.720000,0.080000,0.880000,0.048000,0.760000,0.040000,0.648000,0.272000,0.656000,0.208000,0.760000,0.160000,0.664000,0.152000,0.568000
0.000000,0.000000,0.000000,-0.280000,0.272000,-0.344000,0.536000,-0.312000,0.752000,-0.248000,0.904000,-0.280000,0.816000,-0.216000,1.000000,-0.224000,0.896000,-0.240000,0.816000,-0.080000,0.784000,-0.064000,0.960000,-0.080000,0.832000,-0.088000,0.744000,0.120000,0.720000,0.096000,0.872000,0.064000,0.752000,0.056000,0.648000,0.288000,0.656000,0.224000,0.752000,0.184000,0.656000,0.168000,0.560000
0.000000,0.000000,0.000000,-0.285714,0.269841,-0.349206,0.523810,-0.317460,0.746032,-0.246032,0.880952,-0.285714,0.817460,-0.214286,1.000000,-0.230159,0.896825,-0.238095,0.817460,-0.079365,0.793651,-0.063492,0.960317,-0.079365,0.841270,-0.087302,0.753968,0.119048,0.722222,0.095238,0.873016,0.063492,0.761905,0.063492,0.658730,0.285714,0.658730,0.230159,0.753968,0.182540,0.658730,0.174603,0.563492
0.000000,0.000000,0.000000,-0.288000,0.280000,-0.360000,0.528000,-0.336000,0.744000,-0.272000,0.896000,-0.296000,0.824000,-0.232000,1.000000,-0.240000,0.904000,-0.256000,0.824000,-0.088000,0.792000,-0.080000,0.968000,-0.088000,0.848000,-0.096000,0.760000,0.104000,0.720000,0.080000,0.888000,0.048000,0.768000,0.048000,0.664000,0.272000,0.656000,0.216000,0.768000,0.168000,0.672000,0.160000,0.576000
0.000000,0.000000,0.000000,-0.277778,0.285714,-0.341270,0.539683,-0.309524,0.753968,-0.238095,0.888889,-0.285714,0.817460,-0.214286,1.000000,-0.222222,0.896825,-0.230159,0.817460,-0.079365,0.785714,-0.063492,0.952381,-0.071429,0.825397,-0.079365,0.738095,0.111111,0.714286,0.095238,0.865079,0.063492,0.738095,0.055556,0.634921,0.285714,0.650794,0.230159,0.746032,0.182540,0.642857,0.166667,0.555556
0.000000,0.000000,0.000000,-0.290323,0.274194,-0.354839,0.532258,-0.330645,0.741935,-0.274194,0.887097,-0.298387,0.822581,-0.233871,1.000000,-0.241935,0.895161,-0.258065,0.814516,-0.088710,0.782258,-0.088710,0.959677,-0.096774,0.838710,-0.104839,0.750000,0.104839,0.717742,0.072581,0.870968,0.040323,0.750000,0.032258,0.645161,0.266129,0.669355,0.209677,0.758065,0.161290,0.661290,0.145161,0.572581
0.000000,0.000000,0.000000,-0.288000,0.296000,-0.344000,0.560000,-0.312000,0.768000,-0.248000,0.920000,-0.288000,0.824000,-0.232000,1.000000,-0.248000,0.888000,-0.264000,0.808000,-0.088000,0.776000,-0.096000,0.952000,-0.112000,0.824000,-0.112000,0.736000,0.104000,0.704000,0.064000,0.864000,0.032000,0.728000,0.024000,0.616000,0.264000,0.656000,0.200000,0.752000,0.144000,0.648000,0.136000,0.560000
0.000000,0.000000,0.000000,-0.286885,0.303279,-0.344262,0.581967,-0.311475,0.795082,-0.237705,0.950820,-0.278689,0.836066,-0.221311,1.000000,-0.237705,0.877049,-0.262295,0.795082,-0.073770,0.778689,-0.081967,0.950820,-0.106557,0.819672,-0.106557,0.729508,0.122951,0.704918,0.081967,0.860656,0.032787,0.713115,0.024590,0.598361,0.278689,0.655738,0.213115,0.745902,0.155738,0.639344,0.139344,0.540984
0.000000,0.000000,0.000000,-0.284553,0.284553,-0.349593,0.552846,-0.317073,0.780488,-0.252033,0.926829,-0.268293,0.829268,-0.211382,1.000000,-0.227642,0.886179,-0.252033,0.804878,-0.065041,0.788618,-0.073171,0.951219,-0.089431,0.829268,-0.105691,0.739837,0.130081,0.715447,0.089431,0.861789,0.048780,0.731707,0.040650,0.617886,0.292683,0.666667,0.219512,0.747967,0.170732,0.642276,0.162602,0.552846
0.000000,0.000000,0.000000,-0.295082,0.286885,-0.352459,0.565574,-0.319672,0.786885,-0.245902,0.934426,-0.278689,0.827869,-0.221311,1.000000,-0.245902,0.885246,-0.262295,0.803279,-0.073770,0.786885,-0.081967,0.950820,-0.106557,0.827869,-0.114754,0.737705,0.122951,0.713115,0.081967,0.860656,0.040984,0.729508,0.032787,0.614754,0.286885,0.663934,0.213115,0.754098,0.155738,0.647541,0.147541,0.549180
0.000000,0.000000,0.000000,-0.292683,0.284553,-0.357724,0.552846,-0.325203,0.780488,-0.260163,0.926829,-0.268293,0.829268,-0.219512,1.000000,-0.243902,0.886179,-0.268293,0.796748,-0.065041,0.788618,-0.081301,0.951219,-0.105691,0.829268,-0.113821,0.739837,0.121951,0.715447,0.081301,0.861789,0.040650,0.731707,0.032520,0.626016,0.284553,0.666667,0.211382,0.756098,0.162602,0.650406,0.146341,0.560976
0.000000,0.000000,0.000000,-0.303279,0.295082,-0.352459,0.573770,-0.319672,0.795082,-0.254098,0.942623,-0.270492,0.836066,-0.221311,1.000000,-0.245902,0.877049,-0.262295,0.795082,-0.065574,0.786885,-0.081967,0.950820,-0.106557,0.819672,-0.114754,0.729508,0.122951,0.713115,0.073770,0.860656,0.032787,0.721311,0.024590,0.614754,0.278689,0.663934,0.204918,0.745902,0.147541,0.647541,0.131148,0.549180
0.000000,0.000000,0.000000,-0.286885,0.303279,-0.344262,0.573770,-0.311475,0.786885,-0.237705,0.934426,-0.270492,0.836066,-0.213115,1.000000,-0.237705,0.877049,-0.254098,0.795082,-0.065574,0.786885,-0.073770,0.942623,-0.098361,0.811475,-0.106557,0.721311,0.122951,0.704918,0.081967,0.860656,0.032787,0.713115,0.024590,0.606557,0.286885,0.663934,0.221311,0.745902,0.155738,0.639344,0.147541,0.549180
0.000000,0.000000,0.000000,-0.297521,0.289256,-0.355372,0.561983,-0.322314,0.785124,-0.256198,0.933884,-0.272727,0.834711,-0.223140,1.000000,-0.247934,0.884298,-0.264463,0.801653,-0.066116,0.793388,-0.074380,0.958678,-0.099174,0.826446,-0.115702,0.735537,0.123967,0.719008,0.082645,0.867769,0.041322,0.735537,0.033058,0.619835,0.289256,0.669421,0.223140,0.752066,0.165289,0.652893,0.148760,0.553719
0.000000,0.000000,0.000000,-0.297521,0.289256,-0.355372,0.561983,-0.322314,0.785124,-0.247934,0.925620,-0.280992,0.834711,-0.223140,1.000000,-0.239669,0.876033,-0.264463,0.801653,-0.074380,0.793388,-0.074380,0.950413,-0.099174,0.818182,-0.107438,0.735537,0.123967,0.719008,0.082645,0.859504,0.033058,0.727273,0.024793,0.619835,0.289256,0.661157,0.214876,0.752066,0.157025,0.644628,0.140496,0.545455
0.000000,0.000000,0.000000,-0.295082,0.303279,-0.352459,0.581967,-0.311475,0.795082,-0.245902,0.942623,-0.278689,0.844262,-0.229508,1.000000,-0.245902,0.877049,-0.270492,0.795082,-0.073770,0.778689,-0.090164,0.942623,-0.114754,0.811475,-0.114754,0.713115,0.114754,0.704918,0.065574,0.860656,0.016393,0.704918,0.008197,0.590164,0.270492,0.655738,0.204918,0.745902,0.139344,0.631148,0.122951,0.540984
0.000000,0.000000,0.000000,-0.295082,0.295082,-0.352459,0.573770,-0.319672,0.786885,-0.245902,0.934426,-0.270492,0.836066,-0.221311,1.000000,-0.237705,0.877049,-0.254098,0.795082,-0.065574,0.786885,-0.073770,0.950820,-0.098361,0.819672,-0.106557,0.721311,0.122951,0.704918,0.081967,0.860656,0.040984,0.713115,0.032787,0.606557,0.286885,0.655738,0.213115,0.745902,0.163934,0.639344,0.147541,0.540984
0.000000,0.000000,0.000000,-0.300000,0.300000,-0.358333,0.575000,-0.325000,0.791667,-0.258333,0.941667,-0.275000,0.841667,-0.225000,1.000000,-0.250000,0.883333,-0.266667,0.800000,-0.066667,0.791667,-0.083333,0.958333,-0.108333,0.816667,-0.116667,0.725000,0.125000,0.708333,0.083333,0.866667,0.033333,0.716667,0.016667,0.600000,0.291667,0.666667,0.216667,0.750000,0.158333,0.641667,0.141667,0.541667
0.000000,0.000000,0.000000,-0.289256,0.305785,-0.347107,0.578512,-0.314050,0.785124,-0.247934,0.942149,-0.272727,0.842975,-0.223140,1.000000,-0.239669,0.884298,-0.256198,0.809917,-0.074380,0.785124,-0.082645,0.958678,-0.099174,0.818182,-0.107438,0.727273,0.123967,0.710744,0.082645,0.859504,0.033058,0.710744,0.024793,0.603306,0.289256,0.669421,0.214876,0.752066,0.157025,0.636364,0.140496,0.545455
0.000000,0.000000,0.000000,-0.295082,0.295082,-0.360656,0.565574,-0.327869,0.778689,-0.270492,0.926230,-0.270492,0.836066,-0.221311,1.000000,-0.237705,0.877049,-0.262295,0.795082,-0.073770,0.786885,-0.081967,0.950820,-0.098361,0.819672,-0.114754,0.737705,0.122951,0.713115,0.081967,0.860656,0.032787,0.721311,0.024590,0.614754,0.286885,0.663934,0.213115,0.745902,0.155738,0.639344,0.139344,0.549180
0.000000,0.000000,0.000000,-0.295082,0.303279,-0.352459,0.565574,-0.319672,0.786885,-0.245902,0.934426,-0.270492,0.836066,-0.221311,1.000000,-0.237705,0.885246,-0.254098,0.803279,-0.065574,0.786885,-0.073770,0.950820,-0.098361,0.819672,-0.106557,0.729508,0.122951,0.713115,0.081967,0.860656,0.040984,0.721311,0.024590,0.614754,0.286885,0.663934,0.213115,0.745902,0.155738,0.647541,0.139344,0.549180
0.000000,0.000000,0.000000,-0.295082,0.278689,-0.352459,0.549180,-0.327869,0.762295,-0.245902,0.901639,-0.286885,0.836066,-0.229508,1.000000,-0.245902,0.885246,-0.262295,0.803279,-0.081967,0.795082,-0.081967,0.950820,-0.098361,0.827869,-0.106557,0.745902,0.114754,0.721311,0.081967,0.868852,0.040984,0.737705,0.032787,0.631148,0.278689,0.663934,0.213115,0.754098,0.163934,0.647541,0.147541,0.557377
0.000000,0.000000,0.000000,-0.286885,0.295082,-0.352459,0.557377,-0.319672,0.778689,-0.245902,0.926230,-0.270492,0.836066,-0.221311,1.000000,-0.237705,0.885246,-0.254098,0.811475,-0.073770,0.795082,-0.073770,0.959016,-0.098361,0.827869,-0.106557,0.745902,0.122951,0.713115,0.081967,0.868852,0.040984,0.737705,0.032787,0.622951,0.286885,0.663934,0.221311,0.754098,0.163934,0.655738,0.147541,0.557377
0.000000,0.000000,0.000000,-0.297521,0.289256,-0.355372,0.561983,-0.322314,0.785124,-0.247934,0.925620,-0.289256,0.834711,-0.231405,1.000000,-0.256198,0.884298,-0.272727,0.793388,-0.082645,0.793388,-0.090909,0.958678,-0.115702,0.834711,-0.123967,0.743802,0.115702,0.719008,0.074380,0.867769,0.033058,0.735537,0.016529,0.619835,0.280992,0.669421,0.214876,0.752066,0.157025,0.644628,0.140496,0.553719
0.000000,0.000000,0.000000,-0.310924,0.260504,-0.378151,0.546219,-0.344538,0.781513,-0.260504,0.899160,-0.310924,0.831933,-0.285714,1.000000,-0.302521,0.873950,-0.302521,0.789916,-0.100840,0.815126,-0.134454,0.974790,-0.151261,0.848740,-0.151261,0.764706,0.100840,0.747899,0.050420,0.899160,0.008403,0.764706,0.008403,0.655462,0.260504,0.689076,0.193277,0.773109,0.134454,0.672269,0.126050,0.579832
0.000000,0.000000,0.000000,-0.362069,0.224138,-0.448276,0.517241,-0.448276,0.741379,-0.387931,0.879310,-0.396552,0.818965,-0.431034,1.000000,-0.431034,0.862069,-0.413793,0.775862,-0.181034,0.836207,-0.267241,0.991379,-0.267241,0.853448,-0.241379,0.767241,0.017241,0.801724,-0.068966,0.939655,-0.094828,0.810345,-0.068966,0.698276,0.181034,0.750000,0.094828,0.827586,0.051724,0.715517,0.060345,0.612069
0.000000,0.000000,0.000000,-0.412281,0.166667,-0.552632,0.438596,-0.622807,0.701754,-0.622807,0.850877,-0.473684,0.824561,-0.631579,0.964912,-0.622807,0.815789,-0.552632,0.710526,-0.254386,0.877193,-0.447368,1.000000,-0.456140,0.868421,-0.403509,0.771930,-0.061404,0.859649,-0.245614,0.982456,-0.263158,0.868421,-0.210526,0.754386,0.096491,0.798246,-0.052632,0.903509,-0.087719,0.798246,-0.052632,0.701754
0.000000,0.000000,0.000000,-0.441441,0.135135,-0.639640,0.387387,-0.720721,0.639640,-0.702703,0.801802,-0.621622,0.756757,-0.801802,0.900901,-0.774775,0.756757,-0.693694,0.657658,-0.405405,0.864865,-0.612613,0.972973,-0.603604,0.846847,-0.540541,0.756757,-0.207207,0.882883,-0.396396,1.000000,-0.414414,0.891892,-0.351351,0.783784,-0.027027,0.855856,-0.189189,0.954955,-0.216216,0.864865,-0.171171,0.774775
0.000000,0.000000,0.000000,-0.495238,0.095238,-0.733333,0.342857,-0.838095,0.590476,-0.819048,0.752381,-0.733333,0.714286,-0.971429,0.828571,-0.923810,0.676190,-0.819048,0.580952,-0.523810,0.857143,-0.780952,0.933333,-0.752381,0.809524,-0.666667,0.714286,-0.314286,0.914286,-0.561905,1.000000,-0.552381,0.885714,-0.466667,0.780952,-0.133333,0.914286,-0.323810,0.990476,-0.342857,0.895238,-0.285714,0.800000
0.000000,0.000000,0.000000,-0.477477,0.036036,-0.765766,0.243243,-0.936937,0.441441,-1.000000,0.558559,-0.693694,0.666667,-0.981982,0.684685,-0.927928,0.522523,-0.792793,0.450450,-0.504505,0.792793,-0.801802,0.783784,-0.774775,0.648649,-0.666667,0.585586,-0.324324,0.828829,-0.612613,0.846847,-0.603604,0.729730,-0.495495,0.639640,-0.180180,0.828829,-0.405405,0.855856,-0.414414,0.756757,-0.342342,0.684685
0.000000,0.000000,0.000000,-0.456897,-0.034483,-0.775862,0.137931,-0.974138,0.336207,-1.000000,0.474138,-0.689655,0.586207,-1.000000,0.560345,-0.931035,0.396552,-0.801724,0.344828,-0.508621,0.724138,-0.836207,0.689655,-0.793103,0.543103,-0.681035,0.500000,-0.344828,0.775862,-0.655172,0.758621,-0.637931,0.637931,-0.525862,0.577586,-0.224138,0.775862,-0.456897,0.784483,-0.456897,0.681035,-0.370690,0.629310
0.000000,0.000000,0.000000,-0.419355,-0.056452,-0.725806,0.072581,-0.919355,0.250000,-1.000000,0.354839,-0.693548,0.483871,-0.983871,0.451613,-0.903226,0.306452,-0.790323,0.266129,-0.532258,0.637097,-0.846774,0.596774,-0.798387,0.467742,-0.685484,0.427419,-0.387097,0.701613,-0.677419,0.685484,-0.653226,0.572581,-0.548387,0.524194,-0.266129,0.717742,-0.491935,0.717742,-0.483871,0.620968,-0.403226,0.572581
0.000000,0.000000,0.000000,-0.398438,-0.085938,-0.703125,0.015625,-0.898438,0.179688,-1.000000,0.250000,-0.695312,0.421875,-1.000000,0.390625,-0.929688,0.257812,-0.812500,0.203125,-0.554688,0.585938,-0.882812,0.554688,-0.835938,0.421875,-0.726562,0.382812,-0.421875,0.671875,-0.726562,0.648438,-0.703125,0.531250,-0.609375,0.484375,-0.312500,0.703125,-0.554688,0.687500,-0.554688,0.593750,-0.476562,0.554688
0.000000,0.000000,0.000000,-0.398496,-0.097744,-0.721804,-0.022556,-0.909774,0.120301,-0.992481,0.195489,-0.714286,0.375940,-1.000000,0.308271,-0.924812,0.172932,-0.812030,0.127820,-0.578947,0.541353,-0.894737,0.466165,-0.842105,0.338346,-0.721804,0.308271,-0.458647,0.631579,-0.751880,0.578947,-0.721804,0.466165,-0.609023,0.421053,-0.345865,0.661654,-0.578947,0.631579,-0.571429,0.533835,-0.488722,0.496241
0.000000,0.000000,0.000000,-0.395683,-0.122302,-0.719424,-0.071942,-0.920863,0.071942,-1.000000,0.151079,-0.705036,0.323741,-1.000000,0.244604,-0.899281,0.129496,-0.769784,0.100719,-0.589928,0.496403,-0.899281,0.402878,-0.834532,0.287770,-0.712230,0.266187,-0.474820,0.589928,-0.762590,0.517986,-0.719424,0.417266,-0.604317,0.388489,-0.366906,0.633094,-0.597122,0.582734,-0.575540,0.489209,-0.482014,0.467626
0.000000,0.000000,0.000000,-0.368794,-0.170213,-0.695035,-0.127660,-0.929078,0.021277,-0.985816,0.127660,-0.709220,0.269504,-1.000000,0.191489,-0.886525,0.078014,-0.751773,0.063830,-0.602837,0.446809,-0.900709,0.347518,-0.829787,0.241135,-0.702128,0.234043,-0.496454,0.553191,-0.773050,0.468085,-0.730496,0.368794,-0.617021,0.354610,-0.390071,0.609929,-0.617021,0.539007,-0.588652,0.453901,-0.489362,0.432624
0.000000,0.000000,0.000000,-0.361702,-0.156028,-0.680851,-0.120567,-0.914894,0.007092,-1.000000,0.106383,-0.702128,0.248227,-1.000000,0.170213,-0.886525,0.056738,-0.744681,0.035461,-0.609929,0.432624,-0.914894,0.319149,-0.843972,0.212766,-0.723404,0.198582,-0.510638,0.546099,-0.801418,0.439716,-0.758865,0.340426,-0.652482,0.312057,-0.404255,0.609929,-0.638298,0.531915,-0.617021,0.439716,-0.531915,0.411348
0.000000,0.000000,0.000000,-0.361111,-0.152778,-0.680556,-0.111111,-0.916667,0.020833,-1.000000,0.118056,-0.708333,0.243056,-0.993056,0.173611,-0.881944,0.062500,-0.750000,0.034722,-0.611111,0.430556,-0.902778,0.312500,-0.833333,0.215278,-0.715278,0.194444,-0.506944,0.541667,-0.784722,0.444444,-0.750000,0.340278,-0.645833,0.312500,-0.395833,0.611111,-0.618056,0.534722,-0.597222,0.444444,-0.527778,0.416667
0.000000,0.000000,0.000000,-0.368056,-0.145833,-0.673611,-0.090278,-0.909722,0.020833,-1.000000,0.097222,-0.722222,0.256944,-0.986111,0.194444,-0.881944,0.097222,-0.750000,0.076389,-0.618056,0.437500,-0.902778,0.340278,-0.833333,0.243056,-0.722222,0.229167,-0.506944,0.548611,-0.777778,0.458333,-0.743056,0.361111,-0.638889,0.333333,-0.395833,0.618056,-0.611111,0.541667,-0.590278,0.458333,-0.520833,0.430556
0.000000,0.000000,0.000000,-0.373239,-0.154930,-0.725352,-0.098592,-0.964789,0.035211,-0.992958,0.154930,-0.753521,0.267606,-1.000000,0.197183,-0.880282,0.098592,-0.753521,0.084507,-0.640845,0.443662,-0.901408,0.352113,-0.823944,0.260563,-0.704225,0.253521,-0.521127,0.563380,-0.767606,0.471831,-0.711268,0.380282,-0.605634,0.359155,-0.408451,0.626761,-0.612676,0.549296,-0.577465,0.464789,-0.485915,0.450704
0.000000,0.000000,0.000000,-0.380282,-0.154930,-0.718310,-0.084507,-0.950704,0.063380,-1.000000,0.190141,-0.767606,0.274648,-0.985915,0.232394,-0.873239,0.133803,-0.753521,0.119718,-0.633803,0.450704,-0.873239,0.387324,-0.795775,0.295775,-0.676056,0.281690,-0.500000,0.563380,-0.725352,0.507042,-0.669014,0.415493,-0.556338,0.394366,-0.380282,0.626761,-0.570423,0.570423,-0.521127,0.492958,-0.422535,0.471831
0.000000,0.000000,0.000000,-0.413043,-0.108696,-0.739130,-0.036232,-0.913043,0.152174,-0.949275,0.304348,-0.775362,0.318841,-1.000000,0.304348,-0.891304,0.195652,-0.768116,0.166667,-0.630435,0.500000,-0.855072,0.456522,-0.789855,0.355072,-0.681159,0.326087,-0.478261,0.608696,-0.688406,0.557971,-0.637681,0.471014,-0.536232,0.434783,-0.333333,0.659420,-0.528986,0.623188,-0.485507,0.536232,-0.398551,0.507246
0.000000,0.000000,0.000000,-0.447154,-0.040650,-0.764228,0.105691,-0.910569,0.325203,-0.918699,0.504065,-0.796748,0.455285,-1.000000,0.544715,-0.918699,0.430894,-0.821138,0.365854,-0.609756,0.626016,-0.821138,0.674797,-0.772358,0.569106,-0.674797,0.504065,-0.414634,0.723577,-0.617886,0.747967,-0.585366,0.658537,-0.487805,0.601626,-0.235772,0.764228,-0.430894,0.780488,-0.406504,0.699187,-0.325203,0.642276
0.000000,0.000000,0.000000,-0.500000,0.009615,-0.807692,0.250000,-0.932692,0.538462,-0.903846,0.750000,-0.855769,0.634615,-1.000000,0.846154,-0.923077,0.740385,-0.846154,0.644231,-0.615385,0.798077,-0.759615,0.951923,-0.711538,0.836538,-0.634615,0.730769,-0.365385,0.884615,-0.519231,0.990385,-0.490385,0.894231,-0.403846,0.798077,-0.144231,0.913462,-0.298077,0.990385,-0.278846,0.894231,-0.211538,0.807692
0.000000,0.000000,0.000000,-0.391667,0.116667,-0.575000,0.391667,-0.600000,0.650000,-0.541667,0.825000,-0.583333,0.725000,-0.608333,0.983333,-0.583333,0.875000,-0.558333,0.758333,-0.358333,0.800000,-0.408333,1.000000,-0.391667,0.900000,-0.366667,0.783333,-0.125000,0.816667,-0.200000,0.975000,-0.200000,0.891667,-0.166667,0.791667,0.075000,0.791667,-0.033333,0.925000,-0.033333,0.833333,0.000000,0.750000
0.000000,0.000000,0.000000,-0.298507,0.186567,-0.365672,0.455224,-0.335821,0.686567,-0.238806,0.798507,-0.358209,0.761194,-0.268657,1.000000,-0.238806,0.932836,-0.238806,0.843284,-0.156716,0.783582,-0.097015,0.970149,-0.074627,0.880597,-0.089552,0.791045,0.044776,0.746269,0.059701,0.902985,0.059701,0.820895,0.052239,0.723881,0.223881,0.671642,0.194030,0.798507,0.179104,0.723881,0.171642,0.634328
0.000000,0.000000,0.000000,-0.248175,0.204380,-0.284672,0.474453,-0.248175,0.708029,-0.175182,0.824818,-0.226277,0.766423,-0.124088,1.000000,-0.087591,0.948905,-0.087591,0.883212,-0.043796,0.766423,0.058394,0.941606,0.058394,0.854015,0.036496,0.773723,0.145985,0.708029,0.197080,0.861314,0.182482,0.781022,0.153285,0.686131,0.299270,0.605839,0.299270,0.729927,0.277372,0.656934,0.248175,0.576642
0.000000,0.000000,0.000000,-0.242647,0.250000,-0.242647,0.514706,-0.191176,0.750000,-0.125000,0.882353,-0.169118,0.779412,-0.066176,1.000000,-0.036765,0.955882,-0.036765,0.911765,0.029412,0.750000,0.110294,0.926471,0.110294,0.838235,0.080882,0.750000,0.213235,0.676471,0.250000,0.830882,0.220588,0.750000,0.198529,0.647059,0.352941,0.566176,0.345588,0.683824,0.308824,0.610294,0.279412,0.522059
0.000000,0.000000,0.000000,-0.235294,0.257353,-0.227941,0.514706,-0.161765,0.735294,-0.080882,0.860294,-0.132353,0.786765,-0.036765,1.000000,-0.014706,0.970588,-0.007353,0.926471,0.058824,0.757353,0.139706,0.919118,0.117647,0.830882,0.088235,0.750000,0.235294,0.669118,0.257353,0.801471,0.220588,0.720588,0.198529,0.632353,0.375000,0.558824,0.352941,0.654412,0.308824,0.580882,0.272059,0.500000
0.000000,0.000000,0.000000,-0.227941,0.264706,-0.220588,0.522059,-0.139706,0.757353,-0.058824,0.875000,-0.102941,0.808824,0.007353,1.000000,0.014706,0.948529,0.007353,0.882353,0.095588,0.764706,0.147059,0.919118,0.125000,0.823529,0.088235,0.750000,0.264706,0.669118,0.272059,0.801471,0.235294,0.727941,0.213235,0.632353,0.404412,0.551471,0.367647,0.647059,0.316176,0.580882,0.286765,0.500000
0.000000,0.000000,0.000000,-0.240876,0.270073,-0.233577,0.547445,-0.160584,0.788321,-0.080292,0.912409,-0.109489,0.810219,-0.007299,1.000000,-0.021898,0.919708,-0.051095,0.846715,0.080292,0.766423,0.124088,0.912409,0.094891,0.824818,0.058394,0.751825,0.248175,0.664234,0.240876,0.788321,0.204380,0.715328,0.182482,0.627737,0.386861,0.554745,0.343066,0.649635,0.291971,0.583942,0.262774,0.503650
0.000000,0.000000,0.000000,-0.275362,0.260870,-0.275362,0.550725,-0.202899,0.789855,-0.086957,0.876812,-0.123188,0.811594,-0.094203,1.000000,-0.144928,0.891304,-0.159420,0.797101,0.079710,0.775362,0.043478,0.934783,-0.007246,0.847826,-0.021739,0.753623,0.239130,0.688406,0.181159,0.826087,0.130435,0.753623,0.123188,0.659420,0.355072,0.579710,0.289855,0.702899,0.239130,0.637681,0.224638,0.557971
0.000000,0.000000,0.000000,-0.325926,0.274074,-0.362963,0.570370,-0.325926,0.822222,-0.244444,0.940741,-0.251852,0.822222,-0.318519,1.000000,-0.348148,0.874074,-0.325926,0.777778,-0.044444,0.814815,-0.170370,0.970370,-0.207407,0.844444,-0.177778,0.755556,0.118519,0.755556,-0.007407,0.896296,-0.051852,0.792593,-0.037037,0.674074,0.251852,0.681481,0.148148,0.792593,0.088889,0.696296,0.103704,0.592593
0.000000,0.000000,0.000000,-0.412698,0.182540,-0.539683,0.468254,-0.579365,0.738095,-0.531746,0.896825,-0.515873,0.801587,-0.690476,0.968254,-0.674603,0.825397,-0.611111,0.730159,-0.301587,0.880952,-0.523810,1.000000,-0.523810,0.873016,-0.468254,0.777778,-0.126984,0.880952,-0.333333,1.000000,-0.349206,0.888889,-0.293651,0.769841,0.015873,0.849206,-0.142857,0.944444,-0.174603,0.857143,-0.134921,0.761905
0.000000,0.000000,0.000000,-0.389381,0.115044,-0.646018,0.380531,-0.787611,0.601770,-0.831858,0.734513,-0.601770,0.840708,-1.000000,0.876106,-0.982301,0.707965,-0.858407,0.601770,-0.504425,0.946903,-0.902655,0.946903,-0.893805,0.778761,-0.778761,0.690265,-0.433628,0.955752,-0.814159,0.991150,-0.814159,0.823009,-0.707965,0.716814,-0.398230,0.920354,-0.699115,0.955752,-0.716814,0.823009,-0.646018,0.725664
0.000000,0.000000,0.000000,-0.391304,0.007246,-0.681159,0.137681,-0.884058,0.289855,-1.000000,0.369565,-0.630435,0.550725,-0.949275,0.528986,-0.891304,0.369565,-0.775362,0.289855,-0.492754,0.695652,-0.818841,0.637681,-0.789855,0.492754,-0.681159,0.420290,-0.384058,0.746377,-0.695652,0.717391,-0.673913,0.594203,-0.572464,0.521739,-0.297101,0.739130,-0.543478,0.739130,-0.543478,0.644928,-0.456522,0.586957
0.000000,0.000000,0.000000,-0.358621,-0.041379,-0.662069,0.048276,-0.896552,0.151724,-1.000000,0.234483,-0.579310,0.475862,-0.924138,0.406897,-0.834483,0.248276,-0.703448,0.213793,-0.475862,0.620690,-0.820690,0.517241,-0.751724,0.372414,-0.641379,0.344828,-0.393103,0.675862,-0.724138,0.586207,-0.675862,0.455172,-0.572414,0.420690,-0.337931,0.675862,-0.600000,0.613793,-0.565517,0.524138,-0.475862,0.503448
0.000000,0.000000,0.000000,-0.354610,-0.049645,-0.702128,0.035461,-0.964539,0.141844,-1.000000,0.248227,-0.567376,0.510638,-0.936170,0.382979,-0.829787,0.234043,-0.695035,0.219858,-0.475177,0.638298,-0.851064,0.482269,-0.758865,0.340426,-0.638298,0.340426,-0.404255,0.687943,-0.758865,0.553191,-0.695035,0.425532,-0.581560,0.418440,-0.368794,0.680851,-0.645390,0.581560,-0.602837,0.489362,-0.517730,0.482269
0.000000,0.000000,0.000000,-0.321429,-0.057143,-0.671429,0.035714,-0.935714,0.121429,-1.000000,0.185714,-0.550000,0.535714,-0.914286,0.385714,-0.814286,0.228571,-0.692857,0.207143,-0.464286,0.650000,-0.828571,0.471429,-0.750000,0.321429,-0.628571,0.314286,-0.400000,0.685714,-0.742857,0.528571,-0.685714,0.385714,-0.585714,0.371429,-0.371429,0.664286,-0.642857,0.557143,-0.600000,0.457143,-0.500000,0.450000
0.000000,0.000000,0.000000,-0.411290,-0.024194,-0.750000,0.120968,-0.975806,0.258065,-1.000000,0.370968,-0.548387,0.637097,-0.927419,0.524194,-0.870968,0.346774,-0.741935,0.298387,-0.387097,0.758065,-0.774194,0.653226,-0.741935,0.483871,-0.620968,0.427419,-0.258065,0.790323,-0.612903,0.717742,-0.596774,0.564516,-0.483871,0.500000,-0.169355,0.758065,-0.451613,0.733871,-0.451613,0.620968,-0.370968,0.564516
0.000000,0.000000,0.000000,-0.307018,0.105263,-0.482456,0.403509,-0.561404,0.692982,-0.526316,0.894737,-0.482456,0.859649,-0.412281,1.000000,-0.350877,0.894737,-0.324561,0.798246,-0.289474,0.894737,-0.254386,1.000000,-0.210526,0.877193,-0.166667,0.771930,-0.105263,0.850877,-0.105263,0.956140,-0.061404,0.868421,-0.026316,0.763158,0.052632,0.780702,0.061404,0.885965,0.070175,0.798246,0.078947,0.710526
0.000000,0.000000,0.000000,-0.242647,0.264706,-0.250000,0.551471,-0.154412,0.750000,-0.044118,0.838235,-0.088235,0.860294,-0.022059,1.000000,-0.007353,0.919118,-0.029412,0.823529,0.110294,0.830882,0.132353,0.919118,0.117647,0.830882,0.080882,0.750000,0.272059,0.727941,0.272059,0.801471,0.242647,0.735294,0.205882,0.647059,0.397059,0.595588,0.389706,0.669118,0.352941,0.610294,0.308824,0.536765
0.000000,0.000000,0.000000,-0.260870,0.282609,-0.231884,0.572464,-0.152174,0.789855,-0.057971,0.884058,-0.036232,0.847826,-0.065217,1.000000,-0.108696,0.876812,-0.123188,0.775362,0.166667,0.818841,0.086957,0.920290,0.028986,0.818841,0.014493,0.731884,0.318841,0.717391,0.231884,0.811594,0.173913,0.724638,0.159420,0.615942,0.420290,0.601449,0.355072,0.681159,0.297101,0.615942,0.268116,0.528986
0.000000,0.000000,0.000000,-0.255474,0.262774,-0.240876,0.547445,-0.145985,0.766423,-0.029197,0.832117,-0.109489,0.846715,-0.036496,1.000000,-0.065693,0.890511,-0.094891,0.788321,0.102190,0.802920,0.094891,0.897810,0.058394,0.781022,0.036496,0.693431,0.270073,0.708029,0.233577,0.773723,0.197080,0.686131,0.175182,0.576642,0.408759,0.591241,0.364964,0.664234,0.313869,0.583942,0.291971,0.489051
0.000000,0.000000,0.000000,-0.270073,0.240876,-0.291971,0.510949,-0.262774,0.729927,-0.189781,0.824818,-0.160584,0.810219,-0.167883,1.000000,-0.182482,0.905109,-0.189781,0.788321,0.043796,0.802920,0.000000,0.912409,-0.029197,0.795620,-0.043796,0.700730,0.211679,0.729927,0.153285,0.824818,0.116788,0.729927,0.109489,0.620438,0.343066,0.635036,0.299270,0.715328,0.255474,0.635036,0.233577,0.540146
0.000000,0.000000,0.000000,-0.284672,0.240876,-0.313869,0.510949,-0.255474,0.737226,-0.145985,0.824818,-0.328467,0.817518,-0.306569,1.000000,-0.284672,0.897810,-0.277372,0.788321,-0.124088,0.846715,-0.124088,0.948905,-0.124088,0.839416,-0.131387,0.744526,0.065693,0.795620,0.043796,0.875912,0.036496,0.766423,0.029197,0.664234,0.233577,0.715328,0.211679,0.781022,0.182482,0.686131,0.167883,0.583942
0.000000,0.000000,0.000000,-0.346154,0.184615,-0.430769,0.438462,-0.423077,0.684615,-0.346154,0.815385,-0.438462,0.823077,-0.469231,1.000000,-0.446154,0.892308,-0.423077,0.776923,-0.230769,0.884615,-0.276923,0.984615,-0.269231,0.861538,-0.253846,0.753846,-0.023077,0.853846,-0.076923,0.930769,-0.092308,0.823077,-0.076923,0.707692,0.146154,0.784615,0.107692,0.861538,0.084615,0.761538,0.092308,0.653846
0.000000,0.000000,0.000000,-0.387097,0.185484,-0.524194,0.451613,-0.564516,0.709677,-0.524194,0.838710,-0.483871,0.830645,-0.540323,1.000000,-0.532258,0.862903,-0.516129,0.766129,-0.266129,0.879032,-0.362903,1.000000,-0.370968,0.862903,-0.346774,0.774194,-0.056452,0.854839,-0.169355,0.943548,-0.177419,0.838710,-0.153226,0.725806,0.120968,0.790323,0.016129,0.879032,-0.008065,0.782258,0.008065,0.677419
0.000000,0.000000,0.000000,-0.362205,0.165354,-0.480315,0.425197,-0.511811,0.677165,-0.480315,0.811024,-0.472441,0.779528,-0.480315,1.000000,-0.464567,0.897638,-0.448819,0.795276,-0.259843,0.826772,-0.307087,0.992126,-0.307087,0.881890,-0.299213,0.795276,-0.047244,0.811024,-0.133858,0.929134,-0.133858,0.826772,-0.110236,0.724409,0.125984,0.755906,0.031496,0.850394,0.023622,0.755906,0.031496,0.661417
0.000000,0.000000,0.000000,-0.351145,0.183206,-0.458015,0.488550,-0.458015,0.748092,-0.381679,0.900763,-0.412214,0.763359,-0.435115,1.000000,-0.427481,0.900763,-0.412214,0.793893,-0.190840,0.801527,-0.259542,0.984733,-0.274809,0.893130,-0.259542,0.801527,0.007634,0.770992,-0.076336,0.908397,-0.099237,0.832061,-0.076336,0.732824,0.175573,0.725191,0.076336,0.824427,0.053435,0.748092,0.068702,0.656489
0.000000,0.000000,0.000000,-0.363636,0.204545,-0.500000,0.537879,-0.537879,0.833333,-0.439394,0.984848,-0.265152,0.757576,-0.393939,1.000000,-0.424242,0.856061,-0.393939,0.757576,-0.060606,0.772727,-0.227273,0.969697,-0.280303,0.863636,-0.257576,0.772727,0.098485,0.742424,-0.075758,0.901515,-0.128788,0.818182,-0.098485,0.727273,0.212121,0.696970,0.060606,0.818182,0.015152,0.750000,0.037879,0.674242
0.000000,0.000000,0.000000,-0.381679,0.213740,-0.519084,0.549618,-0.572519,0.839695,-0.480916,0.977099,-0.083969,0.740458,-0.389313,0.992366,-0.442748,0.801527,-0.366412,0.679389,0.091603,0.778626,-0.251908,1.000000,-0.312977,0.854962,-0.244275,0.763359,0.167939,0.778626,-0.137405,0.961832,-0.198473,0.839695,-0.137405,0.740458,0.206107,0.763359,-0.045802,0.885496,-0.083969,0.793893,-0.030534,0.709924
0.000000,0.000000,0.000000,-0.246377,0.224638,-0.369565,0.557971,-0.449275,0.826087,-0.405797,1.000000,0.123188,0.753623,-0.260870,0.934783,-0.304348,0.702899,-0.210145,0.594203,0.181159,0.746377,-0.195652,0.905797,-0.231884,0.695652,-0.130435,0.594203,0.181159,0.731884,-0.152174,0.891304,-0.195652,0.695652,-0.101449,0.615942,0.173913,0.717391,-0.072464,0.811594,-0.108696,0.695652,-0.028986,0.630435
0.000000,0.000000,0.000000,-0.148438,0.195312,-0.242188,0.515625,-0.359375,0.804688,-0.398438,1.000000,0.210938,0.812500,-0.164062,0.968750,-0.210938,0.750000,-0.101562,0.664062,0.156250,0.804688,-0.203125,0.945312,-0.242188,0.718750,-0.132812,0.640625,0.078125,0.789062,-0.226562,0.914062,-0.265625,0.703125,-0.148438,0.648438,0.000000,0.773438,-0.203125,0.851562,-0.250000,0.734375,-0.164062,0.679688
0.000000,0.000000,0.000000,0.034483,0.163793,0.008621,0.465517,-0.129310,0.767241,-0.232759,0.922414,0.370690,0.844828,-0.008621,1.000000,-0.086207,0.741379,0.000000,0.620690,0.215517,0.896552,-0.137931,0.982759,-0.215517,0.698276,-0.103448,0.594828,0.051724,0.905172,-0.241379,0.965517,-0.301724,0.689655,-0.189655,0.603448,-0.086207,0.879310,-0.301724,0.956897,-0.344828,0.775862,-0.258621,0.672414
0.000000,0.000000,0.000000,0.157025,0.157025,0.173554,0.462810,0.024793,0.768595,-0.074380,0.975207,0.347107,0.892562,0.066116,1.000000,0.057851,0.768595,0.140496,0.677686,0.123967,0.876033,-0.148760,0.958678,-0.107438,0.669421,-0.016529,0.652893,-0.090909,0.809917,-0.322314,0.867769,-0.256198,0.595041,-0.157025,0.595041,-0.272727,0.727273,-0.429752,0.752066,-0.371901,0.570248,-0.289256,0.553719
0.000000,0.000000,0.000000,0.185484,0.209677,0.233871,0.548387,0.080645,0.830645,-0.120968,0.983871,0.217742,0.846774,0.153226,1.000000,0.193548,0.838710,0.217742,0.782258,0.000000,0.814516,-0.120968,0.959677,-0.040323,0.677419,0.016129,0.693548,-0.193548,0.733871,-0.330645,0.854839,-0.225806,0.604839,-0.153226,0.612903,-0.362903,0.637097,-0.467742,0.701613,-0.379032,0.548387,-0.306452,0.540323
0.000000,0.000000,0.000000,0.195312,0.203125,0.273438,0.546875,0.156250,0.843750,-0.054688,0.984375,0.164062,0.898438,0.117188,1.000000,0.156250,0.750000,0.164062,0.726562,-0.039062,0.851562,-0.109375,0.960938,-0.023438,0.640625,0.000000,0.703125,-0.226562,0.757812,-0.312500,0.828125,-0.195312,0.562500,-0.156250,0.609375,-0.398438,0.632812,-0.445312,0.671875,-0.351562,0.507812,-0.304688,0.523438
0.000000,0.000000,0.000000,0.219697,0.196970,0.310606,0.537879,0.204545,0.848485,-0.015152,0.984848,0.159091,0.871212,0.136364,1.000000,0.166667,0.757576,0.151515,0.742424,-0.030303,0.825758,-0.068182,0.946970,0.015152,0.643939,0.015152,0.689394,-0.204545,0.734848,-0.257576,0.825758,-0.143939,0.560606,-0.128788,0.590909,-0.378788,0.613636,-0.386364,0.666667,-0.287879,0.500000,-0.272727,0.507576
0.000000,0.000000,0.000000,0.235294,0.191176,0.345588,0.544118,0.272059,0.845588,0.088235,0.992647,0.161765,0.860294,0.147059,1.000000,0.183824,0.764706,0.169118,0.735294,-0.022059,0.816176,-0.036765,0.948529,0.051471,0.639706,0.029412,0.676471,-0.198529,0.720588,-0.220588,0.830882,-0.102941,0.558824,-0.110294,0.580882,-0.367647,0.602941,-0.345588,0.676471,-0.257353,0.500000,-0.257353,0.492647
0.000000,0.000000,0.000000,0.232394,0.169014,0.366197,0.514085,0.352113,0.816901,0.197183,0.957747,0.183099,0.809859,0.154930,1.000000,0.197183,0.753521,0.197183,0.683099,0.000000,0.788732,-0.021127,0.964789,0.063380,0.669014,0.049296,0.640845,-0.169014,0.718310,-0.197183,0.866197,-0.098592,0.591549,-0.098592,0.556338,-0.345070,0.612676,-0.330986,0.718310,-0.232394,0.542253,-0.225352,0.500000
0.000000,0.000000,0.000000,0.260000,0.166667,0.433333,0.480000,0.473333,0.760000,0.360000,0.920000,0.206667,0.760000,0.173333,1.000000,0.200000,0.766667,0.200000,0.620000,0.026667,0.753333,-0.020000,1.000000,0.046667,0.713333,0.066667,0.580000,-0.146667,0.700000,-0.200000,0.933333,-0.113333,0.673333,-0.086667,0.533333,-0.306667,0.606667,-0.340000,0.780000,-0.246667,0.606667,-0.220000,0.500000
0.000000,0.000000,0.000000,0.250000,0.152439,0.420732,0.408537,0.500000,0.652439,0.463415,0.841463,0.170732,0.695122,0.170732,0.963415,0.170732,0.798781,0.158537,0.634146,0.012195,0.701219,-0.024390,1.000000,0.018293,0.798781,0.042683,0.634146,-0.134146,0.670732,-0.182927,0.945122,-0.121951,0.762195,-0.091463,0.597561,-0.286585,0.591463,-0.317073,0.798781,-0.250000,0.682927,-0.213415,0.548781
0.000000,0.000000,0.000000,0.241379,0.120690,0.413793,0.362069,0.505747,0.586207,0.540230,0.770115,0.166667,0.689655,0.155172,0.977012,0.149425,0.994253,0.155172,0.879310,0.000000,0.689655,-0.028736,1.000000,-0.040230,0.971264,-0.017241,0.839080,-0.149425,0.655172,-0.183908,0.948276,-0.183908,0.948276,-0.160920,0.850575,-0.281609,0.586207,-0.316092,0.821839,-0.327586,0.885057,-0.321839,0.873563
0.000000,0.000000,0.000000,0.163347,0.103586,0.286853,0.274900,0.362550,0.422311,0.434263,0.525896,0.091633,0.494024,0.111554,0.697211,0.119522,0.820717,0.119522,0.928287,-0.019920,0.501992,-0.031873,0.737052,-0.039841,0.884462,-0.047809,1.000000,-0.123506,0.474104,-0.159363,0.693227,-0.179283,0.832669,-0.187251,0.948207,-0.219124,0.406375,-0.270916,0.577689,-0.294821,0.689243,-0.310757,0.788845
0.000000,0.000000,0.000000,0.150376,0.105263,0.266917,0.274436,0.349624,0.406015,0.432331,0.488722,0.078947,0.496241,0.109023,0.699248,0.124060,0.823308,0.131579,0.928571,-0.030075,0.503759,-0.041353,0.733083,-0.048872,0.879699,-0.052632,1.000000,-0.131579,0.473684,-0.169173,0.680451,-0.191729,0.812030,-0.206767,0.924812,-0.218045,0.409774,-0.274436,0.560150,-0.304511,0.661654,-0.327068,0.755639
0.000000,0.000000,0.000000,0.153558,0.108614,0.277154,0.273408,0.367041,0.400749,0.456929,0.479401,0.093633,0.501873,0.134831,0.704120,0.153558,0.831461,0.161049,0.932584,-0.018727,0.513109,-0.026217,0.741573,-0.033708,0.887640,-0.041199,1.000000,-0.119850,0.483146,-0.157303,0.696629,-0.179775,0.827715,-0.194757,0.936330,-0.213483,0.415730,-0.269663,0.565543,-0.303371,0.662921,-0.322097,0.749064
0.000000,0.000000,0.000000,0.150943,0.116981,0.279245,0.271698,0.377358,0.392453,0.475472,0.467925,0.094340,0.501887,0.135849,0.701887,0.158491,0.830189,0.166038,0.935849,-0.018868,0.513208,-0.033962,0.739623,-0.041509,0.883019,-0.049057,1.000000,-0.120755,0.479245,-0.162264,0.690566,-0.184906,0.818868,-0.200000,0.928302,-0.211321,0.411321,-0.275472,0.554717,-0.313208,0.649057,-0.339623,0.732075
0.000000,0.000000,0.000000,0.152672,0.118321,0.282443,0.270992,0.381679,0.393130,0.480916,0.465649,0.095420,0.503817,0.137405,0.709924,0.160305,0.835878,0.167939,0.942748,-0.019084,0.515267,-0.034351,0.740458,-0.045802,0.881679,-0.053435,1.000000,-0.122137,0.480916,-0.171756,0.690840,-0.194656,0.820611,-0.209924,0.935115,-0.213740,0.412214,-0.286260,0.561069,-0.324427,0.656489,-0.354962,0.744275
0.000000,0.000000,0.000000,0.153846,0.115385,0.284615,0.269231,0.392308,0.388462,0.488462,0.457692,0.100000,0.503846,0.142308,0.707692,0.165385,0.834615,0.173077,0.942308,-0.015385,0.511538,-0.034615,0.738462,-0.042308,0.880769,-0.053846,1.000000,-0.123077,0.476923,-0.169231,0.688462,-0.196154,0.819231,-0.211538,0.934615,-0.215385,0.411538,-0.288462,0.553846,-0.326923,0.650000,-0.357692,0.738462
0.000000,0.000000,0.000000,0.158301,0.111969,0.289575,0.262548,0.393822,0.378378,0.494208,0.455598,0.104247,0.498069,0.150579,0.702703,0.169884,0.830116,0.177606,0.938224,-0.011583,0.509652,-0.027027,0.733591,-0.038610,0.880309,-0.050193,1.000000,-0.115830,0.474903,-0.166023,0.683398,-0.193050,0.814672,-0.212355,0.930502,-0.212355,0.409266,-0.285714,0.555985,-0.324324,0.648649,-0.355212,0.737452
0.000000,0.000000,0.000000,0.154440,0.111969,0.285714,0.262548,0.389961,0.378378,0.490348,0.451737,0.100386,0.494208,0.146718,0.698842,0.169884,0.830116,0.173745,0.934363,-0.015444,0.505791,-0.030888,0.733591,-0.042471,0.880309,-0.057915,1.000000,-0.119691,0.471042,-0.169884,0.679537,-0.200772,0.810811,-0.223938,0.926641,-0.212355,0.401544,-0.285714,0.548263,-0.328185,0.640927,-0.359073,0.729730
0.000000,0.000000,0.000000,0.151163,0.112403,0.282946,0.259690,0.391473,0.375969,0.492248,0.449612,0.104651,0.492248,0.151163,0.697674,0.170543,0.829457,0.178295,0.934109,-0.015504,0.503876,-0.031008,0.732558,-0.042636,0.879845,-0.058140,1.000000,-0.120155,0.468992,-0.170543,0.678295,-0.201550,0.810078,-0.224806,0.926357,-0.213178,0.399225,-0.286822,0.546512,-0.329457,0.643411,-0.360465,0.728682
0.000000,0.000000,0.000000,0.155039,0.104651,0.290698,0.251938,0.399225,0.372093,0.500000,0.445736,0.112403,0.488372,0.162791,0.693798,0.182171,0.821705,0.189922,0.930233,-0.003876,0.500000,-0.019380,0.728682,-0.031008,0.875969,-0.042636,1.000000,-0.108527,0.468992,-0.158915,0.678295,-0.189922,0.810078,-0.209302,0.926357,-0.205426,0.399225,-0.275194,0.546512,-0.317829,0.639535,-0.344961,0.728682
0.000000,0.000000,0.000000,0.163424,0.112840,0.299611,0.260700,0.408560,0.377432,0.505837,0.451362,0.116732,0.490272,0.167315,0.692607,0.190661,0.824903,0.198444,0.929961,0.000000,0.501945,-0.011673,0.731517,-0.027237,0.879377,-0.038911,1.000000,-0.105058,0.466926,-0.155642,0.680934,-0.186770,0.813230,-0.210117,0.929961,-0.198444,0.396887,-0.272374,0.548638,-0.315175,0.645914,-0.346303,0.731517
0.000000,0.000000,0.000000,0.159533,0.108949,0.295720,0.252918,0.404669,0.369650,0.505837,0.443580,0.124514,0.486381,0.171206,0.688716,0.194553,0.821012,0.198444,0.929961,0.003891,0.494163,-0.007782,0.723735,-0.023346,0.875486,-0.038911,1.000000,-0.101167,0.459144,-0.151751,0.673152,-0.182879,0.809339,-0.210117,0.926070,-0.198444,0.389105,-0.268482,0.544747,-0.311284,0.638132,-0.346303,0.727626
0.000000,0.000000,0.000000,0.164062,0.109375,0.304688,0.257812,0.414062,0.371094,0.515625,0.445312,0.132812,0.484375,0.179688,0.687500,0.203125,0.820312,0.210938,0.929688,0.011719,0.496094,0.000000,0.726562,-0.011719,0.875000,-0.027344,1.000000,-0.093750,0.460938,-0.144531,0.675781,-0.179688,0.812500,-0.203125,0.929688,-0.191406,0.390625,-0.261719,0.542969,-0.308594,0.640625,-0.339844,0.730469
0.000000,0.000000,0.000000,0.165354,0.106299,0.307087,0.255906,0.417323,0.374016,0.519685,0.444882,0.129921,0.484252,0.181102,0.688976,0.204724,0.822835,0.212598,0.933071,0.007874,0.496063,-0.003937,0.724409,-0.015748,0.874016,-0.031496,1.000000,-0.098425,0.456693,-0.153543,0.669291,-0.185039,0.807087,-0.212598,0.925197,-0.196850,0.385827,-0.267717,0.539370,-0.311024,0.637795,-0.346457,0.724409
0.000000,0.000000,0.000000,0.166008,0.106719,0.308300,0.252964,0.422925,0.367589,0.525692,0.438735,0.138340,0.478261,0.185771,0.683794,0.213439,0.818182,0.221344,0.928854,0.015810,0.490119,0.003953,0.723320,-0.007905,0.873518,-0.027668,1.000000,-0.094862,0.454545,-0.146245,0.667984,-0.181818,0.806324,-0.205534,0.924901,-0.189723,0.383399,-0.260870,0.537549,-0.308300,0.632411,-0.343874,0.723320
0.000000,0.000000,0.000000,0.171315,0.107570,0.314741,0.250996,0.430279,0.362550,0.537849,0.434263,0.139442,0.478088,0.191235,0.685259,0.219124,0.816733,0.227092,0.928287,0.015936,0.486056,0.003984,0.721116,-0.007968,0.872510,-0.023904,1.000000,-0.091633,0.450199,-0.143426,0.665339,-0.179283,0.800797,-0.203187,0.920319,-0.187251,0.378486,-0.258964,0.533865,-0.306773,0.629482,-0.342629,0.717131
0.000000,0.000000,0.000000,0.172691,0.104418,0.317269,0.244980,0.437751,0.357430,0.546185,0.425703,0.140562,0.469880,0.188755,0.678715,0.212851,0.807229,0.224900,0.919679,0.016064,0.481928,0.004016,0.718876,-0.012048,0.871486,-0.028112,1.000000,-0.092369,0.441767,-0.148594,0.658635,-0.184739,0.799197,-0.208835,0.915663,-0.188755,0.369478,-0.265060,0.526104,-0.313253,0.626506,-0.349398,0.714859
0.000000,0.000000,0.000000,0.175510,0.106122,0.322449,0.240816,0.448980,0.351020,0.567347,0.416327,0.138776,0.465306,0.183673,0.673469,0.212245,0.808163,0.224490,0.922449,0.016327,0.477551,0.004082,0.714286,-0.008163,0.869388,-0.024490,1.000000,-0.093878,0.440816,-0.155102,0.657143,-0.191837,0.795918,-0.220408,0.914286,-0.187755,0.371429,-0.269388,0.522449,-0.322449,0.624490,-0.355102,0.714286
0.000000,0.000000,0.000000,0.186957,0.104348,0.343478,0.239130,0.482609,0.339130,0.608696,0.404348,0.143478,0.478261,0.191304,0.678261,0.221739,0.800000,0.247826,0.908696,0.017391,0.486957,0.000000,0.721739,-0.013043,0.869565,-0.026087,1.000000,-0.095652,0.447826,-0.160870,0.660870,-0.204348,0.800000,-0.234783,0.917391,-0.195652,0.373913,-0.282609,0.530435,-0.339130,0.634783,-0.378261,0.726087
0.000000,0.000000,0.000000,0.226519,0.132597,0.414365,0.298343,0.580110,0.419890,0.729282,0.502762,0.187845,0.635359,0.198895,0.878453,0.204420,0.906077,0.209945,0.828729,0.027624,0.646409,-0.022099,0.889503,-0.033149,0.966851,-0.027624,0.972376,-0.121547,0.591160,-0.182320,0.817680,-0.209945,0.933702,-0.232044,1.000000,-0.248619,0.486188,-0.331492,0.651934,-0.381215,0.756906,-0.419890,0.845304
0.000000,0.000000,0.000000,0.224359,0.141026,0.410256,0.358974,0.544872,0.525641,0.647436,0.653846,0.179487,0.692308,0.179487,0.961538,0.224359,0.807692,0.230769,0.634615,0.019231,0.685897,-0.032051,1.000000,0.051282,0.820513,0.089744,0.647436,-0.134615,0.628205,-0.205128,0.916667,-0.102564,0.769231,-0.057692,0.615385,-0.288462,0.544872,-0.352564,0.750000,-0.262821,0.685897,-0.205128,0.570513
0.000000,0.000000,0.000000,0.236641,0.213740,0.412214,0.480916,0.442748,0.732824,0.282443,0.908397,0.229008,0.824427,0.259542,1.000000,0.297710,0.755725,0.267176,0.664122,0.038168,0.809160,0.061069,0.969466,0.129771,0.671756,0.099237,0.633588,-0.145038,0.755725,-0.114504,0.877863,-0.030534,0.603053,-0.061069,0.564885,-0.328244,0.664122,-0.267176,0.763359,-0.183206,0.580153,-0.206107,0.534351
0.000000,0.000000,0.000000,0.256198,0.190083,0.404959,0.528926,0.388430,0.818182,0.198347,0.966942,0.173554,0.983471,0.264463,1.000000,0.280992,0.743802,0.223140,0.735537,-0.033058,0.975207,0.074380,0.900826,0.123967,0.603306,0.066116,0.661157,-0.214876,0.884298,-0.115702,0.768595,-0.033058,0.512397,-0.074380,0.578512,-0.380165,0.743802,-0.264463,0.628099,-0.190083,0.471074,-0.223140,0.512397
0.000000,0.000000,0.000000,0.245763,0.186441,0.389830,0.550847,0.347458,0.838983,0.127119,0.974576,0.161017,1.000000,0.237288,0.991525,0.262712,0.728814,0.194915,0.745763,-0.050847,0.991525,0.033898,0.906780,0.110169,0.601695,0.059322,0.677966,-0.228814,0.881356,-0.144068,0.737288,-0.042373,0.483051,-0.084746,0.576271,-0.398305,0.737288,-0.288136,0.576271,-0.203390,0.423729,-0.220339,0.491525
0.000000,0.000000,0.000000,0.260870,0.182609,0.400000,0.547826,0.339130,0.834783,0.113043,0.973913,0.165217,1.000000,0.252174,0.982609,0.269565,0.730435,0.200000,0.756522,-0.043478,0.982609,0.026087,0.913043,0.104348,0.591304,0.069565,0.695652,-0.226087,0.878261,-0.156522,0.730435,-0.043478,0.478261,-0.069565,0.582609,-0.400000,0.747826,-0.295652,0.573913,-0.208696,0.408696,-0.217391,0.486957
0.000000,0.000000,0.000000,0.265487,0.185841,0.415929,0.548673,0.362832,0.831858,0.123894,0.973451,0.185841,1.000000,0.265487,0.973451,0.283186,0.734513,0.221239,0.761062,-0.026549,0.982301,0.035398,0.929204,0.115044,0.592920,0.079646,0.699115,-0.212389,0.876106,-0.141593,0.734513,-0.035398,0.477876,-0.061947,0.592920,-0.380531,0.752212,-0.283186,0.566372,-0.203540,0.407080,-0.203540,0.486726
0.000000,0.000000,0.000000,0.254386,0.184211,0.403509,0.535088,0.359649,0.815789,0.122807,0.947368,0.175439,1.000000,0.263158,0.947368,0.280702,0.710526,0.219298,0.728070,-0.035088,0.982456,0.035088,0.903509,0.122807,0.578947,0.078947,0.684211,-0.219298,0.877193,-0.140351,0.710526,-0.035088,0.464912,-0.061404,0.570175,-0.385965,0.736842,-0.280702,0.535088,-0.192982,0.377193,-0.201754,0.456140
0.000000,0.000000,0.000000,0.256637,0.185841,0.407080,0.522124,0.371681,0.796460,0.132743,0.911504,0.150442,1.000000,0.265487,0.938053,0.283186,0.716814,0.203540,0.725664,-0.053097,0.982301,0.044248,0.902655,0.123894,0.566372,0.079646,0.672566,-0.230089,0.867257,-0.123894,0.690265,-0.017699,0.451327,-0.053097,0.557522,-0.389381,0.725664,-0.265487,0.513274,-0.185841,0.362832,-0.203540,0.442478
0.000000,0.000000,0.000000,0.247788,0.185841,0.407080,0.530973,0.380531,0.787611,0.141593,0.893805,0.132743,1.000000,0.256637,0.946903,0.274336,0.716814,0.185841,0.725664,-0.070796,0.982301,0.035398,0.893805,0.123894,0.566372,0.070796,0.663717,-0.238938,0.858407,-0.123894,0.690265,-0.017699,0.442478,-0.061947,0.548673,-0.389381,0.716814,-0.256637,0.513274,-0.176991,0.353982,-0.203540,0.424779
0.000000,0.000000,0.000000,0.256637,0.194690,0.415929,0.513274,0.398230,0.769912,0.168142,0.884956,0.132743,1.000000,0.274336,0.929204,0.283186,0.707965,0.203540,0.707965,-0.070796,0.973451,0.061947,0.876106,0.141593,0.557522,0.079646,0.646018,-0.238938,0.849558,-0.097345,0.681416,0.000000,0.442478,-0.053097,0.530973,-0.389381,0.707965,-0.238938,0.504425,-0.159292,0.353982,-0.185841,0.415929
0.000000,0.000000,0.000000,0.271930,0.192982,0.429825,0.473684,0.447368,0.719298,0.289474,0.868421,0.149123,1.000000,0.307018,0.921053,0.315789,0.692982,0.236842,0.675439,-0.052632,0.973684,0.114035,0.859649,0.175439,0.552632,0.105263,0.622807,-0.228070,0.859649,-0.052632,0.675439,0.026316,0.438596,-0.026316,0.508772,-0.368421,0.710526,-0.201754,0.517544,-0.131579,0.359649,-0.166667,0.403509
0.000000,0.000000,0.000000,0.258929,0.169643,0.455357,0.455357,0.517857,0.705357,0.428571,0.901786,0.151786,0.982143,0.241071,1.000000,0.267857,0.776786,0.241071,0.678571,-0.071429,0.973214,0.026786,0.910714,0.116071,0.625000,0.107143,0.598214,-0.258929,0.866071,-0.142857,0.741071,-0.035714,0.491071,-0.044643,0.508929,-0.410714,0.705357,-0.285714,0.544643,-0.187500,0.383929,-0.196429,0.401786
0.000000,0.000000,0.000000,0.269565,0.139130,0.495652,0.434783,0.600000,0.686957,0.695652,0.878261,0.191304,0.747826,0.147826,1.000000,0.156522,0.765217,0.165217,0.582609,-0.026087,0.704348,-0.113043,0.965217,-0.026087,0.686957,0.026087,0.530435,-0.208696,0.626087,-0.295652,0.843478,-0.191304,0.600000,-0.121739,0.469565,-0.382609,0.530435,-0.452174,0.686957,-0.347826,0.521739,-0.260870,0.417391
0.000000,0.000000,0.000000,0.301724,0.129310,0.534483,0.379310,0.698276,0.603448,0.879310,0.750000,0.189655,0.732759,0.155172,1.000000,0.120690,1.000000,0.120690,0.896552,-0.043103,0.715517,-0.120690,0.982759,-0.129310,0.862069,-0.094828,0.741379,-0.241379,0.655172,-0.336207,0.913793,-0.336207,0.844828,-0.293103,0.758621,-0.413793,0.560345,-0.517241,0.801724,-0.551724,0.836207,-0.551724,0.827586
0.000000,0.000000,0.000000,0.187166,0.096257,0.336898,0.224599,0.459893,0.336898,0.582888,0.406417,0.074866,0.470588,0.080214,0.684492,0.074866,0.818182,0.053476,0.935829,-0.074866,0.475936,-0.139037,0.716578,-0.176471,0.866310,-0.219251,1.000000,-0.192513,0.427807,-0.299465,0.647059,-0.358289,0.786096,-0.411765,0.909091,-0.283422,0.342246,-0.401070,0.497326,-0.470588,0.598930,-0.529412,0.695187
0.000000,0.000000,0.000000,0.175610,0.092683,0.321951,0.200000,0.443902,0.302439,0.570732,0.360976,0.063415,0.443902,0.092683,0.658537,0.102439,0.800000,0.097561,0.921951,-0.073171,0.453659,-0.117073,0.702439,-0.141463,0.863415,-0.175610,1.000000,-0.185366,0.409756,-0.268293,0.634146,-0.312195,0.780488,-0.351220,0.902439,-0.273171,0.331707,-0.380488,0.478049,-0.434146,0.575610,-0.478049,0.673171
0.000000,0.000000,0.000000,0.167464,0.100478,0.311005,0.210526,0.440191,0.311005,0.564593,0.368421,0.057416,0.454545,0.100478,0.674641,0.110048,0.813397,0.110048,0.933014,-0.071770,0.464115,-0.110048,0.708134,-0.143541,0.866029,-0.177033,1.000000,-0.181818,0.421053,-0.263158,0.641148,-0.311005,0.784689,-0.344498,0.909091,-0.272727,0.339713,-0.377990,0.488038,-0.430622,0.588517,-0.468900,0.688995
0.000000,0.000000,0.000000,0.175610,0.097561,0.326829,0.209756,0.458537,0.312195,0.585366,0.370732,0.068293,0.453659,0.107317,0.673171,0.126829,0.814634,0.121951,0.936585,-0.063415,0.458537,-0.107317,0.707317,-0.141463,0.868293,-0.175610,1.000000,-0.175610,0.414634,-0.263415,0.634146,-0.317073,0.775610,-0.356098,0.897561,-0.268293,0.331707,-0.370732,0.478049,-0.429268,0.580488,-0.473171,0.673171
0.000000,0.000000,0.000000,0.168269,0.105769,0.317308,0.221154,0.447115,0.322115,0.572115,0.384615,0.067308,0.461538,0.105769,0.677885,0.120192,0.817308,0.120192,0.937500,-0.067308,0.466346,-0.105769,0.711538,-0.134615,0.865385,-0.173077,1.000000,-0.173077,0.423077,-0.264423,0.634615,-0.317308,0.774038,-0.360577,0.894231,-0.264423,0.341346,-0.365385,0.480769,-0.423077,0.576923,-0.466346,0.673077
0.000000,0.000000,0.000000,0.168269,0.100962,0.317308,0.216346,0.447115,0.317308,0.572115,0.379808,0.067308,0.461538,0.110577,0.677885,0.125000,0.817308,0.125000,0.937500,-0.062500,0.466346,-0.100962,0.711538,-0.129808,0.865385,-0.168269,1.000000,-0.173077,0.423077,-0.264423,0.634615,-0.322115,0.774038,-0.365385,0.894231,-0.259615,0.336538,-0.365385,0.480769,-0.423077,0.576923,-0.466346,0.668269
0.000000,0.000000,0.000000,0.169082,0.106280,0.318841,0.222222,0.449275,0.323671,0.574879,0.381643,0.072464,0.463768,0.111111,0.685990,0.125604,0.821256,0.125604,0.942029,-0.062802,0.468599,-0.101449,0.710145,-0.135266,0.869565,-0.169082,1.000000,-0.169082,0.425121,-0.260870,0.637681,-0.323671,0.772947,-0.371981,0.893720,-0.260870,0.338164,-0.367150,0.478261,-0.425121,0.579710,-0.468599,0.671498
0.000000,0.000000,0.000000,0.174757,0.106796,0.325243,0.228155,0.456311,0.330097,0.582524,0.388350,0.072816,0.470874,0.106796,0.689320,0.121359,0.825243,0.121359,0.946602,-0.058252,0.470874,-0.101942,0.713592,-0.135922,0.868932,-0.174757,1.000000,-0.165049,0.427184,-0.262136,0.635922,-0.320388,0.776699,-0.368932,0.893204,-0.252427,0.339806,-0.364078,0.475728,-0.422330,0.572816,-0.470874,0.669903
0.000000,0.000000,0.000000,0.169903,0.111650,0.320388,0.233010,0.451456,0.330097,0.577670,0.393204,0.072816,0.466019,0.111650,0.689320,0.121359,0.830097,0.121359,0.946602,-0.058252,0.470874,-0.101942,0.713592,-0.135922,0.873786,-0.174757,1.000000,-0.169903,0.427184,-0.262136,0.640777,-0.320388,0.776699,-0.368932,0.898058,-0.257282,0.339806,-0.364078,0.480583,-0.427184,0.577670,-0.470874,0.669903
0.000000,0.000000,0.000000,0.170732,0.107317,0.321951,0.224390,0.458537,0.326829,0.585366,0.385366,0.073171,0.463415,0.112195,0.687805,0.126829,0.824390,0.126829,0.946341,-0.058537,0.468293,-0.102439,0.712195,-0.136585,0.868293,-0.175610,1.000000,-0.165854,0.424390,-0.258537,0.639024,-0.321951,0.775610,-0.365854,0.897561,-0.253659,0.336585,-0.365854,0.478049,-0.424390,0.575610,-0.473171,0.668293
0.000000,0.000000,0.000000,0.165049,0.106796,0.320388,0.228155,0.456311,0.325243,0.582524,0.383495,0.077670,0.466019,0.116505,0.689320,0.126214,0.825243,0.126214,0.946602,-0.053398,0.470874,-0.097087,0.713592,-0.131068,0.868932,-0.169903,1.000000,-0.165049,0.422330,-0.257282,0.640777,-0.315534,0.776699,-0.364078,0.893204,-0.252427,0.339806,-0.359223,0.475728,-0.422330,0.572816,-0.470874,0.665049
0.000000,0.000000,0.000000,0.169903,0.101942,0.325243,0.223301,0.456311,0.320388,0.582524,0.378641,0.077670,0.461165,0.116505,0.679612,0.131068,0.820388,0.126214,0.941748,-0.053398,0.466019,-0.097087,0.708738,-0.131068,0.864078,-0.165049,1.000000,-0.160194,0.417476,-0.252427,0.635922,-0.315534,0.771845,-0.364078,0.893204,-0.252427,0.334951,-0.359223,0.470874,-0.422330,0.567961,-0.470874,0.660194
0.000000,0.000000,0.000000,0.170732,0.102439,0.326829,0.219512,0.463415,0.317073,0.595122,0.370732,0.078049,0.463415,0.117073,0.682927,0.126829,0.824390,0.126829,0.941463,-0.053659,0.468293,-0.092683,0.712195,-0.126829,0.868293,-0.165854,1.000000,-0.160976,0.424390,-0.253659,0.639024,-0.312195,0.775610,-0.360976,0.897561,-0.248780,0.336585,-0.356098,0.473171,-0.419512,0.575610,-0.468293,0.668293
0.000000,0.000000,0.000000,0.173267,0.103960,0.331683,0.222772,0.475248,0.316832,0.608911,0.361386,0.084158,0.470297,0.113861,0.683168,0.123762,0.816832,0.123762,0.930693,-0.049505,0.475248,-0.094059,0.717822,-0.133663,0.871287,-0.178218,1.000000,-0.163366,0.430693,-0.252475,0.648515,-0.316832,0.782178,-0.371287,0.900990,-0.252475,0.346535,-0.356436,0.485149,-0.420792,0.584158,-0.475248,0.678218
0.000000,0.000000,0.000000,0.206452,0.129032,0.400000,0.277419,0.580645,0.380645,0.748387,0.445161,0.129032,0.664516,0.122581,0.903226,0.109677,0.954839,0.096774,0.883871,-0.045161,0.670968,-0.116129,0.922581,-0.161290,0.993548,-0.187097,0.974194,-0.200000,0.612903,-0.296774,0.845161,-0.367742,0.954839,-0.432258,1.000000,-0.322581,0.509677,-0.432258,0.670968,-0.509677,0.780645,-0.580645,0.864516
0.000000,0.000000,0.000000,0.211268,0.147887,0.366197,0.359155,0.507042,0.528169,0.640845,0.640845,0.140845,0.697183,0.084507,1.000000,0.098592,0.845070,0.119718,0.676056,-0.035211,0.676056,-0.119718,0.978873,-0.070423,0.788732,-0.014085,0.640845,-0.190141,0.619718,-0.281690,0.908451,-0.225352,0.774648,-0.161972,0.619718,-0.338028,0.542253,-0.450704,0.753521,-0.415493,0.725352,-0.352113,0.654930
0.000000,0.000000,0.000000,0.213115,0.213115,0.344262,0.491803,0.352459,0.770492,0.188525,0.959016,0.188525,0.778689,0.163934,1.000000,0.196721,0.754098,0.188525,0.663934,0.000000,0.754098,-0.008197,0.918033,0.040984,0.647541,0.024590,0.622951,-0.180328,0.704918,-0.204918,0.868852,-0.114754,0.614754,-0.106557,0.581967,-0.360656,0.639344,-0.360656,0.803279,-0.270492,0.631148,-0.254098,0.557377
0.000000,0.000000,0.000000,0.232759,0.224138,0.362069,0.543103,0.318966,0.818965,0.146552,1.000000,0.146552,0.913793,0.198276,0.965517,0.206897,0.724138,0.155172,0.724138,-0.043103,0.887931,0.008621,0.887931,0.060345,0.594828,0.017241,0.646552,-0.224138,0.801724,-0.181034,0.775862,-0.103448,0.525862,-0.120690,0.577586,-0.387931,0.698276,-0.344828,0.681035,-0.258621,0.517241,-0.267241,0.525862
0.000000,0.000000,0.000000,0.238532,0.192661,0.357798,0.550459,0.302752,0.844037,0.082569,1.000000,0.137615,0.972477,0.201835,0.972477,0.220183,0.724771,0.174312,0.733945,-0.064220,0.963303,0.000000,0.880734,0.064220,0.577982,0.027523,0.660550,-0.256881,0.871560,-0.192661,0.752294,-0.100917,0.504587,-0.128440,0.596330,-0.431193,0.752294,-0.357798,0.642202,-0.266055,0.486239,-0.275229,0.532110
0.000000,0.000000,0.000000,0.235849,0.188679,0.367925,0.556604,0.311321,0.858491,0.066038,1.000000,0.141509,0.981132,0.216981,0.990566,0.235849,0.735849,0.188679,0.745283,-0.056604,0.971698,0.009434,0.905660,0.066038,0.594340,0.028302,0.679245,-0.245283,0.886792,-0.198113,0.773585,-0.094340,0.518868,-0.132075,0.603774,-0.433962,0.764151,-0.358491,0.650943,-0.273585,0.481132,-0.283019,0.537736
0.000000,0.000000,0.000000,0.235849,0.179245,0.358491,0.556604,0.301887,0.858491,0.056604,1.000000,0.141509,0.971698,0.226415,0.962264,0.235849,0.716981,0.188679,0.735849,-0.056604,0.962264,0.009434,0.896226,0.075472,0.584906,0.037736,0.679245,-0.245283,0.877358,-0.188679,0.764151,-0.094340,0.509434,-0.132075,0.594340,-0.433962,0.754717,-0.358491,0.641509,-0.273585,0.481132,-0.273585,0.528302
0.000000,0.000000,0.000000,0.250000,0.182692,0.384615,0.557692,0.336538,0.865385,0.086538,1.000000,0.173077,1.000000,0.259615,0.980769,0.259615,0.740385,0.201923,0.769231,-0.028846,0.990385,0.028846,0.913462,0.096154,0.596154,0.067308,0.701923,-0.230769,0.903846,-0.173077,0.769231,-0.076923,0.519231,-0.115385,0.615385,-0.413462,0.778846,-0.346154,0.644231,-0.259615,0.480769,-0.269231,0.548077
0.000000,0.000000,0.000000,0.240385,0.182692,0.375000,0.557692,0.326923,0.865385,0.076923,1.000000,0.163462,1.000000,0.240385,0.990385,0.250000,0.740385,0.201923,0.759615,-0.048077,1.000000,0.028846,0.923077,0.086538,0.596154,0.048077,0.692308,-0.240385,0.913462,-0.182692,0.778846,-0.086538,0.519231,-0.125000,0.615385,-0.432692,0.778846,-0.355769,0.653846,-0.269231,0.480769,-0.278846,0.548077
0.000000,0.000000,0.000000,0.240385,0.182692,0.365385,0.567308,0.326923,0.875000,0.067308,1.000000,0.153846,1.000000,0.230769,0.990385,0.240385,0.740385,0.182692,0.769231,-0.057692,0.990385,0.019231,0.923077,0.086538,0.596154,0.048077,0.701923,-0.240385,0.903846,-0.182692,0.788462,-0.086538,0.519231,-0.125000,0.615385,-0.432692,0.778846,-0.346154,0.653846,-0.259615,0.490385,-0.278846,0.548077
0.000000,0.000000,0.000000,0.242718,0.184466,0.368932,0.563107,0.320388,0.873786,0.058252,0.990291,0.145631,1.000000,0.233010,0.990291,0.242718,0.737864,0.184466,0.757282,-0.067961,0.990291,0.009709,0.922330,0.087379,0.601942,0.038835,0.689320,-0.252427,0.902913,-0.194175,0.776699,-0.087379,0.514563,-0.116505,0.601942,-0.446602,0.766990,-0.359223,0.650485,-0.262136,0.475728,-0.271845,0.533981
0.000000,0.000000,0.000000,0.230769,0.173077,0.346154,0.538462,0.278846,0.846154,0.028846,0.971154,0.144231,0.961538,0.201923,1.000000,0.221154,0.740385,0.182692,0.730769,-0.057692,0.961538,-0.028846,0.903846,0.048077,0.586538,0.028846,0.663462,-0.250000,0.875000,-0.230769,0.759615,-0.115385,0.500000,-0.125000,0.576923,-0.442308,0.750000,-0.394231,0.625000,-0.288462,0.451923,-0.269231,0.509615
0.000000,0.000000,0.000000,0.235294,0.196078,0.303922,0.558824,0.107843,0.813725,-0.117647,0.911765,0.235294,0.911765,0.166667,1.000000,0.215686,0.754902,0.225490,0.715686,0.019608,0.872549,-0.088235,0.911765,0.000000,0.607843,0.019608,0.637255,-0.186275,0.784314,-0.284314,0.764706,-0.156863,0.500000,-0.098039,0.549020,-0.372549,0.676471,-0.421569,0.647059,-0.313726,0.450980,-0.254902,0.460784
0.000000,0.000000,0.000000,0.110000,0.210000,0.060000,0.530000,-0.170000,0.790000,-0.360000,0.950000,0.350000,0.960000,-0.040000,1.000000,-0.030000,0.740000,0.060000,0.660000,0.140000,0.950000,-0.230000,0.940000,-0.190000,0.650000,-0.080000,0.610000,-0.070000,0.890000,-0.370000,0.860000,-0.300000,0.580000,-0.170000,0.570000,-0.240000,0.800000,-0.440000,0.800000,-0.380000,0.590000,-0.250000,0.550000
0.000000,0.000000,0.000000,-0.166667,0.138889,-0.351852,0.462963,-0.537037,0.759259,-0.574074,1.000000,0.120370,0.814815,-0.305556,0.907407,-0.314815,0.666667,-0.166667,0.611111,0.074074,0.796296,-0.342593,0.870370,-0.333333,0.629630,-0.175926,0.574074,0.018519,0.787037,-0.333333,0.861111,-0.333333,0.620370,-0.175926,0.592593,-0.046296,0.805556,-0.259259,0.824074,-0.268519,0.685185,-0.166667,0.657407
0.000000,0.000000,0.000000,-0.398230,0.150442,-0.575221,0.513274,-0.610619,0.849558,-0.486726,1.000000,-0.159292,0.646018,-0.513274,0.867257,-0.522124,0.663717,-0.407080,0.566372,0.035398,0.707965,-0.336283,0.911504,-0.345133,0.734513,-0.256637,0.637168,0.150442,0.734513,-0.194690,0.893805,-0.212389,0.734513,-0.132743,0.628319,0.203540,0.743363,-0.079646,0.858407,-0.088496,0.734513,-0.035398,0.646018
0.000000,0.000000,0.000000,-0.361345,0.159664,-0.504202,0.504202,-0.495798,0.831933,-0.386555,1.000000,-0.302521,0.672269,-0.453782,0.899160,-0.462185,0.747899,-0.386555,0.638655,-0.058824,0.705882,-0.252101,0.907563,-0.277311,0.789916,-0.235294,0.705882,0.117647,0.689076,-0.058824,0.882353,-0.100840,0.773109,-0.067227,0.672269,0.260504,0.663866,0.092437,0.806723,0.050420,0.722689,0.075630,0.638655
0.000000,0.000000,0.000000,-0.352941,0.201681,-0.445378,0.529412,-0.411765,0.831933,-0.302521,1.000000,-0.327731,0.697479,-0.411765,0.924370,-0.420168,0.798319,-0.369748,0.705882,-0.100840,0.722689,-0.218487,0.924370,-0.243697,0.823529,-0.218487,0.739496,0.092437,0.705882,-0.033613,0.890756,-0.075630,0.798319,-0.042017,0.705882,0.243697,0.663866,0.117647,0.823529,0.075630,0.739496,0.100840,0.655462
0.000000,0.000000,0.000000,-0.333333,0.219298,-0.421053,0.543860,-0.377193,0.824561,-0.298246,1.000000,-0.394737,0.728070,-0.385965,0.938596,-0.377193,0.824561,-0.359649,0.745614,-0.166667,0.736842,-0.210526,0.912281,-0.210526,0.807018,-0.192982,0.719298,0.035088,0.710526,-0.026316,0.868421,-0.061404,0.754386,-0.035088,0.657895,0.201754,0.692982,0.122807,0.824561,0.096491,0.728070,0.114035,0.657895
0.000000,0.000000,0.000000,-0.324561,0.228070,-0.403509,0.535088,-0.368421,0.815789,-0.289474,1.000000,-0.403509,0.728070,-0.377193,0.947368,-0.359649,0.833333,-0.350877,0.763158,-0.184211,0.736842,-0.201754,0.912281,-0.192982,0.789474,-0.175439,0.692982,0.026316,0.710526,-0.026316,0.859649,-0.043860,0.728070,-0.026316,0.640351,0.201754,0.701754,0.122807,0.824561,0.096491,0.719298,0.114035,0.640351
0.000000,0.000000,0.000000,-0.304348,0.234783,-0.400000,0.539130,-0.365217,0.826087,-0.286957,1.000000,-0.400000,0.730435,-0.356522,0.947826,-0.330435,0.834783,-0.321739,0.756522,-0.182609,0.747826,-0.182609,0.913043,-0.165217,0.791304,-0.147826,0.695652,0.026087,0.721739,-0.017391,0.869565,-0.026087,0.739130,-0.008696,0.643478,0.208696,0.704348,0.139130,0.826087,0.113043,0.721739,0.130435,0.634783
0.000000,0.000000,0.000000,-0.315789,0.210526,-0.412281,0.535088,-0.377193,0.833333,-0.271930,1.000000,-0.412281,0.745614,-0.368421,0.964912,-0.333333,0.868421,-0.315789,0.798246,-0.192982,0.771930,-0.184211,0.938596,-0.157895,0.824561,-0.149123,0.728070,0.026316,0.745614,0.000000,0.894737,-0.008772,0.780702,0.008772,0.684211,0.210526,0.710526,0.149123,0.842105,0.131579,0.745614,0.140351,0.657895
0.000000,0.000000,0.000000,-0.327434,0.212389,-0.424779,0.530973,-0.389381,0.831858,-0.292035,1.000000,-0.415929,0.752212,-0.389381,0.982301,-0.353982,0.893805,-0.336283,0.814159,-0.194690,0.778761,-0.194690,0.955752,-0.176991,0.849558,-0.168142,0.743363,0.026549,0.752212,-0.008850,0.911504,-0.017699,0.787611,0.000000,0.690265,0.212389,0.716814,0.141593,0.849558,0.123894,0.752212,0.132743,0.663717
0.000000,0.000000,0.000000,-0.324561,0.219298,-0.421053,0.535088,-0.385965,0.824561,-0.289474,1.000000,-0.412281,0.745614,-0.377193,0.973684,-0.350877,0.868421,-0.333333,0.789474,-0.184211,0.771930,-0.201754,0.947368,-0.184211,0.833333,-0.166667,0.736842,0.026316,0.745614,-0.017544,0.894737,-0.026316,0.771930,-0.008772,0.675439,0.210526,0.719298,0.140351,0.842105,0.114035,0.736842,0.131579,0.657895
0.000000,0.000000,0.000000,-0.310345,0.224138,-0.405172,0.543103,-0.370690,0.836207,-0.284483,1.000000,-0.405172,0.741379,-0.362069,0.956897,-0.327586,0.853448,-0.318966,0.775862,-0.189655,0.758621,-0.189655,0.931035,-0.172414,0.810345,-0.155172,0.715517,0.025862,0.732759,-0.017241,0.879310,-0.025862,0.750000,-0.008621,0.655172,0.206897,0.715517,0.129310,0.827586,0.120690,0.724138,0.129310,0.637931
0.000000,0.000000,0.000000,-0.305085,0.262712,-0.389830,0.559322,-0.355932,0.822034,-0.279661,1.000000,-0.398305,0.737288,-0.364407,0.932203,-0.330508,0.822034,-0.322034,0.745763,-0.186441,0.728814,-0.194915,0.889831,-0.169492,0.762712,-0.152542,0.661017,0.016949,0.703390,-0.025424,0.838983,-0.033898,0.694915,-0.016949,0.593220,0.186441,0.694915,0.118644,0.796610,0.101695,0.686441,0.110169,0.601695
0.000000,0.000000,0.000000,-0.321739,0.226087,-0.417391,0.530435,-0.382609,0.817391,-0.313043,1.000000,-0.426087,0.730435,-0.400000,0.956522,-0.365217,0.843478,-0.356522,0.765217,-0.208696,0.747826,-0.217391,0.921739,-0.200000,0.808696,-0.182609,0.704348,0.000000,0.721739,-0.034783,0.869565,-0.043478,0.747826,-0.026087,0.652174,0.182609,0.713043,0.113043,0.826087,0.104348,0.721739,0.121739,0.643478
0.000000,0.000000,0.000000,-0.321739,0.208696,-0.426087,0.521739,-0.400000,0.826087,-0.313043,1.000000,-0.426087,0.713043,-0.400000,0.947826,-0.365217,0.834783,-0.356522,0.756522,-0.208696,0.739130,-0.217391,0.921739,-0.200000,0.817391,-0.191304,0.721739,0.000000,0.721739,-0.034783,0.878261,-0.043478,0.765217,-0.026087,0.669565,0.182609,0.704348,0.113043,0.826087,0.104348,0.730435,0.121739,0.652174
0.000000,0.000000,0.000000,-0.324561,0.228070,-0.429825,0.535088,-0.403509,0.824561,-0.324561,1.000000,-0.438596,0.728070,-0.412281,0.947368,-0.377193,0.833333,-0.359649,0.754386,-0.219298,0.745614,-0.236842,0.921053,-0.210526,0.798246,-0.192982,0.692982,-0.008772,0.728070,-0.052632,0.868421,-0.061404,0.736842,-0.035088,0.631579,0.175439,0.719298,0.096491,0.824561,0.078947,0.710526,0.105263,0.631579
0.000000,0.000000,0.000000,-0.333333,0.219298,-0.438596,0.535088,-0.403509,0.824561,-0.324561,1.000000,-0.447368,0.719298,-0.412281,0.947368,-0.385965,0.833333,-0.377193,0.754386,-0.219298,0.745614,-0.236842,0.921053,-0.219298,0.798246,-0.201754,0.701754,-0.008772,0.728070,-0.052632,0.868421,-0.061404,0.745614,-0.043860,0.649123,0.166667,0.719298,0.087719,0.824561,0.078947,0.719298,0.096491,0.640351
0.000000,0.000000,0.000000,-0.333333,0.219298,-0.438596,0.535088,-0.412281,0.824561,-0.324561,1.000000,-0.447368,0.710526,-0.421053,0.938596,-0.385965,0.824561,-0.368421,0.754386,-0.228070,0.736842,-0.245614,0.912281,-0.219298,0.798246,-0.201754,0.701754,-0.017544,0.719298,-0.061404,0.868421,-0.070175,0.736842,-0.043860,0.649123,0.166667,0.710526,0.087719,0.824561,0.078947,0.719298,0.096491,0.640351
0.000000,0.000000,0.000000,-0.333333,0.210526,-0.438596,0.535088,-0.412281,0.824561,-0.324561,1.000000,-0.438596,0.710526,-0.421053,0.938596,-0.394737,0.824561,-0.377193,0.745614,-0.210526,0.736842,-0.245614,0.912281,-0.228070,0.807018,-0.201754,0.701754,-0.008772,0.728070,-0.061404,0.868421,-0.070175,0.754386,-0.043860,0.657895,0.166667,0.710526,0.087719,0.824561,0.078947,0.719298,0.096491,0.649123
0.000000,0.000000,0.000000,-0.348214,0.205357,-0.473214,0.517857,-0.437500,0.830357,-0.348214,1.000000,-0.455357,0.705357,-0.446429,0.946429,-0.419643,0.830357,-0.401786,0.750000,-0.223214,0.741071,-0.267857,0.928571,-0.258929,0.821429,-0.232143,0.723214,-0.008929,0.732143,-0.080357,0.883929,-0.089286,0.767857,-0.062500,0.669643,0.169643,0.723214,0.071429,0.839286,0.062500,0.741071,0.080357,0.660714
0.000000,0.000000,0.000000,-0.348214,0.223214,-0.464286,0.535714,-0.437500,0.821429,-0.348214,1.000000,-0.455357,0.696429,-0.455357,0.928571,-0.419643,0.812500,-0.401786,0.732143,-0.232143,0.723214,-0.276786,0.910714,-0.258929,0.794643,-0.232143,0.687500,-0.017857,0.714286,-0.098214,0.875000,-0.098214,0.741071,-0.071429,0.642857,0.151786,0.714286,0.062500,0.830357,0.044643,0.714286,0.071429,0.642857
0.000000,0.000000,0.000000,-0.357143,0.196429,-0.473214,0.517857,-0.455357,0.821429,-0.357143,1.000000,-0.464286,0.687500,-0.464286,0.928571,-0.437500,0.812500,-0.419643,0.732143,-0.241071,0.723214,-0.285714,0.919643,-0.267857,0.812500,-0.241071,0.714286,-0.026786,0.714286,-0.098214,0.875000,-0.098214,0.767857,-0.071429,0.669643,0.160714,0.705357,0.062500,0.830357,0.053571,0.732143,0.080357,0.660714
0.000000,0.000000,0.000000,-0.360360,0.189189,-0.486486,0.513514,-0.468468,0.819820,-0.378378,1.000000,-0.486486,0.684685,-0.486486,0.936937,-0.450450,0.819820,-0.432432,0.747748,-0.252252,0.729730,-0.306306,0.927928,-0.288288,0.819820,-0.252252,0.720721,-0.036036,0.729730,-0.108108,0.891892,-0.117117,0.774775,-0.081081,0.675676,0.144144,0.720721,0.054054,0.846847,0.045045,0.747748,0.063063,0.675676
0.000000,0.000000,0.000000,-0.353982,0.194690,-0.486726,0.513274,-0.460177,0.823009,-0.362832,1.000000,-0.477876,0.672566,-0.469027,0.920354,-0.442478,0.805310,-0.424779,0.734513,-0.247788,0.716814,-0.292035,0.902655,-0.274336,0.805310,-0.247788,0.707965,-0.035398,0.716814,-0.106195,0.876106,-0.106195,0.761062,-0.079646,0.672566,0.150442,0.716814,0.053097,0.840708,0.044248,0.734513,0.070796,0.663717
0.000000,0.000000,0.000000,-0.366071,0.178571,-0.500000,0.500000,-0.482143,0.821429,-0.375000,1.000000,-0.491071,0.678571,-0.491071,0.928571,-0.464286,0.821429,-0.437500,0.750000,-0.258929,0.723214,-0.303571,0.928571,-0.285714,0.821429,-0.258929,0.732143,-0.035714,0.723214,-0.116071,0.892857,-0.116071,0.785714,-0.080357,0.696429,0.151786,0.723214,0.044643,0.857143,0.044643,0.758929,0.071429,0.687500
0.000000,0.000000,0.000000,-0.366071,0.160714,-0.508929,0.491071,-0.491071,0.821429,-0.401786,1.000000,-0.508929,0.669643,-0.500000,0.928571,-0.473214,0.830357,-0.446429,0.750000,-0.267857,0.714286,-0.312500,0.928571,-0.294643,0.830357,-0.267857,0.732143,-0.044643,0.723214,-0.125000,0.901786,-0.116071,0.794643,-0.089286,0.696429,0.142857,0.714286,0.044643,0.857143,0.044643,0.758929,0.071429,0.687500
0.000000,0.000000,0.000000,-0.353982,0.168142,-0.504425,0.495575,-0.495575,0.814159,-0.398230,1.000000,-0.504425,0.663717,-0.504425,0.929204,-0.477876,0.823009,-0.451327,0.743363,-0.274336,0.716814,-0.318584,0.920354,-0.300885,0.823009,-0.274336,0.725664,-0.053097,0.725664,-0.123894,0.893805,-0.123894,0.787611,-0.088496,0.699115,0.141593,0.716814,0.035398,0.858407,0.035398,0.761062,0.070796,0.690265
0.000000,0.000000,0.000000,-0.358974,0.179487,-0.495726,0.495726,-0.487179,0.811966,-0.384615,1.000000,-0.495726,0.641026,-0.495726,0.905983,-0.461538,0.803419,-0.435897,0.726496,-0.264957,0.692308,-0.316239,0.905983,-0.290598,0.803419,-0.264957,0.700855,-0.051282,0.700855,-0.128205,0.880342,-0.128205,0.769231,-0.094017,0.675214,0.136752,0.700855,0.034188,0.846154,0.034188,0.743590,0.068376,0.675214
0.000000,0.000000,0.000000,-0.353448,0.189655,-0.508621,0.500000,-0.508621,0.801724,-0.413793,1.000000,-0.508621,0.637931,-0.508621,0.896552,-0.465517,0.793103,-0.439655,0.724138,-0.284483,0.681035,-0.327586,0.896552,-0.293103,0.793103,-0.258621,0.689655,-0.060345,0.698276,-0.137931,0.879310,-0.129310,0.758621,-0.094828,0.663793,0.129310,0.715517,0.025862,0.853448,0.025862,0.750000,0.060345,0.681035
0.000000,0.000000,0.000000,-0.358974,0.188034,-0.512821,0.495726,-0.512821,0.794872,-0.427350,1.000000,-0.521368,0.632479,-0.512821,0.905983,-0.470085,0.811966,-0.444444,0.743590,-0.290598,0.675214,-0.333333,0.897436,-0.299145,0.794872,-0.264957,0.692308,-0.068376,0.692308,-0.145299,0.880342,-0.136752,0.760684,-0.102564,0.666667,0.128205,0.709402,0.017094,0.854701,0.025641,0.743590,0.059829,0.675214
0.000000,0.000000,0.000000,-0.355932,0.186441,-0.516949,0.491525,-0.525424,0.805085,-0.432203,1.000000,-0.516949,0.627119,-0.516949,0.889831,-0.483051,0.796610,-0.457627,0.720339,-0.288136,0.669492,-0.338983,0.898305,-0.313559,0.805085,-0.279661,0.703390,-0.067797,0.686441,-0.152542,0.889831,-0.144068,0.771186,-0.110169,0.686441,0.127119,0.703390,0.016949,0.864407,0.016949,0.762712,0.059322,0.694915
0.000000,0.000000,0.000000,-0.372881,0.203390,-0.516949,0.508475,-0.525424,0.788136,-0.449153,1.000000,-0.533898,0.601695,-0.550847,0.872881,-0.500000,0.788136,-0.474576,0.703390,-0.305085,0.644068,-0.364407,0.889831,-0.322034,0.779661,-0.279661,0.669492,-0.084746,0.669492,-0.177966,0.881356,-0.161017,0.745763,-0.118644,0.652542,0.101695,0.703390,0.000000,0.855932,0.000000,0.745763,0.042373,0.677966
0.000000,0.000000,0.000000,-0.364407,0.169492,-0.542373,0.474576,-0.559322,0.796610,-0.466102,1.000000,-0.542373,0.584746,-0.559322,0.889831,-0.508475,0.796610,-0.474576,0.711864,-0.313559,0.644068,-0.372881,0.906780,-0.338983,0.813559,-0.296610,0.711864,-0.084746,0.669492,-0.177966,0.898305,-0.169492,0.796610,-0.118644,0.694915,0.118644,0.694915,0.000000,0.881356,0.016949,0.779661,0.059322,0.720339
0.000000,0.000000,0.000000,-0.369748,0.184874,-0.554622,0.487395,-0.579832,0.789916,-0.487395,1.000000,-0.563025,0.571429,-0.571429,0.873950,-0.512605,0.781513,-0.478992,0.697479,-0.327731,0.621849,-0.386555,0.890756,-0.344538,0.789916,-0.302521,0.680672,-0.100840,0.655462,-0.201681,0.890756,-0.176471,0.773109,-0.134454,0.680672,0.100840,0.697479,-0.025210,0.873950,-0.008403,0.773109,0.033613,0.705882
0.000000,0.000000,0.000000,-0.366667,0.175000,-0.566667,0.475000,-0.608333,0.791667,-0.516667,1.000000,-0.566667,0.558333,-0.583333,0.883333,-0.525000,0.783333,-0.483333,0.700000,-0.325000,0.616667,-0.391667,0.900000,-0.350000,0.808333,-0.308333,0.708333,-0.100000,0.650000,-0.208333,0.908333,-0.183333,0.800000,-0.133333,0.700000,0.108333,0.683333,-0.025000,0.891667,-0.008333,0.800000,0.033333,0.725000
0.000000,0.000000,0.000000,-0.386555,0.193277,-0.588235,0.478992,-0.621849,0.789916,-0.529412,1.000000,-0.588235,0.546219,-0.613445,0.873950,-0.546219,0.781513,-0.512605,0.689076,-0.352941,0.596639,-0.420168,0.899160,-0.361345,0.798319,-0.319328,0.689076,-0.117647,0.638655,-0.226891,0.907563,-0.193277,0.789916,-0.142857,0.689076,0.092437,0.680672,-0.042017,0.890756,-0.025210,0.798319,0.016807,0.714286
0.000000,0.000000,0.000000,-0.369748,0.176471,-0.588235,0.462185,-0.647059,0.781513,-0.554622,1.000000,-0.596639,0.521008,-0.613445,0.873950,-0.546219,0.789916,-0.512605,0.697479,-0.352941,0.579832,-0.428571,0.907563,-0.369748,0.815126,-0.327731,0.705882,-0.109244,0.630252,-0.218487,0.915966,-0.184874,0.806723,-0.142857,0.697479,0.100840,0.680672,-0.042017,0.907563,-0.016807,0.806723,0.025210,0.722689
0.000000,0.000000,0.000000,-0.375000,0.175000,-0.600000,0.466667,-0.658333,0.783333,-0.566667,1.000000,-0.591667,0.516667,-0.633333,0.875000,-0.566667,0.783333,-0.525000,0.691667,-0.350000,0.575000,-0.441667,0.908333,-0.391667,0.808333,-0.350000,0.700000,-0.116667,0.625000,-0.233333,0.916667,-0.200000,0.800000,-0.158333,0.691667,0.100000,0.675000,-0.050000,0.908333,-0.033333,0.800000,0.008333,0.716667
0.000000,0.000000,0.000000,-0.371901,0.206612,-0.595041,0.479339,-0.636364,0.776860,-0.537190,1.000000,-0.586777,0.512397,-0.628099,0.867769,-0.553719,0.776860,-0.520661,0.685950,-0.347107,0.561983,-0.429752,0.900826,-0.371901,0.793388,-0.322314,0.685950,-0.107438,0.619835,-0.223140,0.909091,-0.181818,0.785124,-0.140496,0.677686,0.099174,0.669421,-0.041322,0.900826,-0.016529,0.793388,0.024793,0.710744
0.000000,0.000000,0.000000,-0.363636,0.206612,-0.586777,0.479339,-0.628099,0.776860,-0.537190,1.000000,-0.578512,0.504132,-0.619835,0.867769,-0.545455,0.785124,-0.512397,0.685950,-0.338843,0.553719,-0.421488,0.900826,-0.355372,0.801653,-0.314050,0.677686,-0.099174,0.611570,-0.214876,0.909091,-0.173554,0.785124,-0.132231,0.669421,0.115702,0.661157,-0.033058,0.900826,-0.008264,0.793388,0.041322,0.702479
0.000000,0.000000,0.000000,-0.363636,0.206612,-0.595041,0.479339,-0.628099,0.776860,-0.528926,1.000000,-0.578512,0.504132,-0.619835,0.876033,-0.545455,0.776860,-0.520661,0.685950,-0.338843,0.553719,-0.429752,0.900826,-0.363636,0.801653,-0.314050,0.685950,-0.099174,0.611570,-0.214876,0.909091,-0.173554,0.785124,-0.132231,0.677686,0.115702,0.661157,-0.033058,0.900826,-0.008264,0.793388,0.033058,0.702479
0.000000,0.000000,0.000000,-0.355372,0.173554,-0.586777,0.462810,-0.636364,0.785124,-0.528926,1.000000,-0.570248,0.495868,-0.611570,0.884298,-0.545455,0.785124,-0.520661,0.677686,-0.322314,0.553719,-0.413223,0.917355,-0.363636,0.818182,-0.322314,0.702479,-0.082645,0.603306,-0.198347,0.925620,-0.165289,0.818182,-0.132231,0.702479,0.140496,0.644628,-0.016529,0.909091,0.008264,0.809917,0.049587,0.719008
0.000000,0.000000,0.000000,-0.355372,0.190083,-0.586777,0.471074,-0.628099,0.776860,-0.520661,1.000000,-0.578512,0.487603,-0.611570,0.876033,-0.545455,0.776860,-0.512397,0.677686,-0.330579,0.537190,-0.413223,0.900826,-0.355372,0.801653,-0.314050,0.685950,-0.082645,0.595041,-0.198347,0.909091,-0.165289,0.793388,-0.123967,0.677686,0.132231,0.644628,-0.016529,0.900826,0.008264,0.793388,0.049587,0.702479
0.000000,0.000000,0.000000,-0.355372,0.181818,-0.578512,0.471074,-0.619835,0.785124,-0.520661,1.000000,-0.570248,0.487603,-0.603306,0.876033,-0.545455,0.768595,-0.512397,0.669421,-0.314050,0.537190,-0.404959,0.900826,-0.355372,0.801653,-0.322314,0.685950,-0.074380,0.586777,-0.198347,0.909091,-0.165289,0.793388,-0.123967,0.677686,0.140496,0.636364,-0.016529,0.892562,0.008264,0.793388,0.049587,0.702479
0.000000,0.000000,0.000000,-0.355372,0.198347,-0.578512,0.471074,-0.619835,0.785124,-0.512397,1.000000,-0.561983,0.487603,-0.603306,0.876033,-0.528926,0.776860,-0.504132,0.677686,-0.314050,0.537190,-0.404959,0.909091,-0.347107,0.801653,-0.305785,0.685950,-0.074380,0.586777,-0.190083,0.909091,-0.148760,0.793388,-0.115702,0.677686,0.140496,0.636364,-0.008264,0.900826,0.016529,0.793388,0.057851,0.702479
0.000000,0.000000,0.000000,-0.355372,0.198347,-0.578512,0.479339,-0.611570,0.785124,-0.504132,1.000000,-0.578512,0.495868,-0.611570,0.876033,-0.537190,0.776860,-0.504132,0.685950,-0.330579,0.537190,-0.404959,0.900826,-0.347107,0.809917,-0.305785,0.694215,-0.082645,0.595041,-0.198347,0.909091,-0.157025,0.793388,-0.115702,0.677686,0.140496,0.644628,-0.008264,0.900826,0.016529,0.793388,0.057851,0.702479
0.000000,0.000000,0.000000,-0.355372,0.190083,-0.570248,0.479339,-0.611570,0.785124,-0.504132,1.000000,-0.570248,0.495868,-0.611570,0.876033,-0.537190,0.776860,-0.504132,0.685950,-0.322314,0.545455,-0.404959,0.909091,-0.347107,0.801653,-0.305785,0.685950,-0.082645,0.595041,-0.190083,0.909091,-0.157025,0.793388,-0.115702,0.677686,0.140496,0.644628,-0.008264,0.892562,0.016529,0.793388,0.057851,0.702479
0.000000,0.000000,0.000000,-0.358333,0.183333,-0.583333,0.475000,-0.616667,0.783333,-0.508333,1.000000,-0.575000,0.491667,-0.616667,0.875000,-0.541667,0.775000,-0.508333,0.675000,-0.325000,0.550000,-0.408333,0.908333,-0.350000,0.808333,-0.308333,0.683333,-0.083333,0.600000,-0.200000,0.916667,-0.158333,0.791667,-0.116667,0.675000,0.141667,0.641667,-0.008333,0.900000,0.008333,0.791667,0.050000,0.700000
0.000000,0.000000,0.000000,-0.358333,0.200000,-0.583333,0.475000,-0.608333,0.783333,-0.500000,1.000000,-0.575000,0.491667,-0.616667,0.866667,-0.541667,0.775000,-0.508333,0.675000,-0.325000,0.541667,-0.408333,0.900000,-0.350000,0.800000,-0.308333,0.683333,-0.075000,0.591667,-0.200000,0.908333,-0.158333,0.783333,-0.116667,0.666667,0.141667,0.641667,-0.016667,0.891667,0.008333,0.791667,0.058333,0.691667
0.000000,0.000000,0.000000,-0.355372,0.198347,-0.570248,0.479339,-0.603306,0.785124,-0.495868,1.000000,-0.570248,0.495868,-0.611570,0.876033,-0.537190,0.785124,-0.495868,0.685950,-0.322314,0.545455,-0.404959,0.909091,-0.347107,0.809917,-0.305785,0.694215,-0.082645,0.595041,-0.198347,0.917355,-0.157025,0.793388,-0.115702,0.677686,0.140496,0.644628,-0.008264,0.900826,0.016529,0.793388,0.057851,0.702479
0.000000,0.000000,0.000000,-0.352459,0.204918,-0.573770,0.483607,-0.614754,0.778689,-0.508197,1.000000,-0.573770,0.491803,-0.606557,0.868852,-0.532787,0.778689,-0.500000,0.680328,-0.327869,0.540984,-0.409836,0.901639,-0.344262,0.803279,-0.303279,0.688525,-0.090164,0.590164,-0.204918,0.909836,-0.163934,0.786885,-0.122951,0.672131,0.122951,0.639344,-0.016393,0.893443,0.000000,0.786885,0.049180,0.696721
0.000000,0.000000,0.000000,-0.349593,0.195122,-0.560976,0.479675,-0.601626,0.788618,-0.495935,1.000000,-0.560976,0.487805,-0.593496,0.869919,-0.520325,0.780488,-0.479675,0.682927,-0.317073,0.536585,-0.398374,0.902439,-0.341463,0.804878,-0.300813,0.682927,-0.081301,0.585366,-0.186992,0.910569,-0.154472,0.788618,-0.113821,0.674797,0.138211,0.634146,-0.008130,0.886179,0.016260,0.780488,0.056911,0.691057
0.000000,0.000000,0.000000,-0.352459,0.180328,-0.573770,0.475410,-0.614754,0.786885,-0.508197,1.000000,-0.565574,0.491803,-0.606557,0.868852,-0.532787,0.778689,-0.500000,0.680328,-0.319672,0.540984,-0.409836,0.909836,-0.352459,0.803279,-0.311475,0.688525,-0.081967,0.590164,-0.196721,0.909836,-0.163934,0.795082,-0.122951,0.680328,0.139344,0.639344,-0.008197,0.893443,0.008197,0.795082,0.049180,0.704918
0.000000,0.000000,0.000000,-0.360656,0.196721,-0.573770,0.475410,-0.614754,0.786885,-0.500000,1.000000,-0.565574,0.491803,-0.606557,0.868852,-0.532787,0.778689,-0.500000,0.680328,-0.319672,0.540984,-0.409836,0.901639,-0.344262,0.803279,-0.303279,0.688525,-0.081967,0.590164,-0.196721,0.909836,-0.163934,0.786885,-0.122951,0.672131,0.131148,0.639344,-0.008197,0.893443,0.008197,0.786885,0.049180,0.696721
0.000000,0.000000,0.000000,-0.357724,0.227642,-0.560976,0.504065,-0.601626,0.788618,-0.495935,1.000000,-0.560976,0.512195,-0.577236,0.861789,-0.504065,0.772358,-0.479675,0.682927,-0.317073,0.544715,-0.390244,0.894309,-0.317073,0.788618,-0.276423,0.674797,-0.081301,0.593496,-0.186992,0.894309,-0.146341,0.772358,-0.097561,0.658537,0.130081,0.650406,0.000000,0.886179,0.016260,0.780488,0.065041,0.691057
0.000000,0.000000,0.000000,-0.355372,0.198347,-0.561983,0.487603,-0.611570,0.793388,-0.495868,1.000000,-0.561983,0.495868,-0.586777,0.867769,-0.520661,0.776860,-0.487603,0.685950,-0.322314,0.545455,-0.396694,0.900826,-0.338843,0.801653,-0.297521,0.694215,-0.082645,0.595041,-0.190083,0.909091,-0.157025,0.793388,-0.115702,0.685950,0.140496,0.644628,0.000000,0.900826,0.008264,0.801653,0.049587,0.710744
0.000000,0.000000,0.000000,-0.344262,0.163934,-0.557377,0.467213,-0.614754,0.786885,-0.500000,1.000000,-0.565574,0.500000,-0.581967,0.877049,-0.524590,0.786885,-0.491803,0.688525,-0.319672,0.549180,-0.393443,0.909836,-0.344262,0.811475,-0.311475,0.704918,-0.081967,0.598361,-0.180328,0.926230,-0.155738,0.819672,-0.122951,0.704918,0.139344,0.639344,0.000000,0.901639,0.016393,0.803279,0.049180,0.721311
0.000000,0.000000,0.000000,-0.363636,0.198347,-0.561983,0.487603,-0.611570,0.785124,-0.512397,1.000000,-0.570248,0.528926,-0.570248,0.884298,-0.512397,0.793388,-0.479339,0.694215,-0.322314,0.586777,-0.388430,0.917355,-0.330579,0.818182,-0.289256,0.710744,-0.082645,0.636364,-0.190083,0.925620,-0.157025,0.809917,-0.107438,0.694215,0.132231,0.677686,-0.008264,0.909091,0.008264,0.801653,0.049587,0.719008
0.000000,0.000000,0.000000,-0.358333,0.183333,-0.550000,0.483333,-0.608333,0.783333,-0.525000,1.000000,-0.575000,0.558333,-0.575000,0.891667,-0.516667,0.800000,-0.491667,0.716667,-0.325000,0.616667,-0.383333,0.916667,-0.333333,0.825000,-0.300000,0.725000,-0.083333,0.658333,-0.183333,0.925000,-0.150000,0.816667,-0.108333,0.708333,0.133333,0.700000,-0.008333,0.908333,0.016667,0.816667,0.058333,0.733333
0.000000,0.000000,0.000000,-0.364407,0.194915,-0.559322,0.491525,-0.618644,0.788136,-0.550847,1.000000,-0.584746,0.593220,-0.584746,0.915254,-0.525424,0.838983,-0.491525,0.754237,-0.347458,0.652542,-0.398305,0.932203,-0.347458,0.847458,-0.305085,0.745763,-0.101695,0.694915,-0.194915,0.940678,-0.161017,0.830508,-0.118644,0.728814,0.110169,0.728814,-0.008475,0.923729,0.008475,0.830508,0.050847,0.754237
0.000000,0.000000,0.000000,-0.347107,0.206612,-0.520661,0.504132,-0.561983,0.793388,-0.471074,1.000000,-0.553719,0.603306,-0.537190,0.892562,-0.479339,0.818182,-0.454545,0.743802,-0.322314,0.661157,-0.355372,0.909091,-0.297521,0.818182,-0.264463,0.727273,-0.090909,0.694215,-0.165289,0.909091,-0.132231,0.801653,-0.090909,0.702479,0.115702,0.719008,0.008264,0.892562,0.024793,0.793388,0.066116,0.719008
0.000000,0.000000,0.000000,-0.347458,0.228814,-0.508475,0.516949,-0.542373,0.788136,-0.491525,1.000000,-0.567797,0.635593,-0.542373,0.906780,-0.474576,0.822034,-0.457627,0.754237,-0.338983,0.669492,-0.364407,0.915254,-0.296610,0.805085,-0.262712,0.703390,-0.101695,0.703390,-0.169492,0.906780,-0.135593,0.771186,-0.101695,0.669492,0.101695,0.737288,0.008475,0.881356,0.016949,0.771186,0.050847,0.686441
0.000000,0.000000,0.000000,-0.341880,0.213675,-0.504274,0.512821,-0.547009,0.794872,-0.470085,1.000000,-0.555556,0.632479,-0.538462,0.905983,-0.470085,0.820513,-0.444444,0.743590,-0.324786,0.683761,-0.350427,0.914530,-0.290598,0.811966,-0.256410,0.709402,-0.094017,0.709402,-0.153846,0.905983,-0.128205,0.786325,-0.094017,0.683761,0.111111,0.735043,0.017094,0.880342,0.025641,0.769231,0.059829,0.692308
0.000000,0.000000,0.000000,-0.336207,0.206897,-0.500000,0.508621,-0.543103,0.793103,-0.474138,1.000000,-0.543103,0.637931,-0.534483,0.913793,-0.474138,0.827586,-0.448276,0.750000,-0.318966,0.689655,-0.344828,0.922414,-0.293103,0.818965,-0.258621,0.715517,-0.086207,0.715517,-0.155172,0.913793,-0.129310,0.793103,-0.094828,0.698276,0.112069,0.741379,0.017241,0.887931,0.025862,0.775862,0.060345,0.698276
0.000000,0.000000,0.000000,-0.344828,0.206897,-0.508621,0.500000,-0.543103,0.793103,-0.482759,1.000000,-0.543103,0.637931,-0.543103,0.913793,-0.491379,0.827586,-0.456897,0.750000,-0.318966,0.689655,-0.362069,0.922414,-0.318966,0.827586,-0.284483,0.724138,-0.103448,0.715517,-0.172414,0.922414,-0.155172,0.801724,-0.112069,0.706897,0.094828,0.741379,0.000000,0.896552,0.008621,0.793103,0.043103,0.715517
0.000000,0.000000,0.000000,-0.347826,0.191304,-0.504348,0.486957,-0.547826,0.791304,-0.495652,1.000000,-0.556522,0.634783,-0.565217,0.921739,-0.504348,0.852174,-0.469565,0.782609,-0.330435,0.686957,-0.373913,0.939130,-0.321739,0.843478,-0.286957,0.747826,-0.104348,0.713043,-0.182609,0.930435,-0.156522,0.817391,-0.121739,0.721739,0.095652,0.739130,0.000000,0.904348,0.008696,0.800000,0.052174,0.721739
0.000000,0.000000,0.000000,-0.342105,0.175439,-0.517544,0.482456,-0.552632,0.789474,-0.491228,1.000000,-0.543860,0.622807,-0.561404,0.929825,-0.500000,0.850877,-0.464912,0.763158,-0.315789,0.675439,-0.368421,0.947368,-0.324561,0.850877,-0.289474,0.754386,-0.087719,0.710526,-0.175439,0.947368,-0.149123,0.833333,-0.114035,0.736842,0.114035,0.728070,0.008772,0.912281,0.026316,0.815789,0.061404,0.736842
0.000000,0.000000,0.000000,-0.347826,0.191304,-0.513043,0.486957,-0.556522,0.782609,-0.513043,1.000000,-0.556522,0.617391,-0.565217,0.913043,-0.513043,0.843478,-0.478261,0.765217,-0.330435,0.669565,-0.382609,0.939130,-0.330435,0.843478,-0.295652,0.739130,-0.104348,0.704348,-0.191304,0.939130,-0.165217,0.826087,-0.121739,0.730435,0.095652,0.730435,-0.008696,0.913043,0.008696,0.808696,0.052174,0.730435
0.000000,0.000000,0.000000,-0.353982,0.176991,-0.530973,0.469027,-0.592920,0.787611,-0.548673,1.000000,-0.557522,0.619469,-0.592920,0.946903,-0.539823,0.893805,-0.495575,0.805310,-0.327434,0.681416,-0.398230,0.973451,-0.353982,0.893805,-0.318584,0.787611,-0.097345,0.716814,-0.194690,0.982301,-0.176991,0.876106,-0.132743,0.778761,0.115044,0.734513,-0.008850,0.946903,0.008850,0.849558,0.044248,0.769912
0.000000,0.000000,0.000000,-0.347826,0.182609,-0.530435,0.478261,-0.582609,0.782609,-0.539130,1.000000,-0.573913,0.608696,-0.608696,0.939130,-0.547826,0.913043,-0.495652,0.843478,-0.347826,0.669565,-0.408696,0.965217,-0.356522,0.878261,-0.321739,0.773913,-0.121739,0.704348,-0.217391,0.973913,-0.191304,0.869565,-0.147826,0.773913,0.078261,0.730435,-0.034783,0.939130,-0.017391,0.843478,0.017391,0.765217
0.000000,0.000000,0.000000,-0.338983,0.211864,-0.516949,0.500000,-0.567797,0.779661,-0.508475,1.000000,-0.559322,0.593220,-0.576271,0.915254,-0.516949,0.864407,-0.474576,0.796610,-0.338983,0.644068,-0.389830,0.940678,-0.330508,0.847458,-0.296610,0.745763,-0.118644,0.677966,-0.203390,0.949153,-0.177966,0.830508,-0.144068,0.737288,0.084746,0.711864,-0.025424,0.923729,-0.016949,0.822034,0.016949,0.745763
0.000000,0.000000,0.000000,-0.338983,0.211864,-0.516949,0.500000,-0.559322,0.788136,-0.500000,1.000000,-0.559322,0.601695,-0.576271,0.906780,-0.508475,0.864407,-0.466102,0.796610,-0.338983,0.644068,-0.381356,0.932203,-0.322034,0.838983,-0.288136,0.737288,-0.118644,0.686441,-0.203390,0.940678,-0.169492,0.822034,-0.135593,0.728814,0.076271,0.711864,-0.025424,0.915254,-0.008475,0.813559,0.025424,0.737288
0.000000,0.000000,0.000000,-0.342105,0.219298,-0.517544,0.508772,-0.552632,0.798246,-0.500000,1.000000,-0.570175,0.649123,-0.578947,0.947368,-0.508772,0.885965,-0.482456,0.815789,-0.350877,0.692982,-0.385965,0.956140,-0.324561,0.868421,-0.289474,0.763158,-0.122807,0.728070,-0.192982,0.956140,-0.157895,0.833333,-0.122807,0.736842,0.078947,0.763158,-0.017544,0.929825,0.000000,0.824561,0.043860,0.745614
0.000000,0.000000,0.000000,-0.357798,0.192661,-0.541284,0.486239,-0.568807,0.798165,-0.513761,1.000000,-0.587156,0.678899,-0.605505,0.981651,-0.541284,0.899083,-0.504587,0.816514,-0.348624,0.743119,-0.394495,0.981651,-0.339450,0.889908,-0.302752,0.779817,-0.119266,0.779817,-0.183486,0.981651,-0.155963,0.862385,-0.119266,0.761468,0.091743,0.798165,-0.009174,0.944954,0.000000,0.834862,0.036697,0.752294
0.000000,0.000000,0.000000,-0.376147,0.165138,-0.541284,0.440367,-0.587156,0.706422,-0.577982,0.889908,-0.568807,0.724771,-0.587156,1.000000,-0.541284,0.917431,-0.513761,0.825688,-0.339450,0.788991,-0.385321,1.000000,-0.348624,0.899083,-0.321101,0.798165,-0.110092,0.798165,-0.183486,0.981651,-0.165138,0.871560,-0.128440,0.761468,0.110092,0.798165,0.000000,0.944954,0.000000,0.834862,0.027523,0.743119
0.000000,0.000000,0.000000,-0.372727,0.209091,-0.536364,0.454545,-0.572727,0.690909,-0.545455,0.863636,-0.545455,0.772727,-0.554545,1.000000,-0.527273,0.881818,-0.518182,0.790909,-0.309091,0.800000,-0.381818,0.981818,-0.354545,0.854545,-0.327273,0.754545,-0.081818,0.790909,-0.181818,0.954545,-0.172727,0.809091,-0.136364,0.700000,0.109091,0.800000,-0.009091,0.909091,-0.027273,0.790909,0.000000,0.690909
0.000000,0.000000,0.000000,-0.388889,0.240741,-0.546296,0.518519,-0.564815,0.740741,-0.537037,0.916667,-0.527778,0.842593,-0.564815,1.000000,-0.537037,0.842593,-0.527778,0.759259,-0.296296,0.851852,-0.388889,0.972222,-0.370370,0.824074,-0.333333,0.722222,-0.074074,0.824074,-0.194444,0.935185,-0.185185,0.750000,-0.148148,0.629630,0.092593,0.833333,-0.018519,0.898148,-0.046296,0.759259,-0.018519,0.648148
0.000000,0.000000,0.000000,-0.427184,0.242718,-0.582524,0.543689,-0.611650,0.776699,-0.582524,0.951456,-0.553398,0.893204,-0.601942,1.000000,-0.572816,0.815534,-0.543689,0.737864,-0.310680,0.902913,-0.417476,0.980583,-0.388350,0.815534,-0.330097,0.708738,-0.087379,0.873786,-0.213592,0.951456,-0.213592,0.737864,-0.174757,0.611650,0.077670,0.893204,-0.029126,0.932039,-0.058252,0.766990,-0.029126,0.660194
0.000000,0.000000,0.000000,-0.425743,0.227723,-0.584158,0.524752,-0.613861,0.762376,-0.584158,0.930693,-0.564356,0.891089,-0.613861,1.000000,-0.574257,0.821782,-0.544554,0.742574,-0.316832,0.920792,-0.405941,1.000000,-0.386139,0.831683,-0.336634,0.722772,-0.089109,0.891089,-0.198020,0.960396,-0.198020,0.762376,-0.168317,0.623762,0.089109,0.900990,-0.019802,0.940594,-0.049505,0.782178,-0.029703,0.663366
0.000000,0.000000,0.000000,-0.421569,0.205882,-0.598039,0.480392,-0.637255,0.715686,-0.607843,0.882353,-0.568627,0.862745,-0.627451,0.980392,-0.598039,0.843137,-0.568627,0.754902,-0.323529,0.901961,-0.421569,1.000000,-0.401961,0.843137,-0.362745,0.745098,-0.107843,0.892157,-0.215686,0.970588,-0.215686,0.774510,-0.186275,0.656863,0.068627,0.892157,-0.029412,0.941176,-0.068627,0.794118,-0.049020,0.686275
0.000000,0.000000,0.000000,-0.435644,0.237624,-0.603960,0.514852,-0.633663,0.732673,-0.613861,0.910891,-0.564356,0.891089,-0.623762,0.990099,-0.594059,0.831683,-0.564356,0.742574,-0.326733,0.910891,-0.425743,1.000000,-0.405941,0.821782,-0.366337,0.722772,-0.108911,0.891089,-0.217822,0.960396,-0.227723,0.752475,-0.188119,0.623762,0.059406,0.900990,-0.039604,0.940594,-0.089109,0.772277,-0.059406,0.653465
0.000000,0.000000,0.000000,-0.435644,0.217822,-0.603960,0.495050,-0.643564,0.722772,-0.623762,0.900990,-0.574257,0.871287,-0.633663,0.980198,-0.603960,0.841584,-0.574257,0.752475,-0.336634,0.900990,-0.425743,1.000000,-0.396040,0.841584,-0.366337,0.732673,-0.108911,0.881188,-0.217822,0.970297,-0.227723,0.762376,-0.188119,0.633663,0.069307,0.891089,-0.029703,0.940594,-0.069307,0.792079,-0.049505,0.683168
0.000000,0.000000,0.000000,-0.407767,0.194175,-0.592233,0.466019,-0.631068,0.699029,-0.601942,0.873786,-0.553398,0.854369,-0.621359,0.961165,-0.592233,0.825243,-0.553398,0.737864,-0.330097,0.912621,-0.417476,1.000000,-0.398058,0.844660,-0.359223,0.747573,-0.106796,0.902913,-0.213592,0.980583,-0.213592,0.796117,-0.174757,0.679612,0.067961,0.902913,-0.029126,0.951456,-0.058252,0.815534,-0.048544,0.708738
0.000000,0.000000,0.000000,-0.435644,0.207921,-0.603960,0.465347,-0.653465,0.693069,-0.643564,0.871287,-0.584158,0.861386,-0.643564,0.970297,-0.613861,0.821782,-0.574257,0.732673,-0.346535,0.900990,-0.445545,1.000000,-0.405941,0.821782,-0.376238,0.722772,-0.128713,0.891089,-0.237624,0.960396,-0.237624,0.772277,-0.198020,0.643564,0.049505,0.900990,-0.039604,0.940594,-0.069307,0.792079,-0.049505,0.683168
0.000000,0.000000,0.000000,-0.430000,0.200000,-0.610000,0.470000,-0.660000,0.700000,-0.640000,0.880000,-0.600000,0.850000,-0.650000,0.970000,-0.610000,0.840000,-0.580000,0.740000,-0.360000,0.900000,-0.440000,1.000000,-0.400000,0.840000,-0.360000,0.740000,-0.130000,0.900000,-0.230000,0.980000,-0.220000,0.790000,-0.180000,0.660000,0.050000,0.910000,-0.040000,0.960000,-0.060000,0.810000,-0.040000,0.700000
0.000000,0.000000,0.000000,-0.444444,0.222222,-0.616162,0.494949,-0.656566,0.707071,-0.656566,0.888889,-0.606061,0.878788,-0.656566,0.979798,-0.616162,0.838384,-0.585859,0.747475,-0.363636,0.909091,-0.454545,1.000000,-0.414141,0.838384,-0.373737,0.737374,-0.131313,0.898990,-0.232323,0.969697,-0.232323,0.757576,-0.202020,0.626263,0.050505,0.919192,-0.050505,0.949495,-0.090909,0.787879,-0.060606,0.666667
0.000000,0.000000,0.000000,-0.424242,0.202020,-0.606061,0.474747,-0.646465,0.707071,-0.636364,0.888889,-0.595960,0.858586,-0.646465,0.969697,-0.616162,0.828283,-0.575758,0.747475,-0.353535,0.909091,-0.444444,1.000000,-0.404040,0.838384,-0.373737,0.737374,-0.131313,0.909091,-0.222222,0.979798,-0.222222,0.787879,-0.191919,0.656566,0.060606,0.909091,-0.030303,0.959596,-0.070707,0.808081,-0.050505,0.696970
0.000000,0.000000,0.000000,-0.434343,0.202020,-0.606061,0.474747,-0.656566,0.707071,-0.636364,0.878788,-0.585859,0.868687,-0.646465,0.969697,-0.616162,0.838384,-0.585859,0.747475,-0.353535,0.919192,-0.444444,1.000000,-0.404040,0.838384,-0.373737,0.737374,-0.131313,0.909091,-0.232323,0.979798,-0.232323,0.777778,-0.191919,0.656566,0.050505,0.909091,-0.040404,0.959596,-0.080808,0.808081,-0.060606,0.686869
0.000000,0.000000,0.000000,-0.424242,0.202020,-0.606061,0.464646,-0.646465,0.686869,-0.636364,0.868687,-0.595960,0.858586,-0.646465,0.969697,-0.616162,0.848485,-0.585859,0.747475,-0.353535,0.898990,-0.434343,1.000000,-0.404040,0.848485,-0.373737,0.747475,-0.131313,0.898990,-0.222222,0.979798,-0.232323,0.787879,-0.202020,0.656566,0.050505,0.898990,-0.030303,0.949495,-0.070707,0.808081,-0.060606,0.696970
0.000000,0.000000,0.000000,-0.420000,0.200000,-0.600000,0.460000,-0.650000,0.690000,-0.650000,0.870000,-0.570000,0.850000,-0.640000,0.960000,-0.620000,0.840000,-0.580000,0.740000,-0.340000,0.900000,-0.440000,1.000000,-0.420000,0.850000,-0.390000,0.760000,-0.120000,0.890000,-0.230000,0.970000,-0.240000,0.790000,-0.210000,0.670000,0.050000,0.900000,-0.040000,0.950000,-0.080000,0.810000,-0.070000,0.700000
0.000000,0.000000,0.000000,-0.414141,0.191919,-0.595960,0.454545,-0.656566,0.686869,-0.656566,0.868687,-0.575758,0.848485,-0.646465,0.969697,-0.616162,0.858586,-0.585859,0.767677,-0.343434,0.898990,-0.434343,1.000000,-0.414141,0.848485,-0.383838,0.757576,-0.121212,0.898990,-0.232323,0.979798,-0.232323,0.797980,-0.191919,0.676768,0.060606,0.909091,-0.030303,0.959596,-0.070707,0.818182,-0.050505,0.707071
0.000000,0.000000,0.000000,-0.420000,0.190000,-0.590000,0.450000,-0.650000,0.680000,-0.650000,0.850000,-0.570000,0.850000,-0.640000,0.970000,-0.620000,0.860000,-0.590000,0.780000,-0.340000,0.900000,-0.440000,1.000000,-0.410000,0.860000,-0.390000,0.770000,-0.120000,0.900000,-0.230000,0.980000,-0.230000,0.800000,-0.200000,0.680000,0.060000,0.890000,-0.040000,0.950000,-0.080000,0.820000,-0.060000,0.710000
0.000000,0.000000,0.000000,-0.410000,0.200000,-0.590000,0.460000,-0.640000,0.680000,-0.640000,0.850000,-0.560000,0.860000,-0.630000,0.970000,-0.600000,0.860000,-0.580000,0.780000,-0.330000,0.900000,-0.430000,1.000000,-0.410000,0.850000,-0.380000,0.760000,-0.110000,0.890000,-0.220000,0.970000,-0.230000,0.800000,-0.190000,0.680000,0.060000,0.900000,-0.030000,0.950000,-0.070000,0.810000,-0.050000,0.700000
0.000000,0.000000,0.000000,-0.414141,0.202020,-0.585859,0.464646,-0.636364,0.696970,-0.646465,0.868687,-0.575758,0.858586,-0.636364,0.979798,-0.606061,0.858586,-0.575758,0.777778,-0.343434,0.898990,-0.434343,1.000000,-0.404040,0.848485,-0.373737,0.757576,-0.111111,0.898990,-0.222222,0.979798,-0.222222,0.787879,-0.191919,0.666667,0.060606,0.909091,-0.030303,0.949495,-0.070707,0.808081,-0.050505,0.696970
0.000000,0.000000,0.000000,-0.414141,0.202020,-0.585859,0.464646,-0.636364,0.686869,-0.636364,0.858586,-0.565657,0.858586,-0.626263,0.979798,-0.595960,0.868687,-0.575758,0.787879,-0.333333,0.898990,-0.424242,1.000000,-0.393939,0.848485,-0.373737,0.757576,-0.111111,0.888889,-0.212121,0.969697,-0.222222,0.787879,-0.191919,0.666667,0.070707,0.898990,-0.020202,0.949495,-0.070707,0.808081,-0.050505,0.696970
0.000000,0.000000,0.000000,-0.438776,0.224490,-0.602041,0.500000,-0.642857,0.724490,-0.653061,0.908163,-0.591837,0.877551,-0.642857,0.979592,-0.612245,0.846939,-0.591837,0.765306,-0.346939,0.897959,-0.438776,1.000000,-0.408163,0.836735,-0.377551,0.734694,-0.122449,0.887755,-0.234694,0.969388,-0.234694,0.765306,-0.204082,0.632653,0.051020,0.908163,-0.040816,0.959184,-0.091837,0.795918,-0.071429,0.683673
0.000000,0.000000,0.000000,-0.414141,0.191919,-0.585859,0.454545,-0.646465,0.676768,-0.656566,0.858586,-0.575758,0.858586,-0.636364,0.969697,-0.616162,0.868687,-0.585859,0.777778,-0.343434,0.898990,-0.434343,1.000000,-0.414141,0.858586,-0.393939,0.767677,-0.121212,0.888889,-0.222222,0.969697,-0.232323,0.797980,-0.212121,0.666667,0.060606,0.898990,-0.040404,0.939394,-0.080808,0.797980,-0.070707,0.686869
0.000000,0.000000,0.000000,-0.410000,0.190000,-0.570000,0.450000,-0.630000,0.680000,-0.640000,0.850000,-0.570000,0.850000,-0.620000,0.960000,-0.590000,0.850000,-0.570000,0.770000,-0.340000,0.890000,-0.420000,1.000000,-0.400000,0.860000,-0.380000,0.760000,-0.110000,0.890000,-0.210000,0.970000,-0.220000,0.800000,-0.190000,0.680000,0.070000,0.890000,-0.020000,0.940000,-0.070000,0.810000,-0.050000,0.700000
0.000000,0.000000,0.000000,-0.396040,0.168317,-0.564356,0.425743,-0.623762,0.653465,-0.623762,0.821782,-0.564356,0.821782,-0.623762,0.970297,-0.594059,0.891089,-0.564356,0.811881,-0.336634,0.881188,-0.415842,1.000000,-0.396040,0.871287,-0.366337,0.782178,-0.118812,0.891089,-0.198020,0.980198,-0.207921,0.831683,-0.178218,0.712871,0.069307,0.891089,-0.009901,0.950495,-0.049505,0.831683,-0.029703,0.722772
0.000000,0.000000,0.000000,-0.410000,0.170000,-0.590000,0.440000,-0.650000,0.680000,-0.640000,0.840000,-0.570000,0.850000,-0.640000,0.980000,-0.620000,0.860000,-0.580000,0.770000,-0.340000,0.910000,-0.440000,1.000000,-0.420000,0.870000,-0.390000,0.780000,-0.120000,0.910000,-0.230000,0.990000,-0.230000,0.830000,-0.200000,0.710000,0.060000,0.900000,-0.050000,0.960000,-0.080000,0.830000,-0.060000,0.720000
0.000000,0.000000,0.000000,-0.414141,0.212121,-0.595960,0.484848,-0.636364,0.717172,-0.636364,0.888889,-0.575758,0.858586,-0.646465,0.989899,-0.616162,0.858586,-0.575758,0.767677,-0.333333,0.898990,-0.444444,1.000000,-0.414141,0.858586,-0.373737,0.757576,-0.121212,0.898990,-0.232323,0.989899,-0.232323,0.808081,-0.202020,0.676768,0.060606,0.909091,-0.050505,0.969697,-0.080808,0.818182,-0.060606,0.707071
0.000000,0.000000,0.000000,-0.414141,0.171717,-0.595960,0.444444,-0.656566,0.676768,-0.666667,0.848485,-0.595960,0.838384,-0.656566,0.979798,-0.626263,0.858586,-0.595960,0.767677,-0.363636,0.888889,-0.454545,1.000000,-0.434343,0.858586,-0.404040,0.767677,-0.141414,0.898990,-0.242424,0.989899,-0.242424,0.828283,-0.212121,0.707071,0.050505,0.898990,-0.060606,0.969697,-0.080808,0.828283,-0.060606,0.727273
0.000000,0.000000,0.000000,-0.405941,0.178218,-0.584158,0.435644,-0.653465,0.673267,-0.663366,0.831683,-0.574257,0.831683,-0.653465,0.970297,-0.623762,0.841584,-0.584158,0.762376,-0.346535,0.881188,-0.455446,1.000000,-0.435644,0.861386,-0.405941,0.772277,-0.128713,0.891089,-0.247525,0.990099,-0.247525,0.841584,-0.207921,0.722772,0.049505,0.881188,-0.059406,0.960396,-0.089109,0.831683,-0.059406,0.722772
0.000000,0.000000,0.000000,-0.428571,0.214286,-0.612245,0.479592,-0.663265,0.704082,-0.663265,0.887755,-0.622449,0.846939,-0.663265,1.000000,-0.622449,0.857143,-0.602041,0.765306,-0.377551,0.877551,-0.469388,1.000000,-0.428571,0.846939,-0.387755,0.744898,-0.153061,0.887755,-0.255102,0.979592,-0.244898,0.785714,-0.214286,0.663265,0.030612,0.908163,-0.071429,0.959184,-0.091837,0.806122,-0.061224,0.693878
0.000000,0.000000,0.000000,-0.424242,0.191919,-0.616162,0.464646,-0.656566,0.686869,-0.656566,0.868687,-0.636364,0.828283,-0.676768,0.989899,-0.636364,0.838384,-0.616162,0.747475,-0.393939,0.878788,-0.484848,1.000000,-0.454545,0.848485,-0.414141,0.747475,-0.161616,0.878788,-0.262626,0.979798,-0.252525,0.797980,-0.222222,0.676768,0.030303,0.898990,-0.080808,0.969697,-0.101010,0.818182,-0.070707,0.707071
0.000000,0.000000,0.000000,-0.447917,0.208333,-0.635417,0.479167,-0.687500,0.708333,-0.697917,0.895833,-0.666667,0.833333,-0.697917,1.000000,-0.656250,0.864583,-0.635417,0.770833,-0.416667,0.875000,-0.500000,1.000000,-0.447917,0.843750,-0.406250,0.739583,-0.166667,0.885417,-0.281250,0.989583,-0.260417,0.791667,-0.218750,0.666667,0.020833,0.927083,-0.093750,0.979167,-0.114583,0.822917,-0.072917,0.708333
0.000000,0.000000,0.000000,-0.442105,0.200000,-0.631579,0.473684,-0.684211,0.694737,-0.694737,0.884211,-0.673684,0.831579,-0.715789,1.000000,-0.663158,0.852632,-0.642105,0.757895,-0.421053,0.873684,-0.515789,1.000000,-0.463158,0.842105,-0.421053,0.736842,-0.178947,0.884211,-0.294737,0.989474,-0.273684,0.789474,-0.231579,0.663158,0.010526,0.915789,-0.094737,0.978947,-0.115789,0.821053,-0.084211,0.705263
0.000000,0.000000,0.000000,-0.432990,0.144330,-0.628866,0.402062,-0.690722,0.639175,-0.690722,0.793814,-0.659794,0.804124,-0.711340,0.979381,-0.690722,0.824742,-0.659794,0.731959,-0.422680,0.876289,-0.525773,1.000000,-0.505155,0.855670,-0.463918,0.762887,-0.185567,0.886598,-0.309278,1.000000,-0.298969,0.855670,-0.257732,0.742268,0.010309,0.896907,-0.103093,0.979381,-0.123711,0.855670,-0.092784,0.752577
0.000000,0.000000,0.000000,-0.443299,0.144330,-0.639175,0.412371,-0.711340,0.649485,-0.680412,0.804124,-0.680412,0.814433,-0.742268,0.979381,-0.711340,0.824742,-0.680412,0.721649,-0.453608,0.886598,-0.556701,1.000000,-0.525773,0.855670,-0.474227,0.752577,-0.206186,0.896907,-0.319588,1.000000,-0.309278,0.855670,-0.257732,0.731959,-0.010309,0.896907,-0.123711,0.969072,-0.134021,0.845361,-0.103093,0.742268
0.000000,0.000000,0.000000,-0.434343,0.111111,-0.626263,0.373737,-0.707071,0.626263,-0.676768,0.777778,-0.676768,0.787879,-0.737374,0.969697,-0.707071,0.828283,-0.676768,0.727273,-0.454545,0.878788,-0.545455,1.000000,-0.525253,0.858586,-0.474747,0.767677,-0.212121,0.898990,-0.323232,1.000000,-0.313131,0.878788,-0.262626,0.767677,-0.010101,0.888889,-0.121212,0.979798,-0.131313,0.868687,-0.090909,0.767677
0.000000,0.000000,0.000000,-0.430000,0.100000,-0.630000,0.350000,-0.730000,0.620000,-0.700000,0.770000,-0.650000,0.740000,-0.730000,0.970000,-0.710000,0.840000,-0.670000,0.730000,-0.440000,0.840000,-0.540000,1.000000,-0.520000,0.870000,-0.490000,0.780000,-0.200000,0.880000,-0.320000,1.000000,-0.310000,0.890000,-0.260000,0.780000,0.000000,0.870000,-0.120000,0.980000,-0.130000,0.870000,-0.100000,0.770000
0.000000,0.000000,0.000000,-0.444444,0.111111,-0.636364,0.383838,-0.727273,0.646465,-0.696970,0.818182,-0.676768,0.737374,-0.747475,0.969697,-0.717172,0.848485,-0.676768,0.747475,-0.444444,0.838384,-0.555556,1.000000,-0.525253,0.868687,-0.484848,0.777778,-0.202020,0.878788,-0.333333,1.000000,-0.323232,0.878788,-0.272727,0.767677,0.000000,0.888889,-0.131313,0.979798,-0.141414,0.858586,-0.101010,0.757576
0.000000,0.000000,0.000000,-0.415842,0.118812,-0.603960,0.386139,-0.683168,0.643564,-0.653465,0.801980,-0.663366,0.712871,-0.712871,0.970297,-0.683168,0.861386,-0.653465,0.752475,-0.445545,0.821782,-0.524752,1.000000,-0.495050,0.881188,-0.455446,0.782178,-0.207921,0.861386,-0.316832,1.000000,-0.297030,0.881188,-0.247525,0.782178,-0.009901,0.871287,-0.118812,0.970297,-0.108911,0.861386,-0.069307,0.762376
0.000000,0.000000,0.000000,-0.411765,0.147059,-0.588235,0.411765,-0.666667,0.656863,-0.637255,0.823529,-0.676471,0.705882,-0.705882,0.960784,-0.666667,0.862745,-0.637255,0.764706,-0.450980,0.794118,-0.529412,1.000000,-0.480392,0.872549,-0.450980,0.784314,-0.225490,0.843137,-0.323529,1.000000,-0.294118,0.882353,-0.245098,0.774510,-0.019608,0.872549,-0.127451,0.970588,-0.117647,0.862745,-0.078431,0.764706
0.000000,0.000000,0.000000,-0.407767,0.126214,-0.582524,0.398058,-0.650485,0.650485,-0.601942,0.805825,-0.660194,0.699029,-0.699029,0.951456,-0.660194,0.844660,-0.631068,0.747573,-0.436893,0.796117,-0.514563,0.990291,-0.475728,0.873786,-0.446602,0.786408,-0.213592,0.844660,-0.310680,1.000000,-0.291262,0.883495,-0.242718,0.776699,-0.009709,0.854369,-0.106796,0.961165,-0.106796,0.854369,-0.067961,0.766990
0.000000,0.000000,0.000000,-0.407767,0.106796,-0.582524,0.378641,-0.669903,0.660194,-0.640777,0.825243,-0.640777,0.689320,-0.689320,0.951456,-0.660194,0.844660,-0.631068,0.737864,-0.427184,0.796117,-0.514563,1.000000,-0.495146,0.883495,-0.456311,0.786408,-0.194175,0.844660,-0.300971,1.000000,-0.291262,0.893204,-0.242718,0.786408,0.009709,0.844660,-0.106796,0.970874,-0.106796,0.864078,-0.067961,0.766990
0.000000,0.000000,0.000000,-0.417476,0.126214,-0.592233,0.398058,-0.669903,0.669903,-0.650485,0.844660,-0.640777,0.689320,-0.708738,0.951456,-0.669903,0.844660,-0.631068,0.737864,-0.427184,0.796117,-0.524272,1.000000,-0.495146,0.883495,-0.456311,0.786408,-0.194175,0.834951,-0.320388,1.000000,-0.300971,0.883495,-0.252427,0.776699,0.009709,0.854369,-0.116505,0.970874,-0.116505,0.864078,-0.077670,0.766990
0.000000,0.000000,0.000000,-0.390476,0.152381,-0.552381,0.419048,-0.628571,0.676190,-0.619048,0.838095,-0.619048,0.695238,-0.666667,0.942857,-0.628571,0.847619,-0.600000,0.752381,-0.409524,0.780952,-0.495238,1.000000,-0.466667,0.885714,-0.438095,0.800000,-0.190476,0.828571,-0.295238,1.000000,-0.285714,0.876190,-0.238095,0.780952,0.019048,0.847619,-0.104762,0.961905,-0.104762,0.857143,-0.066667,0.771429
0.000000,0.000000,0.000000,-0.386792,0.122642,-0.547170,0.396226,-0.641509,0.679245,-0.641509,0.849057,-0.584906,0.688679,-0.650943,0.952830,-0.613208,0.849057,-0.575472,0.745283,-0.377358,0.783019,-0.462264,1.000000,-0.443396,0.896226,-0.415094,0.801887,-0.160377,0.820755,-0.264151,1.000000,-0.264151,0.896226,-0.216981,0.801887,0.037736,0.830189,-0.084906,0.962264,-0.084906,0.867925,-0.056604,0.783019
0.000000,0.000000,0.000000,-0.386792,0.132075,-0.547170,0.396226,-0.622642,0.679245,-0.622642,0.849057,-0.584906,0.688679,-0.650943,0.952830,-0.622642,0.849057,-0.584906,0.745283,-0.377358,0.783019,-0.471698,1.000000,-0.452830,0.896226,-0.424528,0.801887,-0.160377,0.820755,-0.273585,1.000000,-0.264151,0.896226,-0.216981,0.792453,0.037736,0.820755,-0.084906,0.971698,-0.094340,0.867925,-0.056604,0.773585
0.000000,0.000000,0.000000,-0.377358,0.132075,-0.547170,0.405660,-0.632075,0.679245,-0.632075,0.858491,-0.575472,0.688679,-0.632075,0.952830,-0.603774,0.849057,-0.566038,0.745283,-0.358491,0.773585,-0.452830,1.000000,-0.433962,0.886792,-0.405660,0.792453,-0.141509,0.811321,-0.254717,0.990566,-0.254717,0.886792,-0.207547,0.792453,0.047170,0.811321,-0.075472,0.952830,-0.084906,0.858491,-0.047170,0.773585
0.000000,0.000000,0.000000,-0.380952,0.114286,-0.552381,0.400000,-0.647619,0.685714,-0.657143,0.876190,-0.571429,0.685714,-0.638095,0.961905,-0.609524,0.847619,-0.571429,0.742857,-0.352381,0.771429,-0.457143,1.000000,-0.447619,0.904762,-0.409524,0.800000,-0.142857,0.809524,-0.257143,1.000000,-0.257143,0.904762,-0.219048,0.800000,0.057143,0.809524,-0.076190,0.961905,-0.085714,0.866667,-0.047619,0.780952
0.000000,0.000000,0.000000,-0.384615,0.144231,-0.548077,0.423077,-0.644231,0.701923,-0.653846,0.884615,-0.576923,0.692308,-0.634615,0.971154,-0.596154,0.855769,-0.567308,0.759615,-0.355769,0.778846,-0.451923,1.000000,-0.432692,0.903846,-0.403846,0.807692,-0.144231,0.807692,-0.259615,1.000000,-0.259615,0.894231,-0.211538,0.798077,0.057692,0.807692,-0.076923,0.961538,-0.086538,0.875000,-0.048077,0.788462
0.000000,0.000000,0.000000,-0.371429,0.142857,-0.552381,0.419048,-0.647619,0.685714,-0.676190,0.876190,-0.561905,0.685714,-0.628571,0.961905,-0.600000,0.847619,-0.561905,0.752381,-0.352381,0.771429,-0.447619,1.000000,-0.438095,0.895238,-0.400000,0.800000,-0.142857,0.800000,-0.257143,1.000000,-0.257143,0.895238,-0.209524,0.800000,0.047619,0.800000,-0.076190,0.961905,-0.085714,0.876190,-0.047619,0.790476
0.000000,0.000000,0.000000,-0.361905,0.133333,-0.533333,0.409524,-0.638095,0.685714,-0.666667,0.876190,-0.552381,0.695238,-0.619048,0.961905,-0.590476,0.857143,-0.552381,0.771429,-0.342857,0.771429,-0.438095,1.000000,-0.428571,0.895238,-0.390476,0.809524,-0.133333,0.800000,-0.247619,1.000000,-0.247619,0.895238,-0.200000,0.800000,0.057143,0.800000,-0.066667,0.961905,-0.085714,0.876190,-0.047619,0.800000
0.000000,0.000000,0.000000,-0.368932,0.165049,-0.533981,0.446602,-0.621359,0.728155,-0.631068,0.912621,-0.553398,0.699029,-0.611650,0.970874,-0.572816,0.873786,-0.533981,0.796117,-0.339806,0.766990,-0.427184,1.000000,-0.407767,0.912621,-0.378641,0.815534,-0.126214,0.805825,-0.223301,1.000000,-0.233010,0.893204,-0.184466,0.796117,0.067961,0.805825,-0.048544,0.961165,-0.067961,0.883495,-0.029126,0.796117
0.000000,0.000000,0.000000,-0.382353,0.147059,-0.549020,0.441176,-0.627451,0.735294,-0.598039,0.921569,-0.558824,0.686275,-0.627451,0.960784,-0.588235,0.862745,-0.549020,0.774510,-0.333333,0.764706,-0.431373,1.000000,-0.421569,0.901961,-0.392157,0.813725,-0.117647,0.794118,-0.225490,0.990196,-0.235294,0.892157,-0.196078,0.794118,0.078431,0.794118,-0.049020,0.950980,-0.058824,0.872549,-0.029412,0.784314
0.000000,0.000000,0.000000,-0.386139,0.148515,-0.554455,0.415842,-0.643564,0.683168,-0.653465,0.871287,-0.574257,0.683168,-0.633663,0.950495,-0.603960,0.851485,-0.564356,0.762376,-0.356436,0.762376,-0.455446,1.000000,-0.435644,0.900990,-0.405941,0.811881,-0.138614,0.801980,-0.247525,1.000000,-0.247525,0.891089,-0.207921,0.792079,0.059406,0.801980,-0.069307,0.960396,-0.079208,0.881188,-0.039604,0.792079
0.000000,0.000000,0.000000,-0.386139,0.138614,-0.544554,0.415842,-0.623762,0.683168,-0.613861,0.861386,-0.564356,0.673267,-0.623762,0.940594,-0.584158,0.841584,-0.544554,0.752475,-0.346535,0.752475,-0.435644,1.000000,-0.415842,0.900990,-0.386139,0.801980,-0.118812,0.792079,-0.237624,0.990099,-0.227723,0.891089,-0.188119,0.792079,0.069307,0.792079,-0.059406,0.950495,-0.069307,0.861386,-0.029703,0.762376
0.000000,0.000000,0.000000,-0.377551,0.163265,-0.551020,0.459184,-0.622449,0.724490,-0.622449,0.908163,-0.561224,0.704082,-0.602041,0.969388,-0.561224,0.867347,-0.530612,0.775510,-0.326531,0.775510,-0.408163,1.000000,-0.377551,0.897959,-0.346939,0.806122,-0.102041,0.806122,-0.204082,0.989796,-0.193878,0.887755,-0.153061,0.785714,0.102041,0.806122,-0.020408,0.948980,-0.030612,0.857143,0.010204,0.755102
0.000000,0.000000,0.000000,-0.377551,0.173469,-0.551020,0.459184,-0.642857,0.755102,-0.612245,0.928571,-0.540816,0.714286,-0.571429,0.989796,-0.540816,0.877551,-0.510204,0.775510,-0.306122,0.785714,-0.377551,1.000000,-0.357143,0.897959,-0.336735,0.795918,-0.071429,0.806122,-0.173469,0.979592,-0.173469,0.887755,-0.142857,0.785714,0.122449,0.806122,0.000000,0.938776,0.000000,0.846939,0.030612,0.755102
0.000000,0.000000,0.000000,-0.383838,0.171717,-0.535354,0.444444,-0.606061,0.727273,-0.606061,0.888889,-0.515152,0.707071,-0.565657,0.969697,-0.535354,0.868687,-0.494949,0.757576,-0.292929,0.777778,-0.373737,1.000000,-0.363636,0.888889,-0.333333,0.787879,-0.070707,0.797980,-0.171717,0.979798,-0.171717,0.878788,-0.141414,0.767677,0.121212,0.787879,0.000000,0.929293,-0.010101,0.838384,0.030303,0.737374
0.000000,0.000000,0.000000,-0.375000,0.187500,-0.520833,0.479167,-0.593750,0.750000,-0.562500,0.906250,-0.520833,0.729167,-0.552083,0.989583,-0.520833,0.885417,-0.479167,0.781250,-0.281250,0.802083,-0.354167,1.000000,-0.333333,0.895833,-0.302083,0.802083,-0.062500,0.812500,-0.145833,0.989583,-0.145833,0.885417,-0.104167,0.781250,0.135417,0.802083,0.031250,0.937500,0.020833,0.833333,0.052083,0.739583
0.000000,0.000000,0.000000,-0.387097,0.172043,-0.537634,0.473118,-0.602151,0.752688,-0.559140,0.903226,-0.505376,0.741935,-0.548387,1.000000,-0.526882,0.892473,-0.494624,0.774194,-0.268817,0.806452,-0.344086,1.000000,-0.333333,0.892473,-0.301075,0.795699,-0.053763,0.817204,-0.139785,0.978495,-0.150538,0.881720,-0.118280,0.774194,0.150538,0.795699,0.043011,0.924731,0.021505,0.827957,0.053763,0.731183
0.000000,0.000000,0.000000,-0.391304,0.173913,-0.521739,0.456522,-0.576087,0.728261,-0.543478,0.891304,-0.478261,0.750000,-0.521739,1.000000,-0.510870,0.880435,-0.478261,0.771739,-0.250000,0.815217,-0.326087,1.000000,-0.315217,0.891304,-0.304348,0.793478,-0.032609,0.815217,-0.130435,0.967391,-0.130435,0.880435,-0.108696,0.771739,0.152174,0.793478,0.054348,0.923913,0.032609,0.836957,0.054348,0.728261
0.000000,0.000000,0.000000,-0.377778,0.177778,-0.511111,0.455556,-0.577778,0.733333,-0.566667,0.888889,-0.477778,0.766667,-0.500000,1.000000,-0.488889,0.888889,-0.466667,0.777778,-0.255556,0.822222,-0.311111,1.000000,-0.300000,0.888889,-0.288889,0.788889,-0.033333,0.822222,-0.122222,0.977778,-0.122222,0.866667,-0.100000,0.755556,0.155556,0.788889,0.055556,0.911111,0.033333,0.811111,0.055556,0.711111
0.000000,0.000000,0.000000,-0.386364,0.181818,-0.534091,0.443182,-0.602273,0.715909,-0.590909,0.875000,-0.454545,0.784091,-0.511364,1.000000,-0.511364,0.863636,-0.488636,0.761364,-0.238636,0.840909,-0.329545,1.000000,-0.329545,0.886364,-0.318182,0.795455,-0.022727,0.829545,-0.125000,0.965909,-0.147727,0.863636,-0.113636,0.761364,0.159091,0.784091,0.045455,0.897727,0.022727,0.806818,0.034091,0.704545
0.000000,0.000000,0.000000,-0.395349,0.220930,-0.523256,0.488372,-0.593023,0.744186,-0.581395,0.918605,-0.476744,0.802326,-0.500000,1.000000,-0.500000,0.872093,-0.500000,0.779070,-0.244186,0.825581,-0.325581,1.000000,-0.325581,0.872093,-0.313953,0.779070,-0.023256,0.813953,-0.116279,0.965116,-0.139535,0.837209,-0.127907,0.720930,0.151163,0.790698,0.058140,0.883721,0.011628,0.779070,0.023256,0.674419
0.000000,0.000000,0.000000,-0.388235,0.188235,-0.529412,0.470588,-0.611765,0.741176,-0.588235,0.894118,-0.458824,0.800000,-0.494118,1.000000,-0.494118,0.870588,-0.482353,0.776471,-0.235294,0.835294,-0.305882,1.000000,-0.317647,0.870588,-0.305882,0.788235,-0.011765,0.823529,-0.105882,0.964706,-0.129412,0.847059,-0.105882,0.741176,0.164706,0.776471,0.070588,0.894118,0.023529,0.788235,0.047059,0.694118
0.000000,0.000000,0.000000,-0.392857,0.226190,-0.535714,0.500000,-0.583333,0.773810,-0.535714,0.928571,-0.464286,0.809524,-0.500000,1.000000,-0.500000,0.869048,-0.488095,0.773810,-0.238095,0.845238,-0.321429,1.000000,-0.321429,0.857143,-0.309524,0.773810,-0.011905,0.821429,-0.107143,0.976190,-0.130952,0.833333,-0.119048,0.726190,0.166667,0.797619,0.071429,0.904762,0.023810,0.797619,0.035714,0.702381
0.000000,0.000000,0.000000,-0.392857,0.214286,-0.535714,0.488095,-0.583333,0.750000,-0.559524,0.928571,-0.464286,0.797619,-0.500000,0.988095,-0.500000,0.869048,-0.488095,0.773810,-0.238095,0.821429,-0.321429,1.000000,-0.321429,0.869048,-0.309524,0.785714,-0.023810,0.809524,-0.107143,0.964286,-0.142857,0.833333,-0.119048,0.726190,0.166667,0.785714,0.059524,0.892857,0.011905,0.785714,0.023810,0.690476
0.000000,0.000000,0.000000,-0.380952,0.214286,-0.535714,0.500000,-0.583333,0.761905,-0.559524,0.952381,-0.464286,0.785714,-0.500000,1.000000,-0.500000,0.880952,-0.488095,0.773810,-0.238095,0.821429,-0.321429,1.000000,-0.333333,0.869048,-0.309524,0.785714,-0.011905,0.797619,-0.119048,0.976190,-0.142857,0.845238,-0.119048,0.738095,0.166667,0.785714,0.059524,0.904762,0.011905,0.809524,0.023810,0.714286
0.000000,0.000000,0.000000,-0.376471,0.188235,-0.517647,0.482353,-0.564706,0.764706,-0.529412,0.941176,-0.458824,0.764706,-0.494118,0.988235,-0.494118,0.870588,-0.470588,0.776471,-0.235294,0.800000,-0.305882,1.000000,-0.317647,0.882353,-0.305882,0.788235,-0.011765,0.788235,-0.105882,0.976471,-0.129412,0.858824,-0.105882,0.752941,0.164706,0.776471,0.070588,0.917647,0.023529,0.823529,0.047059,0.729412
0.000000,0.000000,0.000000,-0.367816,0.172414,-0.517241,0.459770,-0.563218,0.747126,-0.528736,0.908046,-0.448276,0.724138,-0.494253,0.965517,-0.482759,0.862069,-0.459770,0.770115,-0.218391,0.770115,-0.298851,1.000000,-0.310345,0.885057,-0.287356,0.793103,-0.011494,0.770115,-0.091954,0.965517,-0.126437,0.862069,-0.091954,0.758621,0.172414,0.747126,0.080460,0.908046,0.034483,0.827586,0.057471,0.735632
0.000000,0.000000,0.000000,-0.372093,0.220930,-0.523256,0.500000,-0.581395,0.767442,-0.558140,0.953488,-0.465116,0.732558,-0.488372,0.976744,-0.476744,0.883721,-0.453488,0.790698,-0.232558,0.767442,-0.313953,1.000000,-0.302326,0.883721,-0.290698,0.790698,-0.023256,0.767442,-0.104651,0.965116,-0.127907,0.848837,-0.104651,0.744186,0.162791,0.767442,0.069767,0.918605,0.023256,0.837209,0.046512,0.744186
0.000000,0.000000,0.000000,-0.367816,0.206897,-0.517241,0.482759,-0.574713,0.747126,-0.563218,0.931035,-0.459770,0.735632,-0.494253,0.965517,-0.482759,0.885057,-0.459770,0.804598,-0.229885,0.770115,-0.310345,1.000000,-0.321839,0.896552,-0.298851,0.816092,-0.022989,0.770115,-0.103448,0.965517,-0.137931,0.862069,-0.103448,0.770115,0.160920,0.758621,0.068966,0.908046,0.022989,0.839080,0.034483,0.747126
0.000000,0.000000,0.000000,-0.388235,0.200000,-0.529412,0.505882,-0.588235,0.788235,-0.552941,0.964706,-0.458824,0.741176,-0.494118,0.988235,-0.482353,0.882353,-0.458824,0.788235,-0.223529,0.788235,-0.305882,1.000000,-0.305882,0.882353,-0.294118,0.800000,-0.011765,0.788235,-0.105882,0.976471,-0.129412,0.858824,-0.094118,0.752941,0.176471,0.764706,0.070588,0.917647,0.023529,0.835294,0.047059,0.741176
0.000000,0.000000,0.000000,-0.372093,0.174419,-0.523256,0.476744,-0.581395,0.767442,-0.546512,0.930233,-0.441860,0.732558,-0.488372,0.976744,-0.476744,0.872093,-0.453488,0.779070,-0.220930,0.779070,-0.302326,1.000000,-0.302326,0.883721,-0.290698,0.790698,0.000000,0.779070,-0.093023,0.965116,-0.116279,0.860465,-0.093023,0.755814,0.186047,0.744186,0.081395,0.895349,0.034884,0.813953,0.046512,0.732558
0.000000,0.000000,0.000000,-0.372093,0.186047,-0.523256,0.476744,-0.569767,0.767442,-0.523256,0.941860,-0.430233,0.744186,-0.476744,0.976744,-0.476744,0.860465,-0.453488,0.767442,-0.209302,0.790698,-0.290698,1.000000,-0.302326,0.883721,-0.290698,0.790698,0.000000,0.790698,-0.093023,0.965116,-0.116279,0.860465,-0.093023,0.755814,0.186047,0.755814,0.081395,0.906977,0.034884,0.825581,0.058140,0.732558
0.000000,0.000000,0.000000,-0.388235,0.176471,-0.541176,0.470588,-0.588235,0.764706,-0.552941,0.929412,-0.447059,0.764706,-0.482353,0.988235,-0.482353,0.870588,-0.458824,0.776471,-0.211765,0.811765,-0.294118,1.000000,-0.305882,0.882353,-0.294118,0.788235,0.000000,0.800000,-0.094118,0.964706,-0.129412,0.858824,-0.094118,0.752941,0.188235,0.752941,0.070588,0.905882,0.035294,0.811765,0.047059,0.717647
0.000000,0.000000,0.000000,-0.369048,0.202381,-0.523810,0.488095,-0.571429,0.761905,-0.535714,0.928571,-0.428571,0.773810,-0.476190,1.000000,-0.476190,0.869048,-0.464286,0.773810,-0.202381,0.809524,-0.285714,1.000000,-0.309524,0.869048,-0.297619,0.785714,0.011905,0.797619,-0.083333,0.964286,-0.119048,0.845238,-0.095238,0.738095,0.190476,0.773810,0.083333,0.904762,0.035714,0.821429,0.047619,0.714286
0.000000,0.000000,0.000000,-0.364706,0.176471,-0.529412,0.470588,-0.588235,0.776471,-0.529412,0.917647,-0.411765,0.764706,-0.458824,1.000000,-0.458824,0.882353,-0.435294,0.764706,-0.188235,0.823529,-0.270588,0.988235,-0.282353,0.870588,-0.270588,0.776471,0.023529,0.800000,-0.070588,0.952941,-0.094118,0.847059,-0.070588,0.741176,0.211765,0.752941,0.105882,0.894118,0.070588,0.811765,0.082353,0.717647
0.000000,0.000000,0.000000,-0.388235,0.152941,-0.541176,0.447059,-0.611765,0.752941,-0.564706,0.917647,-0.423529,0.776471,-0.470588,1.000000,-0.482353,0.858824,-0.458824,0.741176,-0.200000,0.823529,-0.282353,0.988235,-0.305882,0.870588,-0.282353,0.764706,0.011765,0.811765,-0.082353,0.941176,-0.105882,0.847059,-0.082353,0.741176,0.200000,0.764706,0.094118,0.882353,0.058824,0.800000,0.082353,0.694118
0.000000,0.000000,0.000000,-0.395349,0.151163,-0.558140,0.441860,-0.627907,0.755814,-0.569767,0.918605,-0.430233,0.779070,-0.488372,1.000000,-0.488372,0.872093,-0.465116,0.755814,-0.197674,0.825581,-0.290698,0.988372,-0.302326,0.872093,-0.279070,0.767442,0.023256,0.813953,-0.081395,0.941860,-0.104651,0.860465,-0.081395,0.744186,0.209302,0.767442,0.093023,0.883721,0.069767,0.802326,0.093023,0.709302
0.000000,0.000000,0.000000,-0.390805,0.149425,-0.551724,0.448276,-0.632184,0.770115,-0.586207,0.931035,-0.459770,0.758621,-0.505747,1.000000,-0.494253,0.873563,-0.471264,0.758621,-0.218391,0.816092,-0.310345,0.988506,-0.310345,0.873563,-0.287356,0.781609,0.000000,0.816092,-0.091954,0.954023,-0.114943,0.862069,-0.080460,0.747126,0.195402,0.770115,0.091954,0.896552,0.068966,0.804598,0.091954,0.712644
0.000000,0.000000,0.000000,-0.395604,0.142857,-0.560440,0.439560,-0.637363,0.747253,-0.593407,0.912088,-0.439560,0.758242,-0.516484,1.000000,-0.516484,0.868132,-0.483516,0.747253,-0.197802,0.813187,-0.318681,1.000000,-0.340659,0.890110,-0.307692,0.791209,0.021978,0.802198,-0.109890,0.967033,-0.131868,0.868132,-0.098901,0.769231,0.197802,0.758242,0.076923,0.901099,0.043956,0.813187,0.065934,0.725275
0.000000,0.000000,0.000000,-0.400000,0.157895,-0.557895,0.452632,-0.642105,0.757895,-0.631579,0.936842,-0.484211,0.747368,-0.526316,1.000000,-0.515789,0.873684,-0.494737,0.768421,-0.242105,0.810526,-0.326316,1.000000,-0.336842,0.884211,-0.315789,0.789474,-0.021053,0.810526,-0.126316,0.968421,-0.136842,0.863158,-0.105263,0.757895,0.178947,0.778947,0.052632,0.905263,0.031579,0.810526,0.063158,0.715789
0.000000,0.000000,0.000000,-0.397959,0.163265,-0.581633,0.459184,-0.673469,0.755102,-0.673469,0.938776,-0.510204,0.734694,-0.551020,1.000000,-0.540816,0.867347,-0.510204,0.765306,-0.275510,0.795918,-0.367347,1.000000,-0.357143,0.887755,-0.326531,0.785714,-0.040816,0.806122,-0.163265,0.979592,-0.163265,0.867347,-0.122449,0.765306,0.153061,0.795918,0.020408,0.938776,0.010204,0.836735,0.040816,0.755102
0.000000,0.000000,0.000000,-0.398058,0.155340,-0.582524,0.436893,-0.699029,0.728155,-0.708738,0.922330,-0.553398,0.699029,-0.601942,0.980583,-0.582524,0.864078,-0.543689,0.766990,-0.310680,0.776699,-0.417476,1.000000,-0.407767,0.893204,-0.368932,0.796117,-0.077670,0.796117,-0.203883,0.990291,-0.203883,0.873786,-0.155340,0.766990,0.126214,0.796117,-0.009709,0.941748,-0.019417,0.844660,0.019417,0.757282
0.000000,0.000000,0.000000,-0.394495,0.137615,-0.596330,0.422018,-0.706422,0.697248,-0.724771,0.899083,-0.550459,0.688073,-0.605505,0.972477,-0.587156,0.844037,-0.550459,0.752294,-0.311927,0.761468,-0.422018,1.000000,-0.422018,0.889908,-0.376147,0.788991,-0.082569,0.788991,-0.220183,0.981651,-0.220183,0.871560,-0.174312,0.761468,0.110092,0.788991,-0.027523,0.944954,-0.036697,0.844037,0.000000,0.761468
0.000000,0.000000,0.000000,-0.415929,0.168142,-0.619469,0.442478,-0.725664,0.699115,-0.752212,0.902655,-0.575221,0.699115,-0.637168,0.973451,-0.610619,0.849558,-0.584071,0.761062,-0.336283,0.761062,-0.451327,1.000000,-0.442478,0.893805,-0.407080,0.787611,-0.115044,0.787611,-0.238938,0.991150,-0.247788,0.858407,-0.194690,0.761062,0.079646,0.805310,-0.053097,0.955752,-0.070796,0.858407,-0.026549,0.769912
0.000000,0.000000,0.000000,-0.388430,0.132231,-0.603306,0.413223,-0.710744,0.694215,-0.719008,0.892562,-0.578512,0.669421,-0.636364,0.958678,-0.611570,0.851240,-0.578512,0.768595,-0.347107,0.752066,-0.454545,1.000000,-0.438017,0.900826,-0.396694,0.801653,-0.115702,0.785124,-0.231405,0.991736,-0.231405,0.867769,-0.181818,0.785124,0.090909,0.793388,-0.041322,0.958678,-0.049587,0.859504,-0.008264,0.776860
0.000000,0.000000,0.000000,-0.417323,0.157480,-0.622047,0.448819,-0.700787,0.732283,-0.692913,0.937008,-0.622047,0.661417,-0.669291,0.952756,-0.645669,0.866142,-0.614173,0.787402,-0.377953,0.732283,-0.488189,1.000000,-0.464567,0.897638,-0.425197,0.803150,-0.149606,0.779528,-0.259843,0.992126,-0.251969,0.866142,-0.204724,0.779528,0.062992,0.803150,-0.070866,0.968504,-0.078740,0.866142,-0.039370,0.787402
0.000000,0.000000,0.000000,-0.422222,0.162963,-0.622222,0.422222,-0.718518,0.681481,-0.755556,0.881481,-0.637037,0.666667,-0.688889,0.933333,-0.666667,0.859259,-0.637037,0.785185,-0.400000,0.733333,-0.518519,1.000000,-0.488889,0.903704,-0.451852,0.814815,-0.170370,0.770370,-0.288889,0.992593,-0.281481,0.866667,-0.237037,0.770370,0.037037,0.807407,-0.096296,0.962963,-0.103704,0.866667,-0.066667,0.777778
0.000000,0.000000,0.000000,-0.398601,0.153846,-0.608392,0.412587,-0.685315,0.678322,-0.706294,0.881119,-0.650350,0.650350,-0.685315,0.930070,-0.650350,0.860140,-0.622378,0.783217,-0.405594,0.720280,-0.503497,1.000000,-0.468531,0.902098,-0.433566,0.818182,-0.174825,0.776224,-0.286713,1.000000,-0.265734,0.874126,-0.223776,0.790210,0.041958,0.804196,-0.090909,0.972028,-0.083916,0.874126,-0.041958,0.783217
0.000000,0.000000,0.000000,-0.390728,0.152318,-0.582781,0.410596,-0.642384,0.668874,-0.642384,0.874172,-0.649007,0.655629,-0.695364,0.927152,-0.662252,0.860927,-0.622517,0.781457,-0.417219,0.728477,-0.516556,1.000000,-0.483444,0.907285,-0.443709,0.821192,-0.185430,0.781457,-0.298013,1.000000,-0.278146,0.880795,-0.231788,0.788079,0.033113,0.814570,-0.099338,0.980132,-0.092715,0.880795,-0.052980,0.794702
0.000000,0.000000,0.000000,-0.386076,0.170886,-0.575949,0.424051,-0.632911,0.670886,-0.626582,0.867089,-0.639241,0.664557,-0.677215,0.943038,-0.645570,0.867089,-0.613924,0.784810,-0.405063,0.734177,-0.506329,1.000000,-0.462025,0.905063,-0.430380,0.810127,-0.177215,0.778481,-0.291139,1.000000,-0.265823,0.873418,-0.221519,0.784810,0.031646,0.816456,-0.094937,0.981013,-0.088608,0.873418,-0.050633,0.784810
0.000000,0.000000,0.000000,-0.380368,0.165644,-0.576687,0.417178,-0.644172,0.662577,-0.644172,0.858896,-0.631902,0.668712,-0.674847,0.944785,-0.644172,0.871166,-0.613497,0.791411,-0.404908,0.736196,-0.496933,1.000000,-0.453988,0.901841,-0.423313,0.809816,-0.177914,0.779141,-0.288344,0.993865,-0.263804,0.871166,-0.220859,0.779141,0.024540,0.815951,-0.104294,0.969325,-0.092025,0.858896,-0.055215,0.773006
0.000000,0.000000,0.000000,-0.375000,0.154762,-0.571429,0.398810,-0.648810,0.642857,-0.642857,0.833333,-0.630952,0.672619,-0.678571,0.946429,-0.642857,0.886905,-0.601190,0.803571,-0.404762,0.744048,-0.488095,1.000000,-0.446429,0.904762,-0.410714,0.815476,-0.178571,0.785714,-0.279762,1.000000,-0.255952,0.880952,-0.214286,0.791667,0.029762,0.821429,-0.095238,0.970238,-0.089286,0.863095,-0.047619,0.773810
0.000000,0.000000,0.000000,-0.366279,0.162791,-0.558140,0.389535,-0.639535,0.622093,-0.651163,0.808140,-0.627907,0.680233,-0.668605,0.959302,-0.622093,0.889535,-0.581395,0.802326,-0.401163,0.750000,-0.470930,1.000000,-0.412791,0.895349,-0.383721,0.802326,-0.174419,0.790698,-0.267442,1.000000,-0.232558,0.872093,-0.191860,0.773256,0.029070,0.819767,-0.081395,0.965116,-0.069767,0.854651,-0.034884,0.755814
0.000000,0.000000,0.000000,-0.354286,0.148571,-0.554286,0.365714,-0.651429,0.588571,-0.662857,0.765714,-0.617143,0.685714,-0.668571,0.965714,-0.617143,0.914286,-0.577143,0.822857,-0.400000,0.760000,-0.462857,1.000000,-0.411429,0.902857,-0.382857,0.805714,-0.177143,0.800000,-0.268571,0.994286,-0.234286,0.880000,-0.188571,0.782857,0.028571,0.822857,-0.080000,0.960000,-0.068571,0.857143,-0.034286,0.760000
0.000000,0.000000,0.000000,-0.352273,0.147727,-0.545455,0.357955,-0.653409,0.585227,-0.693182,0.750000,-0.607955,0.698864,-0.659091,0.977273,-0.607955,0.914773,-0.568182,0.823864,-0.392045,0.772727,-0.454545,1.000000,-0.409091,0.892045,-0.380682,0.795455,-0.170455,0.806818,-0.261364,0.994318,-0.227273,0.875000,-0.187500,0.772727,0.028409,0.823864,-0.079545,0.960227,-0.062500,0.852273,-0.034091,0.750000
0.000000,0.000000,0.000000,-0.355932,0.158192,-0.542373,0.378531,-0.638418,0.598870,-0.666667,0.768362,-0.604520,0.711864,-0.655367,0.977401,-0.610169,0.909605,-0.564972,0.813559,-0.389830,0.779661,-0.457627,1.000000,-0.412429,0.892655,-0.384181,0.796610,-0.175141,0.807910,-0.265537,0.994350,-0.237288,0.875706,-0.192090,0.779661,0.028249,0.824859,-0.079096,0.966102,-0.067797,0.858757,-0.039548,0.762712
0.000000,0.000000,0.000000,-0.350282,0.169492,-0.542373,0.372881,-0.638418,0.581921,-0.672316,0.745763,-0.604520,0.706215,-0.655367,0.977401,-0.610169,0.920904,-0.564972,0.830508,-0.389830,0.774011,-0.463277,1.000000,-0.418079,0.892655,-0.389830,0.796610,-0.175141,0.807910,-0.265537,0.988701,-0.237288,0.870057,-0.197740,0.768362,0.022599,0.830508,-0.084746,0.960452,-0.073446,0.853107,-0.039548,0.757062
0.000000,0.000000,0.000000,-0.350282,0.163842,-0.542373,0.372881,-0.638418,0.581921,-0.666667,0.745763,-0.610169,0.711864,-0.655367,0.977401,-0.604520,0.920904,-0.559322,0.830508,-0.395480,0.779661,-0.457627,1.000000,-0.406780,0.892655,-0.378531,0.796610,-0.180791,0.807910,-0.259887,0.988701,-0.231638,0.870057,-0.186441,0.774011,0.016949,0.830508,-0.079096,0.960452,-0.067797,0.853107,-0.033898,0.757062
0.000000,0.000000,0.000000,-0.348315,0.146067,-0.533708,0.359551,-0.634831,0.584270,-0.657303,0.741573,-0.595506,0.707865,-0.640449,0.983146,-0.584270,0.910112,-0.544944,0.814607,-0.393258,0.786517,-0.443820,1.000000,-0.393258,0.898876,-0.365169,0.797753,-0.174157,0.814607,-0.252809,0.988764,-0.219101,0.876405,-0.179775,0.780899,0.028090,0.825843,-0.073034,0.955056,-0.056180,0.853933,-0.028090,0.758427
0.000000,0.000000,0.000000,-0.348315,0.151685,-0.539326,0.359551,-0.640449,0.567416,-0.679775,0.724719,-0.601124,0.702247,-0.646067,0.971910,-0.595506,0.904494,-0.556180,0.808989,-0.393258,0.780899,-0.455056,1.000000,-0.410112,0.893258,-0.382022,0.797753,-0.179775,0.814607,-0.264045,0.988764,-0.235955,0.876405,-0.191011,0.775281,0.022472,0.825843,-0.078652,0.955056,-0.067416,0.848315,-0.033708,0.752809
0.000000,0.000000,0.000000,-0.350282,0.163842,-0.542373,0.367232,-0.649718,0.576271,-0.683616,0.740113,-0.615819,0.717514,-0.655367,0.983051,-0.604520,0.920904,-0.564972,0.830508,-0.406780,0.785311,-0.457627,1.000000,-0.401130,0.887006,-0.378531,0.790960,-0.186441,0.819209,-0.265537,0.988701,-0.231638,0.870057,-0.186441,0.768362,0.011299,0.841808,-0.079096,0.960452,-0.062147,0.847458,-0.033898,0.751412
0.000000,0.000000,0.000000,-0.340782,0.134078,-0.530726,0.340782,-0.648045,0.564246,-0.687151,0.709497,-0.608939,0.703911,-0.653631,0.977654,-0.597765,0.916201,-0.553073,0.821229,-0.407821,0.793296,-0.446927,1.000000,-0.391061,0.893855,-0.368715,0.798883,-0.189944,0.832402,-0.256983,0.994413,-0.223464,0.888268,-0.178771,0.787709,0.016760,0.837989,-0.072626,0.966480,-0.055866,0.860335,-0.027933,0.765363
0.000000,0.000000,0.000000,-0.353591,0.093923,-0.535912,0.314917,-0.662983,0.558011,-0.701657,0.685083,-0.602210,0.696133,-0.657459,0.972376,-0.607735,0.895028,-0.563536,0.790055,-0.403315,0.795580,-0.458564,1.000000,-0.408840,0.895028,-0.386740,0.801105,-0.182320,0.834254,-0.259668,0.994475,-0.226519,0.900553,-0.187845,0.795580,0.022099,0.828729,-0.071823,0.961326,-0.060773,0.861878,-0.033149,0.762431
0.000000,0.000000,0.000000,-0.356757,0.097297,-0.545946,0.324324,-0.670270,0.583784,-0.691892,0.713513,-0.600000,0.686486,-0.659459,0.967568,-0.605405,0.891892,-0.556757,0.789189,-0.400000,0.783784,-0.459459,1.000000,-0.416216,0.902703,-0.383784,0.805405,-0.172973,0.832432,-0.254054,0.994595,-0.227027,0.902703,-0.189189,0.794595,0.032432,0.827027,-0.064865,0.956757,-0.054054,0.859459,-0.027027,0.762162
0.000000,0.000000,0.000000,-0.363158,0.094737,-0.557895,0.342105,-0.673684,0.605263,-0.657895,0.747368,-0.600000,0.678947,-0.647368,0.968421,-0.600000,0.889474,-0.557895,0.784211,-0.389474,0.778947,-0.457895,1.000000,-0.421053,0.910526,-0.384211,0.810526,-0.163158,0.821053,-0.257895,1.000000,-0.236842,0.910526,-0.194737,0.805263,0.047368,0.821053,-0.068421,0.963158,-0.057895,0.868421,-0.026316,0.768421
0.000000,0.000000,0.000000,-0.358974,0.097436,-0.558974,0.348718,-0.666667,0.615385,-0.646154,0.764103,-0.600000,0.671795,-0.651282,0.958974,-0.605128,0.882051,-0.558974,0.779487,-0.394872,0.764103,-0.461538,1.000000,-0.420513,0.902564,-0.389744,0.805128,-0.169231,0.815385,-0.261538,1.000000,-0.241026,0.907692,-0.200000,0.805128,0.041026,0.815385,-0.071795,0.964103,-0.061538,0.866667,-0.025641,0.769231
0.000000,0.000000,0.000000,-0.366834,0.100503,-0.567839,0.356784,-0.673367,0.638191,-0.643216,0.809045,-0.618090,0.658291,-0.653266,0.959799,-0.603015,0.879397,-0.562814,0.773869,-0.407035,0.753769,-0.467337,1.000000,-0.422111,0.909548,-0.386935,0.809045,-0.175879,0.804020,-0.266332,1.000000,-0.236181,0.909548,-0.201005,0.804020,0.035176,0.809045,-0.080402,0.964824,-0.060302,0.864322,-0.025126,0.768844
0.000000,0.000000,0.000000,-0.359606,0.108374,-0.556650,0.364532,-0.660098,0.645320,-0.635468,0.822660,-0.610837,0.660098,-0.640394,0.965517,-0.591133,0.876847,-0.556650,0.768473,-0.403941,0.753695,-0.453202,1.000000,-0.403941,0.906404,-0.374384,0.807882,-0.172414,0.802956,-0.256158,1.000000,-0.226601,0.906404,-0.192118,0.802956,0.039409,0.807882,-0.073892,0.970443,-0.049261,0.866995,-0.019704,0.773399
0.000000,0.000000,0.000000,-0.359223,0.121359,-0.558252,0.373786,-0.660194,0.655340,-0.645631,0.834951,-0.616505,0.665049,-0.640777,0.966019,-0.582524,0.873786,-0.553398,0.776699,-0.407767,0.752427,-0.451456,0.995146,-0.398058,0.898058,-0.368932,0.805825,-0.179612,0.800971,-0.262136,1.000000,-0.228155,0.898058,-0.194175,0.796117,0.029126,0.805825,-0.077670,0.966019,-0.053398,0.864078,-0.019417,0.771845
0.000000,0.000000,0.000000,-0.360976,0.165854,-0.565854,0.419512,-0.648780,0.687805,-0.634146,0.878049,-0.629268,0.673171,-0.639024,0.970732,-0.580488,0.873171,-0.551220,0.785366,-0.419512,0.756098,-0.458537,1.000000,-0.400000,0.902439,-0.370732,0.800000,-0.195122,0.800000,-0.273171,1.000000,-0.239024,0.887805,-0.200000,0.785366,0.014634,0.819512,-0.097561,0.970732,-0.068293,0.868293,-0.029268,0.775610
0.000000,0.000000,0.000000,-0.364078,0.145631,-0.567961,0.398058,-0.665049,0.669903,-0.655340,0.854369,-0.626214,0.674757,-0.635922,0.975728,-0.582524,0.878641,-0.553398,0.791262,-0.412621,0.757282,-0.451456,1.000000,-0.398058,0.902913,-0.373786,0.805825,-0.189320,0.796117,-0.266990,0.995146,-0.233010,0.893204,-0.194175,0.796117,0.019417,0.810680,-0.092233,0.970874,-0.067961,0.868932,-0.029126,0.781553
0.000000,0.000000,0.000000,-0.352657,0.130435,-0.550725,0.381643,-0.647343,0.652174,-0.628019,0.826087,-0.618357,0.671498,-0.637681,0.966184,-0.579710,0.874396,-0.545894,0.782609,-0.410628,0.758454,-0.454106,1.000000,-0.396135,0.903382,-0.367150,0.806763,-0.188406,0.801932,-0.265700,1.000000,-0.227053,0.903382,-0.188406,0.801932,0.019324,0.811594,-0.086957,0.971014,-0.062802,0.874396,-0.028986,0.782609
0.000000,0.000000,0.000000,-0.342995,0.140097,-0.541063,0.391304,-0.637681,0.647343,-0.628019,0.821256,-0.608696,0.676328,-0.628019,0.971014,-0.565217,0.884058,-0.536232,0.792271,-0.405797,0.758454,-0.439614,1.000000,-0.381643,0.903382,-0.357488,0.806763,-0.183575,0.797101,-0.256039,1.000000,-0.217391,0.893720,-0.183575,0.797101,0.024155,0.811594,-0.082126,0.971014,-0.053140,0.869565,-0.019324,0.777778
0.000000,0.000000,0.000000,-0.344660,0.145631,-0.538835,0.393204,-0.640777,0.650485,-0.635922,0.825243,-0.611650,0.679612,-0.626214,0.970874,-0.563107,0.878641,-0.533981,0.791262,-0.407767,0.757282,-0.436893,1.000000,-0.378641,0.902913,-0.354369,0.805825,-0.184466,0.800971,-0.252427,1.000000,-0.213592,0.893204,-0.179612,0.796117,0.019417,0.810680,-0.082524,0.970874,-0.053398,0.868932,-0.019417,0.776699
0.000000,0.000000,0.000000,-0.339806,0.145631,-0.533981,0.388350,-0.631068,0.645631,-0.621359,0.815534,-0.606796,0.674757,-0.626214,0.966019,-0.563107,0.883495,-0.533981,0.791262,-0.402913,0.752427,-0.436893,1.000000,-0.378641,0.902913,-0.354369,0.805825,-0.184466,0.796117,-0.257282,0.995146,-0.213592,0.893204,-0.179612,0.796117,0.019417,0.805825,-0.082524,0.966019,-0.053398,0.868932,-0.019417,0.776699
0.000000,0.000000,0.000000,-0.346341,0.146341,-0.541463,0.404878,-0.643902,0.673171,-0.629268,0.853659,-0.614634,0.668293,-0.629268,0.975610,-0.565854,0.887805,-0.536585,0.795122,-0.409756,0.751220,-0.439024,1.000000,-0.380488,0.912195,-0.351220,0.809756,-0.190244,0.795122,-0.253659,1.000000,-0.214634,0.902439,-0.180488,0.804878,0.019512,0.804878,-0.082927,0.970732,-0.053659,0.873171,-0.014634,0.785366
0.000000,0.000000,0.000000,-0.346341,0.136585,-0.541463,0.395122,-0.643902,0.663415,-0.629268,0.839024,-0.614634,0.668293,-0.634146,0.970732,-0.570732,0.887805,-0.536585,0.795122,-0.409756,0.751220,-0.443902,1.000000,-0.385366,0.907317,-0.360976,0.814634,-0.190244,0.795122,-0.258537,1.000000,-0.219512,0.902439,-0.185366,0.804878,0.024390,0.800000,-0.082927,0.970732,-0.053659,0.873171,-0.019512,0.780488
0.000000,0.000000,0.000000,-0.348039,0.156863,-0.544118,0.416667,-0.642157,0.681373,-0.622549,0.857843,-0.617647,0.671569,-0.627451,0.970588,-0.563725,0.887255,-0.534314,0.799020,-0.416667,0.754902,-0.441176,1.000000,-0.382353,0.911765,-0.352941,0.808824,-0.196078,0.794118,-0.259804,1.000000,-0.220588,0.901961,-0.186275,0.803922,0.014706,0.808824,-0.088235,0.975490,-0.058824,0.877451,-0.019608,0.789216
0.000000,0.000000,0.000000,-0.344828,0.142857,-0.536946,0.399015,-0.645320,0.665025,-0.635468,0.842365,-0.615764,0.660098,-0.630542,0.970443,-0.561576,0.881773,-0.532020,0.788177,-0.413793,0.748768,-0.443350,1.000000,-0.379310,0.911330,-0.354680,0.812808,-0.192118,0.793103,-0.256158,1.000000,-0.216749,0.901478,-0.182266,0.802956,0.014778,0.802956,-0.083744,0.970443,-0.054187,0.876847,-0.019704,0.783251
0.000000,0.000000,0.000000,-0.339901,0.137931,-0.532020,0.389163,-0.640394,0.650246,-0.630542,0.822660,-0.605911,0.665025,-0.625616,0.965517,-0.556650,0.886699,-0.527094,0.793103,-0.408867,0.748768,-0.438424,1.000000,-0.374384,0.906404,-0.354680,0.812808,-0.192118,0.793103,-0.256158,1.000000,-0.216749,0.906404,-0.182266,0.802956,0.019704,0.802956,-0.083744,0.970443,-0.054187,0.871921,-0.019704,0.778325
0.000000,0.000000,0.000000,-0.336634,0.133663,-0.529703,0.381188,-0.633663,0.638614,-0.618812,0.801980,-0.594059,0.668317,-0.613861,0.965347,-0.544554,0.886139,-0.514852,0.792079,-0.396040,0.752475,-0.425743,0.995049,-0.366337,0.905941,-0.341584,0.811881,-0.178218,0.792079,-0.242574,1.000000,-0.202970,0.905941,-0.168317,0.801980,0.029703,0.797030,-0.069307,0.965347,-0.044554,0.871287,-0.014851,0.777228
0.000000,0.000000,0.000000,-0.333333,0.129353,-0.522388,0.373134,-0.641791,0.616915,-0.646766,0.766169,-0.582090,0.666667,-0.611940,0.970149,-0.547264,0.890547,-0.512438,0.791045,-0.388060,0.751244,-0.422886,1.000000,-0.363184,0.910448,-0.343284,0.815920,-0.179104,0.791045,-0.238806,0.995025,-0.203980,0.905473,-0.169154,0.805970,0.029851,0.791045,-0.069652,0.965174,-0.044776,0.870647,-0.014925,0.781095
0.000000,0.000000,0.000000,-0.336683,0.135678,-0.522613,0.376884,-0.638191,0.618090,-0.648241,0.768844,-0.582915,0.668342,-0.613065,0.969849,-0.547739,0.904523,-0.507538,0.809045,-0.386935,0.753769,-0.422111,1.000000,-0.361809,0.914573,-0.341709,0.819095,-0.180905,0.793970,-0.246231,1.000000,-0.206030,0.914573,-0.170854,0.814070,0.025126,0.798995,-0.075377,0.964824,-0.050251,0.879397,-0.020101,0.783920
0.000000,0.000000,0.000000,-0.331633,0.137755,-0.515306,0.367347,-0.637755,0.591837,-0.673469,0.724490,-0.571429,0.673469,-0.612245,0.969388,-0.545918,0.897959,-0.505102,0.801020,-0.382653,0.760204,-0.418367,1.000000,-0.362245,0.913265,-0.341837,0.816327,-0.173469,0.795918,-0.239796,1.000000,-0.198980,0.913265,-0.168367,0.811224,0.030612,0.790816,-0.071429,0.959184,-0.045918,0.872449,-0.015306,0.780612
0.000000,0.000000,0.000000,-0.340314,0.141361,-0.518325,0.371728,-0.638743,0.591623,-0.680628,0.722513,-0.586387,0.670157,-0.623037,0.968586,-0.554974,0.895288,-0.518325,0.795812,-0.392670,0.759162,-0.429319,1.000000,-0.366492,0.910995,-0.345550,0.811518,-0.183246,0.795812,-0.251309,1.000000,-0.204188,0.905759,-0.172775,0.806283,0.020942,0.795812,-0.078534,0.958115,-0.052356,0.869110,-0.020942,0.774869
0.000000,0.000000,0.000000,-0.344086,0.145161,-0.521505,0.376344,-0.639785,0.596774,-0.677419,0.731183,-0.596774,0.682796,-0.629032,0.973118,-0.564516,0.897849,-0.526882,0.801075,-0.397849,0.768817,-0.435484,1.000000,-0.376344,0.908602,-0.354839,0.817204,-0.182796,0.806452,-0.252688,1.000000,-0.209677,0.908602,-0.177419,0.811828,0.021505,0.806452,-0.080645,0.967742,-0.059140,0.881720,-0.026882,0.790323
0.000000,0.000000,0.000000,-0.335165,0.153846,-0.516484,0.373626,-0.626374,0.593407,-0.675824,0.730769,-0.593407,0.681319,-0.620879,0.972527,-0.554945,0.890110,-0.521978,0.796703,-0.395604,0.763736,-0.428571,1.000000,-0.368132,0.901099,-0.346154,0.807692,-0.181319,0.802198,-0.252747,0.994505,-0.208791,0.895604,-0.170330,0.796703,0.021978,0.807692,-0.082418,0.961538,-0.054945,0.868132,-0.021978,0.774725
0.000000,0.000000,0.000000,-0.346591,0.170455,-0.522727,0.397727,-0.619318,0.619318,-0.664773,0.772727,-0.602273,0.687500,-0.625000,0.977273,-0.568182,0.892045,-0.534091,0.801136,-0.397727,0.761364,-0.437500,1.000000,-0.380682,0.903409,-0.357955,0.801136,-0.181818,0.801136,-0.261364,1.000000,-0.221591,0.892045,-0.181818,0.789773,0.017045,0.818182,-0.085227,0.965909,-0.068182,0.869318,-0.034091,0.778409
0.000000,0.000000,0.000000,-0.343195,0.195266,-0.520710,0.426035,-0.603550,0.644970,-0.639053,0.822485,-0.609467,0.698225,-0.621302,0.982249,-0.568047,0.887574,-0.532544,0.798817,-0.390533,0.757396,-0.437870,1.000000,-0.378698,0.893491,-0.349112,0.786982,-0.177515,0.792899,-0.254438,0.994083,-0.218935,0.875740,-0.177515,0.769231,0.017751,0.822485,-0.082840,0.970414,-0.065089,0.863905,-0.029586,0.763314
0.000000,0.000000,0.000000,-0.343374,0.186747,-0.512048,0.409639,-0.590361,0.632530,-0.614458,0.801205,-0.602410,0.704819,-0.620482,0.975904,-0.566265,0.891566,-0.530120,0.807229,-0.385542,0.765060,-0.433735,1.000000,-0.373494,0.891566,-0.349398,0.789157,-0.168675,0.801205,-0.246988,0.987952,-0.204819,0.867470,-0.168675,0.771084,0.030120,0.819277,-0.072289,0.963855,-0.048193,0.861446,-0.018072,0.759036
0.000000,0.000000,0.000000,-0.337423,0.196319,-0.509202,0.417178,-0.582822,0.638037,-0.619632,0.809816,-0.595092,0.705521,-0.613497,0.975460,-0.558282,0.901841,-0.521472,0.809816,-0.380368,0.760736,-0.423313,1.000000,-0.361963,0.889571,-0.337423,0.785276,-0.165644,0.791411,-0.239264,0.987730,-0.202454,0.865031,-0.165644,0.760736,0.030675,0.822086,-0.067485,0.963190,-0.049080,0.852761,-0.012270,0.754601
0.000000,0.000000,0.000000,-0.343750,0.168750,-0.506250,0.393750,-0.581250,0.625000,-0.593750,0.787500,-0.587500,0.693750,-0.612500,0.975000,-0.562500,0.887500,-0.525000,0.800000,-0.375000,0.762500,-0.431250,1.000000,-0.381250,0.893750,-0.350000,0.800000,-0.156250,0.793750,-0.243750,0.987500,-0.212500,0.875000,-0.175000,0.775000,0.037500,0.812500,-0.062500,0.962500,-0.043750,0.856250,-0.012500,0.762500
0.000000,0.000000,0.000000,-0.343949,0.159236,-0.509554,0.375796,-0.598726,0.598726,-0.636943,0.757962,-0.579618,0.694268,-0.611465,0.974522,-0.566879,0.891720,-0.528662,0.796178,-0.369427,0.764331,-0.426752,1.000000,-0.382166,0.891720,-0.356688,0.796178,-0.152866,0.796178,-0.242038,0.993631,-0.216561,0.878981,-0.178344,0.777070,0.050955,0.808917,-0.063694,0.961783,-0.050955,0.859873,-0.019108,0.757962
0.000000,0.000000,0.000000,-0.329032,0.167742,-0.490323,0.387097,-0.567742,0.606452,-0.600000,0.761290,-0.567742,0.690323,-0.600000,0.967742,-0.541936,0.883871,-0.509677,0.787097,-0.354839,0.761290,-0.412903,1.000000,-0.361290,0.883871,-0.335484,0.787097,-0.141935,0.793548,-0.232258,0.993548,-0.200000,0.877419,-0.161290,0.774194,0.058065,0.806452,-0.051613,0.961290,-0.038710,0.858065,-0.006452,0.754839
0.000000,0.000000,0.000000,-0.337748,0.152318,-0.503311,0.377483,-0.596026,0.596026,-0.635762,0.741722,-0.562914,0.695364,-0.609272,0.973510,-0.556291,0.887417,-0.516556,0.788079,-0.350993,0.768212,-0.417219,1.000000,-0.377483,0.894040,-0.350993,0.794702,-0.139073,0.801324,-0.238411,0.993378,-0.211921,0.880795,-0.172185,0.781457,0.052980,0.807947,-0.059603,0.953642,-0.046358,0.854305,-0.013245,0.754967
0.000000,0.000000,0.000000,-0.337838,0.155405,-0.500000,0.391892,-0.581081,0.621622,-0.594595,0.763514,-0.554054,0.702703,-0.594595,0.979730,-0.547297,0.885135,-0.513514,0.783784,-0.344595,0.777027,-0.412162,1.000000,-0.371622,0.885135,-0.344595,0.790541,-0.135135,0.804054,-0.222973,0.993243,-0.202703,0.878378,-0.162162,0.777027,0.060811,0.804054,-0.047297,0.952703,-0.040541,0.851351,-0.006757,0.750000
0.000000,0.000000,0.000000,-0.354167,0.166667,-0.513889,0.409722,-0.576389,0.645833,-0.576389,0.798611,-0.555556,0.701389,-0.597222,0.979167,-0.555556,0.881944,-0.520833,0.784722,-0.340278,0.777778,-0.409722,1.000000,-0.375000,0.888889,-0.354167,0.798611,-0.131944,0.805556,-0.229167,0.993056,-0.208333,0.881944,-0.166667,0.777778,0.069444,0.812500,-0.048611,0.958333,-0.041667,0.854167,-0.006944,0.763889
0.000000,0.000000,0.000000,-0.354610,0.163121,-0.510638,0.418440,-0.574468,0.659574,-0.546099,0.815603,-0.553191,0.695035,-0.588652,0.978723,-0.546099,0.879433,-0.510638,0.780142,-0.333333,0.780142,-0.404255,1.000000,-0.368794,0.893617,-0.340426,0.801418,-0.120567,0.808511,-0.212766,0.985816,-0.191489,0.886525,-0.156028,0.787234,0.078014,0.808511,-0.035461,0.950355,-0.035461,0.858156,0.000000,0.765957
0.000000,0.000000,0.000000,-0.347826,0.166667,-0.500000,0.413043,-0.572464,0.659420,-0.565217,0.804348,-0.536232,0.702899,-0.579710,0.978261,-0.536232,0.876812,-0.507246,0.782609,-0.326087,0.782609,-0.398551,1.000000,-0.362319,0.891304,-0.340580,0.797101,-0.108696,0.811594,-0.202899,0.985507,-0.188406,0.884058,-0.152174,0.782609,0.086957,0.804348,-0.021739,0.934783,-0.021739,0.840580,0.007246,0.746377
0.000000,0.000000,0.000000,-0.365672,0.164179,-0.529851,0.425373,-0.611940,0.686567,-0.604478,0.843284,-0.537313,0.716418,-0.589552,0.985075,-0.559702,0.880597,-0.522388,0.776119,-0.320896,0.798507,-0.402985,1.000000,-0.380597,0.895522,-0.350746,0.805970,-0.104478,0.820895,-0.208955,1.000000,-0.201493,0.895522,-0.164179,0.791045,0.089552,0.813433,-0.029851,0.955224,-0.029851,0.858209,0.007463,0.768657
0.000000,0.000000,0.000000,-0.360902,0.157895,-0.526316,0.428571,-0.609023,0.699248,-0.601504,0.872180,-0.533835,0.706767,-0.578947,0.977444,-0.548872,0.879699,-0.518797,0.774436,-0.315789,0.781955,-0.390977,1.000000,-0.368421,0.902256,-0.345865,0.804511,-0.105263,0.804511,-0.203008,0.984962,-0.195489,0.894737,-0.157895,0.789474,0.097744,0.804511,-0.022556,0.947368,-0.022556,0.857143,0.015038,0.766917
0.000000,0.000000,0.000000,-0.358779,0.175573,-0.534351,0.458015,-0.610687,0.725191,-0.603053,0.908397,-0.549618,0.709924,-0.580153,0.992366,-0.549618,0.885496,-0.519084,0.786260,-0.328244,0.786260,-0.396947,1.000000,-0.374046,0.900763,-0.351145,0.809160,-0.106870,0.809160,-0.206107,0.992366,-0.198473,0.885496,-0.160305,0.786260,0.091603,0.809160,-0.030534,0.946565,-0.022901,0.854962,0.015267,0.770992
0.000000,0.000000,0.000000,-0.361538,0.192308,-0.538462,0.469231,-0.607692,0.730769,-0.615385,0.915385,-0.546154,0.700000,-0.576923,0.976923,-0.553846,0.869231,-0.523077,0.776923,-0.330769,0.769231,-0.407692,1.000000,-0.384615,0.892308,-0.353846,0.792308,-0.107692,0.800000,-0.207692,0.984615,-0.200000,0.869231,-0.161538,0.769231,0.084615,0.807692,-0.030769,0.946154,-0.030769,0.846154,0.000000,0.761538
0.000000,0.000000,0.000000,-0.364341,0.178295,-0.542636,0.457364,-0.620155,0.720930,-0.627907,0.906977,-0.550388,0.697674,-0.589147,0.976744,-0.558140,0.868217,-0.534884,0.775194,-0.333333,0.767442,-0.410853,1.000000,-0.387597,0.899225,-0.356589,0.798450,-0.108527,0.798450,-0.209302,0.992248,-0.201550,0.875969,-0.162791,0.775194,0.085271,0.806202,-0.031008,0.945736,-0.031008,0.852713,0.007752,0.767442
0.000000,0.000000,0.000000,-0.372093,0.170543,-0.558140,0.449612,-0.635659,0.720930,-0.643411,0.906977,-0.550388,0.689922,-0.589147,0.976744,-0.565891,0.868217,-0.534884,0.775194,-0.325581,0.767442,-0.410853,1.000000,-0.395349,0.899225,-0.364341,0.806202,-0.108527,0.798450,-0.209302,0.992248,-0.209302,0.883721,-0.170543,0.790698,0.093023,0.798450,-0.031008,0.953488,-0.038760,0.860465,0.000000,0.775194
0.000000,0.000000,0.000000,-0.372093,0.178295,-0.550388,0.457364,-0.635659,0.728682,-0.643411,0.914729,-0.558140,0.697674,-0.589147,0.984496,-0.558140,0.875969,-0.527132,0.782946,-0.333333,0.767442,-0.410853,1.000000,-0.387597,0.906977,-0.356589,0.806202,-0.108527,0.798450,-0.209302,0.992248,-0.201550,0.883721,-0.162791,0.782946,0.093023,0.806202,-0.031008,0.953488,-0.031008,0.860465,0.007752,0.775194
0.000000,0.000000,0.000000,-0.372093,0.193798,-0.550388,0.465116,-0.620155,0.728682,-0.635659,0.914729,-0.550388,0.697674,-0.589147,0.976744,-0.558140,0.868217,-0.534884,0.775194,-0.325581,0.759690,-0.410853,1.000000,-0.387597,0.899225,-0.356589,0.798450,-0.108527,0.790698,-0.209302,0.992248,-0.201550,0.875969,-0.162791,0.775194,0.093023,0.798450,-0.023256,0.945736,-0.023256,0.852713,0.007752,0.759690
0.000000,0.000000,0.000000,-0.367188,0.195312,-0.554688,0.476562,-0.632812,0.734375,-0.648438,0.929688,-0.562500,0.703125,-0.585938,0.976562,-0.562500,0.875000,-0.539062,0.789062,-0.328125,0.765625,-0.414062,1.000000,-0.390625,0.898438,-0.351562,0.796875,-0.109375,0.796875,-0.210938,0.992188,-0.203125,0.875000,-0.164062,0.773438,0.093750,0.812500,-0.023438,0.960938,-0.023438,0.851562,0.007812,0.765625
0.000000,0.000000,0.000000,-0.375000,0.179688,-0.562500,0.468750,-0.625000,0.734375,-0.617188,0.921875,-0.570312,0.695312,-0.609375,0.976562,-0.578125,0.875000,-0.546875,0.796875,-0.343750,0.757812,-0.421875,1.000000,-0.398438,0.906250,-0.367188,0.804688,-0.117188,0.789062,-0.218750,0.992188,-0.210938,0.882812,-0.171875,0.781250,0.085938,0.804688,-0.031250,0.953125,-0.031250,0.859375,0.007812,0.773438
0.000000,0.000000,0.000000,-0.375000,0.187500,-0.562500,0.468750,-0.632812,0.726562,-0.632812,0.929688,-0.562500,0.695312,-0.593750,0.976562,-0.570312,0.875000,-0.539062,0.796875,-0.335938,0.757812,-0.414062,1.000000,-0.398438,0.898438,-0.359375,0.796875,-0.109375,0.789062,-0.210938,0.992188,-0.203125,0.875000,-0.164062,0.773438,0.085938,0.804688,-0.031250,0.953125,-0.031250,0.851562,0.007812,0.765625
0.000000,0.000000,0.000000,-0.372093,0.178295,-0.558140,0.449612,-0.635659,0.728682,-0.627907,0.914729,-0.565891,0.689922,-0.596899,0.976744,-0.565891,0.883721,-0.534884,0.806202,-0.333333,0.759690,-0.418605,1.000000,-0.395349,0.914729,-0.364341,0.813953,-0.116279,0.790698,-0.209302,0.992248,-0.201550,0.891473,-0.162791,0.790698,0.093023,0.798450,-0.031008,0.953488,-0.031008,0.860465,0.007752,0.775194
0.000000,0.000000,0.000000,-0.361538,0.169231,-0.546154,0.438462,-0.623077,0.707692,-0.630769,0.900000,-0.546154,0.684615,-0.592308,0.969231,-0.561538,0.876923,-0.530769,0.792308,-0.323077,0.753846,-0.407692,1.000000,-0.384615,0.907692,-0.353846,0.807692,-0.107692,0.784615,-0.207692,0.984615,-0.200000,0.884615,-0.161538,0.784615,0.100000,0.792308,-0.023077,0.946154,-0.023077,0.853846,0.015385,0.769231
0.000000,0.000000,0.000000,-0.369231,0.169231,-0.546154,0.453846,-0.623077,0.723077,-0.623077,0.907692,-0.546154,0.684615,-0.592308,0.969231,-0.561538,0.876923,-0.523077,0.784615,-0.330769,0.753846,-0.407692,1.000000,-0.384615,0.907692,-0.353846,0.807692,-0.107692,0.784615,-0.207692,0.992308,-0.200000,0.884615,-0.161538,0.784615,0.100000,0.792308,-0.023077,0.953846,-0.023077,0.853846,0.015385,0.761538
0.000000,0.000000,0.000000,-0.358779,0.167939,-0.541985,0.442748,-0.610687,0.725191,-0.595420,0.908397,-0.541985,0.687023,-0.580153,0.969466,-0.549618,0.877863,-0.519084,0.793893,-0.320611,0.755725,-0.396947,1.000000,-0.381679,0.916031,-0.351145,0.816794,-0.099237,0.786260,-0.198473,0.992366,-0.190840,0.893130,-0.152672,0.793893,0.099237,0.786260,-0.015267,0.946565,-0.015267,0.854962,0.015267,0.770992
0.000000,0.000000,0.000000,-0.351145,0.183206,-0.526718,0.458015,-0.587786,0.717557,-0.587786,0.900763,-0.541985,0.687023,-0.580153,0.969466,-0.549618,0.877863,-0.519084,0.793893,-0.328244,0.755725,-0.404580,1.000000,-0.381679,0.908397,-0.351145,0.816794,-0.114504,0.786260,-0.206107,0.984733,-0.198473,0.885496,-0.160305,0.786260,0.091603,0.786260,-0.030534,0.946565,-0.022901,0.854962,0.007634,0.763359
0.000000,0.000000,0.000000,-0.353846,0.169231,-0.523077,0.446154,-0.576923,0.723077,-0.561538,0.900000,-0.546154,0.700000,-0.569231,0.976923,-0.538462,0.884615,-0.507692,0.800000,-0.323077,0.769231,-0.384615,1.000000,-0.361538,0.900000,-0.330769,0.807692,-0.107692,0.792308,-0.192308,0.984615,-0.176923,0.884615,-0.138462,0.784615,0.100000,0.784615,-0.007692,0.938462,-0.007692,0.838462,0.023077,0.753846
0.000000,0.000000,0.000000,-0.335878,0.175573,-0.496183,0.427481,-0.534351,0.679389,-0.511450,0.847328,-0.519084,0.694656,-0.549618,0.969466,-0.511450,0.885496,-0.480916,0.801527,-0.305344,0.755725,-0.366412,1.000000,-0.335878,0.900763,-0.312977,0.809160,-0.091603,0.778626,-0.167939,0.977099,-0.160305,0.870229,-0.122137,0.778626,0.114504,0.770992,0.007634,0.923664,0.007634,0.832061,0.038168,0.740458
0.000000,0.000000,0.000000,-0.340909,0.174242,-0.484848,0.431818,-0.522727,0.689394,-0.500000,0.856061,-0.507576,0.712121,-0.522727,0.977273,-0.484848,0.893939,-0.454545,0.810606,-0.287879,0.765152,-0.333333,1.000000,-0.310606,0.909091,-0.287879,0.818182,-0.068182,0.780303,-0.136364,0.984848,-0.128788,0.878788,-0.098485,0.780303,0.136364,0.765152,0.037879,0.916667,0.037879,0.825758,0.060606,0.727273
0.000000,0.000000,0.000000,-0.340909,0.196970,-0.477273,0.462121,-0.500000,0.719697,-0.469697,0.901515,-0.477273,0.727273,-0.484848,0.992424,-0.454545,0.901515,-0.439394,0.818182,-0.257576,0.765152,-0.303030,1.000000,-0.280303,0.901515,-0.257576,0.803030,-0.037879,0.765152,-0.106061,0.969697,-0.106061,0.856061,-0.075758,0.757576,0.166667,0.742424,0.068182,0.909091,0.045455,0.810606,0.068182,0.719697
0.000000,0.000000,0.000000,-0.325926,0.177778,-0.451852,0.444444,-0.474074,0.725926,-0.444444,0.896296,-0.429630,0.725926,-0.429630,0.992593,-0.407407,0.911111,-0.392593,0.822222,-0.214815,0.762963,-0.251852,1.000000,-0.244444,0.903704,-0.229630,0.814815,0.000000,0.755556,-0.059259,0.955556,-0.066667,0.859259,-0.044444,0.762963,0.200000,0.711111,0.103704,0.881481,0.081481,0.800000,0.096296,0.711111
0.000000,0.000000,0.000000,-0.312057,0.191489,-0.404255,0.460993,-0.425532,0.737589,-0.390071,0.907801,-0.361702,0.737589,-0.340426,1.000000,-0.326241,0.921986,-0.319149,0.836879,-0.156028,0.758865,-0.170213,0.978723,-0.170213,0.893617,-0.170213,0.808511,0.049645,0.730496,0.007092,0.921986,-0.007092,0.836879,0.007092,0.737589,0.234043,0.680851,0.170213,0.836879,0.141844,0.758865,0.141844,0.666667
0.000000,0.000000,0.000000,-0.285714,0.210884,-0.346939,0.503401,-0.340136,0.789116,-0.272109,0.945578,-0.265306,0.755102,-0.204082,1.000000,-0.210884,0.911565,-0.217687,0.829932,-0.054422,0.748299,-0.040816,0.931973,-0.054422,0.843537,-0.068027,0.755102,0.142857,0.693878,0.115646,0.850340,0.088435,0.768707,0.088435,0.673469,0.306122,0.625850,0.251701,0.755102,0.224490,0.680272,0.217687,0.598639
0.000000,0.000000,0.000000,-0.280000,0.233333,-0.306667,0.553333,-0.260000,0.833333,-0.153333,0.960000,-0.146667,0.780000,-0.080000,1.000000,-0.113333,0.906667,-0.140000,0.813333,0.060000,0.740000,0.066667,0.906667,0.020000,0.820000,0.000000,0.733333,0.233333,0.660000,0.200000,0.800000,0.153333,0.726667,0.140000,0.633333,0.366667,0.566667,0.313333,0.686667,0.273333,0.620000,0.253333,0.533333
0.000000,0.000000,0.000000,-0.266667,0.246667,-0.260000,0.546667,-0.193333,0.826667,-0.086667,0.946667,-0.066667,0.793333,0.013333,1.000000,-0.026667,0.920000,-0.053333,0.833333,0.133333,0.740000,0.146667,0.886667,0.093333,0.806667,0.060000,0.720000,0.293333,0.640000,0.266667,0.766667,0.213333,0.700000,0.193333,0.606667,0.413333,0.533333,0.366667,0.640000,0.313333,0.573333,0.286667,0.493333
0.000000,0.000000,0.000000,-0.240000,0.260000,-0.226667,0.560000,-0.153333,0.833333,-0.053333,0.960000,0.033333,0.786667,0.100000,1.000000,0.040000,0.920000,-0.006667,0.833333,0.213333,0.720000,0.206667,0.866667,0.133333,0.793333,0.100000,0.713333,0.353333,0.606667,0.313333,0.733333,0.246667,0.680000,0.213333,0.586667,0.446667,0.493333,0.400000,0.600000,0.340000,0.553333,0.306667,0.473333
0.000000,0.000000,0.000000,-0.214765,0.288591,-0.187919,0.590604,-0.093960,0.859060,0.000000,0.986577,0.087248,0.785235,0.147651,1.000000,0.080537,0.919463,0.040268,0.832215,0.268456,0.704698,0.248322,0.865772,0.167785,0.791946,0.127517,0.711409,0.395973,0.583893,0.355705,0.724832,0.281879,0.671141,0.248322,0.577181,0.483221,0.469799,0.436242,0.583893,0.369128,0.543624,0.328859,0.469799
0.000000,0.000000,0.000000,-0.202703,0.317568,-0.155405,0.621622,-0.054054,0.878378,0.047297,0.993243,0.148649,0.797297,0.182432,1.000000,0.094595,0.912162,0.054054,0.824324,0.331081,0.709459,0.283784,0.871622,0.195946,0.797297,0.148649,0.716216,0.445946,0.581081,0.391892,0.722973,0.310811,0.675676,0.263514,0.574324,0.520270,0.459459,0.472973,0.587838,0.398649,0.547297,0.351351,0.466216
0.000000,0.000000,0.000000,-0.194631,0.322148,-0.134228,0.637584,-0.020134,0.879195,0.067114,0.979866,0.187919,0.798658,0.208054,1.000000,0.114094,0.912752,0.067114,0.818792,0.362416,0.711409,0.302013,0.852349,0.201342,0.778524,0.161074,0.697987,0.469799,0.583893,0.409396,0.704698,0.315436,0.651007,0.268456,0.557047,0.536913,0.456376,0.496644,0.570470,0.409396,0.536913,0.355705,0.456376
0.000000,0.000000,0.000000,-0.187919,0.348993,-0.114094,0.671141,0.006711,0.906040,0.100671,0.993289,0.214765,0.805369,0.221477,1.000000,0.127517,0.919463,0.080537,0.825503,0.382550,0.711409,0.315436,0.852349,0.208054,0.778524,0.161074,0.697987,0.483221,0.577181,0.422819,0.711409,0.322148,0.657718,0.268456,0.557047,0.543624,0.449664,0.503356,0.570470,0.409396,0.536913,0.355705,0.463087
0.000000,0.000000,0.000000,-0.182432,0.371622,-0.101351,0.682432,0.033784,0.912162,0.128378,0.993243,0.236486,0.817568,0.236486,1.000000,0.135135,0.925676,0.087838,0.837838,0.405405,0.716216,0.337838,0.858108,0.216216,0.777027,0.168919,0.695946,0.500000,0.574324,0.439189,0.702703,0.331081,0.648649,0.270270,0.554054,0.547297,0.445946,0.513514,0.560811,0.412162,0.533784,0.351351,0.466216
0.000000,0.000000,0.000000,-0.173333,0.373333,-0.093333,0.686667,0.026667,0.913333,0.126667,0.980000,0.246667,0.813333,0.246667,1.000000,0.140000,0.920000,0.093333,0.826667,0.406667,0.713333,0.346667,0.840000,0.226667,0.760000,0.186667,0.680000,0.500000,0.566667,0.446667,0.686667,0.340000,0.633333,0.280000,0.540000,0.546667,0.433333,0.513333,0.540000,0.413333,0.506667,0.353333,0.433333
0.000000,0.000000,0.000000,-0.174497,0.382550,-0.073826,0.697987,0.060403,0.919463,0.154362,0.993289,0.268456,0.805369,0.275168,1.000000,0.167785,0.926175,0.114094,0.838926,0.429530,0.704698,0.362416,0.852349,0.241611,0.771812,0.194631,0.697987,0.510067,0.563758,0.456376,0.704698,0.348993,0.651007,0.288591,0.557047,0.550336,0.429530,0.516779,0.557047,0.416107,0.530201,0.355705,0.456376
0.000000,0.000000,0.000000,-0.156463,0.387755,-0.054422,0.700680,0.081633,0.925170,0.183673,1.000000,0.299320,0.809524,0.299320,1.000000,0.190476,0.918367,0.136054,0.829932,0.462585,0.700680,0.387755,0.843537,0.265306,0.761905,0.224490,0.687075,0.544218,0.551020,0.482993,0.687075,0.374150,0.632653,0.306122,0.544218,0.578231,0.414966,0.544218,0.544218,0.442177,0.510204,0.374150,0.442177
0.000000,0.000000,0.000000,-0.150685,0.404110,-0.047945,0.712329,0.089041,0.938356,0.184932,0.993151,0.321918,0.808219,0.308219,1.000000,0.191781,0.924658,0.136986,0.835616,0.472603,0.691781,0.404110,0.835616,0.273973,0.767123,0.226027,0.691781,0.547945,0.541096,0.493151,0.684932,0.383562,0.636986,0.315068,0.547945,0.575342,0.404110,0.547945,0.534247,0.445205,0.513699,0.376712,0.445205
0.000000,0.000000,0.000000,-0.143836,0.404110,-0.027397,0.719178,0.109589,0.938356,0.205479,1.000000,0.342466,0.801370,0.328767,0.986301,0.205479,0.917808,0.157534,0.828767,0.493151,0.684932,0.417808,0.835616,0.287671,0.767123,0.239726,0.691781,0.568493,0.541096,0.500000,0.684932,0.390411,0.636986,0.321918,0.547945,0.595890,0.404110,0.554795,0.541096,0.452055,0.513699,0.383562,0.452055
0.000000,0.000000,0.000000,-0.131944,0.423611,-0.006944,0.729167,0.138889,0.944444,0.243056,1.000000,0.381944,0.805556,0.354167,0.993056,0.215278,0.909722,0.166667,0.819444,0.520833,0.673611,0.430556,0.833333,0.298611,0.756944,0.250000,0.680556,0.583333,0.520833,0.513889,0.666667,0.381944,0.618056,0.319444,0.527778,0.611111,0.388889,0.569444,0.520833,0.458333,0.493056,0.381944,0.430556
0.000000,0.000000,0.000000,-0.125874,0.440559,0.000000,0.748252,0.139860,0.951049,0.251748,1.000000,0.391608,0.811189,0.363636,1.000000,0.223776,0.923077,0.174825,0.832168,0.524476,0.678322,0.433566,0.839161,0.293706,0.762238,0.244755,0.685315,0.580420,0.524476,0.510490,0.671329,0.370629,0.622378,0.300699,0.538462,0.608392,0.391608,0.559441,0.531469,0.440559,0.510490,0.370629,0.447552
0.000000,0.000000,0.000000,-0.125000,0.437500,0.013889,0.743056,0.159722,0.951389,0.270833,1.000000,0.402778,0.798611,0.381944,0.986111,0.236111,0.902778,0.187500,0.812500,0.534722,0.659722,0.451389,0.826389,0.312500,0.750000,0.263889,0.673611,0.597222,0.506944,0.520833,0.659722,0.395833,0.611111,0.326389,0.527778,0.618056,0.381944,0.576389,0.513889,0.465278,0.493056,0.388889,0.430556
0.000000,0.000000,0.000000,-0.118056,0.444444,0.027778,0.750000,0.187500,0.965278,0.298611,1.000000,0.430556,0.791667,0.395833,0.993056,0.250000,0.916667,0.201389,0.826389,0.562500,0.645833,0.465278,0.833333,0.326389,0.763889,0.277778,0.687500,0.618056,0.500000,0.534722,0.666667,0.402778,0.625000,0.333333,0.534722,0.631944,0.368056,0.583333,0.513889,0.472222,0.493056,0.395833,0.430556
0.000000,0.000000,0.000000,-0.098592,0.464789,0.056338,0.760563,0.218310,0.964789,0.323944,1.000000,0.464789,0.788732,0.436620,0.992958,0.281690,0.922535,0.225352,0.830986,0.591549,0.640845,0.500000,0.823944,0.345070,0.767606,0.288732,0.683099,0.640845,0.485915,0.556338,0.654930,0.422535,0.619718,0.345070,0.528169,0.647887,0.352113,0.598592,0.507042,0.485915,0.492958,0.408451,0.429577
0.000000,0.000000,0.000000,-0.092857,0.457143,0.078571,0.771429,0.257143,0.978571,0.378571,1.000000,0.507143,0.771429,0.464286,0.992857,0.307143,0.914286,0.250000,0.821429,0.642857,0.621429,0.528571,0.814286,0.371429,0.757143,0.314286,0.678571,0.678571,0.464286,0.585714,0.642857,0.442857,0.607143,0.364286,0.514286,0.671429,0.328571,0.621429,0.478571,0.507143,0.464286,0.428571,0.392857
0.000000,0.000000,0.000000,-0.093525,0.453237,0.079137,0.769784,0.273381,0.964029,0.388489,1.000000,0.525180,0.762590,0.482014,0.985611,0.323741,0.920863,0.266187,0.834532,0.654676,0.604317,0.553957,0.805755,0.402878,0.755396,0.338129,0.676259,0.683453,0.446043,0.611511,0.618705,0.474820,0.597122,0.381295,0.517986,0.676259,0.302158,0.640288,0.446043,0.532374,0.446043,0.446043,0.395683
0.000000,0.000000,0.000000,-0.086957,0.449275,0.108696,0.760870,0.311594,0.956522,0.434783,1.000000,0.557971,0.746377,0.507246,0.978261,0.355072,0.913043,0.297101,0.811594,0.681159,0.572464,0.586957,0.789855,0.434783,0.746377,0.376812,0.652174,0.710145,0.413043,0.637681,0.608696,0.500000,0.586957,0.413043,0.500000,0.695652,0.275362,0.659420,0.434783,0.550725,0.427536,0.471014,0.369565
0.000000,0.000000,0.000000,-0.066176,0.470588,0.139706,0.772059,0.352941,0.963235,0.485294,1.000000,0.602941,0.727941,0.536765,0.985294,0.375000,0.911765,0.330882,0.808824,0.713235,0.551471,0.617647,0.794118,0.455882,0.750000,0.397059,0.661765,0.720588,0.389706,0.661765,0.617647,0.514706,0.602941,0.419118,0.514706,0.691176,0.264706,0.669118,0.441176,0.558824,0.441176,0.477941,0.389706
0.000000,0.000000,0.000000,-0.051095,0.467153,0.160584,0.759124,0.372263,0.956204,0.510949,1.000000,0.627737,0.708029,0.547445,0.963504,0.379562,0.897810,0.343066,0.795620,0.715328,0.532847,0.627737,0.788321,0.467153,0.751825,0.401460,0.664234,0.708029,0.372263,0.671533,0.605839,0.525547,0.598540,0.423358,0.525547,0.671533,0.248175,0.664234,0.430657,0.562044,0.445255,0.474453,0.408759
0.000000,0.000000,0.000000,-0.029630,0.474074,0.192593,0.762963,0.407407,0.955556,0.562963,1.000000,0.651852,0.688889,0.577778,0.940741,0.407407,0.874074,0.362963,0.777778,0.733333,0.511111,0.644444,0.762963,0.488889,0.733333,0.422222,0.644444,0.718518,0.355556,0.688889,0.592593,0.540741,0.592593,0.437037,0.518519,0.688889,0.237037,0.681481,0.422222,0.577778,0.437037,0.488889,0.400000
0.000000,0.000000,0.000000,-0.014925,0.485075,0.216418,0.768657,0.425373,0.955224,0.582090,1.000000,0.671642,0.679105,0.597015,0.925373,0.417910,0.858209,0.380597,0.753731,0.738806,0.500000,0.656716,0.753731,0.492537,0.716418,0.425373,0.619403,0.716418,0.350746,0.686567,0.582090,0.537313,0.574627,0.440298,0.500000,0.694030,0.231343,0.686567,0.417910,0.574627,0.425373,0.492537,0.388060
0.000000,0.000000,0.000000,0.007812,0.476562,0.257812,0.773438,0.492188,0.968750,0.648438,1.000000,0.750000,0.625000,0.679688,0.914062,0.500000,0.859375,0.453125,0.757812,0.812500,0.421875,0.726562,0.726562,0.562500,0.695312,0.492188,0.601562,0.781250,0.265625,0.742188,0.539062,0.593750,0.546875,0.492188,0.460938,0.726562,0.148438,0.710938,0.351562,0.609375,0.375000,0.523438,0.328125
0.000000,0.000000,0.000000,0.015873,0.468254,0.277778,0.761905,0.523810,0.952381,0.698413,1.000000,0.769841,0.587302,0.722222,0.888889,0.531746,0.857143,0.468254,0.769841,0.833333,0.388889,0.769841,0.706349,0.595238,0.706349,0.500000,0.626984,0.793651,0.246032,0.769841,0.539683,0.619048,0.563492,0.500000,0.500000,0.730159,0.142857,0.746032,0.365079,0.642857,0.412698,0.547619,0.380952
0.000000,0.000000,0.000000,0.024194,0.475806,0.290323,0.766129,0.540323,0.951613,0.725806,1.000000,0.790323,0.572581,0.750000,0.887097,0.556452,0.854839,0.491935,0.758065,0.854839,0.379032,0.798387,0.701613,0.620968,0.709677,0.516129,0.629032,0.814516,0.233871,0.798387,0.540323,0.637097,0.572581,0.516129,0.508065,0.741935,0.129032,0.758065,0.362903,0.661290,0.403226,0.564516,0.379032
0.000000,0.000000,0.000000,0.040984,0.475410,0.319672,0.762295,0.565574,0.950820,0.754098,1.000000,0.811475,0.549180,0.770492,0.885246,0.573770,0.844262,0.516393,0.737705,0.868852,0.352459,0.811475,0.696721,0.622951,0.696721,0.524590,0.614754,0.819672,0.213115,0.795082,0.532787,0.639344,0.565574,0.516393,0.500000,0.745902,0.114754,0.762295,0.368852,0.655738,0.409836,0.557377,0.377049
0.000000,0.000000,0.000000,0.057377,0.475410,0.352459,0.754098,0.590164,0.942623,0.786885,1.000000,0.836066,0.540984,0.795082,0.852459,0.598361,0.827869,0.540984,0.745902,0.877049,0.344262,0.827869,0.672131,0.647541,0.696721,0.540984,0.631148,0.819672,0.204918,0.811475,0.508197,0.647541,0.557377,0.524590,0.516393,0.754098,0.106557,0.770492,0.344262,0.672131,0.401639,0.573770,0.385246
0.000000,0.000000,0.000000,0.066116,0.479339,0.371901,0.760331,0.611570,0.942149,0.801653,1.000000,0.859504,0.520661,0.826446,0.834711,0.636364,0.834711,0.570248,0.752066,0.892562,0.314050,0.842975,0.652893,0.669421,0.694215,0.561983,0.644628,0.826446,0.181818,0.809917,0.487603,0.661157,0.561983,0.528926,0.528926,0.743802,0.090909,0.760331,0.330579,0.669421,0.404959,0.561983,0.404959
0.000000,0.000000,0.000000,0.082645,0.471074,0.371901,0.752066,0.619835,0.933884,0.809917,1.000000,0.867769,0.504132,0.826446,0.834711,0.628099,0.826446,0.570248,0.752066,0.900826,0.305785,0.842975,0.661157,0.677686,0.702479,0.561983,0.644628,0.826446,0.181818,0.818182,0.495868,0.661157,0.570248,0.528926,0.545455,0.743802,0.090909,0.768595,0.347107,0.669421,0.413223,0.570248,0.413223
0.000000,0.000000,0.000000,0.091667,0.475000,0.391667,0.750000,0.633333,0.925000,0.833333,1.000000,0.875000,0.475000,0.850000,0.800000,0.658333,0.816667,0.600000,0.758333,0.908333,0.275000,0.866667,0.633333,0.700000,0.691667,0.575000,0.658333,0.833333,0.150000,0.833333,0.466667,0.683333,0.558333,0.550000,0.550000,0.741667,0.066667,0.783333,0.316667,0.691667,0.400000,0.591667,0.408333
0.000000,0.000000,0.000000,0.107438,0.487603,0.404959,0.743802,0.619835,0.917355,0.818182,1.000000,0.867769,0.512397,0.842975,0.793388,0.661157,0.842975,0.595041,0.809917,0.876033,0.322314,0.842975,0.628099,0.694215,0.719008,0.570248,0.719008,0.793388,0.190083,0.801653,0.471074,0.669421,0.578512,0.528926,0.603306,0.710744,0.107438,0.735537,0.338843,0.652893,0.429752,0.561983,0.471074
0.000000,0.000000,0.000000,0.100840,0.478992,0.394958,0.747899,0.630252,0.924370,0.831933,1.000000,0.882353,0.478992,0.857143,0.798319,0.672269,0.823529,0.613445,0.764706,0.899160,0.285714,0.873950,0.621849,0.714286,0.697479,0.596639,0.663866,0.831933,0.159664,0.848740,0.462185,0.705882,0.563025,0.571429,0.563025,0.739496,0.075630,0.789916,0.310924,0.705882,0.394958,0.613445,0.428571
0.000000,0.000000,0.000000,0.109244,0.470588,0.411765,0.739496,0.647059,0.924370,0.848740,1.000000,0.882353,0.470588,0.857143,0.798319,0.663866,0.815126,0.596639,0.756303,0.899160,0.285714,0.865546,0.630252,0.697479,0.697479,0.579832,0.663866,0.823529,0.168067,0.831933,0.478992,0.680672,0.571429,0.546219,0.563025,0.739496,0.092437,0.764706,0.336134,0.672269,0.411765,0.579832,0.428571
0.000000,0.000000,0.000000,0.118644,0.483051,0.415254,0.737288,0.652542,0.915254,0.847458,1.000000,0.881356,0.474576,0.872881,0.779661,0.677966,0.822034,0.618644,0.788136,0.898305,0.288136,0.881356,0.610169,0.720339,0.703390,0.593220,0.703390,0.822034,0.161017,0.847458,0.457627,0.711864,0.567797,0.567797,0.593220,0.737288,0.084746,0.779661,0.313559,0.694915,0.406780,0.601695,0.449153
0.000000,0.000000,0.000000,0.111111,0.487179,0.410256,0.752137,0.649573,0.931624,0.846154,1.000000,0.880342,0.478632,0.871795,0.786325,0.683761,0.829060,0.615385,0.786325,0.897436,0.290598,0.880342,0.615385,0.726496,0.709402,0.598291,0.700855,0.829060,0.170940,0.837607,0.470085,0.709402,0.581197,0.572650,0.598291,0.735043,0.094017,0.777778,0.333333,0.692308,0.427350,0.598291,0.461538
0.000000,0.000000,0.000000,0.113043,0.478261,0.417391,0.739130,0.660870,0.913043,0.852174,1.000000,0.895652,0.460870,0.895652,0.765217,0.713043,0.834783,0.643478,0.817391,0.913043,0.269565,0.895652,0.591304,0.756522,0.713043,0.626087,0.739130,0.834783,0.147826,0.860870,0.434783,0.739130,0.573913,0.608696,0.617391,0.739130,0.069565,0.791304,0.304348,0.713043,0.408696,0.626087,0.469565
0.000000,0.000000,0.000000,0.130435,0.486957,0.426087,0.747826,0.652174,0.904348,0.843478,1.000000,0.886957,0.495652,0.886957,0.773913,0.704348,0.834783,0.643478,0.826087,0.886957,0.304348,0.886957,0.608696,0.747826,0.721739,0.608696,0.747826,0.817391,0.182609,0.852174,0.452174,0.730435,0.582609,0.600000,0.626087,0.730435,0.104348,0.773913,0.313043,0.704348,0.417391,0.608696,0.486957
0.000000,0.000000,0.000000,0.123894,0.486726,0.424779,0.752212,0.663717,0.920354,0.858407,1.000000,0.911504,0.477876,0.902655,0.787611,0.716814,0.840708,0.646018,0.814159,0.929204,0.283186,0.911504,0.610619,0.752212,0.716814,0.619469,0.725664,0.849558,0.150442,0.876106,0.451327,0.743363,0.575221,0.601770,0.601770,0.761062,0.079646,0.814159,0.309735,0.734513,0.407080,0.628319,0.460177
0.000000,0.000000,0.000000,0.123894,0.486726,0.433628,0.743363,0.663717,0.911504,0.858407,1.000000,0.911504,0.469027,0.893805,0.778761,0.707965,0.840708,0.637168,0.823009,0.911504,0.274336,0.893805,0.610619,0.743363,0.716814,0.610619,0.734513,0.831858,0.150442,0.858407,0.451327,0.725664,0.575221,0.584071,0.610619,0.743363,0.079646,0.787611,0.300885,0.707965,0.415929,0.610619,0.469027
0.000000,0.000000,0.000000,0.123894,0.477876,0.424779,0.743363,0.663717,0.911504,0.858407,1.000000,0.911504,0.477876,0.884956,0.805310,0.690265,0.849558,0.619469,0.805310,0.920354,0.283186,0.884956,0.637168,0.725664,0.725664,0.584071,0.716814,0.840708,0.168142,0.849558,0.486726,0.707965,0.592920,0.566372,0.601770,0.752212,0.097345,0.778761,0.336283,0.699115,0.424779,0.601770,0.469027
0.000000,0.000000,0.000000,0.123894,0.477876,0.424779,0.734513,0.654867,0.902655,0.849558,1.000000,0.902655,0.469027,0.884956,0.787611,0.699115,0.840708,0.637168,0.814159,0.911504,0.283186,0.893805,0.619469,0.743363,0.725664,0.610619,0.734513,0.831858,0.159292,0.858407,0.469027,0.734513,0.592920,0.592920,0.628319,0.743363,0.088496,0.787611,0.318584,0.716814,0.424779,0.619469,0.477876
0.000000,0.000000,0.000000,0.116071,0.482143,0.419643,0.741071,0.660714,0.910714,0.848214,1.000000,0.892857,0.473214,0.875000,0.794643,0.696429,0.839286,0.625000,0.812500,0.910714,0.276786,0.892857,0.625000,0.741071,0.714286,0.607143,0.723214,0.839286,0.151786,0.866071,0.464286,0.741071,0.580357,0.598214,0.607143,0.758929,0.080357,0.803571,0.312500,0.723214,0.419643,0.625000,0.464286
0.000000,0.000000,0.000000,0.090090,0.468468,0.387387,0.729730,0.630631,0.900901,0.828829,1.000000,0.882883,0.477477,0.873874,0.819820,0.684685,0.828829,0.612613,0.756757,0.909910,0.270270,0.909910,0.639640,0.738739,0.693694,0.612613,0.657658,0.846847,0.144144,0.891892,0.477477,0.747748,0.567568,0.612613,0.549550,0.765766,0.072072,0.828829,0.315315,0.747748,0.405405,0.657658,0.414414
0.000000,0.000000,0.000000,0.090909,0.472727,0.390909,0.754545,0.645455,0.927273,0.836364,1.000000,0.890909,0.472727,0.890909,0.818182,0.709091,0.836364,0.627273,0.772727,0.927273,0.272727,0.918182,0.636364,0.754545,0.700000,0.627273,0.672727,0.863636,0.145455,0.900000,0.472727,0.763636,0.572727,0.627273,0.563636,0.772727,0.063636,0.836364,0.309091,0.754545,0.400000,0.663636,0.427273
0.000000,0.000000,0.000000,0.081081,0.477477,0.387387,0.756757,0.639640,0.936937,0.828829,1.000000,0.882883,0.477477,0.873874,0.828829,0.693694,0.855856,0.621622,0.792793,0.909910,0.270270,0.909910,0.639640,0.747748,0.711712,0.630631,0.675676,0.846847,0.135135,0.882883,0.459459,0.756757,0.558559,0.621622,0.558559,0.747748,0.054054,0.810811,0.297297,0.738739,0.396396,0.657658,0.423423
0.000000,0.000000,0.000000,0.079646,0.477876,0.371681,0.761062,0.619469,0.938053,0.814159,1.000000,0.867257,0.486726,0.858407,0.840708,0.672566,0.831858,0.592920,0.752212,0.893805,0.283186,0.876106,0.654867,0.707965,0.690265,0.601770,0.619469,0.831858,0.150442,0.858407,0.477876,0.707965,0.539823,0.584071,0.495575,0.752212,0.070796,0.796460,0.318584,0.707965,0.389381,0.619469,0.371681
0.000000,0.000000,0.000000,0.086957,0.469565,0.373913,0.756522,0.626087,0.930435,0.808696,1.000000,0.860870,0.486957,0.860870,0.834783,0.669565,0.834783,0.591304,0.747826,0.895652,0.278261,0.878261,0.652174,0.704348,0.686957,0.591304,0.608696,0.834783,0.147826,0.852174,0.478261,0.704348,0.539130,0.573913,0.486957,0.747826,0.060870,0.791304,0.313043,0.695652,0.373913,0.608696,0.347826
0.000000,0.000000,0.000000,0.077586,0.456897,0.362069,0.750000,0.620690,0.931035,0.810345,1.000000,0.853448,0.491379,0.844828,0.844828,0.646552,0.827586,0.568965,0.750000,0.896552,0.301724,0.862069,0.663793,0.681035,0.689655,0.568965,0.629310,0.836207,0.163793,0.836207,0.491379,0.681035,0.551724,0.551724,0.508621,0.758621,0.077586,0.784483,0.327586,0.681035,0.379310,0.594828,0.362069
0.000000,0.000000,0.000000,0.076271,0.474576,0.355932,0.762712,0.610169,0.940678,0.813559,1.000000,0.855932,0.500000,0.847458,0.864407,0.652542,0.838983,0.584746,0.737288,0.898305,0.305085,0.872881,0.677966,0.703390,0.694915,0.610169,0.618644,0.838983,0.169492,0.847458,0.508475,0.694915,0.559322,0.584746,0.500000,0.754237,0.084746,0.788136,0.347458,0.686441,0.389830,0.610169,0.347458
0.000000,0.000000,0.000000,0.066667,0.458333,0.333333,0.750000,0.583333,0.941667,0.783333,1.000000,0.825000,0.541667,0.816667,0.875000,0.625000,0.841667,0.541667,0.750000,0.875000,0.350000,0.841667,0.700000,0.658333,0.708333,0.566667,0.641667,0.825000,0.208333,0.825000,0.525000,0.666667,0.575000,0.550000,0.516667,0.758333,0.108333,0.766667,0.366667,0.666667,0.400000,0.591667,0.366667
0.000000,0.000000,0.000000,0.073171,0.471545,0.333333,0.747967,0.577236,0.943089,0.772358,1.000000,0.821138,0.528455,0.813008,0.861789,0.609756,0.837398,0.536585,0.739837,0.869919,0.341463,0.821138,0.691057,0.642276,0.707317,0.544715,0.626016,0.821138,0.211382,0.796748,0.536585,0.642276,0.577236,0.520325,0.512195,0.756098,0.113821,0.756098,0.373984,0.650406,0.398374,0.569106,0.357724
0.000000,0.000000,0.000000,0.064000,0.464000,0.312000,0.736000,0.544000,0.928000,0.744000,1.000000,0.768000,0.528000,0.824000,0.848000,0.616000,0.832000,0.512000,0.728000,0.832000,0.352000,0.816000,0.672000,0.624000,0.688000,0.528000,0.608000,0.800000,0.232000,0.800000,0.520000,0.632000,0.560000,0.520000,0.496000,0.760000,0.136000,0.760000,0.376000,0.648000,0.400000,0.568000,0.352000
0.000000,0.000000,0.000000,0.047619,0.468254,0.285714,0.722222,0.484127,0.888889,0.674603,1.000000,0.730159,0.571429,0.904762,0.833333,0.738095,0.873016,0.634921,0.825397,0.769841,0.396825,0.817460,0.666667,0.634921,0.722222,0.523810,0.690476,0.730159,0.269841,0.738095,0.492063,0.571429,0.555556,0.460317,0.539683,0.698413,0.166667,0.690476,0.365079,0.579365,0.420635,0.484127,0.420635
0.000000,0.000000,0.000000,-0.007752,0.480620,0.209302,0.728682,0.403101,0.868217,0.604651,0.976744,0.651163,0.643411,0.937984,0.837209,0.914729,0.968992,0.798450,1.000000,0.682171,0.457364,0.759690,0.736434,0.596899,0.806202,0.488372,0.790698,0.666667,0.325581,0.651163,0.558140,0.472868,0.604651,0.364341,0.589147,0.666667,0.232558,0.612403,0.410853,0.488372,0.465116,0.387597,0.441860
0.000000,0.000000,0.000000,0.012903,0.412903,0.200000,0.606452,0.348387,0.716129,0.503226,0.806452,0.567742,0.561290,0.819355,0.748387,0.935484,0.870968,1.000000,0.967742,0.580645,0.419355,0.677419,0.664516,0.574194,0.729032,0.509677,0.748387,0.561290,0.316129,0.600000,0.522581,0.464516,0.567742,0.374194,0.554839,0.561290,0.245161,0.548387,0.406452,0.451613,0.464516,0.374194,0.458065
0.000000,0.000000,0.000000,0.017442,0.360465,0.191860,0.529070,0.331395,0.627907,0.470930,0.686047,0.488372,0.505814,0.738372,0.686047,0.889535,0.796512,1.000000,0.877907,0.517442,0.372093,0.680233,0.569767,0.610465,0.633721,0.569767,0.662791,0.511628,0.267442,0.558140,0.459302,0.424419,0.505814,0.325581,0.494186,0.505814,0.209302,0.494186,0.354651,0.401163,0.406977,0.313953,0.395349
0.000000,0.000000,0.000000,0.016667,0.344444,0.183333,0.500000,0.316667,0.594444,0.455556,0.650000,0.466667,0.483333,0.716667,0.638889,0.877778,0.722222,1.000000,0.783333,0.494444,0.361111,0.655556,0.550000,0.594444,0.611111,0.555556,0.633333,0.488889,0.261111,0.538889,0.444444,0.422222,0.494444,0.333333,0.494444,0.483333,0.200000,0.483333,0.344444,0.405556,0.400000,0.316667,0.405556
0.000000,0.000000,0.000000,0.016304,0.342391,0.179348,0.494565,0.309783,0.586957,0.445652,0.630435,0.456522,0.483696,0.706522,0.619565,0.869565,0.684783,1.000000,0.728261,0.483696,0.364130,0.619565,0.559783,0.543478,0.603261,0.494565,0.619565,0.478261,0.266304,0.510870,0.445652,0.380435,0.478261,0.288043,0.461957,0.472826,0.211957,0.456522,0.347826,0.369565,0.391304,0.282609,0.385870
0.000000,0.000000,0.000000,0.005405,0.329730,0.167568,0.481081,0.297297,0.583784,0.443243,0.621622,0.454054,0.475676,0.702703,0.600000,0.870270,0.659459,1.000000,0.697297,0.475676,0.351351,0.589189,0.545946,0.497297,0.583784,0.443243,0.589189,0.470270,0.248649,0.491892,0.421622,0.362162,0.443243,0.281081,0.421622,0.470270,0.189189,0.459459,0.318919,0.367568,0.356757,0.286486,0.351351
0.000000,0.000000,0.000000,0.010695,0.331551,0.176471,0.481283,0.310160,0.566845,0.443850,0.598930,0.449198,0.475936,0.700535,0.577540,0.866310,0.625668,1.000000,0.663102,0.465241,0.347594,0.561497,0.529412,0.470588,0.550802,0.417112,0.545455,0.459893,0.245989,0.481283,0.411765,0.347594,0.422460,0.267380,0.401070,0.465241,0.192513,0.443850,0.320856,0.352941,0.358289,0.272727,0.342246
0.000000,0.000000,0.000000,0.000000,0.303665,0.151832,0.455497,0.282723,0.554974,0.418848,0.591623,0.439791,0.460733,0.691099,0.549738,0.863874,0.591623,1.000000,0.612565,0.460733,0.335079,0.544503,0.518325,0.439791,0.534031,0.376963,0.518325,0.455497,0.240838,0.486911,0.397906,0.356021,0.403141,0.282723,0.376963,0.460733,0.183246,0.455497,0.303665,0.366492,0.335079,0.293194,0.324607
0.000000,0.000000,0.000000,0.000000,0.298969,0.170103,0.443299,0.314433,0.530928,0.458763,0.551546,0.422680,0.469072,0.685567,0.530928,0.860825,0.546392,1.000000,0.561856,0.443299,0.340206,0.525773,0.505155,0.427835,0.520619,0.360825,0.500000,0.443299,0.237113,0.463918,0.386598,0.335052,0.381443,0.257732,0.355670,0.458763,0.185567,0.438144,0.288660,0.350515,0.314433,0.278351,0.304124
0.000000,0.000000,0.000000,-0.005208,0.296875,0.156250,0.447917,0.291667,0.541667,0.432292,0.572917,0.421875,0.468750,0.682292,0.531250,0.859375,0.546875,1.000000,0.562500,0.437500,0.338542,0.526042,0.505208,0.427083,0.520833,0.359375,0.500000,0.447917,0.244792,0.468750,0.390625,0.338542,0.385417,0.265625,0.359375,0.458333,0.192708,0.442708,0.296875,0.348958,0.322917,0.276042,0.312500
0.000000,0.000000,0.000000,-0.010526,0.300000,0.147368,0.447368,0.278947,0.542105,0.421053,0.568421,0.415789,0.468421,0.678947,0.531579,0.857895,0.547368,1.000000,0.557895,0.436842,0.342105,0.510526,0.505263,0.405263,0.515789,0.347368,0.494737,0.442105,0.242105,0.457895,0.389474,0.326316,0.373684,0.257895,0.347368,0.457895,0.189474,0.431579,0.294737,0.336842,0.305263,0.268421,0.289474
0.000000,0.000000,0.000000,-0.005291,0.296296,0.153439,0.449735,0.285714,0.534392,0.428571,0.566138,0.417989,0.465608,0.677249,0.523810,0.851852,0.534392,1.000000,0.544974,0.439153,0.338624,0.513228,0.502645,0.412698,0.513228,0.349206,0.497355,0.439153,0.238095,0.460317,0.386243,0.322751,0.370370,0.253968,0.338624,0.455026,0.190476,0.433862,0.291005,0.333333,0.301587,0.269841,0.285714
0.000000,0.000000,0.000000,-0.005263,0.263158,0.157895,0.415789,0.310526,0.510526,0.463158,0.542105,0.394737,0.478947,0.673684,0.515789,0.852632,0.515789,1.000000,0.521053,0.421053,0.352632,0.515789,0.489474,0.426316,0.500000,0.363158,0.484211,0.436842,0.252632,0.468421,0.363158,0.331579,0.347368,0.263158,0.326316,0.463158,0.194737,0.442105,0.263158,0.347368,0.268421,0.284211,0.252632
0.000000,0.000000,0.000000,-0.005236,0.277487,0.157068,0.434555,0.287958,0.534031,0.429319,0.565445,0.413613,0.471204,0.675393,0.523560,0.858639,0.528796,1.000000,0.528796,0.434555,0.345550,0.518325,0.497382,0.418848,0.513089,0.361257,0.492147,0.445026,0.251309,0.465969,0.382199,0.335079,0.371728,0.261780,0.345550,0.460733,0.198953,0.439791,0.282723,0.345550,0.298429,0.282723,0.282723
0.000000,0.000000,0.000000,-0.010582,0.285714,0.142857,0.444444,0.275132,0.544974,0.412698,0.571429,0.417989,0.470899,0.677249,0.523810,0.857143,0.534392,1.000000,0.539683,0.433862,0.343915,0.507937,0.507937,0.407407,0.518519,0.338624,0.497355,0.444444,0.248677,0.465608,0.391534,0.333333,0.375661,0.259259,0.343915,0.460317,0.201058,0.439153,0.291005,0.343915,0.301587,0.275132,0.285714
0.000000,0.000000,0.000000,-0.010638,0.276596,0.154255,0.436170,0.292553,0.531915,0.441489,0.558511,0.409574,0.478723,0.675532,0.521277,0.856383,0.526596,1.000000,0.531915,0.425532,0.351064,0.500000,0.500000,0.393617,0.500000,0.324468,0.473404,0.436170,0.250000,0.462766,0.372340,0.324468,0.351064,0.255319,0.329787,0.457447,0.196809,0.436170,0.265957,0.340426,0.276596,0.276596,0.260638
0.000000,0.000000,0.000000,-0.010638,0.271277,0.148936,0.436170,0.281915,0.537234,0.425532,0.569149,0.414894,0.478723,0.680851,0.521277,0.856383,0.531915,1.000000,0.537234,0.430851,0.351064,0.505319,0.500000,0.393617,0.500000,0.313830,0.468085,0.441489,0.255319,0.462766,0.377660,0.324468,0.356383,0.255319,0.329787,0.462766,0.202128,0.441489,0.276596,0.340426,0.281915,0.276596,0.265957
0.000000,0.000000,0.000000,-0.010695,0.272727,0.139037,0.443850,0.267380,0.545455,0.411765,0.582888,0.422460,0.470588,0.684492,0.524064,0.860963,0.534759,1.000000,0.545455,0.438503,0.347594,0.513369,0.508021,0.390374,0.513369,0.315508,0.481283,0.443850,0.251337,0.470588,0.390374,0.326203,0.368984,0.256684,0.336898,0.465241,0.203209,0.443850,0.283422,0.347594,0.294118,0.278075,0.278075
0.000000,0.000000,0.000000,-0.010811,0.291892,0.140541,0.464865,0.270270,0.562162,0.416216,0.589189,0.432432,0.470270,0.691892,0.529730,0.859459,0.545946,1.000000,0.551351,0.448649,0.345946,0.524324,0.524324,0.400000,0.535135,0.313514,0.508108,0.454054,0.254054,0.481081,0.405405,0.340541,0.400000,0.264865,0.367568,0.464865,0.210811,0.454054,0.308108,0.351351,0.329730,0.281081,0.318919
0.000000,0.000000,0.000000,-0.010695,0.283422,0.155080,0.454545,0.299465,0.556150,0.443850,0.577540,0.417112,0.491979,0.684492,0.540107,0.855615,0.545455,1.000000,0.556150,0.433155,0.368984,0.513369,0.524064,0.385027,0.518717,0.294118,0.481283,0.443850,0.278075,0.481283,0.406417,0.336898,0.390374,0.256684,0.363636,0.459893,0.229947,0.449198,0.304813,0.347594,0.315508,0.272727,0.299465
0.000000,0.000000,0.000000,-0.010695,0.278075,0.144385,0.454545,0.278075,0.556150,0.417112,0.588235,0.427807,0.481283,0.684492,0.534759,0.855615,0.540107,1.000000,0.550802,0.438503,0.358289,0.508021,0.518717,0.379679,0.518717,0.288770,0.481283,0.443850,0.262032,0.470588,0.395722,0.331551,0.379679,0.251337,0.352941,0.459893,0.213904,0.443850,0.294118,0.342246,0.310160,0.272727,0.294118
0.000000,0.000000,0.000000,-0.010753,0.274194,0.155914,0.446237,0.295699,0.548387,0.446237,0.575269,0.408602,0.500000,0.682796,0.537634,0.854839,0.543011,1.000000,0.553763,0.430108,0.370968,0.505376,0.516129,0.381720,0.505376,0.284946,0.462366,0.440860,0.279570,0.478495,0.397849,0.333333,0.370968,0.258065,0.344086,0.462366,0.231183,0.456989,0.295699,0.349462,0.301075,0.274194,0.284946
0.000000,0.000000,0.000000,-0.016129,0.268817,0.134409,0.451613,0.263441,0.569892,0.403226,0.596774,0.424731,0.483871,0.688172,0.537634,0.854839,0.553763,1.000000,0.564516,0.440860,0.354839,0.510753,0.526882,0.376344,0.521505,0.279570,0.478495,0.446237,0.263441,0.473118,0.397849,0.327957,0.387097,0.247312,0.354839,0.456989,0.215054,0.451613,0.290323,0.349462,0.311828,0.274194,0.295699
0.000000,0.000000,0.000000,-0.016216,0.270270,0.145946,0.448649,0.297297,0.556757,0.448649,0.583784,0.405405,0.502703,0.675676,0.551351,0.854054,0.562162,1.000000,0.572973,0.421622,0.383784,0.502703,0.524324,0.372973,0.513514,0.270270,0.464865,0.437838,0.286486,0.475676,0.405405,0.335135,0.383784,0.248649,0.356757,0.459459,0.237838,0.459459,0.302703,0.351351,0.308108,0.275676,0.291892
0.000000,0.000000,0.000000,-0.010870,0.282609,0.135870,0.461957,0.260870,0.570652,0.402174,0.603261,0.423913,0.489130,0.684783,0.554348,0.858696,0.570652,1.000000,0.586957,0.445652,0.364130,0.505435,0.538043,0.375000,0.532609,0.288043,0.494565,0.451087,0.271739,0.472826,0.413043,0.331522,0.391304,0.250000,0.364130,0.461957,0.217391,0.451087,0.298913,0.347826,0.315217,0.277174,0.298913
0.000000,0.000000,0.000000,-0.022346,0.312849,0.128492,0.497207,0.256983,0.597765,0.396648,0.625698,0.430168,0.502793,0.687151,0.586592,0.854749,0.608939,1.000000,0.631285,0.446927,0.374302,0.502793,0.553073,0.374302,0.553073,0.290503,0.519553,0.452514,0.273743,0.463687,0.418994,0.318436,0.402235,0.240223,0.374302,0.463687,0.223464,0.441341,0.312849,0.335196,0.329609,0.262570,0.312849
0.000000,0.000000,0.000000,-0.022727,0.312500,0.125000,0.505682,0.255682,0.607955,0.392045,0.636364,0.443182,0.505682,0.693182,0.613636,0.857955,0.653409,1.000000,0.693182,0.460227,0.375000,0.505682,0.562500,0.369318,0.562500,0.284091,0.522727,0.460227,0.272727,0.465909,0.426136,0.318182,0.409091,0.238636,0.375000,0.465909,0.215909,0.443182,0.312500,0.340909,0.329545,0.267045,0.306818
0.000000,0.000000,0.000000,-0.029240,0.339181,0.111111,0.538012,0.228070,0.643275,0.362573,0.684211,0.450292,0.526316,0.690058,0.695906,0.859649,0.771930,1.000000,0.830409,0.479532,0.397661,0.514620,0.608187,0.380117,0.614035,0.298246,0.578947,0.479532,0.298246,0.467836,0.467836,0.315789,0.456140,0.233918,0.421053,0.479532,0.245614,0.444444,0.368421,0.339181,0.374269,0.263158,0.339181
0.000000,0.000000,0.000000,-0.036810,0.368098,0.104294,0.570552,0.220859,0.687117,0.343558,0.717791,0.453988,0.588957,0.674847,0.803681,0.828221,0.920245,0.963190,1.000000,0.490798,0.453988,0.521472,0.674847,0.380368,0.668712,0.300613,0.619632,0.490798,0.343558,0.472393,0.527607,0.312883,0.509202,0.220859,0.460123,0.496933,0.282209,0.460123,0.411043,0.343558,0.423313,0.257669,0.380368
0.000000,0.000000,0.000000,-0.034483,0.356322,0.103448,0.545977,0.206897,0.655172,0.333333,0.689655,0.402299,0.568965,0.586207,0.793103,0.718391,0.913793,0.827586,1.000000,0.448276,0.442529,0.505747,0.655172,0.373563,0.649425,0.304598,0.609195,0.448276,0.333333,0.442529,0.511494,0.298851,0.500000,0.212644,0.454023,0.454023,0.275862,0.425287,0.408046,0.321839,0.413793,0.241379,0.373563
0.000000,0.000000,0.000000,-0.038043,0.320652,0.076087,0.500000,0.168478,0.608696,0.277174,0.657609,0.336957,0.543478,0.500000,0.771739,0.603261,0.902174,0.695652,1.000000,0.402174,0.429348,0.478261,0.641304,0.358696,0.630435,0.293478,0.597826,0.418478,0.331522,0.423913,0.505435,0.298913,0.500000,0.228261,0.451087,0.423913,0.271739,0.396739,0.402174,0.309783,0.413043,0.239130,0.375000
0.000000,0.000000,0.000000,-0.056701,0.298969,0.041237,0.474227,0.128866,0.577320,0.226804,0.639175,0.273196,0.536082,0.407216,0.768041,0.489691,0.902062,0.567010,1.000000,0.345361,0.432990,0.438144,0.639175,0.340206,0.639175,0.288660,0.613402,0.371134,0.345361,0.381443,0.505155,0.257732,0.500000,0.195876,0.463918,0.386598,0.288660,0.355670,0.407216,0.273196,0.412371,0.211340,0.376289
0.000000,0.000000,0.000000,-0.065990,0.289340,0.020305,0.451777,0.091371,0.553299,0.177665,0.624366,0.233503,0.543147,0.345178,0.771574,0.421320,0.903553,0.487310,1.000000,0.309645,0.441624,0.390863,0.644670,0.304569,0.634518,0.263959,0.609137,0.340102,0.355330,0.350254,0.497462,0.238579,0.487310,0.172589,0.441624,0.365482,0.294416,0.335025,0.395939,0.258883,0.401015,0.197970,0.365482
0.000000,0.000000,0.000000,-0.084158,0.262376,-0.014851,0.425743,0.044554,0.529703,0.118812,0.608911,0.183168,0.529703,0.267327,0.767327,0.331683,0.900990,0.386139,1.000000,0.267327,0.440594,0.341584,0.648515,0.272277,0.638614,0.247525,0.613861,0.306931,0.361386,0.301980,0.504951,0.198020,0.485149,0.143564,0.435644,0.336634,0.311881,0.301980,0.405941,0.227723,0.405941,0.178218,0.361386
0.000000,0.000000,0.000000,-0.089202,0.234742,-0.037559,0.408451,0.023474,0.530516,0.084507,0.600939,0.131455,0.507042,0.197183,0.760563,0.239437,0.896714,0.281690,1.000000,0.244131,0.450704,0.300469,0.680751,0.225352,0.671362,0.187793,0.633803,0.305164,0.384977,0.295775,0.549296,0.206573,0.539906,0.164319,0.502347,0.328638,0.323944,0.291080,0.436620,0.225352,0.446009,0.187793,0.403756
0.000000,0.000000,0.000000,-0.110599,0.230415,-0.069124,0.396313,-0.004608,0.525346,0.059908,0.603687,0.078341,0.511521,0.110599,0.764977,0.129032,0.903226,0.156682,1.000000,0.198157,0.465438,0.248848,0.691244,0.175115,0.672811,0.129032,0.622120,0.276498,0.400922,0.267281,0.562212,0.184332,0.539171,0.147465,0.493088,0.313364,0.345622,0.281106,0.456221,0.211982,0.456221,0.175115,0.410138
0.000000,0.000000,0.000000,-0.127854,0.205479,-0.100457,0.392694,-0.009132,0.538813,0.068493,0.621005,0.018265,0.484018,0.036530,0.757991,0.041096,0.894977,0.063927,1.000000,0.164384,0.461187,0.196347,0.716895,0.118721,0.680365,0.073059,0.602740,0.255708,0.410959,0.232877,0.579909,0.155251,0.547945,0.127854,0.484018,0.305936,0.356164,0.260274,0.474886,0.196347,0.452055,0.178082,0.397260
0.000000,0.000000,0.000000,-0.135747,0.199095,-0.117647,0.393665,-0.036199,0.538462,0.027149,0.624434,-0.031674,0.479638,-0.036199,0.751131,-0.054299,0.891403,-0.054299,1.000000,0.117647,0.470588,0.149321,0.737557,0.081448,0.696833,0.040724,0.615385,0.221719,0.434389,0.199095,0.601810,0.126697,0.561086,0.108597,0.493213,0.280543,0.380091,0.239819,0.497738,0.180995,0.470588,0.167421,0.407240
0.000000,0.000000,0.000000,-0.144186,0.195349,-0.130233,0.390698,-0.069767,0.539535,-0.004651,0.637209,-0.069767,0.488372,-0.111628,0.748837,-0.144186,0.888372,-0.162791,1.000000,0.074419,0.488372,0.097674,0.762791,0.041860,0.720930,0.009302,0.651163,0.186047,0.465116,0.167442,0.637209,0.097674,0.590698,0.079070,0.525581,0.255814,0.418605,0.218605,0.534884,0.162791,0.506977,0.148837,0.451163
0.000000,0.000000,0.000000,-0.165877,0.189573,-0.161137,0.383886,-0.113744,0.540284,-0.056872,0.654028,-0.123223,0.483412,-0.189573,0.748815,-0.236967,0.890995,-0.255924,1.000000,0.018957,0.492891,0.042654,0.781991,-0.004739,0.729858,-0.028436,0.654028,0.142180,0.473934,0.123223,0.663507,0.056872,0.606635,0.047393,0.535545,0.222749,0.436019,0.180095,0.563981,0.127962,0.526066,0.123223,0.459716
0.000000,0.000000,0.000000,-0.159420,0.202899,-0.159420,0.396135,-0.120773,0.541063,-0.067633,0.666667,-0.154589,0.502415,-0.241546,0.743961,-0.294686,0.888889,-0.323671,1.000000,-0.019324,0.497585,0.000000,0.772947,-0.024155,0.724638,-0.038647,0.666667,0.106280,0.483092,0.086957,0.671498,0.033816,0.599034,0.028986,0.536232,0.198068,0.458937,0.159420,0.584541,0.111111,0.541063,0.111111,0.478261
0.000000,0.000000,0.000000,-0.164179,0.203980,-0.179104,0.402985,-0.149254,0.542289,-0.104478,0.676617,-0.194030,0.502488,-0.298507,0.736318,-0.358209,0.885572,-0.393035,1.000000,-0.054726,0.502488,-0.039801,0.776119,-0.054726,0.736318,-0.059701,0.691542,0.074627,0.492537,0.059701,0.686567,0.009950,0.611940,0.004975,0.542289,0.179104,0.477612,0.139303,0.601990,0.094527,0.557214,0.094527,0.492537
0.000000,0.000000,0.000000,-0.171717,0.196970,-0.202020,0.398990,-0.186869,0.550505,-0.151515,0.676768,-0.217172,0.505050,-0.333333,0.742424,-0.398990,0.888889,-0.439394,1.000000,-0.075758,0.510101,-0.075758,0.787879,-0.085859,0.742424,-0.085859,0.691919,0.055556,0.510101,0.035354,0.712121,-0.005051,0.636364,-0.010101,0.565657,0.166667,0.494949,0.121212,0.626263,0.085859,0.575758,0.090909,0.510101
0.000000,0.000000,0.000000,-0.178218,0.178218,-0.217822,0.381188,-0.202970,0.539604,-0.168317,0.663366,-0.222772,0.490099,-0.341584,0.742574,-0.405941,0.886139,-0.445545,1.000000,-0.084158,0.509901,-0.084158,0.797030,-0.099010,0.752475,-0.099010,0.698020,0.049505,0.509901,0.029703,0.727723,-0.014851,0.658416,-0.024752,0.584158,0.158416,0.495050,0.113861,0.633663,0.074257,0.584158,0.074257,0.519802
0.000000,0.000000,0.000000,-0.182266,0.182266,-0.221675,0.389163,-0.206897,0.546798,-0.167488,0.674877,-0.231527,0.492611,-0.349754,0.743842,-0.413793,0.886699,-0.453202,1.000000,-0.088670,0.512315,-0.093596,0.798030,-0.108374,0.753695,-0.108374,0.699507,0.044335,0.512315,0.019704,0.729064,-0.024631,0.655172,-0.034483,0.581281,0.152709,0.497537,0.103448,0.635468,0.064039,0.586207,0.068966,0.517241
0.000000,0.000000,0.000000,-0.179104,0.189055,-0.213930,0.393035,-0.203980,0.537313,-0.174129,0.661692,-0.238806,0.497512,-0.358209,0.741294,-0.422886,0.885572,-0.462687,1.000000,-0.099502,0.512438,-0.094527,0.796020,-0.109453,0.751244,-0.114428,0.701493,0.034826,0.512438,0.014925,0.721393,-0.029851,0.646766,-0.039801,0.572139,0.144279,0.502488,0.099502,0.626866,0.059701,0.577114,0.064677,0.512438
0.000000,0.000000,0.000000,-0.178218,0.193069,-0.212871,0.391089,-0.202970,0.529703,-0.178218,0.658416,-0.242574,0.504951,-0.361386,0.742574,-0.420792,0.886139,-0.460396,1.000000,-0.103960,0.509901,-0.103960,0.787129,-0.108911,0.752475,-0.113861,0.702970,0.029703,0.504951,0.009901,0.712871,-0.034653,0.638614,-0.039604,0.564356,0.138614,0.500000,0.089109,0.618812,0.054455,0.574257,0.059406,0.504951
0.000000,0.000000,0.000000,-0.179104,0.184080,-0.218905,0.383085,-0.208955,0.517413,-0.189055,0.641791,-0.243781,0.497512,-0.358209,0.736318,-0.417910,0.885572,-0.457711,1.000000,-0.104478,0.502488,-0.099502,0.781095,-0.109453,0.751244,-0.114428,0.706468,0.029851,0.497512,0.009950,0.706468,-0.034826,0.631841,-0.039801,0.562189,0.139303,0.487562,0.094527,0.611940,0.054726,0.572139,0.059701,0.507463
0.000000,0.000000,0.000000,-0.177340,0.197044,-0.206897,0.394089,-0.197044,0.527094,-0.172414,0.660098,-0.236453,0.502463,-0.349754,0.743842,-0.408867,0.886699,-0.448276,1.000000,-0.098522,0.502463,-0.098522,0.773399,-0.108374,0.758621,-0.108374,0.719212,0.034483,0.497537,0.014778,0.704434,-0.029557,0.635468,-0.034483,0.566502,0.142857,0.487685,0.098522,0.610837,0.059113,0.571429,0.059113,0.512315
0.000000,0.000000,0.000000,-0.173267,0.198020,-0.207921,0.396040,-0.193069,0.524752,-0.173267,0.653465,-0.237624,0.509901,-0.351485,0.742574,-0.410891,0.886139,-0.450495,1.000000,-0.099010,0.504951,-0.099010,0.777228,-0.103960,0.742574,-0.108911,0.693069,0.029703,0.495050,0.014851,0.693069,-0.029703,0.618812,-0.034653,0.554455,0.138614,0.485149,0.099010,0.608911,0.059406,0.569307,0.064356,0.504951
0.000000,0.000000,0.000000,-0.178218,0.198020,-0.207921,0.396040,-0.198020,0.529703,-0.173267,0.658416,-0.237624,0.509901,-0.351485,0.742574,-0.410891,0.891089,-0.450495,1.000000,-0.099010,0.504951,-0.099010,0.777228,-0.108911,0.742574,-0.113861,0.698020,0.029703,0.500000,0.009901,0.693069,-0.034653,0.623762,-0.039604,0.554455,0.133663,0.490099,0.089109,0.613861,0.054455,0.569307,0.059406,0.504951
0.000000,0.000000,0.000000,-0.180000,0.190000,-0.215000,0.390000,-0.205000,0.525000,-0.185000,0.650000,-0.240000,0.510000,-0.360000,0.745000,-0.425000,0.890000,-0.465000,1.000000,-0.105000,0.510000,-0.110000,0.780000,-0.115000,0.745000,-0.115000,0.695000,0.025000,0.500000,0.005000,0.700000,-0.040000,0.630000,-0.040000,0.560000,0.135000,0.490000,0.090000,0.615000,0.050000,0.575000,0.055000,0.515000
0.000000,0.000000,0.000000,-0.180000,0.190000,-0.220000,0.385000,-0.210000,0.520000,-0.195000,0.645000,-0.250000,0.510000,-0.370000,0.745000,-0.435000,0.890000,-0.480000,1.000000,-0.110000,0.515000,-0.120000,0.785000,-0.125000,0.745000,-0.125000,0.695000,0.020000,0.505000,-0.005000,0.705000,-0.045000,0.630000,-0.045000,0.565000,0.125000,0.500000,0.085000,0.620000,0.045000,0.580000,0.050000,0.515000
0.000000,0.000000,0.000000,-0.188776,0.188776,-0.229592,0.387755,-0.219388,0.525510,-0.198980,0.653061,-0.260204,0.510204,-0.387755,0.744898,-0.459184,0.887755,-0.505102,1.000000,-0.117347,0.515306,-0.132653,0.790816,-0.137755,0.755102,-0.137755,0.714286,0.015306,0.510204,-0.015306,0.709184,-0.056122,0.642857,-0.056122,0.571429,0.122449,0.505102,0.076531,0.627551,0.035714,0.586735,0.040816,0.525510
0.000000,0.000000,0.000000,-0.198980,0.178571,-0.239796,0.382653,-0.239796,0.520408,-0.224490,0.653061,-0.270408,0.510204,-0.403061,0.739796,-0.479592,0.887755,-0.525510,1.000000,-0.127551,0.515306,-0.147959,0.790816,-0.153061,0.765306,-0.153061,0.724490,0.005102,0.515306,-0.025510,0.719388,-0.066327,0.653061,-0.071429,0.586735,0.112245,0.505102,0.061224,0.627551,0.025510,0.591837,0.030612,0.530612
0.000000,0.000000,0.000000,-0.194872,0.189744,-0.241026,0.394872,-0.241026,0.533333,-0.225641,0.666667,-0.276923,0.512821,-0.415385,0.748718,-0.492308,0.892308,-0.543590,1.000000,-0.133333,0.523077,-0.158974,0.805128,-0.164103,0.769231,-0.158974,0.728205,0.000000,0.528205,-0.035897,0.738462,-0.071795,0.661538,-0.071795,0.589744,0.112821,0.523077,0.056410,0.641026,0.020513,0.594872,0.030769,0.533333
0.000000,0.000000,0.000000,-0.201031,0.180412,-0.247423,0.386598,-0.252577,0.530928,-0.242268,0.659794,-0.288660,0.510309,-0.432990,0.742268,-0.515464,0.886598,-0.567010,1.000000,-0.144330,0.525773,-0.175258,0.804124,-0.180412,0.773196,-0.175258,0.731959,-0.010309,0.530928,-0.046392,0.742268,-0.082474,0.670103,-0.082474,0.597938,0.103093,0.525773,0.051546,0.649485,0.010309,0.603093,0.020619,0.541237
0.000000,0.000000,0.000000,-0.213542,0.177083,-0.265625,0.385417,-0.270833,0.531250,-0.265625,0.671875,-0.302083,0.505208,-0.453125,0.739583,-0.536458,0.885417,-0.593750,1.000000,-0.161458,0.520833,-0.187500,0.812500,-0.192708,0.786458,-0.187500,0.750000,-0.020833,0.531250,-0.057292,0.750000,-0.098958,0.677083,-0.098958,0.604167,0.093750,0.531250,0.036458,0.651042,0.000000,0.609375,0.005208,0.546875
0.000000,0.000000,0.000000,-0.214660,0.178010,-0.272251,0.387435,-0.282723,0.534031,-0.277487,0.670157,-0.314136,0.507853,-0.471204,0.738220,-0.554974,0.884817,-0.607330,1.000000,-0.167539,0.528796,-0.198953,0.816754,-0.204188,0.790576,-0.198953,0.753927,-0.026178,0.534031,-0.068063,0.753927,-0.104712,0.685864,-0.099476,0.607330,0.089005,0.534031,0.031414,0.654450,-0.005236,0.607330,0.000000,0.544503
0.000000,0.000000,0.000000,-0.215789,0.184211,-0.273684,0.389474,-0.289474,0.531579,-0.294737,0.673684,-0.326316,0.510526,-0.478947,0.742105,-0.563158,0.889474,-0.626316,1.000000,-0.178947,0.526316,-0.215789,0.815789,-0.215789,0.794737,-0.210526,0.757895,-0.036842,0.536842,-0.078947,0.752632,-0.115789,0.678947,-0.105263,0.605263,0.084211,0.542105,0.021053,0.657895,-0.015789,0.610526,-0.005263,0.547368
0.000000,0.000000,0.000000,-0.212435,0.170984,-0.274611,0.373057,-0.290155,0.518135,-0.295337,0.647668,-0.321244,0.497409,-0.476684,0.735751,-0.554404,0.886010,-0.606218,1.000000,-0.181347,0.518135,-0.222798,0.797927,-0.222798,0.772021,-0.212435,0.730570,-0.041451,0.528497,-0.088083,0.740933,-0.119171,0.668394,-0.113990,0.595855,0.077720,0.533679,0.020725,0.647668,-0.015544,0.606218,-0.005181,0.544041
0.000000,0.000000,0.000000,-0.207071,0.166667,-0.277778,0.353535,-0.297980,0.494949,-0.308081,0.626263,-0.318182,0.484848,-0.454545,0.732323,-0.520202,0.883838,-0.560606,1.000000,-0.181818,0.505050,-0.227273,0.772727,-0.222222,0.742424,-0.207071,0.696970,-0.045455,0.515152,-0.090909,0.717172,-0.116162,0.646465,-0.106061,0.575758,0.075758,0.520202,0.020202,0.641414,-0.005051,0.595960,0.010101,0.540404
0.000000,0.000000,0.000000,-0.219388,0.178571,-0.290816,0.372449,-0.306122,0.510204,-0.326531,0.642857,-0.331633,0.494898,-0.448980,0.739796,-0.489796,0.887755,-0.510204,1.000000,-0.193878,0.510204,-0.239796,0.780612,-0.234694,0.739796,-0.224490,0.678571,-0.056122,0.520408,-0.102041,0.714286,-0.132653,0.637755,-0.122449,0.571429,0.066327,0.525510,0.010204,0.647959,-0.020408,0.602041,0.000000,0.540816
0.000000,0.000000,0.000000,-0.274390,0.189024,-0.365854,0.396341,-0.402439,0.573171,-0.426829,0.725610,-0.402439,0.560976,-0.487805,0.878049,-0.500000,0.975610,-0.475610,1.000000,-0.231707,0.597561,-0.286585,0.932927,-0.292683,0.908537,-0.280488,0.841463,-0.060976,0.615854,-0.128049,0.865854,-0.158537,0.798781,-0.146341,0.731707,0.091463,0.615854,0.018293,0.774390,-0.030488,0.743902,-0.024390,0.689024
0.000000,0.000000,0.000000,-0.294118,0.183007,-0.405229,0.405229,-0.444444,0.607843,-0.464052,0.764706,-0.424837,0.601307,-0.483660,0.960784,-0.464052,0.908497,-0.437909,0.803922,-0.235294,0.647059,-0.300654,1.000000,-0.294118,0.895425,-0.287582,0.803922,-0.058824,0.660131,-0.130719,0.934641,-0.150327,0.830065,-0.137255,0.738562,0.104575,0.647059,0.006536,0.836601,-0.026144,0.771242,-0.013072,0.692810
0.000000,0.000000,0.000000,-0.313333,0.180000,-0.426667,0.393333,-0.473333,0.606667,-0.480000,0.753333,-0.426667,0.606667,-0.486667,0.960000,-0.473333,0.886667,-0.446667,0.786667,-0.240000,0.653333,-0.313333,1.000000,-0.313333,0.893333,-0.300000,0.800000,-0.060000,0.666667,-0.140000,0.940000,-0.160000,0.840000,-0.140000,0.746667,0.106667,0.646667,0.006667,0.846667,-0.026667,0.780000,-0.013333,0.693333
0.000000,0.000000,0.000000,-0.304054,0.175676,-0.418919,0.412162,-0.466216,0.641892,-0.445946,0.790541,-0.432432,0.608108,-0.479730,0.959459,-0.452703,0.891892,-0.418919,0.804054,-0.236486,0.668919,-0.310811,1.000000,-0.310811,0.905405,-0.290541,0.817568,-0.054054,0.682432,-0.141892,0.966216,-0.155405,0.878378,-0.135135,0.783784,0.121622,0.662162,0.006757,0.878378,-0.020270,0.810811,0.000000,0.722973
0.000000,0.000000,0.000000,-0.316901,0.197183,-0.429577,0.443662,-0.471831,0.669014,-0.443662,0.830986,-0.457746,0.626761,-0.492958,0.950704,-0.471831,0.880282,-0.443662,0.788732,-0.253521,0.683099,-0.330986,1.000000,-0.323944,0.908451,-0.302817,0.823944,-0.056338,0.704225,-0.147887,0.971831,-0.169014,0.880282,-0.140845,0.788732,0.119718,0.690141,0.007042,0.887324,-0.021127,0.816901,0.000000,0.732394
0.000000,0.000000,0.000000,-0.330882,0.191176,-0.448529,0.426471,-0.492647,0.647059,-0.500000,0.823529,-0.477941,0.639706,-0.522059,0.941176,-0.507353,0.889706,-0.485294,0.816176,-0.279412,0.683824,-0.367647,1.000000,-0.352941,0.911765,-0.330882,0.830882,-0.088235,0.705882,-0.169118,0.963235,-0.183824,0.875000,-0.154412,0.794118,0.095588,0.705882,-0.014706,0.889706,-0.036765,0.830882,-0.014706,0.750000
0.000000,0.000000,0.000000,-0.328358,0.171642,-0.462687,0.395522,-0.507463,0.626866,-0.500000,0.805970,-0.485075,0.626866,-0.522388,0.932836,-0.492537,0.880597,-0.470149,0.798507,-0.283582,0.686567,-0.358209,1.000000,-0.343284,0.925373,-0.320896,0.843284,-0.082090,0.708955,-0.164179,0.970149,-0.171642,0.880597,-0.141791,0.791045,0.104478,0.708955,0.000000,0.888060,-0.014925,0.813433,0.007463,0.731343
0.000000,0.000000,0.000000,-0.318519,0.148148,-0.466667,0.370370,-0.518519,0.614815,-0.496296,0.785185,-0.481481,0.622222,-0.525926,0.933333,-0.496296,0.866667,-0.466667,0.777778,-0.281481,0.696296,-0.362963,1.000000,-0.340741,0.911111,-0.318519,0.829630,-0.081481,0.718518,-0.170370,0.962963,-0.170370,0.874074,-0.140741,0.785185,0.103704,0.711111,0.000000,0.888889,-0.007407,0.807407,0.014815,0.718518
0.000000,0.000000,0.000000,-0.330827,0.150376,-0.473684,0.375940,-0.526316,0.624060,-0.511278,0.789474,-0.496241,0.631579,-0.541353,0.932331,-0.511278,0.864662,-0.473684,0.781955,-0.300752,0.706767,-0.375940,1.000000,-0.353383,0.909774,-0.330827,0.827068,-0.097744,0.729323,-0.180451,0.962406,-0.180451,0.872180,-0.142857,0.781955,0.090226,0.729323,-0.015038,0.894737,-0.015038,0.819549,0.007519,0.729323
0.000000,0.000000,0.000000,-0.335878,0.167939,-0.488550,0.389313,-0.549618,0.633588,-0.526718,0.809160,-0.519084,0.633588,-0.557252,0.931298,-0.519084,0.870229,-0.488550,0.786260,-0.312977,0.702290,-0.389313,1.000000,-0.358779,0.908397,-0.335878,0.824427,-0.106870,0.732824,-0.190840,0.969466,-0.183206,0.877863,-0.145038,0.786260,0.083969,0.732824,-0.022901,0.900763,-0.022901,0.824427,0.007634,0.732824
0.000000,0.000000,0.000000,-0.338462,0.161538,-0.492308,0.376923,-0.553846,0.623077,-0.538462,0.792308,-0.523077,0.638462,-0.561538,0.930769,-0.523077,0.861538,-0.492308,0.776923,-0.315385,0.707692,-0.392308,1.000000,-0.361538,0.907692,-0.338462,0.823077,-0.107692,0.738462,-0.192308,0.976923,-0.184615,0.876923,-0.153846,0.784615,0.084615,0.738462,-0.023077,0.907692,-0.023077,0.823077,0.000000,0.730769
0.000000,0.000000,0.000000,-0.328244,0.160305,-0.488550,0.381679,-0.549618,0.625954,-0.534351,0.793893,-0.519084,0.633588,-0.557252,0.931298,-0.519084,0.854962,-0.480916,0.763359,-0.312977,0.702290,-0.389313,1.000000,-0.358779,0.900763,-0.335878,0.809160,-0.106870,0.740458,-0.190840,0.969466,-0.183206,0.870229,-0.145038,0.770992,0.083969,0.740458,-0.022901,0.900763,-0.022901,0.809160,0.007634,0.717557
0.000000,0.000000,0.000000,-0.338462,0.161538,-0.492308,0.376923,-0.561538,0.623077,-0.546154,0.792308,-0.530769,0.638462,-0.569231,0.930769,-0.523077,0.853846,-0.492308,0.761538,-0.323077,0.707692,-0.400000,1.000000,-0.361538,0.900000,-0.338462,0.807692,-0.115385,0.746154,-0.200000,0.976923,-0.184615,0.869231,-0.146154,0.769231,0.076923,0.746154,-0.023077,0.907692,-0.023077,0.815385,0.007692,0.715385
0.000000,0.000000,0.000000,-0.338462,0.161538,-0.492308,0.384615,-0.561538,0.615385,-0.546154,0.792308,-0.538462,0.638462,-0.569231,0.930769,-0.523077,0.861538,-0.492308,0.761538,-0.330769,0.707692,-0.400000,1.000000,-0.361538,0.892308,-0.330769,0.807692,-0.123077,0.746154,-0.207692,0.976923,-0.184615,0.869231,-0.146154,0.769231,0.069231,0.753846,-0.030769,0.907692,-0.030769,0.815385,0.000000,0.715385
0.000000,0.000000,0.000000,-0.333333,0.155039,-0.488372,0.379845,-0.558140,0.620155,-0.542636,0.790698,-0.534884,0.643411,-0.565891,0.937984,-0.519380,0.860465,-0.488372,0.759690,-0.333333,0.713178,-0.395349,1.000000,-0.356589,0.891473,-0.325581,0.806202,-0.116279,0.751938,-0.201550,0.984496,-0.178295,0.875969,-0.147287,0.775194,0.077519,0.751938,-0.023256,0.914729,-0.023256,0.821705,0.007752,0.720930
0.000000,0.000000,0.000000,-0.338462,0.176923,-0.500000,0.392308,-0.569231,0.623077,-0.553846,0.800000,-0.546154,0.646154,-0.569231,0.930769,-0.523077,0.853846,-0.492308,0.761538,-0.338462,0.707692,-0.400000,1.000000,-0.361538,0.884615,-0.330769,0.800000,-0.130769,0.746154,-0.207692,0.976923,-0.192308,0.861538,-0.153846,0.761538,0.069231,0.753846,-0.038462,0.907692,-0.030769,0.807692,-0.007692,0.707692
0.000000,0.000000,0.000000,-0.330769,0.161538,-0.492308,0.384615,-0.553846,0.623077,-0.530769,0.792308,-0.530769,0.646154,-0.553846,0.938462,-0.515385,0.853846,-0.476923,0.761538,-0.323077,0.715385,-0.392308,1.000000,-0.346154,0.892308,-0.323077,0.800000,-0.115385,0.746154,-0.192308,0.984615,-0.176923,0.869231,-0.138462,0.769231,0.084615,0.753846,-0.023077,0.907692,-0.015385,0.807692,0.007692,0.715385
0.000000,0.000000,0.000000,-0.333333,0.193798,-0.488372,0.410853,-0.534884,0.643411,-0.511628,0.813953,-0.542636,0.651163,-0.558140,0.930233,-0.511628,0.860465,-0.480620,0.767442,-0.325581,0.705426,-0.387597,1.000000,-0.341085,0.891473,-0.317829,0.798450,-0.116279,0.744186,-0.193798,0.976744,-0.170543,0.860465,-0.139535,0.759690,0.077519,0.751938,-0.023256,0.906977,-0.015504,0.806202,0.007752,0.705426
0.000000,0.000000,0.000000,-0.330769,0.161538,-0.492308,0.376923,-0.561538,0.607692,-0.546154,0.776923,-0.538462,0.653846,-0.553846,0.930769,-0.515385,0.853846,-0.484615,0.761538,-0.330769,0.715385,-0.392308,1.000000,-0.353846,0.892308,-0.330769,0.800000,-0.123077,0.746154,-0.200000,0.976923,-0.184615,0.869231,-0.146154,0.769231,0.076923,0.746154,-0.030769,0.907692,-0.023077,0.807692,0.000000,0.707692
0.000000,0.000000,0.000000,-0.333333,0.186047,-0.480620,0.403101,-0.534884,0.627907,-0.534884,0.806202,-0.542636,0.651163,-0.550388,0.930233,-0.511628,0.860465,-0.480620,0.767442,-0.325581,0.705426,-0.387597,1.000000,-0.341085,0.891473,-0.325581,0.806202,-0.116279,0.736434,-0.186047,0.968992,-0.170543,0.852713,-0.139535,0.751938,0.077519,0.744186,-0.023256,0.899225,-0.023256,0.798450,0.000000,0.697674
0.000000,0.000000,0.000000,-0.328244,0.160305,-0.480916,0.374046,-0.541985,0.603053,-0.534351,0.770992,-0.519084,0.648855,-0.541985,0.931298,-0.503817,0.854962,-0.473282,0.763359,-0.320611,0.709924,-0.381679,1.000000,-0.343511,0.893130,-0.320611,0.801527,-0.114504,0.740458,-0.183206,0.969466,-0.167939,0.862595,-0.137405,0.763359,0.083969,0.740458,-0.015267,0.893130,-0.015267,0.801527,0.015267,0.702290
0.000000,0.000000,0.000000,-0.333333,0.186047,-0.480620,0.410853,-0.534884,0.635659,-0.527132,0.806202,-0.534884,0.658915,-0.550388,0.937984,-0.503876,0.860465,-0.480620,0.775194,-0.325581,0.720930,-0.387597,1.000000,-0.341085,0.891473,-0.317829,0.798450,-0.116279,0.744186,-0.186047,0.976744,-0.170543,0.860465,-0.139535,0.759690,0.077519,0.751938,-0.023256,0.899225,-0.015504,0.798450,0.007752,0.705426
0.000000,0.000000,0.000000,-0.335938,0.171875,-0.492188,0.398438,-0.546875,0.632812,-0.539062,0.804688,-0.546875,0.648438,-0.562500,0.937500,-0.523438,0.875000,-0.492188,0.789062,-0.335938,0.710938,-0.398438,1.000000,-0.351562,0.898438,-0.328125,0.812500,-0.125000,0.750000,-0.195312,0.976562,-0.179688,0.867188,-0.140625,0.765625,0.070312,0.757812,-0.023438,0.906250,-0.023438,0.804688,0.007812,0.710938
0.000000,0.000000,0.000000,-0.325581,0.139535,-0.480620,0.364341,-0.542636,0.612403,-0.527132,0.767442,-0.527132,0.643411,-0.558140,0.945736,-0.511628,0.868217,-0.480620,0.775194,-0.325581,0.713178,-0.379845,1.000000,-0.341085,0.899225,-0.317829,0.806202,-0.116279,0.744186,-0.186047,0.976744,-0.162791,0.868217,-0.131783,0.775194,0.085271,0.736434,-0.015504,0.906977,-0.007752,0.806202,0.015504,0.713178
0.000000,0.000000,0.000000,-0.328125,0.203125,-0.468750,0.429688,-0.523438,0.648438,-0.523438,0.828125,-0.539062,0.664062,-0.546875,0.937500,-0.492188,0.859375,-0.468750,0.773438,-0.328125,0.718750,-0.382812,1.000000,-0.328125,0.882812,-0.304688,0.796875,-0.125000,0.742188,-0.187500,0.968750,-0.164062,0.843750,-0.132812,0.750000,0.070312,0.757812,-0.023438,0.906250,-0.015625,0.796875,0.015625,0.703125
0.000000,0.000000,0.000000,-0.325581,0.170543,-0.472868,0.395349,-0.534884,0.627907,-0.527132,0.798450,-0.534884,0.658915,-0.542636,0.937984,-0.496124,0.868217,-0.465116,0.775194,-0.325581,0.720930,-0.372093,1.000000,-0.325581,0.891473,-0.310078,0.798450,-0.116279,0.744186,-0.178295,0.968992,-0.155039,0.860465,-0.124031,0.759690,0.077519,0.751938,-0.015504,0.906977,-0.007752,0.798450,0.023256,0.705426
0.000000,0.000000,0.000000,-0.320312,0.187500,-0.460938,0.414062,-0.515625,0.632812,-0.515625,0.804688,-0.539062,0.664062,-0.539062,0.937500,-0.484375,0.867188,-0.460938,0.781250,-0.328125,0.710938,-0.375000,1.000000,-0.312500,0.882812,-0.296875,0.789062,-0.117188,0.734375,-0.179688,0.968750,-0.148438,0.843750,-0.117188,0.742188,0.078125,0.742188,-0.015625,0.898438,0.000000,0.789062,0.023438,0.695312
0.000000,0.000000,0.000000,-0.320312,0.148438,-0.476562,0.375000,-0.539062,0.617188,-0.523438,0.781250,-0.531250,0.656250,-0.546875,0.953125,-0.492188,0.867188,-0.460938,0.773438,-0.328125,0.718750,-0.367188,1.000000,-0.312500,0.890625,-0.296875,0.796875,-0.117188,0.750000,-0.171875,0.976562,-0.148438,0.867188,-0.117188,0.765625,0.085938,0.742188,-0.007812,0.906250,0.007812,0.804688,0.031250,0.703125
0.000000,0.000000,0.000000,-0.312500,0.156250,-0.468750,0.382812,-0.531250,0.617188,-0.523438,0.781250,-0.531250,0.664062,-0.539062,0.953125,-0.484375,0.867188,-0.453125,0.773438,-0.328125,0.726562,-0.367188,1.000000,-0.312500,0.890625,-0.289062,0.796875,-0.117188,0.757812,-0.171875,0.984375,-0.148438,0.867188,-0.117188,0.765625,0.078125,0.750000,-0.007812,0.906250,0.000000,0.804688,0.031250,0.703125
0.000000,0.000000,0.000000,-0.307692,0.161538,-0.453846,0.376923,-0.523077,0.615385,-0.515385,0.769231,-0.515385,0.661538,-0.530769,0.946154,-0.469231,0.861538,-0.438462,0.769231,-0.315385,0.730769,-0.353846,1.000000,-0.300000,0.892308,-0.276923,0.792308,-0.107692,0.753846,-0.161538,0.976923,-0.130769,0.861538,-0.107692,0.769231,0.092308,0.746154,0.000000,0.900000,0.015385,0.800000,0.038462,0.707692
0.000000,0.000000,0.000000,-0.312500,0.164062,-0.453125,0.382812,-0.523438,0.617188,-0.515625,0.781250,-0.523438,0.664062,-0.523438,0.953125,-0.468750,0.867188,-0.445312,0.773438,-0.320312,0.726562,-0.351562,1.000000,-0.296875,0.890625,-0.273438,0.796875,-0.109375,0.757812,-0.164062,0.984375,-0.132812,0.867188,-0.101562,0.765625,0.093750,0.750000,0.007812,0.906250,0.015625,0.804688,0.039062,0.703125
0.000000,0.000000,0.000000,-0.304688,0.187500,-0.445312,0.406250,-0.507812,0.625000,-0.507812,0.796875,-0.531250,0.671875,-0.523438,0.953125,-0.460938,0.875000,-0.437500,0.781250,-0.328125,0.726562,-0.351562,1.000000,-0.281250,0.882812,-0.273438,0.796875,-0.117188,0.757812,-0.164062,0.984375,-0.132812,0.859375,-0.101562,0.757812,0.078125,0.757812,0.000000,0.906250,0.015625,0.796875,0.039062,0.695312
0.000000,0.000000,0.000000,-0.302326,0.170543,-0.449612,0.387597,-0.511628,0.612403,-0.503876,0.775194,-0.519380,0.666667,-0.511628,0.953488,-0.457364,0.868217,-0.426357,0.775194,-0.317829,0.728682,-0.333333,1.000000,-0.279070,0.883721,-0.263566,0.790698,-0.108527,0.759690,-0.155039,0.976744,-0.124031,0.860465,-0.093023,0.759690,0.085271,0.751938,0.015504,0.899225,0.023256,0.790698,0.046512,0.689922
0.000000,0.000000,0.000000,-0.314961,0.204724,-0.456693,0.417323,-0.511811,0.629921,-0.511811,0.803150,-0.535433,0.685039,-0.519685,0.952756,-0.464567,0.874016,-0.440945,0.787402,-0.330709,0.724409,-0.354331,1.000000,-0.291339,0.881890,-0.275591,0.787402,-0.118110,0.748031,-0.165354,0.976378,-0.133858,0.842520,-0.110236,0.740157,0.070866,0.755906,0.000000,0.889764,0.007874,0.779528,0.031496,0.677165
0.000000,0.000000,0.000000,-0.302326,0.170543,-0.449612,0.387597,-0.511628,0.612403,-0.503876,0.775194,-0.503876,0.674419,-0.496124,0.945736,-0.441860,0.868217,-0.418605,0.775194,-0.302326,0.728682,-0.325581,1.000000,-0.271318,0.883721,-0.255814,0.790698,-0.093023,0.751938,-0.139535,0.976744,-0.116279,0.860465,-0.085271,0.759690,0.100775,0.744186,0.023256,0.891473,0.031008,0.790698,0.054264,0.689922
0.000000,0.000000,0.000000,-0.299213,0.204724,-0.440945,0.425197,-0.496063,0.637795,-0.496063,0.811024,-0.527559,0.685039,-0.503937,0.952756,-0.440945,0.874016,-0.425197,0.779528,-0.314961,0.732283,-0.330709,1.000000,-0.267717,0.881890,-0.251969,0.787402,-0.110236,0.748031,-0.149606,0.976378,-0.118110,0.850394,-0.086614,0.740157,0.086614,0.755906,0.015748,0.897638,0.023622,0.779528,0.047244,0.677165
0.000000,0.000000,0.000000,-0.302326,0.201550,-0.441860,0.418605,-0.496124,0.627907,-0.496124,0.798450,-0.511628,0.689922,-0.488372,0.945736,-0.434109,0.868217,-0.410853,0.782946,-0.302326,0.728682,-0.317829,1.000000,-0.255814,0.875969,-0.248062,0.782946,-0.100775,0.744186,-0.139535,0.968992,-0.108527,0.837209,-0.085271,0.736434,0.093023,0.751938,0.023256,0.883721,0.031008,0.775194,0.054264,0.674419
0.000000,0.000000,0.000000,-0.292308,0.184615,-0.430769,0.400000,-0.484615,0.630769,-0.476923,0.784615,-0.492308,0.684615,-0.476923,0.953846,-0.423077,0.869231,-0.400000,0.776923,-0.292308,0.730769,-0.300000,1.000000,-0.246154,0.884615,-0.230769,0.792308,-0.084615,0.753846,-0.123077,0.976923,-0.092308,0.853846,-0.069231,0.753846,0.107692,0.738462,0.038462,0.884615,0.046154,0.784615,0.061538,0.684615
0.000000,0.000000,0.000000,-0.294574,0.193798,-0.441860,0.410853,-0.496124,0.627907,-0.480620,0.790698,-0.503876,0.689922,-0.472868,0.961240,-0.418605,0.868217,-0.403101,0.775194,-0.294574,0.736434,-0.302326,1.000000,-0.248062,0.883721,-0.240310,0.790698,-0.085271,0.751938,-0.116279,0.968992,-0.093023,0.852713,-0.069767,0.744186,0.108527,0.744186,0.038760,0.883721,0.046512,0.782946,0.062016,0.682171
0.000000,0.000000,0.000000,-0.294574,0.201550,-0.426357,0.418605,-0.480620,0.635659,-0.472868,0.798450,-0.496124,0.697674,-0.465116,0.953488,-0.418605,0.868217,-0.395349,0.782946,-0.286822,0.736434,-0.294574,1.000000,-0.248062,0.875969,-0.240310,0.790698,-0.085271,0.744186,-0.116279,0.968992,-0.093023,0.844961,-0.077519,0.736434,0.108527,0.736434,0.038760,0.883721,0.046512,0.775194,0.062016,0.666667
0.000000,0.000000,0.000000,-0.292308,0.200000,-0.423077,0.415385,-0.469231,0.638462,-0.461538,0.800000,-0.484615,0.692308,-0.453846,0.961538,-0.407692,0.876923,-0.384615,0.792308,-0.276923,0.730769,-0.284615,1.000000,-0.230769,0.876923,-0.223077,0.792308,-0.069231,0.746154,-0.100000,0.961538,-0.084615,0.838462,-0.061538,0.738462,0.115385,0.738462,0.053846,0.876923,0.053846,0.769231,0.069231,0.669231
0.000000,0.000000,0.000000,-0.290076,0.183206,-0.419847,0.396947,-0.480916,0.625954,-0.473282,0.778626,-0.480916,0.694656,-0.458015,0.961832,-0.404580,0.885496,-0.381679,0.793893,-0.274809,0.740458,-0.282443,1.000000,-0.229008,0.885496,-0.221374,0.793893,-0.076336,0.755725,-0.106870,0.969466,-0.083969,0.847328,-0.061069,0.748092,0.114504,0.740458,0.053435,0.877863,0.053435,0.778626,0.068702,0.679389
0.000000,0.000000,0.000000,-0.290076,0.183206,-0.412214,0.396947,-0.465649,0.618321,-0.465649,0.770992,-0.465649,0.694656,-0.450382,0.961832,-0.389313,0.885496,-0.366412,0.793893,-0.267176,0.740458,-0.267176,1.000000,-0.213740,0.877863,-0.213740,0.793893,-0.068702,0.755725,-0.091603,0.961832,-0.068702,0.839695,-0.045802,0.740458,0.122137,0.732824,0.061069,0.877863,0.068702,0.770992,0.076336,0.671756
0.000000,0.000000,0.000000,-0.294574,0.170543,-0.426357,0.387597,-0.472868,0.612403,-0.465116,0.759690,-0.472868,0.689922,-0.457364,0.968992,-0.403101,0.883721,-0.379845,0.790698,-0.279070,0.744186,-0.279070,1.000000,-0.224806,0.883721,-0.217054,0.790698,-0.069767,0.751938,-0.093023,0.961240,-0.069767,0.852713,-0.054264,0.751938,0.124031,0.728682,0.062016,0.875969,0.062016,0.775194,0.077519,0.674419
0.000000,0.000000,0.000000,-0.290076,0.175573,-0.404580,0.389313,-0.458015,0.618321,-0.442748,0.763359,-0.458015,0.694656,-0.435115,0.969466,-0.381679,0.877863,-0.366412,0.778626,-0.267176,0.748092,-0.259542,1.000000,-0.206107,0.877863,-0.206107,0.793893,-0.061069,0.755725,-0.083969,0.969466,-0.061069,0.854962,-0.045802,0.755725,0.129771,0.725191,0.068702,0.870229,0.076336,0.770992,0.083969,0.671756
0.000000,0.000000,0.000000,-0.282443,0.175573,-0.396947,0.404580,-0.435115,0.633588,-0.412214,0.778626,-0.442748,0.702290,-0.412214,0.977099,-0.366412,0.885496,-0.351145,0.786260,-0.236641,0.740458,-0.229008,1.000000,-0.190840,0.877863,-0.190840,0.786260,-0.030534,0.748092,-0.053435,0.961832,-0.038168,0.847328,-0.030534,0.740458,0.160305,0.709924,0.091603,0.862595,0.091603,0.755725,0.099237,0.656489
0.000000,0.000000,0.000000,-0.280303,0.181818,-0.378788,0.409091,-0.416667,0.643939,-0.386364,0.780303,-0.424242,0.704545,-0.386364,0.984848,-0.333333,0.886364,-0.318182,0.787879,-0.227273,0.750000,-0.204545,1.000000,-0.159091,0.878788,-0.159091,0.787879,-0.022727,0.750000,-0.030303,0.954545,-0.015152,0.848485,-0.007576,0.742424,0.166667,0.704545,0.113636,0.856061,0.113636,0.750000,0.121212,0.651515
0.000000,0.000000,0.000000,-0.270677,0.187970,-0.368421,0.421053,-0.390977,0.646617,-0.345865,0.781955,-0.406015,0.714286,-0.353383,0.992481,-0.300752,0.894737,-0.293233,0.789474,-0.203008,0.751880,-0.172932,1.000000,-0.135338,0.879699,-0.142857,0.781955,0.000000,0.744361,0.000000,0.954887,0.015038,0.842105,0.015038,0.736842,0.195489,0.699248,0.142857,0.849624,0.142857,0.744361,0.142857,0.646617
0.000000,0.000000,0.000000,-0.268657,0.194030,-0.350746,0.425373,-0.373134,0.649254,-0.343284,0.783582,-0.395522,0.731343,-0.335821,1.000000,-0.283582,0.902985,-0.283582,0.813433,-0.194030,0.761194,-0.156716,1.000000,-0.119403,0.880597,-0.126866,0.791045,0.007463,0.746269,0.014925,0.955224,0.022388,0.843284,0.022388,0.738806,0.194030,0.694030,0.156716,0.843284,0.149254,0.738806,0.141791,0.634328
0.000000,0.000000,0.000000,-0.262774,0.182482,-0.328467,0.423358,-0.321168,0.656934,-0.262774,0.773723,-0.343066,0.737226,-0.277372,1.000000,-0.226277,0.905109,-0.226277,0.810219,-0.153285,0.759124,-0.087591,0.985401,-0.058394,0.868613,-0.080292,0.781022,0.051095,0.729927,0.072993,0.927007,0.080292,0.817518,0.072993,0.715328,0.233577,0.664234,0.211679,0.795620,0.197080,0.700730,0.182482,0.605839
0.000000,0.000000,0.000000,-0.258993,0.194245,-0.316547,0.431655,-0.294964,0.669065,-0.223022,0.784173,-0.316547,0.748201,-0.230216,1.000000,-0.194245,0.913669,-0.194245,0.820144,-0.122302,0.762590,-0.050360,0.978417,-0.028777,0.870504,-0.050360,0.776978,0.071942,0.726619,0.107914,0.913669,0.107914,0.812950,0.093525,0.712230,0.251799,0.647482,0.230216,0.784173,0.208633,0.690647,0.194245,0.589928
0.000000,0.000000,0.000000,-0.255319,0.219858,-0.290780,0.460993,-0.248227,0.673759,-0.163121,0.787234,-0.276596,0.765957,-0.184397,1.000000,-0.156028,0.907801,-0.163121,0.829787,-0.085106,0.765957,-0.014184,0.964539,-0.007092,0.843972,-0.028369,0.765957,0.106383,0.709220,0.134752,0.879433,0.120567,0.780142,0.113475,0.680851,0.276596,0.624114,0.255319,0.751773,0.226950,0.652482,0.212766,0.560284
0.000000,0.000000,0.000000,-0.239437,0.225352,-0.267606,0.464789,-0.211268,0.683099,-0.119718,0.788732,-0.232394,0.774648,-0.119718,1.000000,-0.091549,0.922535,-0.098592,0.845070,-0.042254,0.767606,0.042254,0.950704,0.049296,0.845070,0.021127,0.760563,0.140845,0.704225,0.183099,0.866197,0.169014,0.774648,0.154930,0.676056,0.302817,0.612676,0.288732,0.725352,0.253521,0.640845,0.232394,0.549296
0.000000,0.000000,0.000000,-0.211268,0.274648,-0.218310,0.507042,-0.161972,0.697183,-0.070423,0.809859,-0.204225,0.802817,-0.077465,1.000000,-0.056338,0.922535,-0.070423,0.852113,-0.021127,0.760563,0.077465,0.943662,0.077465,0.816901,0.042254,0.739437,0.161972,0.690141,0.211268,0.845070,0.183099,0.732394,0.161972,0.640845,0.316901,0.605634,0.309859,0.697183,0.260563,0.605634,0.239437,0.514085
0.000000,0.000000,0.000000,-0.204225,0.288732,-0.204225,0.528169,-0.154930,0.711268,-0.070423,0.830986,-0.176056,0.809859,-0.042254,1.000000,-0.028169,0.915493,-0.049296,0.845070,0.007042,0.753521,0.105634,0.929577,0.098592,0.809859,0.063380,0.725352,0.183099,0.676056,0.225352,0.830986,0.190141,0.704225,0.169014,0.612676,0.338028,0.591549,0.323944,0.683099,0.274648,0.591549,0.253521,0.500000
0.000000,0.000000,0.000000,-0.198582,0.304965,-0.198582,0.539007,-0.141844,0.716312,-0.063830,0.858156,-0.163121,0.822695,-0.035461,1.000000,-0.021277,0.914894,-0.042553,0.843972,0.014184,0.744681,0.113475,0.921986,0.106383,0.787234,0.063830,0.702128,0.191489,0.659574,0.234043,0.808511,0.184397,0.673759,0.156028,0.581560,0.340426,0.581560,0.326241,0.666667,0.269504,0.567376,0.241135,0.475177
0.000000,0.000000,0.000000,-0.191489,0.326241,-0.191489,0.560284,-0.134752,0.730496,-0.056738,0.879433,-0.141844,0.829787,-0.007092,1.000000,0.000000,0.929078,-0.021277,0.865248,0.035461,0.744681,0.134752,0.914894,0.120567,0.787234,0.085106,0.709220,0.205674,0.645390,0.248227,0.801418,0.198582,0.673759,0.170213,0.574468,0.354610,0.574468,0.340426,0.659574,0.283688,0.567376,0.248227,0.475177
0.000000,0.000000,0.000000,-0.190141,0.330986,-0.176056,0.570423,-0.105634,0.739437,-0.021127,0.887324,-0.126761,0.823944,0.007042,1.000000,0.014085,0.929577,-0.014085,0.859155,0.042254,0.739437,0.140845,0.915493,0.126761,0.795775,0.091549,0.711268,0.211268,0.640845,0.253521,0.802817,0.204225,0.676056,0.169014,0.584507,0.352113,0.563380,0.338028,0.654930,0.274648,0.570423,0.239437,0.485915
0.000000,0.000000,0.000000,-0.207143,0.335714,-0.192857,0.571429,-0.128571,0.750000,-0.071429,0.907143,-0.107143,0.835714,0.021429,1.000000,0.014286,0.914286,-0.014286,0.842857,0.064286,0.742857,0.157143,0.914286,0.135714,0.785714,0.092857,0.707143,0.228571,0.635714,0.271429,0.792857,0.214286,0.671429,0.178571,0.578571,0.371429,0.542857,0.350000,0.635714,0.278571,0.550000,0.242857,0.464286
0.000000,0.000000,0.000000,-0.195652,0.347826,-0.181159,0.586957,-0.123188,0.782609,-0.057971,0.949275,-0.079710,0.840580,0.057971,1.000000,0.043478,0.905797,0.007246,0.833333,0.094203,0.739130,0.181159,0.898551,0.159420,0.768116,0.115942,0.688406,0.253623,0.623188,0.289855,0.775362,0.224638,0.644928,0.188406,0.543478,0.398551,0.536232,0.369565,0.623188,0.297101,0.536232,0.260870,0.442029
0.000000,0.000000,0.000000,-0.189781,0.350365,-0.175182,0.598540,-0.109489,0.795620,-0.043796,0.963504,-0.051095,0.846715,0.087591,1.000000,0.072993,0.905109,0.029197,0.832117,0.124088,0.737226,0.211679,0.897810,0.175182,0.766423,0.131387,0.693431,0.284672,0.613139,0.306569,0.766423,0.233577,0.642336,0.197080,0.540146,0.416058,0.525547,0.386861,0.605839,0.306569,0.525547,0.270073,0.437956
0.000000,0.000000,0.000000,-0.197080,0.357664,-0.175182,0.613139,-0.109489,0.810219,-0.036496,0.978102,0.000000,0.839416,0.124088,1.000000,0.094891,0.919708,0.043796,0.854015,0.167883,0.729927,0.233577,0.905109,0.182482,0.802920,0.138686,0.729927,0.313869,0.605839,0.328467,0.766423,0.248175,0.664234,0.211679,0.569343,0.437956,0.510949,0.394161,0.605839,0.313869,0.547445,0.277372,0.459854
0.000000,0.000000,0.000000,-0.175182,0.372263,-0.145985,0.627737,-0.072993,0.824818,0.014599,0.992701,0.058394,0.839416,0.182482,1.000000,0.145985,0.927007,0.094891,0.868613,0.218978,0.715328,0.284672,0.890511,0.218978,0.802920,0.167883,0.729927,0.357664,0.583942,0.357664,0.737226,0.270073,0.649635,0.226277,0.554745,0.467153,0.481752,0.416058,0.583942,0.328467,0.540146,0.284672,0.459854
0.000000,0.000000,0.000000,-0.169118,0.382353,-0.125000,0.639706,-0.036765,0.845588,0.066176,1.000000,0.117647,0.838235,0.242647,1.000000,0.191176,0.926471,0.132353,0.860294,0.272059,0.713235,0.338235,0.889706,0.264706,0.794118,0.205882,0.727941,0.404412,0.573529,0.411765,0.727941,0.308824,0.647059,0.257353,0.558824,0.507353,0.463235,0.463235,0.573529,0.375000,0.536765,0.323529,0.455882
0.000000,0.000000,0.000000,-0.154412,0.375000,-0.110294,0.632353,0.000000,0.860294,0.110294,1.000000,0.169118,0.830882,0.301471,1.000000,0.242647,0.933824,0.183824,0.867647,0.330882,0.705882,0.397059,0.882353,0.308824,0.801471,0.257353,0.735294,0.448529,0.566176,0.463235,0.720588,0.367647,0.654412,0.316176,0.566176,0.544118,0.433824,0.514706,0.558824,0.433824,0.522059,0.375000,0.455882
0.000000,0.000000,0.000000,-0.140741,0.385185,-0.074074,0.659259,0.059259,0.888889,0.192593,1.000000,0.222222,0.822222,0.370370,1.000000,0.281481,0.918519,0.214815,0.851852,0.377778,0.688889,0.451852,0.859259,0.355556,0.785185,0.296296,0.718518,0.496296,0.533333,0.511111,0.688889,0.414815,0.637037,0.348148,0.540741,0.577778,0.400000,0.555556,0.533333,0.466667,0.496296,0.407407,0.422222
0.000000,0.000000,0.000000,-0.125000,0.397059,-0.036765,0.676471,0.110294,0.897059,0.250000,1.000000,0.272059,0.808824,0.404412,0.985294,0.316176,0.919118,0.250000,0.845588,0.426471,0.676471,0.485294,0.845588,0.382353,0.786765,0.316176,0.720588,0.522059,0.514706,0.536765,0.676471,0.426471,0.625000,0.360294,0.536765,0.595588,0.382353,0.573529,0.514706,0.477941,0.485294,0.411765,0.419118
0.000000,0.000000,0.000000,-0.094891,0.430657,0.014599,0.700730,0.167883,0.897810,0.313869,1.000000,0.335766,0.810219,0.452555,0.963504,0.357664,0.905109,0.291971,0.846715,0.467153,0.649635,0.510949,0.817518,0.401460,0.759124,0.343066,0.708029,0.547445,0.481752,0.547445,0.642336,0.423358,0.598540,0.350365,0.510949,0.613139,0.357664,0.583942,0.489051,0.474453,0.467153,0.401460,0.401460
0.000000,0.000000,0.000000,-0.072464,0.442029,0.050725,0.702899,0.217391,0.898551,0.362319,1.000000,0.391304,0.789855,0.500000,0.949275,0.391304,0.898551,0.326087,0.833333,0.514493,0.623188,0.550725,0.797101,0.434783,0.746377,0.369565,0.695652,0.579710,0.456522,0.586957,0.615942,0.456522,0.579710,0.376812,0.500000,0.623188,0.318841,0.608696,0.456522,0.500000,0.449275,0.413043,0.391304
0.000000,0.000000,0.000000,-0.043796,0.445255,0.102190,0.708029,0.270073,0.897810,0.423358,1.000000,0.452555,0.759124,0.554745,0.919708,0.445255,0.883212,0.372263,0.832117,0.562044,0.591241,0.605839,0.766423,0.481752,0.737226,0.408759,0.700730,0.613139,0.416058,0.627737,0.583942,0.496350,0.569343,0.408759,0.496350,0.649635,0.284672,0.642336,0.423358,0.532847,0.430657,0.452555,0.394161
0.000000,0.000000,0.000000,-0.029630,0.451852,0.125926,0.718518,0.318519,0.903704,0.488889,1.000000,0.496296,0.755556,0.614815,0.903704,0.503704,0.874074,0.422222,0.829630,0.600000,0.577778,0.651852,0.748148,0.518519,0.718518,0.451852,0.688889,0.644444,0.400000,0.659259,0.562963,0.525926,0.548148,0.429630,0.481481,0.674074,0.259259,0.666667,0.400000,0.555556,0.407407,0.466667,0.370370
0.000000,0.000000,0.000000,-0.022556,0.458647,0.165414,0.721804,0.375940,0.909774,0.541353,1.000000,0.563910,0.721804,0.684211,0.894737,0.541353,0.864662,0.458647,0.804511,0.661654,0.541353,0.706767,0.721804,0.571429,0.714286,0.488722,0.676692,0.684211,0.360902,0.706767,0.533835,0.578947,0.533835,0.481203,0.473684,0.699248,0.218045,0.706767,0.368421,0.601504,0.383459,0.511278,0.353383
0.000000,0.000000,0.000000,0.000000,0.472868,0.209302,0.736434,0.449612,0.914729,0.620155,1.000000,0.635659,0.705426,0.759690,0.883721,0.620155,0.868217,0.527132,0.821705,0.728682,0.519380,0.782946,0.705426,0.643411,0.713178,0.558140,0.682171,0.744186,0.333333,0.775194,0.503876,0.651163,0.527132,0.542636,0.480620,0.736434,0.178295,0.759690,0.333333,0.658915,0.372093,0.565891,0.348837
0.000000,0.000000,0.000000,0.039370,0.496063,0.267717,0.748031,0.503937,0.921260,0.685039,1.000000,0.692913,0.692913,0.811024,0.866142,0.669291,0.858268,0.574803,0.818898,0.771654,0.488189,0.826772,0.685039,0.685039,0.700787,0.598425,0.677165,0.771654,0.299213,0.803150,0.480315,0.677165,0.511811,0.566929,0.472441,0.755906,0.141732,0.787402,0.307087,0.685039,0.354331,0.582677,0.346457
0.000000,0.000000,0.000000,0.056911,0.504065,0.308943,0.756098,0.569106,0.918699,0.747967,1.000000,0.764228,0.674797,0.886179,0.853659,0.723577,0.853659,0.626016,0.813008,0.837398,0.455285,0.886179,0.658537,0.739837,0.674797,0.634146,0.650406,0.829268,0.260163,0.861789,0.439024,0.731707,0.471545,0.609756,0.430894,0.796748,0.097561,0.837398,0.260163,0.723577,0.308943,0.617886,0.292683
0.000000,0.000000,0.000000,0.083333,0.525000,0.358333,0.766667,0.625000,0.925000,0.816667,1.000000,0.833333,0.650000,0.950000,0.850000,0.775000,0.850000,0.675000,0.808333,0.900000,0.433333,0.941667,0.641667,0.783333,0.666667,0.675000,0.641667,0.875000,0.225000,0.908333,0.416667,0.766667,0.458333,0.641667,0.416667,0.833333,0.058333,0.866667,0.233333,0.758333,0.283333,0.641667,0.275000
0.000000,0.000000,0.000000,0.117647,0.521008,0.411765,0.747899,0.689076,0.899160,0.873950,0.941176,0.873950,0.605042,1.000000,0.798319,0.823529,0.815126,0.714286,0.773109,0.932773,0.378151,0.983193,0.596639,0.823529,0.630252,0.714286,0.605042,0.899160,0.168067,0.941176,0.369748,0.798319,0.420168,0.663866,0.386555,0.840336,0.008403,0.890756,0.184874,0.781513,0.243697,0.663866,0.243697
0.000000,0.000000,0.000000,0.130081,0.495935,0.439024,0.715447,0.723577,0.845528,0.894309,0.853659,0.869919,0.528455,1.000000,0.731707,0.829268,0.747967,0.715447,0.715447,0.926829,0.308943,0.983740,0.528455,0.821138,0.577236,0.707317,0.544715,0.886179,0.113821,0.934959,0.317073,0.804878,0.365854,0.666667,0.325203,0.821138,-0.040650,0.878049,0.121951,0.772358,0.195122,0.658537,0.186992
0.000000,0.000000,0.000000,0.148438,0.460938,0.460938,0.648438,0.750000,0.750000,0.914062,0.742188,0.882812,0.414062,1.000000,0.617188,0.820312,0.648438,0.710938,0.609375,0.906250,0.195312,0.953125,0.421875,0.796875,0.468750,0.687500,0.429688,0.843750,0.015625,0.890625,0.234375,0.765625,0.281250,0.632812,0.242188,0.765625,-0.109375,0.820312,0.054688,0.718750,0.117188,0.609375,0.109375
0.000000,0.000000,0.000000,0.180451,0.406015,0.496241,0.563910,0.766917,0.639098,0.932331,0.654135,0.894737,0.300752,1.000000,0.496241,0.849624,0.541353,0.751880,0.526316,0.887218,0.082707,0.932331,0.315789,0.789474,0.383459,0.691729,0.368421,0.804511,-0.067669,0.857143,0.135338,0.744361,0.210526,0.616541,0.203008,0.714286,-0.187970,0.766917,-0.030075,0.691729,0.052632,0.586466,0.067669
0.000000,0.000000,0.000000,0.205882,0.382353,0.514706,0.507353,0.779412,0.558824,0.933824,0.566176,0.875000,0.198529,1.000000,0.389706,0.852941,0.455882,0.757353,0.441176,0.852941,-0.007353,0.919118,0.220588,0.786765,0.301471,0.683824,0.301471,0.750000,-0.147059,0.830882,0.051471,0.720588,0.139706,0.602941,0.147059,0.647059,-0.235294,0.720588,-0.088235,0.654412,0.000000,0.558824,0.029412
0.000000,0.000000,0.000000,0.239130,0.355072,0.565217,0.456522,0.818841,0.492754,0.963768,0.456522,0.876812,0.094203,1.000000,0.289855,0.869565,0.384058,0.782609,0.384058,0.826087,-0.101449,0.913043,0.137681,0.797101,0.246377,0.695652,0.253623,0.702899,-0.210145,0.804348,0.000000,0.717391,0.101449,0.601449,0.123188,0.586957,-0.275362,0.688406,-0.115942,0.637681,-0.014493,0.550725,0.021739
0.000000,0.000000,0.000000,0.276596,0.312057,0.602837,0.375887,0.843972,0.382979,0.964539,0.333333,0.851064,-0.028369,1.000000,0.170213,0.872340,0.276596,0.787234,0.283688,0.765957,-0.205674,0.886525,0.028369,0.787234,0.148936,0.687943,0.170213,0.631206,-0.297872,0.758865,-0.099291,0.695035,0.028369,0.574468,0.063830,0.503546,-0.333333,0.624114,-0.191489,0.595745,-0.085106,0.503546,-0.028369
0.000000,0.000000,0.000000,0.281690,0.281690,0.605634,0.330986,0.845070,0.330986,0.957747,0.253521,0.830986,-0.105634,1.000000,0.091549,0.873239,0.204225,0.774648,0.211268,0.732394,-0.267606,0.887324,-0.042254,0.788732,0.084507,0.683099,0.105634,0.598592,-0.338028,0.746479,-0.147887,0.683099,-0.021127,0.570423,0.021127,0.471831,-0.366197,0.605634,-0.225352,0.570423,-0.126761,0.492958,-0.063380
0.000000,0.000000,0.000000,0.288732,0.253521,0.612676,0.288732,0.852113,0.267606,0.971831,0.190141,0.802817,-0.161972,1.000000,0.021127,0.894366,0.140845,0.795775,0.161972,0.697183,-0.316901,0.866197,-0.098592,0.788732,0.042254,0.683099,0.077465,0.563380,-0.380282,0.725352,-0.190141,0.676056,-0.056338,0.570423,-0.007042,0.443662,-0.401408,0.577465,-0.260563,0.549296,-0.161972,0.471831,-0.098592
0.000000,0.000000,0.000000,0.309859,0.239437,0.640845,0.253521,0.880282,0.218310,0.964789,0.126761,0.788732,-0.204225,1.000000,-0.035211,0.901408,0.098592,0.802817,0.119718,0.676056,-0.352113,0.866197,-0.133803,0.795775,0.007042,0.690141,0.049296,0.542253,-0.408451,0.725352,-0.218310,0.690141,-0.077465,0.584507,-0.021127,0.422535,-0.422535,0.570423,-0.281690,0.549296,-0.176056,0.478873,-0.112676
0.000000,0.000000,0.000000,0.326241,0.226950,0.659574,0.219858,0.893617,0.163121,0.950355,0.063830,0.773050,-0.255319,1.000000,-0.085106,0.907801,0.049645,0.801418,0.085106,0.659574,-0.404255,0.858156,-0.191489,0.794326,-0.035461,0.695035,0.014184,0.524823,-0.453901,0.716312,-0.269504,0.687943,-0.127660,0.588652,-0.056738,0.404255,-0.460993,0.560284,-0.326241,0.546099,-0.212766,0.482269,-0.141844
0.000000,0.000000,0.000000,0.342857,0.214286,0.671429,0.192857,0.900000,0.128571,0.942857,0.028571,0.771429,-0.285714,1.000000,-0.128571,0.914286,0.014286,0.807143,0.042857,0.642857,-0.428571,0.850000,-0.221429,0.792857,-0.071429,0.685714,-0.035714,0.507143,-0.478571,0.707143,-0.300000,0.678571,-0.157143,0.585714,-0.092857,0.378571,-0.471429,0.542857,-0.335714,0.528571,-0.228571,0.464286,-0.171429
0.000000,0.000000,0.000000,0.347826,0.195652,0.673913,0.166667,0.891304,0.094203,0.905797,0.014493,0.753623,-0.311594,1.000000,-0.166667,0.934783,-0.036232,0.833333,0.007246,0.623188,-0.449275,0.840580,-0.275362,0.797101,-0.123188,0.702899,-0.065217,0.478261,-0.492754,0.688406,-0.340580,0.673913,-0.195652,0.594203,-0.123188,0.355072,-0.492754,0.528986,-0.369565,0.528986,-0.260870,0.471014,-0.195652
0.000000,0.000000,0.000000,0.363636,0.181818,0.689394,0.128788,0.901515,0.037879,0.893939,-0.037879,0.750000,-0.378788,1.000000,-0.242424,0.931818,-0.106061,0.833333,-0.068182,0.598485,-0.515152,0.833333,-0.348485,0.803030,-0.196970,0.696970,-0.143939,0.446970,-0.553030,0.666667,-0.409091,0.659091,-0.265152,0.575758,-0.196970,0.310606,-0.537879,0.500000,-0.424242,0.500000,-0.318182,0.439394,-0.250000
0.000000,0.000000,0.000000,0.388889,0.166667,0.714286,0.111111,0.928571,0.015873,0.920635,-0.055556,0.738095,-0.420635,1.000000,-0.309524,0.984127,-0.182540,0.920635,-0.119048,0.579365,-0.547619,0.825397,-0.404762,0.825397,-0.253968,0.753968,-0.174603,0.420635,-0.579365,0.650794,-0.460317,0.674603,-0.309524,0.611111,-0.206349,0.285714,-0.555556,0.468254,-0.468254,0.500000,-0.365079,0.468254,-0.269841
0.000000,0.000000,0.000000,0.398374,0.170732,0.731707,0.105691,0.926829,-0.008130,0.894309,-0.081301,0.739837,-0.447154,1.000000,-0.325203,0.951219,-0.178862,0.853659,-0.138211,0.560976,-0.569106,0.821138,-0.422764,0.796748,-0.268293,0.707317,-0.211382,0.390244,-0.593496,0.634146,-0.479675,0.642276,-0.325203,0.569106,-0.252033,0.252033,-0.577236,0.447154,-0.479675,0.463415,-0.365854,0.414634,-0.292683
0.000000,0.000000,0.000000,0.413223,0.157025,0.743802,0.082645,0.925620,-0.033058,0.900826,-0.115702,0.727273,-0.479339,1.000000,-0.347107,0.933884,-0.198347,0.826446,-0.165289,0.537190,-0.603306,0.809917,-0.438017,0.776860,-0.280992,0.669421,-0.231405,0.355372,-0.619835,0.611570,-0.479339,0.619835,-0.330579,0.537190,-0.264463,0.214876,-0.586777,0.429752,-0.487603,0.438017,-0.371901,0.388430,-0.305785
0.000000,0.000000,0.000000,0.415254,0.177966,0.754237,0.101695,0.940678,-0.025424,0.906780,-0.101695,0.711864,-0.466102,1.000000,-0.330508,0.915254,-0.177966,0.796610,-0.161017,0.525424,-0.601695,0.813559,-0.440678,0.762712,-0.279661,0.652542,-0.245763,0.347458,-0.627119,0.627119,-0.500000,0.618644,-0.338983,0.533898,-0.279661,0.211864,-0.601695,0.440678,-0.483051,0.440678,-0.364407,0.381356,-0.313559
0.000000,0.000000,0.000000,0.426087,0.165217,0.765217,0.086957,0.939130,-0.034783,0.878261,-0.121739,0.721739,-0.495652,1.000000,-0.347826,0.921739,-0.200000,0.808696,-0.173913,0.513043,-0.617391,0.808696,-0.452174,0.765217,-0.295652,0.652174,-0.260870,0.321739,-0.634783,0.591304,-0.504348,0.591304,-0.347826,0.513043,-0.286957,0.173913,-0.600000,0.382609,-0.495652,0.400000,-0.382609,0.339130,-0.321739
0.000000,0.000000,0.000000,0.441441,0.162162,0.774775,0.072072,0.954955,-0.054054,0.891892,-0.135135,0.711712,-0.531532,1.000000,-0.387387,0.927928,-0.225225,0.819820,-0.198198,0.495495,-0.657658,0.783784,-0.495495,0.747748,-0.333333,0.639640,-0.288288,0.288288,-0.666667,0.558559,-0.549550,0.567568,-0.378378,0.495495,-0.306306,0.135135,-0.630631,0.342342,-0.531532,0.351351,-0.405405,0.306306,-0.351351
0.000000,0.000000,0.000000,0.449541,0.155963,0.770642,0.055046,0.944954,-0.064220,0.908257,-0.128440,0.715596,-0.550459,1.000000,-0.422018,0.935780,-0.256881,0.834862,-0.220183,0.486239,-0.669725,0.770642,-0.532110,0.761468,-0.376147,0.660550,-0.311927,0.275229,-0.678899,0.532110,-0.587156,0.559633,-0.422018,0.504587,-0.339450,0.110092,-0.642202,0.311927,-0.550459,0.339450,-0.431193,0.293578,-0.357798
0.000000,0.000000,0.000000,0.443396,0.141509,0.754717,0.047170,0.943396,-0.066038,0.896226,-0.132075,0.707547,-0.575472,1.000000,-0.433962,0.933962,-0.273585,0.811321,-0.235849,0.471698,-0.698113,0.764151,-0.547170,0.745283,-0.386792,0.650943,-0.339623,0.254717,-0.707547,0.528302,-0.603774,0.547170,-0.443396,0.481132,-0.367925,0.084906,-0.660377,0.292453,-0.566038,0.311321,-0.443396,0.264151,-0.377358
0.000000,0.000000,0.000000,0.457143,0.123810,0.771429,0.038095,0.942857,-0.085714,0.876190,-0.133333,0.733333,-0.609524,1.000000,-0.428571,0.933333,-0.266667,0.809524,-0.228571,0.485714,-0.704762,0.761905,-0.542857,0.752381,-0.371429,0.647619,-0.314286,0.247619,-0.695238,0.504762,-0.590476,0.523810,-0.428571,0.457143,-0.352381,0.066667,-0.647619,0.257143,-0.561905,0.276190,-0.447619,0.238095,-0.380952
0.000000,0.000000,0.000000,0.457143,0.142857,0.761905,0.057143,0.942857,-0.066667,0.895238,-0.123810,0.723810,-0.590476,1.000000,-0.438095,0.933333,-0.285714,0.819048,-0.238095,0.485714,-0.704762,0.761905,-0.552381,0.752381,-0.390476,0.657143,-0.323810,0.247619,-0.695238,0.504762,-0.609524,0.523810,-0.447619,0.466667,-0.371429,0.066667,-0.657143,0.257143,-0.571429,0.276190,-0.447619,0.238095,-0.380952
0.000000,0.000000,0.000000,0.451923,0.134615,0.769231,0.038462,0.942308,-0.086538,0.903846,-0.144231,0.711538,-0.605769,1.000000,-0.480769,0.951923,-0.317308,0.836538,-0.269231,0.471154,-0.721154,0.759615,-0.596154,0.769231,-0.423077,0.673077,-0.346154,0.240385,-0.721154,0.500000,-0.644231,0.538462,-0.471154,0.480769,-0.384615,0.057692,-0.663462,0.259615,-0.596154,0.288462,-0.480769,0.250000,-0.403846
0.000000,0.000000,0.000000,0.443396,0.141509,0.764151,0.056604,0.933962,-0.075472,0.877358,-0.132075,0.716981,-0.584906,1.000000,-0.452830,0.933962,-0.292453,0.801887,-0.254717,0.471698,-0.698113,0.764151,-0.566038,0.745283,-0.396226,0.641509,-0.339623,0.245283,-0.688679,0.509434,-0.603774,0.528302,-0.443396,0.462264,-0.377358,0.066038,-0.641509,0.273585,-0.566038,0.292453,-0.443396,0.245283,-0.377358
0.000000,0.000000,0.000000,0.460784,0.137255,0.774510,0.029412,0.950980,-0.098039,0.892157,-0.156863,0.705882,-0.617647,1.000000,-0.500000,0.950980,-0.343137,0.843137,-0.303922,0.450980,-0.735294,0.754902,-0.617647,0.754902,-0.450980,0.656863,-0.392157,0.225490,-0.735294,0.500000,-0.656863,0.529412,-0.500000,0.460784,-0.421569,0.039216,-0.686275,0.254902,-0.617647,0.284314,-0.490196,0.245098,-0.421569
0.000000,0.000000,0.000000,0.461538,0.144231,0.769231,0.067308,0.951923,-0.057692,0.875000,-0.115385,0.721154,-0.576923,1.000000,-0.432692,0.932692,-0.278846,0.807692,-0.259615,0.480769,-0.692308,0.759615,-0.548077,0.740385,-0.384615,0.634615,-0.336538,0.250000,-0.692308,0.500000,-0.596154,0.519231,-0.442308,0.451923,-0.375000,0.067308,-0.644231,0.259615,-0.557692,0.278846,-0.442308,0.240385,-0.375000
0.000000,0.000000,0.000000,0.455446,0.158416,0.752475,0.069307,0.940594,-0.049505,0.881188,-0.108911,0.702970,-0.584158,1.000000,-0.445545,0.940594,-0.287129,0.821782,-0.267327,0.465347,-0.712871,0.762376,-0.574257,0.742574,-0.405941,0.643564,-0.356436,0.227723,-0.712871,0.504951,-0.623762,0.524752,-0.465347,0.455446,-0.396040,0.059406,-0.673267,0.267327,-0.584158,0.287129,-0.465347,0.247525,-0.396040
0.000000,0.000000,0.000000,0.455446,0.148515,0.752475,0.049505,0.930693,-0.069307,0.861386,-0.118812,0.702970,-0.594059,1.000000,-0.445545,0.930693,-0.297030,0.801980,-0.287129,0.455446,-0.712871,0.752475,-0.574257,0.742574,-0.415842,0.633663,-0.376238,0.227723,-0.712871,0.495050,-0.633663,0.514852,-0.475248,0.455446,-0.415842,0.049505,-0.663366,0.247525,-0.594059,0.267327,-0.475248,0.227723,-0.415842
0.000000,0.000000,0.000000,0.442308,0.173077,0.740385,0.086538,0.932692,-0.019231,0.865385,-0.076923,0.711538,-0.538462,1.000000,-0.394231,0.942308,-0.250000,0.826923,-0.221154,0.480769,-0.663462,0.769231,-0.528846,0.759615,-0.375000,0.663462,-0.317308,0.259615,-0.663462,0.519231,-0.576923,0.548077,-0.423077,0.480769,-0.355769,0.096154,-0.615385,0.288462,-0.528846,0.317308,-0.413462,0.269231,-0.346154
0.000000,0.000000,0.000000,0.446602,0.194175,0.757282,0.106796,0.932039,-0.009709,0.893204,-0.077670,0.708738,-0.524272,1.000000,-0.388350,0.941748,-0.233010,0.825243,-0.213592,0.485437,-0.660194,0.776699,-0.514563,0.757282,-0.349515,0.650485,-0.310680,0.281553,-0.679612,0.553398,-0.572816,0.572816,-0.407767,0.504854,-0.349515,0.126214,-0.640777,0.349515,-0.524272,0.368932,-0.398058,0.320388,-0.339806
0.000000,0.000000,0.000000,0.424528,0.188679,0.726415,0.113208,0.905660,0.009434,0.858491,-0.047170,0.735849,-0.509434,1.000000,-0.339623,0.915094,-0.198113,0.792453,-0.188679,0.509434,-0.641509,0.783019,-0.471698,0.745283,-0.320755,0.641509,-0.283019,0.292453,-0.650943,0.537736,-0.537736,0.547170,-0.386792,0.481132,-0.330189,0.122642,-0.613208,0.311321,-0.509434,0.320755,-0.396226,0.283019,-0.339623
0.000000,0.000000,0.000000,0.424528,0.207547,0.726415,0.150943,0.905660,0.047170,0.877358,-0.028302,0.726415,-0.481132,1.000000,-0.330189,0.924528,-0.188679,0.801887,-0.169811,0.518868,-0.622642,0.792453,-0.452830,0.754717,-0.301887,0.650943,-0.264151,0.311321,-0.650943,0.566038,-0.518868,0.566038,-0.367925,0.490566,-0.311321,0.150943,-0.632075,0.349057,-0.500000,0.358491,-0.377358,0.311321,-0.330189
0.000000,0.000000,0.000000,0.427184,0.203883,0.737864,0.145631,0.922330,0.048544,0.883495,-0.038835,0.728155,-0.514563,1.000000,-0.339806,0.922330,-0.184466,0.796117,-0.174757,0.524272,-0.660194,0.786408,-0.456311,0.737864,-0.291262,0.631068,-0.262136,0.320388,-0.689320,0.582524,-0.524272,0.563107,-0.359223,0.485437,-0.310680,0.155340,-0.669903,0.359223,-0.504854,0.359223,-0.378641,0.300971,-0.320388
0.000000,0.000000,0.000000,0.414141,0.232323,0.727273,0.171717,0.939394,0.090909,0.949495,0.020202,0.666667,-0.505050,1.000000,-0.353535,0.949495,-0.181818,0.838384,-0.141414,0.515152,-0.666667,0.838384,-0.464646,0.808081,-0.272727,0.707071,-0.232323,0.383838,-0.696970,0.707071,-0.494949,0.696970,-0.313131,0.606061,-0.272727,0.303030,-0.676768,0.595960,-0.444444,0.595960,-0.303030,0.515152,-0.252525
0.000000,0.000000,0.000000,0.414141,0.252525,0.737374,0.202020,0.929293,0.111111,0.939394,0.040404,0.696970,-0.434343,1.000000,-0.272727,0.919192,-0.111111,0.797980,-0.090909,0.515152,-0.626263,0.808081,-0.414141,0.757576,-0.242424,0.646465,-0.222222,0.343434,-0.676768,0.616162,-0.474747,0.606061,-0.303030,0.515152,-0.262626,0.222222,-0.666667,0.454545,-0.424242,0.444444,-0.292929,0.363636,-0.272727
0.000000,0.000000,0.000000,0.415094,0.226415,0.716981,0.169811,0.905660,0.075472,0.886792,0.000000,0.726415,-0.452830,1.000000,-0.273585,0.905660,-0.132075,0.773585,-0.122642,0.537736,-0.613208,0.801887,-0.405660,0.745283,-0.254717,0.632075,-0.226415,0.349057,-0.650943,0.594340,-0.481132,0.575472,-0.311321,0.490566,-0.283019,0.198113,-0.641509,0.396226,-0.452830,0.386792,-0.330189,0.320755,-0.292453
0.000000,0.000000,0.000000,0.409524,0.238095,0.704762,0.180952,0.904762,0.085714,0.895238,0.000000,0.695238,-0.457143,1.000000,-0.304762,0.923810,-0.152381,0.790476,-0.142857,0.514286,-0.619048,0.809524,-0.438095,0.761905,-0.276190,0.657143,-0.247619,0.333333,-0.666667,0.619048,-0.514286,0.609524,-0.342857,0.523810,-0.304762,0.200000,-0.657143,0.419048,-0.485714,0.419048,-0.352381,0.352381,-0.304762
0.000000,0.000000,0.000000,0.411215,0.233645,0.719626,0.177570,0.925234,0.093458,0.915888,0.028037,0.710280,-0.439252,1.000000,-0.280374,0.943925,-0.130841,0.831776,-0.102804,0.542056,-0.598131,0.822430,-0.411215,0.794393,-0.252336,0.691589,-0.205607,0.373832,-0.635514,0.654206,-0.476636,0.663551,-0.299065,0.588785,-0.252336,0.252336,-0.616822,0.495327,-0.429907,0.504673,-0.308411,0.448598,-0.252336
0.000000,0.000000,0.000000,0.407080,0.238938,0.699115,0.194690,0.884956,0.106195,0.849558,0.026549,0.761062,-0.389381,1.000000,-0.230089,0.911504,-0.088496,0.796460,-0.079646,0.557522,-0.548673,0.796460,-0.353982,0.752212,-0.212389,0.646018,-0.185841,0.353982,-0.575221,0.566372,-0.442478,0.566372,-0.292035,0.495575,-0.238938,0.194690,-0.566372,0.362832,-0.424779,0.371681,-0.318584,0.318584,-0.274336
0.000000,0.000000,0.000000,0.417391,0.252174,0.721739,0.191304,0.895652,0.095652,0.852174,0.017391,0.747826,-0.400000,1.000000,-0.234783,0.913043,-0.095652,0.800000,-0.086957,0.556522,-0.547826,0.826087,-0.347826,0.773913,-0.208696,0.669565,-0.182609,0.373913,-0.573913,0.634783,-0.426087,0.617391,-0.269565,0.539130,-0.234783,0.234783,-0.547826,0.443478,-0.408696,0.434783,-0.295652,0.373913,-0.260870
0.000000,0.000000,0.000000,0.419643,0.241071,0.723214,0.169643,0.901786,0.062500,0.839286,-0.017857,0.732143,-0.419643,1.000000,-0.258929,0.919643,-0.116071,0.803571,-0.116071,0.526786,-0.580357,0.803571,-0.392857,0.758929,-0.250000,0.651786,-0.223214,0.330357,-0.607143,0.589286,-0.473214,0.589286,-0.321429,0.508929,-0.276786,0.187500,-0.589286,0.383929,-0.464286,0.383929,-0.357143,0.330357,-0.312500
0.000000,0.000000,0.000000,0.409091,0.227273,0.700000,0.172727,0.890909,0.081818,0.854545,0.009091,0.745455,-0.418182,1.000000,-0.245455,0.918182,-0.109091,0.800000,-0.109091,0.536364,-0.572727,0.800000,-0.390909,0.754545,-0.254545,0.654545,-0.227273,0.345455,-0.600000,0.581818,-0.481818,0.581818,-0.327273,0.509091,-0.281818,0.190909,-0.581818,0.390909,-0.454545,0.390909,-0.345455,0.327273,-0.290909
0.000000,0.000000,0.000000,0.410714,0.223214,0.696429,0.169643,0.875000,0.071429,0.821429,-0.008929,0.758929,-0.401786,1.000000,-0.232143,0.910714,-0.098214,0.785714,-0.098214,0.544643,-0.562500,0.785714,-0.383929,0.750000,-0.250000,0.642857,-0.223214,0.339286,-0.589286,0.562500,-0.464286,0.553571,-0.321429,0.491071,-0.276786,0.178571,-0.571429,0.348214,-0.455357,0.348214,-0.348214,0.294643,-0.303571
0.000000,0.000000,0.000000,0.412281,0.236842,0.701754,0.175439,0.885965,0.078947,0.833333,0.000000,0.754386,-0.377193,1.000000,-0.210526,0.912281,-0.078947,0.798246,-0.078947,0.552632,-0.535088,0.807018,-0.350877,0.763158,-0.219298,0.657895,-0.192982,0.350877,-0.561404,0.587719,-0.438596,0.578947,-0.298246,0.508772,-0.245614,0.201754,-0.543860,0.377193,-0.421053,0.377193,-0.324561,0.324561,-0.280702
0.000000,0.000000,0.000000,0.412281,0.236842,0.692982,0.175439,0.868421,0.087719,0.833333,0.017544,0.754386,-0.377193,1.000000,-0.219298,0.912281,-0.087719,0.798246,-0.078947,0.543860,-0.535088,0.798246,-0.359649,0.763158,-0.228070,0.649123,-0.192982,0.342105,-0.561404,0.578947,-0.438596,0.578947,-0.289474,0.517544,-0.236842,0.192982,-0.535088,0.385965,-0.412281,0.385965,-0.315789,0.324561,-0.271930
0.000000,0.000000,0.000000,0.422018,0.247706,0.724771,0.174312,0.899083,0.082569,0.853211,0.009174,0.752294,-0.412844,1.000000,-0.247706,0.917431,-0.110092,0.798165,-0.110092,0.532110,-0.568807,0.798165,-0.385321,0.752294,-0.247706,0.642202,-0.211009,0.330275,-0.587156,0.577982,-0.467890,0.568807,-0.311927,0.495413,-0.266055,0.183486,-0.568807,0.385321,-0.440367,0.385321,-0.330275,0.321101,-0.293578
0.000000,0.000000,0.000000,0.425926,0.222222,0.722222,0.138889,0.888889,0.046296,0.851852,-0.027778,0.740741,-0.435185,1.000000,-0.277778,0.935185,-0.148148,0.814815,-0.138889,0.527778,-0.592593,0.787037,-0.416667,0.759259,-0.287037,0.657407,-0.250000,0.324074,-0.611111,0.574074,-0.500000,0.574074,-0.351852,0.509259,-0.305556,0.166667,-0.583333,0.370370,-0.462963,0.361111,-0.370370,0.314815,-0.314815
0.000000,0.000000,0.000000,0.416667,0.231481,0.712963,0.175926,0.898148,0.074074,0.851852,-0.009259,0.731481,-0.416667,1.000000,-0.259259,0.916667,-0.120370,0.796296,-0.111111,0.527778,-0.574074,0.796296,-0.407407,0.759259,-0.259259,0.657407,-0.231481,0.333333,-0.601852,0.583333,-0.481481,0.583333,-0.333333,0.509259,-0.287037,0.185185,-0.574074,0.388889,-0.453704,0.388889,-0.342593,0.324074,-0.296296
0.000000,0.000000,0.000000,0.431193,0.247706,0.724771,0.183486,0.899083,0.091743,0.853211,0.018349,0.743119,-0.403670,1.000000,-0.247706,0.935780,-0.110092,0.834862,-0.091743,0.522936,-0.550459,0.798165,-0.376147,0.770642,-0.229358,0.669725,-0.183486,0.321101,-0.559633,0.568807,-0.449541,0.587156,-0.293578,0.522936,-0.238532,0.174312,-0.532110,0.376147,-0.422018,0.385321,-0.321101,0.330275,-0.256881
0.000000,0.000000,0.000000,0.441441,0.225225,0.729730,0.171171,0.891892,0.081081,0.828829,0.018018,0.765766,-0.396396,1.000000,-0.225225,0.918919,-0.090090,0.810811,-0.081081,0.540541,-0.531532,0.801802,-0.351351,0.774775,-0.216216,0.675676,-0.171171,0.333333,-0.540541,0.576577,-0.432432,0.585586,-0.288288,0.522523,-0.225225,0.180180,-0.513514,0.378378,-0.414414,0.387387,-0.324324,0.333333,-0.270270
0.000000,0.000000,0.000000,0.429907,0.261682,0.728972,0.186916,0.906542,0.084112,0.869159,0.009346,0.728972,-0.401869,1.000000,-0.261682,0.934579,-0.121495,0.831776,-0.093458,0.523364,-0.560748,0.803738,-0.392523,0.775701,-0.252336,0.672897,-0.205607,0.336449,-0.579439,0.598131,-0.467290,0.607477,-0.308411,0.542056,-0.252336,0.196262,-0.551402,0.420561,-0.420561,0.420561,-0.317757,0.355140,-0.261682
0.000000,0.000000,0.000000,0.424528,0.235849,0.726415,0.169811,0.905660,0.075472,0.858491,-0.009434,0.726415,-0.443396,1.000000,-0.273585,0.933962,-0.132075,0.820755,-0.113208,0.500000,-0.584906,0.801887,-0.415094,0.773585,-0.264151,0.660377,-0.207547,0.301887,-0.603774,0.575472,-0.481132,0.584906,-0.320755,0.518868,-0.264151,0.160377,-0.566038,0.377358,-0.452830,0.386792,-0.339623,0.330189,-0.283019
0.000000,0.000000,0.000000,0.444444,0.203704,0.731481,0.138889,0.898148,0.055556,0.833333,0.000000,0.768519,-0.435185,1.000000,-0.268519,0.935185,-0.129630,0.814815,-0.111111,0.537037,-0.574074,0.787037,-0.398148,0.759259,-0.268519,0.666667,-0.212963,0.324074,-0.583333,0.555556,-0.472222,0.564815,-0.333333,0.509259,-0.268519,0.157407,-0.546296,0.342593,-0.462963,0.361111,-0.361111,0.314815,-0.296296
0.000000,0.000000,0.000000,0.425926,0.231481,0.722222,0.166667,0.898148,0.074074,0.842593,0.000000,0.750000,-0.407407,1.000000,-0.250000,0.925926,-0.111111,0.814815,-0.092593,0.537037,-0.555556,0.796296,-0.388889,0.768519,-0.250000,0.666667,-0.212963,0.333333,-0.583333,0.574074,-0.472222,0.574074,-0.314815,0.518519,-0.259259,0.175926,-0.555556,0.370370,-0.444444,0.370370,-0.342593,0.324074,-0.287037
0.000000,0.000000,0.000000,0.435185,0.222222,0.722222,0.148148,0.888889,0.055556,0.842593,-0.009259,0.759259,-0.435185,1.000000,-0.259259,0.916667,-0.120370,0.805556,-0.111111,0.527778,-0.574074,0.796296,-0.398148,0.768519,-0.259259,0.666667,-0.212963,0.314815,-0.583333,0.555556,-0.472222,0.574074,-0.324074,0.509259,-0.268519,0.157407,-0.546296,0.351852,-0.444444,0.361111,-0.351852,0.305556,-0.296296
0.000000,0.000000,0.000000,0.435185,0.212963,0.722222,0.138889,0.888889,0.055556,0.842593,-0.009259,0.768519,-0.435185,1.000000,-0.259259,0.925926,-0.120370,0.814815,-0.101852,0.537037,-0.574074,0.796296,-0.398148,0.768519,-0.259259,0.675926,-0.203704,0.324074,-0.583333,0.555556,-0.472222,0.574074,-0.324074,0.509259,-0.250000,0.157407,-0.546296,0.351852,-0.453704,0.361111,-0.351852,0.314815,-0.296296
0.000000,0.000000,0.000000,0.428571,0.223214,0.705357,0.169643,0.875000,0.089286,0.830357,0.035714,0.776786,-0.375000,1.000000,-0.205357,0.910714,-0.080357,0.803571,-0.071429,0.553571,-0.508929,0.803571,-0.339286,0.776786,-0.214286,0.678571,-0.169643,0.348214,-0.526786,0.571429,-0.419643,0.589286,-0.276786,0.526786,-0.223214,0.187500,-0.500000,0.375000,-0.401786,0.383929,-0.312500,0.330357,-0.267857
0.000000,0.000000,0.000000,0.425926,0.231481,0.722222,0.166667,0.879630,0.083333,0.833333,0.018519,0.768519,-0.407407,1.000000,-0.240741,0.916667,-0.111111,0.796296,-0.092593,0.537037,-0.546296,0.805556,-0.370370,0.768519,-0.240741,0.666667,-0.194444,0.324074,-0.555556,0.564815,-0.444444,0.564815,-0.314815,0.500000,-0.250000,0.157407,-0.518519,0.370370,-0.425926,0.370370,-0.342593,0.314815,-0.287037
0.000000,0.000000,0.000000,0.444444,0.231481,0.731481,0.148148,0.898148,0.055556,0.861111,-0.009259,0.768519,-0.425926,1.000000,-0.259259,0.916667,-0.120370,0.805556,-0.101852,0.537037,-0.564815,0.805556,-0.388889,0.768519,-0.240741,0.666667,-0.194444,0.324074,-0.574074,0.574074,-0.462963,0.583333,-0.305556,0.509259,-0.240741,0.175926,-0.546296,0.379630,-0.435185,0.379630,-0.333333,0.324074,-0.277778
0.000000,0.000000,0.000000,0.443396,0.216981,0.726415,0.150943,0.896226,0.056604,0.849057,0.000000,0.773585,-0.443396,1.000000,-0.264151,0.924528,-0.122642,0.820755,-0.113208,0.528302,-0.575472,0.792453,-0.396226,0.764151,-0.254717,0.660377,-0.198113,0.311321,-0.584906,0.556604,-0.471698,0.566038,-0.320755,0.500000,-0.254717,0.141509,-0.556604,0.349057,-0.452830,0.358491,-0.349057,0.301887,-0.292453
0.000000,0.000000,0.000000,0.444444,0.222222,0.731481,0.148148,0.907407,0.064815,0.851852,0.000000,0.768519,-0.416667,1.000000,-0.259259,0.935185,-0.129630,0.824074,-0.111111,0.527778,-0.555556,0.787037,-0.398148,0.768519,-0.268519,0.675926,-0.212963,0.314815,-0.564815,0.546296,-0.472222,0.574074,-0.333333,0.518519,-0.268519,0.157407,-0.527778,0.333333,-0.444444,0.351852,-0.351852,0.305556,-0.296296
0.000000,0.000000,0.000000,0.443396,0.226415,0.735849,0.150943,0.905660,0.056604,0.839623,-0.009434,0.773585,-0.443396,1.000000,-0.273585,0.924528,-0.132075,0.820755,-0.122642,0.528302,-0.566038,0.801887,-0.396226,0.773585,-0.264151,0.669811,-0.216981,0.311321,-0.575472,0.556604,-0.471698,0.566038,-0.330189,0.500000,-0.264151,0.141509,-0.537736,0.339623,-0.452830,0.349057,-0.367925,0.301887,-0.311321
0.000000,0.000000,0.000000,0.444444,0.231481,0.731481,0.157407,0.898148,0.064815,0.851852,0.009259,0.777778,-0.425926,1.000000,-0.259259,0.925926,-0.120370,0.814815,-0.101852,0.537037,-0.555556,0.796296,-0.388889,0.777778,-0.250000,0.666667,-0.194444,0.324074,-0.555556,0.564815,-0.462963,0.583333,-0.314815,0.518519,-0.250000,0.166667,-0.518519,0.361111,-0.435185,0.370370,-0.342593,0.324074,-0.287037
0.000000,0.000000,0.000000,0.452830,0.216981,0.745283,0.132075,0.905660,0.037736,0.839623,-0.009434,0.773585,-0.452830,1.000000,-0.283019,0.933962,-0.150943,0.830189,-0.122642,0.518868,-0.575472,0.792453,-0.415094,0.783019,-0.283019,0.688679,-0.226415,0.301887,-0.575472,0.556604,-0.490566,0.584906,-0.349057,0.518868,-0.273585,0.141509,-0.537736,0.349057,-0.462264,0.367925,-0.377358,0.320755,-0.320755
0.000000,0.000000,0.000000,0.453704,0.212963,0.750000,0.138889,0.907407,0.046296,0.842593,0.000000,0.768519,-0.435185,1.000000,-0.268519,0.935185,-0.129630,0.824074,-0.111111,0.527778,-0.564815,0.796296,-0.398148,0.777778,-0.259259,0.675926,-0.203704,0.324074,-0.564815,0.564815,-0.472222,0.592593,-0.324074,0.527778,-0.259259,0.166667,-0.527778,0.379630,-0.435185,0.388889,-0.342593,0.342593,-0.287037
0.000000,0.000000,0.000000,0.452830,0.216981,0.735849,0.141509,0.896226,0.047170,0.830189,-0.018868,0.783019,-0.433962,1.000000,-0.273585,0.924528,-0.141509,0.811321,-0.122642,0.528302,-0.566038,0.792453,-0.405660,0.773585,-0.273585,0.669811,-0.226415,0.311321,-0.566038,0.556604,-0.481132,0.575472,-0.349057,0.509434,-0.283019,0.150943,-0.537736,0.349057,-0.462264,0.358491,-0.377358,0.320755,-0.320755
0.000000,0.000000,0.000000,0.471154,0.201923,0.759615,0.115385,0.913462,0.028846,0.846154,-0.019231,0.778846,-0.461538,1.000000,-0.298077,0.932692,-0.153846,0.826923,-0.134615,0.528846,-0.586538,0.798077,-0.423077,0.778846,-0.288462,0.673077,-0.230769,0.307692,-0.586538,0.557692,-0.500000,0.576923,-0.355769,0.519231,-0.288462,0.144231,-0.548077,0.355769,-0.471154,0.375000,-0.384615,0.326923,-0.326923
0.000000,0.000000,0.000000,0.528846,0.201923,0.788462,0.115385,0.932692,0.038462,0.875000,-0.009615,0.798077,-0.451923,1.000000,-0.288462,0.951923,-0.144231,0.855769,-0.125000,0.528846,-0.567308,0.788462,-0.384615,0.778846,-0.250000,0.692308,-0.201923,0.317308,-0.557692,0.576923,-0.451923,0.596154,-0.298077,0.538462,-0.240385,0.173077,-0.509615,0.375000,-0.403846,0.394231,-0.307692,0.365385,-0.259615
0.000000,0.000000,0.000000,0.604167,0.208333,0.854167,0.125000,0.968750,0.062500,0.916667,0.020833,0.843750,-0.447917,1.000000,-0.302083,1.000000,-0.166667,0.958333,-0.145833,0.562500,-0.562500,0.781250,-0.375000,0.812500,-0.250000,0.760417,-0.187500,0.333333,-0.541667,0.593750,-0.416667,0.614583,-0.250000,0.583333,-0.166667,0.177083,-0.510417,0.375000,-0.385417,0.406250,-0.281250,0.385417,-0.229167
0.000000,0.000000,0.000000,0.578947,0.231579,0.842105,0.126316,0.968421,0.052632,0.905263,0.021053,0.810526,-0.463158,1.000000,-0.305263,0.968421,-0.147368,0.894737,-0.136842,0.526316,-0.578947,0.768421,-0.389474,0.789474,-0.252632,0.715789,-0.189474,0.294737,-0.568421,0.568421,-0.452632,0.600000,-0.305263,0.557895,-0.221053,0.136842,-0.515789,0.368421,-0.410526,0.400000,-0.315789,0.378947,-0.273684
0.000000,0.000000,0.000000,0.597826,0.206522,0.858696,0.119565,0.967391,0.054348,0.923913,0.010870,0.836957,-0.478261,1.000000,-0.326087,1.000000,-0.195652,0.945652,-0.184783,0.543478,-0.597826,0.771739,-0.413043,0.804348,-0.282609,0.739130,-0.217391,0.326087,-0.586957,0.586957,-0.467391,0.597826,-0.304348,0.554348,-0.217391,0.173913,-0.554348,0.369565,-0.445652,0.391304,-0.336957,0.380435,-0.282609
0.000000,0.000000,0.000000,0.604651,0.220930,0.860465,0.116279,0.976744,0.046512,0.930233,0.000000,0.825581,-0.523256,1.000000,-0.360465,1.000000,-0.209302,0.930233,-0.197674,0.511628,-0.651163,0.767442,-0.453488,0.802326,-0.302326,0.720930,-0.232558,0.267442,-0.627907,0.558140,-0.511628,0.593023,-0.348837,0.546512,-0.255814,0.104651,-0.581395,0.360465,-0.465116,0.395349,-0.360465,0.372093,-0.302326
0.000000,0.000000,0.000000,0.607143,0.190476,0.845238,0.107143,0.940476,0.047619,0.892857,-0.011905,0.809524,-0.535714,0.964286,-0.392857,1.000000,-0.273810,0.976190,-0.250000,0.500000,-0.654762,0.726190,-0.476190,0.773810,-0.345238,0.738095,-0.273810,0.261905,-0.642857,0.535714,-0.523810,0.547619,-0.369048,0.523810,-0.273810,0.095238,-0.607143,0.285714,-0.511905,0.309524,-0.404762,0.309524,-0.345238
0.000000,0.000000,0.000000,0.658228,0.164557,0.898734,0.088608,0.974684,0.025316,0.936709,-0.037975,0.772152,-0.607595,0.936709,-0.443038,1.000000,-0.303797,0.987342,-0.316456,0.481013,-0.721519,0.746835,-0.493671,0.797468,-0.341772,0.734177,-0.278481,0.265823,-0.696203,0.582278,-0.544304,0.594937,-0.341772,0.544304,-0.265823,0.151899,-0.683544,0.379747,-0.518987,0.405063,-0.367089,0.379747,-0.316456
0.000000,0.000000,0.000000,0.623377,0.181818,0.883117,0.077922,1.000000,0.000000,0.961039,-0.077922,0.636364,-0.610390,0.883117,-0.454545,0.961039,-0.298701,0.948052,-0.272727,0.389610,-0.740260,0.701299,-0.545455,0.779221,-0.376623,0.727273,-0.311688,0.220779,-0.740260,0.571429,-0.610390,0.623377,-0.402597,0.597403,-0.311688,0.168831,-0.701299,0.493506,-0.532468,0.532468,-0.389610,0.493506,-0.337662
0.000000,0.000000,0.000000,0.571429,0.181818,0.857143,0.090909,1.000000,0.000000,0.961039,-0.077922,0.623377,-0.584416,0.909091,-0.441558,0.961039,-0.272727,0.909091,-0.246753,0.415584,-0.753247,0.727273,-0.571429,0.766234,-0.389610,0.688312,-0.311688,0.272727,-0.779221,0.597403,-0.649351,0.610390,-0.441558,0.558442,-0.363636,0.246753,-0.740260,0.545455,-0.584416,0.571429,-0.441558,0.519481,-0.376623
0.000000,0.000000,0.000000,0.589744,0.166667,0.871795,0.064103,1.000000,-0.038462,0.935897,-0.102564,0.653846,-0.628205,0.948718,-0.474359,0.948718,-0.294872,0.871795,-0.243590,0.410256,-0.769231,0.730769,-0.576923,0.743590,-0.384615,0.653846,-0.307692,0.256410,-0.782051,0.576923,-0.628205,0.589744,-0.435897,0.512821,-0.371795,0.192308,-0.730769,0.487179,-0.564103,0.487179,-0.423077,0.435897,-0.371795
0.000000,0.000000,0.000000,0.589041,0.191781,0.863014,0.109589,1.000000,0.027397,0.972603,-0.041096,0.520548,-0.589041,0.835616,-0.424658,0.931507,-0.232877,0.876712,-0.205479,0.369863,-0.753425,0.726027,-0.534247,0.780822,-0.315068,0.684932,-0.246575,0.315068,-0.780822,0.684932,-0.630137,0.698630,-0.397260,0.643836,-0.315068,0.369863,-0.767123,0.753425,-0.575342,0.780822,-0.410959,0.726027,-0.369863
0.000000,0.000000,0.000000,0.546667,0.173333,0.853333,0.080000,1.000000,0.013333,0.946667,-0.053333,0.533333,-0.586667,0.893333,-0.400000,0.920000,-0.200000,0.813333,-0.133333,0.360000,-0.773333,0.746667,-0.506667,0.773333,-0.280000,0.666667,-0.213333,0.280000,-0.813333,0.666667,-0.600000,0.666667,-0.373333,0.573333,-0.306667,0.280000,-0.813333,0.653333,-0.573333,0.666667,-0.413333,0.586667,-0.360000
0.000000,0.000000,0.000000,0.492308,0.200000,0.769231,0.123077,0.969231,0.046154,1.000000,-0.046154,0.338462,-0.615385,0.738462,-0.461538,0.846154,-0.246154,0.800000,-0.200000,0.292308,-0.846154,0.723077,-0.615385,0.769231,-0.369231,0.661538,-0.292308,0.353846,-0.938462,0.784615,-0.707692,0.769231,-0.461538,0.676923,-0.384615,0.538462,-0.953846,0.953846,-0.646154,0.938462,-0.461538,0.830769,-0.415385
0.000000,0.000000,0.000000,0.317460,0.142857,0.650794,0.095238,0.920635,0.047619,0.984127,-0.031746,0.238095,-0.619048,0.730159,-0.428571,0.825397,-0.174603,0.746032,-0.111111,0.253968,-0.857143,0.761905,-0.603175,0.793651,-0.365079,0.666667,-0.301587,0.365079,-0.968254,0.857143,-0.698413,0.825397,-0.444444,0.714286,-0.396825,0.555556,-1.000000,1.000000,-0.650794,0.952381,-0.444444,0.809524,-0.412698
0.000000,0.000000,0.000000,0.151515,0.015152,0.454545,-0.075758,0.772727,-0.121212,0.893939,-0.181818,0.151515,-0.696970,0.606061,-0.590909,0.666667,-0.348485,0.606061,-0.257576,0.227273,-0.924242,0.651515,-0.727273,0.651515,-0.500000,0.545455,-0.424242,0.363636,-1.000000,0.803030,-0.757576,0.742424,-0.515152,0.621212,-0.469697,0.590909,-0.984848,0.984848,-0.651515,0.924242,-0.454545,0.787879,-0.424242
0.000000,0.000000,0.000000,0.136364,0.000000,0.393939,-0.121212,0.636364,-0.227273,0.727273,-0.287879,0.075758,-0.727273,0.530303,-0.621212,0.560606,-0.378788,0.469697,-0.272727,0.136364,-0.924242,0.575758,-0.742424,0.575758,-0.500000,0.469697,-0.424242,0.287879,-1.000000,0.727273,-0.772727,0.681818,-0.530303,0.560606,-0.484848,0.515152,-0.984848,0.909091,-0.712121,0.833333,-0.515152,0.681818,-0.484848
0.000000,0.000000,0.000000,0.138462,0.046154,0.384615,-0.046154,0.676923,-0.123077,0.830769,-0.200000,0.076923,-0.723077,0.538462,-0.615385,0.569231,-0.369231,0.476923,-0.246154,0.153846,-0.923077,0.584615,-0.753846,0.584615,-0.523077,0.461538,-0.430769,0.292308,-1.000000,0.738462,-0.800000,0.692308,-0.553846,0.553846,-0.507692,0.492308,-1.000000,0.923077,-0.723077,0.861538,-0.523077,0.723077,-0.476923
0.000000,0.000000,0.000000,0.318841,0.115942,0.637681,0.043478,0.884058,-0.028986,0.927536,-0.115942,0.347826,-0.623188,0.797101,-0.536232,0.797101,-0.318841,0.666667,-0.231884,0.260870,-0.869565,0.666667,-0.710145,0.637681,-0.492754,0.521739,-0.434783,0.246377,-0.985507,0.652174,-0.811594,0.608696,-0.594203,0.478261,-0.565217,0.304348,-1.000000,0.710145,-0.753623,0.681159,-0.579710,0.565217,-0.550725
0.000000,0.000000,0.000000,0.352941,0.147059,0.676471,0.058824,0.911765,-0.014706,1.000000,-0.088235,0.323529,-0.647059,0.823529,-0.514706,0.867647,-0.279412,0.750000,-0.191176,0.264706,-0.867647,0.764706,-0.676471,0.779412,-0.455882,0.647059,-0.411765,0.294118,-0.955882,0.794118,-0.764706,0.764706,-0.529412,0.647059,-0.500000,0.426471,-0.970588,0.911765,-0.705882,0.882353,-0.529412,0.750000,-0.485294
0.000000,0.000000,0.000000,0.328767,0.150685,0.657534,0.095890,0.904110,0.013699,1.000000,-0.054795,0.356164,-0.561644,0.849315,-0.438356,0.876712,-0.219178,0.767123,-0.150685,0.315068,-0.794521,0.794521,-0.589041,0.821918,-0.383562,0.698630,-0.315068,0.342466,-0.876712,0.835616,-0.671233,0.808219,-0.452055,0.698630,-0.397260,0.452055,-0.890411,0.917808,-0.643836,0.890411,-0.465753,0.767123,-0.424658
0.000000,0.000000,0.000000,0.329268,0.170732,0.670732,0.134146,0.914634,0.073171,1.000000,-0.012195,0.439024,-0.451219,0.865854,-0.292683,0.902439,-0.085366,0.804878,0.000000,0.353659,-0.670732,0.804878,-0.451219,0.817073,-0.231707,0.719512,-0.158537,0.329268,-0.756098,0.780488,-0.548781,0.780488,-0.317073,0.682927,-0.243902,0.365854,-0.768293,0.792683,-0.560976,0.804878,-0.402439,0.719512,-0.341463
0.000000,0.000000,0.000000,0.359551,0.191011,0.685393,0.101124,0.910112,0.022472,1.000000,-0.044944,0.483146,-0.471910,0.887640,-0.292135,0.876405,-0.078652,0.764045,-0.011236,0.404494,-0.662921,0.820225,-0.426966,0.808989,-0.224719,0.696629,-0.179775,0.348315,-0.730337,0.786517,-0.528090,0.764045,-0.314607,0.662921,-0.269663,0.359551,-0.719101,0.764045,-0.516854,0.775281,-0.370787,0.674157,-0.325843
0.000000,0.000000,0.000000,0.467391,0.195652,0.826087,0.054348,1.000000,-0.076087,0.967391,-0.163043,0.652174,-0.576087,1.000000,-0.391304,0.934783,-0.206522,0.804348,-0.163043,0.413043,-0.739130,0.771739,-0.543478,0.739130,-0.369565,0.630435,-0.336957,0.195652,-0.760870,0.521739,-0.608696,0.532609,-0.423913,0.456522,-0.369565,0.010870,-0.706522,0.271739,-0.554348,0.282609,-0.413043,0.206522,-0.369565
0.000000,0.000000,0.000000,0.455357,0.116071,0.758929,0.008929,0.919643,-0.151786,0.857143,-0.205357,0.678571,-0.598214,1.000000,-0.473214,0.919643,-0.321429,0.785714,-0.285714,0.446429,-0.696429,0.785714,-0.580357,0.758929,-0.437500,0.642857,-0.375000,0.232143,-0.669643,0.526786,-0.616071,0.553571,-0.482143,0.482143,-0.410714,0.062500,-0.607143,0.285714,-0.562500,0.312500,-0.473214,0.258929,-0.428571
0.000000,0.000000,0.000000,0.435897,0.153846,0.752137,0.042735,0.923077,-0.119658,0.846154,-0.188034,0.692308,-0.529915,1.000000,-0.418803,0.914530,-0.264957,0.786325,-0.239316,0.461538,-0.649573,0.794872,-0.521368,0.752137,-0.376068,0.641026,-0.333333,0.256410,-0.649573,0.538462,-0.564103,0.555556,-0.418803,0.487179,-0.350427,0.094017,-0.589744,0.299145,-0.512821,0.324786,-0.418803,0.273504,-0.367521
0.000000,0.000000,0.000000,0.426230,0.163934,0.745902,0.049180,0.918033,-0.106557,0.860656,-0.188525,0.680328,-0.508197,1.000000,-0.393443,0.926230,-0.254098,0.795082,-0.221311,0.483607,-0.631148,0.803279,-0.508197,0.762295,-0.360656,0.655738,-0.319672,0.295082,-0.647541,0.581967,-0.557377,0.590164,-0.409836,0.508197,-0.344262,0.147541,-0.598361,0.377049,-0.508197,0.393443,-0.409836,0.336066,-0.360656
0.000000,0.000000,0.000000,0.419355,0.169355,0.741935,0.056452,0.919355,-0.088710,0.895161,-0.169355,0.693548,-0.491935,1.000000,-0.379032,0.927419,-0.233871,0.806452,-0.209677,0.491935,-0.620968,0.806452,-0.491935,0.766129,-0.338710,0.661290,-0.298387,0.298387,-0.637097,0.580645,-0.540323,0.588710,-0.395161,0.516129,-0.322581,0.153226,-0.588710,0.379032,-0.500000,0.403226,-0.395161,0.346774,-0.346774
0.000000,0.000000,0.000000,0.415385,0.169231,0.730769,0.061538,0.900000,-0.084615,0.838462,-0.161538,0.700000,-0.461538,1.000000,-0.353846,0.915385,-0.215385,0.792308,-0.192308,0.500000,-0.584615,0.807692,-0.453846,0.761538,-0.323077,0.653846,-0.284615,0.315385,-0.600000,0.584615,-0.507692,0.592308,-0.369231,0.515385,-0.307692,0.169231,-0.561538,0.400000,-0.476923,0.415385,-0.376923,0.361538,-0.323077
0.000000,0.000000,0.000000,0.419847,0.160305,0.725191,0.045802,0.900763,-0.106870,0.847328,-0.190840,0.687023,-0.480916,1.000000,-0.389313,0.938931,-0.244275,0.824427,-0.206107,0.496183,-0.603053,0.809160,-0.473282,0.778626,-0.328244,0.679389,-0.282443,0.320611,-0.618321,0.595420,-0.519084,0.610687,-0.374046,0.534351,-0.312977,0.183206,-0.580153,0.412214,-0.503817,0.435115,-0.389313,0.381679,-0.328244
0.000000,0.000000,0.000000,0.406015,0.165414,0.706767,0.052632,0.887218,-0.082707,0.879699,-0.157895,0.669173,-0.466165,1.000000,-0.368421,0.924812,-0.218045,0.804511,-0.195489,0.496241,-0.601504,0.827068,-0.458647,0.781955,-0.308271,0.669173,-0.270677,0.338346,-0.624060,0.654135,-0.518797,0.646617,-0.360902,0.556391,-0.308271,0.225564,-0.593985,0.473684,-0.496241,0.481203,-0.375940,0.413534,-0.323308
0.000000,0.000000,0.000000,0.401460,0.160584,0.708029,0.058394,0.883212,-0.094891,0.846715,-0.182482,0.693431,-0.452555,1.000000,-0.350365,0.919708,-0.204380,0.802920,-0.167883,0.510949,-0.576642,0.817518,-0.430657,0.781022,-0.284672,0.671533,-0.248175,0.343066,-0.591241,0.613139,-0.481752,0.620438,-0.335766,0.540146,-0.277372,0.211679,-0.562044,0.423358,-0.474453,0.437956,-0.364964,0.379562,-0.313869
0.000000,0.000000,0.000000,0.395683,0.165468,0.697842,0.057554,0.884892,-0.086331,0.877698,-0.172662,0.676259,-0.453237,1.000000,-0.345324,0.935252,-0.201439,0.820144,-0.165468,0.503597,-0.582734,0.827338,-0.424460,0.791367,-0.273381,0.676259,-0.237410,0.352518,-0.604317,0.640288,-0.482014,0.640288,-0.330935,0.553957,-0.273381,0.237410,-0.575540,0.467626,-0.474820,0.474820,-0.359712,0.410072,-0.302158
0.000000,0.000000,0.000000,0.397163,0.177305,0.709220,0.070922,0.886525,-0.078014,0.886525,-0.163121,0.673759,-0.425532,1.000000,-0.319149,0.921986,-0.177305,0.801418,-0.148936,0.517730,-0.560284,0.836879,-0.404255,0.787234,-0.255319,0.666667,-0.226950,0.375887,-0.588652,0.666667,-0.460993,0.652482,-0.304965,0.567376,-0.255319,0.262411,-0.560284,0.503546,-0.446809,0.503546,-0.326241,0.432624,-0.276596
0.000000,0.000000,0.000000,0.402878,0.179856,0.712230,0.071942,0.906475,-0.079137,0.913669,-0.179856,0.661870,-0.431655,1.000000,-0.338129,0.942446,-0.187050,0.834532,-0.151079,0.503597,-0.568345,0.841727,-0.417266,0.805755,-0.266187,0.697842,-0.223022,0.366906,-0.597122,0.661870,-0.474820,0.669065,-0.316547,0.582734,-0.258993,0.258993,-0.575540,0.496403,-0.467626,0.510791,-0.345324,0.446043,-0.287770
0.000000,0.000000,0.000000,0.394366,0.169014,0.697183,0.070423,0.880282,-0.077465,0.880282,-0.169014,0.676056,-0.429577,1.000000,-0.345070,0.936620,-0.190141,0.823944,-0.147887,0.514085,-0.556338,0.830986,-0.415493,0.795775,-0.260563,0.690141,-0.218310,0.366197,-0.584507,0.647887,-0.471831,0.647887,-0.316901,0.570423,-0.253521,0.253521,-0.563380,0.471831,-0.464789,0.485915,-0.345070,0.422535,-0.281690
0.000000,0.000000,0.000000,0.391608,0.146853,0.699301,0.041958,0.902098,-0.104895,0.923077,-0.195804,0.678322,-0.461538,1.000000,-0.363636,0.951049,-0.202797,0.853147,-0.146853,0.510490,-0.580420,0.832168,-0.426573,0.811189,-0.258741,0.713287,-0.195804,0.363636,-0.594406,0.643357,-0.468531,0.657343,-0.307692,0.587413,-0.223776,0.251748,-0.566434,0.468531,-0.468531,0.489510,-0.356643,0.440559,-0.286713
0.000000,0.000000,0.000000,0.383562,0.150685,0.691781,0.047945,0.883562,-0.095890,0.910959,-0.178082,0.664384,-0.431507,1.000000,-0.342466,0.938356,-0.184932,0.828767,-0.143836,0.506849,-0.561644,0.835616,-0.410959,0.801370,-0.253425,0.691781,-0.205479,0.369863,-0.582192,0.664384,-0.458904,0.664384,-0.301370,0.582192,-0.239726,0.260274,-0.547945,0.493151,-0.452055,0.500000,-0.342466,0.438356,-0.280822
0.000000,0.000000,0.000000,0.387755,0.163265,0.693878,0.047619,0.891156,-0.102041,0.911565,-0.190476,0.659864,-0.428571,1.000000,-0.340136,0.952381,-0.183673,0.850340,-0.136054,0.510204,-0.557823,0.836735,-0.401361,0.802721,-0.238095,0.700680,-0.190476,0.374150,-0.578231,0.666667,-0.448980,0.673469,-0.285714,0.598639,-0.210884,0.272109,-0.544218,0.503401,-0.442177,0.517007,-0.326531,0.455782,-0.258503
0.000000,0.000000,0.000000,0.394558,0.142857,0.700680,0.040816,0.897959,-0.102041,0.925170,-0.176871,0.666667,-0.442177,1.000000,-0.353741,0.979592,-0.197279,0.897959,-0.136054,0.517007,-0.564626,0.829932,-0.408163,0.829932,-0.238095,0.748299,-0.163265,0.380952,-0.578231,0.653061,-0.442177,0.680272,-0.285714,0.619048,-0.190476,0.272109,-0.544218,0.476190,-0.448980,0.510204,-0.333333,0.476190,-0.251701
0.000000,0.000000,0.000000,0.390728,0.158940,0.695364,0.052980,0.894040,-0.092715,0.913907,-0.178808,0.668874,-0.423841,1.000000,-0.331126,0.947020,-0.165563,0.847682,-0.119205,0.523179,-0.549669,0.841060,-0.384106,0.814570,-0.218543,0.715232,-0.165563,0.390728,-0.562914,0.675497,-0.423841,0.682119,-0.264901,0.609272,-0.192053,0.284768,-0.529801,0.509934,-0.417219,0.523179,-0.304636,0.470199,-0.238411
0.000000,0.000000,0.000000,0.381579,0.151316,0.684211,0.046053,0.888158,-0.085526,0.914474,-0.177632,0.657895,-0.427632,1.000000,-0.328947,0.953947,-0.171053,0.855263,-0.111842,0.519737,-0.552632,0.835526,-0.381579,0.815789,-0.223684,0.723684,-0.164474,0.394737,-0.572368,0.671053,-0.427632,0.677632,-0.269737,0.605263,-0.190789,0.289474,-0.539474,0.500000,-0.421053,0.519737,-0.309211,0.467105,-0.236842
0.000000,0.000000,0.000000,0.388158,0.151316,0.697368,0.052632,0.894737,-0.078947,0.927632,-0.164474,0.664474,-0.421053,1.000000,-0.328947,0.960526,-0.164474,0.875000,-0.105263,0.526316,-0.552632,0.835526,-0.375000,0.815789,-0.210526,0.730263,-0.144737,0.394737,-0.572368,0.671053,-0.421053,0.684211,-0.263158,0.611842,-0.177632,0.289474,-0.546053,0.500000,-0.427632,0.519737,-0.315789,0.473684,-0.236842
0.000000,0.000000,0.000000,0.389610,0.155844,0.694805,0.058442,0.889610,-0.071429,0.928571,-0.149351,0.655844,-0.396104,1.000000,-0.305195,0.948052,-0.142857,0.844156,-0.090909,0.519481,-0.532468,0.837662,-0.357143,0.805195,-0.194805,0.707792,-0.142857,0.402597,-0.558442,0.681818,-0.409091,0.688312,-0.246753,0.610390,-0.168831,0.305195,-0.532468,0.525974,-0.422078,0.538961,-0.305195,0.480519,-0.233766
0.000000,0.000000,0.000000,0.385621,0.150327,0.692810,0.052288,0.895425,-0.071895,0.928105,-0.163399,0.666667,-0.424837,1.000000,-0.320261,0.954248,-0.156863,0.856209,-0.104575,0.522876,-0.555556,0.836601,-0.379085,0.816993,-0.209150,0.725490,-0.143791,0.398693,-0.575163,0.673203,-0.424837,0.686275,-0.261438,0.614379,-0.176471,0.294118,-0.542484,0.509804,-0.431373,0.529412,-0.320261,0.477124,-0.241830
0.000000,0.000000,0.000000,0.378205,0.153846,0.692308,0.064103,0.897436,-0.064103,0.929487,-0.153846,0.660256,-0.397436,1.000000,-0.301282,0.935897,-0.141026,0.833333,-0.089744,0.519231,-0.532051,0.839744,-0.358974,0.801282,-0.192308,0.698718,-0.141026,0.403846,-0.551282,0.685897,-0.403846,0.679487,-0.250000,0.602564,-0.179487,0.301282,-0.525641,0.525641,-0.416667,0.532051,-0.307692,0.474359,-0.237179
0.000000,0.000000,0.000000,0.380645,0.154839,0.690323,0.070968,0.896774,-0.051613,0.935484,-0.135484,0.664516,-0.400000,1.000000,-0.296774,0.961290,-0.135484,0.864516,-0.077419,0.522581,-0.535484,0.832258,-0.348387,0.806452,-0.180645,0.722581,-0.109677,0.400000,-0.554839,0.670968,-0.393548,0.677419,-0.238710,0.606452,-0.148387,0.296774,-0.529032,0.503226,-0.412903,0.522581,-0.303226,0.470968,-0.225806
0.000000,0.000000,0.000000,0.378205,0.153846,0.692308,0.070513,0.903846,-0.057692,0.942308,-0.147436,0.660256,-0.397436,1.000000,-0.294872,0.948718,-0.128205,0.852564,-0.070513,0.525641,-0.532051,0.839744,-0.352564,0.807692,-0.179487,0.711538,-0.115385,0.410256,-0.557692,0.679487,-0.397436,0.685897,-0.237179,0.608974,-0.153846,0.307692,-0.538462,0.525641,-0.416667,0.532051,-0.301282,0.480769,-0.230769
0.000000,0.000000,0.000000,0.364780,0.157233,0.679245,0.075472,0.893082,-0.037736,0.937107,-0.125786,0.666667,-0.377358,1.000000,-0.270440,0.930818,-0.113208,0.823899,-0.062893,0.540881,-0.509434,0.842767,-0.327044,0.798742,-0.163522,0.704403,-0.106918,0.421384,-0.540881,0.698113,-0.377358,0.691824,-0.220126,0.610063,-0.144654,0.320755,-0.522013,0.540881,-0.402516,0.540881,-0.289308,0.484277,-0.226415
0.000000,0.000000,0.000000,0.366460,0.161491,0.670807,0.086957,0.881988,-0.012422,0.944099,-0.099379,0.670807,-0.366460,1.000000,-0.254658,0.931677,-0.099379,0.826087,-0.049689,0.546584,-0.503106,0.844720,-0.316770,0.807453,-0.149068,0.708075,-0.086957,0.434783,-0.534162,0.701863,-0.372671,0.701863,-0.211180,0.621118,-0.130435,0.341615,-0.515528,0.546584,-0.391304,0.552795,-0.279503,0.496894,-0.211180
0.000000,0.000000,0.000000,0.343558,0.171779,0.656442,0.110429,0.865031,0.012270,0.926380,-0.061350,0.674847,-0.337423,1.000000,-0.214724,0.920245,-0.067485,0.803681,-0.024540,0.558282,-0.472393,0.840491,-0.276074,0.791411,-0.122699,0.687117,-0.079755,0.441718,-0.509202,0.705521,-0.337423,0.687117,-0.190184,0.607362,-0.122699,0.343558,-0.496933,0.552147,-0.368098,0.539877,-0.257669,0.478528,-0.202454
0.000000,0.000000,0.000000,0.337423,0.184049,0.656442,0.128834,0.865031,0.036810,0.938650,-0.042945,0.687117,-0.312883,1.000000,-0.184049,0.914110,-0.042945,0.791411,-0.012270,0.576687,-0.453988,0.858896,-0.257669,0.797546,-0.110429,0.680982,-0.079755,0.472393,-0.496933,0.730061,-0.325153,0.699386,-0.184049,0.607362,-0.122699,0.374233,-0.490798,0.582822,-0.361963,0.564417,-0.251534,0.496933,-0.196319
0.000000,0.000000,0.000000,0.335366,0.201220,0.652439,0.152439,0.865854,0.067073,0.932927,-0.012195,0.695122,-0.286585,1.000000,-0.158537,0.920732,-0.012195,0.804878,0.018293,0.591463,-0.426829,0.871951,-0.231707,0.804878,-0.079268,0.695122,-0.048780,0.487805,-0.475610,0.750000,-0.298781,0.719512,-0.152439,0.628049,-0.097561,0.396341,-0.469512,0.609756,-0.335366,0.591463,-0.219512,0.524390,-0.164634
0.000000,0.000000,0.000000,0.323171,0.201220,0.634146,0.164634,0.841463,0.097561,0.914634,0.042683,0.707317,-0.274390,1.000000,-0.134146,0.920732,0.006098,0.804878,0.036585,0.609756,-0.420732,0.859756,-0.225610,0.798781,-0.073171,0.695122,-0.036585,0.500000,-0.463415,0.731707,-0.292683,0.701219,-0.146341,0.603659,-0.085366,0.396341,-0.463415,0.585366,-0.329268,0.567073,-0.219512,0.500000,-0.164634
0.000000,0.000000,0.000000,0.317073,0.201220,0.628049,0.176829,0.853659,0.115854,0.926829,0.048780,0.707317,-0.256098,1.000000,-0.109756,0.920732,0.030488,0.804878,0.067073,0.609756,-0.408537,0.853659,-0.195122,0.786585,-0.048780,0.682927,-0.018293,0.506098,-0.457317,0.725610,-0.274390,0.689024,-0.128049,0.591463,-0.073171,0.408537,-0.457317,0.579268,-0.323171,0.560976,-0.213415,0.487805,-0.158537
0.000000,0.000000,0.000000,0.310976,0.213415,0.621951,0.201220,0.847561,0.134146,0.926829,0.067073,0.695122,-0.231707,1.000000,-0.079268,0.914634,0.054878,0.792683,0.085366,0.609756,-0.384146,0.859756,-0.176829,0.792683,-0.030488,0.689024,0.000000,0.512195,-0.439024,0.743902,-0.250000,0.701219,-0.109756,0.603659,-0.060976,0.420732,-0.445122,0.603659,-0.304878,0.579268,-0.195122,0.512195,-0.140244
0.000000,0.000000,0.000000,0.312883,0.220859,0.619632,0.208589,0.846626,0.147239,0.920245,0.067485,0.693252,-0.214724,1.000000,-0.061350,0.901841,0.073620,0.785276,0.104294,0.619632,-0.374233,0.871166,-0.159509,0.797546,-0.012270,0.693252,0.018405,0.527607,-0.429448,0.760736,-0.239264,0.711656,-0.092025,0.613497,-0.042945,0.441718,-0.435583,0.625767,-0.288344,0.595092,-0.184049,0.521472,-0.128834
0.000000,0.000000,0.000000,0.304348,0.236025,0.614907,0.217391,0.844720,0.155280,0.919255,0.099379,0.695652,-0.211180,1.000000,-0.037267,0.906832,0.086957,0.776398,0.111801,0.627329,-0.366460,0.881988,-0.142857,0.807453,0.000000,0.695652,0.024845,0.540373,-0.422360,0.782609,-0.223602,0.732919,-0.074534,0.633540,-0.024845,0.459627,-0.434783,0.658385,-0.279503,0.627329,-0.161491,0.546584,-0.105590
0.000000,0.000000,0.000000,0.298137,0.236025,0.608696,0.236025,0.838509,0.173913,0.913043,0.099379,0.701863,-0.186335,1.000000,-0.012422,0.900621,0.111801,0.782609,0.136646,0.639752,-0.347826,0.875776,-0.124224,0.801242,0.012422,0.695652,0.037267,0.552795,-0.409938,0.763975,-0.211180,0.714286,-0.074534,0.614907,-0.024845,0.459627,-0.422360,0.633540,-0.279503,0.602484,-0.167702,0.527950,-0.118012
0.000000,0.000000,0.000000,0.287500,0.237500,0.600000,0.243750,0.837500,0.193750,0.925000,0.106250,0.700000,-0.175000,1.000000,0.012500,0.887500,0.137500,0.762500,0.150000,0.643750,-0.343750,0.887500,-0.106250,0.806250,0.031250,0.700000,0.056250,0.556250,-0.406250,0.781250,-0.193750,0.725000,-0.056250,0.618750,-0.018750,0.468750,-0.425000,0.643750,-0.268750,0.612500,-0.162500,0.531250,-0.106250
0.000000,0.000000,0.000000,0.281250,0.237500,0.587500,0.250000,0.818750,0.200000,0.918750,0.131250,0.706250,-0.150000,1.000000,0.037500,0.893750,0.150000,0.775000,0.162500,0.656250,-0.318750,0.881250,-0.087500,0.806250,0.043750,0.706250,0.068750,0.568750,-0.387500,0.768750,-0.187500,0.718750,-0.062500,0.618750,-0.018750,0.481250,-0.418750,0.637500,-0.275000,0.612500,-0.175000,0.537500,-0.125000
0.000000,0.000000,0.000000,0.283019,0.245283,0.591195,0.257862,0.823899,0.213836,0.905660,0.150943,0.723270,-0.138365,1.000000,0.056604,0.899371,0.163522,0.779874,0.169811,0.666667,-0.308176,0.874214,-0.069182,0.792453,0.050314,0.698113,0.069182,0.572327,-0.377358,0.767296,-0.176101,0.710692,-0.050314,0.610063,-0.012579,0.484277,-0.408805,0.635220,-0.257862,0.603774,-0.163522,0.528302,-0.119497
0.000000,0.000000,0.000000,0.284810,0.253165,0.594937,0.272152,0.829114,0.221519,0.917722,0.151899,0.721519,-0.132911,1.000000,0.069620,0.886076,0.177215,0.759494,0.177215,0.670886,-0.303797,0.886076,-0.056962,0.797468,0.056962,0.689873,0.069620,0.582278,-0.373418,0.778481,-0.164557,0.715190,-0.044304,0.613924,-0.018987,0.487342,-0.405063,0.651899,-0.253165,0.613924,-0.158228,0.531646,-0.113924
0.000000,0.000000,0.000000,0.273885,0.267516,0.598726,0.299363,0.840764,0.254777,0.923567,0.171975,0.719745,-0.108280,1.000000,0.101911,0.878981,0.203822,0.751592,0.203822,0.675159,-0.280255,0.891720,-0.025478,0.796178,0.089172,0.687898,0.095541,0.592357,-0.356688,0.783440,-0.133758,0.713376,-0.019108,0.605096,0.006369,0.509554,-0.382166,0.662420,-0.222930,0.611465,-0.127389,0.528662,-0.095541
0.000000,0.000000,0.000000,0.270968,0.270968,0.593548,0.316129,0.845161,0.270968,0.922581,0.187097,0.729032,-0.090323,1.000000,0.122581,0.870968,0.225806,0.741935,0.212903,0.690323,-0.264516,0.896774,-0.006452,0.793548,0.103226,0.683871,0.103226,0.612903,-0.348387,0.800000,-0.122581,0.722581,-0.012903,0.612903,0.006452,0.529032,-0.380645,0.677419,-0.219355,0.625806,-0.129032,0.541936,-0.103226
0.000000,0.000000,0.000000,0.266234,0.272727,0.584416,0.324675,0.837662,0.298701,0.928571,0.207792,0.720779,-0.084416,1.000000,0.136364,0.857143,0.240260,0.727273,0.227273,0.688312,-0.266234,0.889610,0.000000,0.779221,0.110390,0.668831,0.110390,0.610390,-0.350649,0.798701,-0.116883,0.720779,-0.006494,0.610390,0.006494,0.532468,-0.389610,0.681818,-0.220779,0.629870,-0.129870,0.545455,-0.103896
0.000000,0.000000,0.000000,0.254902,0.287582,0.568627,0.352941,0.830065,0.346405,0.915033,0.254902,0.732026,-0.052288,1.000000,0.176471,0.856209,0.267974,0.718954,0.254902,0.699346,-0.235294,0.901961,0.032680,0.784314,0.137255,0.679739,0.137255,0.627451,-0.326797,0.810458,-0.091503,0.732026,0.013072,0.620915,0.032680,0.542484,-0.366013,0.699346,-0.189542,0.647059,-0.111111,0.555556,-0.091503
0.000000,0.000000,0.000000,0.246753,0.298701,0.564935,0.376623,0.811688,0.376623,0.889610,0.292208,0.740260,-0.025974,1.000000,0.220779,0.850649,0.305195,0.707792,0.285714,0.707792,-0.207792,0.896104,0.071429,0.772727,0.168831,0.662338,0.162338,0.636364,-0.298701,0.805195,-0.051948,0.714286,0.051948,0.603896,0.058442,0.551948,-0.337662,0.694805,-0.168831,0.629870,-0.084416,0.538961,-0.064935
0.000000,0.000000,0.000000,0.233766,0.311688,0.545455,0.402597,0.792208,0.415584,0.876623,0.331169,0.733766,-0.006494,1.000000,0.253247,0.831169,0.337662,0.694805,0.311688,0.714286,-0.194805,0.902597,0.103896,0.772727,0.201299,0.662338,0.181818,0.642857,-0.279221,0.824675,-0.025974,0.727273,0.084416,0.616883,0.077922,0.564935,-0.318182,0.714286,-0.129870,0.649351,-0.051948,0.551948,-0.038961
0.000000,0.000000,0.000000,0.233766,0.318182,0.545455,0.409091,0.798701,0.422078,0.889610,0.344156,0.740260,0.006494,1.000000,0.272727,0.824675,0.357143,0.688312,0.324675,0.727273,-0.181818,0.909091,0.123377,0.772727,0.220779,0.668831,0.194805,0.655844,-0.272727,0.831169,-0.006494,0.727273,0.097403,0.623377,0.084416,0.584416,-0.311688,0.727273,-0.110390,0.655844,-0.032468,0.564935,-0.025974
0.000000,0.000000,0.000000,0.228758,0.326797,0.542484,0.431373,0.797386,0.457516,0.875817,0.379085,0.738562,0.026144,1.000000,0.313726,0.823529,0.392157,0.679739,0.352941,0.732026,-0.163399,0.921569,0.156863,0.777778,0.248366,0.673203,0.215686,0.673203,-0.254902,0.849673,0.026144,0.738562,0.124183,0.633987,0.104575,0.607843,-0.294118,0.751634,-0.084967,0.673203,-0.006536,0.575163,-0.013072
0.000000,0.000000,0.000000,0.213333,0.333333,0.526667,0.453333,0.793333,0.486667,0.900000,0.406667,0.726667,0.033333,1.000000,0.340000,0.813333,0.413333,0.666667,0.366667,0.733333,-0.153333,0.933333,0.186667,0.786667,0.273333,0.680000,0.226667,0.693333,-0.246667,0.873333,0.053333,0.760000,0.140000,0.653333,0.106667,0.640000,-0.293333,0.780000,-0.060000,0.700000,0.013333,0.600000,0.000000
0.000000,0.000000,0.000000,0.210884,0.360544,0.523810,0.503401,0.802721,0.544218,0.891156,0.442177,0.727891,0.081633,1.000000,0.394558,0.795918,0.462585,0.653061,0.408163,0.748299,-0.108844,0.945578,0.244898,0.782313,0.326531,0.673469,0.265306,0.714286,-0.210884,0.891156,0.108844,0.768707,0.190476,0.659864,0.149660,0.666667,-0.258503,0.802721,-0.020408,0.714286,0.054422,0.619048,0.034014
0.000000,0.000000,0.000000,0.201389,0.368056,0.520833,0.513889,0.805556,0.562500,0.902778,0.465278,0.736111,0.111111,1.000000,0.423611,0.798611,0.486111,0.645833,0.430556,0.763889,-0.083333,0.958333,0.277778,0.784722,0.347222,0.673611,0.291667,0.743056,-0.194444,0.909722,0.131944,0.777778,0.215278,0.666667,0.173611,0.694444,-0.250000,0.819444,-0.006944,0.729167,0.069444,0.631944,0.041667
0.000000,0.000000,0.000000,0.181159,0.391304,0.507246,0.572464,0.811594,0.623188,0.934783,0.514493,0.746377,0.137681,1.000000,0.500000,0.782609,0.557971,0.630435,0.485507,0.789855,-0.065217,0.978261,0.347826,0.789855,0.413043,0.681159,0.340580,0.775362,-0.173913,0.949275,0.202899,0.797101,0.275362,0.688406,0.217391,0.739130,-0.231884,0.862319,0.050725,0.753623,0.123188,0.659420,0.094203
0.000000,0.000000,0.000000,0.170370,0.407407,0.496296,0.614815,0.814815,0.674074,0.970370,0.577778,0.748148,0.177778,1.000000,0.570370,0.762963,0.607407,0.614815,0.518519,0.800000,-0.029630,0.977778,0.392593,0.777778,0.444444,0.666667,0.362963,0.792593,-0.155556,0.955556,0.244444,0.800000,0.296296,0.681481,0.229630,0.762963,-0.214815,0.881481,0.074074,0.762963,0.133333,0.674074,0.088889
0.000000,0.000000,0.000000,0.147287,0.434109,0.472868,0.666667,0.806202,0.751938,0.992248,0.658915,0.751938,0.240310,1.000000,0.658915,0.759690,0.682171,0.604651,0.581395,0.829457,0.015504,1.000000,0.472868,0.790698,0.503876,0.674419,0.410853,0.837209,-0.116279,0.992248,0.310078,0.821705,0.348837,0.713178,0.271318,0.813953,-0.186047,0.922481,0.131783,0.806202,0.178295,0.713178,0.124031
0.000000,0.000000,0.000000,0.111111,0.468254,0.428571,0.738095,0.777778,0.841270,0.976190,0.769841,0.746032,0.325397,0.984127,0.769841,0.738095,0.769841,0.579365,0.658730,0.841270,0.111111,0.992063,0.579365,0.777778,0.595238,0.658730,0.492063,0.865079,-0.023810,1.000000,0.404762,0.825397,0.436508,0.706349,0.341270,0.849206,-0.103175,0.944444,0.222222,0.817460,0.261905,0.722222,0.190476
0.000000,0.000000,0.000000,0.080000,0.480000,0.384000,0.776000,0.728000,0.912000,0.936000,0.848000,0.736000,0.384000,0.936000,0.848000,0.688000,0.816000,0.552000,0.688000,0.848000,0.168000,0.984000,0.648000,0.768000,0.640000,0.664000,0.528000,0.880000,0.032000,1.000000,0.464000,0.824000,0.480000,0.712000,0.384000,0.872000,-0.056000,0.952000,0.272000,0.824000,0.304000,0.728000,0.232000
0.000000,0.000000,0.000000,0.050000,0.500000,0.341667,0.833333,0.700000,0.991667,0.916667,0.916667,0.716667,0.458333,0.900000,0.941667,0.658333,0.900000,0.516667,0.766667,0.850000,0.233333,0.966667,0.733333,0.750000,0.725000,0.641667,0.600000,0.900000,0.091667,1.000000,0.550000,0.825000,0.558333,0.708333,0.458333,0.908333,0.000000,0.966667,0.358333,0.841667,0.383333,0.750000,0.300000
0.000000,0.000000,0.000000,0.007937,0.492063,0.269841,0.825397,0.603175,1.000000,0.817460,0.952381,0.642857,0.484127,0.793651,0.968254,0.555556,0.912698,0.428571,0.777778,0.785714,0.285714,0.873016,0.777778,0.666667,0.746032,0.563492,0.619048,0.841270,0.158730,0.904762,0.603175,0.738095,0.595238,0.642857,0.484127,0.857143,0.079365,0.888889,0.420635,0.761905,0.428571,0.682540,0.341270
0.000000,0.000000,0.000000,-0.037879,0.462121,0.189394,0.795455,0.492424,1.000000,0.704545,0.977273,0.575758,0.522727,0.674242,0.969697,0.462121,0.901515,0.356061,0.765152,0.719697,0.340909,0.772727,0.803030,0.583333,0.757576,0.500000,0.636364,0.795455,0.219697,0.825758,0.636364,0.666667,0.621212,0.583333,0.507576,0.818182,0.136364,0.825758,0.462121,0.704545,0.462121,0.636364,0.378788
0.000000,0.000000,0.000000,-0.072464,0.434783,0.108696,0.782609,0.391304,1.000000,0.594203,0.985507,0.492754,0.543478,0.565217,0.985507,0.362319,0.905797,0.275362,0.760870,0.652174,0.391304,0.673913,0.840580,0.492754,0.775362,0.427536,0.644928,0.731884,0.282609,0.739130,0.688406,0.586957,0.652174,0.521739,0.536232,0.768116,0.210145,0.753623,0.528986,0.637681,0.514493,0.579710,0.420290
0.000000,0.000000,0.000000,-0.117241,0.413793,0.020690,0.758621,0.268966,0.993103,0.462069,1.000000,0.413793,0.558621,0.448276,0.986207,0.255172,0.896552,0.172414,0.751724,0.586207,0.434483,0.558621,0.868966,0.393103,0.800000,0.337931,0.668966,0.675862,0.344828,0.634483,0.737931,0.496552,0.696552,0.448276,0.579310,0.717241,0.289655,0.662069,0.593103,0.551724,0.572414,0.510345,0.475862
0.000000,0.000000,0.000000,-0.158940,0.384106,-0.059603,0.728477,0.152318,0.980132,0.344371,1.000000,0.324503,0.589404,0.311258,0.986755,0.139073,0.874172,0.086093,0.728477,0.503311,0.476821,0.430464,0.887417,0.291391,0.794702,0.258278,0.668874,0.602649,0.403974,0.523179,0.774834,0.403974,0.721854,0.370861,0.602649,0.655629,0.350993,0.569536,0.635762,0.470199,0.602649,0.437086,0.503311
0.000000,0.000000,0.000000,-0.198675,0.357616,-0.145695,0.708609,0.046358,0.986755,0.225166,1.000000,0.251656,0.602649,0.198675,0.993378,0.046358,0.860927,0.013245,0.708609,0.443709,0.509934,0.344371,0.920530,0.211921,0.814570,0.192053,0.682119,0.556291,0.443709,0.450331,0.814570,0.331126,0.741722,0.311258,0.622517,0.615894,0.397351,0.503311,0.675497,0.410596,0.622517,0.390728,0.523179
0.000000,0.000000,0.000000,-0.214286,0.331169,-0.194805,0.675325,-0.038961,0.967532,0.142857,1.000000,0.207792,0.590909,0.136364,0.980519,0.000000,0.850649,-0.025974,0.701299,0.402597,0.519481,0.285714,0.935065,0.155844,0.824675,0.149351,0.694805,0.519481,0.474026,0.396104,0.837662,0.285714,0.766234,0.272727,0.642857,0.590909,0.435065,0.461039,0.714286,0.370130,0.655844,0.363636,0.558442
0.000000,0.000000,0.000000,-0.256579,0.302632,-0.282895,0.651316,-0.151316,0.953947,0.013158,0.993421,0.125000,0.625000,0.026316,1.000000,-0.092105,0.848684,-0.098684,0.697368,0.335526,0.572368,0.190789,0.960526,0.078947,0.842105,0.092105,0.710526,0.467105,0.532895,0.322368,0.881579,0.217105,0.789474,0.223684,0.664474,0.546053,0.493421,0.407895,0.763158,0.315789,0.697368,0.315789,0.592105
0.000000,0.000000,0.000000,-0.291391,0.264901,-0.357616,0.609272,-0.264901,0.927152,-0.099338,0.993378,0.059603,0.635762,-0.086093,1.000000,-0.192053,0.834437,-0.178808,0.682119,0.271523,0.602649,0.086093,0.986755,-0.019868,0.854305,0.006623,0.721854,0.410596,0.569536,0.245033,0.933775,0.139073,0.841060,0.158940,0.708609,0.503311,0.536424,0.344371,0.821192,0.258278,0.754967,0.264901,0.642384
0.000000,0.000000,0.000000,-0.309211,0.223684,-0.414474,0.559211,-0.355263,0.888158,-0.190789,0.993421,-0.019737,0.631579,-0.177632,0.980263,-0.269737,0.815789,-0.243421,0.671053,0.197368,0.625000,0.006579,1.000000,-0.085526,0.868421,-0.059211,0.730263,0.348684,0.605263,0.177632,0.960526,0.085526,0.861842,0.105263,0.730263,0.453947,0.578947,0.302632,0.855263,0.223684,0.776316,0.243421,0.671053
0.000000,0.000000,0.000000,-0.317881,0.211921,-0.463576,0.523179,-0.430464,0.854305,-0.278146,0.960265,-0.079470,0.642384,-0.238411,0.973510,-0.311258,0.807947,-0.284768,0.662252,0.139073,0.649007,-0.052980,1.000000,-0.132450,0.867550,-0.099338,0.728477,0.298013,0.635762,0.125828,0.973510,0.046358,0.867550,0.066225,0.735099,0.410596,0.602649,0.271523,0.867550,0.192053,0.794702,0.211921,0.682119
0.000000,0.000000,0.000000,-0.317881,0.192053,-0.490066,0.490066,-0.490066,0.814570,-0.344371,0.907285,-0.139073,0.635762,-0.291391,0.966887,-0.350993,0.801324,-0.311258,0.662252,0.086093,0.655629,-0.105960,1.000000,-0.172185,0.867550,-0.132450,0.735099,0.251656,0.642384,0.092715,0.993378,0.013245,0.887417,0.039735,0.754967,0.370861,0.615894,0.238411,0.900662,0.165563,0.821192,0.185430,0.701987
0.000000,0.000000,0.000000,-0.322368,0.157895,-0.506579,0.440789,-0.532895,0.763158,-0.388158,0.868421,-0.177632,0.618421,-0.335526,0.927632,-0.381579,0.776316,-0.335526,0.638158,0.039474,0.651316,-0.151316,0.986842,-0.210526,0.861842,-0.164474,0.736842,0.210526,0.657895,0.052632,1.000000,-0.019737,0.894737,0.013158,0.756579,0.342105,0.631579,0.203947,0.914474,0.144737,0.828947,0.164474,0.717105
0.000000,0.000000,0.000000,-0.316129,0.135484,-0.522581,0.412903,-0.554839,0.729032,-0.412903,0.812903,-0.219355,0.593548,-0.374194,0.896774,-0.412903,0.748387,-0.361290,0.619355,0.000000,0.645161,-0.193548,0.967742,-0.238710,0.838710,-0.193548,0.716129,0.167742,0.658065,0.006452,1.000000,-0.058065,0.890323,-0.019355,0.761290,0.296774,0.638710,0.167742,0.929032,0.109677,0.838710,0.141935,0.722581
0.000000,0.000000,0.000000,-0.316456,0.139241,-0.531646,0.386076,-0.575949,0.689873,-0.436709,0.784810,-0.246835,0.582278,-0.392405,0.879747,-0.424051,0.740506,-0.367089,0.620253,-0.031646,0.639241,-0.221519,0.955696,-0.265823,0.829114,-0.215190,0.715190,0.139241,0.658228,-0.025316,1.000000,-0.088608,0.892405,-0.050633,0.765823,0.272152,0.645570,0.139241,0.943038,0.088608,0.854430,0.120253,0.746835
0.000000,0.000000,0.000000,-0.312500,0.131250,-0.537500,0.362500,-0.600000,0.656250,-0.468750,0.750000,-0.275000,0.568750,-0.418750,0.856250,-0.443750,0.725000,-0.387500,0.606250,-0.068750,0.637500,-0.256250,0.943750,-0.293750,0.818750,-0.243750,0.712500,0.106250,0.668750,-0.062500,1.000000,-0.125000,0.900000,-0.087500,0.775000,0.237500,0.662500,0.100000,0.956250,0.050000,0.875000,0.081250,0.768750
0.000000,0.000000,0.000000,-0.318750,0.137500,-0.537500,0.356250,-0.618750,0.625000,-0.500000,0.731250,-0.300000,0.568750,-0.450000,0.850000,-0.462500,0.725000,-0.400000,0.612500,-0.093750,0.637500,-0.287500,0.937500,-0.318750,0.818750,-0.262500,0.712500,0.075000,0.675000,-0.106250,1.000000,-0.156250,0.900000,-0.112500,0.775000,0.212500,0.675000,0.068750,0.968750,0.025000,0.887500,0.062500,0.787500
0.000000,0.000000,0.000000,-0.320755,0.132075,-0.547170,0.339623,-0.628931,0.603774,-0.528302,0.729560,-0.320755,0.553459,-0.477987,0.836478,-0.484277,0.723270,-0.421384,0.610063,-0.119497,0.635220,-0.320755,0.930818,-0.339623,0.817610,-0.283019,0.716981,0.056604,0.679245,-0.138365,1.000000,-0.182390,0.893082,-0.138365,0.779874,0.194969,0.691824,0.037736,0.974843,0.000000,0.893082,0.037736,0.792453
0.000000,0.000000,0.000000,-0.333333,0.115385,-0.583333,0.333333,-0.679487,0.615385,-0.544872,0.724359,-0.346154,0.532051,-0.519231,0.833333,-0.519231,0.705128,-0.455128,0.589744,-0.134615,0.615385,-0.352564,0.923077,-0.371795,0.807692,-0.307692,0.698718,0.038462,0.666667,-0.173077,1.000000,-0.211538,0.891026,-0.160256,0.775641,0.179487,0.685897,0.006410,0.980769,-0.025641,0.891026,0.019231,0.788462
0.000000,0.000000,0.000000,-0.344156,0.110390,-0.610390,0.324675,-0.707792,0.610390,-0.571429,0.727273,-0.370130,0.525974,-0.551948,0.837662,-0.545455,0.707792,-0.480519,0.590909,-0.155844,0.610390,-0.383117,0.928571,-0.396104,0.811688,-0.331169,0.701299,0.019481,0.675325,-0.207792,1.000000,-0.240260,0.896104,-0.181818,0.779221,0.162338,0.701299,-0.025974,0.993506,-0.051948,0.902597,-0.006494,0.805195
0.000000,0.000000,0.000000,-0.346405,0.104575,-0.620915,0.313726,-0.725490,0.601307,-0.588235,0.725490,-0.385621,0.509804,-0.568627,0.823529,-0.562092,0.699346,-0.496732,0.588235,-0.163399,0.594771,-0.398693,0.921569,-0.411765,0.810458,-0.346405,0.705882,0.013072,0.660131,-0.222222,1.000000,-0.254902,0.895425,-0.202614,0.784314,0.156863,0.692810,-0.032680,0.986928,-0.065359,0.908497,-0.019608,0.810458
0.000000,0.000000,0.000000,-0.348684,0.098684,-0.631579,0.309211,-0.743421,0.605263,-0.598684,0.730263,-0.394737,0.506579,-0.585526,0.835526,-0.572368,0.710526,-0.506579,0.592105,-0.171053,0.592105,-0.407895,0.927632,-0.421053,0.815789,-0.361842,0.710526,0.013158,0.657895,-0.230263,1.000000,-0.263158,0.901316,-0.210526,0.796053,0.157895,0.690789,-0.039474,0.993421,-0.078947,0.921053,-0.039474,0.828947
0.000000,0.000000,0.000000,-0.355263,0.098684,-0.631579,0.302632,-0.750000,0.585526,-0.631579,0.723684,-0.407895,0.486842,-0.592105,0.828947,-0.585526,0.703947,-0.519737,0.592105,-0.184211,0.578947,-0.421053,0.927632,-0.434211,0.815789,-0.375000,0.710526,0.000000,0.651316,-0.243421,1.000000,-0.276316,0.901316,-0.230263,0.789474,0.151316,0.690789,-0.052632,0.993421,-0.092105,0.921053,-0.059211,0.828947
0.000000,0.000000,0.000000,-0.357616,0.092715,-0.635762,0.291391,-0.761589,0.576159,-0.649007,0.715232,-0.423841,0.483444,-0.609272,0.827815,-0.589404,0.708609,-0.523179,0.589404,-0.198675,0.582781,-0.437086,0.920530,-0.443709,0.814570,-0.377483,0.708609,-0.013245,0.649007,-0.251656,1.000000,-0.284768,0.900662,-0.231788,0.788079,0.139073,0.688742,-0.059603,1.000000,-0.105960,0.927152,-0.072848,0.834437
0.000000,0.000000,0.000000,-0.357616,0.086093,-0.629139,0.284768,-0.754967,0.562914,-0.662252,0.715232,-0.430464,0.476821,-0.609272,0.821192,-0.589404,0.701987,-0.523179,0.582781,-0.205298,0.576159,-0.437086,0.920530,-0.443709,0.814570,-0.384106,0.708609,-0.019868,0.649007,-0.251656,1.000000,-0.284768,0.900662,-0.231788,0.794702,0.132450,0.688742,-0.059603,1.000000,-0.112583,0.933775,-0.086093,0.847682
0.000000,0.000000,0.000000,-0.362416,0.080537,-0.644295,0.275168,-0.771812,0.563758,-0.664430,0.718121,-0.436242,0.476510,-0.617450,0.818792,-0.597315,0.697987,-0.530201,0.583893,-0.208054,0.577181,-0.436242,0.919463,-0.442953,0.812081,-0.375839,0.711409,-0.013423,0.651007,-0.248322,1.000000,-0.281879,0.899329,-0.228188,0.791946,0.134228,0.691275,-0.060403,1.000000,-0.100671,0.926175,-0.073826,0.838926
0.000000,0.000000,0.000000,-0.364865,0.074324,-0.641892,0.270270,-0.777027,0.547297,-0.695946,0.709459,-0.452703,0.472973,-0.635135,0.817568,-0.608108,0.702703,-0.540541,0.587838,-0.222973,0.574324,-0.452703,0.918919,-0.452703,0.810811,-0.391892,0.709459,-0.027027,0.648649,-0.263514,1.000000,-0.290541,0.905405,-0.243243,0.790541,0.128378,0.689189,-0.074324,1.000000,-0.114865,0.932432,-0.081081,0.831081
0.000000,0.000000,0.000000,-0.364865,0.074324,-0.641892,0.270270,-0.783784,0.560811,-0.689189,0.722973,-0.459459,0.472973,-0.635135,0.824324,-0.608108,0.709459,-0.540541,0.594595,-0.229730,0.574324,-0.452703,0.918919,-0.452703,0.810811,-0.391892,0.709459,-0.033784,0.655405,-0.263514,1.000000,-0.290541,0.898649,-0.236486,0.790541,0.128378,0.695946,-0.074324,1.000000,-0.114865,0.932432,-0.087838,0.837838
0.000000,0.000000,0.000000,-0.358108,0.067568,-0.635135,0.256757,-0.783784,0.527027,-0.716216,0.702703,-0.466216,0.466216,-0.641892,0.817568,-0.614865,0.702703,-0.547297,0.581081,-0.236486,0.574324,-0.459459,0.912162,-0.459459,0.804054,-0.391892,0.702703,-0.040541,0.648649,-0.270270,0.986486,-0.297297,0.885135,-0.243243,0.777027,0.121622,0.695946,-0.087838,1.000000,-0.121622,0.925676,-0.087838,0.831081
0.000000,0.000000,0.000000,-0.358108,0.074324,-0.635135,0.256757,-0.783784,0.540541,-0.716216,0.716216,-0.472973,0.466216,-0.641892,0.824324,-0.608108,0.702703,-0.547297,0.587838,-0.243243,0.574324,-0.459459,0.918919,-0.452703,0.810811,-0.391892,0.709459,-0.047297,0.655405,-0.270270,0.993243,-0.290541,0.891892,-0.236486,0.783784,0.114865,0.695946,-0.087838,1.000000,-0.121622,0.925676,-0.087838,0.837838
0.000000,0.000000,0.000000,-0.358108,0.074324,-0.635135,0.263514,-0.790541,0.540541,-0.736486,0.722973,-0.493243,0.472973,-0.655405,0.824324,-0.621622,0.709459,-0.554054,0.587838,-0.263514,0.581081,-0.472973,0.918919,-0.452703,0.810811,-0.398649,0.716216,-0.060811,0.662162,-0.277027,0.993243,-0.290541,0.891892,-0.243243,0.783784,0.101351,0.709459,-0.101351,1.000000,-0.121622,0.925676,-0.087838,0.837838
0.000000,0.000000,0.000000,-0.364865,0.074324,-0.648649,0.256757,-0.797297,0.540541,-0.729730,0.709459,-0.500000,0.472973,-0.662162,0.810811,-0.628378,0.689189,-0.560811,0.574324,-0.277027,0.581081,-0.479730,0.905405,-0.459459,0.797297,-0.398649,0.702703,-0.074324,0.662162,-0.290541,0.979730,-0.290541,0.871622,-0.236486,0.770270,0.094595,0.702703,-0.108108,1.000000,-0.121622,0.918919,-0.074324,0.824324
0.000000,0.000000,0.000000,-0.364865,0.074324,-0.648649,0.270270,-0.797297,0.554054,-0.709459,0.716216,-0.500000,0.479730,-0.655405,0.810811,-0.621622,0.689189,-0.560811,0.574324,-0.270270,0.587838,-0.472973,0.912162,-0.452703,0.804054,-0.398649,0.702703,-0.067568,0.668919,-0.277027,0.979730,-0.283784,0.878378,-0.229730,0.777027,0.101351,0.709459,-0.101351,1.000000,-0.108108,0.918919,-0.067568,0.831081
0.000000,0.000000,0.000000,-0.364865,0.074324,-0.641892,0.250000,-0.790541,0.527027,-0.716216,0.695946,-0.506757,0.472973,-0.662162,0.810811,-0.628378,0.689189,-0.567568,0.581081,-0.283784,0.587838,-0.479730,0.905405,-0.459459,0.804054,-0.405405,0.709459,-0.081081,0.668919,-0.290541,0.972973,-0.290541,0.878378,-0.236486,0.777027,0.094595,0.702703,-0.108108,1.000000,-0.114865,0.918919,-0.074324,0.824324
0.000000,0.000000,0.000000,-0.360544,0.074830,-0.646259,0.251701,-0.795918,0.530612,-0.727891,0.707483,-0.517007,0.476190,-0.666667,0.816327,-0.632653,0.700680,-0.571429,0.585034,-0.292517,0.591837,-0.489796,0.918367,-0.469388,0.809524,-0.414966,0.714286,-0.081633,0.673469,-0.292517,0.979592,-0.292517,0.884354,-0.238095,0.782313,0.095238,0.707483,-0.115646,1.000000,-0.122449,0.925170,-0.074830,0.829932
0.000000,0.000000,0.000000,-0.358108,0.081081,-0.635135,0.250000,-0.790541,0.513514,-0.729730,0.695946,-0.513514,0.472973,-0.668919,0.810811,-0.628378,0.695946,-0.567568,0.581081,-0.290541,0.581081,-0.486486,0.905405,-0.466216,0.810811,-0.405405,0.709459,-0.087838,0.668919,-0.297297,0.972973,-0.290541,0.878378,-0.236486,0.777027,0.087838,0.709459,-0.121622,1.000000,-0.121622,0.918919,-0.074324,0.831081
0.000000,0.000000,0.000000,-0.360544,0.068027,-0.639456,0.238095,-0.795918,0.510204,-0.748299,0.693878,-0.530612,0.469388,-0.680272,0.802721,-0.632653,0.693878,-0.571429,0.585034,-0.312925,0.585034,-0.496599,0.904762,-0.469388,0.809524,-0.414966,0.714286,-0.102041,0.673469,-0.299320,0.972789,-0.292517,0.884354,-0.244898,0.782313,0.074830,0.707483,-0.129252,1.000000,-0.129252,0.925170,-0.088435,0.829932
0.000000,0.000000,0.000000,-0.363014,0.082192,-0.636986,0.246575,-0.801370,0.506849,-0.760274,0.691781,-0.547945,0.472603,-0.684932,0.801370,-0.636986,0.691781,-0.575342,0.582192,-0.328767,0.589041,-0.506849,0.910959,-0.479452,0.815068,-0.424658,0.719178,-0.123288,0.678082,-0.321918,0.979452,-0.308219,0.883562,-0.260274,0.787671,0.068493,0.719178,-0.143836,1.000000,-0.150685,0.931507,-0.109589,0.849315
0.000000,0.000000,0.000000,-0.363014,0.075342,-0.636986,0.239726,-0.801370,0.500000,-0.767123,0.698630,-0.547945,0.465753,-0.684932,0.801370,-0.636986,0.698630,-0.575342,0.582192,-0.328767,0.582192,-0.506849,0.910959,-0.479452,0.821918,-0.424658,0.726027,-0.116438,0.671233,-0.315068,0.979452,-0.308219,0.890411,-0.260274,0.787671,0.068493,0.712329,-0.136986,1.000000,-0.143836,0.931507,-0.102740,0.842466
0.000000,0.000000,0.000000,-0.365517,0.068966,-0.655172,0.241379,-0.813793,0.503448,-0.765517,0.689655,-0.565517,0.462069,-0.703448,0.793103,-0.648276,0.689655,-0.586207,0.579310,-0.344828,0.586207,-0.531034,0.910345,-0.496552,0.813793,-0.441379,0.717241,-0.137931,0.675862,-0.337931,0.979310,-0.324138,0.889655,-0.268966,0.786207,0.048276,0.724138,-0.158621,1.000000,-0.158621,0.931035,-0.117241,0.841379
0.000000,0.000000,0.000000,-0.375000,0.083333,-0.652778,0.236111,-0.819444,0.486111,-0.777778,0.673611,-0.583333,0.465278,-0.708333,0.784722,-0.652778,0.680556,-0.597222,0.576389,-0.368056,0.583333,-0.541667,0.902778,-0.500000,0.805556,-0.444444,0.715278,-0.159722,0.680556,-0.354167,0.972222,-0.333333,0.881944,-0.277778,0.777778,0.034722,0.729167,-0.180556,1.000000,-0.180556,0.930556,-0.138889,0.847222
0.000000,0.000000,0.000000,-0.373239,0.077465,-0.661972,0.232394,-0.816901,0.478873,-0.788732,0.661972,-0.598592,0.450704,-0.725352,0.774648,-0.661972,0.669014,-0.605634,0.570423,-0.387324,0.577465,-0.563380,0.894366,-0.514085,0.802817,-0.457746,0.711268,-0.176056,0.676056,-0.380282,0.971831,-0.359155,0.880282,-0.302817,0.781690,0.014085,0.732394,-0.197183,1.000000,-0.204225,0.936620,-0.161972,0.852113
0.000000,0.000000,0.000000,-0.370629,0.062937,-0.657343,0.209790,-0.832168,0.461538,-0.804196,0.650350,-0.608392,0.440559,-0.748252,0.762238,-0.685315,0.671329,-0.615385,0.566434,-0.398601,0.566434,-0.580420,0.881119,-0.531469,0.797203,-0.475524,0.706294,-0.195804,0.664336,-0.398601,0.972028,-0.377622,0.881119,-0.321678,0.776224,0.000000,0.727273,-0.223776,1.000000,-0.223776,0.930070,-0.181818,0.839161
0.000000,0.000000,0.000000,-0.366197,0.049296,-0.661972,0.197183,-0.845070,0.450704,-0.823944,0.640845,-0.633803,0.429577,-0.767606,0.760563,-0.704225,0.676056,-0.633803,0.570423,-0.422535,0.563380,-0.605634,0.880282,-0.549296,0.795775,-0.492958,0.697183,-0.218310,0.669014,-0.429577,0.971831,-0.394366,0.880282,-0.330986,0.774648,-0.028169,0.732394,-0.253521,1.000000,-0.239437,0.929577,-0.183099,0.838028
0.000000,0.000000,0.000000,-0.375887,0.035461,-0.680851,0.191489,-0.865248,0.439716,-0.836879,0.631206,-0.652482,0.397163,-0.794326,0.737589,-0.723404,0.652482,-0.652482,0.546099,-0.439716,0.531915,-0.631206,0.858156,-0.567376,0.780142,-0.503546,0.680851,-0.234043,0.652482,-0.453901,0.957447,-0.411348,0.865248,-0.347518,0.765957,-0.042553,0.723404,-0.283688,1.000000,-0.262411,0.921986,-0.198582,0.829787
0.000000,0.000000,0.000000,-0.382979,0.035461,-0.687943,0.177305,-0.879433,0.411348,-0.865248,0.602837,-0.673759,0.382979,-0.822695,0.716312,-0.751773,0.638298,-0.673759,0.531915,-0.468085,0.531915,-0.666667,0.843972,-0.602837,0.773050,-0.531915,0.673759,-0.269504,0.652482,-0.496454,0.950355,-0.453901,0.865248,-0.382979,0.765957,-0.078014,0.730496,-0.319149,1.000000,-0.297872,0.929078,-0.241135,0.836879
0.000000,0.000000,0.000000,-0.388489,0.021583,-0.705036,0.151079,-0.906475,0.388489,-0.892086,0.582734,-0.697842,0.359712,-0.863309,0.697842,-0.784173,0.625899,-0.705036,0.525180,-0.496403,0.517986,-0.705036,0.834532,-0.633094,0.755396,-0.561151,0.661870,-0.294964,0.647482,-0.532374,0.949640,-0.489209,0.863309,-0.417266,0.755396,-0.100719,0.733813,-0.352518,1.000000,-0.338129,0.928058,-0.273381,0.834532
0.000000,0.000000,0.000000,-0.401460,0.014599,-0.729927,0.145985,-0.927007,0.372263,-0.919708,0.569343,-0.729927,0.343066,-0.897810,0.664234,-0.817518,0.598540,-0.744526,0.503650,-0.532847,0.510949,-0.751825,0.810219,-0.686131,0.744526,-0.613139,0.649635,-0.335766,0.649635,-0.583942,0.934307,-0.540146,0.854015,-0.467153,0.751825,-0.145985,0.751825,-0.408759,1.000000,-0.394161,0.927007,-0.328467,0.839416
0.000000,0.000000,0.000000,-0.424242,-0.015152,-0.765152,0.106061,-0.984848,0.333333,-0.969697,0.530303,-0.787879,0.318182,-0.962121,0.643939,-0.886364,0.583333,-0.810606,0.484848,-0.583333,0.492424,-0.818182,0.795455,-0.750000,0.727273,-0.666667,0.636364,-0.386364,0.651515,-0.659091,0.939394,-0.606061,0.848485,-0.522727,0.742424,-0.189394,0.757576,-0.469697,1.000000,-0.439394,0.931818,-0.371212,0.848485
0.000000,0.000000,0.000000,-0.416667,-0.022727,-0.765152,0.090909,-0.984848,0.310606,-0.977273,0.522727,-0.825758,0.280303,-1.000000,0.613636,-0.916667,0.560606,-0.840909,0.462121,-0.628788,0.469697,-0.863636,0.772727,-0.780303,0.704545,-0.689394,0.613636,-0.431818,0.636364,-0.704545,0.916667,-0.643939,0.840909,-0.553030,0.734848,-0.234848,0.765152,-0.522727,0.992424,-0.484848,0.924242,-0.409091,0.840909
0.000000,0.000000,0.000000,-0.398551,-0.036232,-0.717391,0.057971,-0.905797,0.239130,-0.927536,0.405797,-0.826087,0.217391,-1.000000,0.543478,-0.920290,0.500000,-0.840580,0.405797,-0.659420,0.413043,-0.869565,0.695652,-0.782609,0.637681,-0.688406,0.550725,-0.478261,0.579710,-0.731884,0.840580,-0.659420,0.768116,-0.572464,0.673913,-0.289855,0.710145,-0.565217,0.920290,-0.514493,0.855072,-0.434783,0.775362
0.000000,0.000000,0.000000,-0.382979,-0.049645,-0.680851,0.014184,-0.872340,0.163121,-0.921986,0.312057,-0.829787,0.184397,-1.000000,0.496454,-0.914894,0.460993,-0.836879,0.375887,-0.680851,0.375887,-0.886525,0.645390,-0.787234,0.602837,-0.695035,0.517730,-0.517730,0.546099,-0.758865,0.780142,-0.680851,0.723404,-0.588652,0.638298,-0.333333,0.680851,-0.602837,0.872340,-0.553191,0.815603,-0.475177,0.737589
0.000000,0.000000,0.000000,-0.365517,-0.089655,-0.655172,-0.048276,-0.855172,0.068966,-0.903448,0.206897,-0.820690,0.137931,-1.000000,0.427586,-0.910345,0.400000,-0.834483,0.324138,-0.696552,0.331034,-0.903448,0.579310,-0.800000,0.544828,-0.710345,0.468966,-0.544828,0.503448,-0.793103,0.717241,-0.703448,0.668966,-0.613793,0.593103,-0.372414,0.641379,-0.641379,0.813793,-0.586207,0.765517,-0.510345,0.696552
0.000000,0.000000,0.000000,-0.351351,-0.094595,-0.641892,-0.054054,-0.831081,0.074324,-0.878378,0.216216,-0.817568,0.094595,-1.000000,0.378378,-0.905405,0.358108,-0.824324,0.283784,-0.709459,0.283784,-0.912162,0.533784,-0.804054,0.506757,-0.709459,0.432432,-0.567568,0.459459,-0.810811,0.668919,-0.709459,0.628378,-0.621622,0.554054,-0.405405,0.601351,-0.668919,0.763514,-0.601351,0.716216,-0.513514,0.655405
0.000000,0.000000,0.000000,-0.340000,-0.100000,-0.626667,-0.066667,-0.820000,0.053333,-0.880000,0.186667,-0.813333,0.073333,-1.000000,0.333333,-0.900000,0.326667,-0.820000,0.260000,-0.720000,0.266667,-0.920000,0.493333,-0.813333,0.473333,-0.720000,0.406667,-0.586667,0.440000,-0.833333,0.633333,-0.733333,0.600000,-0.640000,0.533333,-0.433333,0.586667,-0.700000,0.733333,-0.626667,0.693333,-0.540000,0.633333
0.000000,0.000000,0.000000,-0.324503,-0.119205,-0.609272,-0.099338,-0.814570,0.000000,-0.887417,0.119205,-0.821192,0.046358,-1.000000,0.291391,-0.907285,0.278146,-0.827815,0.218543,-0.735099,0.238411,-0.927152,0.443709,-0.821192,0.430464,-0.728477,0.370861,-0.609272,0.417219,-0.841060,0.589404,-0.748344,0.556291,-0.649007,0.496689,-0.456954,0.569536,-0.715232,0.695364,-0.642384,0.655629,-0.549669,0.602649
0.000000,0.000000,0.000000,-0.326797,-0.124183,-0.601307,-0.111111,-0.790850,-0.006536,-0.843137,0.124183,-0.816993,0.013072,-1.000000,0.241830,-0.901961,0.228758,-0.816993,0.169935,-0.745098,0.215686,-0.941176,0.398693,-0.823529,0.379085,-0.725490,0.326797,-0.627451,0.392157,-0.862745,0.542484,-0.764706,0.516340,-0.666667,0.457516,-0.483660,0.542484,-0.738562,0.653595,-0.660131,0.614379,-0.562092,0.568627
0.000000,0.000000,0.000000,-0.313726,-0.137255,-0.588235,-0.124183,-0.764706,-0.026144,-0.816993,0.111111,-0.816993,-0.019608,-1.000000,0.202614,-0.895425,0.196078,-0.803922,0.137255,-0.751634,0.183007,-0.941176,0.352941,-0.823529,0.346405,-0.732026,0.294118,-0.640523,0.359477,-0.882353,0.509804,-0.771242,0.483660,-0.673203,0.431373,-0.503268,0.516340,-0.758170,0.620915,-0.673203,0.581699,-0.568627,0.535948
0.000000,0.000000,0.000000,-0.300654,-0.150327,-0.581699,-0.163399,-0.777778,-0.071895,-0.862745,0.052288,-0.810458,-0.058824,-1.000000,0.163399,-0.901961,0.163399,-0.803922,0.111111,-0.751634,0.143791,-0.941176,0.320261,-0.830065,0.313726,-0.725490,0.261438,-0.647059,0.333333,-0.875817,0.470588,-0.771242,0.457516,-0.673203,0.405229,-0.516340,0.490196,-0.764706,0.588235,-0.679739,0.555556,-0.575163,0.516340
0.000000,0.000000,0.000000,-0.298701,-0.168831,-0.577922,-0.194805,-0.772727,-0.110390,-0.850649,0.019481,-0.811688,-0.110390,-1.000000,0.110390,-0.896104,0.123377,-0.805195,0.071429,-0.759740,0.097403,-0.948052,0.272727,-0.844156,0.272727,-0.733766,0.220779,-0.668831,0.292208,-0.896104,0.428571,-0.798701,0.415584,-0.694805,0.363636,-0.551948,0.454545,-0.798701,0.551948,-0.720779,0.519481,-0.623377,0.474026
0.000000,0.000000,0.000000,-0.292208,-0.181818,-0.577922,-0.201299,-0.779221,-0.103896,-0.857143,0.032468,-0.792208,-0.136364,-1.000000,0.071429,-0.902597,0.090909,-0.798701,0.045455,-0.753247,0.071429,-0.941558,0.240260,-0.837662,0.246753,-0.733766,0.194805,-0.668831,0.272727,-0.902597,0.396104,-0.798701,0.389610,-0.694805,0.350649,-0.558442,0.441558,-0.798701,0.532468,-0.720779,0.506494,-0.623377,0.467532
0.000000,0.000000,0.000000,-0.296774,-0.180645,-0.580645,-0.206452,-0.761290,-0.096774,-0.825806,0.051613,-0.800000,-0.174194,-1.000000,0.038710,-0.903226,0.070968,-0.812903,0.032258,-0.767742,0.032258,-0.967742,0.200000,-0.858065,0.219355,-0.761290,0.180645,-0.696774,0.232258,-0.929032,0.361290,-0.832258,0.367742,-0.722581,0.329032,-0.587097,0.406452,-0.838710,0.490323,-0.767742,0.477419,-0.664516,0.451613
0.000000,0.000000,0.000000,-0.292208,-0.194805,-0.564935,-0.233766,-0.740260,-0.136364,-0.805195,0.006494,-0.798701,-0.220779,-1.000000,-0.006494,-0.896104,0.032468,-0.805195,0.000000,-0.785714,-0.012987,-0.980519,0.155844,-0.863636,0.181818,-0.759740,0.142857,-0.720779,0.188312,-0.954545,0.318182,-0.837662,0.331169,-0.733766,0.292208,-0.616883,0.370130,-0.850649,0.454545,-0.772727,0.441558,-0.675325,0.409091
0.000000,0.000000,0.000000,-0.272727,-0.207792,-0.538961,-0.253247,-0.720779,-0.175325,-0.805195,-0.058442,-0.785714,-0.259740,-1.000000,-0.045455,-0.896104,-0.006494,-0.798701,-0.045455,-0.785714,-0.058442,-0.980519,0.116883,-0.863636,0.142857,-0.759740,0.097403,-0.727273,0.142857,-0.967532,0.279221,-0.850649,0.285714,-0.740260,0.246753,-0.636364,0.337662,-0.876623,0.409091,-0.785714,0.396104,-0.688312,0.363636
0.000000,0.000000,0.000000,-0.272727,-0.214286,-0.545455,-0.259740,-0.727273,-0.168831,-0.798701,-0.045455,-0.792208,-0.292208,-1.000000,-0.077922,-0.889610,-0.032468,-0.792208,-0.064935,-0.798701,-0.090909,-0.987013,0.084416,-0.863636,0.116883,-0.759740,0.071429,-0.753247,0.110390,-0.987013,0.240260,-0.857143,0.266234,-0.753247,0.220779,-0.668831,0.305195,-0.889610,0.383117,-0.792208,0.376623,-0.688312,0.350649
0.000000,0.000000,0.000000,-0.261438,-0.228758,-0.529412,-0.287582,-0.718954,-0.202614,-0.797386,-0.078431,-0.777778,-0.326797,-1.000000,-0.117647,-0.888889,-0.065359,-0.790850,-0.098039,-0.797386,-0.130719,-0.993464,0.045752,-0.869281,0.084967,-0.764706,0.039216,-0.758170,0.078431,-0.993464,0.202614,-0.869281,0.228758,-0.764706,0.189542,-0.679739,0.274510,-0.901961,0.339869,-0.803922,0.339869,-0.705882,0.313726
0.000000,0.000000,0.000000,-0.266234,-0.227273,-0.538961,-0.292208,-0.733766,-0.194805,-0.811688,-0.051948,-0.772727,-0.357143,-0.987013,-0.142857,-0.870130,-0.084416,-0.779221,-0.116883,-0.792208,-0.155844,-0.987013,0.012987,-0.863636,0.058442,-0.759740,0.019481,-0.759740,0.051948,-1.000000,0.168831,-0.876623,0.201299,-0.766234,0.168831,-0.694805,0.246753,-0.909091,0.305195,-0.811688,0.311688,-0.714286,0.292208
0.000000,0.000000,0.000000,-0.245161,-0.238710,-0.522581,-0.322581,-0.729032,-0.238710,-0.800000,-0.103226,-0.748387,-0.393548,-0.967742,-0.167742,-0.851613,-0.109677,-0.754839,-0.135484,-0.774194,-0.193548,-0.980645,-0.012903,-0.851613,0.032258,-0.741935,-0.006452,-0.754839,0.012903,-1.000000,0.141935,-0.858065,0.174194,-0.748387,0.135484,-0.690323,0.212903,-0.922581,0.270968,-0.806452,0.277419,-0.696774,0.258065
0.000000,0.000000,0.000000,-0.232258,-0.251613,-0.496774,-0.348387,-0.696774,-0.283871,-0.793548,-0.161290,-0.748387,-0.419355,-0.961290,-0.200000,-0.845161,-0.135484,-0.748387,-0.161290,-0.787097,-0.212903,-0.980645,-0.045161,-0.851613,0.006452,-0.741935,-0.032258,-0.767742,0.000000,-1.000000,0.116129,-0.864516,0.154839,-0.748387,0.116129,-0.703226,0.212903,-0.922581,0.251613,-0.812903,0.264516,-0.709677,0.245161
0.000000,0.000000,0.000000,-0.215686,-0.254902,-0.470588,-0.372549,-0.666667,-0.385621,-0.771242,-0.333333,-0.732026,-0.424837,-0.954248,-0.235294,-0.849673,-0.169935,-0.745098,-0.183007,-0.771242,-0.228758,-0.973856,-0.071895,-0.856209,-0.019608,-0.738562,-0.052288,-0.758170,-0.019608,-1.000000,0.084967,-0.869281,0.124183,-0.751634,0.098039,-0.692810,0.189542,-0.921569,0.235294,-0.823529,0.241830,-0.718954,0.222222
0.000000,0.000000,0.000000,-0.206667,-0.273333,-0.453333,-0.400000,-0.653333,-0.386667,-0.753333,-0.286667,-0.740000,-0.446667,-0.960000,-0.280000,-0.860000,-0.213333,-0.760000,-0.220000,-0.793333,-0.253333,-0.980000,-0.113333,-0.866667,-0.060000,-0.753333,-0.080000,-0.780000,-0.040000,-1.000000,0.053333,-0.873333,0.093333,-0.760000,0.073333,-0.713333,0.166667,-0.946667,0.200000,-0.840000,0.213333,-0.726667,0.193333
0.000000,0.000000,0.000000,-0.189189,-0.283784,-0.432432,-0.425676,-0.641892,-0.418919,-0.750000,-0.317568,-0.716216,-0.452703,-0.939189,-0.331081,-0.858108,-0.256757,-0.763514,-0.250000,-0.777027,-0.263514,-0.972973,-0.162162,-0.864865,-0.094595,-0.750000,-0.108108,-0.777027,-0.060811,-1.000000,0.006757,-0.878378,0.054054,-0.763514,0.040541,-0.729730,0.148649,-0.966216,0.168919,-0.864865,0.182432,-0.756757,0.168919
0.000000,0.000000,0.000000,-0.180000,-0.273333,-0.413333,-0.420000,-0.626667,-0.426667,-0.733333,-0.340000,-0.686667,-0.446667,-0.926667,-0.333333,-0.853333,-0.253333,-0.753333,-0.240000,-0.753333,-0.273333,-0.960000,-0.166667,-0.860000,-0.093333,-0.753333,-0.100000,-0.753333,-0.073333,-1.000000,-0.020000,-0.880000,0.040000,-0.773333,0.040000,-0.713333,0.126667,-0.953333,0.146667,-0.860000,0.166667,-0.753333,0.160000
0.000000,0.000000,0.000000,-0.189189,-0.283784,-0.432432,-0.432432,-0.641892,-0.439189,-0.750000,-0.331081,-0.689189,-0.479730,-0.918919,-0.371622,-0.844595,-0.290541,-0.743243,-0.277027,-0.756757,-0.297297,-0.952703,-0.202703,-0.851351,-0.128378,-0.750000,-0.135135,-0.763514,-0.094595,-1.000000,-0.047297,-0.878378,0.013514,-0.763514,0.013514,-0.729730,0.114865,-0.966216,0.121622,-0.864865,0.141892,-0.756757,0.141892
0.000000,0.000000,0.000000,-0.193103,-0.296552,-0.455172,-0.448276,-0.655172,-0.455172,-0.758621,-0.351724,-0.696552,-0.524138,-0.931035,-0.379310,-0.834483,-0.310345,-0.731034,-0.317241,-0.758621,-0.337931,-0.965517,-0.220690,-0.855172,-0.151724,-0.737931,-0.165517,-0.772414,-0.124138,-1.000000,-0.055172,-0.875862,0.006897,-0.758621,-0.006897,-0.744828,0.089655,-0.965517,0.103448,-0.862069,0.131034,-0.751724,0.124138
0.000000,0.000000,0.000000,-0.205479,-0.294521,-0.472603,-0.431507,-0.657534,-0.369863,-0.760274,-0.232877,-0.664384,-0.554795,-0.904110,-0.390411,-0.815068,-0.321918,-0.712329,-0.335616,-0.732877,-0.356164,-0.952055,-0.232877,-0.849315,-0.164384,-0.732877,-0.178082,-0.753425,-0.136986,-1.000000,-0.061644,-0.876712,0.000000,-0.753425,-0.020548,-0.739726,0.082192,-0.958904,0.095890,-0.856164,0.123288,-0.746575,0.109589
0.000000,0.000000,0.000000,-0.205674,-0.297872,-0.460993,-0.432624,-0.652482,-0.397163,-0.765957,-0.276596,-0.666667,-0.567376,-0.914894,-0.411348,-0.822695,-0.347518,-0.716312,-0.361702,-0.737589,-0.368794,-0.964539,-0.262411,-0.858156,-0.198582,-0.744681,-0.205674,-0.758865,-0.148936,-1.000000,-0.085106,-0.879433,-0.028369,-0.765957,-0.042553,-0.751773,0.070922,-0.957447,0.085106,-0.843972,0.106383,-0.737589,0.099291
0.000000,0.000000,0.000000,-0.217391,-0.289855,-0.492754,-0.420290,-0.681159,-0.347826,-0.782609,-0.210145,-0.659420,-0.550725,-0.913043,-0.405797,-0.818841,-0.340580,-0.717391,-0.347826,-0.717391,-0.355072,-0.963768,-0.260870,-0.855072,-0.195652,-0.739130,-0.202899,-0.739130,-0.144928,-1.000000,-0.086957,-0.884058,-0.028986,-0.768116,-0.036232,-0.739130,0.072464,-0.963768,0.079710,-0.862319,0.101449,-0.753623,0.094203
0.000000,0.000000,0.000000,-0.219697,-0.303030,-0.477273,-0.446970,-0.666667,-0.378788,-0.772727,-0.234848,-0.659091,-0.560606,-0.916667,-0.424242,-0.818182,-0.356061,-0.719697,-0.371212,-0.719697,-0.371212,-0.962121,-0.280303,-0.863636,-0.212121,-0.742424,-0.219697,-0.742424,-0.159091,-1.000000,-0.106061,-0.886364,-0.045455,-0.772727,-0.060606,-0.734848,0.053030,-0.969697,0.068182,-0.871212,0.083333,-0.765152,0.075758
0.000000,0.000000,0.000000,-0.220472,-0.291339,-0.472441,-0.433071,-0.653543,-0.362205,-0.763780,-0.220472,-0.637795,-0.559055,-0.897638,-0.425197,-0.811024,-0.346457,-0.708661,-0.354331,-0.708661,-0.370079,-0.952756,-0.275591,-0.858268,-0.196850,-0.740157,-0.196850,-0.740157,-0.157480,-1.000000,-0.102362,-0.889764,-0.031496,-0.771654,-0.031496,-0.732283,0.055118,-0.976378,0.062992,-0.874016,0.102362,-0.755906,0.102362
0.000000,0.000000,0.000000,-0.224000,-0.280000,-0.488000,-0.400000,-0.672000,-0.352000,-0.784000,-0.240000,-0.664000,-0.544000,-0.928000,-0.384000,-0.840000,-0.312000,-0.744000,-0.320000,-0.720000,-0.368000,-0.968000,-0.240000,-0.880000,-0.160000,-0.776000,-0.176000,-0.744000,-0.160000,-1.000000,-0.080000,-0.904000,-0.008000,-0.792000,-0.024000,-0.728000,0.056000,-0.976000,0.072000,-0.880000,0.104000,-0.776000,0.104000
0.000000,0.000000,0.000000,-0.227642,-0.268293,-0.495935,-0.390244,-0.674797,-0.341463,-0.780488,-0.219512,-0.658537,-0.544715,-0.902439,-0.390244,-0.821138,-0.325203,-0.731707,-0.333333,-0.723577,-0.365854,-0.959350,-0.252033,-0.869919,-0.178862,-0.756098,-0.186992,-0.739837,-0.162602,-1.000000,-0.081301,-0.894309,-0.016260,-0.780488,-0.032520,-0.731707,0.048780,-0.967480,0.081301,-0.861789,0.113821,-0.756098,0.097561
0.000000,0.000000,0.000000,-0.237288,-0.271186,-0.508475,-0.406780,-0.686441,-0.355932,-0.796610,-0.220339,-0.677966,-0.533898,-0.940678,-0.364407,-0.838983,-0.296610,-0.737288,-0.313559,-0.720339,-0.347458,-0.974576,-0.211864,-0.864407,-0.144068,-0.754237,-0.161017,-0.737288,-0.144068,-1.000000,-0.042373,-0.889831,0.008475,-0.771186,-0.016949,-0.720339,0.067797,-0.957627,0.101695,-0.864407,0.118644,-0.745763,0.101695
0.000000,0.000000,0.000000,-0.220339,-0.279661,-0.474576,-0.406780,-0.661017,-0.355932,-0.754237,-0.237288,-0.669492,-0.516949,-0.932203,-0.347458,-0.838983,-0.271186,-0.745763,-0.288136,-0.720339,-0.338983,-0.966102,-0.194915,-0.864407,-0.118644,-0.754237,-0.144068,-0.737288,-0.135593,-1.000000,-0.042373,-0.881356,0.016949,-0.779661,-0.008475,-0.711864,0.067797,-0.957627,0.093220,-0.855932,0.127119,-0.754237,0.110169
0.000000,0.000000,0.000000,-0.208696,-0.286957,-0.443478,-0.417391,-0.634783,-0.382609,-0.730435,-0.260870,-0.669565,-0.521739,-0.930435,-0.373913,-0.843478,-0.286957,-0.756522,-0.295652,-0.721739,-0.339130,-0.965217,-0.208696,-0.860870,-0.130435,-0.756522,-0.147826,-0.730435,-0.139130,-1.000000,-0.069565,-0.886957,0.000000,-0.773913,-0.008696,-0.695652,0.060870,-0.956522,0.086957,-0.869565,0.113043,-0.773913,0.104348
0.000000,0.000000,0.000000,-0.201754,-0.289474,-0.429825,-0.412281,-0.622807,-0.394737,-0.719298,-0.271930,-0.666667,-0.517544,-0.929825,-0.377193,-0.833333,-0.298246,-0.745614,-0.298246,-0.728070,-0.342105,-0.964912,-0.219298,-0.859649,-0.140351,-0.754386,-0.149123,-0.736842,-0.140351,-1.000000,-0.078947,-0.885965,-0.008772,-0.780702,-0.017544,-0.710526,0.061404,-0.964912,0.078947,-0.877193,0.096491,-0.780702,0.087719
0.000000,0.000000,0.000000,-0.191304,-0.295652,-0.417391,-0.434783,-0.600000,-0.417391,-0.704348,-0.304348,-0.643478,-0.530435,-0.913043,-0.391304,-0.826087,-0.313043,-0.730435,-0.313043,-0.713043,-0.356522,-0.956522,-0.234783,-0.843478,-0.147826,-0.747826,-0.165217,-0.730435,-0.165217,-1.000000,-0.095652,-0.886957,-0.026087,-0.773913,-0.043478,-0.713043,0.034783,-0.965217,0.052174,-0.869565,0.078261,-0.773913,0.069565
0.000000,0.000000,0.000000,-0.184211,-0.298246,-0.403509,-0.447368,-0.596491,-0.421053,-0.692982,-0.307018,-0.622807,-0.552632,-0.885965,-0.412281,-0.807018,-0.324561,-0.719298,-0.324561,-0.701754,-0.377193,-0.938596,-0.254386,-0.833333,-0.166667,-0.728070,-0.184211,-0.728070,-0.184211,-1.000000,-0.114035,-0.885965,-0.043860,-0.771930,-0.061404,-0.710526,0.017544,-0.964912,0.026316,-0.885965,0.052632,-0.789474,0.035088
0.000000,0.000000,0.000000,-0.160714,-0.312500,-0.375000,-0.473214,-0.571429,-0.464286,-0.669643,-0.357143,-0.607143,-0.589286,-0.866071,-0.455357,-0.785714,-0.357143,-0.696429,-0.357143,-0.696429,-0.419643,-0.928571,-0.294643,-0.821429,-0.205357,-0.723214,-0.214286,-0.732143,-0.223214,-1.000000,-0.160714,-0.875000,-0.080357,-0.767857,-0.089286,-0.732143,-0.017857,-0.973214,-0.008929,-0.875000,0.017857,-0.767857,0.008929
0.000000,0.000000,0.000000,-0.153153,-0.324324,-0.360360,-0.486486,-0.558559,-0.459459,-0.666667,-0.351351,-0.576577,-0.612613,-0.837838,-0.486486,-0.756757,-0.387387,-0.675676,-0.378378,-0.693694,-0.450450,-0.918919,-0.333333,-0.810811,-0.234234,-0.711712,-0.243243,-0.738739,-0.252252,-1.000000,-0.198198,-0.882883,-0.108108,-0.765766,-0.117117,-0.747748,-0.045045,-0.990991,-0.045045,-0.882883,0.000000,-0.774775,-0.009009
0.000000,0.000000,0.000000,-0.128440,-0.330275,-0.339450,-0.495413,-0.532110,-0.486239,-0.651376,-0.385321,-0.541284,-0.660550,-0.788991,-0.541284,-0.715596,-0.440367,-0.633027,-0.422018,-0.669725,-0.495413,-0.899083,-0.394495,-0.798165,-0.284404,-0.688073,-0.284404,-0.743119,-0.293578,-1.000000,-0.256881,-0.880734,-0.155963,-0.761468,-0.155963,-0.761468,-0.082569,-1.000000,-0.091743,-0.889908,-0.036697,-0.770642,-0.036697
0.000000,0.000000,0.000000,-0.119266,-0.339450,-0.311927,-0.504587,-0.504587,-0.504587,-0.623853,-0.412844,-0.504587,-0.642202,-0.715596,-0.587156,-0.669725,-0.486239,-0.596330,-0.449541,-0.651376,-0.495413,-0.862385,-0.431193,-0.779817,-0.321101,-0.678899,-0.302752,-0.733945,-0.311927,-0.981651,-0.284404,-0.871560,-0.183486,-0.761468,-0.174312,-0.761468,-0.100917,-1.000000,-0.110092,-0.899083,-0.055046,-0.779817,-0.055046
0.000000,0.000000,0.000000,-0.101852,-0.342593,-0.305556,-0.518519,-0.500000,-0.518519,-0.620370,-0.416667,-0.490741,-0.675926,-0.703704,-0.611111,-0.648148,-0.500000,-0.564815,-0.462963,-0.648148,-0.527778,-0.851852,-0.453704,-0.768519,-0.342593,-0.666667,-0.314815,-0.731481,-0.333333,-0.972222,-0.314815,-0.861111,-0.212963,-0.750000,-0.194444,-0.759259,-0.120370,-1.000000,-0.129630,-0.898148,-0.074074,-0.768519,-0.064815
0.000000,0.000000,0.000000,-0.102804,-0.345794,-0.299065,-0.523364,-0.485981,-0.542056,-0.616822,-0.448598,-0.495327,-0.691589,-0.719626,-0.607477,-0.663551,-0.504673,-0.570093,-0.476636,-0.644860,-0.542056,-0.859813,-0.467290,-0.775701,-0.345794,-0.663551,-0.327103,-0.728972,-0.345794,-0.971963,-0.327103,-0.869159,-0.224299,-0.747664,-0.205607,-0.766355,-0.140187,-1.000000,-0.158879,-0.887850,-0.102804,-0.766355,-0.093458
0.000000,0.000000,0.000000,-0.102804,-0.345794,-0.299065,-0.532710,-0.485981,-0.551402,-0.607477,-0.448598,-0.495327,-0.691589,-0.728972,-0.598131,-0.663551,-0.495327,-0.570093,-0.467290,-0.644860,-0.551402,-0.859813,-0.467290,-0.775701,-0.345794,-0.663551,-0.327103,-0.728972,-0.364486,-0.971963,-0.336449,-0.869159,-0.224299,-0.747664,-0.205607,-0.766355,-0.149533,-1.000000,-0.168224,-0.897196,-0.102804,-0.766355,-0.093458
0.000000,0.000000,0.000000,-0.085714,-0.352381,-0.285714,-0.542857,-0.485714,-0.571429,-0.609524,-0.476190,-0.476190,-0.714286,-0.714286,-0.628571,-0.657143,-0.523810,-0.571429,-0.485714,-0.628571,-0.561905,-0.847619,-0.485714,-0.771429,-0.371429,-0.666667,-0.342857,-0.714286,-0.371429,-0.971429,-0.352381,-0.866667,-0.247619,-0.752381,-0.228571,-0.761905,-0.161905,-1.000000,-0.190476,-0.895238,-0.123810,-0.771429,-0.114286
0.000000,0.000000,0.000000,-0.103774,-0.358491,-0.301887,-0.537736,-0.490566,-0.556604,-0.622642,-0.471698,-0.500000,-0.707547,-0.735849,-0.613208,-0.669811,-0.509434,-0.575472,-0.481132,-0.641509,-0.566038,-0.858491,-0.481132,-0.773585,-0.367925,-0.669811,-0.349057,-0.726415,-0.377358,-0.971698,-0.339623,-0.867925,-0.245283,-0.754717,-0.226415,-0.754717,-0.160377,-1.000000,-0.179245,-0.905660,-0.122642,-0.783019,-0.103774
0.000000,0.000000,0.000000,-0.096154,-0.355769,-0.298077,-0.548077,-0.490385,-0.576923,-0.625000,-0.480769,-0.490385,-0.711538,-0.730769,-0.625000,-0.673077,-0.519231,-0.576923,-0.490385,-0.634615,-0.567308,-0.855769,-0.490385,-0.778846,-0.375000,-0.673077,-0.355769,-0.721154,-0.375000,-0.971154,-0.346154,-0.875000,-0.250000,-0.759615,-0.230769,-0.759615,-0.163462,-1.000000,-0.182692,-0.894231,-0.125000,-0.778846,-0.105769
0.000000,0.000000,0.000000,-0.104762,-0.342857,-0.304762,-0.523810,-0.504762,-0.542857,-0.628571,-0.438095,-0.495238,-0.695238,-0.733333,-0.600000,-0.666667,-0.495238,-0.580952,-0.476190,-0.638095,-0.552381,-0.857143,-0.457143,-0.780952,-0.342857,-0.666667,-0.333333,-0.723810,-0.371429,-0.971429,-0.323810,-0.866667,-0.219048,-0.761905,-0.209524,-0.761905,-0.152381,-1.000000,-0.152381,-0.895238,-0.085714,-0.771429,-0.085714
0.000000,0.000000,0.000000,-0.104762,-0.352381,-0.304762,-0.533333,-0.495238,-0.542857,-0.628571,-0.438095,-0.495238,-0.695238,-0.723810,-0.600000,-0.676190,-0.504762,-0.590476,-0.476190,-0.638095,-0.552381,-0.857143,-0.457143,-0.780952,-0.352381,-0.676190,-0.333333,-0.723810,-0.361905,-0.971429,-0.314286,-0.876190,-0.209524,-0.761905,-0.209524,-0.761905,-0.142857,-1.000000,-0.142857,-0.895238,-0.076190,-0.771429,-0.076190
0.000000,0.000000,0.000000,-0.113208,-0.330189,-0.330189,-0.509434,-0.528302,-0.509434,-0.650943,-0.396226,-0.528302,-0.669811,-0.783019,-0.537736,-0.707547,-0.443396,-0.603774,-0.433962,-0.660377,-0.528302,-0.886792,-0.405660,-0.792453,-0.301887,-0.679245,-0.292453,-0.735849,-0.330189,-0.981132,-0.264151,-0.867925,-0.160377,-0.754717,-0.169811,-0.764151,-0.113208,-1.000000,-0.103774,-0.886792,-0.037736,-0.764151,-0.037736
0.000000,0.000000,0.000000,-0.114286,-0.333333,-0.323810,-0.504762,-0.514286,-0.504762,-0.638095,-0.400000,-0.533333,-0.666667,-0.780952,-0.542857,-0.723810,-0.438095,-0.619048,-0.419048,-0.666667,-0.514286,-0.895238,-0.400000,-0.809524,-0.295238,-0.695238,-0.285714,-0.742857,-0.323810,-1.000000,-0.257143,-0.885714,-0.152381,-0.761905,-0.152381,-0.752381,-0.104762,-1.000000,-0.085714,-0.885714,-0.019048,-0.752381,-0.019048
0.000000,0.000000,0.000000,-0.122642,-0.320755,-0.330189,-0.490566,-0.509434,-0.500000,-0.622642,-0.415094,-0.537736,-0.641509,-0.783019,-0.528302,-0.716981,-0.433962,-0.622642,-0.405660,-0.660377,-0.500000,-0.896226,-0.386792,-0.811321,-0.283019,-0.698113,-0.273585,-0.735849,-0.301887,-1.000000,-0.235849,-0.886792,-0.141509,-0.773585,-0.141509,-0.754717,-0.084906,-1.000000,-0.056604,-0.877358,-0.009434,-0.754717,-0.009434
0.000000,0.000000,0.000000,-0.114286,-0.323810,-0.295238,-0.504762,-0.485714,-0.533333,-0.609524,-0.466667,-0.533333,-0.638095,-0.780952,-0.552381,-0.723810,-0.457143,-0.628571,-0.428571,-0.657143,-0.495238,-0.904762,-0.400000,-0.809524,-0.295238,-0.704762,-0.285714,-0.733333,-0.304762,-1.000000,-0.257143,-0.885714,-0.161905,-0.771429,-0.161905,-0.752381,-0.085714,-1.000000,-0.076190,-0.885714,-0.028571,-0.761905,-0.028571
0.000000,0.000000,0.000000,-0.104762,-0.333333,-0.295238,-0.523810,-0.485714,-0.533333,-0.619048,-0.457143,-0.504762,-0.666667,-0.752381,-0.590476,-0.695238,-0.495238,-0.600000,-0.466667,-0.638095,-0.514286,-0.876190,-0.438095,-0.790476,-0.333333,-0.685714,-0.314286,-0.723810,-0.333333,-0.990476,-0.285714,-0.876190,-0.190476,-0.761905,-0.190476,-0.752381,-0.123810,-1.000000,-0.114286,-0.885714,-0.057143,-0.761905,-0.057143
0.000000,0.000000,0.000000,-0.104762,-0.323810,-0.295238,-0.504762,-0.485714,-0.514286,-0.619048,-0.438095,-0.485714,-0.685714,-0.723810,-0.590476,-0.666667,-0.485714,-0.580952,-0.466667,-0.628571,-0.542857,-0.866667,-0.466667,-0.790476,-0.352381,-0.676190,-0.323810,-0.714286,-0.361905,-0.980952,-0.314286,-0.885714,-0.219048,-0.771429,-0.209524,-0.752381,-0.152381,-1.000000,-0.152381,-0.895238,-0.085714,-0.780952,-0.076190
0.000000,0.000000,0.000000,-0.105769,-0.326923,-0.326923,-0.519231,-0.548077,-0.519231,-0.682692,-0.413462,-0.442308,-0.740385,-0.769231,-0.605769,-0.692308,-0.490385,-0.596154,-0.471154,-0.567308,-0.605769,-0.875000,-0.500000,-0.788462,-0.375000,-0.663462,-0.355769,-0.663462,-0.442308,-0.971154,-0.375000,-0.875000,-0.259615,-0.750000,-0.250000,-0.730769,-0.250000,-1.000000,-0.230769,-0.903846,-0.153846,-0.778846,-0.134615
0.000000,0.000000,0.000000,-0.099010,-0.346535,-0.316832,-0.554455,-0.554455,-0.554455,-0.693069,-0.445545,-0.396040,-0.782178,-0.772277,-0.653465,-0.702970,-0.514852,-0.584158,-0.495050,-0.524752,-0.663366,-0.861386,-0.544554,-0.782178,-0.405941,-0.663366,-0.386139,-0.633663,-0.504951,-0.960396,-0.435644,-0.871287,-0.306931,-0.752475,-0.297030,-0.732673,-0.326733,-1.000000,-0.306931,-0.930693,-0.217822,-0.821782,-0.188119
0.000000,0.000000,0.000000,-0.070707,-0.353535,-0.292929,-0.585859,-0.545455,-0.575758,-0.707071,-0.474747,-0.363636,-0.838384,-0.747475,-0.696970,-0.666667,-0.545455,-0.545455,-0.525253,-0.494949,-0.727273,-0.838384,-0.606061,-0.757576,-0.454545,-0.636364,-0.444444,-0.616162,-0.585859,-0.949495,-0.505050,-0.858586,-0.363636,-0.727273,-0.363636,-0.727273,-0.404040,-1.000000,-0.404040,-0.919192,-0.292929,-0.808081,-0.252525
0.000000,0.000000,0.000000,-0.021505,-0.365591,-0.225806,-0.645161,-0.494624,-0.688172,-0.666667,-0.591398,-0.311828,-0.903226,-0.720430,-0.795699,-0.623656,-0.645161,-0.473118,-0.623656,-0.462366,-0.806452,-0.806452,-0.698925,-0.709677,-0.548387,-0.580645,-0.537634,-0.612903,-0.655914,-0.924731,-0.591398,-0.827957,-0.462366,-0.688172,-0.451613,-0.741935,-0.483871,-1.000000,-0.494624,-0.903226,-0.376344,-0.784946,-0.344086
0.000000,0.000000,0.000000,0.010870,-0.369565,-0.184783,-0.663043,-0.445652,-0.728261,-0.619565,-0.641304,-0.271739,-0.934783,-0.641304,-0.847826,-0.554348,-0.695652,-0.434783,-0.684783,-0.445652,-0.836957,-0.760870,-0.760870,-0.684783,-0.608696,-0.565217,-0.586957,-0.608696,-0.684783,-0.902174,-0.663043,-0.815217,-0.532609,-0.695652,-0.510870,-0.739130,-0.500000,-1.000000,-0.554348,-0.902174,-0.434783,-0.782609,-0.402174
0.000000,0.000000,0.000000,0.044944,-0.415730,-0.123596,-0.741573,-0.359551,-0.797753,-0.550562,-0.707865,-0.235955,-0.977528,-0.573034,-0.910112,-0.516854,-0.764045,-0.404494,-0.707865,-0.438202,-0.876405,-0.730337,-0.831461,-0.662921,-0.674157,-0.550562,-0.617977,-0.617977,-0.719101,-0.910112,-0.752809,-0.820225,-0.584270,-0.696629,-0.528090,-0.764045,-0.516854,-1.000000,-0.606742,-0.898876,-0.483146,-0.775281,-0.415730
0.000000,0.000000,0.000000,0.056818,-0.409091,-0.090909,-0.727273,-0.329545,-0.806818,-0.522727,-0.738636,-0.204545,-0.977273,-0.556818,-0.920455,-0.511364,-0.750000,-0.397727,-0.693182,-0.420455,-0.886364,-0.715909,-0.852273,-0.659091,-0.670455,-0.545455,-0.602273,-0.602273,-0.738636,-0.897727,-0.784091,-0.818182,-0.590909,-0.681818,-0.534091,-0.750000,-0.522727,-1.000000,-0.636364,-0.897727,-0.500000,-0.772727,-0.420455
0.000000,0.000000,0.000000,0.068182,-0.420455,-0.079545,-0.727273,-0.306818,-0.818182,-0.488636,-0.772727,-0.181818,-1.000000,-0.511364,-0.954545,-0.477273,-0.784091,-0.363636,-0.715909,-0.409091,-0.920455,-0.670455,-0.875000,-0.636364,-0.693182,-0.522727,-0.613636,-0.590909,-0.761364,-0.863636,-0.818182,-0.795455,-0.625000,-0.670455,-0.556818,-0.738636,-0.556818,-0.988636,-0.670455,-0.897727,-0.534091,-0.772727,-0.454545
0.000000,0.000000,0.000000,0.068966,-0.436782,-0.068966,-0.747126,-0.287356,-0.850575,-0.459770,-0.793103,-0.172414,-1.000000,-0.482759,-0.988506,-0.448276,-0.827586,-0.356322,-0.735632,-0.390805,-0.931035,-0.655172,-0.908046,-0.632184,-0.735632,-0.528736,-0.643678,-0.586207,-0.781609,-0.850575,-0.839080,-0.793103,-0.655172,-0.666667,-0.597701,-0.747126,-0.586207,-0.988506,-0.689655,-0.896552,-0.551724,-0.770115,-0.482759
0.000000,0.000000,0.000000,0.079545,-0.420455,-0.045455,-0.727273,-0.238636,-0.840909,-0.409091,-0.795455,-0.147727,-1.000000,-0.443182,-0.988636,-0.420455,-0.818182,-0.318182,-0.727273,-0.375000,-0.931818,-0.625000,-0.909091,-0.613636,-0.727273,-0.511364,-0.647727,-0.568182,-0.784091,-0.818182,-0.840909,-0.772727,-0.659091,-0.659091,-0.590909,-0.738636,-0.579545,-0.965909,-0.693182,-0.886364,-0.556818,-0.750000,-0.477273
0.000000,0.000000,0.000000,0.091954,-0.413793,-0.034483,-0.724138,-0.206897,-0.839080,-0.379310,-0.804598,-0.160920,-1.000000,-0.425287,-0.988506,-0.390805,-0.839080,-0.310345,-0.747126,-0.390805,-0.942529,-0.620690,-0.931035,-0.597701,-0.747126,-0.494253,-0.666667,-0.586207,-0.793103,-0.816092,-0.862069,-0.758621,-0.678161,-0.655172,-0.609195,-0.747126,-0.586207,-0.977012,-0.712644,-0.896552,-0.574713,-0.770115,-0.482759
0.000000,0.000000,0.000000,0.080460,-0.425287,-0.045977,-0.735632,-0.229885,-0.850575,-0.413793,-0.804598,-0.160920,-1.000000,-0.436782,-0.988506,-0.402299,-0.827586,-0.298851,-0.735632,-0.390805,-0.942529,-0.620690,-0.919540,-0.597701,-0.747126,-0.494253,-0.666667,-0.586207,-0.793103,-0.816092,-0.850575,-0.758621,-0.678161,-0.655172,-0.609195,-0.758621,-0.597701,-0.965517,-0.712644,-0.885057,-0.563218,-0.747126,-0.471264
0.000000,0.000000,0.000000,0.068966,-0.425287,-0.080460,-0.735632,-0.287356,-0.816092,-0.471264,-0.758621,-0.172414,-1.000000,-0.448276,-0.977012,-0.413793,-0.804598,-0.321839,-0.724138,-0.413793,-0.931035,-0.643678,-0.896552,-0.609195,-0.724138,-0.517241,-0.643678,-0.609195,-0.781609,-0.827586,-0.816092,-0.781609,-0.655172,-0.678161,-0.597701,-0.770115,-0.586207,-0.988506,-0.689655,-0.908046,-0.551724,-0.781609,-0.471264
0.000000,0.000000,0.000000,0.082353,-0.435294,-0.058824,-0.741176,-0.258824,-0.835294,-0.447059,-0.776471,-0.176471,-1.000000,-0.447059,-0.976471,-0.423529,-0.811765,-0.329412,-0.729412,-0.411765,-0.929412,-0.647059,-0.894118,-0.623529,-0.717647,-0.517647,-0.647059,-0.623529,-0.776471,-0.847059,-0.811765,-0.800000,-0.647059,-0.682353,-0.588235,-0.776471,-0.576471,-1.000000,-0.682353,-0.917647,-0.552941,-0.788235,-0.470588
0.000000,0.000000,0.000000,0.081395,-0.418605,-0.058140,-0.720930,-0.255814,-0.825581,-0.430233,-0.779070,-0.186047,-0.976744,-0.465116,-0.965116,-0.441860,-0.790698,-0.348837,-0.709302,-0.430233,-0.906977,-0.662791,-0.883721,-0.639535,-0.697674,-0.534884,-0.627907,-0.627907,-0.755814,-0.860465,-0.802326,-0.802326,-0.627907,-0.686047,-0.558140,-0.767442,-0.546512,-1.000000,-0.662791,-0.906977,-0.523256,-0.779070,-0.441860
0.000000,0.000000,0.000000,0.081395,-0.418605,-0.046512,-0.720930,-0.232558,-0.825581,-0.395349,-0.790698,-0.186047,-0.988372,-0.453488,-0.965116,-0.430233,-0.802326,-0.337209,-0.720930,-0.418605,-0.918605,-0.651163,-0.883721,-0.627907,-0.720930,-0.523256,-0.639535,-0.616279,-0.755814,-0.848837,-0.802326,-0.790698,-0.639535,-0.674419,-0.569767,-0.767442,-0.558140,-1.000000,-0.662791,-0.906977,-0.534884,-0.779070,-0.453488
0.000000,0.000000,0.000000,0.069767,-0.430233,-0.069767,-0.732558,-0.255814,-0.825581,-0.418605,-0.779070,-0.197674,-0.988372,-0.465116,-0.965116,-0.430233,-0.802326,-0.337209,-0.720930,-0.441860,-0.918605,-0.662791,-0.883721,-0.627907,-0.720930,-0.523256,-0.639535,-0.627907,-0.767442,-0.860465,-0.802326,-0.802326,-0.639535,-0.686047,-0.569767,-0.779070,-0.558140,-1.000000,-0.662791,-0.906977,-0.523256,-0.779070,-0.441860
0.000000,0.000000,0.000000,0.069767,-0.430233,-0.058140,-0.709302,-0.232558,-0.825581,-0.395349,-0.790698,-0.209302,-0.988372,-0.465116,-0.965116,-0.441860,-0.802326,-0.348837,-0.720930,-0.453488,-0.906977,-0.662791,-0.883721,-0.627907,-0.709302,-0.523256,-0.627907,-0.639535,-0.744186,-0.860465,-0.802326,-0.802326,-0.627907,-0.686047,-0.558140,-0.779070,-0.534884,-1.000000,-0.651163,-0.918605,-0.511628,-0.779070,-0.430233
0.000000,0.000000,0.000000,0.045977,-0.436782,-0.103448,-0.735632,-0.287356,-0.816092,-0.459770,-0.758621,-0.218391,-0.988506,-0.494253,-0.954023,-0.459770,-0.793103,-0.367816,-0.712644,-0.448276,-0.908046,-0.678161,-0.873563,-0.655172,-0.701149,-0.540230,-0.620690,-0.643678,-0.747126,-0.873563,-0.793103,-0.816092,-0.632184,-0.701149,-0.563218,-0.781609,-0.528736,-1.000000,-0.643678,-0.919540,-0.517241,-0.793103,-0.436782
0.000000,0.000000,0.000000,0.057471,-0.436782,-0.091954,-0.735632,-0.287356,-0.804598,-0.459770,-0.747126,-0.218391,-1.000000,-0.505747,-0.954023,-0.459770,-0.793103,-0.367816,-0.712644,-0.448276,-0.908046,-0.689655,-0.873563,-0.655172,-0.701149,-0.540230,-0.620690,-0.632184,-0.747126,-0.873563,-0.793103,-0.816092,-0.620690,-0.689655,-0.563218,-0.770115,-0.528736,-1.000000,-0.643678,-0.908046,-0.505747,-0.781609,-0.425287
0.000000,0.000000,0.000000,0.045455,-0.431818,-0.113636,-0.727273,-0.306818,-0.795455,-0.477273,-0.738636,-0.227273,-0.988636,-0.511364,-0.943182,-0.465909,-0.772727,-0.363636,-0.693182,-0.454545,-0.909091,-0.693182,-0.852273,-0.647727,-0.693182,-0.545455,-0.613636,-0.647727,-0.738636,-0.886364,-0.772727,-0.818182,-0.602273,-0.693182,-0.534091,-0.784091,-0.522727,-1.000000,-0.613636,-0.909091,-0.488636,-0.784091,-0.409091
0.000000,0.000000,0.000000,0.044944,-0.426966,-0.112360,-0.707865,-0.314607,-0.775281,-0.483146,-0.707865,-0.235955,-0.966292,-0.528090,-0.910112,-0.483146,-0.741573,-0.382022,-0.674157,-0.460674,-0.876405,-0.707865,-0.831461,-0.662921,-0.651685,-0.550562,-0.584270,-0.640449,-0.719101,-0.887640,-0.741573,-0.820225,-0.573034,-0.696629,-0.505618,-0.764045,-0.505618,-1.000000,-0.584270,-0.910112,-0.449438,-0.775281,-0.382022
0.000000,0.000000,0.000000,0.021978,-0.417582,-0.142857,-0.703297,-0.351648,-0.747253,-0.516484,-0.670330,-0.252747,-0.956044,-0.538462,-0.879121,-0.494505,-0.725275,-0.384615,-0.659341,-0.472527,-0.857143,-0.714286,-0.802198,-0.670330,-0.637363,-0.549451,-0.582418,-0.637363,-0.692308,-0.890110,-0.714286,-0.824176,-0.549451,-0.692308,-0.494505,-0.769231,-0.483516,-1.000000,-0.560440,-0.912088,-0.428571,-0.780220,-0.362637
0.000000,0.000000,0.000000,0.010870,-0.423913,-0.152174,-0.684783,-0.358696,-0.739130,-0.521739,-0.673913,-0.282609,-0.934783,-0.554348,-0.869565,-0.500000,-0.717391,-0.402174,-0.652174,-0.489130,-0.836957,-0.717391,-0.771739,-0.673913,-0.630435,-0.554348,-0.565217,-0.652174,-0.663043,-0.891304,-0.684783,-0.815217,-0.532609,-0.695652,-0.478261,-0.771739,-0.445652,-1.000000,-0.521739,-0.902174,-0.413043,-0.771739,-0.358696
0.000000,0.000000,0.000000,0.010870,-0.413043,-0.152174,-0.673913,-0.358696,-0.728261,-0.521739,-0.663043,-0.282609,-0.923913,-0.586957,-0.847826,-0.521739,-0.706522,-0.413043,-0.652174,-0.489130,-0.815217,-0.739130,-0.750000,-0.673913,-0.608696,-0.565217,-0.554348,-0.652174,-0.641304,-0.902174,-0.652174,-0.815217,-0.510870,-0.695652,-0.467391,-0.760870,-0.423913,-1.000000,-0.500000,-0.902174,-0.391304,-0.771739,-0.336957
0.000000,0.000000,0.000000,-0.031250,-0.385417,-0.218750,-0.625000,-0.427083,-0.645833,-0.583333,-0.562500,-0.312500,-0.875000,-0.635417,-0.770833,-0.562500,-0.625000,-0.447917,-0.583333,-0.489583,-0.760417,-0.760417,-0.666667,-0.687500,-0.531250,-0.572917,-0.500000,-0.635417,-0.593750,-0.906250,-0.562500,-0.822917,-0.427083,-0.708333,-0.395833,-0.760417,-0.385417,-1.000000,-0.427083,-0.906250,-0.312500,-0.781250,-0.281250
0.000000,0.000000,0.000000,-0.061224,-0.367347,-0.285714,-0.581633,-0.500000,-0.581633,-0.653061,-0.469388,-0.377551,-0.836735,-0.693878,-0.714286,-0.622449,-0.581633,-0.500000,-0.551020,-0.540816,-0.724490,-0.795918,-0.612245,-0.724490,-0.489796,-0.602041,-0.459184,-0.663265,-0.540816,-0.918367,-0.489796,-0.846939,-0.367347,-0.724490,-0.346939,-0.765306,-0.326531,-1.000000,-0.346939,-0.918367,-0.244898,-0.806122,-0.204082
0.000000,0.000000,0.000000,-0.116505,-0.339806,-0.349515,-0.524272,-0.563107,-0.514563,-0.699029,-0.398058,-0.446602,-0.747573,-0.757282,-0.621359,-0.689320,-0.495146,-0.582524,-0.466019,-0.582524,-0.621359,-0.854369,-0.504854,-0.786408,-0.388350,-0.669903,-0.359223,-0.689320,-0.446602,-0.951456,-0.378641,-0.873786,-0.252427,-0.766990,-0.242718,-0.757282,-0.242718,-1.000000,-0.233010,-0.912621,-0.145631,-0.805825,-0.116505
0.000000,0.000000,0.000000,-0.133333,-0.333333,-0.371429,-0.504762,-0.571429,-0.485714,-0.704762,-0.371429,-0.495238,-0.695238,-0.790476,-0.552381,-0.714286,-0.438095,-0.609524,-0.419048,-0.609524,-0.561905,-0.885714,-0.438095,-0.800000,-0.323810,-0.685714,-0.314286,-0.695238,-0.380952,-0.980952,-0.295238,-0.885714,-0.190476,-0.771429,-0.190476,-0.742857,-0.161905,-1.000000,-0.142857,-0.904762,-0.066667,-0.790476,-0.057143
0.000000,0.000000,0.000000,-0.160377,-0.320755,-0.405660,-0.471698,-0.613208,-0.443396,-0.735849,-0.330189,-0.547170,-0.650943,-0.830189,-0.490566,-0.754717,-0.377358,-0.669811,-0.367925,-0.650943,-0.500000,-0.915094,-0.358491,-0.830189,-0.254717,-0.716981,-0.254717,-0.726415,-0.311321,-1.000000,-0.207547,-0.896226,-0.113208,-0.783019,-0.122642,-0.754717,-0.084906,-1.000000,-0.056604,-0.905660,0.009434,-0.792453,0.000000
0.000000,0.000000,0.000000,-0.196262,-0.299065,-0.457944,-0.429907,-0.654206,-0.383178,-0.766355,-0.252336,-0.607477,-0.588785,-0.878505,-0.401869,-0.794393,-0.299065,-0.710280,-0.308411,-0.691589,-0.429907,-0.943925,-0.271028,-0.850467,-0.177570,-0.738318,-0.186916,-0.738318,-0.233645,-1.000000,-0.112150,-0.897196,-0.028037,-0.785047,-0.046729,-0.738318,-0.018692,-0.990654,0.037383,-0.887850,0.084112,-0.775701,0.065421
0.000000,0.000000,0.000000,-0.194444,-0.296296,-0.444444,-0.416667,-0.657407,-0.379630,-0.759259,-0.250000,-0.638889,-0.546296,-0.898148,-0.379630,-0.805556,-0.277778,-0.722222,-0.296296,-0.712963,-0.379630,-0.944444,-0.212963,-0.833333,-0.129630,-0.731481,-0.148148,-0.731481,-0.175926,-1.000000,-0.064815,-0.879630,0.018519,-0.768519,-0.009259,-0.722222,0.046296,-0.962963,0.092593,-0.861111,0.129630,-0.740741,0.111111
0.000000,0.000000,0.000000,-0.203704,-0.268519,-0.453704,-0.388889,-0.666667,-0.351852,-0.768519,-0.231481,-0.657407,-0.518519,-0.925926,-0.342593,-0.814815,-0.250000,-0.722222,-0.259259,-0.722222,-0.351852,-0.953704,-0.175926,-0.833333,-0.083333,-0.722222,-0.111111,-0.731481,-0.148148,-1.000000,-0.018519,-0.861111,0.055556,-0.750000,0.027778,-0.712963,0.074074,-0.962963,0.129630,-0.851852,0.166667,-0.731481,0.157407
0.000000,0.000000,0.000000,-0.222222,-0.259259,-0.481481,-0.370370,-0.685185,-0.324074,-0.787037,-0.194444,-0.694444,-0.490741,-0.953704,-0.296296,-0.842593,-0.222222,-0.750000,-0.240741,-0.740741,-0.314815,-0.981481,-0.138889,-0.851852,-0.064815,-0.750000,-0.092593,-0.740741,-0.111111,-1.000000,0.018519,-0.870370,0.083333,-0.759259,0.046296,-0.712963,0.101852,-0.962963,0.166667,-0.851852,0.194444,-0.740741,0.175926
0.000000,0.000000,0.000000,-0.220183,-0.256881,-0.495413,-0.357798,-0.706422,-0.302752,-0.798165,-0.165138,-0.724771,-0.449541,-0.972477,-0.247706,-0.862385,-0.183486,-0.779817,-0.211009,-0.752294,-0.256881,-0.981651,-0.082569,-0.862385,-0.027523,-0.761468,-0.064220,-0.743119,-0.055046,-1.000000,0.073394,-0.880734,0.128440,-0.770642,0.082569,-0.688073,0.155963,-0.944954,0.211009,-0.853211,0.229358,-0.743119,0.201835
0.000000,0.000000,0.000000,-0.236364,-0.254545,-0.509091,-0.354545,-0.718182,-0.300000,-0.809091,-0.163636,-0.736364,-0.427273,-0.990909,-0.218182,-0.890909,-0.154545,-0.790909,-0.181818,-0.763636,-0.236364,-0.990909,-0.054545,-0.872727,0.000000,-0.772727,-0.036364,-0.745455,-0.036364,-1.000000,0.100000,-0.881818,0.154545,-0.772727,0.118182,-0.681818,0.172727,-0.936364,0.245455,-0.836364,0.263636,-0.736364,0.236364
0.000000,0.000000,0.000000,-0.245455,-0.245455,-0.527273,-0.336364,-0.727273,-0.254545,-0.809091,-0.109091,-0.754545,-0.409091,-1.000000,-0.181818,-0.890909,-0.136364,-0.800000,-0.163636,-0.763636,-0.209091,-1.000000,-0.027273,-0.881818,0.018182,-0.781818,-0.018182,-0.736364,-0.009091,-1.000000,0.136364,-0.872727,0.181818,-0.763636,0.136364,-0.672727,0.200000,-0.927273,0.281818,-0.827273,0.290909,-0.718182,0.263636
0.000000,0.000000,0.000000,-0.258929,-0.232143,-0.544643,-0.294643,-0.732143,-0.205357,-0.803571,-0.053571,-0.758929,-0.348214,-1.000000,-0.133929,-0.892857,-0.089286,-0.803571,-0.133929,-0.758929,-0.160714,-0.991071,0.026786,-0.875000,0.062500,-0.776786,0.017857,-0.723214,0.044643,-0.982143,0.187500,-0.857143,0.214286,-0.758929,0.169643,-0.642857,0.241071,-0.901786,0.321429,-0.803571,0.330357,-0.705357,0.294643
0.000000,0.000000,0.000000,-0.269565,-0.208696,-0.547826,-0.252174,-0.721739,-0.156522,-0.800000,-0.008696,-0.765217,-0.304348,-1.000000,-0.086957,-0.895652,-0.052174,-0.808696,-0.095652,-0.756522,-0.113043,-0.982609,0.069565,-0.860870,0.095652,-0.765217,0.052174,-0.704348,0.086957,-0.956522,0.226087,-0.834783,0.243478,-0.730435,0.208696,-0.617391,0.278261,-0.869565,0.365217,-0.773913,0.365217,-0.678261,0.321739
0.000000,0.000000,0.000000,-0.284483,-0.198276,-0.551724,-0.224138,-0.724138,-0.129310,-0.793103,0.017241,-0.775862,-0.267241,-1.000000,-0.051724,-0.887931,-0.017241,-0.801724,-0.051724,-0.758621,-0.068966,-0.965517,0.103448,-0.853448,0.137931,-0.758621,0.094828,-0.698276,0.129310,-0.939655,0.258621,-0.818965,0.284483,-0.715517,0.241379,-0.603448,0.310345,-0.844828,0.396552,-0.758621,0.387931,-0.663793,0.353448
0.000000,0.000000,0.000000,-0.275862,-0.181034,-0.543103,-0.215517,-0.732759,-0.129310,-0.810345,0.008621,-0.767241,-0.241379,-1.000000,-0.017241,-0.887931,0.008621,-0.793103,-0.025862,-0.741379,-0.043103,-0.956897,0.137931,-0.836207,0.172414,-0.741379,0.120690,-0.672414,0.155172,-0.922414,0.293103,-0.801724,0.301724,-0.698276,0.258621,-0.577586,0.336207,-0.827586,0.422414,-0.732759,0.413793,-0.637931,0.370690
0.000000,0.000000,0.000000,-0.299145,-0.170940,-0.564103,-0.196581,-0.752137,-0.102564,-0.820513,0.034188,-0.769231,-0.213675,-1.000000,0.017094,-0.888889,0.042735,-0.803419,0.008547,-0.735043,-0.008547,-0.957265,0.170940,-0.846154,0.196581,-0.743590,0.145299,-0.666667,0.179487,-0.923077,0.324786,-0.803419,0.324786,-0.700855,0.282051,-0.564103,0.358974,-0.811966,0.452991,-0.726496,0.435897,-0.632479,0.393162
0.000000,0.000000,0.000000,-0.299145,-0.162393,-0.572650,-0.188034,-0.760684,-0.094017,-0.829060,0.051282,-0.769231,-0.188034,-1.000000,0.042735,-0.897436,0.068376,-0.811966,0.034188,-0.726496,0.008547,-0.957265,0.196581,-0.837607,0.213675,-0.743590,0.170940,-0.658120,0.196581,-0.914530,0.341880,-0.794872,0.350427,-0.692308,0.299145,-0.555556,0.376068,-0.803419,0.478632,-0.717949,0.452991,-0.623932,0.410256
0.000000,0.000000,0.000000,-0.305085,-0.161017,-0.576271,-0.177966,-0.762712,-0.076271,-0.838983,0.067797,-0.771186,-0.169492,-1.000000,0.067797,-0.898305,0.093220,-0.805085,0.050847,-0.720339,0.025424,-0.949153,0.220339,-0.830508,0.237288,-0.737288,0.186441,-0.644068,0.220339,-0.898305,0.364407,-0.779661,0.364407,-0.677966,0.313559,-0.533898,0.389830,-0.779661,0.491525,-0.694915,0.466102,-0.601695,0.423729
0.000000,0.000000,0.000000,-0.310924,-0.151261,-0.579832,-0.168067,-0.764706,-0.067227,-0.840336,0.075630,-0.756303,-0.159664,-1.000000,0.075630,-0.899160,0.109244,-0.806723,0.067227,-0.705882,0.033613,-0.941176,0.226891,-0.831933,0.243697,-0.731092,0.201681,-0.630252,0.226891,-0.890756,0.378151,-0.773109,0.378151,-0.672269,0.327731,-0.521008,0.394958,-0.764706,0.504202,-0.680672,0.478992,-0.588235,0.428571
0.000000,0.000000,0.000000,-0.313559,-0.152542,-0.593220,-0.161017,-0.813559,-0.067797,-0.906780,0.076271,-0.762712,-0.144068,-1.000000,0.093220,-0.906780,0.127119,-0.813559,0.084746,-0.703390,0.059322,-0.949153,0.254237,-0.838983,0.262712,-0.728814,0.211864,-0.610169,0.245763,-0.881356,0.406780,-0.771186,0.398305,-0.661017,0.347458,-0.500000,0.415254,-0.754237,0.525424,-0.669492,0.500000,-0.576271,0.449153
0.000000,0.000000,0.000000,-0.313559,-0.152542,-0.601695,-0.152542,-0.822034,-0.050847,-0.906780,0.101695,-0.754237,-0.127119,-1.000000,0.110169,-0.898305,0.135593,-0.805085,0.084746,-0.686441,0.076271,-0.932203,0.279661,-0.830508,0.279661,-0.720339,0.228814,-0.584746,0.271186,-0.872881,0.432203,-0.762712,0.415254,-0.652542,0.355932,-0.474576,0.432203,-0.728814,0.550847,-0.652542,0.516949,-0.559322,0.466102
0.000000,0.000000,0.000000,-0.322034,-0.152542,-0.618644,-0.152542,-0.822034,-0.025424,-0.898305,0.135593,-0.754237,-0.118644,-1.000000,0.127119,-0.906780,0.144068,-0.805085,0.093220,-0.677966,0.084746,-0.932203,0.296610,-0.822034,0.296610,-0.720339,0.237288,-0.576271,0.279661,-0.855932,0.457627,-0.754237,0.432203,-0.644068,0.372881,-0.466102,0.440678,-0.720339,0.559322,-0.644068,0.533898,-0.550847,0.474576
0.000000,0.000000,0.000000,-0.313559,-0.144068,-0.618644,-0.127119,-0.822034,-0.008475,-0.898305,0.152542,-0.754237,-0.093220,-1.000000,0.152542,-0.898305,0.169492,-0.805085,0.118644,-0.669492,0.110169,-0.923729,0.322034,-0.813559,0.322034,-0.711864,0.262712,-0.567797,0.296610,-0.838983,0.483051,-0.737288,0.457627,-0.627119,0.398305,-0.449153,0.466102,-0.694915,0.593220,-0.627119,0.559322,-0.533898,0.500000
0.000000,0.000000,0.000000,-0.313559,-0.135593,-0.635593,-0.118644,-0.872881,0.000000,-0.949153,0.177966,-0.745763,-0.076271,-1.000000,0.177966,-0.898305,0.186441,-0.805085,0.127119,-0.652542,0.127119,-0.906780,0.355932,-0.805085,0.338983,-0.703390,0.279661,-0.542373,0.322034,-0.822034,0.508475,-0.720339,0.474576,-0.618644,0.406780,-0.423729,0.483051,-0.669492,0.610169,-0.601695,0.567797,-0.516949,0.508475
0.000000,0.000000,0.000000,-0.322034,-0.135593,-0.644068,-0.101695,-0.864407,0.033898,-0.932203,0.211864,-0.754237,-0.059322,-1.000000,0.203390,-0.898305,0.203390,-0.805085,0.144068,-0.652542,0.152542,-0.898305,0.389830,-0.796610,0.364407,-0.694915,0.296610,-0.525424,0.338983,-0.805085,0.542373,-0.703390,0.500000,-0.601695,0.423729,-0.398305,0.500000,-0.652542,0.635593,-0.584746,0.593220,-0.491525,0.533898
0.000000,0.000000,0.000000,-0.341880,-0.119658,-0.666667,-0.059829,-0.897436,0.085470,-0.957265,0.273504,-0.760684,-0.017094,-1.000000,0.256410,-0.897436,0.247863,-0.803419,0.179487,-0.641026,0.188034,-0.888889,0.435897,-0.794872,0.410256,-0.692308,0.333333,-0.512821,0.376068,-0.777778,0.589744,-0.692308,0.538462,-0.589744,0.461538,-0.376068,0.529915,-0.623932,0.675214,-0.555556,0.623932,-0.470085,0.564103
0.000000,0.000000,0.000000,-0.347826,-0.104348,-0.686957,-0.026087,-0.913043,0.147826,-0.956522,0.339130,-0.773913,0.026087,-1.000000,0.321739,-0.895652,0.304348,-0.800000,0.217391,-0.634783,0.226087,-0.878261,0.504348,-0.773913,0.460870,-0.669565,0.373913,-0.486957,0.408696,-0.747826,0.643478,-0.660870,0.582609,-0.556522,0.504348,-0.330435,0.565217,-0.573913,0.730435,-0.521739,0.669565,-0.434783,0.600000
0.000000,0.000000,0.000000,-0.375000,-0.098214,-0.723214,0.008929,-0.955357,0.196429,-1.000000,0.401786,-0.785714,0.098214,-0.991071,0.410714,-0.892857,0.366071,-0.803571,0.276786,-0.625000,0.294643,-0.857143,0.589286,-0.767857,0.526786,-0.669643,0.437500,-0.455357,0.473214,-0.714286,0.723214,-0.642857,0.651786,-0.544643,0.562500,-0.294643,0.616071,-0.535714,0.794643,-0.482143,0.732143,-0.401786,0.660714
0.000000,0.000000,0.000000,-0.378378,-0.081081,-0.729730,0.036036,-0.954955,0.225225,-1.000000,0.432432,-0.783784,0.144144,-0.981982,0.468468,-0.891892,0.414414,-0.810811,0.306306,-0.621622,0.324324,-0.837838,0.630631,-0.765766,0.567568,-0.666667,0.477477,-0.441441,0.495495,-0.684685,0.765766,-0.621622,0.684685,-0.531532,0.594595,-0.261261,0.630631,-0.504505,0.837838,-0.459459,0.765766,-0.378378,0.693694
1.000000,0.000000,0.000000,-0.160173,0.138528,-0.190476,0.298701,-0.138528,0.445887,-0.095238,0.532468,-0.160173,0.445887,-0.238095,0.675325,-0.272727,0.822511,-0.290043,0.926407,-0.038961,0.454545,-0.021645,0.727273,-0.012987,0.887446,0.012987,1.000000,0.069264,0.437229,0.082251,0.645022,0.038961,0.606061,0.017316,0.541126,0.147186,0.398268,0.138528,0.549784,0.108225,0.523810,0.082251,0.471861
1.000000,0.000000,0.000000,-0.154930,0.173709,-0.159624,0.361502,-0.070423,0.497653,0.004695,0.558685,-0.056338,0.483568,-0.075117,0.746479,-0.061033,0.892019,-0.042254,1.000000,0.089202,0.464789,0.192488,0.732394,0.253521,0.873239,0.323944,0.967136,0.183099,0.427230,0.187793,0.610329,0.112676,0.577465,0.084507,0.521127,0.234742,0.375587,0.197183,0.511737,0.154930,0.483568,0.126761,0.431925
1.000000,0.000000,0.000000,-0.150235,0.173709,-0.154930,0.366197,-0.056338,0.497653,0.023474,0.563380,-0.046948,0.478873,-0.056338,0.751174,-0.042254,0.892019,-0.023474,1.000000,0.098592,0.460094,0.211268,0.723005,0.281690,0.859155,0.352113,0.953052,0.187793,0.422535,0.192488,0.596244,0.122066,0.563380,0.089202,0.502347,0.239437,0.370892,0.201878,0.492958,0.159624,0.469484,0.131455,0.413146
1.000000,0.000000,0.000000,-0.145540,0.183099,-0.145540,0.366197,-0.046948,0.488263,0.037559,0.544601,-0.032864,0.478873,-0.032864,0.751174,-0.014085,0.892019,0.014085,1.000000,0.112676,0.455399,0.234742,0.718310,0.305164,0.849765,0.380282,0.938967,0.201878,0.413146,0.201878,0.586854,0.131455,0.558685,0.093897,0.502347,0.248826,0.366197,0.206573,0.488263,0.164319,0.460094,0.136150,0.413146
1.000000,0.000000,0.000000,-0.146919,0.184834,-0.142180,0.364929,-0.047393,0.492891,0.037915,0.554502,-0.023697,0.488152,-0.004739,0.758294,0.014218,0.900474,0.047393,1.000000,0.118483,0.459716,0.255924,0.715640,0.336493,0.843602,0.417062,0.928910,0.203791,0.417062,0.222749,0.587678,0.146919,0.559242,0.109005,0.502370,0.255924,0.360190,0.222749,0.478673,0.180095,0.450237,0.146919,0.402844
1.000000,0.000000,0.000000,-0.152381,0.180952,-0.147619,0.357143,-0.052381,0.485714,0.028571,0.552381,-0.014286,0.485714,0.014286,0.757143,0.042857,0.895238,0.080952,1.000000,0.123810,0.452381,0.271429,0.700000,0.357143,0.828571,0.442857,0.909524,0.209524,0.400000,0.228571,0.566667,0.152381,0.542857,0.114286,0.485714,0.257143,0.338095,0.223810,0.452381,0.180952,0.433333,0.147619,0.380952
1.000000,0.000000,0.000000,-0.152381,0.180952,-0.142857,0.361905,-0.042857,0.485714,0.038095,0.547619,-0.004762,0.485714,0.042857,0.752381,0.080952,0.895238,0.119048,1.000000,0.138095,0.452381,0.290476,0.695238,0.380952,0.823810,0.466667,0.904762,0.219048,0.400000,0.242857,0.561905,0.166667,0.538095,0.128571,0.480952,0.266667,0.338095,0.238095,0.452381,0.195238,0.428571,0.157143,0.380952
1.000000,0.000000,0.000000,-0.146919,0.184834,-0.132701,0.369668,-0.037915,0.492891,0.037915,0.554502,0.014218,0.497630,0.071090,0.758294,0.123223,0.900474,0.170616,1.000000,0.151659,0.454976,0.312796,0.687204,0.412322,0.810427,0.502370,0.886256,0.232227,0.398104,0.255924,0.554502,0.175355,0.530806,0.132701,0.478673,0.274882,0.331754,0.246445,0.445498,0.199052,0.421801,0.161137,0.374408
1.000000,0.000000,0.000000,-0.148325,0.186603,-0.129187,0.368421,-0.043062,0.488038,0.033493,0.550239,0.023923,0.507177,0.095694,0.770335,0.153110,0.904306,0.210526,1.000000,0.162679,0.459330,0.334928,0.684211,0.440191,0.803828,0.531100,0.875598,0.234450,0.397129,0.253589,0.545455,0.172249,0.516746,0.124402,0.464115,0.272727,0.325359,0.244019,0.435407,0.196172,0.411483,0.153110,0.363636
1.000000,0.000000,0.000000,-0.145631,0.203883,-0.116505,0.383495,-0.024272,0.504854,0.058252,0.553398,0.038835,0.509709,0.131068,0.771845,0.194175,0.907767,0.262136,1.000000,0.179612,0.461165,0.364078,0.684466,0.475728,0.800971,0.567961,0.868932,0.247573,0.393204,0.271845,0.548544,0.194175,0.524272,0.145631,0.475728,0.286408,0.320388,0.252427,0.432039,0.208738,0.412621,0.165049,0.364078
1.000000,0.000000,0.000000,-0.141463,0.204878,-0.112195,0.395122,-0.019512,0.512195,0.058537,0.565854,0.053659,0.517073,0.156098,0.775610,0.234146,0.907317,0.302439,1.000000,0.185366,0.463415,0.380488,0.678049,0.492683,0.790244,0.585366,0.858537,0.253659,0.395122,0.268293,0.541463,0.190244,0.517073,0.141463,0.473171,0.287805,0.321951,0.248780,0.434146,0.204878,0.409756,0.160976,0.365854
1.000000,0.000000,0.000000,-0.138614,0.212871,-0.103960,0.400990,-0.009901,0.519802,0.074257,0.574257,0.064356,0.524752,0.183168,0.782178,0.262376,0.910891,0.341584,1.000000,0.198020,0.470297,0.400990,0.683168,0.519802,0.787129,0.618812,0.851485,0.262376,0.400990,0.282178,0.544554,0.198020,0.519802,0.148515,0.475248,0.297030,0.321782,0.257426,0.435644,0.212871,0.410891,0.168317,0.366337
1.000000,0.000000,0.000000,-0.136364,0.222222,-0.090909,0.409091,0.010101,0.525253,0.095960,0.580808,0.085859,0.535354,0.222222,0.792929,0.303030,0.909091,0.388889,1.000000,0.222222,0.479798,0.429293,0.681818,0.545455,0.782828,0.656566,0.843434,0.282828,0.404040,0.303030,0.535354,0.217172,0.515152,0.166667,0.469697,0.313131,0.323232,0.282828,0.429293,0.232323,0.409091,0.181818,0.368687
1.000000,0.000000,0.000000,-0.127551,0.234694,-0.081633,0.418367,0.010204,0.535714,0.096939,0.591837,0.107143,0.551020,0.250000,0.795918,0.341837,0.913265,0.428571,1.000000,0.229592,0.484694,0.448980,0.683673,0.576531,0.785714,0.683673,0.836735,0.290816,0.403061,0.311224,0.540816,0.224490,0.510204,0.168367,0.474490,0.316327,0.326531,0.290816,0.433673,0.234694,0.413265,0.178571,0.372449
1.000000,0.000000,0.000000,-0.120419,0.246073,-0.068063,0.429319,0.026178,0.544503,0.125654,0.596859,0.130890,0.570681,0.287958,0.811518,0.387435,0.921466,0.481675,1.000000,0.251309,0.492147,0.476440,0.691099,0.612565,0.785340,0.727749,0.832461,0.303665,0.408377,0.335079,0.544503,0.235602,0.523560,0.178010,0.486911,0.335079,0.324607,0.308901,0.434555,0.246073,0.413613,0.188482,0.376963
1.000000,0.000000,0.000000,-0.117647,0.251337,-0.058824,0.443850,0.042781,0.561497,0.144385,0.609626,0.144385,0.572192,0.315508,0.812834,0.427807,0.919786,0.529412,1.000000,0.272727,0.491979,0.508021,0.689840,0.647059,0.786096,0.764706,0.839572,0.326203,0.406417,0.358289,0.550802,0.262032,0.540107,0.203209,0.513369,0.352941,0.320856,0.326203,0.438503,0.267380,0.427807,0.203209,0.401070
1.000000,0.000000,0.000000,-0.124324,0.254054,-0.054054,0.448649,0.054054,0.567568,0.156757,0.621622,0.162162,0.578378,0.345946,0.821622,0.459459,0.924324,0.567568,1.000000,0.286486,0.497297,0.535135,0.686486,0.681081,0.778378,0.800000,0.821622,0.329730,0.410811,0.367568,0.545946,0.259459,0.535135,0.200000,0.508108,0.356757,0.318919,0.335135,0.432432,0.270270,0.421622,0.200000,0.389189
1.000000,0.000000,0.000000,-0.110497,0.270718,-0.033149,0.464088,0.071823,0.580110,0.171271,0.624309,0.193370,0.591160,0.386740,0.828729,0.513812,0.928177,0.624309,1.000000,0.314917,0.502762,0.574586,0.685083,0.723757,0.767956,0.850829,0.801105,0.364641,0.403315,0.403315,0.535912,0.303867,0.530387,0.237569,0.502762,0.381215,0.309392,0.359116,0.430939,0.292818,0.419890,0.220994,0.392265
1.000000,0.000000,0.000000,-0.101124,0.269663,-0.011236,0.466292,0.106742,0.573034,0.230337,0.612360,0.219101,0.601124,0.421348,0.831461,0.556180,0.926966,0.674157,1.000000,0.331461,0.500000,0.595506,0.668539,0.764045,0.741573,0.893258,0.775281,0.370787,0.398876,0.410112,0.511236,0.280899,0.494382,0.207865,0.466292,0.387640,0.308989,0.382022,0.393258,0.303371,0.382022,0.219101,0.348315
1.000000,0.000000,0.000000,-0.097143,0.285714,-0.005714,0.491429,0.120000,0.600000,0.234286,0.634286,0.240000,0.605714,0.457143,0.840000,0.594286,0.937143,0.714286,1.000000,0.360000,0.502857,0.640000,0.674286,0.805714,0.742857,0.937143,0.760000,0.394286,0.400000,0.457143,0.520000,0.348571,0.525714,0.274286,0.502857,0.405714,0.297143,0.400000,0.411429,0.331429,0.411429,0.257143,0.388571
1.000000,0.000000,0.000000,-0.087719,0.292398,0.011696,0.497076,0.146199,0.614035,0.269006,0.649123,0.274854,0.619883,0.502924,0.847953,0.643275,0.935673,0.766082,1.000000,0.380117,0.502924,0.672515,0.660819,0.842105,0.725146,0.982456,0.736842,0.415205,0.397661,0.479532,0.514620,0.362573,0.514620,0.286550,0.491228,0.421053,0.298246,0.426901,0.403509,0.350877,0.403509,0.263158,0.380117
1.000000,0.000000,0.000000,-0.076023,0.286550,0.029240,0.491228,0.169591,0.596491,0.292398,0.625731,0.298246,0.602339,0.532164,0.818713,0.678363,0.906433,0.801170,0.964912,0.391813,0.485380,0.684211,0.625731,0.859649,0.672515,1.000000,0.672515,0.409357,0.374269,0.485380,0.467836,0.362573,0.467836,0.274854,0.461988,0.415205,0.280702,0.450292,0.362573,0.368421,0.368421,0.274854,0.362573
1.000000,0.000000,0.000000,-0.056818,0.284091,0.045455,0.471591,0.170455,0.568182,0.289773,0.585227,0.318182,0.579545,0.545455,0.761364,0.687500,0.835227,0.806818,0.886364,0.392045,0.454545,0.681818,0.573864,0.857955,0.607955,1.000000,0.602273,0.403409,0.352273,0.482955,0.443182,0.346591,0.454545,0.261364,0.448864,0.409091,0.261364,0.437500,0.346591,0.346591,0.357955,0.250000,0.352273
1.000000,0.000000,0.000000,-0.056497,0.288136,0.050847,0.474576,0.180791,0.553672,0.293785,0.576271,0.344633,0.564972,0.570621,0.723164,0.717514,0.790960,0.836158,0.830508,0.401130,0.440678,0.683616,0.542373,0.858757,0.564972,1.000000,0.559322,0.401130,0.338983,0.463277,0.435028,0.322034,0.446328,0.237288,0.446328,0.401130,0.254237,0.418079,0.338983,0.322034,0.355932,0.225989,0.350282
1.000000,0.000000,0.000000,-0.050000,0.272222,0.066667,0.450000,0.200000,0.527778,0.316667,0.550000,0.344444,0.544444,0.588889,0.683333,0.738889,0.738889,0.855556,0.772222,0.388889,0.422222,0.672222,0.505556,0.850000,0.516667,1.000000,0.500000,0.388889,0.327778,0.461111,0.400000,0.311111,0.394444,0.216667,0.383333,0.394444,0.244444,0.422222,0.305556,0.327778,0.316667,0.233333,0.305556
1.000000,0.000000,0.000000,-0.049180,0.273224,0.076503,0.448087,0.213115,0.519126,0.327869,0.524590,0.360656,0.519126,0.606557,0.644809,0.754098,0.688525,0.874317,0.715847,0.393443,0.398907,0.677596,0.469945,0.852459,0.475410,1.000000,0.453552,0.387978,0.300546,0.448087,0.377049,0.295082,0.371585,0.202186,0.360656,0.387978,0.224044,0.409836,0.284153,0.316940,0.295082,0.224044,0.278689
1.000000,0.000000,0.000000,-0.038674,0.281768,0.088398,0.464088,0.232044,0.519337,0.342541,0.513812,0.375691,0.513812,0.640884,0.618785,0.790055,0.651934,0.911602,0.674033,0.408840,0.392265,0.685083,0.453039,0.861878,0.447514,1.000000,0.419890,0.397790,0.298343,0.453039,0.370166,0.303867,0.364641,0.209945,0.353591,0.397790,0.226519,0.408840,0.281768,0.309392,0.292818,0.220994,0.276243
1.000000,0.000000,0.000000,-0.010929,0.273224,0.142077,0.453552,0.327869,0.491803,0.453552,0.442623,0.382514,0.513661,0.650273,0.595628,0.808743,0.617486,0.928962,0.622951,0.415301,0.382514,0.683060,0.426230,0.863388,0.409836,1.000000,0.371585,0.404372,0.278689,0.480874,0.327869,0.333333,0.322404,0.229508,0.311475,0.393443,0.207650,0.415301,0.240437,0.322404,0.245902,0.229508,0.240437
1.000000,0.000000,0.000000,-0.005495,0.302198,0.126374,0.483516,0.285714,0.516484,0.384615,0.450549,0.417582,0.505495,0.675824,0.576923,0.829670,0.593407,0.945055,0.598901,0.434066,0.373626,0.703297,0.417582,0.868132,0.401099,1.000000,0.357143,0.406593,0.274725,0.483516,0.329670,0.324176,0.329670,0.219780,0.329670,0.390110,0.203297,0.417582,0.241758,0.313187,0.258242,0.214286,0.258242
1.000000,0.000000,0.000000,0.005587,0.290503,0.150838,0.463687,0.301676,0.486034,0.391061,0.413408,0.424581,0.502793,0.692737,0.547486,0.843575,0.553073,0.960894,0.553073,0.430168,0.368715,0.703911,0.391061,0.871508,0.368715,1.000000,0.312849,0.402235,0.268156,0.486034,0.301676,0.329609,0.296089,0.223464,0.290503,0.391061,0.195531,0.407821,0.223464,0.301676,0.229050,0.206704,0.223464
1.000000,0.000000,0.000000,0.011236,0.320225,0.140449,0.494382,0.252809,0.539326,0.325843,0.466292,0.466292,0.483146,0.719101,0.533708,0.865169,0.539326,0.977528,0.528090,0.455056,0.353933,0.719101,0.376404,0.876405,0.348315,1.000000,0.297753,0.415730,0.258427,0.500000,0.314607,0.353933,0.320225,0.252809,0.320225,0.387640,0.185393,0.415730,0.224719,0.320225,0.247191,0.224719,0.247191
1.000000,0.000000,0.000000,0.011364,0.301136,0.142045,0.471591,0.238636,0.539773,0.301136,0.488636,0.448864,0.482955,0.715909,0.511364,0.869318,0.517045,0.982955,0.505682,0.437500,0.363636,0.704545,0.369318,0.869318,0.329545,1.000000,0.272727,0.409091,0.272727,0.488636,0.318182,0.329545,0.318182,0.221591,0.318182,0.397727,0.204545,0.409091,0.238636,0.301136,0.250000,0.193182,0.244318
1.000000,0.000000,0.000000,0.011364,0.312500,0.136364,0.505682,0.227273,0.585227,0.278409,0.522727,0.477273,0.465909,0.732955,0.505682,0.886364,0.505682,0.994318,0.488636,0.454545,0.346591,0.721591,0.363636,0.875000,0.329545,1.000000,0.272727,0.414773,0.261364,0.500000,0.329545,0.369318,0.340909,0.267045,0.335227,0.380682,0.198864,0.414773,0.250000,0.329545,0.272727,0.238636,0.261364
1.000000,0.000000,0.000000,0.017442,0.319767,0.145349,0.517442,0.232558,0.604651,0.273256,0.534884,0.476744,0.482558,0.738372,0.517442,0.895349,0.517442,1.000000,0.500000,0.453488,0.366279,0.726744,0.377907,0.883721,0.337209,1.000000,0.273256,0.412791,0.284884,0.517442,0.337209,0.401163,0.348837,0.302326,0.343023,0.377907,0.220930,0.424419,0.255814,0.348837,0.279070,0.255814,0.273256
1.000000,0.000000,0.000000,0.023256,0.337209,0.151163,0.517442,0.238372,0.581395,0.290698,0.511628,0.494186,0.465116,0.744186,0.505814,0.889535,0.511628,0.994186,0.494186,0.465116,0.354651,0.726744,0.372093,0.872093,0.331395,1.000000,0.261628,0.412791,0.273256,0.505814,0.343023,0.383721,0.354651,0.290698,0.343023,0.383721,0.215116,0.412791,0.267442,0.331395,0.296512,0.238372,0.290698
1.000000,0.000000,0.000000,0.005780,0.329480,0.127168,0.520231,0.225434,0.589595,0.289017,0.526012,0.491329,0.462428,0.739884,0.520231,0.890173,0.537572,1.000000,0.531792,0.473988,0.352601,0.728324,0.369942,0.872832,0.335260,0.994220,0.265896,0.421965,0.271676,0.497110,0.352601,0.358382,0.381503,0.260116,0.381503,0.393064,0.202312,0.404624,0.277457,0.317919,0.312139,0.219653,0.306358
1.000000,0.000000,0.000000,-0.005682,0.323864,0.119318,0.511364,0.204545,0.590909,0.272727,0.534091,0.482955,0.460227,0.732955,0.539773,0.886364,0.568182,1.000000,0.579545,0.460227,0.352273,0.721591,0.386364,0.857955,0.346591,0.977273,0.284091,0.414773,0.272727,0.482955,0.369318,0.357955,0.397727,0.272727,0.386364,0.386364,0.210227,0.397727,0.295455,0.318182,0.329545,0.227273,0.318182
1.000000,0.000000,0.000000,-0.011364,0.312500,0.107955,0.500000,0.198864,0.579545,0.267045,0.528409,0.465909,0.465909,0.721591,0.562500,0.880682,0.607955,1.000000,0.619318,0.454545,0.352273,0.715909,0.403409,0.863636,0.363636,0.988636,0.301136,0.409091,0.272727,0.465909,0.380682,0.323864,0.397727,0.227273,0.392045,0.386364,0.210227,0.386364,0.289773,0.289773,0.318182,0.193182,0.301136
1.000000,0.000000,0.000000,-0.011236,0.314607,0.117978,0.494382,0.207865,0.567416,0.280899,0.511236,0.460674,0.466292,0.713483,0.584270,0.870786,0.640449,0.994382,0.674157,0.449438,0.348315,0.713483,0.398876,0.865169,0.365169,1.000000,0.314607,0.404494,0.264045,0.449438,0.376404,0.292135,0.387640,0.196629,0.370787,0.387640,0.202247,0.376404,0.275281,0.269663,0.292135,0.174157,0.269663
1.000000,0.000000,0.000000,-0.005556,0.322222,0.127778,0.505556,0.244444,0.566667,0.316667,0.500000,0.461111,0.483333,0.711111,0.622222,0.855556,0.683333,0.972222,0.722222,0.461111,0.355556,0.733333,0.411111,0.883333,0.405556,1.000000,0.366667,0.422222,0.255556,0.466667,0.372222,0.311111,0.394444,0.216667,0.383333,0.394444,0.188889,0.394444,0.266667,0.288889,0.283333,0.200000,0.261111
1.000000,0.000000,0.000000,-0.010989,0.313187,0.120879,0.494505,0.247253,0.532967,0.329670,0.478022,0.439560,0.500000,0.670330,0.648352,0.807692,0.714286,0.923077,0.758242,0.450549,0.362637,0.725275,0.417582,0.884615,0.406593,1.000000,0.368132,0.417582,0.258242,0.450549,0.357143,0.291209,0.373626,0.197802,0.368132,0.390110,0.181319,0.384615,0.252747,0.280220,0.269231,0.192308,0.252747
1.000000,0.000000,0.000000,-0.022099,0.314917,0.116022,0.491713,0.243094,0.535912,0.337017,0.497238,0.425414,0.513812,0.646409,0.679558,0.779006,0.751381,0.895028,0.806630,0.447514,0.375691,0.723757,0.441989,0.878453,0.430939,1.000000,0.397790,0.419890,0.270718,0.436464,0.381215,0.270718,0.392265,0.182320,0.381215,0.403315,0.198895,0.386740,0.281768,0.276243,0.281768,0.182320,0.254144
1.000000,0.000000,0.000000,-0.032967,0.302198,0.093407,0.489011,0.219780,0.554945,0.324176,0.532967,0.401099,0.505495,0.620879,0.703297,0.741758,0.791209,0.857143,0.862637,0.445055,0.379121,0.719780,0.467033,0.879121,0.483516,1.000000,0.461538,0.428571,0.280220,0.445055,0.412088,0.291209,0.428571,0.208791,0.423077,0.412088,0.214286,0.401099,0.313187,0.302198,0.324176,0.214286,0.291209
1.000000,0.000000,0.000000,-0.038674,0.292818,0.082873,0.480663,0.215470,0.546961,0.320442,0.541436,0.370166,0.513812,0.569061,0.729282,0.685083,0.828729,0.790055,0.911602,0.436464,0.386740,0.712707,0.508287,0.878453,0.546961,1.000000,0.541436,0.436464,0.298343,0.447514,0.441989,0.292818,0.447514,0.209945,0.430939,0.419890,0.232044,0.403315,0.342541,0.298343,0.342541,0.204420,0.309392
1.000000,0.000000,0.000000,-0.051429,0.302857,0.062857,0.491429,0.200000,0.560000,0.320000,0.565714,0.354286,0.554286,0.548571,0.777143,0.662857,0.891429,0.771429,0.977143,0.428571,0.422857,0.702857,0.554286,0.862857,0.594286,1.000000,0.588571,0.428571,0.325714,0.445714,0.468571,0.297143,0.474286,0.205714,0.457143,0.422857,0.257143,0.411429,0.360000,0.302857,0.360000,0.211429,0.325714
1.000000,0.000000,0.000000,-0.055866,0.279330,0.050279,0.480447,0.189944,0.564246,0.296089,0.575419,0.324022,0.547486,0.508380,0.787709,0.614525,0.910615,0.703911,1.000000,0.418994,0.430168,0.681564,0.569832,0.843575,0.631285,0.972067,0.636872,0.435754,0.329609,0.441341,0.463687,0.296089,0.469274,0.217877,0.452514,0.424581,0.251397,0.407821,0.357542,0.318436,0.357542,0.240223,0.329609
1.000000,0.000000,0.000000,-0.058824,0.256684,0.032086,0.449198,0.165775,0.534759,0.267380,0.550802,0.283422,0.518717,0.427807,0.780749,0.513369,0.909091,0.588235,1.000000,0.385027,0.411765,0.636364,0.588235,0.775401,0.657754,0.893048,0.673797,0.406417,0.320856,0.422460,0.465241,0.304813,0.481283,0.240642,0.459893,0.401070,0.245989,0.395722,0.368984,0.320856,0.374332,0.256684,0.342246
1.000000,0.000000,0.000000,-0.067010,0.237113,0.005155,0.417526,0.123711,0.505155,0.216495,0.536082,0.231959,0.510309,0.355670,0.768041,0.422680,0.902062,0.489691,1.000000,0.345361,0.412371,0.582474,0.592784,0.716495,0.680412,0.829897,0.716495,0.376289,0.329897,0.391753,0.474227,0.288660,0.484536,0.226804,0.458763,0.371134,0.252577,0.371134,0.376289,0.304124,0.381443,0.242268,0.350515
1.000000,0.000000,0.000000,-0.080402,0.226131,-0.025126,0.396985,0.090452,0.487437,0.185930,0.532663,0.190955,0.502513,0.286432,0.758794,0.341709,0.894472,0.396985,1.000000,0.306533,0.427136,0.527638,0.608040,0.653266,0.703518,0.763819,0.748744,0.346734,0.346734,0.366834,0.497487,0.276382,0.507538,0.216080,0.477387,0.351759,0.271357,0.341709,0.402010,0.276382,0.396985,0.221106,0.361809
1.000000,0.000000,0.000000,-0.087805,0.204878,-0.048780,0.380488,0.073171,0.478049,0.160976,0.531707,0.141463,0.492683,0.204878,0.756098,0.239024,0.897561,0.282927,1.000000,0.268293,0.429268,0.458537,0.634146,0.570732,0.741463,0.678049,0.804878,0.321951,0.360976,0.341463,0.517073,0.248780,0.526829,0.195122,0.487805,0.336585,0.287805,0.317073,0.419512,0.263415,0.409756,0.214634,0.365854
1.000000,0.000000,0.000000,-0.092233,0.189320,-0.063107,0.364078,0.048544,0.466019,0.135922,0.524272,0.097087,0.490291,0.131068,0.747573,0.155340,0.893204,0.184466,1.000000,0.233010,0.441748,0.398058,0.665049,0.500000,0.786408,0.597087,0.859223,0.296117,0.378641,0.320388,0.543689,0.237864,0.543689,0.184466,0.495146,0.315534,0.305825,0.300971,0.432039,0.242718,0.422330,0.199029,0.378641
1.000000,0.000000,0.000000,-0.101449,0.183575,-0.082126,0.362319,0.033816,0.463768,0.115942,0.516908,0.057971,0.478261,0.067633,0.743961,0.082126,0.893720,0.096618,1.000000,0.193237,0.439614,0.338164,0.685990,0.429952,0.821256,0.516908,0.908213,0.275362,0.386473,0.294686,0.570048,0.212560,0.555556,0.169082,0.502415,0.304348,0.323671,0.275362,0.449275,0.222222,0.429952,0.188406,0.381643
1.000000,0.000000,0.000000,-0.105263,0.181818,-0.086124,0.354067,0.023923,0.459330,0.105263,0.516746,0.028708,0.483254,0.014354,0.741627,0.019139,0.889952,0.023923,1.000000,0.162679,0.449761,0.287081,0.693780,0.363636,0.837321,0.440191,0.933014,0.253589,0.397129,0.267943,0.578947,0.191388,0.564593,0.148325,0.502392,0.291866,0.334928,0.258373,0.454545,0.205742,0.435407,0.172249,0.387560
1.000000,0.000000,0.000000,-0.116505,0.179612,-0.097087,0.354369,0.014563,0.466019,0.101942,0.524272,-0.004854,0.485437,-0.033981,0.742718,-0.038835,0.888350,-0.043689,1.000000,0.135922,0.456311,0.242718,0.718447,0.310680,0.868932,0.378641,0.970874,0.233010,0.407767,0.242718,0.601942,0.169903,0.563107,0.135922,0.495146,0.276699,0.349515,0.242718,0.475728,0.194175,0.441748,0.169903,0.388350
1.000000,0.000000,0.000000,-0.127451,0.176471,-0.112745,0.357843,-0.004902,0.475490,0.068627,0.549020,-0.034314,0.485294,-0.073529,0.740196,-0.093137,0.882353,-0.107843,0.990196,0.112745,0.465686,0.196078,0.735294,0.250000,0.887255,0.308824,1.000000,0.210784,0.416667,0.220588,0.617647,0.151961,0.578431,0.122549,0.504902,0.264706,0.362745,0.230392,0.490196,0.181373,0.455882,0.156863,0.401961
1.000000,0.000000,0.000000,-0.133005,0.172414,-0.123153,0.349754,-0.034483,0.477833,0.024631,0.561576,-0.059113,0.482759,-0.113300,0.729064,-0.142857,0.871921,-0.167488,0.975369,0.083744,0.467980,0.152709,0.738916,0.192118,0.891626,0.241379,1.000000,0.187192,0.428571,0.197044,0.630542,0.137931,0.586207,0.113300,0.517241,0.246305,0.374384,0.216749,0.512315,0.177340,0.477833,0.157635,0.423645
1.000000,0.000000,0.000000,-0.129808,0.168269,-0.120192,0.336538,-0.048077,0.466346,0.004808,0.548077,-0.091346,0.471154,-0.163462,0.701923,-0.201923,0.841346,-0.225962,0.942308,0.043269,0.461538,0.091346,0.735577,0.120192,0.889423,0.153846,1.000000,0.149038,0.427885,0.168269,0.639423,0.120192,0.586538,0.096154,0.519231,0.216346,0.384615,0.201923,0.514423,0.163462,0.475962,0.139423,0.427885
1.000000,0.000000,0.000000,-0.135922,0.169903,-0.126214,0.334951,-0.058252,0.466019,-0.004854,0.543689,-0.121359,0.475728,-0.208738,0.689320,-0.262136,0.825243,-0.291262,0.922330,0.004854,0.470874,0.033981,0.737864,0.048544,0.893204,0.067961,1.000000,0.121359,0.446602,0.135922,0.640777,0.092233,0.587379,0.072816,0.524272,0.199029,0.407767,0.174757,0.519417,0.135922,0.480583,0.116505,0.436893
1.000000,0.000000,0.000000,-0.142157,0.156863,-0.142157,0.318627,-0.078431,0.455882,-0.014706,0.534314,-0.147059,0.460784,-0.250000,0.671569,-0.313726,0.803922,-0.357843,0.897059,-0.024510,0.470588,-0.014706,0.735294,-0.019608,0.892157,-0.009804,1.000000,0.093137,0.450980,0.107843,0.647059,0.068627,0.588235,0.053922,0.524510,0.176471,0.416667,0.161765,0.529412,0.127451,0.485294,0.112745,0.436274
1.000000,0.000000,0.000000,-0.144279,0.159204,-0.149254,0.318408,-0.094527,0.447761,-0.039801,0.532338,-0.179104,0.447761,-0.298507,0.651741,-0.373134,0.781095,-0.427861,0.870647,-0.059701,0.462687,-0.074627,0.736318,-0.099502,0.890547,-0.099502,1.000000,0.059701,0.457711,0.074627,0.656716,0.044776,0.597015,0.024876,0.532338,0.154229,0.432836,0.139303,0.542289,0.109453,0.492537,0.094527,0.442786
1.000000,0.000000,0.000000,-0.160000,0.155000,-0.175000,0.310000,-0.135000,0.445000,-0.080000,0.520000,-0.210000,0.430000,-0.345000,0.635000,-0.435000,0.755000,-0.495000,0.845000,-0.095000,0.455000,-0.145000,0.730000,-0.180000,0.890000,-0.195000,1.000000,0.025000,0.455000,0.030000,0.670000,0.005000,0.605000,-0.010000,0.545000,0.120000,0.435000,0.105000,0.555000,0.075000,0.505000,0.065000,0.450000
1.000000,0.000000,0.000000,-0.168367,0.158163,-0.193878,0.311224,-0.168367,0.448980,-0.127551,0.535714,-0.239796,0.418367,-0.392857,0.617347,-0.489796,0.739796,-0.556122,0.821429,-0.132653,0.448980,-0.204082,0.729592,-0.260204,0.892857,-0.285714,1.000000,-0.010204,0.464286,-0.005102,0.683673,-0.025510,0.622449,-0.040816,0.561224,0.096939,0.448980,0.081633,0.581633,0.061224,0.520408,0.051020,0.464286
1.000000,0.000000,0.000000,-0.161458,0.156250,-0.197917,0.307292,-0.182292,0.432292,-0.145833,0.520833,-0.265625,0.427083,-0.432292,0.604167,-0.546875,0.713542,-0.625000,0.791667,-0.161458,0.458333,-0.260417,0.729167,-0.328125,0.895833,-0.364583,1.000000,-0.046875,0.473958,-0.041667,0.692708,-0.046875,0.635417,-0.057292,0.578125,0.062500,0.468750,0.052083,0.598958,0.036458,0.546875,0.031250,0.494792
1.000000,0.000000,0.000000,-0.177083,0.151042,-0.213542,0.296875,-0.208333,0.432292,-0.171875,0.520833,-0.281250,0.411458,-0.463542,0.588542,-0.583333,0.697917,-0.671875,0.770833,-0.192708,0.458333,-0.307292,0.723958,-0.385417,0.890625,-0.432292,1.000000,-0.072917,0.479167,-0.078125,0.708333,-0.083333,0.651042,-0.093750,0.593750,0.036458,0.473958,0.026042,0.625000,0.015625,0.562500,0.015625,0.510417
1.000000,0.000000,0.000000,-0.164835,0.153846,-0.214286,0.307692,-0.208791,0.434066,-0.181319,0.532967,-0.324176,0.428571,-0.521978,0.576923,-0.653846,0.675824,-0.752747,0.747253,-0.236264,0.467033,-0.362637,0.730769,-0.456044,0.890110,-0.516484,1.000000,-0.120879,0.489011,-0.126374,0.719780,-0.109890,0.653846,-0.109890,0.587912,-0.005495,0.500000,-0.005495,0.637363,-0.005495,0.576923,-0.005495,0.521978
1.000000,0.000000,0.000000,-0.180791,0.152542,-0.242938,0.305085,-0.248588,0.440678,-0.231638,0.542373,-0.355932,0.418079,-0.564972,0.564972,-0.706215,0.661017,-0.813559,0.728814,-0.271186,0.463277,-0.418079,0.728814,-0.525424,0.892655,-0.598870,1.000000,-0.146893,0.491525,-0.163842,0.734463,-0.141243,0.677966,-0.135593,0.615819,-0.033898,0.502825,-0.033898,0.661017,-0.028249,0.604520,-0.022599,0.559322
1.000000,0.000000,0.000000,-0.187135,0.157895,-0.257310,0.298246,-0.269006,0.432749,-0.269006,0.532164,-0.391813,0.426901,-0.614035,0.555556,-0.760234,0.649123,-0.871345,0.707602,-0.309942,0.467836,-0.473684,0.730994,-0.584795,0.888889,-0.672515,1.000000,-0.187135,0.497076,-0.204678,0.742690,-0.169591,0.690058,-0.157895,0.631579,-0.070175,0.520468,-0.058480,0.672515,-0.046784,0.619883,-0.040936,0.573099
1.000000,0.000000,0.000000,-0.207317,0.158537,-0.286585,0.323171,-0.292683,0.475610,-0.280488,0.597561,-0.432927,0.420732,-0.670732,0.554878,-0.829268,0.640244,-0.945122,0.701219,-0.341463,0.469512,-0.530488,0.731707,-0.664634,0.890244,-0.756098,1.000000,-0.213415,0.512195,-0.243902,0.774390,-0.201220,0.719512,-0.182927,0.658537,-0.097561,0.542683,-0.091463,0.713415,-0.079268,0.658537,-0.067073,0.609756
1.000000,0.000000,0.000000,-0.212500,0.156250,-0.300000,0.318750,-0.312500,0.462500,-0.306250,0.581250,-0.475000,0.406250,-0.718750,0.525000,-0.881250,0.600000,-1.000000,0.656250,-0.381250,0.462500,-0.587500,0.712500,-0.731250,0.862500,-0.837500,0.968750,-0.256250,0.506250,-0.293750,0.762500,-0.237500,0.712500,-0.212500,0.656250,-0.131250,0.543750,-0.131250,0.706250,-0.106250,0.656250,-0.093750,0.618750
1.000000,0.000000,0.000000,-0.228916,0.120482,-0.331325,0.277108,-0.355422,0.433735,-0.337349,0.542169,-0.463855,0.355422,-0.716867,0.475904,-0.879518,0.554217,-1.000000,0.602410,-0.385542,0.421687,-0.602410,0.662651,-0.753012,0.807229,-0.855422,0.909639,-0.271084,0.481928,-0.325301,0.740964,-0.271084,0.686747,-0.246988,0.626506,-0.150602,0.518072,-0.168675,0.692771,-0.144578,0.644578,-0.132530,0.596386
1.000000,0.000000,0.000000,-0.207101,0.118343,-0.313609,0.254438,-0.343195,0.396450,-0.337278,0.497041,-0.473373,0.331361,-0.721893,0.431953,-0.881657,0.497041,-1.000000,0.538462,-0.402367,0.396450,-0.627219,0.615385,-0.775148,0.751479,-0.881657,0.840237,-0.295858,0.455621,-0.349112,0.698225,-0.284024,0.662722,-0.248521,0.615385,-0.183432,0.502959,-0.189349,0.668639,-0.153846,0.639053,-0.136095,0.609467
1.000000,0.000000,0.000000,-0.220930,0.098837,-0.331395,0.226744,-0.366279,0.366279,-0.366279,0.470930,-0.476744,0.302326,-0.720930,0.395349,-0.883721,0.447674,-1.000000,0.488372,-0.412791,0.377907,-0.645349,0.581395,-0.802326,0.703488,-0.912791,0.790698,-0.308140,0.441860,-0.377907,0.686047,-0.313953,0.651163,-0.284884,0.598837,-0.203488,0.488372,-0.220930,0.656977,-0.186047,0.627907,-0.174419,0.598837
1.000000,0.000000,0.000000,-0.224138,0.080460,-0.339080,0.201149,-0.379310,0.339080,-0.373563,0.431034,-0.477012,0.275862,-0.729885,0.362069,-0.885057,0.408046,-1.000000,0.442529,-0.419540,0.344828,-0.666667,0.545977,-0.827586,0.660920,-0.936782,0.735632,-0.321839,0.413793,-0.408046,0.660920,-0.333333,0.632184,-0.298851,0.586207,-0.212644,0.465517,-0.247126,0.643678,-0.201149,0.626437,-0.183908,0.597701
1.000000,0.000000,0.000000,-0.223464,0.067039,-0.340782,0.178771,-0.391061,0.318436,-0.391061,0.413408,-0.486034,0.234637,-0.737430,0.312849,-0.888268,0.357542,-1.000000,0.379888,-0.435754,0.312849,-0.687151,0.491620,-0.849162,0.592179,-0.955307,0.659218,-0.346369,0.391061,-0.435754,0.620112,-0.368715,0.597765,-0.324022,0.558659,-0.245810,0.446927,-0.279330,0.614525,-0.234637,0.603352,-0.217877,0.581006
1.000000,0.000000,0.000000,-0.230769,0.043956,-0.357143,0.137363,-0.423077,0.258242,-0.439560,0.351648,-0.483516,0.192308,-0.736264,0.263736,-0.890110,0.296703,-1.000000,0.324176,-0.450549,0.274725,-0.708791,0.434066,-0.873626,0.532967,-0.983516,0.593407,-0.362637,0.357143,-0.472527,0.576923,-0.412088,0.565934,-0.368132,0.521978,-0.263736,0.423077,-0.313187,0.582418,-0.274725,0.576923,-0.247253,0.554945
1.000000,0.000000,0.000000,-0.209677,0.026882,-0.333333,0.102151,-0.413978,0.215054,-0.451613,0.290323,-0.489247,0.150538,-0.725806,0.204301,-0.876344,0.231183,-0.983871,0.252688,-0.462366,0.231183,-0.720430,0.370968,-0.892473,0.451613,-1.000000,0.500000,-0.387097,0.322581,-0.505376,0.526882,-0.440860,0.521505,-0.403226,0.489247,-0.295699,0.387097,-0.349462,0.543011,-0.306452,0.537634,-0.284946,0.521505
1.000000,0.000000,0.000000,-0.195767,0.037037,-0.328042,0.121693,-0.391534,0.253968,-0.407407,0.343915,-0.476190,0.116402,-0.703704,0.164021,-0.846561,0.179894,-0.952381,0.190476,-0.449735,0.201058,-0.714286,0.312169,-0.878307,0.380952,-1.000000,0.428571,-0.386243,0.291005,-0.523810,0.492063,-0.449735,0.481481,-0.402116,0.444444,-0.301587,0.365079,-0.365079,0.513228,-0.322751,0.507937,-0.301587,0.486772
1.000000,0.000000,0.000000,-0.194737,0.010526,-0.331579,0.073684,-0.405263,0.184211,-0.426316,0.268421,-0.473684,0.078947,-0.694737,0.105263,-0.836842,0.110526,-0.942105,0.115789,-0.457895,0.163158,-0.721053,0.257895,-0.889474,0.315789,-1.000000,0.357895,-0.400000,0.252632,-0.547368,0.442105,-0.468421,0.436842,-0.415789,0.410526,-0.326316,0.326316,-0.400000,0.478947,-0.347368,0.484211,-0.321053,0.473684
1.000000,0.000000,0.000000,-0.191710,0.010363,-0.326425,0.062176,-0.404145,0.165803,-0.435233,0.243523,-0.471503,0.041451,-0.683938,0.056995,-0.813471,0.051813,-0.917098,0.041451,-0.461140,0.113990,-0.720207,0.202073,-0.886010,0.248705,-1.000000,0.279793,-0.409326,0.207254,-0.559586,0.393782,-0.487047,0.409326,-0.435233,0.398964,-0.347150,0.284974,-0.419689,0.430052,-0.373057,0.455959,-0.341969,0.455959
1.000000,0.000000,0.000000,-0.189744,-0.020513,-0.328205,0.030769,-0.415385,0.128205,-0.446154,0.215385,-0.456410,0.005128,-0.671795,0.015385,-0.800000,0.005128,-0.897436,0.005128,-0.456410,0.087179,-0.712821,0.148718,-0.876923,0.184615,-1.000000,0.210256,-0.410256,0.179487,-0.579487,0.348718,-0.502564,0.369231,-0.441026,0.353846,-0.353846,0.261538,-0.430769,0.394872,-0.389744,0.420513,-0.358974,0.420513
1.000000,0.000000,0.000000,-0.196891,-0.036269,-0.352332,0.010363,-0.430052,0.113990,-0.461140,0.202073,-0.440415,-0.031088,-0.652850,-0.036269,-0.777202,-0.046632,-0.875648,-0.051813,-0.450777,0.056995,-0.720207,0.093264,-0.880829,0.129534,-1.000000,0.155440,-0.419689,0.150259,-0.601036,0.305699,-0.528497,0.321244,-0.461140,0.305699,-0.357513,0.238342,-0.455959,0.362694,-0.419689,0.388601,-0.383420,0.388601
1.000000,0.000000,0.000000,-0.196891,-0.067358,-0.357513,-0.036269,-0.440415,0.062176,-0.471503,0.150259,-0.445596,-0.062176,-0.637306,-0.088083,-0.756477,-0.098446,-0.849741,-0.113990,-0.466321,0.025907,-0.725389,0.046632,-0.880829,0.067358,-1.000000,0.082902,-0.435233,0.113990,-0.606218,0.248705,-0.533679,0.269430,-0.461140,0.253886,-0.373057,0.202073,-0.471503,0.316062,-0.445596,0.352332,-0.409326,0.362694
1.000000,0.000000,0.000000,-0.187500,-0.062500,-0.354167,-0.036458,-0.447917,0.057292,-0.500000,0.145833,-0.447917,-0.078125,-0.645833,-0.119792,-0.760417,-0.140625,-0.854167,-0.156250,-0.473958,0.000000,-0.723958,0.005208,-0.875000,0.015625,-1.000000,0.026042,-0.453125,0.078125,-0.640625,0.218750,-0.578125,0.276042,-0.510417,0.281250,-0.390625,0.166667,-0.489583,0.286458,-0.463542,0.338542,-0.427083,0.354167
1.000000,0.000000,0.000000,-0.174603,-0.079365,-0.338624,-0.074074,-0.433862,0.000000,-0.481481,0.074074,-0.439153,-0.105820,-0.634921,-0.153439,-0.746032,-0.185185,-0.841270,-0.201058,-0.470899,-0.026455,-0.724868,-0.037037,-0.878307,-0.031746,-1.000000,-0.021164,-0.455026,0.063492,-0.640212,0.190476,-0.576720,0.248677,-0.507937,0.269841,-0.402116,0.158730,-0.502645,0.275132,-0.476190,0.322751,-0.444444,0.333333
1.000000,0.000000,0.000000,-0.181818,-0.090909,-0.347594,-0.090909,-0.427807,-0.016043,-0.470588,0.069519,-0.438503,-0.122995,-0.631016,-0.181818,-0.743316,-0.213904,-0.828877,-0.240642,-0.470588,-0.037433,-0.727273,-0.058824,-0.877005,-0.058824,-1.000000,-0.058824,-0.459893,0.064171,-0.647059,0.171123,-0.572192,0.213904,-0.497326,0.213904,-0.411765,0.165775,-0.513369,0.278075,-0.481283,0.304813,-0.438503,0.304813
1.000000,0.000000,0.000000,-0.176471,-0.101604,-0.320856,-0.112299,-0.422460,-0.048128,-0.470588,0.021390,-0.443850,-0.139037,-0.631016,-0.203209,-0.748663,-0.245989,-0.834225,-0.278075,-0.475936,-0.053476,-0.732620,-0.085561,-0.893048,-0.090909,-1.000000,-0.101604,-0.465241,0.053476,-0.663102,0.149733,-0.577540,0.192513,-0.502674,0.192513,-0.427807,0.155080,-0.534759,0.262032,-0.475936,0.283422,-0.433155,0.267380
1.000000,0.000000,0.000000,-0.164021,-0.079365,-0.296296,-0.089947,-0.407407,-0.047619,-0.486772,-0.010582,-0.455026,-0.148148,-0.629630,-0.227513,-0.746032,-0.275132,-0.825397,-0.312169,-0.481481,-0.074074,-0.730159,-0.111111,-0.894180,-0.126984,-1.000000,-0.137566,-0.465608,0.031746,-0.650794,0.121693,-0.576720,0.169312,-0.513228,0.174603,-0.439153,0.137566,-0.544974,0.227513,-0.486772,0.248677,-0.439153,0.253968
1.000000,0.000000,0.000000,-0.192708,-0.109375,-0.333333,-0.104167,-0.432292,-0.052083,-0.484375,0.010417,-0.437500,-0.140625,-0.630208,-0.203125,-0.744792,-0.250000,-0.833333,-0.281250,-0.479167,-0.057292,-0.734375,-0.088542,-0.895833,-0.098958,-1.000000,-0.104167,-0.468750,0.046875,-0.645833,0.145833,-0.578125,0.187500,-0.520833,0.187500,-0.427083,0.151042,-0.536458,0.255208,-0.489583,0.291667,-0.442708,0.291667
1.000000,0.000000,0.000000,-0.179894,-0.089947,-0.349206,-0.079365,-0.417989,0.010582,-0.455026,0.105820,-0.439153,-0.116402,-0.634921,-0.190476,-0.746032,-0.232804,-0.835979,-0.264550,-0.476190,-0.026455,-0.724868,-0.058201,-0.878307,-0.068783,-1.000000,-0.074074,-0.460317,0.068783,-0.634921,0.185185,-0.555556,0.222222,-0.481481,0.222222,-0.407407,0.164021,-0.507937,0.285714,-0.470899,0.328042,-0.428571,0.328042
1.000000,0.000000,0.000000,-0.184211,-0.073684,-0.352632,-0.047368,-0.436842,0.047368,-0.478947,0.136842,-0.452632,-0.078947,-0.652632,-0.142105,-0.768421,-0.178947,-0.868421,-0.210526,-0.478947,0.010526,-0.721053,-0.005263,-0.873684,0.000000,-1.000000,0.010526,-0.452632,0.100000,-0.621053,0.242105,-0.552632,0.284211,-0.484211,0.273684,-0.389474,0.194737,-0.489474,0.326316,-0.452632,0.352632,-0.410526,0.336842
1.000000,0.000000,0.000000,-0.193717,-0.068063,-0.345550,-0.036649,-0.424084,0.057592,-0.455497,0.151832,-0.455497,-0.047120,-0.659686,-0.089005,-0.785340,-0.125654,-0.879581,-0.157068,-0.471204,0.041885,-0.722513,0.057592,-0.879581,0.073298,-1.000000,0.083770,-0.434555,0.136126,-0.602094,0.287958,-0.534031,0.314136,-0.476440,0.293194,-0.371728,0.225131,-0.471204,0.361257,-0.424084,0.382199,-0.387435,0.361257
1.000000,0.000000,0.000000,-0.178010,-0.057592,-0.329843,-0.020942,-0.413613,0.083770,-0.445026,0.178010,-0.445026,-0.026178,-0.654450,-0.057592,-0.785340,-0.083770,-0.884817,-0.115183,-0.460733,0.062827,-0.722513,0.104712,-0.879581,0.136126,-1.000000,0.157068,-0.424084,0.157068,-0.586387,0.314136,-0.544503,0.361257,-0.497382,0.361257,-0.356021,0.246073,-0.455497,0.376963,-0.424084,0.403141,-0.382199,0.392670
1.000000,0.000000,0.000000,-0.206349,-0.037037,-0.354497,0.015873,-0.423280,0.126984,-0.444444,0.222222,-0.465608,0.021164,-0.687831,0.010582,-0.835979,0.005291,-0.947090,0.000000,-0.455026,0.116402,-0.708995,0.195767,-0.878307,0.248677,-1.000000,0.291005,-0.402116,0.206349,-0.550265,0.386243,-0.492063,0.386243,-0.444444,0.343915,-0.322751,0.285714,-0.407407,0.433862,-0.365079,0.428571,-0.333333,0.380952
1.000000,0.000000,0.000000,-0.222826,-0.016304,-0.358696,0.048913,-0.445652,0.157609,-0.478261,0.244565,-0.505435,0.070652,-0.733696,0.081522,-0.880435,0.076087,-0.994565,0.076087,-0.472826,0.157609,-0.722826,0.277174,-0.891304,0.347826,-1.000000,0.402174,-0.402174,0.255435,-0.554348,0.445652,-0.494565,0.423913,-0.451087,0.375000,-0.315217,0.331522,-0.396739,0.472826,-0.353261,0.445652,-0.331522,0.391304
1.000000,0.000000,0.000000,-0.227027,0.010811,-0.362162,0.086486,-0.432432,0.200000,-0.454054,0.291892,-0.508108,0.118919,-0.735135,0.151351,-0.881081,0.162162,-1.000000,0.167568,-0.459459,0.210811,-0.686486,0.356757,-0.832432,0.448649,-0.935135,0.518919,-0.372973,0.302703,-0.502703,0.497297,-0.454054,0.454054,-0.421622,0.394595,-0.275676,0.362162,-0.345946,0.491892,-0.313514,0.454054,-0.297297,0.400000
1.000000,0.000000,0.000000,-0.244565,0.016304,-0.375000,0.103261,-0.445652,0.228261,-0.461957,0.326087,-0.510870,0.163043,-0.739130,0.222826,-0.885870,0.255435,-1.000000,0.277174,-0.445652,0.255435,-0.657609,0.445652,-0.788043,0.559783,-0.864130,0.641304,-0.347826,0.342391,-0.467391,0.543478,-0.434783,0.494565,-0.407609,0.429348,-0.244565,0.396739,-0.326087,0.521739,-0.304348,0.472826,-0.282609,0.418478
1.000000,0.000000,0.000000,-0.250000,0.038889,-0.388889,0.138889,-0.444444,0.272222,-0.450000,0.377778,-0.505556,0.211111,-0.738889,0.283333,-0.888889,0.333333,-1.000000,0.366667,-0.427778,0.294444,-0.627778,0.511111,-0.744444,0.638889,-0.811111,0.733333,-0.322222,0.377778,-0.444444,0.600000,-0.411111,0.538889,-0.383333,0.472222,-0.211111,0.422222,-0.300000,0.555556,-0.283333,0.511111,-0.266667,0.444444
1.000000,0.000000,0.000000,-0.262857,0.034286,-0.405714,0.160000,-0.462857,0.308571,-0.468571,0.422857,-0.514286,0.257143,-0.742857,0.354286,-0.891429,0.411429,-1.000000,0.462857,-0.417143,0.342857,-0.588571,0.594286,-0.685714,0.737143,-0.742857,0.840000,-0.297143,0.411429,-0.411429,0.640000,-0.400000,0.577143,-0.371429,0.502857,-0.177143,0.445714,-0.274286,0.577143,-0.268571,0.525714,-0.251429,0.457143
1.000000,0.000000,0.000000,-0.261905,0.047619,-0.398810,0.190476,-0.452381,0.345238,-0.470238,0.464286,-0.517857,0.303571,-0.750000,0.416667,-0.892857,0.488095,-1.000000,0.547619,-0.404762,0.386905,-0.541667,0.660714,-0.625000,0.821429,-0.672619,0.934524,-0.273810,0.446429,-0.375000,0.672619,-0.375000,0.613095,-0.357143,0.547619,-0.160714,0.476190,-0.244048,0.589286,-0.250000,0.535714,-0.244048,0.482143
1.000000,0.000000,0.000000,-0.251534,0.067485,-0.386503,0.220859,-0.435583,0.386503,-0.460123,0.509202,-0.503067,0.337423,-0.736196,0.472393,-0.877301,0.558282,-0.981595,0.638037,-0.380368,0.417178,-0.496933,0.717791,-0.570552,0.883436,-0.607362,1.000000,-0.239264,0.472393,-0.343558,0.705521,-0.349693,0.650307,-0.337423,0.588957,-0.128834,0.503067,-0.214724,0.613497,-0.226994,0.558282,-0.220859,0.503067
1.000000,0.000000,0.000000,-0.236994,0.075145,-0.364162,0.231214,-0.416185,0.387283,-0.456647,0.508671,-0.456647,0.358382,-0.664740,0.491329,-0.797688,0.589595,-0.890173,0.670520,-0.335260,0.416185,-0.421965,0.699422,-0.473988,0.878613,-0.491329,1.000000,-0.202312,0.450867,-0.283237,0.682081,-0.306358,0.647399,-0.300578,0.601156,-0.092486,0.473988,-0.173410,0.589595,-0.190751,0.543353,-0.196532,0.497110
1.000000,0.000000,0.000000,-0.220430,0.080645,-0.333333,0.236559,-0.354839,0.408602,-0.360215,0.532258,-0.392473,0.360215,-0.569892,0.521505,-0.682796,0.629032,-0.758065,0.720430,-0.274194,0.408602,-0.327957,0.698925,-0.354839,0.870968,-0.349462,1.000000,-0.150538,0.435484,-0.215054,0.672043,-0.231183,0.634409,-0.225806,0.569892,-0.048387,0.440860,-0.118280,0.569892,-0.134409,0.526882,-0.139785,0.473118
1.000000,0.000000,0.000000,-0.205128,0.071795,-0.297436,0.235897,-0.302564,0.410256,-0.292308,0.528205,-0.328205,0.369231,-0.487179,0.553846,-0.569231,0.676923,-0.625641,0.779487,-0.210256,0.415385,-0.230769,0.707692,-0.230769,0.871795,-0.210256,1.000000,-0.097436,0.430769,-0.138462,0.661538,-0.164103,0.610256,-0.158974,0.543590,0.000000,0.420513,-0.056410,0.553846,-0.076923,0.512821,-0.087179,0.451282
1.000000,0.000000,0.000000,-0.195980,0.085427,-0.271357,0.256281,-0.266332,0.432161,-0.256281,0.547739,-0.286432,0.402010,-0.417085,0.597990,-0.482412,0.723618,-0.522613,0.829146,-0.165829,0.437186,-0.155779,0.713568,-0.130653,0.874372,-0.095477,1.000000,-0.055276,0.437186,-0.080402,0.653266,-0.110553,0.603015,-0.115578,0.537688,0.035176,0.417085,-0.020101,0.547739,-0.045226,0.507538,-0.060302,0.452261
1.000000,0.000000,0.000000,-0.190000,0.085000,-0.260000,0.260000,-0.235000,0.430000,-0.205000,0.540000,-0.255000,0.420000,-0.370000,0.630000,-0.425000,0.760000,-0.450000,0.860000,-0.130000,0.450000,-0.095000,0.730000,-0.060000,0.880000,-0.015000,1.000000,-0.025000,0.440000,-0.045000,0.630000,-0.080000,0.580000,-0.090000,0.515000,0.060000,0.410000,0.005000,0.520000,-0.020000,0.480000,-0.035000,0.425000
1.000000,0.000000,0.000000,-0.185000,0.100000,-0.240000,0.270000,-0.200000,0.435000,-0.180000,0.545000,-0.225000,0.440000,-0.320000,0.665000,-0.355000,0.805000,-0.365000,0.915000,-0.100000,0.465000,-0.035000,0.730000,0.020000,0.885000,0.080000,1.000000,0.000000,0.445000,-0.005000,0.620000,-0.050000,0.570000,-0.065000,0.505000,0.080000,0.400000,0.040000,0.505000,0.015000,0.470000,0.000000,0.415000
1.000000,0.000000,0.000000,-0.181818,0.101010,-0.237374,0.272727,-0.186869,0.424242,-0.161616,0.520202,-0.186869,0.459596,-0.267677,0.696970,-0.292929,0.838384,-0.297980,0.949495,-0.060606,0.469697,0.020202,0.737374,0.080808,0.888889,0.146465,1.000000,0.030303,0.439394,0.010101,0.595960,-0.045455,0.545455,-0.065657,0.484848,0.101010,0.383838,0.050505,0.479798,0.020202,0.439394,0.005051,0.378788
1.000000,0.000000,0.000000,-0.186869,0.116162,-0.232323,0.292929,-0.176768,0.439394,-0.146465,0.545455,-0.171717,0.479798,-0.242424,0.722222,-0.262626,0.858586,-0.267677,0.974747,-0.045455,0.479798,0.040404,0.747475,0.106061,0.893939,0.176768,1.000000,0.035354,0.444444,0.005051,0.590909,-0.060606,0.540404,-0.085859,0.494949,0.101010,0.393939,0.035354,0.479798,0.000000,0.439394,-0.020202,0.378788
1.000000,0.000000,0.000000,-0.186869,0.111111,-0.237374,0.292929,-0.176768,0.449495,-0.136364,0.550505,-0.156566,0.489899,-0.207071,0.732323,-0.217172,0.873737,-0.212121,0.989899,-0.030303,0.489899,0.070707,0.742424,0.141414,0.893939,0.217172,1.000000,0.050505,0.449495,0.030303,0.575758,-0.040404,0.520202,-0.070707,0.464646,0.111111,0.388889,0.065657,0.469697,0.025253,0.424242,0.005051,0.368687
1.000000,0.000000,0.000000,-0.185000,0.100000,-0.250000,0.295000,-0.175000,0.450000,-0.095000,0.525000,-0.130000,0.485000,-0.155000,0.745000,-0.140000,0.890000,-0.120000,1.000000,0.000000,0.485000,0.105000,0.730000,0.175000,0.880000,0.250000,0.980000,0.070000,0.440000,0.045000,0.545000,-0.040000,0.490000,-0.075000,0.430000,0.120000,0.380000,0.070000,0.455000,0.030000,0.415000,0.005000,0.360000
1.000000,0.000000,0.000000,-0.208738,0.106796,-0.271845,0.300971,-0.218447,0.441748,-0.145631,0.504854,-0.097087,0.480583,-0.097087,0.752427,-0.082524,0.888350,-0.058252,1.000000,0.024272,0.475728,0.111650,0.718447,0.169903,0.859223,0.228155,0.956311,0.077670,0.432039,-0.009709,0.529126,-0.111650,0.475728,-0.155340,0.422330,0.101942,0.383495,-0.004854,0.451456,-0.063107,0.412621,-0.092233,0.354369
1.000000,0.000000,0.000000,-0.199052,0.118483,-0.265403,0.298578,-0.255924,0.440758,-0.184834,0.502370,-0.066351,0.483412,-0.061611,0.753555,-0.047393,0.886256,-0.028436,1.000000,0.037915,0.464455,0.099526,0.696682,0.142180,0.838863,0.194313,0.928910,0.080569,0.407583,-0.009479,0.535545,-0.123223,0.488152,-0.180095,0.431280,0.099526,0.360190,-0.014218,0.445498,-0.090047,0.412322,-0.132701,0.350711
1.000000,0.000000,0.000000,-0.183962,0.113208,-0.254717,0.297170,-0.268868,0.433962,-0.212264,0.481132,-0.028302,0.485849,-0.018868,0.745283,-0.004717,0.886792,0.018868,1.000000,0.042453,0.462264,0.084906,0.674528,0.113208,0.811321,0.146226,0.896226,0.070755,0.410377,-0.033019,0.518868,-0.141509,0.476415,-0.202830,0.424528,0.070755,0.367925,-0.056604,0.424528,-0.136792,0.386792,-0.179245,0.325472
1.000000,0.000000,0.000000,-0.177885,0.110577,-0.264423,0.302885,-0.312500,0.447115,-0.269231,0.504808,-0.009615,0.490385,0.019231,0.725962,0.043269,0.860577,0.072115,0.975962,0.019231,0.485577,0.024038,0.721154,0.019231,0.879808,0.033654,1.000000,0.019231,0.456731,-0.134615,0.576923,-0.230769,0.490385,-0.250000,0.418269,0.000000,0.418269,-0.163462,0.471154,-0.225962,0.403846,-0.225962,0.326923
1.000000,0.000000,0.000000,-0.147619,0.142857,-0.228571,0.309524,-0.280952,0.428571,-0.266667,0.495238,0.019048,0.514286,0.033333,0.738095,0.057143,0.885714,0.080952,1.000000,0.014286,0.466667,-0.147619,0.571429,-0.223810,0.490476,-0.223810,0.414286,-0.019048,0.423810,-0.176190,0.514286,-0.233333,0.419048,-0.209524,0.366667,-0.052381,0.380952,-0.195238,0.428571,-0.228571,0.366667,-0.204762,0.319048
1.000000,0.000000,0.000000,-0.125000,0.153846,-0.211538,0.326923,-0.288462,0.427885,-0.312500,0.485577,0.009615,0.524038,0.033654,0.740385,0.067308,0.889423,0.096154,1.000000,-0.019231,0.480769,-0.048077,0.677885,-0.038462,0.788462,-0.009615,0.875000,-0.057692,0.427885,-0.211538,0.543269,-0.283654,0.461538,-0.288462,0.408654,-0.100962,0.375000,-0.230769,0.427885,-0.274038,0.365385,-0.264423,0.302885
1.000000,0.000000,0.000000,-0.101942,0.150485,-0.189320,0.330097,-0.266990,0.436893,-0.310680,0.509709,0.014563,0.514563,0.033981,0.742718,0.058252,0.888350,0.077670,1.000000,-0.009709,0.500000,0.033981,0.723301,0.058252,0.873786,0.082524,0.985437,-0.053398,0.456311,-0.203883,0.587379,-0.315534,0.509709,-0.354369,0.436893,-0.097087,0.402913,-0.233010,0.456311,-0.300971,0.398058,-0.300971,0.315534
1.000000,0.000000,0.000000,-0.043902,0.160976,-0.121951,0.331707,-0.224390,0.439024,-0.287805,0.517073,0.034146,0.526829,0.068293,0.746341,0.102439,0.892683,0.126829,1.000000,-0.048780,0.512195,-0.039024,0.717073,-0.043902,0.839024,-0.063415,0.921951,-0.121951,0.463415,-0.239024,0.575610,-0.307317,0.502439,-0.336585,0.429268,-0.175610,0.395122,-0.273171,0.482927,-0.326829,0.434146,-0.341463,0.365854
1.000000,0.000000,0.000000,-0.033493,0.167464,-0.105263,0.334928,-0.215311,0.454545,-0.277512,0.535885,0.052632,0.540670,0.086124,0.755981,0.119617,0.894737,0.143541,1.000000,-0.043062,0.516746,-0.052632,0.717703,-0.066986,0.842105,-0.081340,0.928230,-0.114833,0.454545,-0.244019,0.574163,-0.301435,0.488038,-0.320574,0.411483,-0.172249,0.382775,-0.277512,0.473684,-0.320574,0.411483,-0.325359,0.334928
1.000000,0.000000,0.000000,-0.004785,0.157895,-0.062201,0.325359,-0.181818,0.444976,-0.253589,0.540670,0.062201,0.540670,0.100478,0.751196,0.129187,0.889952,0.148325,1.000000,-0.043062,0.516746,-0.066986,0.722488,-0.095694,0.842105,-0.119617,0.928230,-0.119617,0.454545,-0.239234,0.578947,-0.282297,0.488038,-0.291866,0.401914,-0.177033,0.373206,-0.267943,0.468900,-0.306220,0.406699,-0.301435,0.325359
1.000000,0.000000,0.000000,0.028571,0.161905,-0.028571,0.333333,-0.171429,0.442857,-0.266667,0.528571,0.066667,0.542857,0.104762,0.752381,0.128571,0.890476,0.147619,1.000000,-0.057143,0.519048,-0.090476,0.728571,-0.123810,0.842857,-0.152381,0.933333,-0.138095,0.447619,-0.247619,0.566667,-0.252381,0.466667,-0.233333,0.390476,-0.195238,0.352381,-0.285714,0.452381,-0.285714,0.385714,-0.252381,0.309524
1.000000,0.000000,0.000000,0.052885,0.158654,0.009615,0.331731,-0.139423,0.442308,-0.245192,0.524038,0.081731,0.548077,0.129808,0.754808,0.158654,0.894231,0.182692,1.000000,-0.048077,0.528846,-0.096154,0.730769,-0.129808,0.855769,-0.158654,0.947115,-0.139423,0.451923,-0.240385,0.572115,-0.235577,0.475962,-0.216346,0.389423,-0.206731,0.355769,-0.288462,0.447115,-0.278846,0.379808,-0.245192,0.307692
1.000000,0.000000,0.000000,0.066667,0.157143,0.033333,0.333333,-0.114286,0.452381,-0.223810,0.523810,0.100000,0.552381,0.152381,0.757143,0.180952,0.895238,0.204762,1.000000,-0.033333,0.533333,-0.090476,0.742857,-0.133333,0.866667,-0.166667,0.966667,-0.128571,0.457143,-0.228571,0.566667,-0.209524,0.452381,-0.180952,0.361905,-0.195238,0.352381,-0.261905,0.423810,-0.238095,0.347619,-0.204762,0.276190
1.000000,0.000000,0.000000,0.089623,0.146226,0.084906,0.325472,-0.061321,0.443396,-0.174528,0.500000,0.113208,0.542453,0.169811,0.750000,0.202830,0.886792,0.221698,1.000000,-0.018868,0.533019,-0.080189,0.745283,-0.127358,0.872642,-0.174528,0.981132,-0.117925,0.466981,-0.212264,0.556604,-0.174528,0.424528,-0.136792,0.325472,-0.188679,0.367925,-0.250000,0.419811,-0.212264,0.334906,-0.174528,0.259434
1.000000,0.000000,0.000000,0.094340,0.146226,0.099057,0.325472,-0.042453,0.443396,-0.155660,0.495283,0.122642,0.542453,0.179245,0.750000,0.212264,0.882075,0.231132,1.000000,-0.009434,0.537736,-0.075472,0.745283,-0.127358,0.882075,-0.174528,0.995283,-0.113208,0.466981,-0.207547,0.556604,-0.160377,0.419811,-0.122642,0.311321,-0.188679,0.372642,-0.245283,0.424528,-0.202830,0.334906,-0.165094,0.250000
1.000000,0.000000,0.000000,0.108491,0.136792,0.117925,0.316038,-0.018868,0.433962,-0.132075,0.485849,0.132075,0.542453,0.183962,0.745283,0.216981,0.882075,0.235849,0.995283,-0.004717,0.537736,-0.070755,0.750000,-0.132075,0.886792,-0.183962,1.000000,-0.113208,0.466981,-0.198113,0.556604,-0.150943,0.415094,-0.108491,0.301887,-0.188679,0.372642,-0.240566,0.424528,-0.198113,0.330189,-0.155660,0.240566
1.000000,0.000000,0.000000,0.111628,0.116279,0.130233,0.293023,0.000000,0.404651,-0.106977,0.446512,0.120930,0.525581,0.181395,0.730233,0.213953,0.865116,0.232558,0.981395,-0.009302,0.525581,-0.079070,0.744186,-0.139535,0.883721,-0.195349,1.000000,-0.111628,0.465116,-0.195349,0.548837,-0.144186,0.409302,-0.106977,0.293023,-0.190698,0.367442,-0.241860,0.423256,-0.195349,0.330233,-0.162791,0.241860
1.000000,0.000000,0.000000,0.114155,0.109589,0.146119,0.278539,0.027397,0.388128,-0.082192,0.424658,0.114155,0.520548,0.178082,0.721461,0.210046,0.853881,0.228310,0.968037,-0.013699,0.520548,-0.082192,0.739726,-0.141553,0.881279,-0.196347,1.000000,-0.114155,0.452055,-0.182648,0.543379,-0.132420,0.406393,-0.095890,0.292237,-0.191781,0.351598,-0.228310,0.415525,-0.178082,0.324201,-0.141553,0.237443
1.000000,0.000000,0.000000,0.117647,0.104072,0.162896,0.276018,0.049774,0.380091,-0.067873,0.407240,0.104072,0.511312,0.162896,0.714932,0.199095,0.846154,0.217195,0.959276,-0.022624,0.506787,-0.095023,0.733032,-0.153846,0.877828,-0.217195,1.000000,-0.126697,0.438914,-0.185520,0.520362,-0.122172,0.393665,-0.081448,0.285068,-0.208145,0.339367,-0.230769,0.398190,-0.171946,0.312217,-0.135747,0.226244
1.000000,0.000000,0.000000,0.130045,0.098655,0.192825,0.273543,0.080717,0.376682,-0.040359,0.390135,0.112108,0.520179,0.179372,0.721973,0.210762,0.847534,0.233184,0.959641,-0.013453,0.511211,-0.080717,0.735426,-0.139013,0.883408,-0.192825,1.000000,-0.116592,0.443946,-0.152466,0.511211,-0.089686,0.385650,-0.053812,0.282511,-0.192825,0.340807,-0.201794,0.390135,-0.139013,0.304933,-0.098655,0.219731
1.000000,0.000000,0.000000,0.137778,0.093333,0.217778,0.266667,0.124444,0.373333,0.000000,0.386667,0.128889,0.515556,0.191111,0.720000,0.226667,0.844444,0.248889,0.960000,0.000000,0.506667,-0.062222,0.733333,-0.115556,0.880000,-0.168889,1.000000,-0.102222,0.440000,-0.120000,0.506667,-0.048889,0.377778,-0.013333,0.275556,-0.182222,0.337778,-0.177778,0.391111,-0.111111,0.302222,-0.066667,0.217778
1.000000,0.000000,0.000000,0.146018,0.084071,0.238938,0.256637,0.154867,0.371681,0.026549,0.376106,0.137168,0.513274,0.203540,0.712389,0.234513,0.836283,0.256637,0.946903,0.008850,0.504425,-0.044248,0.721239,-0.092920,0.871681,-0.146018,1.000000,-0.092920,0.433628,-0.092920,0.495575,-0.026549,0.358407,0.008850,0.247788,-0.176991,0.340708,-0.154867,0.389381,-0.088496,0.296460,-0.044248,0.207965
1.000000,0.000000,0.000000,0.151111,0.080000,0.253333,0.253333,0.182222,0.373333,0.053333,0.373333,0.142222,0.511111,0.213333,0.715556,0.248889,0.835556,0.271111,0.942222,0.013333,0.502222,-0.031111,0.724444,-0.075556,0.875556,-0.124444,1.000000,-0.093333,0.440000,-0.075556,0.480000,-0.004444,0.342222,0.026667,0.240000,-0.182222,0.346667,-0.137778,0.382222,-0.075556,0.288889,-0.035556,0.204444
1.000000,0.000000,0.000000,0.151786,0.080357,0.267857,0.254464,0.205357,0.370536,0.071429,0.370536,0.147321,0.517857,0.218750,0.723214,0.254464,0.843750,0.276786,0.950893,0.013393,0.513393,-0.026786,0.736607,-0.062500,0.879464,-0.107143,1.000000,-0.098214,0.455357,-0.058036,0.477679,0.013393,0.348214,0.040179,0.245536,-0.187500,0.366071,-0.125000,0.379464,-0.062500,0.290179,-0.040179,0.214286
1.000000,0.000000,0.000000,0.148649,0.081081,0.274775,0.247748,0.225225,0.355856,0.090090,0.360360,0.162162,0.522523,0.234234,0.729730,0.279279,0.851351,0.301802,0.959459,0.022523,0.527027,-0.004505,0.743243,-0.036036,0.882883,-0.072072,1.000000,-0.090090,0.468468,-0.031532,0.472973,0.036036,0.342342,0.058559,0.243243,-0.180180,0.382883,-0.094595,0.369369,-0.040541,0.274775,-0.031532,0.207207
1.000000,0.000000,0.000000,0.155963,0.082569,0.288991,0.247706,0.252294,0.353211,0.114679,0.357798,0.174312,0.527523,0.256881,0.738532,0.307339,0.862385,0.334862,0.972477,0.032110,0.536697,0.013761,0.747706,-0.004587,0.880734,-0.036697,1.000000,-0.087156,0.486239,-0.009174,0.463303,0.055046,0.325688,0.068807,0.238532,-0.178899,0.399083,-0.082569,0.357798,-0.032110,0.261468,-0.027523,0.201835
1.000000,0.000000,0.000000,0.166667,0.076190,0.314286,0.238095,0.280952,0.352381,0.133333,0.361905,0.200000,0.538095,0.295238,0.752381,0.352381,0.880952,0.385714,1.000000,0.047619,0.557143,0.038095,0.752381,0.028571,0.876190,0.004762,1.000000,-0.080952,0.509524,0.004762,0.447619,0.071429,0.309524,0.080952,0.238095,-0.176190,0.419048,-0.076190,0.338095,-0.028571,0.238095,-0.033333,0.195238
1.000000,0.000000,0.000000,0.170732,0.073171,0.326829,0.224390,0.292683,0.336585,0.141463,0.356098,0.219512,0.531707,0.321951,0.746341,0.390244,0.878049,0.429268,1.000000,0.058537,0.556098,0.053659,0.741463,0.043902,0.863415,0.024390,0.985366,-0.073171,0.507317,0.014634,0.429268,0.078049,0.297561,0.087805,0.234146,-0.175610,0.419512,-0.073171,0.312195,-0.019512,0.214634,-0.019512,0.180488
1.000000,0.000000,0.000000,0.176768,0.070707,0.343434,0.217172,0.303030,0.308081,0.141414,0.323232,0.242424,0.515152,0.353535,0.737374,0.419192,0.873737,0.464646,1.000000,0.075758,0.550505,0.065657,0.732323,0.055556,0.848485,0.030303,0.979798,-0.065657,0.510101,0.015152,0.398990,0.080808,0.272727,0.090909,0.222222,-0.176768,0.429293,-0.080808,0.292929,-0.025253,0.196970,-0.020202,0.166667
1.000000,0.000000,0.000000,0.198925,0.069892,0.376344,0.209677,0.317204,0.284946,0.139785,0.306452,0.268817,0.521505,0.392473,0.736559,0.467742,0.870968,0.521505,1.000000,0.091398,0.564516,0.080645,0.725806,0.059140,0.833333,0.021505,0.967742,-0.059140,0.532258,0.016129,0.370968,0.080645,0.241935,0.096774,0.209677,-0.182796,0.451613,-0.091398,0.268817,-0.032258,0.166667,-0.016129,0.145161
1.000000,0.000000,0.000000,0.230337,0.061798,0.415730,0.196629,0.348315,0.252809,0.134831,0.258427,0.286517,0.505618,0.421348,0.724719,0.511236,0.859551,0.561798,1.000000,0.095506,0.561798,0.084270,0.696629,0.050562,0.808989,0.005618,0.955056,-0.061798,0.528090,0.016854,0.359551,0.089888,0.230337,0.106742,0.213483,-0.185393,0.455056,-0.101124,0.252809,-0.033708,0.140449,-0.016854,0.129213
1.000000,0.000000,0.000000,0.226190,0.059524,0.416667,0.184524,0.327381,0.232143,0.101190,0.250000,0.267857,0.500000,0.404762,0.726190,0.488095,0.863095,0.529762,1.000000,0.059524,0.565476,0.029762,0.690476,-0.029762,0.791667,-0.095238,0.946429,-0.101190,0.541667,-0.041667,0.333333,0.035714,0.202381,0.065476,0.202381,-0.226190,0.464286,-0.154762,0.232143,-0.071429,0.107143,-0.029762,0.101190
1.000000,0.000000,0.000000,0.277778,0.034722,0.430556,0.145833,0.305556,0.166667,0.027778,0.173611,0.277778,0.500000,0.381944,0.715278,0.465278,0.861111,0.500000,1.000000,0.020833,0.534722,-0.083333,0.638889,-0.159722,0.763889,-0.243056,0.944444,-0.166667,0.486111,-0.159722,0.270833,-0.034722,0.131944,0.034722,0.180556,-0.298611,0.409722,-0.229167,0.173611,-0.118056,0.055556,-0.048611,0.083333
1.000000,0.000000,0.000000,0.291339,0.039370,0.385827,0.196850,0.188976,0.291339,-0.078740,0.370079,0.188976,0.433071,0.196850,0.519685,0.188976,0.622047,0.118110,0.740157,-0.078740,0.480315,-0.291339,0.622047,-0.425197,0.803150,-0.574803,1.000000,-0.267717,0.456693,-0.307087,0.251969,-0.141732,0.086614,-0.055118,0.078740,-0.377953,0.409449,-0.330709,0.157480,-0.181102,0.015748,-0.078740,0.023622
1.000000,0.000000,0.000000,0.230089,0.000000,0.292035,0.070796,0.053097,0.053097,-0.221239,0.079646,0.150442,0.424779,0.185841,0.610619,0.203540,0.805310,0.176991,1.000000,-0.132743,0.495575,-0.424779,0.619469,-0.610619,0.769912,-0.805310,0.955752,-0.318584,0.460177,-0.442478,0.203540,-0.230089,0.000000,-0.097345,-0.008850,-0.460177,0.380531,-0.460177,0.088496,-0.292035,-0.061947,-0.150442,-0.061947
1.000000,0.000000,0.000000,0.257143,-0.019048,0.304762,0.047619,0.057143,0.076190,-0.209524,0.123810,0.228571,0.438095,0.238095,0.590476,0.171429,0.790476,0.085714,0.980952,-0.085714,0.561905,-0.409524,0.676190,-0.638095,0.809524,-0.866667,1.000000,-0.295238,0.552381,-0.419048,0.228571,-0.209524,0.000000,-0.076190,0.000000,-0.447619,0.476190,-0.447619,0.142857,-0.285714,-0.028571,-0.161905,-0.009524
1.000000,0.000000,0.000000,0.210000,-0.080000,0.210000,-0.030000,-0.060000,0.000000,-0.320000,0.100000,0.130000,0.390000,0.100000,0.550000,0.000000,0.750000,-0.120000,0.930000,-0.150000,0.510000,-0.550000,0.680000,-0.790000,0.810000,-1.000000,0.970000,-0.350000,0.510000,-0.570000,0.260000,-0.360000,0.010000,-0.190000,-0.050000,-0.500000,0.460000,-0.580000,0.160000,-0.420000,-0.030000,-0.270000,-0.050000
1.000000,0.000000,0.000000,0.048611,-0.055556,-0.069444,-0.020833,-0.298611,0.027778,-0.500000,0.118056,-0.041667,0.270833,-0.173611,0.388889,-0.305556,0.506944,-0.430556,0.631944,-0.243056,0.361111,-0.569444,0.486111,-0.812500,0.562500,-1.000000,0.680556,-0.375000,0.354167,-0.576389,0.277778,-0.444444,0.090278,-0.305556,0.034722,-0.465278,0.312500,-0.597222,0.173611,-0.486111,0.048611,-0.361111,0.034722
1.000000,0.000000,0.000000,0.000000,-0.087719,-0.152047,-0.099415,-0.350877,-0.046784,-0.543860,0.040936,-0.116959,0.216374,-0.292398,0.263158,-0.438596,0.356725,-0.578947,0.438596,-0.269006,0.280702,-0.608187,0.380117,-0.824561,0.456140,-1.000000,0.555556,-0.385965,0.304094,-0.584795,0.204678,-0.461988,0.046784,-0.350877,0.017544,-0.461988,0.280702,-0.555556,0.152047,-0.473684,0.040936,-0.368421,0.040936
1.000000,0.000000,0.000000,-0.081967,-0.109290,-0.278689,-0.071038,-0.464481,0.000000,-0.606557,0.120219,-0.273224,0.256831,-0.530055,0.349727,-0.715847,0.442623,-0.857924,0.530055,-0.327869,0.289617,-0.644809,0.387978,-0.841530,0.448087,-1.000000,0.519126,-0.377049,0.306011,-0.551913,0.202186,-0.415301,0.076503,-0.322404,0.076503,-0.426230,0.300546,-0.497268,0.191257,-0.404372,0.092896,-0.311475,0.103825
1.000000,0.000000,0.000000,-0.116162,-0.136364,-0.333333,-0.106061,-0.530303,-0.005051,-0.646465,0.116162,-0.318182,0.191919,-0.560606,0.247475,-0.702020,0.303030,-0.823232,0.383838,-0.343434,0.297980,-0.651515,0.404040,-0.843434,0.479798,-1.000000,0.560606,-0.373737,0.353535,-0.616162,0.262626,-0.545455,0.111111,-0.479798,0.035354,-0.393939,0.338384,-0.550505,0.242424,-0.510101,0.136364,-0.449495,0.101010
1.000000,0.000000,0.000000,-0.152709,-0.133005,-0.384236,-0.088670,-0.586207,0.029557,-0.665025,0.167488,-0.359606,0.221675,-0.640394,0.280788,-0.798030,0.325123,-0.926108,0.389163,-0.359606,0.330049,-0.679803,0.438424,-0.866995,0.512315,-1.000000,0.586207,-0.364532,0.369458,-0.600985,0.305419,-0.541872,0.182266,-0.472906,0.113300,-0.359606,0.364532,-0.532020,0.285714,-0.492611,0.197044,-0.438424,0.152709
1.000000,0.000000,0.000000,-0.175610,-0.102439,-0.419512,-0.034146,-0.600000,0.092683,-0.648780,0.224390,-0.400000,0.278049,-0.712195,0.356098,-0.882927,0.400000,-1.000000,0.473171,-0.370732,0.385366,-0.697561,0.507317,-0.878049,0.595122,-0.990244,0.682927,-0.351220,0.424390,-0.604878,0.351220,-0.556098,0.229268,-0.487805,0.165854,-0.341463,0.419512,-0.521951,0.336585,-0.487805,0.248780,-0.424390,0.204878
1.000000,0.000000,0.000000,-0.200000,-0.083721,-0.432558,0.000000,-0.590698,0.134884,-0.618605,0.265116,-0.418605,0.302326,-0.725581,0.381395,-0.883721,0.432558,-1.000000,0.502326,-0.372093,0.404651,-0.669767,0.539535,-0.837209,0.632558,-0.930233,0.725581,-0.334884,0.441860,-0.572093,0.395349,-0.553488,0.274419,-0.497674,0.204651,-0.316279,0.432558,-0.488372,0.367442,-0.465116,0.283721,-0.400000,0.227907
1.000000,0.000000,0.000000,-0.223744,-0.063927,-0.456621,0.031963,-0.584475,0.182648,-0.593607,0.305936,-0.438356,0.310502,-0.744292,0.415525,-0.890411,0.479452,-1.000000,0.552511,-0.365297,0.415525,-0.643836,0.570776,-0.789954,0.675799,-0.872146,0.771689,-0.319635,0.456621,-0.543379,0.429224,-0.538813,0.310502,-0.488584,0.237443,-0.292237,0.447489,-0.452055,0.397260,-0.433790,0.310502,-0.374429,0.255708
1.000000,0.000000,0.000000,-0.240741,-0.046296,-0.472222,0.078704,-0.578704,0.236111,-0.564815,0.351852,-0.449074,0.351852,-0.750000,0.472222,-0.898148,0.537037,-1.000000,0.615741,-0.361111,0.453704,-0.620370,0.625000,-0.745370,0.740741,-0.805556,0.837963,-0.300926,0.486111,-0.513889,0.472222,-0.513889,0.342593,-0.462963,0.259259,-0.263889,0.481481,-0.416667,0.425926,-0.398148,0.337963,-0.333333,0.273148
1.000000,0.000000,0.000000,-0.277512,-0.028708,-0.497608,0.114833,-0.569378,0.287081,-0.540670,0.406699,-0.473684,0.382775,-0.770335,0.531100,-0.904306,0.617225,-1.000000,0.698565,-0.363636,0.483254,-0.593301,0.688995,-0.703349,0.813397,-0.751196,0.913876,-0.282297,0.516746,-0.483254,0.492823,-0.492823,0.363636,-0.449761,0.282297,-0.224880,0.521531,-0.377990,0.473684,-0.363636,0.382775,-0.311005,0.311005
1.000000,0.000000,0.000000,-0.281553,0.009709,-0.485437,0.155340,-0.519417,0.334951,-0.475728,0.451456,-0.451456,0.432039,-0.728155,0.597087,-0.854369,0.689320,-0.936893,0.781553,-0.330097,0.538835,-0.529126,0.762136,-0.626214,0.898058,-0.665049,1.000000,-0.233010,0.558252,-0.412621,0.538835,-0.432039,0.417476,-0.398058,0.334951,-0.160194,0.553398,-0.300971,0.524272,-0.300971,0.436893,-0.257282,0.359223
1.000000,0.000000,0.000000,-0.273148,0.032407,-0.435185,0.180556,-0.444444,0.347222,-0.384259,0.444444,-0.412037,0.435185,-0.634259,0.611111,-0.740741,0.708333,-0.805556,0.796296,-0.282407,0.527778,-0.425926,0.768519,-0.490741,0.902778,-0.500000,1.000000,-0.175926,0.541667,-0.314815,0.560185,-0.342593,0.449074,-0.310185,0.375000,-0.092593,0.523148,-0.208333,0.527778,-0.208333,0.449074,-0.180556,0.365741
1.000000,0.000000,0.000000,-0.253333,0.053333,-0.377778,0.200000,-0.377778,0.346667,-0.346667,0.444444,-0.360000,0.453333,-0.546667,0.631111,-0.631111,0.733333,-0.680000,0.822222,-0.226667,0.533333,-0.328889,0.768889,-0.360000,0.897778,-0.360000,1.000000,-0.120000,0.537778,-0.231111,0.560000,-0.262222,0.466667,-0.240000,0.400000,-0.031111,0.506667,-0.124444,0.520000,-0.137778,0.453333,-0.124444,0.382222
1.000000,0.000000,0.000000,-0.217391,0.069565,-0.317391,0.221739,-0.313043,0.365217,-0.300000,0.456522,-0.308696,0.469565,-0.447826,0.656522,-0.521739,0.760870,-0.560870,0.847826,-0.182609,0.530435,-0.226087,0.773913,-0.239130,0.904348,-0.226087,1.000000,-0.069565,0.521739,-0.121739,0.573913,-0.156522,0.482609,-0.143478,0.413043,0.026087,0.478261,-0.021739,0.513043,-0.043478,0.447826,-0.039130,0.386957
1.000000,0.000000,0.000000,-0.203390,0.093220,-0.279661,0.250000,-0.262712,0.394068,-0.237288,0.478814,-0.254237,0.466102,-0.360170,0.669492,-0.415254,0.771186,-0.444915,0.860169,-0.122881,0.516949,-0.135593,0.766949,-0.135593,0.902542,-0.114407,1.000000,-0.008475,0.504237,-0.050847,0.563559,-0.088983,0.487288,-0.088983,0.419492,0.080508,0.461864,0.038136,0.495763,0.012712,0.436441,0.012712,0.377119
1.000000,0.000000,0.000000,-0.187500,0.145833,-0.220833,0.300000,-0.183333,0.441667,-0.129167,0.512500,-0.204167,0.475000,-0.275000,0.691667,-0.312500,0.808333,-0.333333,0.895833,-0.070833,0.512500,-0.045833,0.766667,-0.029167,0.908333,-0.008333,1.000000,0.045833,0.491667,0.045833,0.562500,0.004167,0.504167,-0.004167,0.441667,0.145833,0.437500,0.129167,0.475000,0.100000,0.429167,0.083333,0.366667
1.000000,0.000000,0.000000,-0.155738,0.172131,-0.168033,0.327869,-0.106557,0.459016,-0.028689,0.516393,-0.147541,0.487705,-0.176230,0.717213,-0.188525,0.840164,-0.192623,0.930328,-0.020492,0.508197,0.049180,0.762295,0.090164,0.905738,0.122951,1.000000,0.094262,0.479508,0.139344,0.545082,0.102459,0.491803,0.077869,0.430328,0.192623,0.413934,0.200820,0.438525,0.172131,0.389344,0.143443,0.327869
1.000000,0.000000,0.000000,-0.111554,0.191235,-0.095618,0.342629,-0.015936,0.462151,0.067729,0.505976,-0.075697,0.505976,-0.067729,0.733068,-0.067729,0.856574,-0.063745,0.948207,0.043825,0.505976,0.143426,0.756972,0.195219,0.904382,0.235060,1.000000,0.151394,0.462151,0.223108,0.541833,0.183267,0.490040,0.151394,0.438247,0.231076,0.386454,0.250996,0.426295,0.215139,0.374502,0.179283,0.318725
1.000000,0.000000,0.000000,-0.096899,0.193798,-0.069767,0.348837,0.015504,0.457364,0.100775,0.496124,-0.065891,0.500000,-0.046512,0.728682,-0.038760,0.860465,-0.038760,0.957364,0.046512,0.496124,0.158915,0.740310,0.213178,0.899225,0.251938,1.000000,0.155039,0.453488,0.267442,0.538760,0.228682,0.480620,0.186047,0.434109,0.236434,0.379845,0.290698,0.414729,0.255814,0.364341,0.217054,0.321705
1.000000,0.000000,0.000000,-0.098859,0.193916,-0.072243,0.342205,0.000000,0.463878,0.072243,0.517110,-0.068441,0.517110,-0.045627,0.733840,-0.045627,0.866920,-0.045627,0.965779,0.034221,0.509506,0.140684,0.745247,0.197719,0.901141,0.239544,1.000000,0.144487,0.463878,0.239544,0.555133,0.205323,0.494297,0.167300,0.444867,0.231939,0.399240,0.277567,0.448669,0.243346,0.391635,0.209125,0.346008
1.000000,0.000000,0.000000,-0.095420,0.194656,-0.072519,0.351145,0.011450,0.469466,0.091603,0.515267,-0.064885,0.519084,-0.041985,0.744275,-0.038168,0.885496,-0.030534,0.988550,0.038168,0.503817,0.156489,0.748092,0.217557,0.904580,0.263359,1.000000,0.148855,0.458015,0.255725,0.572519,0.213740,0.503817,0.175573,0.454198,0.229008,0.393130,0.282443,0.458015,0.248092,0.400763,0.209924,0.358779
1.000000,0.000000,0.000000,-0.104869,0.198502,-0.082397,0.348315,-0.007491,0.471910,0.067416,0.528090,-0.074906,0.513109,-0.052434,0.734082,-0.048689,0.876405,-0.044944,0.981273,0.026217,0.498127,0.142322,0.737828,0.202247,0.898876,0.247191,1.000000,0.134831,0.453184,0.243446,0.573034,0.205993,0.516854,0.168539,0.464419,0.217228,0.389513,0.273408,0.464419,0.243446,0.415730,0.205993,0.370787
1.000000,0.000000,0.000000,-0.111111,0.199234,-0.088123,0.352490,-0.007663,0.478927,0.072797,0.532567,-0.076628,0.509579,-0.057471,0.743295,-0.049808,0.888889,-0.034483,0.996169,0.030651,0.494253,0.153257,0.743295,0.218391,0.904215,0.268199,1.000000,0.141762,0.448276,0.249042,0.590038,0.210728,0.532567,0.176245,0.482759,0.222222,0.383142,0.279693,0.471264,0.249042,0.425287,0.210728,0.375479
1.000000,0.000000,0.000000,-0.119231,0.188462,-0.103846,0.353846,-0.007692,0.484615,0.080769,0.538462,-0.076923,0.500000,-0.061538,0.734615,-0.046154,0.884615,-0.030769,0.988462,0.042308,0.480769,0.161538,0.734615,0.226923,0.896154,0.280769,1.000000,0.157692,0.438462,0.238462,0.611538,0.192308,0.557692,0.157692,0.500000,0.230769,0.373077,0.261538,0.484615,0.219231,0.446154,0.188462,0.400000
1.000000,0.000000,0.000000,-0.136187,0.182879,-0.128405,0.361868,-0.042802,0.498054,0.038911,0.568093,-0.089494,0.474708,-0.093385,0.715953,-0.085603,0.856031,-0.070039,0.961089,0.038911,0.459144,0.132296,0.727626,0.186770,0.887160,0.241245,1.000000,0.151751,0.420233,0.210117,0.634241,0.155642,0.595331,0.124514,0.536965,0.229572,0.365759,0.229572,0.521401,0.186770,0.498054,0.155642,0.451362
1.000000,0.000000,0.000000,-0.136000,0.188000,-0.140000,0.372000,-0.064000,0.512000,0.020000,0.588000,-0.096000,0.464000,-0.112000,0.708000,-0.116000,0.848000,-0.112000,0.952000,0.032000,0.452000,0.116000,0.728000,0.160000,0.884000,0.208000,1.000000,0.152000,0.420000,0.192000,0.648000,0.136000,0.616000,0.104000,0.556000,0.228000,0.376000,0.216000,0.536000,0.168000,0.520000,0.140000,0.476000
1.000000,0.000000,0.000000,-0.149378,0.170124,-0.165975,0.360996,-0.099585,0.518672,-0.020747,0.614108,-0.112033,0.448133,-0.136929,0.697095,-0.149378,0.834025,-0.149378,0.937759,0.029046,0.443983,0.103734,0.726141,0.149378,0.883817,0.203320,1.000000,0.145228,0.419087,0.174274,0.659751,0.112033,0.647303,0.082988,0.593361,0.224066,0.385892,0.199170,0.564315,0.149378,0.564315,0.124481,0.526971
1.000000,0.000000,0.000000,-0.169565,0.165217,-0.200000,0.369565,-0.134783,0.539130,-0.056522,0.630435,-0.134783,0.447826,-0.182609,0.695652,-0.200000,0.830435,-0.204348,0.926087,0.017391,0.447826,0.073913,0.726087,0.117391,0.886957,0.173913,1.000000,0.134783,0.434783,0.147826,0.678261,0.082609,0.678261,0.047826,0.630435,0.213043,0.404348,0.186957,0.595652,0.130435,0.604348,0.104348,0.569565
1.000000,0.000000,0.000000,-0.174107,0.165179,-0.214286,0.375000,-0.156250,0.540179,-0.071429,0.633929,-0.160714,0.433036,-0.232143,0.678571,-0.267857,0.803571,-0.294643,0.901786,-0.008929,0.446429,0.026786,0.727679,0.053571,0.888393,0.098214,1.000000,0.120536,0.437500,0.107143,0.687500,0.040179,0.678571,0.013393,0.620536,0.200893,0.415179,0.165179,0.607143,0.107143,0.607143,0.080357,0.562500
1.000000,0.000000,0.000000,-0.183099,0.169014,-0.239437,0.370892,-0.206573,0.544601,-0.136150,0.657277,-0.187793,0.446009,-0.291080,0.671362,-0.352113,0.788732,-0.394366,0.882629,-0.042254,0.469484,-0.032864,0.751174,-0.023474,0.901408,0.000000,1.000000,0.089202,0.464789,0.075117,0.737089,0.018779,0.746479,-0.004695,0.699531,0.183099,0.450704,0.140845,0.657277,0.089202,0.666667,0.061033,0.624413
1.000000,0.000000,0.000000,-0.201005,0.175879,-0.261307,0.396985,-0.216080,0.603015,-0.145729,0.738693,-0.216080,0.442211,-0.351759,0.653266,-0.422111,0.773869,-0.482412,0.869347,-0.065327,0.472362,-0.085427,0.758794,-0.085427,0.904523,-0.070352,1.000000,0.075377,0.482412,0.040201,0.758794,-0.010050,0.819095,-0.030151,0.809045,0.170854,0.477387,0.120603,0.693467,0.060302,0.733668,0.030151,0.723618
1.000000,0.000000,0.000000,-0.219780,0.170330,-0.296703,0.401099,-0.280220,0.620879,-0.225275,0.774725,-0.263736,0.450549,-0.428571,0.648352,-0.527473,0.769231,-0.598901,0.862637,-0.104396,0.489011,-0.142857,0.796703,-0.159341,0.934066,-0.159341,1.000000,0.049451,0.505495,0.010989,0.818681,-0.049451,0.868132,-0.076923,0.835165,0.159341,0.500000,0.093407,0.741758,0.032967,0.791209,-0.005495,0.769231
1.000000,0.000000,0.000000,-0.250000,0.175000,-0.350000,0.431250,-0.356250,0.693750,-0.312500,0.893750,-0.312500,0.462500,-0.531250,0.681250,-0.662500,0.812500,-0.762500,0.893750,-0.131250,0.518750,-0.225000,0.893750,-0.275000,1.000000,-0.293750,1.000000,0.037500,0.543750,-0.025000,0.912500,-0.112500,0.937500,-0.150000,0.862500,0.156250,0.550000,0.075000,0.831250,-0.006250,0.850000,-0.043750,0.800000
1.000000,0.000000,0.000000,-0.264901,0.185430,-0.377483,0.463576,-0.384106,0.748344,-0.364238,0.966887,-0.364238,0.470199,-0.602649,0.682119,-0.748344,0.801324,-0.867550,0.874172,-0.178808,0.516556,-0.304636,0.913907,-0.350993,1.000000,-0.364238,0.986755,0.000000,0.556291,-0.079470,0.947020,-0.158940,0.953642,-0.192053,0.860927,0.145695,0.569536,0.046358,0.874172,-0.039735,0.887417,-0.072848,0.827815
1.000000,0.000000,0.000000,-0.280822,0.178082,-0.397260,0.458904,-0.424658,0.739726,-0.424658,0.965753,-0.410959,0.452055,-0.671233,0.664384,-0.828767,0.780822,-0.958904,0.856164,-0.232877,0.513699,-0.390411,0.890411,-0.465753,0.993151,-0.506849,1.000000,-0.047945,0.561644,-0.143836,0.952055,-0.226027,0.979452,-0.260274,0.904110,0.116438,0.582192,0.013699,0.890411,-0.075342,0.931507,-0.130137,0.897260
1.000000,0.000000,0.000000,-0.284768,0.145695,-0.417219,0.390728,-0.450331,0.622517,-0.443709,0.807947,-0.437086,0.410596,-0.708609,0.622517,-0.867550,0.728477,-1.000000,0.807947,-0.278146,0.476821,-0.437086,0.774834,-0.543046,0.880795,-0.615894,0.907285,-0.099338,0.529801,-0.198675,0.887417,-0.271523,0.913907,-0.304636,0.841060,0.059603,0.556291,-0.039735,0.841060,-0.125828,0.867550,-0.165563,0.814570
1.000000,0.000000,0.000000,-0.264516,0.154839,-0.387097,0.354839,-0.393548,0.535484,-0.361290,0.683871,-0.425806,0.400000,-0.690323,0.587097,-0.858065,0.696774,-1.000000,0.780645,-0.277419,0.458065,-0.451613,0.703226,-0.567742,0.845161,-0.645161,0.922581,-0.116129,0.516129,-0.225806,0.832258,-0.277419,0.883871,-0.309677,0.864516,0.032258,0.554839,-0.070968,0.812903,-0.135484,0.851613,-0.174194,0.819355
1.000000,0.000000,0.000000,-0.274510,0.169935,-0.379085,0.411765,-0.346405,0.633987,-0.300654,0.797386,-0.424837,0.398693,-0.686275,0.588235,-0.856209,0.699346,-1.000000,0.784314,-0.274510,0.450980,-0.450980,0.692810,-0.575163,0.849673,-0.653595,0.934641,-0.117647,0.503268,-0.228758,0.823529,-0.287582,0.869281,-0.313726,0.843137,0.032680,0.535948,-0.084967,0.803922,-0.143791,0.836601,-0.176471,0.797386
1.000000,0.000000,0.000000,-0.283784,0.168919,-0.385135,0.418919,-0.344595,0.641892,-0.290541,0.810811,-0.425676,0.405405,-0.695946,0.608108,-0.864865,0.729730,-1.000000,0.817568,-0.270270,0.472973,-0.439189,0.722973,-0.554054,0.871622,-0.635135,0.966216,-0.101351,0.527027,-0.216216,0.851351,-0.283784,0.885135,-0.304054,0.837838,0.047297,0.560811,-0.074324,0.831081,-0.141892,0.844595,-0.168919,0.790541
1.000000,0.000000,0.000000,-0.279720,0.167832,-0.384615,0.426573,-0.335664,0.657343,-0.286713,0.832168,-0.419580,0.419580,-0.685315,0.629371,-0.860140,0.755245,-1.000000,0.853147,-0.258741,0.482517,-0.419580,0.741259,-0.531469,0.902098,-0.608392,1.000000,-0.090909,0.538462,-0.195804,0.874126,-0.251748,0.916084,-0.279720,0.867133,0.069930,0.566434,-0.041958,0.846154,-0.111888,0.881119,-0.146853,0.846154
1.000000,0.000000,0.000000,-0.277778,0.159722,-0.381944,0.402778,-0.347222,0.631944,-0.298611,0.805556,-0.416667,0.416667,-0.673611,0.631944,-0.840278,0.763889,-0.979167,0.861111,-0.250000,0.479167,-0.402778,0.736111,-0.506944,0.902778,-0.583333,1.000000,-0.083333,0.527778,-0.180556,0.854167,-0.236111,0.916667,-0.263889,0.895833,0.076389,0.562500,-0.027778,0.833333,-0.097222,0.895833,-0.131944,0.888889
1.000000,0.000000,0.000000,-0.267123,0.178082,-0.349315,0.452055,-0.301370,0.698630,-0.260274,0.883562,-0.397260,0.424658,-0.650685,0.636986,-0.808219,0.767123,-0.938356,0.869863,-0.232877,0.479452,-0.376712,0.739726,-0.472603,0.897260,-0.541096,1.000000,-0.068493,0.534247,-0.157534,0.835616,-0.219178,0.917808,-0.253425,0.917808,0.089041,0.561644,-0.006849,0.821918,-0.075342,0.883562,-0.109589,0.883562
1.000000,0.000000,0.000000,-0.275862,0.165517,-0.365517,0.441379,-0.324138,0.703448,-0.282759,0.903448,-0.400000,0.413793,-0.662069,0.634483,-0.820690,0.765517,-0.958621,0.868966,-0.234483,0.468966,-0.386207,0.737931,-0.482759,0.903448,-0.551724,1.000000,-0.062069,0.517241,-0.151724,0.841379,-0.227586,0.924138,-0.268966,0.917241,0.096552,0.551724,0.000000,0.820690,-0.068966,0.896552,-0.110345,0.896552
1.000000,0.000000,0.000000,-0.267123,0.171233,-0.356164,0.458904,-0.301370,0.719178,-0.260274,0.917808,-0.397260,0.417808,-0.650685,0.643836,-0.815068,0.773973,-0.945205,0.876712,-0.226027,0.472603,-0.376712,0.739726,-0.479452,0.904110,-0.547945,1.000000,-0.054795,0.520548,-0.150685,0.842466,-0.219178,0.931507,-0.260274,0.931507,0.095890,0.554795,0.006849,0.828767,-0.061644,0.904110,-0.109589,0.904110
1.000000,0.000000,0.000000,-0.273333,0.166667,-0.353333,0.440000,-0.313333,0.686667,-0.273333,0.873333,-0.393333,0.413333,-0.640000,0.633333,-0.806667,0.766667,-0.933333,0.866667,-0.226667,0.466667,-0.380000,0.733333,-0.480000,0.900000,-0.546667,1.000000,-0.060000,0.513333,-0.153333,0.833333,-0.226667,0.920000,-0.266667,0.926667,0.093333,0.546667,0.000000,0.820000,-0.066667,0.893333,-0.106667,0.900000
1.000000,0.000000,0.000000,-0.275168,0.174497,-0.355705,0.449664,-0.315436,0.704698,-0.275168,0.899329,-0.395973,0.422819,-0.651007,0.644295,-0.818792,0.771812,-0.953020,0.872483,-0.234899,0.476510,-0.382550,0.744966,-0.489933,0.906040,-0.563758,1.000000,-0.060403,0.530201,-0.154362,0.845638,-0.228188,0.932886,-0.268456,0.932886,0.093960,0.557047,0.000000,0.838926,-0.067114,0.906040,-0.107383,0.912752
1.000000,0.000000,0.000000,-0.268456,0.174497,-0.362416,0.442953,-0.328859,0.684564,-0.288591,0.872483,-0.402685,0.429530,-0.651007,0.637584,-0.825503,0.771812,-0.959732,0.872483,-0.234899,0.476510,-0.389262,0.738255,-0.503356,0.906040,-0.570470,1.000000,-0.067114,0.523490,-0.154362,0.859060,-0.221477,0.939597,-0.255034,0.932886,0.093960,0.563758,-0.006711,0.845638,-0.067114,0.926175,-0.107383,0.926175
1.000000,0.000000,0.000000,-0.280822,0.171233,-0.376712,0.431507,-0.342466,0.664384,-0.294521,0.849315,-0.404110,0.424658,-0.664384,0.636986,-0.842466,0.773973,-0.979452,0.876712,-0.232877,0.472603,-0.390411,0.739726,-0.513699,0.910959,-0.589041,1.000000,-0.054795,0.527397,-0.157534,0.876712,-0.219178,0.958904,-0.246575,0.945205,0.102740,0.561644,0.000000,0.863014,-0.068493,0.945205,-0.109589,0.945205
1.000000,0.000000,0.000000,-0.284722,0.180556,-0.375000,0.451389,-0.340278,0.687500,-0.291667,0.881944,-0.416667,0.423611,-0.673611,0.638889,-0.854167,0.777778,-1.000000,0.881944,-0.236111,0.465278,-0.395833,0.736111,-0.520833,0.909722,-0.590278,1.000000,-0.055556,0.520833,-0.152778,0.881944,-0.215278,0.972222,-0.250000,0.958333,0.111111,0.569444,0.013889,0.881944,-0.062500,0.958333,-0.104167,0.951389
1.000000,0.000000,0.000000,-0.277778,0.180556,-0.375000,0.458333,-0.340278,0.687500,-0.291667,0.881944,-0.416667,0.430556,-0.673611,0.645833,-0.854167,0.777778,-1.000000,0.881944,-0.236111,0.472222,-0.395833,0.743056,-0.513889,0.916667,-0.576389,0.993056,-0.048611,0.527778,-0.152778,0.902778,-0.215278,0.986111,-0.243056,0.965278,0.118056,0.576389,0.020833,0.895833,-0.055556,0.972222,-0.097222,0.965278
1.000000,0.000000,0.000000,-0.275862,0.165517,-0.379310,0.441379,-0.344828,0.682759,-0.289655,0.868966,-0.400000,0.406897,-0.662069,0.620690,-0.848276,0.758621,-1.000000,0.855172,-0.220690,0.455172,-0.386207,0.717241,-0.503448,0.882759,-0.565517,0.965517,-0.041379,0.510345,-0.144828,0.882759,-0.206897,0.979310,-0.227586,0.958621,0.124138,0.565517,0.020690,0.875862,-0.055172,0.958621,-0.096552,0.951724
1.000000,0.000000,0.000000,-0.277778,0.166667,-0.381944,0.451389,-0.340278,0.694444,-0.284722,0.888889,-0.402778,0.409722,-0.659722,0.631944,-0.847222,0.770833,-0.993056,0.868056,-0.215278,0.458333,-0.375000,0.736111,-0.493056,0.895833,-0.555556,0.958333,-0.027778,0.520833,-0.131944,0.902778,-0.208333,1.000000,-0.236111,0.972222,0.138889,0.569444,0.027778,0.888889,-0.048611,0.979167,-0.097222,0.965278
1.000000,0.000000,0.000000,-0.268966,0.165517,-0.379310,0.427586,-0.351724,0.655172,-0.303448,0.848276,-0.400000,0.406897,-0.655172,0.627586,-0.841379,0.765517,-0.986207,0.862069,-0.213793,0.455172,-0.379310,0.737931,-0.496552,0.903448,-0.551724,0.965517,-0.027586,0.517241,-0.137931,0.889655,-0.200000,1.000000,-0.220690,0.986207,0.131034,0.565517,0.027586,0.882759,-0.048276,0.972414,-0.089655,0.965517
1.000000,0.000000,0.000000,-0.279720,0.181818,-0.377622,0.461538,-0.342657,0.706294,-0.293706,0.909091,-0.405594,0.405594,-0.664336,0.629371,-0.846154,0.769231,-0.993007,0.867133,-0.216783,0.447552,-0.377622,0.727273,-0.496504,0.895105,-0.552448,0.972028,-0.027972,0.510490,-0.132867,0.888112,-0.202797,1.000000,-0.230769,0.986014,0.139860,0.566434,0.027972,0.895105,-0.055944,0.979021,-0.097902,0.972028
1.000000,0.000000,0.000000,-0.284722,0.152778,-0.395833,0.402778,-0.388889,0.618056,-0.340278,0.798611,-0.409722,0.402778,-0.659722,0.625000,-0.840278,0.763889,-0.979167,0.861111,-0.215278,0.451389,-0.375000,0.743056,-0.493056,0.902778,-0.555556,0.965278,-0.027778,0.506944,-0.131944,0.888889,-0.215278,1.000000,-0.243056,0.979167,0.131944,0.555556,0.020833,0.881944,-0.062500,0.972222,-0.111111,0.951389
1.000000,0.000000,0.000000,-0.279720,0.160839,-0.384615,0.426573,-0.356643,0.650350,-0.300699,0.839161,-0.405594,0.419580,-0.664336,0.636364,-0.839161,0.776224,-0.979021,0.874126,-0.216783,0.461538,-0.391608,0.748252,-0.503497,0.916084,-0.552448,0.993007,-0.034965,0.524476,-0.146853,0.888112,-0.223776,1.000000,-0.251748,0.993007,0.125874,0.566434,0.020979,0.881119,-0.055944,0.972028,-0.104895,0.972028
1.000000,0.000000,0.000000,-0.270270,0.155405,-0.378378,0.405405,-0.358108,0.614865,-0.317568,0.790541,-0.405405,0.405405,-0.648649,0.621622,-0.817568,0.756757,-0.952703,0.864865,-0.222973,0.445946,-0.391892,0.729730,-0.500000,0.905405,-0.554054,1.000000,-0.047297,0.500000,-0.162162,0.858108,-0.222973,0.966216,-0.243243,0.966216,0.114865,0.547297,0.006757,0.858108,-0.060811,0.952703,-0.101351,0.959459
1.000000,0.000000,0.000000,-0.269737,0.171053,-0.361842,0.440789,-0.322368,0.677632,-0.269737,0.868421,-0.388158,0.394737,-0.625000,0.611842,-0.782895,0.750000,-0.914474,0.855263,-0.210526,0.434211,-0.375000,0.717105,-0.486842,0.894737,-0.546053,1.000000,-0.039474,0.480263,-0.151316,0.842105,-0.217105,0.940789,-0.250000,0.934211,0.111842,0.526316,0.006579,0.828947,-0.059211,0.907895,-0.098684,0.907895
1.000000,0.000000,0.000000,-0.254777,0.165605,-0.350318,0.407643,-0.318471,0.630573,-0.280255,0.815287,-0.382166,0.394904,-0.605096,0.605096,-0.751592,0.738854,-0.866242,0.840764,-0.203822,0.439490,-0.356688,0.719745,-0.452229,0.898089,-0.509554,1.000000,-0.044586,0.490446,-0.152866,0.821656,-0.216561,0.923567,-0.242038,0.923567,0.101911,0.522293,0.000000,0.802548,-0.057325,0.885350,-0.095541,0.885350
1.000000,0.000000,0.000000,-0.251572,0.150943,-0.352201,0.396226,-0.320755,0.622642,-0.289308,0.805031,-0.377358,0.383648,-0.597484,0.603774,-0.735849,0.729560,-0.849057,0.836478,-0.207547,0.433962,-0.358491,0.710692,-0.452830,0.886792,-0.509434,1.000000,-0.044025,0.484277,-0.163522,0.811321,-0.226415,0.893082,-0.245283,0.886792,0.094340,0.515723,-0.012579,0.792453,-0.069182,0.861635,-0.100629,0.867925
1.000000,0.000000,0.000000,-0.246914,0.148148,-0.345679,0.382716,-0.320988,0.604938,-0.290123,0.783951,-0.370370,0.370370,-0.586420,0.592593,-0.716049,0.728395,-0.820988,0.827160,-0.203704,0.419753,-0.358025,0.703704,-0.450617,0.882716,-0.506173,1.000000,-0.043210,0.475309,-0.160494,0.796296,-0.228395,0.870370,-0.246914,0.864198,0.092593,0.506173,-0.012346,0.777778,-0.074074,0.839506,-0.104938,0.845679
1.000000,0.000000,0.000000,-0.237805,0.146341,-0.347561,0.365854,-0.329268,0.573171,-0.298781,0.737805,-0.365854,0.371951,-0.573171,0.591463,-0.695122,0.725610,-0.792683,0.829268,-0.201220,0.420732,-0.347561,0.707317,-0.439024,0.878049,-0.487805,1.000000,-0.042683,0.469512,-0.158537,0.792683,-0.219512,0.859756,-0.243902,0.847561,0.091463,0.500000,-0.012195,0.756098,-0.073171,0.817073,-0.109756,0.817073
1.000000,0.000000,0.000000,-0.237805,0.140244,-0.347561,0.365854,-0.323171,0.579268,-0.292683,0.750000,-0.371951,0.365854,-0.579268,0.597561,-0.695122,0.731707,-0.786585,0.841463,-0.207317,0.420732,-0.353659,0.707317,-0.439024,0.884146,-0.487805,1.000000,-0.048780,0.469512,-0.164634,0.792683,-0.219512,0.859756,-0.231707,0.841463,0.091463,0.500000,-0.018293,0.756098,-0.079268,0.810976,-0.103659,0.804878
1.000000,0.000000,0.000000,-0.237805,0.134146,-0.353659,0.335366,-0.347561,0.530488,-0.310976,0.682927,-0.371951,0.365854,-0.579268,0.603659,-0.695122,0.737805,-0.780488,0.841463,-0.213415,0.420732,-0.353659,0.707317,-0.439024,0.884146,-0.487805,1.000000,-0.054878,0.463415,-0.164634,0.792683,-0.219512,0.847561,-0.231707,0.817073,0.091463,0.493902,-0.018293,0.756098,-0.085366,0.804878,-0.115854,0.786585
1.000000,0.000000,0.000000,-0.236364,0.133333,-0.351515,0.339394,-0.333333,0.539394,-0.296970,0.696970,-0.363636,0.369697,-0.569697,0.600000,-0.678788,0.739394,-0.763636,0.842424,-0.206061,0.418182,-0.345455,0.709091,-0.430303,0.884848,-0.472727,1.000000,-0.048485,0.460606,-0.157576,0.793939,-0.206061,0.836364,-0.218182,0.800000,0.090909,0.484848,-0.012121,0.745455,-0.072727,0.793939,-0.103030,0.769697
1.000000,0.000000,0.000000,-0.232143,0.142857,-0.333333,0.345238,-0.315476,0.535714,-0.273810,0.690476,-0.351190,0.369048,-0.547619,0.601190,-0.654762,0.738095,-0.738095,0.845238,-0.196429,0.416667,-0.333333,0.702381,-0.410714,0.880952,-0.458333,1.000000,-0.041667,0.458333,-0.142857,0.779762,-0.190476,0.833333,-0.202381,0.803571,0.095238,0.482143,-0.005952,0.738095,-0.059524,0.791667,-0.095238,0.785714
1.000000,0.000000,0.000000,-0.233533,0.137725,-0.335329,0.347305,-0.311377,0.550898,-0.275449,0.712575,-0.347305,0.365269,-0.544910,0.604790,-0.652695,0.748503,-0.730539,0.856287,-0.191617,0.413174,-0.323353,0.700599,-0.395210,0.880240,-0.437126,1.000000,-0.035928,0.455090,-0.131737,0.778443,-0.185629,0.826347,-0.203593,0.802395,0.101796,0.479042,0.005988,0.730539,-0.053892,0.784431,-0.089820,0.772455
1.000000,0.000000,0.000000,-0.230769,0.147929,-0.319527,0.378698,-0.278107,0.591716,-0.230769,0.757396,-0.331361,0.372781,-0.520710,0.609467,-0.621302,0.751479,-0.698225,0.857988,-0.177515,0.414201,-0.301775,0.704142,-0.372781,0.881657,-0.408284,1.000000,-0.017751,0.455621,-0.112426,0.781065,-0.159763,0.816568,-0.171598,0.769231,0.112426,0.473373,0.029586,0.727811,-0.029586,0.763314,-0.059172,0.739645
1.000000,0.000000,0.000000,-0.216374,0.134503,-0.321637,0.327485,-0.309942,0.508772,-0.280702,0.649123,-0.321637,0.368421,-0.502924,0.614035,-0.602339,0.754386,-0.666667,0.865497,-0.163743,0.415205,-0.286550,0.707602,-0.350877,0.883041,-0.391813,1.000000,-0.011696,0.450292,-0.099415,0.771930,-0.152047,0.812865,-0.169591,0.783626,0.116959,0.461988,0.035088,0.719298,-0.023392,0.771930,-0.058480,0.760234
1.000000,0.000000,0.000000,-0.215116,0.133721,-0.325581,0.319767,-0.325581,0.494186,-0.296512,0.639535,-0.319767,0.366279,-0.500000,0.616279,-0.593023,0.761628,-0.656977,0.872093,-0.162791,0.406977,-0.279070,0.703488,-0.348837,0.883721,-0.377907,1.000000,-0.005814,0.441860,-0.104651,0.761628,-0.162791,0.813953,-0.174419,0.784884,0.122093,0.459302,0.029070,0.715116,-0.029070,0.767442,-0.058140,0.761628
1.000000,0.000000,0.000000,-0.218391,0.126437,-0.333333,0.316092,-0.339080,0.494253,-0.304598,0.637931,-0.321839,0.356322,-0.500000,0.614943,-0.586207,0.758621,-0.649425,0.873563,-0.166667,0.402299,-0.281609,0.706897,-0.350575,0.885057,-0.390805,1.000000,-0.011494,0.436782,-0.103448,0.758621,-0.166667,0.804598,-0.183908,0.764368,0.120690,0.454023,0.028736,0.712644,-0.040230,0.758621,-0.068966,0.735632
1.000000,0.000000,0.000000,-0.205556,0.122222,-0.316667,0.294444,-0.333333,0.455556,-0.300000,0.588889,-0.316667,0.350000,-0.483333,0.611111,-0.561111,0.766667,-0.616667,0.877778,-0.161111,0.388889,-0.277778,0.700000,-0.333333,0.883333,-0.366667,1.000000,-0.011111,0.422222,-0.088889,0.727778,-0.127778,0.816667,-0.144444,0.827778,0.111111,0.427778,0.044444,0.677778,0.000000,0.755556,-0.022222,0.783333
1.000000,0.000000,0.000000,-0.207650,0.125683,-0.322404,0.295082,-0.349727,0.469945,-0.338798,0.612022,-0.322404,0.349727,-0.475410,0.606557,-0.551913,0.765027,-0.606557,0.885246,-0.163934,0.377049,-0.273224,0.693989,-0.327869,0.879781,-0.360656,1.000000,-0.016393,0.404372,-0.087432,0.715847,-0.136612,0.841530,-0.163934,0.901639,0.103825,0.415301,0.054645,0.666667,0.010929,0.775956,-0.027322,0.841530
1.000000,0.000000,0.000000,-0.213904,0.122995,-0.336898,0.299465,-0.379679,0.470588,-0.379679,0.604278,-0.320856,0.347594,-0.470588,0.609626,-0.550802,0.759358,-0.604278,0.882353,-0.165775,0.379679,-0.272727,0.689840,-0.326203,0.871658,-0.363636,1.000000,-0.016043,0.401070,-0.085561,0.711230,-0.128342,0.887701,-0.171123,1.000000,0.101604,0.411765,0.058824,0.663102,0.026738,0.786096,-0.010695,0.882353
1.000000,0.000000,0.000000,-0.216495,0.103093,-0.350515,0.273196,-0.422680,0.443299,-0.458763,0.572165,-0.309278,0.340206,-0.458763,0.587629,-0.530928,0.742268,-0.582474,0.860825,-0.154639,0.365979,-0.257732,0.670103,-0.309278,0.855670,-0.345361,0.979381,-0.020619,0.386598,-0.072165,0.685567,-0.103093,0.871134,-0.134021,1.000000,0.097938,0.391753,0.077320,0.628866,0.067010,0.757732,0.046392,0.865979
1.000000,0.000000,0.000000,-0.213198,0.101523,-0.375635,0.253807,-0.482233,0.421320,-0.573604,0.553299,-0.284264,0.345178,-0.431472,0.588832,-0.502538,0.736041,-0.558376,0.857868,-0.142132,0.375635,-0.238579,0.670051,-0.289340,0.847716,-0.324873,0.974619,-0.005076,0.390863,-0.045685,0.675127,-0.076142,0.862944,-0.106599,1.000000,0.116751,0.385787,0.106599,0.609137,0.096447,0.741117,0.086294,0.852792
1.000000,0.000000,0.000000,-0.207071,0.106061,-0.373737,0.257576,-0.500000,0.414141,-0.616162,0.515152,-0.272727,0.368687,-0.419192,0.601010,-0.500000,0.747475,-0.560606,0.863636,-0.126263,0.404040,-0.222222,0.686869,-0.272727,0.858586,-0.308081,0.984848,0.010101,0.414141,-0.020202,0.686869,-0.045455,0.868687,-0.070707,1.000000,0.126263,0.404040,0.121212,0.611111,0.121212,0.732323,0.116162,0.843434
1.000000,0.000000,0.000000,-0.216080,0.110553,-0.381910,0.266332,-0.522613,0.402010,-0.653266,0.482412,-0.271357,0.386935,-0.417085,0.618090,-0.497487,0.758794,-0.557789,0.869347,-0.130653,0.422111,-0.211055,0.703518,-0.261307,0.874372,-0.296482,1.000000,0.010050,0.427136,-0.005025,0.688442,-0.020101,0.864322,-0.040201,1.000000,0.125628,0.407035,0.130653,0.597990,0.135678,0.718593,0.130653,0.829146
1.000000,0.000000,0.000000,-0.211823,0.113300,-0.374384,0.261084,-0.522168,0.389163,-0.655172,0.453202,-0.256158,0.403941,-0.399015,0.620690,-0.477833,0.758621,-0.541872,0.862069,-0.113300,0.443350,-0.201970,0.709360,-0.246305,0.871921,-0.280788,1.000000,0.019704,0.448276,0.004926,0.699507,-0.004926,0.866995,-0.019704,0.995074,0.128079,0.423645,0.137931,0.600985,0.147783,0.714286,0.152709,0.817734
1.000000,0.000000,0.000000,-0.209756,0.107317,-0.375610,0.248780,-0.521951,0.365854,-0.653659,0.419512,-0.248780,0.409756,-0.395122,0.624390,-0.473171,0.756098,-0.536585,0.863415,-0.112195,0.448780,-0.190244,0.712195,-0.234146,0.873171,-0.263415,1.000000,0.019512,0.448780,0.009756,0.697561,0.004878,0.863415,0.000000,0.990244,0.131707,0.419512,0.146341,0.595122,0.160976,0.707317,0.165854,0.809756
2.000000,0.000000,0.000000,-0.152838,0.174672,-0.235808,0.362445,-0.327511,0.519651,-0.436681,0.611354,-0.056769,0.480349,-0.087336,0.720524,-0.091703,0.868996,-0.087336,0.982533,0.074236,0.462882,0.109170,0.716157,0.144105,0.877729,0.174672,1.000000,0.183406,0.414847,0.248908,0.628821,0.292576,0.777293,0.327511,0.890830,0.262009,0.349345,0.336245,0.489083,0.384279,0.585153,0.423581,0.668122
2.000000,0.000000,0.000000,-0.091837,0.275510,-0.076531,0.525510,-0.081633,0.734694,-0.158163,0.882653,0.270408,0.535714,0.464286,0.750000,0.596939,0.867347,0.709184,0.948980,0.403061,0.423469,0.658163,0.612245,0.821429,0.719388,0.948980,0.790816,0.474490,0.306122,0.724490,0.454082,0.877551,0.545918,1.000000,0.617347,0.489796,0.198980,0.688776,0.275510,0.816327,0.316327,0.928571,0.362245
2.000000,0.000000,0.000000,-0.084158,0.272277,-0.059406,0.509901,-0.049505,0.712871,-0.113861,0.851485,0.287129,0.504951,0.500000,0.693069,0.633663,0.792079,0.747525,0.866337,0.405941,0.396040,0.673267,0.549505,0.836634,0.638614,0.965347,0.698020,0.465347,0.282178,0.722772,0.400990,0.876238,0.475248,1.000000,0.534653,0.475248,0.178218,0.673267,0.242574,0.806931,0.272277,0.920792,0.301980
2.000000,0.000000,0.000000,-0.077295,0.260870,-0.043478,0.492754,-0.024155,0.695652,-0.077295,0.840580,0.304348,0.483092,0.521739,0.647343,0.661836,0.734300,0.772947,0.801932,0.415459,0.371981,0.681159,0.507246,0.845411,0.579710,0.975845,0.628019,0.468599,0.260870,0.719807,0.362319,0.874396,0.425121,1.000000,0.468599,0.473430,0.164251,0.666667,0.217391,0.792271,0.236715,0.903382,0.265700
2.000000,0.000000,0.000000,-0.066351,0.265403,-0.018957,0.492891,0.018957,0.691943,-0.028436,0.834123,0.331754,0.469194,0.554502,0.616114,0.691943,0.691943,0.805687,0.744076,0.426540,0.360190,0.691943,0.469194,0.857820,0.526066,0.985782,0.559242,0.469194,0.246445,0.720379,0.331754,0.872038,0.383886,1.000000,0.417062,0.473934,0.151659,0.663507,0.199052,0.791469,0.213270,0.900474,0.236967
2.000000,0.000000,0.000000,-0.057143,0.271429,-0.009524,0.495238,0.033333,0.695238,-0.004762,0.847619,0.338095,0.461905,0.576190,0.600000,0.714286,0.666667,0.833333,0.719048,0.428571,0.347619,0.700000,0.447619,0.866667,0.500000,0.995238,0.528571,0.471429,0.233333,0.719048,0.309524,0.876190,0.352381,1.000000,0.380952,0.471429,0.138095,0.666667,0.176190,0.795238,0.190476,0.904762,0.209524
2.000000,0.000000,0.000000,-0.052381,0.266667,0.000000,0.490476,0.047619,0.685714,0.009524,0.838095,0.347619,0.447619,0.580952,0.576190,0.723810,0.642857,0.842857,0.685714,0.433333,0.333333,0.700000,0.423810,0.871429,0.466667,1.000000,0.490476,0.471429,0.219048,0.719048,0.285714,0.871429,0.323810,1.000000,0.347619,0.471429,0.123810,0.666667,0.157143,0.795238,0.166667,0.904762,0.185714
2.000000,0.000000,0.000000,-0.047847,0.263158,0.014354,0.492823,0.057416,0.693780,0.023923,0.846890,0.363636,0.449761,0.593301,0.574163,0.736842,0.636364,0.856459,0.674641,0.444976,0.330144,0.708134,0.416268,0.875598,0.459330,1.000000,0.483254,0.478469,0.220096,0.727273,0.287081,0.875598,0.320574,1.000000,0.339713,0.478469,0.129187,0.669856,0.157895,0.789474,0.162679,0.899522,0.177033
2.000000,0.000000,0.000000,-0.049020,0.269608,0.019608,0.500000,0.073529,0.700980,0.044118,0.852941,0.372549,0.455882,0.602941,0.583333,0.745098,0.647059,0.857843,0.686275,0.455882,0.338235,0.710784,0.426471,0.877451,0.465686,1.000000,0.490196,0.485294,0.225490,0.725490,0.294118,0.867647,0.323529,0.990196,0.343137,0.480392,0.132353,0.671569,0.156863,0.789216,0.156863,0.892157,0.166667
2.000000,0.000000,0.000000,-0.045455,0.267677,0.030303,0.505050,0.085859,0.707071,0.065657,0.863636,0.383838,0.469697,0.611111,0.606061,0.747475,0.666667,0.863636,0.707071,0.464646,0.353535,0.717172,0.444444,0.878788,0.489899,1.000000,0.510101,0.489899,0.242424,0.727273,0.313131,0.863636,0.343434,0.984848,0.363636,0.484848,0.146465,0.671717,0.161616,0.787879,0.161616,0.893939,0.166667
2.000000,0.000000,0.000000,-0.036082,0.273196,0.051546,0.515464,0.113402,0.716495,0.092784,0.871134,0.407216,0.484536,0.628866,0.623711,0.768041,0.685567,0.881443,0.731959,0.479381,0.371134,0.726804,0.463918,0.881443,0.505155,1.000000,0.525773,0.500000,0.252577,0.731959,0.324742,0.865979,0.355670,0.979381,0.376289,0.489691,0.159794,0.680412,0.170103,0.793814,0.170103,0.896907,0.170103
2.000000,0.000000,0.000000,-0.041885,0.267016,0.057592,0.507853,0.125654,0.712042,0.104712,0.863874,0.418848,0.481675,0.633508,0.623037,0.764398,0.685864,0.879581,0.738220,0.486911,0.371728,0.727749,0.465969,0.879581,0.507853,1.000000,0.528796,0.502618,0.256545,0.732984,0.329843,0.863874,0.361257,0.979058,0.376963,0.492147,0.162304,0.675393,0.172775,0.790576,0.167539,0.895288,0.167539
2.000000,0.000000,0.000000,-0.042105,0.273684,0.052632,0.505263,0.121053,0.705263,0.100000,0.863158,0.415789,0.478947,0.626316,0.626316,0.757895,0.694737,0.868421,0.747368,0.484211,0.368421,0.726316,0.468421,0.878947,0.515789,1.000000,0.536842,0.505263,0.257895,0.731579,0.326316,0.863158,0.363158,0.978947,0.378947,0.489474,0.157895,0.673684,0.173684,0.794737,0.168421,0.894737,0.173684
2.000000,0.000000,0.000000,-0.047872,0.271277,0.042553,0.515957,0.111702,0.712766,0.090426,0.867021,0.404255,0.478723,0.611702,0.643617,0.739362,0.723404,0.856383,0.781915,0.484043,0.367021,0.723404,0.478723,0.877660,0.542553,1.000000,0.574468,0.505319,0.255319,0.734043,0.340426,0.867021,0.377660,0.989362,0.404255,0.494681,0.159574,0.680851,0.180851,0.797872,0.180851,0.904255,0.186170
2.000000,0.000000,0.000000,-0.048128,0.278075,0.032086,0.518717,0.096257,0.716578,0.069519,0.871658,0.395722,0.491979,0.598930,0.663102,0.732620,0.748663,0.844920,0.807487,0.481283,0.374332,0.716578,0.502674,0.871658,0.572192,1.000000,0.614973,0.508021,0.262032,0.737968,0.347594,0.877005,0.395722,0.994652,0.427807,0.497326,0.165775,0.679144,0.187166,0.802139,0.192513,0.909091,0.197861
2.000000,0.000000,0.000000,-0.053763,0.274194,0.026882,0.516129,0.086022,0.720430,0.053763,0.876344,0.387097,0.489247,0.586021,0.682796,0.709677,0.774194,0.822581,0.844086,0.473118,0.376344,0.704301,0.526882,0.860215,0.607527,0.983871,0.661290,0.505376,0.258065,0.731183,0.354839,0.876344,0.408602,1.000000,0.440860,0.494624,0.155914,0.682796,0.182796,0.806452,0.188172,0.913979,0.198925
2.000000,0.000000,0.000000,-0.053763,0.274194,0.016129,0.516129,0.069892,0.720430,0.032258,0.870968,0.370968,0.489247,0.559140,0.688172,0.677419,0.790323,0.784946,0.865591,0.462366,0.370968,0.693548,0.537634,0.844086,0.634409,0.962366,0.693548,0.500000,0.252688,0.731183,0.360215,0.876344,0.419355,1.000000,0.462366,0.489247,0.155914,0.677419,0.182796,0.801075,0.193548,0.913979,0.209677
2.000000,0.000000,0.000000,-0.054054,0.270270,0.010811,0.518919,0.054054,0.724324,0.010811,0.870270,0.356757,0.497297,0.535135,0.708108,0.654054,0.816216,0.762162,0.891892,0.459459,0.383784,0.675676,0.567568,0.827027,0.670270,0.945946,0.729730,0.502703,0.270270,0.729730,0.383784,0.875676,0.448649,1.000000,0.497297,0.497297,0.167568,0.681081,0.200000,0.810811,0.210811,0.918919,0.221622
2.000000,0.000000,0.000000,-0.066667,0.277778,-0.011111,0.527778,0.022222,0.738889,-0.033333,0.894444,0.344444,0.516667,0.511111,0.744444,0.633333,0.861111,0.738889,0.944444,0.455556,0.405556,0.666667,0.605556,0.811111,0.722222,0.933333,0.788889,0.505556,0.288889,0.738889,0.422222,0.877778,0.500000,1.000000,0.555556,0.505556,0.188889,0.700000,0.222222,0.822222,0.238889,0.933333,0.261111
2.000000,0.000000,0.000000,-0.068182,0.272727,-0.034091,0.528409,-0.022727,0.744318,-0.096591,0.892045,0.329545,0.528409,0.471591,0.772727,0.579545,0.903409,0.670455,1.000000,0.443182,0.426136,0.647727,0.647727,0.784091,0.772727,0.903409,0.852273,0.500000,0.312500,0.727273,0.460227,0.869318,0.551136,0.988636,0.619318,0.505682,0.204545,0.698864,0.244318,0.829545,0.272727,0.943182,0.301136
2.000000,0.000000,0.000000,-0.081522,0.250000,-0.065217,0.500000,-0.076087,0.711957,-0.152174,0.847826,0.277174,0.521739,0.396739,0.766304,0.478261,0.902174,0.554348,1.000000,0.391304,0.434783,0.565217,0.663043,0.684783,0.804348,0.782609,0.896739,0.456522,0.331522,0.657609,0.494565,0.782609,0.603261,0.885870,0.684783,0.467391,0.228261,0.652174,0.288043,0.771739,0.326087,0.875000,0.364130
2.000000,0.000000,0.000000,-0.090426,0.250000,-0.090426,0.494681,-0.106383,0.702128,-0.191489,0.829787,0.244681,0.521277,0.356383,0.776596,0.441489,0.904255,0.515957,1.000000,0.361702,0.436170,0.526596,0.670213,0.648936,0.808511,0.744681,0.893617,0.425532,0.335106,0.622340,0.510638,0.739362,0.622340,0.840426,0.702128,0.446809,0.234043,0.617021,0.308511,0.734043,0.351064,0.829787,0.398936
2.000000,0.000000,0.000000,-0.099476,0.240838,-0.104712,0.481675,-0.130890,0.675393,-0.214660,0.801047,0.219895,0.528796,0.319372,0.769634,0.403141,0.905759,0.476440,1.000000,0.340314,0.445026,0.492147,0.680628,0.607330,0.816754,0.701571,0.905759,0.403141,0.350785,0.586387,0.518325,0.701571,0.628272,0.795812,0.712042,0.424084,0.251309,0.591623,0.319372,0.701571,0.366492,0.795812,0.413613
2.000000,0.000000,0.000000,-0.108808,0.227979,-0.129534,0.461140,-0.160622,0.652850,-0.243523,0.772021,0.196891,0.528497,0.279793,0.772021,0.357513,0.901554,0.430052,1.000000,0.310881,0.455959,0.455959,0.689119,0.564767,0.823834,0.658031,0.917098,0.378238,0.362694,0.549223,0.533679,0.658031,0.647668,0.751295,0.735751,0.398964,0.264249,0.564767,0.336788,0.673575,0.388601,0.766839,0.435233
2.000000,0.000000,0.000000,-0.112821,0.230769,-0.133333,0.461538,-0.158974,0.651282,-0.235897,0.769231,0.194872,0.528205,0.276923,0.769231,0.353846,0.897436,0.420513,1.000000,0.307692,0.456410,0.446154,0.676923,0.553846,0.810256,0.646154,0.907692,0.369231,0.364103,0.538462,0.528205,0.651282,0.641026,0.743590,0.723077,0.389744,0.271795,0.553846,0.338462,0.661538,0.384615,0.758974,0.435897
2.000000,0.000000,0.000000,-0.117949,0.225641,-0.133333,0.456410,-0.158974,0.646154,-0.235897,0.758974,0.189744,0.538462,0.276923,0.769231,0.348718,0.902564,0.415385,1.000000,0.302564,0.466667,0.446154,0.682051,0.553846,0.815385,0.641026,0.907692,0.364103,0.374359,0.533333,0.538462,0.646154,0.646154,0.738462,0.733333,0.379487,0.276923,0.543590,0.343590,0.656410,0.389744,0.748718,0.435897
2.000000,0.000000,0.000000,-0.121212,0.212121,-0.141414,0.439394,-0.156566,0.626263,-0.227273,0.742424,0.171717,0.545455,0.257576,0.772727,0.328283,0.898990,0.398990,1.000000,0.277778,0.479798,0.419192,0.686869,0.525253,0.818182,0.616162,0.904040,0.338384,0.393939,0.500000,0.555556,0.606061,0.656566,0.702020,0.737374,0.353535,0.303030,0.510101,0.368687,0.616162,0.409091,0.707071,0.454545
2.000000,0.000000,0.000000,-0.129353,0.203980,-0.139303,0.432836,-0.149254,0.611940,-0.208955,0.731343,0.159204,0.542289,0.248756,0.771144,0.318408,0.900497,0.383085,1.000000,0.258706,0.482587,0.393035,0.691542,0.497512,0.820895,0.587065,0.900497,0.308458,0.407960,0.462687,0.567164,0.567164,0.666667,0.661692,0.736318,0.318408,0.323383,0.472637,0.388060,0.577114,0.427861,0.666667,0.462687
2.000000,0.000000,0.000000,-0.122549,0.196078,-0.142157,0.426471,-0.151961,0.607843,-0.210784,0.720588,0.156863,0.539216,0.245098,0.769608,0.313726,0.897059,0.377451,1.000000,0.254902,0.480392,0.387255,0.696078,0.485294,0.828431,0.578431,0.911765,0.303922,0.406863,0.455882,0.573529,0.563725,0.671569,0.656863,0.740196,0.318627,0.333333,0.465686,0.401961,0.568627,0.441176,0.661765,0.475490
2.000000,0.000000,0.000000,-0.130435,0.193237,-0.149758,0.415459,-0.169082,0.594203,-0.231884,0.700483,0.149758,0.541063,0.231884,0.768116,0.299517,0.898551,0.357488,1.000000,0.241546,0.492754,0.371981,0.700483,0.468599,0.826087,0.560386,0.908213,0.294686,0.420290,0.439614,0.584541,0.545894,0.685990,0.637681,0.753623,0.309179,0.338164,0.454106,0.410628,0.555556,0.449275,0.642512,0.487923
2.000000,0.000000,0.000000,-0.133971,0.191388,-0.153110,0.411483,-0.162679,0.583732,-0.220096,0.688995,0.143541,0.535885,0.229665,0.765550,0.296651,0.894737,0.363636,1.000000,0.239234,0.488038,0.363636,0.698565,0.464115,0.827751,0.550239,0.913876,0.287081,0.416268,0.430622,0.583732,0.540670,0.684211,0.631579,0.755981,0.301435,0.344498,0.449761,0.416268,0.550239,0.454545,0.636364,0.488038
2.000000,0.000000,0.000000,-0.132075,0.183962,-0.155660,0.405660,-0.179245,0.580189,-0.259434,0.679245,0.141509,0.542453,0.221698,0.768868,0.287736,0.896226,0.344340,1.000000,0.240566,0.490566,0.363208,0.702830,0.457547,0.830189,0.542453,0.919811,0.292453,0.419811,0.438679,0.584906,0.542453,0.688679,0.632075,0.759434,0.306604,0.344340,0.452830,0.415094,0.551887,0.457547,0.641509,0.495283
2.000000,0.000000,0.000000,-0.129032,0.188940,-0.170507,0.396313,-0.216590,0.571429,-0.308756,0.672811,0.129032,0.534562,0.198157,0.764977,0.258065,0.894009,0.313364,1.000000,0.235023,0.483871,0.350230,0.700461,0.442396,0.834101,0.520737,0.926267,0.294931,0.414747,0.433180,0.585253,0.534562,0.695853,0.622120,0.774194,0.313364,0.336406,0.456221,0.414747,0.557604,0.465438,0.640553,0.506912
2.000000,0.000000,0.000000,-0.132420,0.191781,-0.182648,0.397260,-0.242009,0.570776,-0.351598,0.662100,0.118721,0.529680,0.178082,0.762557,0.232877,0.894977,0.283105,1.000000,0.232877,0.479452,0.342466,0.703196,0.429224,0.840183,0.506849,0.940639,0.296804,0.406393,0.438356,0.584475,0.529680,0.694064,0.611872,0.776256,0.319635,0.333333,0.465753,0.415525,0.561644,0.465753,0.648402,0.511416
2.000000,0.000000,0.000000,-0.130045,0.188341,-0.197309,0.394619,-0.269058,0.560538,-0.381166,0.650224,0.103139,0.524664,0.147982,0.757848,0.192825,0.892377,0.237668,1.000000,0.224215,0.475336,0.322870,0.704036,0.399103,0.843049,0.470852,0.946188,0.300448,0.408072,0.430493,0.591928,0.511211,0.704036,0.591928,0.798206,0.331839,0.336323,0.461883,0.426009,0.556054,0.479821,0.636771,0.529148
2.000000,0.000000,0.000000,-0.136564,0.185022,-0.215859,0.378855,-0.308370,0.537445,-0.422908,0.621145,0.066079,0.515419,0.092511,0.753304,0.123348,0.889868,0.154185,1.000000,0.193833,0.475771,0.273128,0.713656,0.339207,0.859031,0.396476,0.964758,0.277533,0.409692,0.392070,0.599119,0.466960,0.718062,0.533040,0.814978,0.312775,0.330396,0.436123,0.431718,0.519824,0.488987,0.594714,0.546256
2.000000,0.000000,0.000000,-0.144105,0.174672,-0.235808,0.358079,-0.336245,0.510917,-0.454148,0.593886,0.034934,0.502183,0.043668,0.746725,0.065502,0.890830,0.087336,1.000000,0.165939,0.467249,0.227074,0.716157,0.283843,0.873362,0.336245,0.986900,0.253275,0.406114,0.358079,0.606987,0.423581,0.737991,0.484716,0.842795,0.301310,0.331878,0.414847,0.441048,0.489083,0.510917,0.558952,0.580786
2.000000,0.000000,0.000000,-0.151515,0.160173,-0.255411,0.333333,-0.367965,0.476190,-0.489177,0.549784,0.000000,0.493506,-0.017316,0.740260,-0.012987,0.883117,-0.004329,1.000000,0.129870,0.471861,0.168831,0.727273,0.203463,0.887446,0.238095,1.000000,0.229437,0.415584,0.311688,0.632035,0.363636,0.770563,0.406926,0.874459,0.285714,0.341991,0.385281,0.463203,0.454545,0.545455,0.515152,0.619048
2.000000,0.000000,0.000000,-0.163090,0.141631,-0.274678,0.296137,-0.399142,0.433476,-0.527897,0.497854,-0.047210,0.472103,-0.081545,0.712446,-0.094421,0.858369,-0.098712,0.974249,0.081545,0.463519,0.098712,0.721030,0.115880,0.879828,0.133047,1.000000,0.184549,0.420601,0.248927,0.639485,0.283262,0.781116,0.313305,0.892704,0.253219,0.356223,0.343348,0.480687,0.403433,0.562232,0.454936,0.639485
2.000000,0.000000,0.000000,-0.170213,0.131915,-0.297872,0.276596,-0.429787,0.395745,-0.561702,0.446809,-0.089362,0.472340,-0.148936,0.706383,-0.174468,0.846808,-0.191489,0.957447,0.042553,0.472340,0.029787,0.723404,0.029787,0.880851,0.034043,1.000000,0.148936,0.438298,0.182979,0.659574,0.208511,0.800000,0.221277,0.910638,0.221277,0.378723,0.297872,0.510638,0.353191,0.595745,0.395745,0.672340
2.000000,0.000000,0.000000,-0.181818,0.112554,-0.329004,0.246753,-0.467532,0.354978,-0.610390,0.393939,-0.147186,0.458874,-0.233766,0.688312,-0.285714,0.822511,-0.320346,0.930736,-0.017316,0.480519,-0.060606,0.731602,-0.082251,0.883117,-0.095238,1.000000,0.095238,0.458874,0.099567,0.692641,0.103896,0.835498,0.103896,0.943723,0.177489,0.411255,0.238095,0.562771,0.277056,0.658009,0.316017,0.744589
2.000000,0.000000,0.000000,-0.204444,0.088889,-0.360000,0.208889,-0.506667,0.311111,-0.648889,0.333333,-0.200000,0.435556,-0.320000,0.662222,-0.386667,0.804444,-0.440000,0.911111,-0.071111,0.475556,-0.151111,0.728889,-0.191111,0.884444,-0.217778,1.000000,0.048889,0.471111,0.022222,0.711111,0.000000,0.857778,-0.013333,0.968889,0.137778,0.435556,0.173333,0.595556,0.204444,0.702222,0.231111,0.791111
2.000000,0.000000,0.000000,-0.215596,0.073394,-0.389908,0.178899,-0.555046,0.270642,-0.711009,0.279817,-0.252294,0.431193,-0.403670,0.655963,-0.490826,0.788991,-0.559633,0.899083,-0.119266,0.481651,-0.229358,0.724771,-0.298165,0.885321,-0.344037,1.000000,0.009174,0.481651,-0.050459,0.724771,-0.096330,0.871560,-0.133028,0.986239,0.114679,0.449541,0.128440,0.619266,0.142202,0.733945,0.151376,0.830275
2.000000,0.000000,0.000000,-0.235849,0.056604,-0.424528,0.155660,-0.603774,0.231132,-0.764151,0.235849,-0.301887,0.419811,-0.476415,0.636792,-0.580189,0.764151,-0.665094,0.863208,-0.165094,0.481132,-0.306604,0.726415,-0.396226,0.882075,-0.462264,1.000000,-0.033019,0.490566,-0.117925,0.735849,-0.183962,0.886792,-0.235849,1.000000,0.084906,0.466981,0.070755,0.646226,0.066038,0.764151,0.056604,0.863208
2.000000,0.000000,0.000000,-0.232227,0.052133,-0.431280,0.146919,-0.620853,0.213270,-0.777251,0.208531,-0.322275,0.412322,-0.516588,0.616114,-0.635071,0.739336,-0.725118,0.834123,-0.194313,0.483412,-0.360190,0.720379,-0.464455,0.867299,-0.540284,0.981043,-0.061611,0.502370,-0.170616,0.744076,-0.246445,0.890995,-0.308057,1.000000,0.056872,0.488152,0.028436,0.672986,0.009479,0.791469,-0.014218,0.895735
2.000000,0.000000,0.000000,-0.243902,0.043902,-0.463415,0.131707,-0.663415,0.190244,-0.824390,0.175610,-0.365854,0.395122,-0.590244,0.595122,-0.726829,0.712195,-0.834146,0.795122,-0.239024,0.473171,-0.439024,0.707317,-0.570732,0.853659,-0.668293,0.960976,-0.107317,0.507317,-0.248780,0.751220,-0.351220,0.892683,-0.439024,1.000000,0.019512,0.507317,-0.029268,0.702439,-0.073171,0.824390,-0.121951,0.921951
2.000000,0.000000,0.000000,-0.252525,0.025253,-0.484848,0.111111,-0.696970,0.161616,-0.863636,0.136364,-0.409091,0.373737,-0.656566,0.575758,-0.813131,0.681818,-0.939394,0.757576,-0.287879,0.459596,-0.520202,0.696970,-0.676768,0.833333,-0.792929,0.929293,-0.156566,0.505050,-0.328283,0.757576,-0.459596,0.898990,-0.570707,1.000000,-0.020202,0.515152,-0.106061,0.717172,-0.176768,0.833333,-0.247475,0.929293
2.000000,0.000000,0.000000,-0.242574,0.009901,-0.475248,0.089109,-0.683168,0.133663,-0.851485,0.099010,-0.430693,0.336634,-0.698020,0.514852,-0.866337,0.613861,-1.000000,0.683168,-0.326733,0.420792,-0.584158,0.633663,-0.752475,0.762376,-0.881188,0.851485,-0.202970,0.475248,-0.410891,0.702970,-0.554455,0.831683,-0.678218,0.925743,-0.069307,0.500000,-0.183168,0.688119,-0.267327,0.797030,-0.346535,0.886139
2.000000,0.000000,0.000000,-0.237209,0.004651,-0.460465,0.065116,-0.651163,0.097674,-0.795349,0.055814,-0.437209,0.283721,-0.702326,0.437209,-0.869767,0.516279,-1.000000,0.567442,-0.348837,0.372093,-0.613953,0.548837,-0.790698,0.651163,-0.930233,0.716279,-0.232558,0.432558,-0.460465,0.637209,-0.613953,0.748837,-0.739535,0.818605,-0.106977,0.465116,-0.241860,0.627907,-0.339535,0.725581,-0.432558,0.795349
2.000000,0.000000,0.000000,-0.224670,-0.022026,-0.431718,0.026432,-0.607930,0.044053,-0.744493,0.013216,-0.444934,0.220264,-0.704846,0.343612,-0.867841,0.409692,-1.000000,0.449339,-0.374449,0.299559,-0.647577,0.449339,-0.819383,0.533040,-0.955947,0.590308,-0.277533,0.365639,-0.515419,0.537445,-0.665198,0.629956,-0.792952,0.687225,-0.158590,0.405286,-0.290749,0.546256,-0.392070,0.629956,-0.484582,0.691630
2.000000,0.000000,0.000000,-0.207792,-0.030303,-0.402597,0.004329,-0.571429,0.012987,-0.701299,-0.025974,-0.454545,0.194805,-0.701299,0.290043,-0.865801,0.333333,-1.000000,0.363636,-0.393939,0.268398,-0.662338,0.393939,-0.844156,0.458874,-0.987013,0.502164,-0.303030,0.329004,-0.541126,0.484848,-0.696970,0.567100,-0.831169,0.614719,-0.181818,0.372294,-0.329004,0.502164,-0.441558,0.575758,-0.549784,0.627706
2.000000,0.000000,0.000000,-0.189873,-0.050633,-0.379747,-0.033755,-0.540084,-0.033755,-0.662447,-0.067511,-0.464135,0.139241,-0.717300,0.215190,-0.877637,0.248945,-1.000000,0.261603,-0.417722,0.210970,-0.687764,0.312236,-0.860759,0.354430,-1.000000,0.383966,-0.337553,0.274262,-0.586498,0.413502,-0.742616,0.481013,-0.873418,0.514768,-0.227848,0.333333,-0.383966,0.443038,-0.497890,0.506329,-0.603376,0.552743
2.000000,0.000000,0.000000,-0.171429,-0.065306,-0.346939,-0.053061,-0.493878,-0.061224,-0.608163,-0.102041,-0.461224,0.093878,-0.710204,0.151020,-0.861224,0.163265,-0.983673,0.167347,-0.424490,0.159184,-0.693878,0.244898,-0.861224,0.273469,-1.000000,0.289796,-0.351020,0.224490,-0.608163,0.338776,-0.763265,0.391837,-0.893878,0.424490,-0.253061,0.289796,-0.420408,0.387755,-0.534694,0.432653,-0.644898,0.473469
2.000000,0.000000,0.000000,-0.158730,-0.071429,-0.321429,-0.071429,-0.456349,-0.083333,-0.563492,-0.123016,-0.452381,0.059524,-0.694444,0.103175,-0.841270,0.111111,-0.960317,0.111111,-0.424603,0.126984,-0.694444,0.190476,-0.861111,0.206349,-1.000000,0.214286,-0.365079,0.198413,-0.619048,0.289683,-0.777778,0.329365,-0.904762,0.345238,-0.277778,0.265873,-0.448413,0.349206,-0.567460,0.384921,-0.678571,0.412698
2.000000,0.000000,0.000000,-0.152344,-0.074219,-0.312500,-0.085938,-0.437500,-0.105469,-0.539062,-0.152344,-0.449219,0.035156,-0.687500,0.058594,-0.832031,0.058594,-0.953125,0.054688,-0.429688,0.101562,-0.699219,0.140625,-0.863281,0.152344,-1.000000,0.152344,-0.382812,0.171875,-0.640625,0.242188,-0.792969,0.269531,-0.917969,0.281250,-0.308594,0.246094,-0.484375,0.312500,-0.605469,0.343750,-0.714844,0.363281
2.000000,0.000000,0.000000,-0.144531,-0.078125,-0.300781,-0.097656,-0.417969,-0.121094,-0.511719,-0.175781,-0.441406,0.011719,-0.675781,0.023438,-0.816406,0.019531,-0.933594,0.011719,-0.429688,0.078125,-0.699219,0.105469,-0.863281,0.105469,-1.000000,0.101562,-0.386719,0.148438,-0.648438,0.207031,-0.800781,0.226562,-0.925781,0.230469,-0.320312,0.226562,-0.496094,0.285156,-0.617188,0.304688,-0.730469,0.320312
2.000000,0.000000,0.000000,-0.143426,-0.091633,-0.290837,-0.115538,-0.406375,-0.147410,-0.498008,-0.207171,-0.442231,-0.015936,-0.673307,-0.011952,-0.812749,-0.019920,-0.924303,-0.031873,-0.438247,0.047809,-0.705179,0.071713,-0.864542,0.071713,-1.000000,0.063745,-0.398406,0.123506,-0.661355,0.175299,-0.816733,0.191235,-0.940239,0.195219,-0.334661,0.203187,-0.517928,0.254980,-0.641434,0.274900,-0.752988,0.286853
2.000000,0.000000,0.000000,-0.143443,-0.090164,-0.295082,-0.118852,-0.409836,-0.155738,-0.495902,-0.221311,-0.446721,-0.008197,-0.676230,-0.008197,-0.811475,-0.016393,-0.918033,-0.032787,-0.438525,0.053279,-0.713115,0.077869,-0.872951,0.077869,-1.000000,0.061475,-0.401639,0.127049,-0.668033,0.180328,-0.823770,0.200820,-0.946721,0.200820,-0.336066,0.204918,-0.520492,0.258197,-0.639344,0.278689,-0.754098,0.295082
2.000000,0.000000,0.000000,-0.149378,-0.091286,-0.298755,-0.116183,-0.414938,-0.157676,-0.502075,-0.224066,-0.452282,0.004149,-0.676349,0.008299,-0.813278,0.004149,-0.921162,-0.004149,-0.448133,0.074689,-0.709544,0.095436,-0.871369,0.095436,-1.000000,0.091286,-0.406639,0.153527,-0.659751,0.207469,-0.813278,0.228216,-0.937759,0.236515,-0.336100,0.232365,-0.514523,0.290456,-0.634855,0.315353,-0.742739,0.327801
2.000000,0.000000,0.000000,-0.152542,-0.080508,-0.313559,-0.105932,-0.444915,-0.148305,-0.542373,-0.216102,-0.466102,0.029661,-0.694915,0.050847,-0.838983,0.055085,-0.957627,0.059322,-0.453390,0.110169,-0.707627,0.144068,-0.868644,0.161017,-1.000000,0.173729,-0.402542,0.190678,-0.648305,0.254237,-0.796610,0.292373,-0.919492,0.313559,-0.322034,0.271186,-0.491525,0.334746,-0.601695,0.372881,-0.703390,0.402542
2.000000,0.000000,0.000000,-0.176991,-0.079646,-0.349558,-0.097345,-0.491150,-0.128319,-0.592920,-0.181416,-0.469027,0.079646,-0.712389,0.119469,-0.862832,0.132743,-0.982301,0.141593,-0.442478,0.168142,-0.703540,0.234513,-0.871681,0.274336,-1.000000,0.292035,-0.380531,0.243363,-0.619469,0.336283,-0.769912,0.393805,-0.893805,0.424779,-0.287611,0.318584,-0.442478,0.402655,-0.544248,0.446903,-0.641593,0.477876
2.000000,0.000000,0.000000,-0.196262,-0.065421,-0.387850,-0.070093,-0.546729,-0.093458,-0.663551,-0.149533,-0.481308,0.140187,-0.724299,0.196262,-0.869159,0.233645,-0.990654,0.261682,-0.439252,0.228972,-0.696262,0.327103,-0.864486,0.387850,-1.000000,0.429907,-0.359813,0.303738,-0.584112,0.425234,-0.728972,0.504673,-0.855140,0.556075,-0.257009,0.369159,-0.392523,0.476636,-0.485981,0.537383,-0.574766,0.588785
2.000000,0.000000,0.000000,-0.217172,-0.040404,-0.424242,-0.025253,-0.595960,-0.030303,-0.737374,-0.075758,-0.494949,0.232323,-0.727273,0.338384,-0.873737,0.398990,-1.000000,0.449495,-0.429293,0.328283,-0.666667,0.474747,-0.818182,0.570707,-0.944444,0.641414,-0.328283,0.393939,-0.525253,0.565657,-0.661616,0.671717,-0.777778,0.747475,-0.196970,0.439394,-0.313131,0.585859,-0.404040,0.676768,-0.494949,0.747475
2.000000,0.000000,0.000000,-0.251366,-0.016393,-0.469945,0.027322,-0.666667,0.043716,-0.819672,-0.010929,-0.486339,0.327869,-0.726776,0.469945,-0.874317,0.551913,-1.000000,0.622951,-0.387978,0.426230,-0.622951,0.612022,-0.770492,0.737705,-0.879781,0.836066,-0.267760,0.480874,-0.442623,0.683060,-0.562842,0.819672,-0.655738,0.923497,-0.125683,0.502732,-0.234973,0.677596,-0.316940,0.786885,-0.393443,0.879781
2.000000,0.000000,0.000000,-0.256983,0.011173,-0.474860,0.078212,-0.670391,0.106145,-0.832402,0.067039,-0.441341,0.379888,-0.670391,0.536313,-0.810056,0.642458,-0.927374,0.726257,-0.329609,0.463687,-0.541899,0.681564,-0.681564,0.821229,-0.787709,0.932961,-0.201117,0.508380,-0.351955,0.737430,-0.463687,0.882682,-0.558659,1.000000,-0.061453,0.519553,-0.145251,0.709497,-0.217877,0.826816,-0.279330,0.932961
2.000000,0.000000,0.000000,-0.235602,0.036649,-0.434555,0.115183,-0.617801,0.162304,-0.769634,0.136126,-0.371728,0.387435,-0.575916,0.565445,-0.701571,0.675393,-0.795812,0.764398,-0.261780,0.471204,-0.439791,0.701571,-0.549738,0.842932,-0.628272,0.952880,-0.136126,0.502618,-0.256545,0.738220,-0.345550,0.884817,-0.418848,1.000000,-0.010471,0.502618,-0.068063,0.685864,-0.115183,0.806283,-0.167539,0.905759
2.000000,0.000000,0.000000,-0.228426,0.045685,-0.416244,0.126904,-0.593909,0.187817,-0.741117,0.182741,-0.319797,0.390863,-0.492386,0.578680,-0.593909,0.700508,-0.675127,0.796954,-0.197970,0.456853,-0.335025,0.705584,-0.421320,0.857868,-0.482233,0.969543,-0.076142,0.482233,-0.157360,0.720812,-0.213198,0.878173,-0.263959,1.000000,0.040609,0.472081,0.000000,0.654822,-0.025381,0.771574,-0.055838,0.878173
2.000000,0.000000,0.000000,-0.218905,0.059701,-0.393035,0.159204,-0.562189,0.243781,-0.706468,0.258706,-0.273632,0.412935,-0.412935,0.626866,-0.492537,0.756219,-0.557214,0.860696,-0.149254,0.472637,-0.248756,0.726368,-0.308458,0.885572,-0.343284,1.000000,-0.029851,0.482587,-0.069652,0.726368,-0.104478,0.875622,-0.129353,0.995025,0.074627,0.462687,0.064677,0.646766,0.054726,0.761194,0.044776,0.860696
2.000000,0.000000,0.000000,-0.207729,0.077295,-0.367150,0.188406,-0.521739,0.285024,-0.657005,0.314010,-0.231884,0.429952,-0.338164,0.642512,-0.400966,0.772947,-0.439614,0.879227,-0.101449,0.473430,-0.164251,0.729469,-0.198068,0.884058,-0.217391,1.000000,0.014493,0.478261,0.004831,0.705314,-0.009662,0.855072,-0.019324,0.971014,0.111111,0.444444,0.120773,0.618357,0.125604,0.729469,0.120773,0.821256
2.000000,0.000000,0.000000,-0.195238,0.090476,-0.347619,0.228571,-0.480952,0.338095,-0.609524,0.376190,-0.180952,0.461905,-0.252381,0.676190,-0.285714,0.809524,-0.304762,0.914286,-0.047619,0.490476,-0.061905,0.738095,-0.066667,0.885714,-0.057143,1.000000,0.061905,0.480952,0.090476,0.695238,0.100000,0.833333,0.119048,0.942857,0.142857,0.438095,0.180952,0.600000,0.204762,0.700000,0.219048,0.790476
2.000000,0.000000,0.000000,-0.194175,0.101942,-0.330097,0.266990,-0.446602,0.402913,-0.567961,0.466019,-0.126214,0.495146,-0.160194,0.723301,-0.160194,0.859223,-0.155340,0.966019,0.014563,0.500000,0.048544,0.747573,0.077670,0.893204,0.106796,1.000000,0.121359,0.470874,0.179612,0.689320,0.218447,0.815534,0.257282,0.922330,0.189320,0.417476,0.252427,0.577670,0.291262,0.674757,0.325243,0.762136
2.000000,0.000000,0.000000,-0.187192,0.133005,-0.295566,0.310345,-0.399015,0.458128,-0.517241,0.522168,-0.064039,0.522168,-0.064039,0.753695,-0.044335,0.886699,-0.024631,0.995074,0.073892,0.512315,0.133005,0.748768,0.187192,0.891626,0.236453,1.000000,0.172414,0.463054,0.256158,0.674877,0.315271,0.802956,0.369458,0.901478,0.226601,0.403941,0.305419,0.561576,0.364532,0.655172,0.408867,0.743842
2.000000,0.000000,0.000000,-0.180000,0.145000,-0.275000,0.330000,-0.360000,0.485000,-0.465000,0.565000,-0.025000,0.530000,0.000000,0.765000,0.035000,0.895000,0.070000,1.000000,0.115000,0.510000,0.200000,0.745000,0.270000,0.880000,0.335000,0.980000,0.205000,0.460000,0.310000,0.660000,0.385000,0.780000,0.450000,0.880000,0.255000,0.390000,0.350000,0.540000,0.415000,0.625000,0.475000,0.705000
2.000000,0.000000,0.000000,-0.172589,0.162437,-0.243655,0.370558,-0.304569,0.548223,-0.406091,0.644670,0.025381,0.548223,0.086294,0.771574,0.142132,0.898477,0.197970,1.000000,0.157360,0.512690,0.284264,0.736041,0.375635,0.868020,0.456853,0.959391,0.243655,0.446701,0.375635,0.639594,0.461929,0.751269,0.543147,0.837563,0.289340,0.375635,0.401015,0.517766,0.477157,0.598985,0.538071,0.670051
2.000000,0.000000,0.000000,-0.162304,0.178010,-0.219895,0.397906,-0.267016,0.586387,-0.356021,0.691099,0.083770,0.565445,0.178010,0.785340,0.246073,0.905759,0.319372,1.000000,0.209424,0.518325,0.366492,0.727749,0.476440,0.848168,0.575916,0.931937,0.287958,0.445026,0.445026,0.623037,0.544503,0.727749,0.633508,0.801047,0.324607,0.366492,0.450262,0.502618,0.534031,0.575916,0.607330,0.643979
2.000000,0.000000,0.000000,-0.153005,0.196721,-0.185792,0.442623,-0.202186,0.639344,-0.262295,0.759563,0.163934,0.584699,0.300546,0.797814,0.387978,0.912568,0.469945,1.000000,0.278689,0.519126,0.464481,0.721311,0.595628,0.830601,0.704918,0.901639,0.344262,0.442623,0.524590,0.612022,0.633880,0.704918,0.737705,0.770492,0.366120,0.355191,0.508197,0.486339,0.601093,0.551913,0.677596,0.617486
2.000000,0.000000,0.000000,-0.135294,0.252941,-0.135294,0.500000,-0.105882,0.705882,-0.123529,0.858824,0.258824,0.611765,0.441176,0.817647,0.558824,0.929412,0.664706,1.000000,0.358824,0.529412,0.594118,0.717647,0.747059,0.817647,0.876471,0.876471,0.411765,0.435294,0.623529,0.594118,0.752941,0.676471,0.870588,0.735294,0.423529,0.347059,0.594118,0.470588,0.694118,0.541176,0.776471,0.605882
2.000000,0.000000,0.000000,-0.129630,0.277778,-0.086420,0.555556,-0.030864,0.765432,-0.055556,0.919753,0.327161,0.623457,0.543210,0.820988,0.672840,0.925926,0.790123,1.000000,0.419753,0.537037,0.672840,0.703704,0.839506,0.802469,0.975309,0.851852,0.456790,0.432099,0.685185,0.580247,0.827160,0.654321,0.950617,0.709877,0.456790,0.351852,0.641975,0.456790,0.753086,0.512346,0.845679,0.567901
2.000000,0.000000,0.000000,-0.102410,0.283133,-0.042169,0.536145,0.024096,0.728916,0.030120,0.879518,0.367470,0.578313,0.590361,0.753012,0.722892,0.843373,0.837349,0.909639,0.445783,0.481928,0.704819,0.632530,0.867470,0.716867,1.000000,0.753012,0.469880,0.379518,0.698795,0.512048,0.837349,0.578313,0.963855,0.620482,0.463855,0.301205,0.644578,0.391566,0.753012,0.439759,0.849398,0.487952
2.000000,0.000000,0.000000,-0.075145,0.254335,0.005780,0.491329,0.092486,0.676301,0.115607,0.809249,0.387283,0.502890,0.612717,0.641618,0.751445,0.710983,0.867052,0.763006,0.456647,0.404624,0.705202,0.520231,0.867052,0.583815,1.000000,0.612717,0.479769,0.317919,0.705202,0.416185,0.843931,0.468208,0.965318,0.497110,0.473988,0.236994,0.647399,0.312139,0.751445,0.352601,0.843931,0.387283
2.000000,0.000000,0.000000,-0.050562,0.269663,0.039326,0.483146,0.140449,0.651685,0.174157,0.786517,0.404494,0.460674,0.634831,0.589888,0.775281,0.651685,0.893258,0.691011,0.460674,0.365169,0.707865,0.460674,0.870786,0.511236,1.000000,0.528090,0.471910,0.275281,0.696629,0.359551,0.831461,0.398876,0.943820,0.415730,0.460674,0.202247,0.629214,0.264045,0.730337,0.292135,0.814607,0.320225
2.000000,0.000000,0.000000,-0.044199,0.265193,0.071823,0.475138,0.182320,0.635359,0.232044,0.779006,0.408840,0.436464,0.646409,0.541436,0.790055,0.591160,0.906077,0.624309,0.464088,0.342541,0.707182,0.419890,0.867403,0.458564,1.000000,0.469613,0.475138,0.254144,0.696133,0.325967,0.828729,0.353591,0.944751,0.370166,0.453039,0.187845,0.624309,0.237569,0.718232,0.259668,0.806630,0.281768
2.000000,0.000000,0.000000,-0.021858,0.267760,0.114754,0.469945,0.234973,0.622951,0.300546,0.759563,0.442623,0.404372,0.677596,0.486339,0.814208,0.519126,0.928962,0.540984,0.480874,0.311475,0.721311,0.366120,0.879781,0.393443,1.000000,0.398907,0.475410,0.224044,0.693989,0.278689,0.825137,0.300546,0.939891,0.306011,0.453552,0.153005,0.612022,0.196721,0.710383,0.218579,0.792350,0.234973
2.000000,0.000000,0.000000,0.005435,0.282609,0.146739,0.478261,0.266304,0.619565,0.347826,0.750000,0.456522,0.385870,0.690217,0.451087,0.831522,0.478261,0.940217,0.489130,0.483696,0.288043,0.722826,0.326087,0.880435,0.347826,1.000000,0.342391,0.478261,0.201087,0.690217,0.239130,0.820652,0.255435,0.929348,0.260870,0.451087,0.135870,0.603261,0.173913,0.690217,0.190217,0.766304,0.206522
2.000000,0.000000,0.000000,0.038462,0.313187,0.186813,0.505495,0.302198,0.637363,0.401099,0.763736,0.489011,0.390110,0.714286,0.445055,0.851648,0.467033,0.961538,0.467033,0.494505,0.291209,0.730769,0.324176,0.879121,0.340659,1.000000,0.329670,0.478022,0.203297,0.675824,0.236264,0.807692,0.252747,0.912088,0.258242,0.445055,0.137363,0.582418,0.175824,0.675824,0.186813,0.752747,0.197802
2.000000,0.000000,0.000000,0.056497,0.316384,0.225989,0.514124,0.355932,0.649718,0.468927,0.762712,0.508475,0.378531,0.745763,0.423729,0.881356,0.435028,0.988701,0.423729,0.508475,0.276836,0.745763,0.299435,0.887006,0.310734,1.000000,0.288136,0.485876,0.192090,0.683616,0.214689,0.807910,0.225989,0.909605,0.225989,0.446328,0.135593,0.581921,0.158192,0.672316,0.163842,0.745763,0.169492
2.000000,0.000000,0.000000,0.095506,0.314607,0.269663,0.500000,0.398876,0.629214,0.533708,0.741573,0.528090,0.359551,0.764045,0.393258,0.898876,0.398876,1.000000,0.382022,0.511236,0.269663,0.741573,0.269663,0.876405,0.264045,0.983146,0.241573,0.471910,0.191011,0.646067,0.196629,0.780899,0.207865,0.876405,0.191011,0.421348,0.146067,0.539326,0.162921,0.629214,0.162921,0.696629,0.157303
2.000000,0.000000,0.000000,0.117978,0.320225,0.308989,0.494382,0.443820,0.623595,0.606742,0.719101,0.539326,0.342697,0.769663,0.370787,0.898876,0.376404,1.000000,0.359551,0.511236,0.247191,0.730337,0.247191,0.859551,0.241573,0.966292,0.219101,0.466292,0.185393,0.634831,0.191011,0.752809,0.196629,0.848315,0.185393,0.410112,0.146067,0.528090,0.162921,0.606742,0.168539,0.674157,0.157303
2.000000,0.000000,0.000000,0.152542,0.310734,0.355932,0.463277,0.497175,0.593220,0.672316,0.677966,0.559322,0.316384,0.779661,0.338983,0.898305,0.338983,1.000000,0.322034,0.514124,0.231638,0.728814,0.225989,0.847458,0.214689,0.949153,0.186441,0.457627,0.175141,0.621469,0.180791,0.728814,0.186441,0.813559,0.169492,0.395480,0.152542,0.502825,0.163842,0.570621,0.163842,0.621469,0.158192
2.000000,0.000000,0.000000,0.182857,0.308571,0.400000,0.457143,0.542857,0.571429,0.731429,0.651429,0.577143,0.302857,0.794286,0.320000,0.908571,0.314286,1.000000,0.280000,0.520000,0.222857,0.720000,0.217143,0.840000,0.205714,0.931429,0.171429,0.451429,0.177143,0.611429,0.182857,0.714286,0.182857,0.794286,0.160000,0.388571,0.160000,0.497143,0.177143,0.565714,0.177143,0.617143,0.165714
2.000000,0.000000,0.000000,0.255952,0.291667,0.488095,0.434524,0.630952,0.559524,0.815476,0.630952,0.607143,0.291667,0.809524,0.297619,0.916667,0.273810,1.000000,0.244048,0.535714,0.244048,0.720238,0.232143,0.839286,0.208333,0.922619,0.172619,0.452381,0.208333,0.613095,0.208333,0.714286,0.202381,0.791667,0.178571,0.375000,0.202381,0.488095,0.220238,0.571429,0.208333,0.630952,0.190476
2.000000,0.000000,0.000000,0.286624,0.273885,0.535032,0.426752,0.700637,0.541401,0.904459,0.624204,0.605096,0.324841,0.802548,0.305732,0.917197,0.267516,1.000000,0.222930,0.535032,0.273885,0.738854,0.261146,0.866242,0.235669,0.955414,0.197452,0.458599,0.222930,0.643312,0.235669,0.757962,0.229299,0.834395,0.197452,0.401274,0.203822,0.535032,0.210191,0.624204,0.197452,0.700637,0.178344
2.000000,0.000000,0.000000,0.328767,0.253425,0.602740,0.404110,0.773973,0.520548,0.993151,0.595890,0.623288,0.301370,0.815068,0.273973,0.924658,0.219178,1.000000,0.157534,0.547945,0.253425,0.760274,0.246575,0.897260,0.226027,0.986301,0.184932,0.472603,0.198630,0.664384,0.212329,0.787671,0.212329,0.863014,0.184932,0.417808,0.171233,0.568493,0.171233,0.671233,0.157534,0.753425,0.130137
2.000000,0.000000,0.000000,0.337838,0.229730,0.614865,0.385135,0.790541,0.486486,1.000000,0.560811,0.574324,0.364865,0.763514,0.344595,0.885135,0.310811,0.959459,0.270270,0.520270,0.290541,0.729730,0.297297,0.871622,0.277027,0.972973,0.236486,0.466216,0.216216,0.655405,0.243243,0.797297,0.236486,0.885135,0.202703,0.439189,0.148649,0.581081,0.148649,0.689189,0.135135,0.777027,0.108108
2.000000,0.000000,0.000000,0.320000,0.220000,0.600000,0.360000,0.786667,0.460000,1.000000,0.546667,0.580000,0.300000,0.760000,0.313333,0.873333,0.293333,0.940000,0.253333,0.513333,0.246667,0.713333,0.273333,0.853333,0.266667,0.953333,0.240000,0.446667,0.193333,0.633333,0.233333,0.753333,0.240000,0.846667,0.226667,0.406667,0.160000,0.540000,0.166667,0.633333,0.166667,0.706667,0.146667
2.000000,0.000000,0.000000,0.333333,0.220000,0.606667,0.360000,0.786667,0.453333,1.000000,0.533333,0.586667,0.333333,0.760000,0.333333,0.873333,0.300000,0.940000,0.266667,0.520000,0.266667,0.700000,0.280000,0.826667,0.273333,0.913333,0.246667,0.440000,0.193333,0.613333,0.226667,0.733333,0.233333,0.806667,0.206667,0.393333,0.140000,0.520000,0.146667,0.613333,0.146667,0.693333,0.126667
2.000000,0.000000,0.000000,0.326667,0.220000,0.606667,0.366667,0.793333,0.466667,1.000000,0.560000,0.593333,0.313333,0.780000,0.306667,0.900000,0.273333,0.966667,0.240000,0.526667,0.266667,0.726667,0.280000,0.860000,0.280000,0.946667,0.253333,0.460000,0.206667,0.640000,0.240000,0.760000,0.246667,0.833333,0.226667,0.406667,0.173333,0.546667,0.180000,0.633333,0.173333,0.700000,0.160000
2.000000,0.000000,0.000000,0.296296,0.209877,0.549383,0.351852,0.716049,0.462963,0.925926,0.549383,0.598765,0.271605,0.790123,0.253086,0.913580,0.228395,1.000000,0.197531,0.518519,0.240741,0.703704,0.234568,0.820988,0.216049,0.895062,0.185185,0.438272,0.191358,0.611111,0.203704,0.716049,0.197531,0.777778,0.172840,0.382716,0.172840,0.512346,0.179012,0.604938,0.166667,0.679012,0.148148
2.000000,0.000000,0.000000,0.258824,0.252941,0.488235,0.382353,0.635294,0.476471,0.817647,0.558824,0.617647,0.211765,0.800000,0.211765,0.917647,0.200000,1.000000,0.176471,0.529412,0.188235,0.711765,0.170588,0.817647,0.164706,0.888235,0.129412,0.435294,0.176471,0.594118,0.164706,0.688235,0.158824,0.747059,0.135294,0.352941,0.194118,0.470588,0.194118,0.552941,0.170588,0.617647,0.147059
2.000000,0.000000,0.000000,0.195652,0.255435,0.402174,0.385870,0.538043,0.489130,0.701087,0.570652,0.581522,0.222826,0.782609,0.233696,0.907609,0.228261,1.000000,0.206522,0.527174,0.157609,0.711957,0.141304,0.820652,0.125000,0.896739,0.086957,0.456522,0.119565,0.608696,0.103261,0.711957,0.097826,0.782609,0.076087,0.396739,0.097826,0.500000,0.092391,0.581522,0.081522,0.635870,0.065217
2.000000,0.000000,0.000000,0.129353,0.253731,0.313433,0.393035,0.442786,0.497512,0.577114,0.601990,0.547264,0.238806,0.766169,0.258706,0.900497,0.258706,1.000000,0.248756,0.507463,0.164179,0.711443,0.144279,0.835821,0.124378,0.920398,0.084577,0.452736,0.114428,0.606965,0.099502,0.721393,0.089552,0.800995,0.069652,0.398010,0.084577,0.502488,0.074627,0.577114,0.059701,0.631841,0.044776
2.000000,0.000000,0.000000,0.095694,0.272727,0.258373,0.416268,0.373206,0.526316,0.483254,0.636364,0.521531,0.263158,0.746412,0.291866,0.894737,0.306220,1.000000,0.301435,0.502392,0.172249,0.727273,0.162679,0.866029,0.153110,0.966507,0.119617,0.464115,0.105263,0.641148,0.105263,0.765550,0.090909,0.856459,0.066986,0.421053,0.062201,0.535885,0.062201,0.617225,0.047847,0.684211,0.033493
2.000000,0.000000,0.000000,0.060465,0.260465,0.204651,0.413953,0.320930,0.530233,0.400000,0.646512,0.511628,0.274419,0.734884,0.320930,0.869767,0.339535,0.981395,0.339535,0.511628,0.181395,0.748837,0.181395,0.893023,0.172093,1.000000,0.139535,0.479070,0.102326,0.674419,0.102326,0.795349,0.093023,0.888372,0.065116,0.441860,0.051163,0.572093,0.051163,0.655814,0.032558,0.730233,0.018605
2.000000,0.000000,0.000000,0.031250,0.254464,0.151786,0.424107,0.263393,0.549107,0.316964,0.669643,0.473214,0.308036,0.691964,0.370536,0.830357,0.392857,0.941964,0.397321,0.491071,0.209821,0.732143,0.214286,0.883929,0.214286,1.000000,0.191964,0.473214,0.120536,0.683036,0.133929,0.808036,0.125000,0.910714,0.102679,0.441964,0.062500,0.589286,0.058036,0.683036,0.044643,0.763393,0.031250
2.000000,0.000000,0.000000,0.017778,0.257778,0.133333,0.422222,0.231111,0.546667,0.280000,0.671111,0.457778,0.328889,0.671111,0.391111,0.804444,0.422222,0.920000,0.431111,0.480000,0.226667,0.728889,0.235556,0.880000,0.235556,1.000000,0.217778,0.471111,0.133333,0.684444,0.142222,0.813333,0.137778,0.920000,0.120000,0.444444,0.066667,0.600000,0.062222,0.697778,0.053333,0.782222,0.048889
2.000000,0.000000,0.000000,0.004464,0.250000,0.116071,0.433036,0.214286,0.566964,0.241071,0.691964,0.450893,0.343750,0.656250,0.424107,0.785714,0.459821,0.897321,0.477679,0.486607,0.241071,0.727679,0.263393,0.879464,0.272321,1.000000,0.258929,0.477679,0.142857,0.696429,0.165179,0.821429,0.165179,0.933036,0.151786,0.450893,0.075893,0.611607,0.075893,0.709821,0.066964,0.799107,0.066964
2.000000,0.000000,0.000000,-0.013575,0.262443,0.081448,0.447964,0.162896,0.588235,0.171946,0.719457,0.425339,0.366516,0.624434,0.466063,0.751131,0.511312,0.868778,0.533937,0.466063,0.262443,0.723982,0.298643,0.877828,0.312217,1.000000,0.298643,0.466063,0.167421,0.687783,0.194570,0.823529,0.194570,0.941176,0.180995,0.447964,0.099548,0.610860,0.095023,0.714932,0.085973,0.809955,0.081448
2.000000,0.000000,0.000000,-0.027523,0.256881,0.055046,0.444954,0.128440,0.600917,0.123853,0.729358,0.399083,0.380734,0.596330,0.495413,0.724771,0.545872,0.839450,0.577982,0.458716,0.275229,0.715596,0.325688,0.871560,0.344037,1.000000,0.344037,0.472477,0.178899,0.697248,0.206422,0.839450,0.211009,0.958716,0.201835,0.458716,0.105505,0.628440,0.110092,0.733945,0.100917,0.834862,0.096330
2.000000,0.000000,0.000000,-0.042453,0.273585,0.028302,0.471698,0.084906,0.641509,0.056604,0.768868,0.377358,0.410377,0.561321,0.542453,0.683962,0.608491,0.797170,0.650943,0.452830,0.301887,0.712264,0.367925,0.867925,0.396226,1.000000,0.400943,0.476415,0.198113,0.707547,0.240566,0.853774,0.250000,0.985849,0.245283,0.466981,0.127358,0.655660,0.136792,0.764151,0.127358,0.867925,0.132075
2.000000,0.000000,0.000000,-0.053398,0.266990,0.004854,0.480583,0.048544,0.665049,0.004854,0.791262,0.354369,0.436893,0.529126,0.592233,0.650485,0.669903,0.762136,0.718447,0.446602,0.325243,0.703883,0.417476,0.864078,0.456311,1.000000,0.470874,0.480583,0.223301,0.718447,0.276699,0.868932,0.296117,1.000000,0.296117,0.480583,0.140777,0.669903,0.165049,0.786408,0.160194,0.893204,0.169903
2.000000,0.000000,0.000000,-0.054187,0.261084,-0.004926,0.487685,0.019704,0.679803,-0.044335,0.802956,0.325123,0.448276,0.487685,0.620690,0.596059,0.714286,0.694581,0.783251,0.433498,0.339901,0.679803,0.458128,0.832512,0.512315,0.965517,0.536946,0.482759,0.236453,0.709360,0.310345,0.862069,0.339901,1.000000,0.349754,0.487685,0.157635,0.679803,0.192118,0.793103,0.201970,0.901478,0.211823
2.000000,0.000000,0.000000,-0.061856,0.262887,-0.025773,0.505155,-0.030928,0.711340,-0.103093,0.824742,0.304124,0.484536,0.448454,0.680412,0.546392,0.788660,0.639175,0.865979,0.422680,0.371134,0.654639,0.520619,0.798969,0.592784,0.922680,0.634021,0.484536,0.262887,0.711340,0.355670,0.865979,0.402062,1.000000,0.422680,0.494845,0.175258,0.690722,0.226804,0.809278,0.242268,0.917526,0.257732
2.000000,0.000000,0.000000,-0.076087,0.271739,-0.054348,0.527174,-0.070652,0.739130,-0.157609,0.864130,0.282609,0.521739,0.407609,0.744565,0.500000,0.869565,0.581522,0.961957,0.413043,0.418478,0.635870,0.592391,0.771739,0.684783,0.891304,0.733696,0.483696,0.304348,0.711957,0.423913,0.864130,0.483696,1.000000,0.510870,0.500000,0.211957,0.701087,0.277174,0.826087,0.304348,0.934783,0.320652
2.000000,0.000000,0.000000,-0.081081,0.264865,-0.075676,0.518919,-0.108108,0.735135,-0.200000,0.859459,0.232432,0.535135,0.335135,0.767568,0.405405,0.902703,0.475676,1.000000,0.367568,0.432432,0.562162,0.637838,0.686486,0.745946,0.789189,0.810811,0.448649,0.324324,0.664865,0.459459,0.805405,0.540541,0.924324,0.594595,0.475676,0.227027,0.664865,0.308108,0.778378,0.345946,0.881081,0.372973
2.000000,0.000000,0.000000,-0.079787,0.260638,-0.085106,0.505319,-0.127660,0.718085,-0.212766,0.845745,0.191489,0.526596,0.281915,0.765957,0.340426,0.898936,0.393617,1.000000,0.329787,0.441489,0.484043,0.654255,0.590426,0.771277,0.686170,0.845745,0.414894,0.335106,0.601064,0.484043,0.728723,0.569149,0.835106,0.622340,0.457447,0.234043,0.622340,0.324468,0.728723,0.367021,0.824468,0.404255
2.000000,0.000000,0.000000,-0.085106,0.265957,-0.095745,0.510638,-0.143617,0.718085,-0.234043,0.840426,0.170213,0.531915,0.244681,0.765957,0.292553,0.898936,0.340426,1.000000,0.303191,0.446809,0.441489,0.659574,0.537234,0.776596,0.622340,0.856383,0.393617,0.345745,0.563830,0.494681,0.686170,0.579787,0.781915,0.643617,0.441489,0.239362,0.601064,0.329787,0.696809,0.382979,0.787234,0.425532
2.000000,0.000000,0.000000,-0.086022,0.258065,-0.107527,0.516129,-0.155914,0.715054,-0.252688,0.838710,0.139785,0.521505,0.193548,0.758065,0.231183,0.892473,0.268817,1.000000,0.274194,0.446237,0.392473,0.655914,0.478495,0.774194,0.553763,0.854839,0.370968,0.344086,0.532258,0.494624,0.634409,0.586021,0.720430,0.650538,0.424731,0.241935,0.575269,0.333333,0.666667,0.381720,0.747312,0.424731
2.000000,0.000000,0.000000,-0.104396,0.252747,-0.148352,0.505495,-0.203297,0.708791,-0.307692,0.840659,0.087912,0.505495,0.120879,0.747253,0.148352,0.884615,0.170330,1.000000,0.225275,0.434066,0.313187,0.637363,0.379121,0.752747,0.439560,0.840659,0.335165,0.340659,0.467033,0.489011,0.560440,0.587912,0.631868,0.664835,0.401099,0.241758,0.538462,0.329670,0.620879,0.379121,0.686813,0.423077
2.000000,0.000000,0.000000,-0.130178,0.248521,-0.201183,0.520710,-0.272189,0.733728,-0.390533,0.869823,0.035503,0.508876,0.059172,0.745562,0.076923,0.887574,0.088757,1.000000,0.195266,0.443787,0.272189,0.644970,0.319527,0.757396,0.366864,0.834320,0.319527,0.349112,0.437870,0.508876,0.514793,0.609467,0.579882,0.686391,0.396450,0.248521,0.532544,0.337278,0.603550,0.378698,0.668639,0.414201
2.000000,0.000000,0.000000,-0.150327,0.248366,-0.241830,0.542484,-0.346405,0.771242,-0.490196,0.908497,0.000000,0.509804,0.006536,0.738562,0.006536,0.875817,0.006536,1.000000,0.169935,0.431373,0.228758,0.627451,0.274510,0.738562,0.320261,0.823529,0.307190,0.333333,0.418301,0.496732,0.490196,0.601307,0.555556,0.679739,0.405229,0.222222,0.542484,0.320261,0.620915,0.366013,0.686275,0.398693
2.000000,0.000000,0.000000,-0.169118,0.257353,-0.294118,0.558824,-0.426471,0.794118,-0.602941,0.948529,-0.044118,0.477941,-0.036765,0.705882,-0.036765,0.860294,-0.036765,1.000000,0.154412,0.389706,0.220588,0.595588,0.264706,0.698529,0.308824,0.764706,0.308824,0.286765,0.441176,0.455882,0.536765,0.573529,0.617647,0.654412,0.419118,0.183824,0.588235,0.286765,0.691176,0.330882,0.779412,0.360294
2.000000,0.000000,0.000000,-0.200000,0.269565,-0.356522,0.591304,-0.530435,0.834783,-0.747826,0.991304,-0.043478,0.521739,-0.043478,0.739130,-0.052174,0.869565,-0.060870,1.000000,0.191304,0.408696,0.260870,0.591304,0.304348,0.660870,0.356522,0.721739,0.382609,0.295652,0.521739,0.452174,0.634783,0.556522,0.747826,0.643478,0.513043,0.182609,0.721739,0.278261,0.852174,0.304348,0.965217,0.330435
2.000000,0.000000,0.000000,-0.254717,0.273585,-0.452830,0.556604,-0.669811,0.745283,-0.905660,0.896226,-0.113208,0.471698,-0.122642,0.660377,-0.150943,0.773585,-0.150943,0.886792,0.150943,0.358491,0.198113,0.537736,0.235849,0.584906,0.292453,0.641509,0.377358,0.254717,0.509434,0.386792,0.622642,0.471698,0.735849,0.556604,0.537736,0.150943,0.735849,0.245283,0.877358,0.254717,1.000000,0.254717
2.000000,0.000000,0.000000,-0.250000,0.240741,-0.453704,0.490741,-0.685185,0.657407,-0.925926,0.750000,-0.129630,0.407407,-0.111111,0.490741,-0.120370,0.518519,-0.092593,0.555556,0.129630,0.314815,0.185185,0.407407,0.185185,0.435185,0.175926,0.453704,0.351852,0.240741,0.509259,0.305556,0.620370,0.351852,0.703704,0.379630,0.537037,0.157407,0.731481,0.222222,0.879630,0.203704,1.000000,0.194444
2.000000,0.000000,0.000000,-0.224138,0.189655,-0.413793,0.396552,-0.629310,0.508621,-0.870690,0.551724,-0.086207,0.396552,-0.094828,0.422414,-0.068966,0.396552,-0.008621,0.387931,0.163793,0.327586,0.250000,0.336207,0.318966,0.310345,0.370690,0.258621,0.379310,0.258621,0.508621,0.301724,0.629310,0.293103,0.732759,0.267241,0.543103,0.189655,0.732759,0.241379,0.879310,0.232759,1.000000,0.224138
2.000000,0.000000,0.000000,-0.260504,0.142857,-0.453782,0.327731,-0.672269,0.403361,-0.873950,0.420168,-0.075630,0.386555,-0.050420,0.394958,-0.042017,0.352941,0.008403,0.302521,0.176471,0.327731,0.361345,0.327731,0.470588,0.285714,0.588235,0.243697,0.378151,0.294118,0.579832,0.319328,0.747899,0.302521,0.899160,0.285714,0.521008,0.252101,0.722689,0.294118,0.873950,0.277311,1.000000,0.268908
2.000000,0.000000,0.000000,-0.234375,0.101562,-0.406250,0.234375,-0.617188,0.281250,-0.820312,0.265625,-0.093750,0.328125,-0.093750,0.320312,-0.164062,0.273438,-0.195312,0.218750,0.132812,0.304688,0.265625,0.296875,0.351562,0.242188,0.445312,0.195312,0.328125,0.296875,0.515625,0.328125,0.703125,0.320312,0.859375,0.289062,0.476562,0.265625,0.679688,0.320312,0.851562,0.312500,1.000000,0.296875
2.000000,0.000000,0.000000,-0.211268,0.063380,-0.359155,0.169014,-0.514085,0.190141,-0.640845,0.105634,0.042254,0.274648,0.309859,0.260563,0.514085,0.260563,0.732394,0.253521,0.218310,0.309859,0.514085,0.338028,0.739437,0.352113,0.950704,0.352113,0.352113,0.352113,0.619718,0.373239,0.816901,0.394366,1.000000,0.408451,0.443662,0.373239,0.661972,0.408451,0.816901,0.422535,0.957747,0.429577
2.000000,0.000000,0.000000,-0.253425,0.013699,-0.376712,0.041096,-0.458904,-0.006849,-0.527397,-0.123288,0.054795,0.123288,0.246575,0.095890,0.417808,0.095890,0.595890,0.075342,0.246575,0.191781,0.568493,0.239726,0.794521,0.273973,1.000000,0.273973,0.363014,0.273973,0.657534,0.315068,0.842466,0.328767,0.993151,0.308219,0.431507,0.335616,0.616438,0.404110,0.746575,0.445205,0.863014,0.452055
2.000000,0.000000,0.000000,-0.138889,-0.094444,-0.172222,-0.133333,-0.161111,-0.138889,-0.122222,-0.194444,0.194444,0.072222,0.411111,0.055556,0.572222,0.061111,0.733333,0.055556,0.316667,0.172222,0.605556,0.211111,0.816667,0.238889,1.000000,0.255556,0.383333,0.244444,0.638889,0.294444,0.827778,0.311111,0.977778,0.311111,0.411111,0.300000,0.594444,0.383333,0.722222,0.444444,0.827778,0.488889
2.000000,0.000000,0.000000,-0.113514,-0.102703,-0.102703,-0.167568,-0.016216,-0.232432,0.075676,-0.345946,0.270270,0.070270,0.508108,0.086486,0.691892,0.118919,0.854054,0.145946,0.345946,0.189189,0.637838,0.270270,0.832432,0.335135,1.000000,0.389189,0.383784,0.270270,0.632432,0.356757,0.816216,0.416216,0.962162,0.475676,0.394595,0.318919,0.572973,0.427027,0.697297,0.502703,0.800000,0.572973
2.000000,0.000000,0.000000,-0.041451,-0.124352,0.036269,-0.181347,0.165803,-0.233161,0.310881,-0.321244,0.362694,0.129534,0.601036,0.191710,0.782383,0.243523,0.932642,0.290155,0.393782,0.238342,0.663212,0.378238,0.844560,0.471503,1.000000,0.549223,0.388601,0.321244,0.616580,0.466321,0.777202,0.554404,0.906736,0.637306,0.362694,0.373057,0.518135,0.518135,0.626943,0.606218,0.715026,0.683938
2.000000,0.000000,0.000000,0.061224,-0.117347,0.188776,-0.168367,0.357143,-0.204082,0.520408,-0.285714,0.448980,0.214286,0.693878,0.311224,0.862245,0.377551,1.000000,0.433673,0.438776,0.336735,0.693878,0.494898,0.862245,0.591837,1.000000,0.673469,0.387755,0.418367,0.602041,0.591837,0.739796,0.693878,0.857143,0.785714,0.321429,0.464286,0.454082,0.627551,0.545918,0.719388,0.627551,0.806122
2.000000,0.000000,0.000000,0.110000,-0.115000,0.280000,-0.135000,0.455000,-0.165000,0.640000,-0.225000,0.465000,0.240000,0.700000,0.355000,0.870000,0.440000,1.000000,0.510000,0.415000,0.350000,0.655000,0.540000,0.810000,0.660000,0.945000,0.760000,0.340000,0.435000,0.530000,0.635000,0.655000,0.755000,0.775000,0.855000,0.250000,0.495000,0.355000,0.665000,0.435000,0.765000,0.510000,0.860000
2.000000,0.000000,0.000000,0.165854,-0.097561,0.356098,-0.107317,0.546341,-0.126829,0.736585,-0.165854,0.492683,0.268293,0.721951,0.385366,0.887805,0.478049,1.000000,0.556098,0.424390,0.380488,0.643902,0.570732,0.795122,0.692683,0.912195,0.790244,0.326829,0.458537,0.497561,0.653659,0.614634,0.775610,0.726829,0.878049,0.224390,0.512195,0.321951,0.678049,0.390244,0.775610,0.463415,0.868293
2.000000,0.000000,0.000000,0.211823,-0.068966,0.418719,-0.059113,0.620690,-0.049261,0.812808,-0.083744,0.517241,0.325123,0.743842,0.463054,0.891626,0.556650,1.000000,0.640394,0.433498,0.428571,0.645320,0.635468,0.783251,0.768473,0.886699,0.871921,0.320197,0.497537,0.477833,0.709360,0.581281,0.837438,0.679803,0.940887,0.206897,0.541872,0.285714,0.724138,0.349754,0.822660,0.413793,0.916256
2.000000,0.000000,0.000000,0.239024,-0.043902,0.463415,0.000000,0.663415,0.024390,0.839024,0.014634,0.502439,0.370732,0.712195,0.521951,0.843902,0.619512,0.941463,0.717073,0.404878,0.473171,0.595122,0.682927,0.717073,0.824390,0.809756,0.931707,0.282927,0.531707,0.419512,0.751220,0.507317,0.887805,0.600000,1.000000,0.156098,0.556098,0.219512,0.741463,0.273171,0.848781,0.331707,0.951219
2.000000,0.000000,0.000000,0.233333,-0.033333,0.461905,0.028571,0.647619,0.085714,0.800000,0.090476,0.480952,0.385714,0.680952,0.538095,0.795238,0.633333,0.885714,0.733333,0.385714,0.485714,0.552381,0.700000,0.661905,0.833333,0.752381,0.942857,0.261905,0.533333,0.385714,0.752381,0.466667,0.885714,0.542857,1.000000,0.128571,0.547619,0.185714,0.728571,0.228571,0.838095,0.280952,0.942857
2.000000,0.000000,0.000000,0.224771,-0.018349,0.444954,0.055046,0.619266,0.133028,0.761468,0.146789,0.454128,0.399083,0.628440,0.559633,0.733945,0.655963,0.811927,0.752294,0.353211,0.495413,0.500000,0.706422,0.596330,0.839450,0.669725,0.949541,0.233945,0.536697,0.334862,0.752294,0.403670,0.885321,0.463303,1.000000,0.105505,0.536697,0.146789,0.715596,0.183486,0.825688,0.220183,0.926606
2.000000,0.000000,0.000000,0.221719,-0.004525,0.429864,0.081448,0.583710,0.167421,0.714932,0.194570,0.420814,0.416290,0.583710,0.579186,0.674208,0.678733,0.742081,0.773756,0.316742,0.502262,0.447964,0.714932,0.529412,0.850679,0.592760,0.959276,0.203620,0.533937,0.285068,0.755656,0.343891,0.886878,0.393665,1.000000,0.076923,0.529412,0.104072,0.705882,0.126697,0.814480,0.158371,0.918552
2.000000,0.000000,0.000000,0.231818,0.004545,0.431818,0.090909,0.568182,0.177273,0.690909,0.218182,0.409091,0.409091,0.559091,0.581818,0.640909,0.681818,0.695455,0.781818,0.300000,0.490909,0.418182,0.713636,0.490909,0.854545,0.545455,0.963636,0.186364,0.522727,0.254545,0.745455,0.304545,0.881818,0.345455,1.000000,0.063636,0.513636,0.077273,0.690909,0.095455,0.800000,0.118182,0.909091
2.000000,0.000000,0.000000,0.225225,0.018018,0.418919,0.112613,0.549550,0.211712,0.666667,0.256757,0.396396,0.427928,0.536036,0.599099,0.608108,0.702703,0.657658,0.797297,0.292793,0.504505,0.391892,0.725225,0.454955,0.864865,0.504505,0.972973,0.180180,0.527027,0.234234,0.752252,0.274775,0.887387,0.315315,1.000000,0.063063,0.513514,0.063063,0.680180,0.076577,0.788288,0.094595,0.896396
2.000000,0.000000,0.000000,0.215247,0.022422,0.403587,0.130045,0.524664,0.228700,0.632287,0.278027,0.381166,0.434978,0.511211,0.609865,0.578475,0.713004,0.627803,0.807175,0.282511,0.502242,0.372197,0.726457,0.430493,0.865471,0.475336,0.982063,0.174888,0.515695,0.224215,0.744395,0.260090,0.883408,0.291480,1.000000,0.058296,0.493274,0.062780,0.659193,0.076233,0.771300,0.089686,0.869955
2.000000,0.000000,0.000000,0.214612,0.022831,0.401826,0.136986,0.511416,0.242009,0.621005,0.296804,0.378995,0.442922,0.506849,0.621005,0.575342,0.735160,0.630137,0.831050,0.278539,0.502283,0.369863,0.735160,0.429224,0.881279,0.470320,1.000000,0.168950,0.511416,0.228310,0.735160,0.264840,0.876712,0.305936,0.990868,0.050228,0.479452,0.050228,0.639269,0.063927,0.748858,0.086758,0.844749
2.000000,0.000000,0.000000,0.214612,0.036530,0.392694,0.150685,0.497717,0.251142,0.602740,0.310502,0.365297,0.447489,0.484018,0.630137,0.552511,0.739726,0.607306,0.840183,0.260274,0.497717,0.342466,0.726027,0.392694,0.872146,0.433790,1.000000,0.150685,0.493151,0.200913,0.703196,0.242009,0.831050,0.278539,0.940639,0.031963,0.452055,0.036530,0.602740,0.054795,0.698630,0.077626,0.785388
2.000000,0.000000,0.000000,0.221198,0.046083,0.387097,0.165899,0.488479,0.271889,0.585253,0.345622,0.345622,0.451613,0.460829,0.635945,0.525346,0.755760,0.571429,0.861751,0.235023,0.493088,0.308756,0.723502,0.350230,0.870968,0.377880,1.000000,0.124424,0.479263,0.165899,0.677419,0.198157,0.806452,0.225806,0.917051,0.004608,0.423963,0.009217,0.562212,0.018433,0.649770,0.036866,0.737327
2.000000,0.000000,0.000000,0.212963,0.041667,0.379630,0.171296,0.481481,0.282407,0.578704,0.361111,0.328704,0.449074,0.439815,0.643519,0.504630,0.763889,0.550926,0.870370,0.212963,0.490741,0.277778,0.722222,0.310185,0.870370,0.333333,1.000000,0.097222,0.472222,0.115741,0.671296,0.129630,0.796296,0.152778,0.907407,-0.023148,0.412037,-0.037037,0.550926,-0.032407,0.625000,-0.018519,0.699074
2.000000,0.000000,0.000000,0.220657,0.042254,0.394366,0.183099,0.497653,0.309859,0.605634,0.375587,0.333333,0.455399,0.446009,0.657277,0.511737,0.779343,0.558685,0.887324,0.206573,0.497653,0.267606,0.723005,0.300469,0.873239,0.319249,1.000000,0.084507,0.474178,0.093897,0.661972,0.098592,0.788732,0.107981,0.901408,-0.037559,0.408451,-0.061033,0.535211,-0.070423,0.610329,-0.061033,0.680751
2.000000,0.000000,0.000000,0.221154,0.048077,0.403846,0.197115,0.509615,0.322115,0.620192,0.394231,0.326923,0.461538,0.447115,0.668269,0.514423,0.793269,0.562500,0.908654,0.197115,0.495192,0.250000,0.725962,0.274038,0.875000,0.293269,1.000000,0.072115,0.466346,0.072115,0.644231,0.072115,0.764423,0.086538,0.865385,-0.052885,0.394231,-0.086538,0.509615,-0.100962,0.562500,-0.091346,0.615385
2.000000,0.000000,0.000000,0.228856,0.044776,0.417910,0.199005,0.532338,0.343284,0.651741,0.417910,0.328358,0.472637,0.447761,0.686567,0.512438,0.815920,0.562189,0.935323,0.189055,0.507463,0.228856,0.731343,0.243781,0.875622,0.253731,1.000000,0.059701,0.472637,0.039801,0.641791,0.034826,0.741294,0.039801,0.830846,-0.069652,0.398010,-0.114428,0.487562,-0.124378,0.512438,-0.119403,0.542289
2.000000,0.000000,0.000000,0.241026,0.051282,0.430769,0.205128,0.553846,0.353846,0.676923,0.435897,0.317949,0.476923,0.435897,0.697436,0.497436,0.835897,0.538462,0.953846,0.174359,0.512821,0.205128,0.733333,0.210256,0.882051,0.215385,1.000000,0.035897,0.482051,-0.005128,0.641026,-0.020513,0.728205,-0.025641,0.800000,-0.097436,0.405128,-0.148718,0.471795,-0.153846,0.466667,-0.143590,0.466667
2.000000,0.000000,0.000000,0.247368,0.042105,0.447368,0.221053,0.573684,0.373684,0.700000,0.457895,0.315789,0.489474,0.421053,0.710526,0.468421,0.842105,0.510526,0.968421,0.163158,0.515789,0.168421,0.731579,0.157895,0.873684,0.147368,1.000000,0.026316,0.473684,-0.026316,0.605263,-0.068421,0.678947,-0.110526,0.742105,-0.094737,0.394737,-0.136842,0.426316,-0.168421,0.384211,-0.200000,0.352632
2.000000,0.000000,0.000000,0.250000,0.050000,0.450000,0.227778,0.588889,0.388889,0.722222,0.483333,0.294444,0.500000,0.388889,0.727778,0.427778,0.866667,0.450000,1.000000,0.133333,0.527778,0.111111,0.738889,0.077778,0.877778,0.044444,0.994444,0.000000,0.483333,-0.077778,0.611111,-0.144444,0.672222,-0.205556,0.716667,-0.111111,0.400000,-0.188889,0.433333,-0.250000,0.383333,-0.300000,0.344444
2.000000,0.000000,0.000000,0.238889,0.044444,0.438889,0.222222,0.577778,0.388889,0.722222,0.483333,0.261111,0.500000,0.322222,0.727778,0.338889,0.866667,0.344444,1.000000,0.100000,0.516667,0.044444,0.716667,-0.005556,0.850000,-0.061111,0.972222,-0.027778,0.466667,-0.127778,0.600000,-0.216667,0.655556,-0.305556,0.694444,-0.127778,0.383333,-0.222222,0.427778,-0.288889,0.372222,-0.350000,0.327778
2.000000,0.000000,0.000000,0.240223,0.050279,0.424581,0.223464,0.564246,0.391061,0.703911,0.486034,0.229050,0.502793,0.262570,0.726257,0.273743,0.865922,0.262570,1.000000,0.072626,0.513967,-0.005587,0.703911,-0.072626,0.837989,-0.150838,0.944134,-0.050279,0.469274,-0.167598,0.592179,-0.273743,0.631285,-0.368715,0.659218,-0.145251,0.379888,-0.256983,0.413408,-0.335196,0.363128,-0.402235,0.318436
2.000000,0.000000,0.000000,0.222222,0.061111,0.394444,0.222222,0.533333,0.388889,0.683333,0.488889,0.183333,0.511111,0.200000,0.733333,0.194444,0.872222,0.172222,1.000000,0.033333,0.516667,-0.061111,0.694444,-0.138889,0.822222,-0.227778,0.927778,-0.077778,0.455556,-0.211111,0.572222,-0.327778,0.605556,-0.433333,0.616667,-0.166667,0.361111,-0.288889,0.388889,-0.377778,0.333333,-0.450000,0.288889
2.000000,0.000000,0.000000,0.202186,0.071038,0.366120,0.224044,0.508197,0.382514,0.655738,0.480874,0.153005,0.519126,0.142077,0.737705,0.125683,0.874317,0.092896,1.000000,0.010929,0.513661,-0.098361,0.688525,-0.191257,0.814208,-0.295082,0.918033,-0.098361,0.453552,-0.240437,0.573770,-0.360656,0.612022,-0.480874,0.628415,-0.174863,0.355191,-0.306011,0.382514,-0.393443,0.338798,-0.475410,0.300546
2.000000,0.000000,0.000000,0.183784,0.070270,0.340541,0.221622,0.475676,0.378378,0.616216,0.470270,0.124324,0.518919,0.097297,0.745946,0.075676,0.881081,0.037838,1.000000,-0.016216,0.513514,-0.135135,0.691892,-0.232432,0.816216,-0.335135,0.924324,-0.113514,0.454054,-0.270270,0.578378,-0.394595,0.610811,-0.513514,0.632432,-0.178378,0.362162,-0.324324,0.383784,-0.421622,0.345946,-0.513514,0.313514
2.000000,0.000000,0.000000,0.179894,0.079365,0.328042,0.227513,0.460317,0.380952,0.603175,0.476190,0.116402,0.523810,0.084656,0.746032,0.063492,0.878307,0.026455,1.000000,-0.015873,0.518519,-0.137566,0.698413,-0.232804,0.825397,-0.333333,0.931217,-0.105820,0.465608,-0.269841,0.576720,-0.396825,0.613757,-0.518519,0.634921,-0.164021,0.380952,-0.317460,0.407407,-0.412698,0.365079,-0.502645,0.333333
2.000000,0.000000,0.000000,0.177083,0.078125,0.317708,0.229167,0.447917,0.380208,0.593750,0.468750,0.119792,0.531250,0.088542,0.750000,0.067708,0.880208,0.031250,1.000000,0.000000,0.526042,-0.119792,0.703125,-0.213542,0.828125,-0.312500,0.932292,-0.088542,0.473958,-0.250000,0.588542,-0.380208,0.635417,-0.494792,0.661458,-0.145833,0.395833,-0.296875,0.421875,-0.390625,0.380208,-0.484375,0.348958
2.000000,0.000000,0.000000,0.163265,0.071429,0.290816,0.219388,0.418367,0.362245,0.561224,0.448980,0.127551,0.525510,0.091837,0.744898,0.071429,0.882653,0.035714,1.000000,0.005102,0.525510,-0.117347,0.714286,-0.204082,0.846939,-0.295918,0.954082,-0.076531,0.474490,-0.234694,0.607143,-0.362245,0.663265,-0.479592,0.704082,-0.137755,0.403061,-0.275510,0.433673,-0.367347,0.397959,-0.464286,0.377551
2.000000,0.000000,0.000000,0.139303,0.084577,0.253731,0.238806,0.368159,0.373134,0.502488,0.442786,0.119403,0.537313,0.084577,0.751244,0.059701,0.885572,0.024876,1.000000,0.000000,0.537313,-0.109453,0.731343,-0.194030,0.860696,-0.278607,0.965174,-0.084577,0.487562,-0.228856,0.626866,-0.353234,0.686567,-0.467662,0.736318,-0.144279,0.412935,-0.273632,0.457711,-0.373134,0.437811,-0.467662,0.437811
2.000000,0.000000,0.000000,0.108374,0.088670,0.211823,0.241379,0.310345,0.369458,0.438424,0.448276,0.142857,0.517241,0.113300,0.748768,0.083744,0.881773,0.049261,1.000000,0.039409,0.532020,-0.059113,0.743842,-0.142857,0.881773,-0.221675,0.985222,-0.044335,0.502463,-0.187192,0.650246,-0.300493,0.733990,-0.408867,0.798030,-0.098522,0.443350,-0.231527,0.507389,-0.330049,0.527094,-0.423645,0.546798
2.000000,0.000000,0.000000,0.067633,0.101449,0.135266,0.260870,0.212560,0.405797,0.328502,0.492754,0.164251,0.502415,0.140097,0.739130,0.115942,0.879227,0.082126,1.000000,0.082126,0.516908,0.000000,0.743961,-0.077295,0.888889,-0.154589,0.995169,0.009662,0.497585,-0.106280,0.671498,-0.212560,0.768116,-0.309179,0.845411,-0.043478,0.458937,-0.149758,0.550725,-0.241546,0.589372,-0.328502,0.618357
2.000000,0.000000,0.000000,0.028846,0.096154,0.081731,0.245192,0.125000,0.394231,0.173077,0.524038,0.211538,0.500000,0.173077,0.730769,0.139423,0.884615,0.100962,1.000000,0.149038,0.509615,0.072115,0.745192,-0.009615,0.889423,-0.086538,0.995192,0.081731,0.495192,-0.009615,0.687500,-0.100962,0.798077,-0.182692,0.889423,0.024038,0.461538,-0.062500,0.576923,-0.144231,0.634615,-0.225962,0.687500
2.000000,0.000000,0.000000,0.009804,0.107843,0.049020,0.284314,0.088235,0.441176,0.151961,0.568627,0.235294,0.470588,0.196078,0.725490,0.161765,0.877451,0.117647,1.000000,0.176471,0.475490,0.107843,0.730392,0.019608,0.872549,-0.063725,0.985294,0.112745,0.470588,0.039216,0.676471,-0.058824,0.794118,-0.137255,0.897059,0.053922,0.460784,-0.014706,0.578431,-0.102941,0.651961,-0.186275,0.715686
2.000000,0.000000,0.000000,0.009950,0.104478,0.059701,0.278607,0.104478,0.442786,0.169154,0.587065,0.253731,0.472637,0.223881,0.726368,0.184080,0.875622,0.139303,1.000000,0.194030,0.477612,0.134328,0.731343,0.039801,0.875622,-0.044776,0.995025,0.134328,0.472637,0.064677,0.676617,-0.029851,0.800995,-0.114428,0.900497,0.074627,0.462687,0.014925,0.587065,-0.069652,0.666667,-0.149254,0.741294
2.000000,0.000000,0.000000,0.020202,0.106061,0.080808,0.287879,0.136364,0.449495,0.196970,0.601010,0.272727,0.479798,0.242424,0.732323,0.191919,0.878788,0.136364,1.000000,0.207071,0.484848,0.146465,0.737374,0.050505,0.878788,-0.040404,0.989899,0.141414,0.479798,0.075758,0.686869,-0.015152,0.808081,-0.095960,0.909091,0.075758,0.464646,0.025253,0.595960,-0.050505,0.681818,-0.126263,0.752525
2.000000,0.000000,0.000000,0.015228,0.116751,0.081218,0.299492,0.142132,0.461929,0.213198,0.619289,0.284264,0.477157,0.253807,0.730964,0.197970,0.883249,0.137056,1.000000,0.218274,0.487310,0.152284,0.736041,0.050761,0.878173,-0.040609,0.989848,0.142132,0.482233,0.081218,0.690355,-0.010152,0.812183,-0.096447,0.913706,0.076142,0.461929,0.030457,0.598985,-0.045685,0.680203,-0.116751,0.756345
2.000000,0.000000,0.000000,0.015464,0.123711,0.087629,0.309278,0.139175,0.479381,0.206186,0.649485,0.288660,0.479381,0.257732,0.731959,0.201031,0.881443,0.134021,1.000000,0.221649,0.489691,0.159794,0.742268,0.056701,0.881443,-0.041237,0.994845,0.149485,0.484536,0.087629,0.690722,-0.010309,0.809278,-0.103093,0.907216,0.082474,0.469072,0.036082,0.603093,-0.046392,0.680412,-0.123711,0.752577
2.000000,0.000000,0.000000,-0.010417,0.135417,0.052083,0.333333,0.109375,0.500000,0.182292,0.671875,0.286458,0.479167,0.255208,0.734375,0.192708,0.885417,0.125000,1.000000,0.229167,0.473958,0.166667,0.734375,0.052083,0.875000,-0.052083,0.989583,0.156250,0.468750,0.098958,0.682292,-0.010417,0.807292,-0.104167,0.906250,0.093750,0.458333,0.041667,0.598958,-0.046875,0.677083,-0.125000,0.750000
2.000000,0.000000,0.000000,-0.015789,0.142105,0.042105,0.347368,0.094737,0.526316,0.163158,0.694737,0.284211,0.473684,0.252632,0.736842,0.184211,0.884211,0.110526,1.000000,0.226316,0.473684,0.168421,0.731579,0.047368,0.873684,-0.063158,0.984211,0.163158,0.468421,0.094737,0.684211,-0.015789,0.805263,-0.121053,0.900000,0.100000,0.468421,0.047368,0.605263,-0.047368,0.684211,-0.131579,0.752632
2.000000,0.000000,0.000000,-0.021390,0.139037,0.037433,0.347594,0.085561,0.524064,0.144385,0.700535,0.283422,0.475936,0.251337,0.743316,0.176471,0.887701,0.096257,1.000000,0.229947,0.475936,0.171123,0.737968,0.048128,0.877005,-0.069519,0.983957,0.165775,0.470588,0.101604,0.689840,-0.021390,0.802139,-0.128342,0.893048,0.106952,0.470588,0.048128,0.614973,-0.048128,0.689840,-0.139037,0.759358
2.000000,0.000000,0.000000,-0.027027,0.140541,0.032432,0.356757,0.081081,0.529730,0.140541,0.702703,0.281081,0.475676,0.248649,0.745946,0.172973,0.886486,0.097297,1.000000,0.232432,0.470270,0.172973,0.735135,0.043243,0.875676,-0.070270,0.978378,0.167568,0.470270,0.102703,0.686486,-0.021622,0.800000,-0.129730,0.886486,0.108108,0.470270,0.054054,0.616216,-0.043243,0.691892,-0.129730,0.762162
2.000000,0.000000,0.000000,-0.037838,0.140541,0.021622,0.345946,0.064865,0.524324,0.118919,0.708108,0.270270,0.470270,0.243243,0.740541,0.167568,0.886486,0.091892,1.000000,0.227027,0.464865,0.167568,0.735135,0.043243,0.881081,-0.075676,0.978378,0.167568,0.464865,0.108108,0.691892,-0.010811,0.816216,-0.113514,0.902703,0.113514,0.470270,0.064865,0.627027,-0.021622,0.713513,-0.108108,0.783784
2.000000,0.000000,0.000000,-0.043716,0.147541,0.016393,0.360656,0.065574,0.540984,0.120219,0.715847,0.273224,0.475410,0.245902,0.748634,0.169399,0.896175,0.087432,1.000000,0.234973,0.464481,0.174863,0.737705,0.043716,0.874317,-0.081967,0.972678,0.174863,0.464481,0.120219,0.693989,0.000000,0.814208,-0.098361,0.907104,0.125683,0.464481,0.076503,0.622951,-0.010929,0.699454,-0.092896,0.765027
2.000000,0.000000,0.000000,-0.053763,0.150538,0.005376,0.370968,0.048387,0.548387,0.102151,0.715054,0.268817,0.478495,0.231183,0.752688,0.161290,0.897849,0.080645,1.000000,0.231183,0.462366,0.172043,0.736559,0.043011,0.876344,-0.080645,0.978495,0.177419,0.451613,0.123656,0.682796,0.010753,0.795699,-0.080645,0.881720,0.129032,0.451613,0.080645,0.596774,-0.005376,0.661290,-0.075269,0.709677
2.000000,0.000000,0.000000,-0.047872,0.159574,0.010638,0.377660,0.053191,0.553191,0.101064,0.723404,0.265957,0.478723,0.228723,0.750000,0.159574,0.893617,0.085106,1.000000,0.234043,0.457447,0.180851,0.728723,0.069149,0.877660,-0.042553,0.978723,0.180851,0.446809,0.122340,0.643617,0.031915,0.680851,-0.037234,0.707447,0.132979,0.441489,0.079787,0.569149,0.005319,0.606383,-0.047872,0.627660
2.000000,0.000000,0.000000,-0.064171,0.160428,-0.010695,0.374332,0.032086,0.550802,0.069519,0.721925,0.262032,0.481283,0.219251,0.748663,0.133690,0.893048,0.053476,1.000000,0.245989,0.454545,0.219251,0.727273,0.106952,0.866310,0.000000,0.967914,0.208556,0.443850,0.187166,0.668449,0.090909,0.764706,0.005348,0.839572,0.171123,0.438503,0.144385,0.593583,0.074866,0.668449,0.010695,0.716578
2.000000,0.000000,0.000000,-0.086957,0.163043,-0.043478,0.380435,-0.005435,0.559783,0.038043,0.739130,0.255435,0.478261,0.217391,0.750000,0.125000,0.896739,0.032609,1.000000,0.250000,0.456522,0.222826,0.733696,0.108696,0.869565,0.000000,0.961957,0.222826,0.445652,0.201087,0.679348,0.097826,0.777174,0.010870,0.853261,0.190217,0.445652,0.163043,0.603261,0.086957,0.679348,0.021739,0.733696
2.000000,0.000000,0.000000,-0.092896,0.163934,-0.049180,0.382514,-0.016393,0.562842,0.027322,0.737705,0.256831,0.480874,0.218579,0.759563,0.125683,0.901639,0.032787,1.000000,0.262295,0.453552,0.234973,0.732240,0.125683,0.868852,0.016393,0.956284,0.240437,0.442623,0.218579,0.683060,0.109290,0.770492,0.021858,0.841530,0.207650,0.442623,0.185792,0.601093,0.103825,0.677596,0.032787,0.732240
2.000000,0.000000,0.000000,-0.099448,0.160221,-0.066298,0.381215,-0.027624,0.563536,0.011050,0.740331,0.254144,0.480663,0.220994,0.756906,0.121547,0.900553,0.022099,1.000000,0.270718,0.453039,0.248619,0.740331,0.132597,0.867403,0.022099,0.944751,0.248619,0.447514,0.232044,0.690608,0.121547,0.779006,0.027624,0.850829,0.220994,0.453039,0.198895,0.613260,0.116022,0.690608,0.044199,0.745856
2.000000,0.000000,0.000000,-0.106742,0.157303,-0.073034,0.382022,-0.039326,0.567416,-0.005618,0.741573,0.252809,0.466292,0.219101,0.758427,0.112360,0.904494,0.011236,1.000000,0.280899,0.449438,0.264045,0.747191,0.134831,0.876405,0.022472,0.949438,0.264045,0.443820,0.252809,0.696629,0.134831,0.803371,0.039326,0.870786,0.235955,0.449438,0.219101,0.623595,0.134831,0.707865,0.061798,0.769663
2.000000,0.000000,0.000000,-0.110497,0.160221,-0.077348,0.381215,-0.038674,0.569061,0.000000,0.745856,0.254144,0.458564,0.215470,0.756906,0.110497,0.906077,0.016575,1.000000,0.292818,0.441989,0.270718,0.751381,0.143646,0.883978,0.022099,0.955801,0.287293,0.441989,0.259668,0.707182,0.143646,0.817680,0.044199,0.889503,0.254144,0.453039,0.226519,0.635359,0.143646,0.729282,0.071823,0.801105
2.000000,0.000000,0.000000,-0.124324,0.162162,-0.097297,0.389189,-0.048649,0.583784,-0.021622,0.751351,0.232432,0.454054,0.189189,0.756757,0.097297,0.902703,0.016216,1.000000,0.302703,0.437838,0.264865,0.756757,0.135135,0.881081,0.021622,0.935135,0.302703,0.443243,0.270270,0.713513,0.151351,0.810811,0.054054,0.870270,0.275676,0.448649,0.248649,0.637838,0.156757,0.724324,0.081081,0.783784
2.000000,0.000000,0.000000,-0.129032,0.161290,-0.112903,0.392473,-0.059140,0.602151,-0.021505,0.784946,0.220430,0.451613,0.193548,0.752688,0.112903,0.903226,0.037634,1.000000,0.301075,0.440860,0.290323,0.752688,0.177419,0.892473,0.069892,0.962366,0.317204,0.435484,0.322581,0.709677,0.225806,0.833333,0.123656,0.913979,0.290323,0.435484,0.306452,0.639785,0.252688,0.747312,0.182796,0.822581
2.000000,0.000000,0.000000,-0.142077,0.163934,-0.131148,0.398907,-0.071038,0.612022,-0.027322,0.803279,0.207650,0.442623,0.196721,0.748634,0.120219,0.901639,0.060109,1.000000,0.300546,0.437158,0.284153,0.754098,0.169399,0.890710,0.065574,0.950820,0.327869,0.431694,0.355191,0.704918,0.267760,0.836066,0.185792,0.918033,0.316940,0.437158,0.366120,0.639344,0.338798,0.748634,0.295082,0.836066
2.000000,0.000000,0.000000,-0.155080,0.160428,-0.160428,0.379679,-0.101604,0.582888,-0.053476,0.770053,0.149733,0.406417,0.171123,0.721925,0.144385,0.882353,0.122995,1.000000,0.267380,0.411765,0.203209,0.732620,0.069519,0.823529,-0.032086,0.844920,0.320856,0.422460,0.288770,0.700535,0.149733,0.780749,0.042781,0.812834,0.336898,0.433155,0.390374,0.641711,0.352941,0.770053,0.304813,0.860963
2.000000,0.000000,0.000000,-0.169312,0.158730,-0.190476,0.380952,-0.153439,0.587302,-0.126984,0.772487,0.100529,0.402116,0.142857,0.708995,0.153439,0.873016,0.169312,1.000000,0.232804,0.402116,0.179894,0.714286,0.042328,0.767196,-0.042328,0.772487,0.296296,0.402116,0.259259,0.687831,0.121693,0.730159,0.026455,0.724868,0.333333,0.396825,0.402116,0.619048,0.396825,0.761905,0.370370,0.867725
2.000000,0.000000,0.000000,-0.175532,0.164894,-0.223404,0.393617,-0.191489,0.611702,-0.159574,0.792553,0.047872,0.393617,0.085106,0.691489,0.111702,0.867021,0.154255,1.000000,0.196809,0.398936,0.143617,0.680851,0.037234,0.659574,-0.010638,0.601064,0.287234,0.393617,0.234043,0.659574,0.127660,0.648936,0.069149,0.595745,0.329787,0.388298,0.393617,0.627660,0.393617,0.771277,0.382979,0.877660
2.000000,0.000000,0.000000,-0.201058,0.158730,-0.253968,0.412698,-0.222222,0.640212,-0.142857,0.788360,-0.031746,0.396825,0.000000,0.687831,0.026455,0.862434,0.074074,1.000000,0.126984,0.412698,0.074074,0.687831,-0.026455,0.629630,-0.052910,0.550265,0.232804,0.417989,0.164021,0.677249,0.068783,0.640212,0.037037,0.560847,0.301587,0.417989,0.328042,0.666667,0.328042,0.804233,0.333333,0.910053
2.000000,0.000000,0.000000,-0.213904,0.171123,-0.262032,0.427807,-0.240642,0.663102,-0.128342,0.770053,-0.096257,0.422460,-0.080214,0.705882,-0.058824,0.877005,-0.010695,1.000000,0.069519,0.438503,0.037433,0.700535,-0.048128,0.625668,-0.064171,0.556150,0.187166,0.433155,0.139037,0.695187,0.058824,0.647059,0.042781,0.561497,0.272727,0.433155,0.310160,0.668449,0.315508,0.807487,0.326203,0.925134
2.000000,0.000000,0.000000,-0.213542,0.145833,-0.286458,0.385417,-0.276042,0.598958,-0.187500,0.703125,-0.145833,0.401042,-0.135417,0.697917,-0.125000,0.869792,-0.083333,1.000000,0.005208,0.421875,-0.020833,0.697917,-0.083333,0.625000,-0.093750,0.546875,0.135417,0.421875,0.093750,0.692708,0.031250,0.635417,0.015625,0.552083,0.229167,0.421875,0.260417,0.666667,0.260417,0.802083,0.265625,0.911458
2.000000,0.000000,0.000000,-0.207254,0.170984,-0.259067,0.373057,-0.264249,0.544041,-0.207254,0.663212,-0.176166,0.445596,-0.176166,0.709845,-0.165803,0.880829,-0.129534,1.000000,-0.025907,0.445596,-0.036269,0.683938,-0.072539,0.601036,-0.077720,0.538860,0.108808,0.445596,0.067358,0.663212,0.020725,0.585492,0.025907,0.512953,0.207254,0.445596,0.248705,0.663212,0.238342,0.792746,0.243523,0.901554
2.000000,0.000000,0.000000,-0.206030,0.190955,-0.226131,0.396985,-0.201005,0.542714,-0.150754,0.673367,-0.206030,0.457286,-0.211055,0.718593,-0.216080,0.884422,-0.195980,1.000000,-0.060302,0.447236,-0.055276,0.683417,-0.080402,0.592965,-0.080402,0.527638,0.070352,0.447236,0.050251,0.653266,0.015075,0.567839,0.015075,0.507538,0.175879,0.457286,0.216080,0.658291,0.206030,0.778894,0.216080,0.884422
2.000000,0.000000,0.000000,-0.179104,0.194030,-0.203980,0.378109,-0.194030,0.507463,-0.169154,0.621891,-0.208955,0.472637,-0.238806,0.716418,-0.253731,0.885572,-0.248756,1.000000,-0.069652,0.462687,-0.064677,0.686567,-0.069652,0.592040,-0.069652,0.532338,0.059701,0.462687,0.039801,0.651741,0.019900,0.572139,0.019900,0.517413,0.164179,0.467662,0.208955,0.671642,0.203980,0.781095,0.213930,0.885572
2.000000,0.000000,0.000000,-0.161765,0.196078,-0.191176,0.362745,-0.176471,0.485294,-0.151961,0.593137,-0.225490,0.470588,-0.274510,0.715686,-0.299020,0.882353,-0.303922,1.000000,-0.093137,0.465686,-0.063725,0.686275,-0.049020,0.583333,-0.053922,0.519608,0.044118,0.470588,0.049020,0.656863,0.044118,0.568627,0.039216,0.509804,0.151961,0.480392,0.196078,0.676471,0.200980,0.779412,0.220588,0.877451
2.000000,0.000000,0.000000,-0.140777,0.199029,-0.169903,0.354369,-0.145631,0.475728,-0.111650,0.572816,-0.213592,0.470874,-0.266990,0.713592,-0.296117,0.878641,-0.310680,1.000000,-0.082524,0.461165,-0.048544,0.674757,-0.014563,0.558252,-0.019417,0.490291,0.048544,0.461165,0.067961,0.650485,0.063107,0.553398,0.053398,0.485437,0.160194,0.475728,0.203883,0.665049,0.223301,0.762136,0.242718,0.859223
2.000000,0.000000,0.000000,-0.163462,0.173077,-0.197115,0.341346,-0.173077,0.466346,-0.129808,0.562500,-0.221154,0.461538,-0.288462,0.716346,-0.326923,0.884615,-0.341346,1.000000,-0.091346,0.466346,-0.057692,0.682692,-0.038462,0.572115,-0.038462,0.504808,0.038462,0.461538,0.057692,0.663462,0.052885,0.572115,0.043269,0.504808,0.149038,0.466346,0.192308,0.668269,0.211538,0.764423,0.225962,0.855769
2.000000,0.000000,0.000000,-0.161137,0.170616,-0.194313,0.341232,-0.175355,0.469194,-0.142180,0.563981,-0.218009,0.464455,-0.284360,0.715640,-0.327014,0.881517,-0.345972,1.000000,-0.090047,0.464455,-0.052133,0.677725,-0.033175,0.568720,-0.033175,0.497630,0.033175,0.464455,0.052133,0.668246,0.052133,0.573460,0.037915,0.502370,0.146919,0.469194,0.194313,0.672986,0.213270,0.767772,0.222749,0.867299
2.000000,0.000000,0.000000,-0.151659,0.180095,-0.180095,0.341232,-0.142180,0.459716,-0.085308,0.549763,-0.218009,0.464455,-0.279621,0.715640,-0.317536,0.881517,-0.336493,1.000000,-0.085308,0.459716,-0.047393,0.672986,-0.018957,0.554502,-0.018957,0.483412,0.037915,0.459716,0.061611,0.658768,0.061611,0.554502,0.047393,0.483412,0.151659,0.473934,0.199052,0.668246,0.222749,0.763033,0.236967,0.857820
2.000000,0.000000,0.000000,-0.148148,0.180556,-0.166667,0.351852,-0.125000,0.472222,-0.055556,0.555556,-0.203704,0.472222,-0.263889,0.722222,-0.300926,0.884259,-0.319444,1.000000,-0.078704,0.472222,-0.037037,0.685185,-0.013889,0.564815,-0.013889,0.500000,0.046296,0.467593,0.064815,0.671296,0.069444,0.574074,0.055556,0.500000,0.157407,0.472222,0.199074,0.666667,0.226852,0.759259,0.245370,0.856481
2.000000,0.000000,0.000000,-0.130841,0.196262,-0.154206,0.359813,-0.112150,0.467290,-0.056075,0.556075,-0.205607,0.476636,-0.266355,0.724299,-0.303738,0.883178,-0.327103,1.000000,-0.079439,0.471963,-0.028037,0.682243,0.004673,0.556075,0.000000,0.490654,0.046729,0.467290,0.079439,0.663551,0.084112,0.560748,0.070093,0.490654,0.163551,0.481308,0.210280,0.668224,0.238318,0.757009,0.261682,0.855140
2.000000,0.000000,0.000000,-0.135514,0.196262,-0.158879,0.359813,-0.116822,0.471963,-0.056075,0.560748,-0.205607,0.476636,-0.266355,0.724299,-0.308411,0.883178,-0.327103,1.000000,-0.079439,0.467290,-0.028037,0.677570,0.004673,0.556075,0.000000,0.490654,0.046729,0.462617,0.079439,0.668224,0.084112,0.560748,0.070093,0.485981,0.163551,0.471963,0.214953,0.658879,0.238318,0.747664,0.261682,0.845794
2.000000,0.000000,0.000000,-0.143519,0.185185,-0.166667,0.356481,-0.125000,0.472222,-0.064815,0.560185,-0.199074,0.472222,-0.263889,0.726852,-0.305556,0.884259,-0.328704,1.000000,-0.074074,0.472222,-0.023148,0.689815,0.000000,0.578704,-0.004630,0.513889,0.050926,0.467593,0.078704,0.685185,0.078704,0.587963,0.064815,0.513889,0.166667,0.467593,0.208333,0.657407,0.240741,0.750000,0.263889,0.847222
2.000000,0.000000,0.000000,-0.138889,0.189815,-0.162037,0.351852,-0.125000,0.472222,-0.069444,0.560185,-0.199074,0.476852,-0.263889,0.726852,-0.305556,0.884259,-0.328704,1.000000,-0.078704,0.472222,-0.018519,0.685185,0.009259,0.569444,0.004630,0.500000,0.050926,0.462963,0.083333,0.675926,0.087963,0.574074,0.074074,0.500000,0.166667,0.467593,0.212963,0.657407,0.245370,0.750000,0.268519,0.847222
2.000000,0.000000,0.000000,-0.136364,0.181818,-0.163636,0.350000,-0.131818,0.468182,-0.081818,0.554545,-0.195455,0.477273,-0.254545,0.727273,-0.295455,0.886364,-0.318182,1.000000,-0.072727,0.472727,-0.022727,0.686364,0.004545,0.572727,0.000000,0.504545,0.050000,0.468182,0.081818,0.681818,0.081818,0.581818,0.068182,0.509091,0.163636,0.472727,0.209091,0.659091,0.236364,0.750000,0.263636,0.840909
2.000000,0.000000,0.000000,-0.140909,0.172727,-0.177273,0.336364,-0.145455,0.468182,-0.090909,0.550000,-0.190909,0.463636,-0.254545,0.722727,-0.295455,0.881818,-0.318182,1.000000,-0.072727,0.468182,-0.018182,0.681818,0.004545,0.572727,0.004545,0.513636,0.050000,0.463636,0.081818,0.686364,0.086364,0.595455,0.072727,0.518182,0.163636,0.463636,0.204545,0.654545,0.236364,0.750000,0.254545,0.845455
2.000000,0.000000,0.000000,-0.143519,0.180556,-0.180556,0.342593,-0.162037,0.467593,-0.129630,0.560185,-0.203704,0.472222,-0.273148,0.722222,-0.314815,0.884259,-0.337963,1.000000,-0.083333,0.467593,-0.027778,0.685185,0.000000,0.574074,0.000000,0.509259,0.041667,0.462963,0.078704,0.685185,0.083333,0.592593,0.069444,0.518519,0.157407,0.467593,0.203704,0.657407,0.231481,0.750000,0.250000,0.847222
3.000000,0.000000,0.000000,-0.120536,0.183036,-0.133929,0.334821,-0.084821,0.450893,-0.017857,0.526786,-0.160714,0.468750,-0.191964,0.718750,-0.223214,0.883929,-0.241071,1.000000,-0.040179,0.455357,0.044643,0.660714,0.066964,0.544643,0.053571,0.482143,0.080357,0.437500,0.147321,0.642857,0.147321,0.553571,0.120536,0.482143,0.191964,0.428571,0.250000,0.611607,0.285714,0.696429,0.308036,0.785714
3.000000,0.000000,0.000000,-0.093750,0.218750,-0.049107,0.375000,0.022321,0.468750,0.098214,0.544643,0.004464,0.495536,0.035714,0.732143,0.062500,0.897321,0.093750,1.000000,0.116071,0.441964,0.200893,0.620536,0.160714,0.526786,0.133929,0.468750,0.223214,0.383929,0.294643,0.553571,0.236607,0.486607,0.200893,0.433036,0.316964,0.352679,0.446429,0.486607,0.504464,0.553571,0.571429,0.620536
3.000000,0.000000,0.000000,-0.095455,0.227273,-0.050000,0.390909,0.009091,0.500000,0.077273,0.586364,0.022727,0.509091,0.072727,0.736364,0.113636,0.900000,0.150000,1.000000,0.136364,0.445455,0.204545,0.627273,0.150000,0.536364,0.127273,0.481818,0.240909,0.386364,0.300000,0.559091,0.231818,0.495455,0.200000,0.440909,0.327273,0.350000,0.472727,0.477273,0.540909,0.545455,0.613636,0.613636
3.000000,0.000000,0.000000,-0.102804,0.228972,-0.074766,0.392523,-0.037383,0.504673,0.028037,0.593458,0.051402,0.514019,0.112150,0.738318,0.163551,0.901869,0.205607,1.000000,0.163551,0.439252,0.205607,0.621495,0.140187,0.537383,0.116822,0.476636,0.257009,0.378505,0.308411,0.551402,0.228972,0.500000,0.191589,0.443925,0.341121,0.345794,0.490654,0.471963,0.556075,0.537383,0.635514,0.593458
3.000000,0.000000,0.000000,-0.106796,0.237864,-0.072816,0.417476,-0.038835,0.543689,0.043689,0.611650,0.082524,0.529126,0.160194,0.747573,0.223301,0.902913,0.276699,1.000000,0.194175,0.441748,0.233010,0.621359,0.155340,0.538835,0.121359,0.485437,0.281553,0.378641,0.320388,0.543689,0.233010,0.500000,0.194175,0.446602,0.354369,0.339806,0.509709,0.466019,0.582524,0.538835,0.660194,0.587379
3.000000,0.000000,0.000000,-0.103960,0.252475,-0.059406,0.440594,-0.009901,0.569307,0.084158,0.608911,0.128713,0.529703,0.212871,0.747525,0.292079,0.905941,0.361386,1.000000,0.227723,0.440594,0.272277,0.618812,0.183168,0.554455,0.153465,0.500000,0.306931,0.376238,0.346535,0.539604,0.247525,0.509901,0.207921,0.455446,0.371287,0.336634,0.529703,0.450495,0.603960,0.529703,0.683168,0.584158
3.000000,0.000000,0.000000,-0.103627,0.259067,-0.041451,0.461140,0.020725,0.580311,0.129534,0.611399,0.176166,0.533679,0.279793,0.751295,0.383420,0.901554,0.466321,1.000000,0.269430,0.430052,0.316062,0.611399,0.217617,0.538860,0.186529,0.481865,0.341969,0.357513,0.383420,0.523316,0.274611,0.481865,0.233161,0.430052,0.404145,0.316062,0.569948,0.435233,0.647668,0.518135,0.730570,0.564767
3.000000,0.000000,0.000000,-0.091398,0.279570,-0.021505,0.489247,0.053763,0.607527,0.172043,0.612903,0.236559,0.548387,0.360215,0.758065,0.478495,0.903226,0.580645,1.000000,0.317204,0.430108,0.327957,0.607527,0.204301,0.510753,0.177419,0.446237,0.376344,0.349462,0.397849,0.500000,0.268817,0.446237,0.220430,0.387097,0.430108,0.306452,0.602151,0.430108,0.682796,0.505376,0.774194,0.559140
3.000000,0.000000,0.000000,-0.096591,0.312500,0.011364,0.534091,0.107955,0.642045,0.250000,0.630682,0.295455,0.562500,0.460227,0.778409,0.590909,0.903409,0.715909,1.000000,0.357955,0.431818,0.346591,0.602273,0.204545,0.505682,0.170455,0.437500,0.409091,0.340909,0.409091,0.482955,0.255682,0.420455,0.210227,0.363636,0.460227,0.289773,0.636364,0.409091,0.727273,0.494318,0.818182,0.545455
3.000000,0.000000,0.000000,-0.077844,0.347305,0.041916,0.586826,0.149701,0.682635,0.287425,0.652695,0.389222,0.586826,0.568862,0.790419,0.706587,0.898204,0.838323,1.000000,0.419162,0.437126,0.377246,0.610778,0.215569,0.502994,0.161677,0.413174,0.449102,0.335329,0.413174,0.473054,0.233533,0.413174,0.167665,0.359281,0.485030,0.275449,0.658683,0.407186,0.742515,0.491018,0.832335,0.544910
3.000000,0.000000,0.000000,-0.062500,0.387500,0.075000,0.643750,0.218750,0.700000,0.350000,0.656250,0.450000,0.618750,0.662500,0.812500,0.825000,0.906250,0.975000,1.000000,0.475000,0.456250,0.431250,0.631250,0.256250,0.518750,0.187500,0.418750,0.487500,0.343750,0.462500,0.481250,0.268750,0.412500,0.200000,0.350000,0.512500,0.287500,0.700000,0.400000,0.787500,0.475000,0.881250,0.525000
3.000000,0.000000,0.000000,-0.029940,0.365269,0.119760,0.610778,0.251497,0.664671,0.389222,0.646707,0.479042,0.592814,0.700599,0.760479,0.862275,0.832335,1.000000,0.910180,0.485030,0.437126,0.455090,0.598802,0.275449,0.502994,0.185629,0.407186,0.491018,0.329341,0.461078,0.449102,0.257485,0.383234,0.185629,0.323353,0.514970,0.275449,0.688623,0.371257,0.772455,0.431138,0.868263,0.473054
3.000000,0.000000,0.000000,-0.022989,0.339080,0.132184,0.557471,0.270115,0.614943,0.413793,0.597701,0.477012,0.574713,0.712644,0.695402,0.867816,0.747126,1.000000,0.810345,0.482759,0.425287,0.471264,0.551724,0.316092,0.471264,0.229885,0.390805,0.482759,0.316092,0.482759,0.419540,0.304598,0.356322,0.229885,0.304598,0.505747,0.258621,0.678161,0.339080,0.758621,0.390805,0.850575,0.419540
3.000000,0.000000,0.000000,-0.005618,0.337079,0.134831,0.550562,0.247191,0.617977,0.382022,0.595506,0.488764,0.539326,0.713483,0.651685,0.870786,0.702247,1.000000,0.758427,0.477528,0.398876,0.466292,0.522472,0.308989,0.449438,0.213483,0.370787,0.471910,0.297753,0.466292,0.398876,0.292135,0.342697,0.213483,0.292135,0.488764,0.241573,0.651685,0.314607,0.724719,0.359551,0.814607,0.382022
3.000000,0.000000,0.000000,0.000000,0.316940,0.125683,0.524590,0.224044,0.606557,0.327869,0.601093,0.502732,0.497268,0.732240,0.601093,0.874317,0.639344,1.000000,0.693989,0.491803,0.377049,0.480874,0.508197,0.333333,0.453552,0.234973,0.387978,0.469945,0.278689,0.486339,0.393443,0.327869,0.355191,0.251366,0.316940,0.480874,0.218579,0.622951,0.306011,0.683060,0.355191,0.743169,0.371585
3.000000,0.000000,0.000000,0.005525,0.314917,0.127072,0.508287,0.204420,0.591160,0.298343,0.618785,0.519337,0.497238,0.734807,0.574586,0.878453,0.602210,1.000000,0.646409,0.491713,0.375691,0.502762,0.502762,0.353591,0.453039,0.254144,0.386740,0.464088,0.281768,0.491713,0.397790,0.331492,0.364641,0.254144,0.320442,0.464088,0.226519,0.607735,0.303867,0.657459,0.348066,0.718232,0.364641
3.000000,0.000000,0.000000,0.016216,0.324324,0.140541,0.524324,0.227027,0.610811,0.329730,0.589189,0.524324,0.454054,0.740541,0.518919,0.875676,0.545946,1.000000,0.572973,0.491892,0.329730,0.502703,0.464865,0.351351,0.443243,0.248649,0.389189,0.464865,0.243243,0.481081,0.362162,0.324324,0.356757,0.243243,0.335135,0.454054,0.189189,0.572973,0.264865,0.621622,0.318919,0.675676,0.335135
3.000000,0.000000,0.000000,0.022099,0.337017,0.143646,0.530387,0.215470,0.613260,0.292818,0.624309,0.546961,0.441989,0.756906,0.497238,0.889503,0.519337,1.000000,0.535912,0.502762,0.314917,0.524862,0.475138,0.381215,0.491713,0.265193,0.464088,0.458564,0.226519,0.491713,0.359116,0.353591,0.392265,0.259668,0.386740,0.441989,0.176796,0.502762,0.265193,0.486188,0.320442,0.480663,0.325967
3.000000,0.000000,0.000000,0.038889,0.350000,0.161111,0.533333,0.233333,0.644444,0.311111,0.650000,0.561111,0.433333,0.761111,0.477778,0.894444,0.505556,1.000000,0.511111,0.511111,0.311111,0.550000,0.477778,0.411111,0.533333,0.300000,0.538889,0.455556,0.222222,0.494444,0.366667,0.383333,0.438889,0.294444,0.461111,0.416667,0.177778,0.461111,0.283333,0.416667,0.355556,0.383333,0.383333
3.000000,0.000000,0.000000,0.045455,0.352273,0.170455,0.534091,0.232955,0.647727,0.295455,0.664773,0.568182,0.426136,0.761364,0.465909,0.897727,0.488636,1.000000,0.500000,0.505682,0.306818,0.556818,0.477273,0.403409,0.534091,0.289773,0.534091,0.454545,0.221591,0.505682,0.363636,0.392045,0.431818,0.301136,0.448864,0.420455,0.176136,0.460227,0.284091,0.414773,0.357955,0.363636,0.380682
3.000000,0.000000,0.000000,0.052326,0.354651,0.186047,0.546512,0.255814,0.645349,0.308140,0.633721,0.581395,0.406977,0.767442,0.441860,0.901163,0.470930,1.000000,0.476744,0.523256,0.284884,0.558140,0.459302,0.412791,0.523256,0.296512,0.529070,0.465116,0.197674,0.517442,0.343023,0.406977,0.412791,0.319767,0.436047,0.424419,0.156977,0.470930,0.273256,0.424419,0.348837,0.377907,0.372093
3.000000,0.000000,0.000000,0.059172,0.366864,0.183432,0.556213,0.248521,0.662722,0.295858,0.674556,0.585799,0.408284,0.769231,0.443787,0.899408,0.473373,1.000000,0.479290,0.520710,0.289941,0.556213,0.473373,0.414201,0.538462,0.301775,0.532544,0.455621,0.201183,0.502959,0.360947,0.384615,0.437870,0.301775,0.461538,0.414201,0.159763,0.455621,0.284024,0.402367,0.360947,0.349112,0.384615
3.000000,0.000000,0.000000,0.065868,0.377246,0.197605,0.568862,0.257485,0.682635,0.293413,0.694611,0.586826,0.413174,0.766467,0.455090,0.898204,0.485030,1.000000,0.497006,0.514970,0.299401,0.556886,0.473054,0.413174,0.544910,0.305389,0.550898,0.449102,0.215569,0.497006,0.365269,0.395210,0.449102,0.311377,0.485030,0.401198,0.179641,0.443114,0.293413,0.407186,0.377246,0.371257,0.401198
3.000000,0.000000,0.000000,0.060606,0.369697,0.187879,0.557576,0.242424,0.678788,0.284848,0.690909,0.575758,0.418182,0.763636,0.460606,0.896970,0.496970,1.000000,0.509091,0.515152,0.296970,0.551515,0.478788,0.406061,0.551515,0.290909,0.557576,0.454545,0.212121,0.509091,0.363636,0.412121,0.460606,0.327273,0.503030,0.406061,0.175758,0.448485,0.290909,0.412121,0.381818,0.369697,0.412121
3.000000,0.000000,0.000000,0.047904,0.371257,0.167665,0.562874,0.221557,0.682635,0.275449,0.694611,0.562874,0.431138,0.760479,0.479042,0.892216,0.514970,1.000000,0.532934,0.502994,0.317365,0.544910,0.497006,0.395210,0.562874,0.281437,0.562874,0.449102,0.233533,0.497006,0.377246,0.383234,0.473054,0.299401,0.508982,0.407186,0.191617,0.461078,0.305389,0.425150,0.389222,0.395210,0.413174
3.000000,0.000000,0.000000,0.029240,0.356725,0.146199,0.555556,0.210526,0.672515,0.280702,0.684211,0.549708,0.432749,0.748538,0.491228,0.888889,0.538012,1.000000,0.561404,0.497076,0.315789,0.538012,0.502924,0.380117,0.549708,0.257310,0.532164,0.450292,0.233918,0.502924,0.385965,0.374269,0.467836,0.280702,0.502924,0.421053,0.187135,0.502924,0.298246,0.497076,0.380117,0.502924,0.397661
3.000000,0.000000,0.000000,0.011299,0.338983,0.124294,0.542373,0.192090,0.649718,0.265537,0.666667,0.531073,0.451977,0.740113,0.525424,0.881356,0.564972,1.000000,0.598870,0.491525,0.333333,0.514124,0.491525,0.338983,0.514124,0.209040,0.485876,0.457627,0.237288,0.497175,0.372881,0.355932,0.429379,0.254237,0.440678,0.440678,0.180791,0.581921,0.259887,0.644068,0.327684,0.711864,0.355932
3.000000,0.000000,0.000000,-0.022727,0.340909,0.090909,0.556818,0.176136,0.630682,0.272727,0.613636,0.488636,0.488636,0.715909,0.579545,0.869318,0.613636,1.000000,0.659091,0.482955,0.352273,0.454545,0.505682,0.301136,0.471591,0.198864,0.409091,0.471591,0.250000,0.448864,0.375000,0.272727,0.352273,0.198864,0.312500,0.471591,0.193182,0.642045,0.267045,0.715909,0.323864,0.789773,0.352273
3.000000,0.000000,0.000000,-0.047337,0.355030,0.076923,0.597633,0.195266,0.680473,0.319527,0.644970,0.497041,0.544379,0.721893,0.674556,0.869823,0.727811,1.000000,0.781065,0.497041,0.390533,0.473373,0.556213,0.307692,0.502959,0.207101,0.420118,0.491124,0.289941,0.467456,0.414201,0.272189,0.372781,0.195266,0.325444,0.491124,0.236686,0.686391,0.319527,0.775148,0.384615,0.869823,0.426035
3.000000,0.000000,0.000000,-0.055215,0.374233,0.092025,0.619632,0.214724,0.687117,0.355828,0.638037,0.466258,0.595092,0.699386,0.754601,0.852761,0.822086,1.000000,0.895706,0.472393,0.435583,0.447853,0.588957,0.269939,0.496933,0.177914,0.398773,0.478528,0.319018,0.460123,0.435583,0.263804,0.374233,0.190184,0.325153,0.509202,0.257669,0.717791,0.337423,0.809816,0.404908,0.914110,0.460123
3.000000,0.000000,0.000000,-0.067901,0.382716,0.067901,0.623457,0.179012,0.703704,0.314815,0.666667,0.438272,0.629630,0.648148,0.808642,0.802469,0.913580,0.938272,1.000000,0.462963,0.469136,0.438272,0.635802,0.265432,0.530864,0.179012,0.438272,0.481481,0.351852,0.469136,0.487654,0.283951,0.438272,0.209877,0.376543,0.512346,0.277778,0.722222,0.376543,0.820988,0.444444,0.925926,0.493827
3.000000,0.000000,0.000000,-0.069767,0.348837,0.040698,0.563953,0.151163,0.645349,0.290698,0.616279,0.337209,0.593023,0.517442,0.796512,0.656977,0.912791,0.784884,1.000000,0.395349,0.453488,0.424419,0.616279,0.267442,0.517442,0.197674,0.441860,0.441860,0.348837,0.465116,0.482558,0.296512,0.436047,0.226744,0.377907,0.482558,0.284884,0.680233,0.383721,0.773256,0.453488,0.872093,0.494186
3.000000,0.000000,0.000000,-0.065934,0.324176,0.027473,0.521978,0.131868,0.609890,0.269231,0.604396,0.263736,0.576923,0.423077,0.785714,0.543956,0.912088,0.648352,1.000000,0.335165,0.450549,0.406593,0.598901,0.263736,0.483516,0.203297,0.412088,0.401099,0.351648,0.439560,0.472527,0.291209,0.406593,0.225275,0.346154,0.461538,0.291209,0.648352,0.390110,0.730769,0.450549,0.829670,0.494505
3.000000,0.000000,0.000000,-0.084211,0.294737,0.000000,0.478947,0.089474,0.573684,0.210526,0.589474,0.226316,0.557895,0.347368,0.773684,0.452632,0.910526,0.531579,1.000000,0.305263,0.442105,0.357895,0.605263,0.242105,0.510526,0.200000,0.452632,0.368421,0.357895,0.410526,0.489474,0.278947,0.442105,0.221053,0.389474,0.431579,0.294737,0.610526,0.394737,0.700000,0.457895,0.794737,0.505263
3.000000,0.000000,0.000000,-0.101010,0.262626,-0.045455,0.439394,0.020202,0.545455,0.121212,0.585859,0.156566,0.535354,0.247475,0.757576,0.338384,0.909091,0.409091,1.000000,0.252525,0.439394,0.303030,0.606061,0.202020,0.525253,0.166667,0.464646,0.323232,0.363636,0.373737,0.515152,0.262626,0.474747,0.217172,0.419192,0.393939,0.313131,0.565657,0.419192,0.641414,0.489899,0.727273,0.535354
3.000000,0.000000,0.000000,-0.106280,0.241546,-0.053140,0.405797,0.004831,0.507246,0.086957,0.565217,0.096618,0.516908,0.173913,0.743961,0.246377,0.898551,0.304348,1.000000,0.202899,0.429952,0.256039,0.599034,0.173913,0.521739,0.144928,0.458937,0.289855,0.362319,0.333333,0.512077,0.241546,0.463768,0.202899,0.410628,0.362319,0.314010,0.526570,0.425121,0.599034,0.487923,0.676328,0.541063
3.000000,0.000000,0.000000,-0.103774,0.235849,-0.051887,0.396226,0.009434,0.490566,0.084906,0.566038,0.066038,0.518868,0.113208,0.740566,0.169811,0.896226,0.212264,1.000000,0.174528,0.438679,0.221698,0.608491,0.150943,0.518868,0.127358,0.457547,0.264151,0.377358,0.306604,0.523585,0.216981,0.462264,0.183962,0.405660,0.339623,0.334906,0.500000,0.452830,0.566038,0.518868,0.641509,0.575472
3.000000,0.000000,0.000000,-0.114679,0.229358,-0.059633,0.385321,0.009174,0.477064,0.077982,0.564220,0.022936,0.513761,0.055046,0.743119,0.096330,0.903670,0.133028,1.000000,0.137615,0.454128,0.192661,0.623853,0.133028,0.532110,0.114679,0.472477,0.233945,0.394495,0.288991,0.550459,0.215596,0.486239,0.183486,0.426605,0.316514,0.353211,0.463303,0.477064,0.522936,0.545872,0.591743,0.610092
3.000000,0.000000,0.000000,-0.112613,0.216216,-0.076577,0.369369,-0.013514,0.468468,0.040541,0.554054,-0.018018,0.504505,0.000000,0.738739,0.022523,0.896396,0.045045,1.000000,0.099099,0.459459,0.162162,0.621622,0.121622,0.522523,0.103604,0.463964,0.207207,0.405405,0.270270,0.567568,0.207207,0.490991,0.175676,0.432432,0.297297,0.369369,0.427928,0.500000,0.486486,0.567568,0.545045,0.639640
3.000000,0.000000,0.000000,-0.127753,0.198238,-0.101322,0.361233,-0.039648,0.480176,0.013216,0.559471,-0.057269,0.488987,-0.057269,0.735683,-0.057269,0.894273,-0.044053,1.000000,0.066079,0.462555,0.127753,0.638767,0.101322,0.541850,0.088106,0.484582,0.171806,0.422908,0.237885,0.603524,0.193833,0.528634,0.162996,0.462555,0.264317,0.383260,0.374449,0.541850,0.427313,0.612335,0.475771,0.691630
3.000000,0.000000,0.000000,-0.130045,0.197309,-0.121076,0.349776,-0.080717,0.466368,-0.035874,0.556054,-0.094170,0.488789,-0.116592,0.730942,-0.125561,0.887892,-0.130045,1.000000,0.022422,0.461883,0.098655,0.632287,0.085202,0.529148,0.071749,0.466368,0.139013,0.430493,0.201794,0.600897,0.165919,0.520179,0.134529,0.452915,0.237668,0.408072,0.336323,0.560538,0.381166,0.636771,0.426009,0.717489
3.000000,0.000000,0.000000,-0.137778,0.186667,-0.137778,0.351111,-0.097778,0.471111,-0.048889,0.546667,-0.106667,0.480000,-0.142222,0.728889,-0.164444,0.888889,-0.177778,1.000000,0.013333,0.466667,0.075556,0.648889,0.066667,0.551111,0.053333,0.488889,0.124444,0.440000,0.182222,0.635556,0.151111,0.555556,0.120000,0.488889,0.222222,0.417778,0.306667,0.595556,0.346667,0.675556,0.382222,0.760000
3.000000,0.000000,0.000000,-0.143498,0.179372,-0.152466,0.345291,-0.112108,0.470852,-0.062780,0.547085,-0.139013,0.479821,-0.179372,0.726457,-0.210762,0.887892,-0.233184,1.000000,-0.017937,0.470852,0.049327,0.650224,0.053812,0.547085,0.040359,0.484305,0.098655,0.452915,0.156951,0.645740,0.139013,0.560538,0.107623,0.488789,0.206278,0.434978,0.273543,0.623318,0.309417,0.704036,0.340807,0.793722
3.000000,0.000000,0.000000,-0.137615,0.174312,-0.146789,0.334862,-0.091743,0.435780,-0.027523,0.504587,-0.155963,0.486239,-0.201835,0.724771,-0.233945,0.885321,-0.256881,1.000000,-0.036697,0.472477,0.032110,0.646789,0.050459,0.532110,0.045872,0.463303,0.087156,0.458716,0.137615,0.642202,0.128440,0.541284,0.105505,0.467890,0.192661,0.454128,0.256881,0.633027,0.284404,0.720183,0.307339,0.811927
3.000000,0.000000,0.000000,-0.148837,0.167442,-0.162791,0.334884,-0.106977,0.451163,-0.041860,0.516279,-0.162791,0.488372,-0.209302,0.730233,-0.246512,0.883721,-0.269767,1.000000,-0.037209,0.497674,0.023256,0.665116,0.037209,0.558140,0.032558,0.488372,0.083721,0.483721,0.125581,0.665116,0.125581,0.576744,0.106977,0.497674,0.190698,0.469767,0.237209,0.669767,0.274419,0.762791,0.293023,0.855814
3.000000,0.000000,0.000000,-0.146919,0.165877,-0.170616,0.331754,-0.113744,0.454976,-0.047393,0.521327,-0.184834,0.497630,-0.236967,0.729858,-0.270142,0.886256,-0.298578,1.000000,-0.061611,0.511848,0.000000,0.663507,0.028436,0.559242,0.033175,0.488152,0.061611,0.502370,0.118483,0.663507,0.123223,0.573460,0.104265,0.497630,0.175355,0.492891,0.218009,0.696682,0.255924,0.786730,0.279621,0.881517
3.000000,0.000000,0.000000,-0.157895,0.157895,-0.186603,0.325359,-0.143541,0.454545,-0.086124,0.526316,-0.191388,0.507177,-0.239234,0.736842,-0.272727,0.885167,-0.301435,1.000000,-0.062201,0.531100,-0.009569,0.665072,0.019139,0.564593,0.014354,0.492823,0.066986,0.521531,0.110048,0.674641,0.114833,0.583732,0.095694,0.511962,0.181818,0.511962,0.220096,0.717703,0.258373,0.808612,0.282297,0.904306
3.000000,0.000000,0.000000,-0.182266,0.157635,-0.211823,0.320197,-0.182266,0.458128,-0.128079,0.536946,-0.206897,0.512315,-0.261084,0.738916,-0.295566,0.886699,-0.325123,1.000000,-0.068966,0.551724,-0.044335,0.665025,-0.024631,0.576355,-0.024631,0.512315,0.059113,0.541872,0.083744,0.674877,0.083744,0.596059,0.073892,0.527094,0.182266,0.517241,0.216749,0.733990,0.251232,0.832512,0.266010,0.916256
3.000000,0.000000,0.000000,-0.206349,0.158730,-0.243386,0.338624,-0.201058,0.476190,-0.126984,0.544974,-0.232804,0.544974,-0.301587,0.756614,-0.338624,0.894180,-0.365079,1.000000,-0.084656,0.597884,-0.089947,0.666667,-0.079365,0.571429,-0.079365,0.502645,0.052910,0.582011,0.047619,0.666667,0.031746,0.582011,0.026455,0.513228,0.185185,0.544974,0.232804,0.756614,0.259259,0.862434,0.269841,0.947090
3.000000,0.000000,0.000000,-0.225989,0.152542,-0.276836,0.338983,-0.242938,0.491525,-0.169492,0.564972,-0.265537,0.587571,-0.350282,0.779661,-0.395480,0.898305,-0.423729,0.994350,-0.112994,0.644068,-0.118644,0.677966,-0.101695,0.564972,-0.096045,0.502825,0.039548,0.627119,0.039548,0.683616,0.033898,0.576271,0.022599,0.502825,0.180791,0.593220,0.237288,0.802260,0.271186,0.909605,0.282486,1.000000
3.000000,0.000000,0.000000,-0.258621,0.120690,-0.356322,0.316092,-0.316092,0.477012,-0.235632,0.563218,-0.298851,0.586207,-0.419540,0.770115,-0.477012,0.885057,-0.511494,0.977012,-0.137931,0.649425,-0.183908,0.689655,-0.172414,0.591954,-0.166667,0.522988,0.005747,0.632184,-0.034483,0.689655,-0.045977,0.591954,-0.040230,0.522988,0.143678,0.586207,0.189655,0.798851,0.218391,0.908046,0.235632,1.000000
3.000000,0.000000,0.000000,-0.284884,0.104651,-0.424419,0.296512,-0.377907,0.459302,-0.273256,0.529070,-0.343023,0.587209,-0.494186,0.784884,-0.558140,0.901163,-0.604651,1.000000,-0.168605,0.656977,-0.279070,0.691860,-0.290698,0.581395,-0.273256,0.511628,-0.023256,0.633721,-0.122093,0.691860,-0.151163,0.581395,-0.145349,0.500000,0.104651,0.593023,0.127907,0.802326,0.145349,0.895349,0.156977,0.982558
3.000000,0.000000,0.000000,-0.301136,0.079545,-0.471591,0.255682,-0.448864,0.409091,-0.323864,0.460227,-0.369318,0.585227,-0.539773,0.778409,-0.625000,0.897727,-0.676136,1.000000,-0.193182,0.642045,-0.329545,0.653409,-0.329545,0.534091,-0.306818,0.465909,-0.056818,0.619318,-0.176136,0.653409,-0.193182,0.528409,-0.181818,0.448864,0.062500,0.585227,0.068182,0.778409,0.079545,0.869318,0.096591,0.943182
3.000000,0.000000,0.000000,-0.297297,0.081081,-0.481081,0.248649,-0.508108,0.378378,-0.416216,0.427027,-0.356757,0.589189,-0.540541,0.778378,-0.627027,0.897297,-0.686486,1.000000,-0.194595,0.616216,-0.351351,0.648649,-0.372973,0.535135,-0.345946,0.459459,-0.081081,0.589189,-0.205405,0.637838,-0.237838,0.518919,-0.227027,0.437838,0.010811,0.556757,0.016216,0.740541,0.010811,0.832432,0.027027,0.908108
3.000000,0.000000,0.000000,-0.287129,0.059406,-0.490099,0.217822,-0.544554,0.326733,-0.509901,0.371287,-0.321782,0.574257,-0.495050,0.767327,-0.584158,0.891089,-0.648515,1.000000,-0.173267,0.584158,-0.381188,0.569307,-0.420792,0.450495,-0.405941,0.376238,-0.084158,0.544554,-0.232673,0.574257,-0.282178,0.455446,-0.287129,0.386139,-0.019802,0.504951,-0.049505,0.673267,-0.064356,0.757426,-0.054455,0.826733
3.000000,0.000000,0.000000,-0.055046,0.160550,-0.211009,0.321101,-0.325688,0.403670,-0.366972,0.481651,-0.279817,0.522936,-0.458716,0.729358,-0.545872,0.871560,-0.610092,1.000000,-0.298165,0.481651,-0.481651,0.472477,-0.463303,0.389908,-0.422018,0.366972,-0.325688,0.389908,-0.467890,0.403670,-0.449541,0.334862,-0.408257,0.311927,-0.344037,0.302752,-0.431193,0.394495,-0.399083,0.412844,-0.344037,0.431193
3.000000,0.000000,0.000000,-0.221277,0.072340,-0.404255,0.200000,-0.510638,0.289362,-0.527660,0.357447,-0.238298,0.523404,-0.382979,0.744681,-0.459574,0.885106,-0.514894,1.000000,-0.161702,0.514894,-0.378723,0.557447,-0.434043,0.442553,-0.412766,0.357447,-0.119149,0.485106,-0.306383,0.548936,-0.361702,0.442553,-0.361702,0.374468,-0.110638,0.455319,-0.234043,0.523404,-0.289362,0.480851,-0.285106,0.446809
3.000000,0.000000,0.000000,-0.186992,0.093496,-0.341463,0.219512,-0.475610,0.304878,-0.536585,0.349593,-0.182927,0.520325,-0.304878,0.735772,-0.373984,0.886179,-0.418699,1.000000,-0.154472,0.495935,-0.378049,0.548781,-0.439024,0.447154,-0.422764,0.369919,-0.154472,0.455285,-0.349593,0.508130,-0.406504,0.414634,-0.402439,0.361789,-0.166667,0.414634,-0.317073,0.434959,-0.386179,0.386179,-0.386179,0.345528
3.000000,0.000000,0.000000,-0.147410,0.111554,-0.278884,0.235060,-0.414343,0.322709,-0.490040,0.398406,-0.139442,0.545817,-0.219124,0.745020,-0.270916,0.888446,-0.294821,1.000000,-0.159363,0.501992,-0.350598,0.565737,-0.406375,0.458167,-0.378486,0.370518,-0.187251,0.446215,-0.354582,0.498008,-0.398406,0.398406,-0.370518,0.346614,-0.207171,0.390438,-0.342629,0.410359,-0.386454,0.354582,-0.358566,0.314741
3.000000,0.000000,0.000000,-0.072581,0.104839,-0.193548,0.233871,-0.342742,0.322581,-0.447581,0.415323,-0.084677,0.548387,-0.153226,0.750000,-0.177419,0.887097,-0.201613,1.000000,-0.161290,0.500000,-0.346774,0.580645,-0.322581,0.487903,-0.262097,0.419355,-0.225806,0.439516,-0.383065,0.487903,-0.358871,0.411290,-0.306452,0.407258,-0.270161,0.362903,-0.399194,0.403226,-0.427419,0.379032,-0.399194,0.379032
3.000000,0.000000,0.000000,-0.032520,0.105691,-0.134146,0.235772,-0.288618,0.321138,-0.398374,0.406504,-0.048780,0.544715,-0.089431,0.743902,-0.093496,0.886179,-0.105691,1.000000,-0.142276,0.504065,-0.321138,0.581301,-0.276423,0.512195,-0.199187,0.463415,-0.211382,0.443089,-0.353659,0.508130,-0.288618,0.500000,-0.207317,0.536585,-0.260163,0.369919,-0.394309,0.406504,-0.398374,0.390244,-0.353659,0.390244
3.000000,0.000000,0.000000,0.008368,0.096234,-0.062762,0.230126,-0.217573,0.334728,-0.330544,0.422594,0.012552,0.539749,-0.004184,0.744770,0.008368,0.882845,0.004184,1.000000,-0.100418,0.518828,-0.263598,0.598326,-0.242678,0.497908,-0.196653,0.451883,-0.184100,0.472803,-0.313808,0.535565,-0.251046,0.456067,-0.171548,0.443515,-0.234310,0.401674,-0.355649,0.451883,-0.343096,0.401674,-0.284519,0.376569
3.000000,0.000000,0.000000,0.039474,0.070175,0.004386,0.210526,-0.127193,0.328947,-0.241228,0.425439,0.087719,0.508772,0.096491,0.736842,0.109649,0.877193,0.109649,1.000000,-0.030702,0.513158,-0.162281,0.574561,-0.135965,0.447368,-0.087719,0.381579,-0.131579,0.500000,-0.236842,0.587719,-0.223684,0.521930,-0.179825,0.495614,-0.192982,0.478070,-0.258772,0.649123,-0.293860,0.763158,-0.302632,0.868421
3.000000,0.000000,0.000000,0.063927,0.068493,0.059361,0.196347,-0.050228,0.319635,-0.164384,0.406393,0.141553,0.502283,0.173516,0.730594,0.196347,0.876712,0.210046,1.000000,0.022831,0.502283,-0.077626,0.570776,-0.073059,0.429224,-0.031963,0.342466,-0.082192,0.493151,-0.178082,0.575342,-0.164384,0.474886,-0.123288,0.410959,-0.164384,0.474886,-0.214612,0.648402,-0.246575,0.753425,-0.260274,0.853881
3.000000,0.000000,0.000000,0.103286,0.061033,0.140845,0.183099,0.046948,0.300469,-0.065728,0.375587,0.197183,0.497653,0.244131,0.732394,0.276995,0.877934,0.300469,1.000000,0.075117,0.502347,-0.004695,0.568075,0.004695,0.413146,0.032864,0.319249,-0.042254,0.488263,-0.117371,0.591549,-0.103286,0.488263,-0.070423,0.422535,-0.136150,0.469484,-0.178404,0.647887,-0.201878,0.751174,-0.211268,0.859155
3.000000,0.000000,0.000000,0.130435,0.057971,0.202899,0.183575,0.125604,0.294686,0.028986,0.391304,0.241546,0.492754,0.304348,0.729469,0.338164,0.879227,0.357488,1.000000,0.115942,0.507246,0.038647,0.565217,0.024155,0.400966,0.043478,0.294686,-0.004831,0.497585,-0.082126,0.584541,-0.082126,0.463768,-0.053140,0.386473,-0.111111,0.478261,-0.149758,0.657005,-0.173913,0.768116,-0.188406,0.884058
3.000000,0.000000,0.000000,0.147783,0.054187,0.241379,0.177340,0.177340,0.295566,0.093596,0.399015,0.261084,0.487685,0.334975,0.729064,0.364532,0.871921,0.394089,1.000000,0.133005,0.502463,0.093596,0.551724,0.083744,0.374384,0.098522,0.275862,0.009852,0.497537,-0.034483,0.576355,-0.024631,0.428571,0.004926,0.334975,-0.103448,0.482759,-0.133005,0.669951,-0.147783,0.788177,-0.157635,0.916256
3.000000,0.000000,0.000000,0.160000,0.040000,0.275000,0.170000,0.235000,0.295000,0.170000,0.405000,0.285000,0.485000,0.380000,0.720000,0.415000,0.870000,0.445000,1.000000,0.160000,0.495000,0.155000,0.550000,0.140000,0.375000,0.140000,0.265000,0.035000,0.490000,0.025000,0.580000,0.040000,0.420000,0.065000,0.310000,-0.080000,0.480000,-0.105000,0.675000,-0.115000,0.800000,-0.115000,0.935000
3.000000,0.000000,0.000000,0.175258,0.036082,0.314433,0.159794,0.304124,0.293814,0.231959,0.402062,0.319588,0.474227,0.422680,0.716495,0.469072,0.865979,0.505155,1.000000,0.190722,0.494845,0.195876,0.551546,0.180412,0.376289,0.180412,0.257732,0.061856,0.494845,0.061856,0.577320,0.082474,0.407216,0.103093,0.293814,-0.061856,0.489691,-0.077320,0.690722,-0.077320,0.819588,-0.072165,0.958763
3.000000,0.000000,0.000000,0.185185,0.026455,0.349206,0.142857,0.370370,0.269841,0.285714,0.380952,0.354497,0.470899,0.476190,0.708995,0.529101,0.862434,0.571429,1.000000,0.222222,0.497355,0.243386,0.544974,0.222222,0.365079,0.211640,0.243386,0.089947,0.502645,0.111111,0.576720,0.116402,0.402116,0.132275,0.285714,-0.037037,0.507937,-0.037037,0.708995,-0.026455,0.841270,-0.005291,0.978836
3.000000,0.000000,0.000000,0.205405,0.021622,0.383784,0.135135,0.416216,0.264865,0.335135,0.383784,0.389189,0.464865,0.518919,0.708108,0.578378,0.864865,0.627027,1.000000,0.259459,0.497297,0.302703,0.540541,0.270270,0.362162,0.254054,0.237838,0.124324,0.508108,0.167568,0.578378,0.167568,0.410811,0.167568,0.291892,0.000000,0.518919,0.016216,0.729730,0.032432,0.859459,0.064865,0.994595
3.000000,0.000000,0.000000,0.222222,0.011111,0.405556,0.122222,0.450000,0.261111,0.372222,0.383333,0.416667,0.461111,0.561111,0.711111,0.627778,0.861111,0.683333,1.000000,0.283333,0.494444,0.344444,0.544444,0.305556,0.366667,0.283333,0.238889,0.150000,0.511111,0.216667,0.577778,0.200000,0.405556,0.188889,0.288889,0.022222,0.527778,0.050000,0.738889,0.077778,0.866667,0.122222,1.000000
3.000000,0.000000,0.000000,0.225989,0.011299,0.418079,0.118644,0.474576,0.254237,0.401130,0.384181,0.429379,0.457627,0.587571,0.706215,0.661017,0.858757,0.717514,1.000000,0.305085,0.491525,0.372881,0.542373,0.333333,0.361582,0.293785,0.237288,0.169492,0.514124,0.242938,0.581921,0.225989,0.401130,0.197740,0.282486,0.039548,0.531073,0.079096,0.740113,0.118644,0.864407,0.169492,0.994350
3.000000,0.000000,0.000000,0.229885,0.005747,0.425287,0.114943,0.494253,0.247126,0.436782,0.390805,0.454023,0.454023,0.614943,0.701149,0.689655,0.862069,0.747126,1.000000,0.321839,0.494253,0.402299,0.540230,0.350575,0.356322,0.310345,0.229885,0.189655,0.517241,0.275862,0.586207,0.247126,0.402299,0.212644,0.281609,0.057471,0.540230,0.103448,0.741379,0.149425,0.862069,0.206897,0.994253
3.000000,0.000000,0.000000,0.228070,0.000000,0.426901,0.111111,0.508772,0.245614,0.450292,0.380117,0.461988,0.456140,0.631579,0.707602,0.707602,0.859649,0.771930,1.000000,0.339181,0.497076,0.421053,0.543860,0.368421,0.350877,0.321637,0.228070,0.204678,0.526316,0.298246,0.590643,0.257310,0.397661,0.222222,0.274854,0.070175,0.549708,0.128655,0.754386,0.181287,0.871345,0.239766,1.000000
3.000000,0.000000,0.000000,0.224852,0.000000,0.437870,0.106509,0.532544,0.236686,0.461538,0.360947,0.467456,0.443787,0.644970,0.698225,0.733728,0.852071,0.798817,0.994083,0.349112,0.491124,0.431953,0.520710,0.372781,0.331361,0.325444,0.213018,0.213018,0.520710,0.313609,0.579882,0.272189,0.390533,0.236686,0.266272,0.088757,0.550296,0.159763,0.751479,0.218935,0.869823,0.278107,1.000000
3.000000,0.000000,0.000000,0.230303,0.000000,0.442424,0.109091,0.545455,0.242424,0.484848,0.369697,0.490909,0.448485,0.660606,0.696970,0.757576,0.854545,0.830303,0.987879,0.363636,0.496970,0.460606,0.527273,0.393939,0.339394,0.327273,0.224242,0.236364,0.527273,0.345455,0.575758,0.290909,0.393939,0.236364,0.278788,0.109091,0.557576,0.193939,0.763636,0.254545,0.878788,0.321212,1.000000
3.000000,0.000000,0.000000,0.231707,0.000000,0.451219,0.103659,0.560976,0.237805,0.500000,0.365854,0.493902,0.439024,0.676829,0.682927,0.780488,0.829268,0.859756,0.963415,0.378049,0.481707,0.475610,0.512195,0.396341,0.335366,0.323171,0.225610,0.256098,0.524390,0.365854,0.560976,0.304878,0.378049,0.243902,0.268293,0.134146,0.554878,0.225610,0.762195,0.292683,0.884146,0.359756,1.000000
3.000000,0.000000,0.000000,0.236364,-0.018182,0.466667,0.084848,0.587879,0.218182,0.533333,0.357576,0.503030,0.412121,0.690909,0.654545,0.793939,0.806061,0.878788,0.933333,0.393939,0.460606,0.503030,0.503030,0.412121,0.327273,0.333333,0.218182,0.278788,0.503030,0.406061,0.557576,0.333333,0.381818,0.260606,0.278788,0.163636,0.545455,0.260606,0.757576,0.333333,0.878788,0.400000,1.000000
3.000000,0.000000,0.000000,0.251534,-0.030675,0.478528,0.079755,0.607362,0.214724,0.576687,0.355828,0.496933,0.398773,0.687117,0.631902,0.803681,0.773006,0.889571,0.901841,0.404908,0.447853,0.515337,0.503067,0.429448,0.337423,0.349693,0.226994,0.294479,0.503067,0.441718,0.570552,0.368098,0.404908,0.282209,0.300613,0.190184,0.552147,0.288344,0.766871,0.368098,0.883436,0.435583,1.000000
3.000000,0.000000,0.000000,0.250000,-0.018293,0.481707,0.091463,0.621951,0.231707,0.597561,0.390244,0.493902,0.402439,0.658537,0.615854,0.762195,0.750000,0.841463,0.871951,0.408537,0.463415,0.524390,0.518293,0.439024,0.335366,0.353659,0.231707,0.304878,0.518293,0.451219,0.597561,0.371951,0.426829,0.286585,0.317073,0.195122,0.567073,0.286585,0.780488,0.359756,0.890244,0.426829,1.000000
3.000000,0.000000,0.000000,0.250000,-0.024390,0.475610,0.085366,0.609756,0.243902,0.573171,0.402439,0.469512,0.390244,0.628049,0.597561,0.725610,0.731707,0.792683,0.847561,0.384146,0.457317,0.506098,0.518293,0.426829,0.341463,0.347561,0.237805,0.280488,0.518293,0.426829,0.615854,0.365854,0.445122,0.280488,0.329268,0.170732,0.573171,0.256098,0.768293,0.329268,0.884146,0.396341,1.000000
3.000000,0.000000,0.000000,0.248447,-0.031056,0.490683,0.086957,0.621118,0.260870,0.577640,0.422360,0.490683,0.385093,0.633540,0.577640,0.732919,0.695652,0.795031,0.807453,0.397516,0.459627,0.515528,0.527950,0.434783,0.354037,0.347826,0.242236,0.291925,0.527950,0.434783,0.627329,0.366460,0.453416,0.279503,0.335404,0.180124,0.583851,0.273292,0.782609,0.347826,0.888199,0.416149,1.000000
3.000000,0.000000,0.000000,0.261146,-0.038217,0.509554,0.089172,0.643312,0.280255,0.585987,0.433121,0.503185,0.375796,0.643312,0.560510,0.732484,0.675159,0.796178,0.783440,0.407643,0.452229,0.522293,0.547771,0.433121,0.369427,0.350318,0.254777,0.292994,0.522293,0.433121,0.643312,0.363057,0.471338,0.273885,0.350318,0.171975,0.585987,0.261146,0.783440,0.337580,0.891720,0.407643,1.000000
3.000000,0.000000,0.000000,0.292208,-0.045455,0.545455,0.097403,0.655844,0.311688,0.584416,0.448052,0.519481,0.350649,0.668831,0.525974,0.759740,0.649351,0.824675,0.759740,0.415584,0.435065,0.538961,0.558442,0.461039,0.389610,0.383117,0.272727,0.311688,0.512987,0.448052,0.655844,0.376623,0.480519,0.279221,0.350649,0.188312,0.584416,0.272727,0.772727,0.344156,0.889610,0.409091,1.000000
3.000000,0.000000,0.000000,0.297297,-0.033784,0.574324,0.121622,0.668919,0.358108,0.574324,0.493243,0.581081,0.351351,0.716216,0.520270,0.797297,0.641892,0.858108,0.756757,0.452703,0.445946,0.567568,0.587838,0.466216,0.405405,0.385135,0.283784,0.331081,0.527027,0.452703,0.675676,0.371622,0.493243,0.277027,0.364865,0.189189,0.594595,0.283784,0.790541,0.358108,0.891892,0.425676,1.000000
3.000000,0.000000,0.000000,0.333333,-0.014493,0.608696,0.159420,0.710145,0.413043,0.630435,0.557971,0.630435,0.362319,0.775362,0.536232,0.862319,0.652174,0.927536,0.768116,0.485507,0.463768,0.601449,0.630435,0.485507,0.442029,0.420290,0.326087,0.347826,0.543478,0.463768,0.724638,0.376812,0.528986,0.289855,0.398551,0.210145,0.623188,0.297101,0.804348,0.369565,0.898551,0.427536,1.000000
3.000000,0.000000,0.000000,0.323529,-0.022059,0.595588,0.154412,0.720588,0.404412,0.676471,0.566176,0.654412,0.316176,0.823529,0.477941,0.926471,0.580882,1.000000,0.691176,0.514706,0.419118,0.617647,0.625000,0.492647,0.463235,0.419118,0.330882,0.389706,0.507353,0.477941,0.691176,0.382353,0.514706,0.301471,0.382353,0.257353,0.580882,0.345588,0.735294,0.404412,0.816176,0.463235,0.904412
3.000000,0.000000,0.000000,0.286667,0.006667,0.553333,0.166667,0.673333,0.386667,0.620000,0.520000,0.653333,0.173333,0.846667,0.346667,0.933333,0.466667,1.000000,0.580000,0.533333,0.293333,0.613333,0.506667,0.493333,0.413333,0.426667,0.306667,0.420000,0.393333,0.486667,0.560000,0.373333,0.440000,0.313333,0.333333,0.326667,0.480000,0.413333,0.613333,0.453333,0.686667,0.493333,0.740000
3.000000,0.000000,0.000000,0.283951,0.061728,0.506173,0.222222,0.629630,0.376543,0.604938,0.462963,0.635802,0.154321,0.820988,0.327161,0.913580,0.425926,1.000000,0.524691,0.506173,0.234568,0.629630,0.456790,0.524691,0.364198,0.425926,0.246914,0.407407,0.314815,0.506173,0.475309,0.425926,0.407407,0.376543,0.339506,0.327161,0.395062,0.419753,0.530864,0.475309,0.611111,0.537037,0.660494
3.000000,0.000000,0.000000,0.254054,0.135135,0.421622,0.270270,0.518919,0.394595,0.572973,0.481081,0.616216,0.140541,0.800000,0.281081,0.913514,0.362162,1.000000,0.443243,0.502703,0.183784,0.600000,0.389189,0.513514,0.372973,0.432432,0.313514,0.416216,0.237838,0.491892,0.416216,0.410811,0.378378,0.389189,0.313514,0.356757,0.281081,0.405405,0.405405,0.362162,0.400000,0.335135,0.340541
3.000000,0.000000,0.000000,0.189055,0.169154,0.353234,0.303483,0.452736,0.412935,0.532338,0.452736,0.597015,0.144279,0.776119,0.253731,0.905473,0.323383,1.000000,0.378109,0.502488,0.169154,0.626866,0.348259,0.582090,0.388060,0.532338,0.373134,0.432836,0.199005,0.507463,0.378109,0.412935,0.358209,0.378109,0.298507,0.383085,0.223881,0.422886,0.353234,0.358209,0.348259,0.323383,0.308458
3.000000,0.000000,0.000000,0.123762,0.183168,0.297030,0.321782,0.405941,0.435644,0.480198,0.460396,0.569307,0.143564,0.762376,0.267327,0.891089,0.331683,1.000000,0.381188,0.495050,0.148515,0.613861,0.341584,0.524752,0.356436,0.470297,0.301980,0.435644,0.178218,0.524752,0.366337,0.396040,0.346535,0.366337,0.282178,0.405941,0.202970,0.420792,0.331683,0.341584,0.321782,0.306931,0.267327
3.000000,0.000000,0.000000,0.075377,0.211055,0.251256,0.356784,0.371859,0.477387,0.447236,0.522613,0.537688,0.170854,0.753769,0.306533,0.894472,0.391960,1.000000,0.452261,0.517588,0.170854,0.728643,0.316583,0.849246,0.417085,0.944724,0.477387,0.472362,0.180905,0.532663,0.391960,0.407035,0.427136,0.331658,0.407035,0.422111,0.195980,0.422111,0.341709,0.341709,0.366834,0.276382,0.336683
3.000000,0.000000,0.000000,0.056122,0.255102,0.214286,0.438776,0.346939,0.576531,0.428571,0.596939,0.540816,0.229592,0.744898,0.408163,0.877551,0.505102,1.000000,0.571429,0.525510,0.193878,0.535714,0.459184,0.403061,0.464286,0.326531,0.387755,0.500000,0.188776,0.530612,0.423469,0.397959,0.428571,0.352041,0.372449,0.479592,0.198980,0.494898,0.357143,0.423469,0.372449,0.387755,0.331633
3.000000,0.000000,0.000000,0.015957,0.292553,0.170213,0.510638,0.319149,0.654255,0.436170,0.643617,0.510638,0.308511,0.734043,0.521277,0.867021,0.638298,1.000000,0.712766,0.510638,0.239362,0.547872,0.505319,0.404255,0.521277,0.319149,0.452128,0.510638,0.207447,0.569149,0.441489,0.430851,0.468085,0.367021,0.430851,0.515957,0.207447,0.648936,0.356383,0.702128,0.404255,0.755319,0.409574
3.000000,0.000000,0.000000,-0.035714,0.327381,0.113095,0.589286,0.273810,0.773810,0.392857,0.773810,0.511905,0.392857,0.720238,0.636905,0.863095,0.755952,1.000000,0.827381,0.559524,0.303571,0.547619,0.619048,0.392857,0.625000,0.315476,0.553571,0.571429,0.261905,0.601190,0.541667,0.452381,0.571429,0.369048,0.529762,0.577381,0.250000,0.761905,0.428571,0.857143,0.505952,0.934524,0.547619
3.000000,0.000000,0.000000,-0.083333,0.309524,0.047619,0.595238,0.226190,0.773810,0.357143,0.744048,0.404762,0.428571,0.601190,0.732143,0.726190,0.892857,0.845238,1.000000,0.500000,0.327381,0.511905,0.625000,0.363095,0.613095,0.285714,0.535714,0.535714,0.273810,0.577381,0.547619,0.434524,0.559524,0.357143,0.505952,0.547619,0.250000,0.755952,0.416667,0.875000,0.505952,0.970238,0.565476
3.000000,0.000000,0.000000,-0.090909,0.312500,0.028409,0.556818,0.164773,0.698864,0.295455,0.676136,0.318182,0.477273,0.471591,0.738636,0.585227,0.897727,0.687500,1.000000,0.403409,0.386364,0.471591,0.619318,0.318182,0.590909,0.255682,0.528409,0.460227,0.312500,0.534091,0.522727,0.392045,0.522727,0.323864,0.477273,0.500000,0.261364,0.710227,0.397727,0.812500,0.488636,0.909091,0.534091
3.000000,0.000000,0.000000,-0.113402,0.273196,-0.020619,0.510309,0.097938,0.664948,0.216495,0.644330,0.221649,0.469072,0.324742,0.737113,0.407216,0.896907,0.489691,1.000000,0.329897,0.396907,0.376289,0.618557,0.247423,0.567010,0.201031,0.505155,0.402062,0.329897,0.443299,0.536082,0.324742,0.515464,0.278351,0.453608,0.453608,0.288660,0.634021,0.427835,0.721649,0.520619,0.809278,0.577320
3.000000,0.000000,0.000000,-0.122642,0.245283,-0.066038,0.457547,0.009434,0.603774,0.117925,0.641509,0.122642,0.485849,0.202830,0.731132,0.259434,0.886792,0.316038,1.000000,0.240566,0.429245,0.283019,0.636792,0.174528,0.570755,0.136792,0.509434,0.325472,0.372642,0.363208,0.570755,0.268868,0.537736,0.226415,0.481132,0.382075,0.325472,0.533019,0.476415,0.603774,0.570755,0.674528,0.632075
3.000000,0.000000,0.000000,-0.123853,0.243119,-0.087156,0.422018,-0.041284,0.545872,0.055046,0.605505,0.059633,0.518349,0.105505,0.738532,0.146789,0.899083,0.188073,1.000000,0.165138,0.449541,0.215596,0.633027,0.133028,0.555046,0.105505,0.500000,0.261468,0.389908,0.302752,0.564220,0.211009,0.513761,0.183486,0.458716,0.339450,0.348624,0.486239,0.481651,0.550459,0.568807,0.628440,0.628440
3.000000,0.000000,0.000000,-0.132743,0.230089,-0.097345,0.398230,-0.048673,0.504425,0.035398,0.579646,-0.013274,0.522124,0.017699,0.743363,0.044248,0.898230,0.075221,1.000000,0.106195,0.464602,0.137168,0.637168,0.079646,0.539823,0.061947,0.482301,0.216814,0.411504,0.230089,0.570796,0.159292,0.495575,0.141593,0.438053,0.300885,0.376106,0.424779,0.526549,0.469027,0.610619,0.526549,0.685841
3.000000,0.000000,0.000000,-0.127753,0.224670,-0.096916,0.383260,-0.048458,0.480176,0.030837,0.555066,-0.039648,0.515419,-0.026432,0.735683,0.000000,0.898678,0.030837,1.000000,0.083700,0.458150,0.110132,0.629956,0.066079,0.519824,0.057269,0.458150,0.193833,0.414097,0.202643,0.559471,0.140969,0.475771,0.123348,0.418502,0.281938,0.387665,0.405286,0.537445,0.449339,0.621145,0.502203,0.691630
3.000000,0.000000,0.000000,-0.126087,0.213043,-0.095652,0.378261,-0.039130,0.478261,0.043478,0.539130,-0.052174,0.513043,-0.043478,0.743478,-0.026087,0.895652,0.000000,1.000000,0.073913,0.478261,0.100000,0.639130,0.069565,0.534783,0.060870,0.473913,0.186957,0.434783,0.204348,0.578261,0.152174,0.500000,0.130435,0.443478,0.273913,0.400000,0.391304,0.560870,0.434783,0.639130,0.486957,0.713043
3.000000,0.000000,0.000000,-0.142857,0.186147,-0.129870,0.354978,-0.082251,0.471861,-0.008658,0.541126,-0.069264,0.515152,-0.064935,0.748918,-0.056277,0.891775,-0.038961,1.000000,0.051948,0.506494,0.086580,0.653680,0.064935,0.562771,0.056277,0.493506,0.164502,0.463203,0.190476,0.614719,0.155844,0.545455,0.129870,0.484848,0.259740,0.424242,0.354978,0.610390,0.402597,0.688312,0.441558,0.766234
3.000000,0.000000,0.000000,-0.149123,0.184211,-0.140351,0.359649,-0.078947,0.486842,-0.004386,0.548246,-0.087719,0.517544,-0.087719,0.750000,-0.083333,0.894737,-0.070175,1.000000,0.048246,0.517544,0.070175,0.649123,0.052632,0.561404,0.043860,0.495614,0.162281,0.478070,0.184211,0.609649,0.153509,0.543860,0.131579,0.482456,0.254386,0.429825,0.333333,0.622807,0.381579,0.710526,0.429825,0.789474
3.000000,0.000000,0.000000,-0.164384,0.187215,-0.168950,0.360731,-0.114155,0.488584,-0.036530,0.552511,-0.118721,0.525114,-0.132420,0.748858,-0.132420,0.890411,-0.123288,1.000000,0.018265,0.534247,0.031963,0.662100,0.018265,0.566210,0.013699,0.497717,0.136986,0.497717,0.150685,0.630137,0.123288,0.557078,0.100457,0.493151,0.237443,0.452055,0.315068,0.652968,0.360731,0.744292,0.401826,0.826484
3.000000,0.000000,0.000000,-0.180095,0.175355,-0.203791,0.360190,-0.137441,0.497630,-0.052133,0.554502,-0.127962,0.549763,-0.170616,0.763033,-0.184834,0.900474,-0.184834,1.000000,0.009479,0.563981,0.004739,0.663507,0.000000,0.578199,-0.009479,0.511848,0.127962,0.526066,0.127962,0.635071,0.099526,0.568720,0.085308,0.507109,0.232227,0.478673,0.298578,0.677725,0.341232,0.777251,0.379147,0.862559
3.000000,0.000000,0.000000,-0.199029,0.165049,-0.247573,0.359223,-0.199029,0.500000,-0.106796,0.563107,-0.169903,0.558252,-0.233010,0.762136,-0.257282,0.898058,-0.266990,1.000000,-0.038835,0.587379,-0.033981,0.665049,-0.029126,0.577670,-0.033981,0.514563,0.087379,0.558252,0.087379,0.645631,0.072816,0.572816,0.058252,0.504854,0.199029,0.509709,0.266990,0.708738,0.305825,0.810680,0.330097,0.898058
3.000000,0.000000,0.000000,-0.220000,0.155000,-0.290000,0.365000,-0.250000,0.505000,-0.165000,0.565000,-0.195000,0.570000,-0.290000,0.770000,-0.330000,0.900000,-0.350000,1.000000,-0.055000,0.605000,-0.105000,0.670000,-0.115000,0.585000,-0.110000,0.520000,0.065000,0.580000,0.020000,0.660000,-0.005000,0.585000,-0.015000,0.515000,0.170000,0.530000,0.220000,0.735000,0.250000,0.845000,0.275000,0.925000
3.000000,0.000000,0.000000,-0.241026,0.143590,-0.333333,0.353846,-0.338462,0.507692,-0.282051,0.589744,-0.220513,0.594872,-0.343590,0.784615,-0.400000,0.902564,-0.446154,1.000000,-0.082051,0.630769,-0.184615,0.671795,-0.200000,0.579487,-0.194872,0.507692,0.030769,0.610256,-0.061538,0.671795,-0.092308,0.584615,-0.097436,0.507692,0.123077,0.569231,0.164103,0.774359,0.184615,0.882051,0.205128,0.964103
3.000000,0.000000,0.000000,-0.242268,0.134021,-0.355670,0.350515,-0.371134,0.505155,-0.314433,0.582474,-0.221649,0.608247,-0.376289,0.793814,-0.453608,0.902062,-0.515464,1.000000,-0.087629,0.628866,-0.242268,0.670103,-0.268041,0.561856,-0.257732,0.494845,0.010309,0.603093,-0.113402,0.675258,-0.159794,0.577320,-0.164948,0.505155,0.087629,0.572165,0.118557,0.773196,0.128866,0.881443,0.139175,0.974227
3.000000,0.000000,0.000000,-0.266667,0.128205,-0.400000,0.348718,-0.435897,0.502564,-0.348718,0.564103,-0.235897,0.620513,-0.425641,0.794872,-0.517949,0.902564,-0.579487,1.000000,-0.107692,0.615385,-0.287179,0.656410,-0.302564,0.533333,-0.266667,0.471795,-0.020513,0.584615,-0.169231,0.651282,-0.210256,0.533333,-0.200000,0.461538,0.046154,0.558974,0.056410,0.764103,0.046154,0.876923,0.051282,0.964103
3.000000,0.000000,0.000000,-0.262376,0.108911,-0.425743,0.331683,-0.490099,0.500000,-0.415842,0.564356,-0.217822,0.599010,-0.450495,0.782178,-0.554455,0.891089,-0.623762,1.000000,-0.094059,0.603960,-0.331683,0.643564,-0.366337,0.524752,-0.341584,0.465347,-0.019802,0.584158,-0.222772,0.663366,-0.287129,0.569307,-0.282178,0.500000,0.014851,0.559406,-0.019802,0.767327,-0.034653,0.886139,-0.024752,0.975248
3.000000,0.000000,0.000000,-0.252475,0.108911,-0.425743,0.306931,-0.509901,0.470297,-0.455446,0.544554,-0.193069,0.584158,-0.440594,0.777228,-0.559406,0.886139,-0.638614,1.000000,-0.089109,0.579208,-0.361386,0.628713,-0.391089,0.500000,-0.351485,0.440594,-0.034653,0.564356,-0.267327,0.648515,-0.326733,0.539604,-0.316832,0.475248,-0.009901,0.554455,-0.059406,0.757426,-0.079208,0.871287,-0.069307,0.955446
3.000000,0.000000,0.000000,-0.236715,0.091787,-0.420290,0.280193,-0.531401,0.434783,-0.487923,0.526570,-0.178744,0.560386,-0.420290,0.768116,-0.536232,0.888889,-0.608696,1.000000,-0.091787,0.565217,-0.371981,0.623188,-0.415459,0.507246,-0.381643,0.444444,-0.057971,0.555556,-0.304348,0.657005,-0.362319,0.555556,-0.352657,0.492754,-0.057971,0.555556,-0.125604,0.753623,-0.149758,0.859903,-0.144928,0.942029
3.000000,0.000000,0.000000,-0.213953,0.079070,-0.390698,0.251163,-0.520930,0.400000,-0.506977,0.502326,-0.158140,0.548837,-0.376744,0.753488,-0.483721,0.879070,-0.544186,1.000000,-0.106977,0.539535,-0.381395,0.609302,-0.390698,0.497674,-0.320930,0.446512,-0.093023,0.534884,-0.325581,0.646512,-0.348837,0.534884,-0.311628,0.497674,-0.102326,0.544186,-0.176744,0.720930,-0.200000,0.818605,-0.186047,0.906977
3.000000,0.000000,0.000000,-0.198157,0.078341,-0.359447,0.244240,-0.488479,0.382488,-0.506912,0.493088,-0.115207,0.534562,-0.313364,0.746544,-0.414747,0.880184,-0.474654,1.000000,-0.096774,0.529954,-0.368664,0.612903,-0.373272,0.488479,-0.299539,0.414747,-0.105991,0.534562,-0.322581,0.645161,-0.341014,0.539171,-0.290323,0.493088,-0.124424,0.543779,-0.230415,0.686636,-0.262673,0.755760,-0.239631,0.829493
3.000000,0.000000,0.000000,-0.138889,0.083333,-0.282407,0.231481,-0.412037,0.356481,-0.449074,0.472222,-0.069444,0.550926,-0.231481,0.754630,-0.310185,0.879630,-0.361111,1.000000,-0.101852,0.527778,-0.361111,0.625000,-0.351852,0.490741,-0.268519,0.416667,-0.138889,0.523148,-0.361111,0.625000,-0.347222,0.495370,-0.282407,0.462963,-0.175926,0.518519,-0.314815,0.606481,-0.342593,0.601852,-0.305556,0.625000
3.000000,0.000000,0.000000,-0.096774,0.119816,-0.216590,0.276498,-0.336406,0.410138,-0.387097,0.520737,0.009217,0.562212,-0.133641,0.764977,-0.193548,0.884793,-0.235023,1.000000,-0.059908,0.539171,-0.290323,0.663594,-0.281106,0.543779,-0.202765,0.474654,-0.124424,0.516129,-0.327189,0.603687,-0.294931,0.479263,-0.207373,0.456221,-0.179724,0.483871,-0.317972,0.525346,-0.313364,0.470046,-0.244240,0.447005
3.000000,0.000000,0.000000,-0.023585,0.117925,-0.113208,0.268868,-0.235849,0.396226,-0.316038,0.490566,0.042453,0.551887,-0.061321,0.764151,-0.113208,0.886792,-0.146226,1.000000,-0.061321,0.542453,-0.221698,0.707547,-0.212264,0.679245,-0.165094,0.683962,-0.150943,0.514151,-0.301887,0.632075,-0.231132,0.533019,-0.136792,0.485849,-0.226415,0.462264,-0.344340,0.542453,-0.320755,0.495283,-0.254717,0.466981
3.000000,0.000000,0.000000,0.014493,0.101449,-0.043478,0.246377,-0.169082,0.386473,-0.256039,0.512077,0.096618,0.550725,0.053140,0.758454,0.033816,0.888889,0.024155,1.000000,-0.024155,0.560386,-0.125604,0.758454,-0.173913,0.864734,-0.198068,0.975845,-0.115942,0.526570,-0.231884,0.652174,-0.198068,0.541063,-0.130435,0.473430,-0.183575,0.463768,-0.285024,0.550725,-0.275362,0.487923,-0.231884,0.444444
3.000000,0.000000,0.000000,0.029557,0.059113,0.009852,0.211823,-0.083744,0.379310,-0.157635,0.512315,0.177340,0.507389,0.162562,0.733990,0.167488,0.871921,0.162562,0.995074,0.068966,0.532020,-0.088670,0.650246,-0.108374,0.512315,-0.088670,0.413793,-0.034483,0.541872,-0.137931,0.689655,-0.152709,0.635468,-0.118227,0.605911,-0.098522,0.536946,-0.142857,0.743842,-0.172414,0.876847,-0.167488,1.000000
3.000000,0.000000,0.000000,0.079602,0.039801,0.099502,0.179104,0.019900,0.338308,-0.064677,0.457711,0.233831,0.467662,0.273632,0.701493,0.288557,0.840796,0.298507,0.975124,0.114428,0.502488,0.029851,0.621891,0.004975,0.492537,0.004975,0.407960,0.004975,0.522388,-0.059701,0.726368,-0.074627,0.805970,-0.069652,0.890547,-0.074627,0.522388,-0.079602,0.726368,-0.099502,0.865672,-0.099502,1.000000
3.000000,0.000000,0.000000,0.126316,0.052632,0.189474,0.189474,0.110526,0.352632,0.021053,0.478947,0.300000,0.478947,0.357895,0.721053,0.389474,0.873684,0.410526,1.000000,0.173684,0.510526,0.094737,0.610526,0.063158,0.442105,0.073684,0.321053,0.057895,0.526316,-0.015789,0.652632,-0.042105,0.531579,-0.026316,0.442105,-0.042105,0.526316,-0.047368,0.726316,-0.057895,0.847368,-0.052632,0.963158
3.000000,0.000000,0.000000,0.146739,0.048913,0.233696,0.184783,0.163043,0.347826,0.086957,0.494565,0.315217,0.478261,0.402174,0.722826,0.440217,0.869565,0.467391,1.000000,0.184783,0.516304,0.130435,0.625000,0.086957,0.456522,0.081522,0.336957,0.065217,0.532609,0.010870,0.663043,-0.016304,0.532609,-0.010870,0.440217,-0.043478,0.538043,-0.048913,0.739130,-0.054348,0.864130,-0.048913,0.989130
3.000000,0.000000,0.000000,0.162011,0.044693,0.268156,0.184358,0.206704,0.351955,0.134078,0.497207,0.340782,0.480447,0.435754,0.720670,0.486034,0.871508,0.519553,1.000000,0.206704,0.525140,0.167598,0.614525,0.117318,0.441341,0.100559,0.318436,0.083799,0.536313,0.039106,0.636872,0.022346,0.491620,0.027933,0.391061,-0.027933,0.541899,-0.033520,0.743017,-0.039106,0.871508,-0.027933,1.000000
3.000000,0.000000,0.000000,0.166667,0.044444,0.283333,0.183333,0.233333,0.344444,0.161111,0.477778,0.350000,0.477778,0.455556,0.711111,0.505556,0.855556,0.550000,0.977778,0.216667,0.516667,0.200000,0.605556,0.155556,0.433333,0.133333,0.316667,0.094444,0.533333,0.072222,0.627778,0.055556,0.477778,0.061111,0.372222,-0.022222,0.538889,-0.022222,0.738889,-0.022222,0.866667,-0.005556,1.000000
3.000000,0.000000,0.000000,0.170330,0.049451,0.296703,0.192308,0.258242,0.357143,0.186813,0.489011,0.346154,0.467033,0.461538,0.692308,0.516484,0.835165,0.560440,0.956044,0.219780,0.505495,0.219780,0.604396,0.170330,0.434066,0.148352,0.313187,0.093407,0.521978,0.087912,0.631868,0.071429,0.461538,0.076923,0.346154,-0.016484,0.527473,-0.010989,0.730769,-0.005495,0.862637,0.016484,1.000000
3.000000,0.000000,0.000000,0.182320,0.049724,0.309392,0.193370,0.287293,0.359116,0.220994,0.497238,0.359116,0.464088,0.486188,0.685083,0.541436,0.828729,0.591160,0.950276,0.232044,0.502762,0.248619,0.613260,0.198895,0.441989,0.171271,0.320442,0.110497,0.524862,0.116022,0.640884,0.099448,0.475138,0.099448,0.353591,-0.005525,0.535912,0.005525,0.734807,0.022099,0.867403,0.049724,1.000000
3.000000,0.000000,0.000000,0.183333,0.050000,0.311111,0.188889,0.305556,0.361111,0.261111,0.505556,0.366667,0.461111,0.494444,0.677778,0.561111,0.822222,0.611111,0.950000,0.238889,0.494444,0.261111,0.605556,0.216667,0.433333,0.188889,0.305556,0.116667,0.516667,0.127778,0.638889,0.116667,0.477778,0.111111,0.350000,0.000000,0.527778,0.011111,0.733333,0.033333,0.861111,0.061111,1.000000
3.000000,0.000000,0.000000,0.185393,0.039326,0.325843,0.179775,0.320225,0.353933,0.269663,0.500000,0.376404,0.460674,0.511236,0.685393,0.573034,0.825843,0.623595,0.955056,0.247191,0.500000,0.269663,0.612360,0.224719,0.438202,0.191011,0.303371,0.123596,0.522472,0.140449,0.640449,0.123596,0.477528,0.117978,0.353933,0.005618,0.533708,0.016854,0.735955,0.039326,0.870786,0.073034,1.000000
3.000000,0.000000,0.000000,0.182320,0.038674,0.320442,0.176796,0.314917,0.348066,0.265193,0.497238,0.370166,0.453039,0.497238,0.679558,0.558011,0.823204,0.607735,0.950276,0.243094,0.497238,0.259668,0.596685,0.220994,0.419890,0.187845,0.292818,0.116022,0.519337,0.132597,0.629834,0.121547,0.464088,0.116022,0.342541,0.000000,0.530387,0.011050,0.734807,0.033149,0.861878,0.066298,1.000000
3.000000,0.000000,0.000000,0.181319,0.038462,0.318681,0.175824,0.307692,0.346154,0.263736,0.489011,0.368132,0.461538,0.483516,0.686813,0.543956,0.835165,0.587912,0.967033,0.236264,0.500000,0.252747,0.593407,0.214286,0.417582,0.186813,0.285714,0.104396,0.516484,0.126374,0.620879,0.120879,0.450549,0.120879,0.329670,-0.010989,0.527473,0.000000,0.730769,0.021978,0.862637,0.054945,1.000000
3.000000,0.000000,0.000000,0.174863,0.032787,0.316940,0.163934,0.295082,0.316940,0.234973,0.453552,0.366120,0.464481,0.480874,0.693989,0.530055,0.836066,0.573770,0.967213,0.229508,0.497268,0.245902,0.584699,0.207650,0.404372,0.180328,0.278689,0.098361,0.508197,0.114754,0.606557,0.109290,0.431694,0.109290,0.311475,-0.021858,0.519126,-0.016393,0.726776,0.000000,0.863388,0.027322,1.000000
3.000000,0.000000,0.000000,0.173913,0.027174,0.315217,0.146739,0.293478,0.293478,0.244565,0.429348,0.364130,0.461957,0.478261,0.690217,0.527174,0.836957,0.570652,0.972826,0.233696,0.505435,0.233696,0.576087,0.201087,0.391304,0.190217,0.266304,0.097826,0.516304,0.097826,0.581522,0.097826,0.407609,0.108696,0.288043,-0.032609,0.527174,-0.021739,0.733696,-0.005435,0.864130,0.016304,1.000000
3.000000,0.000000,0.000000,0.178378,0.021622,0.324324,0.135135,0.302703,0.281081,0.254054,0.416216,0.372973,0.459459,0.486486,0.686486,0.540541,0.832432,0.583784,0.967568,0.237838,0.502703,0.248649,0.572973,0.210811,0.389189,0.189189,0.264865,0.102703,0.518919,0.113514,0.578378,0.108108,0.405405,0.108108,0.286486,-0.027027,0.529730,-0.016216,0.735135,0.000000,0.870270,0.021622,1.000000
3.000000,0.000000,0.000000,0.181818,0.016043,0.326203,0.122995,0.310160,0.262032,0.256684,0.390374,0.385027,0.454545,0.491979,0.673797,0.545455,0.818182,0.593583,0.957219,0.245989,0.502674,0.256684,0.561497,0.213904,0.374332,0.187166,0.245989,0.106952,0.524064,0.117647,0.572192,0.106952,0.395722,0.112299,0.272727,-0.021390,0.534759,-0.010695,0.737968,0.000000,0.871658,0.026738,1.000000
3.000000,0.000000,0.000000,0.186170,0.010638,0.340426,0.117021,0.324468,0.250000,0.260638,0.377660,0.388298,0.457447,0.500000,0.675532,0.558511,0.819149,0.601064,0.957447,0.250000,0.505319,0.265957,0.558511,0.223404,0.372340,0.196809,0.239362,0.111702,0.521277,0.127660,0.574468,0.122340,0.393617,0.122340,0.271277,-0.021277,0.531915,-0.010638,0.739362,0.005319,0.872340,0.031915,1.000000
3.000000,0.000000,0.000000,0.191489,0.010638,0.340426,0.111702,0.329787,0.244681,0.271277,0.372340,0.398936,0.452128,0.510638,0.675532,0.569149,0.824468,0.611702,0.957447,0.260638,0.505319,0.276596,0.547872,0.228723,0.361702,0.196809,0.228723,0.122340,0.521277,0.138298,0.569149,0.127660,0.393617,0.122340,0.271277,-0.010638,0.531915,0.000000,0.739362,0.015957,0.867021,0.047872,1.000000
3.000000,0.000000,0.000000,0.189474,0.010526,0.342105,0.115789,0.342105,0.247368,0.289474,0.373684,0.400000,0.447368,0.515789,0.673684,0.578947,0.815789,0.621053,0.952632,0.263158,0.500000,0.289474,0.547368,0.242105,0.363158,0.205263,0.226316,0.126316,0.521053,0.157895,0.584211,0.142105,0.410526,0.131579,0.289474,-0.005263,0.531579,0.015789,0.742105,0.036842,0.868421,0.068421,1.000000
3.000000,0.000000,0.000000,0.190476,0.015873,0.354497,0.132275,0.365079,0.280423,0.322751,0.412698,0.402116,0.455026,0.523810,0.671958,0.587302,0.820106,0.634921,0.947090,0.275132,0.502645,0.301587,0.550265,0.243386,0.365079,0.201058,0.238095,0.137566,0.529101,0.174603,0.582011,0.148148,0.412698,0.132275,0.291005,0.010582,0.544974,0.037037,0.751323,0.063492,0.878307,0.105820,1.000000
3.000000,0.000000,0.000000,0.195652,0.016304,0.375000,0.135870,0.413043,0.293478,0.358696,0.434783,0.407609,0.451087,0.543478,0.679348,0.614130,0.820652,0.663043,0.956522,0.282609,0.500000,0.336957,0.559783,0.277174,0.375000,0.222826,0.244565,0.152174,0.527174,0.211957,0.597826,0.184783,0.429348,0.152174,0.309783,0.027174,0.548913,0.065217,0.755435,0.097826,0.875000,0.141304,1.000000
3.000000,0.000000,0.000000,0.198895,0.016575,0.381215,0.143646,0.436464,0.303867,0.381215,0.453039,0.403315,0.447514,0.546961,0.679558,0.613260,0.828729,0.668508,0.961326,0.281768,0.491713,0.353591,0.569061,0.298343,0.392265,0.243094,0.259668,0.154696,0.530387,0.232044,0.624309,0.204420,0.458564,0.171271,0.337017,0.027624,0.558011,0.071823,0.762431,0.110497,0.883978,0.154696,1.000000
3.000000,0.000000,0.000000,0.211111,0.016667,0.388889,0.144444,0.450000,0.305556,0.400000,0.455556,0.400000,0.444444,0.538889,0.677778,0.611111,0.822222,0.666667,0.950000,0.283333,0.494444,0.350000,0.572222,0.305556,0.400000,0.255556,0.266667,0.155556,0.527778,0.238889,0.627778,0.211111,0.466667,0.183333,0.344444,0.033333,0.555556,0.072222,0.755556,0.111111,0.877778,0.161111,1.000000
3.000000,0.000000,0.000000,0.206704,0.022346,0.385475,0.150838,0.458101,0.307263,0.402235,0.458101,0.402235,0.446927,0.536313,0.681564,0.603352,0.826816,0.653631,0.955307,0.284916,0.497207,0.351955,0.581006,0.307263,0.402235,0.256983,0.268156,0.156425,0.530726,0.234637,0.636872,0.212290,0.469274,0.178771,0.346369,0.027933,0.558659,0.067039,0.759777,0.111732,0.882682,0.156425,1.000000
3.000000,0.000000,0.000000,0.207865,0.016854,0.387640,0.151685,0.449438,0.314607,0.404494,0.466292,0.398876,0.449438,0.533708,0.679775,0.601124,0.825843,0.651685,0.955056,0.280899,0.494382,0.348315,0.584270,0.303371,0.404494,0.258427,0.264045,0.151685,0.528090,0.235955,0.634831,0.213483,0.466292,0.185393,0.342697,0.028090,0.556180,0.067416,0.758427,0.106742,0.882023,0.157303,1.000000
3.000000,0.000000,0.000000,0.206704,0.016760,0.385475,0.150838,0.452514,0.312849,0.402235,0.463687,0.402235,0.446927,0.530726,0.681564,0.597765,0.821229,0.648045,0.955307,0.279330,0.497207,0.351955,0.586592,0.307263,0.402235,0.256983,0.262570,0.156425,0.530726,0.234637,0.631285,0.212290,0.469274,0.184358,0.340782,0.027933,0.553073,0.067039,0.759777,0.111732,0.882682,0.162011,1.000000
3.000000,0.000000,0.000000,0.209040,0.016949,0.389830,0.146893,0.457627,0.310734,0.412429,0.468927,0.401130,0.446328,0.531073,0.683616,0.598870,0.824859,0.649718,0.954802,0.282486,0.497175,0.355932,0.593220,0.310734,0.412429,0.265537,0.271186,0.158192,0.531073,0.237288,0.638418,0.214689,0.474576,0.186441,0.350282,0.028249,0.553672,0.067797,0.757062,0.112994,0.881356,0.158192,1.000000
3.000000,0.000000,0.000000,0.213483,0.022472,0.398876,0.151685,0.466292,0.314607,0.415730,0.471910,0.404494,0.449438,0.528090,0.679775,0.595506,0.820225,0.646067,0.949438,0.286517,0.500000,0.359551,0.595506,0.314607,0.421348,0.269663,0.275281,0.162921,0.533708,0.241573,0.646067,0.219101,0.483146,0.185393,0.359551,0.033708,0.556180,0.073034,0.758427,0.117978,0.882023,0.162921,1.000000
3.000000,0.000000,0.000000,0.214689,0.022599,0.395480,0.158192,0.463277,0.322034,0.418079,0.474576,0.401130,0.451977,0.525424,0.683616,0.593220,0.824859,0.644068,0.949153,0.282486,0.502825,0.355932,0.598870,0.310734,0.418079,0.265537,0.282486,0.158192,0.536723,0.237288,0.644068,0.214689,0.485876,0.180791,0.361582,0.033898,0.559322,0.067797,0.762712,0.107345,0.887006,0.158192,1.000000
3.000000,0.000000,0.000000,0.220339,0.022599,0.395480,0.163842,0.463277,0.327684,0.412429,0.480226,0.395480,0.451977,0.514124,0.677966,0.581921,0.819209,0.632768,0.949153,0.282486,0.497175,0.350282,0.598870,0.305085,0.423729,0.259887,0.282486,0.158192,0.531073,0.237288,0.649718,0.209040,0.491525,0.175141,0.367232,0.033898,0.559322,0.062147,0.757062,0.101695,0.881356,0.141243,1.000000
3.000000,0.000000,0.000000,0.214689,0.033898,0.384181,0.180791,0.435028,0.361582,0.378531,0.514124,0.378531,0.457627,0.491525,0.683616,0.548023,0.830508,0.593220,0.960452,0.259887,0.502825,0.327684,0.610169,0.293785,0.435028,0.242938,0.293785,0.141243,0.536723,0.209040,0.661017,0.197740,0.497175,0.163842,0.372881,0.016949,0.559322,0.039548,0.757062,0.073446,0.881356,0.112994,1.000000
3.000000,0.000000,0.000000,0.220339,0.039548,0.384181,0.192090,0.429379,0.367232,0.372881,0.519774,0.372881,0.463277,0.474576,0.689266,0.531073,0.836158,0.570621,0.966102,0.254237,0.508475,0.316384,0.615819,0.282486,0.440678,0.242938,0.299435,0.129944,0.536723,0.197740,0.661017,0.180791,0.502825,0.146893,0.378531,0.005650,0.559322,0.028249,0.757062,0.062147,0.881356,0.101695,1.000000
3.000000,0.000000,0.000000,0.214689,0.039548,0.378531,0.197740,0.423729,0.372881,0.361582,0.525424,0.367232,0.474576,0.468927,0.706215,0.519774,0.847458,0.559322,0.977401,0.248588,0.514124,0.310734,0.621469,0.276836,0.440678,0.237288,0.305085,0.124294,0.542373,0.192090,0.666667,0.175141,0.508475,0.141243,0.384181,0.000000,0.559322,0.016949,0.757062,0.045198,0.881356,0.084746,1.000000
3.000000,0.000000,0.000000,0.220339,0.039548,0.378531,0.192090,0.423729,0.372881,0.355932,0.525424,0.361582,0.468927,0.463277,0.700565,0.514124,0.841808,0.553672,0.971751,0.242938,0.502825,0.305085,0.615819,0.271186,0.440678,0.231638,0.305085,0.118644,0.531073,0.186441,0.661017,0.175141,0.502825,0.146893,0.378531,-0.005650,0.553672,0.011299,0.751412,0.045198,0.875706,0.079096,1.000000
3.000000,0.000000,0.000000,0.214689,0.039548,0.372881,0.197740,0.423729,0.372881,0.355932,0.519774,0.355932,0.474576,0.451977,0.706215,0.502825,0.847458,0.542373,0.977401,0.237288,0.508475,0.299435,0.621469,0.271186,0.446328,0.231638,0.305085,0.112994,0.531073,0.186441,0.661017,0.169492,0.502825,0.146893,0.378531,-0.011299,0.553672,0.005650,0.757062,0.033898,0.881356,0.073446,1.000000
