0,0.0,0.0,-0.06808510638297872,-0.05531914893617021,-0.22127659574468084,-0.02127659574468085,-0.35319148936170214,0.10638297872340426,-0.4765957446808511,0.20425531914893616,-0.4851063829787234,-0.14468085106382977,-0.6936170212765957,-0.18723404255319148,-0.8297872340425532,-0.22127659574468084,-0.9446808510638298,-0.2425531914893617,-0.502127659574468,-0.03829787234042553,-0.7361702127659574,0.0,-0.8808510638297873,0.01702127659574468,-1.0,0.02553191489361702,-0.46382978723404256,0.059574468085106386,-0.5191489361702127,0.14042553191489363,-0.4,0.11914893617021277,-0.33617021276595743,0.08085106382978724,-0.40425531914893614,0.12340425531914893,-0.44680851063829785,0.2,-0.3574468085106383,0.16595744680851063,-0.2978723404255319,0.12340425531914893
0,0.0,0.0,-0.07407407407407407,-0.0411522633744856,-0.23868312757201646,-0.00411522633744856,-0.37448559670781895,0.1111111111111111,-0.49794238683127573,0.18930041152263374,-0.4732510288065844,-0.1646090534979424,-0.6748971193415638,-0.205761316872428,-0.8065843621399177,-0.2345679012345679,-0.9218106995884774,-0.25925925925925924,-0.49382716049382713,-0.06172839506172839,-0.7325102880658436,-0.037037037037037035,-0.8806584362139918,-0.01646090534979424,-1.0,-0.012345679012345678,-0.4609053497942387,0.02880658436213992,-0.5267489711934157,0.12345679012345678,-0.3950617283950617,0.1111111111111111,-0.32510288065843623,0.06584362139917696,-0.40329218106995884,0.09053497942386832,-0.448559670781893,0.1728395061728395,-0.3497942386831276,0.14814814814814814,-0.2839506172839506,0.10699588477366255
0,0.0,0.0,-0.07468879668049792,-0.03319502074688797,-0.24066390041493776,0.008298755186721992,-0.3775933609958506,0.11618257261410789,-0.5062240663900415,0.18672199170124482,-0.46887966804979253,-0.17012448132780084,-0.6721991701244814,-0.2074688796680498,-0.8049792531120332,-0.24066390041493776,-0.921161825726141,-0.26141078838174275,-0.4896265560165975,-0.07053941908713693,-0.7302904564315352,-0.04149377593360996,-0.8796680497925311,-0.02074688796680498,-1.0,-0.016597510373443983,-0.4605809128630705,0.024896265560165973,-0.5269709543568465,0.12448132780082988,-0.3941908713692946,0.11618257261410789,-0.3236514522821577,0.07053941908713693,-0.4066390041493776,0.08713692946058091,-0.45228215767634855,0.17427385892116182,-0.34854771784232363,0.15352697095435686,-0.2821576763485477,0.11203319502074689
0,0.0,0.0,-0.07851239669421488,-0.03305785123966942,-0.2396694214876033,0.004132231404958678,-0.38016528925619836,0.1115702479338843,-0.5082644628099173,0.18181818181818182,-0.47107438016528924,-0.1652892561983471,-0.6735537190082644,-0.2066115702479339,-0.8099173553719008,-0.2396694214876033,-0.9256198347107438,-0.2603305785123967,-0.49586776859504134,-0.06611570247933884,-0.731404958677686,-0.045454545454545456,-0.8801652892561983,-0.024793388429752067,-1.0,-0.02066115702479339,-0.4628099173553719,0.024793388429752067,-0.5330578512396694,0.11983471074380166,-0.4049586776859504,0.11983471074380166,-0.3305785123966942,0.08264462809917356,-0.4090909090909091,0.08677685950413223,-0.45867768595041325,0.17355371900826447,-0.359504132231405,0.15289256198347106,-0.2975206611570248,0.11570247933884298
0,0.0,0.0,-0.07468879668049792,-0.03319502074688797,-0.24066390041493776,0.008298755186721992,-0.3775933609958506,0.12033195020746888,-0.5103734439834025,0.1825726141078838,-0.46887966804979253,-0.17012448132780084,-0.6721991701244814,-0.2033195020746888,-0.8091286307053942,-0.23236514522821577,-0.9253112033195021,-0.25311203319502074,-0.4896265560165975,-0.07053941908713693,-0.7302904564315352,-0.04149377593360996,-0.8796680497925311,-0.024896265560165973,-1.0,-0.016597510373443983,-0.4605809128630705,0.02074688796680498,-0.5269709543568465,0.12033195020746888,-0.3983402489626556,0.11203319502074689,-0.3278008298755187,0.07468879668049792,-0.4107883817427386,0.08298755186721991,-0.45228215767634855,0.17012448132780084,-0.35269709543568467,0.14937759336099585,-0.2863070539419087,0.11203319502074689
0,0.0,0.0,-0.07851239669421488,-0.02066115702479339,-0.24793388429752067,0.024793388429752067,-0.38016528925619836,0.128099173553719,-0.5165289256198347,0.1859504132231405,-0.47107438016528924,-0.16115702479338842,-0.6735537190082644,-0.19421487603305784,-0.8099173553719008,-0.21487603305785125,-0.9256198347107438,-0.23553719008264462,-0.48760330578512395,-0.07024793388429752,-0.731404958677686,-0.0371900826446281,-0.8801652892561983,-0.01652892561983471,-1.0,-0.008264462809917356,-0.45867768595041325,0.02066115702479339,-0.5330578512396694,0.12396694214876033,-0.40082644628099173,0.12396694214876033,-0.3347107438016529,0.08264462809917356,-0.4090909090909091,0.07851239669421488,-0.45454545454545453,0.16942148760330578,-0.3512396694214876,0.15289256198347106,-0.2892561983471074,0.11570247933884298
0,0.0,0.0,-0.08264462809917356,-0.01652892561983471,-0.25206611570247933,0.028925619834710745,-0.3884297520661157,0.128099173553719,-0.5206611570247934,0.18181818181818182,-0.4669421487603306,-0.1652892561983471,-0.6735537190082644,-0.19008264462809918,-0.8057851239669421,-0.21074380165289255,-0.9256198347107438,-0.2231404958677686,-0.48760330578512395,-0.07024793388429752,-0.731404958677686,-0.04132231404958678,-0.8801652892561983,-0.01652892561983471,-1.0,-0.008264462809917356,-0.45867768595041325,0.02066115702479339,-0.5330578512396694,0.12396694214876033,-0.40082644628099173,0.11983471074380166,-0.33884297520661155,0.07851239669421488,-0.4132231404958678,0.07851239669421488,-0.45454545454545453,0.1652892561983471,-0.35537190082644626,0.1487603305785124,-0.2892561983471074,0.1115702479338843
0,0.0,0.0,-0.08264462809917356,-0.012396694214876033,-0.25206611570247933,0.03305785123966942,-0.3884297520661157,0.1322314049586777,-0.5165289256198347,0.1859504132231405,-0.4628099173553719,-0.16115702479338842,-0.6694214876033058,-0.1859504132231405,-0.8057851239669421,-0.2066115702479339,-0.9214876033057852,-0.2190082644628099,-0.4834710743801653,-0.06611570247933884,-0.7272727272727273,-0.0371900826446281,-0.8801652892561983,-0.012396694214876033,-1.0,-0.008264462809917356,-0.45867768595041325,0.02066115702479339,-0.5371900826446281,0.128099173553719,-0.4049586776859504,0.12396694214876033,-0.34297520661157027,0.08264462809917356,-0.4132231404958678,0.07851239669421488,-0.45867768595041325,0.17355371900826447,-0.35537190082644626,0.15702479338842976,-0.29338842975206614,0.11983471074380166
0,0.0,0.0,-0.08264462809917356,-0.008264462809917356,-0.256198347107438,0.0371900826446281,-0.3925619834710744,0.128099173553719,-0.5247933884297521,0.17768595041322313,-0.4628099173553719,-0.16942148760330578,-0.6694214876033058,-0.19008264462809918,-0.8057851239669421,-0.2066115702479339,-0.9214876033057852,-0.2190082644628099,-0.4834710743801653,-0.0743801652892562,-0.731404958677686,-0.045454545454545456,-0.8801652892561983,-0.02066115702479339,-1.0,-0.01652892561983471,-0.45867768595041325,0.012396694214876033,-0.5371900826446281,0.11983471074380166,-0.4090909090909091,0.11983471074380166,-0.34710743801652894,0.07851239669421488,-0.41735537190082644,0.07024793388429752,-0.45867768595041325,0.1652892561983471,-0.359504132231405,0.1487603305785124,-0.2975206611570248,0.11570247933884298
0,0.0,0.0,-0.07851239669421488,-0.004132231404958678,-0.256198347107438,0.04132231404958678,-0.3884297520661157,0.1322314049586777,-0.5206611570247934,0.17768595041322313,-0.45867768595041325,-0.17355371900826447,-0.6694214876033058,-0.19421487603305784,-0.8016528925619835,-0.21074380165289255,-0.9214876033057852,-0.2231404958677686,-0.4793388429752066,-0.07851239669421488,-0.7272727272727273,-0.05371900826446281,-0.8801652892561983,-0.03305785123966942,-1.0,-0.028925619834710745,-0.45454545454545453,0.008264462809917356,-0.5371900826446281,0.1115702479338843,-0.4049586776859504,0.11570247933884298,-0.3512396694214876,0.0743801652892562,-0.41735537190082644,0.07024793388429752,-0.4669421487603306,0.16115702479338842,-0.36363636363636365,0.1487603305785124,-0.30165289256198347,0.1115702479338843
0,0.0,0.0,-0.07083333333333333,-0.004166666666666667,-0.25,0.041666666666666664,-0.38333333333333336,0.13333333333333333,-0.5208333333333334,0.17083333333333334,-0.45,-0.175,-0.6625,-0.2,-0.8,-0.21666666666666667,-0.9208333333333333,-0.22916666666666666,-0.475,-0.0875,-0.7291666666666666,-0.06666666666666667,-0.8791666666666667,-0.04583333333333333,-1.0,-0.041666666666666664,-0.45416666666666666,0.004166666666666667,-0.5375,0.10833333333333334,-0.4041666666666667,0.1125,-0.3458333333333333,0.06666666666666667,-0.42083333333333334,0.0625,-0.4666666666666667,0.15416666666666667,-0.35833333333333334,0.14583333333333334,-0.2916666666666667,0.1125
0,0.0,0.0,-0.07053941908713693,-0.008298755186721992,-0.24481327800829875,0.03734439834024896,-0.38589211618257263,0.12863070539419086,-0.5228215767634855,0.17012448132780084,-0.44398340248962653,-0.17842323651452283,-0.6556016597510373,-0.1991701244813278,-0.7925311203319502,-0.2157676348547718,-0.9087136929460581,-0.22406639004149378,-0.4730290456431535,-0.08713692946058091,-0.7261410788381742,-0.06639004149377593,-0.8755186721991701,-0.04979253112033195,-1.0,-0.04979253112033195,-0.45643153526970953,0.0,-0.5435684647302904,0.1037344398340249,-0.4190871369294606,0.11203319502074689,-0.35269709543568467,0.07053941908713693,-0.4190871369294606,0.06224066390041494,-0.4730290456431535,0.15352697095435686,-0.37344398340248963,0.14937759336099585,-0.3070539419087137,0.11203319502074689
0,0.0,0.0,-0.07083333333333333,0.004166666666666667,-0.25,0.05,-0.3875,0.14166666666666666,-0.525,0.18333333333333332,-0.44166666666666665,-0.18333333333333332,-0.6541666666666667,-0.2,-0.7958333333333333,-0.21666666666666667,-0.9125,-0.23333333333333334,-0.4666666666666667,-0.09166666666666666,-0.725,-0.07083333333333333,-0.8791666666666667,-0.05416666666666667,-1.0,-0.058333333333333334,-0.45416666666666666,-0.004166666666666667,-0.55,0.10416666666666667,-0.42083333333333334,0.1125,-0.35833333333333334,0.07083333333333333,-0.42083333333333334,0.0625,-0.475,0.15416666666666667,-0.375,0.15,-0.30416666666666664,0.12083333333333333
0,0.0,0.0,-0.06694560669456066,0.008368200836820083,-0.24686192468619247,0.058577405857740586,-0.38493723849372385,0.14225941422594143,-0.5271966527196653,0.18410041841004185,-0.42677824267782427,-0.18828451882845187,-0.6485355648535565,-0.20920502092050208,-0.7866108786610879,-0.2301255230125523,-0.9079497907949791,-0.24686192468619247,-0.4560669456066946,-0.100418410041841,-0.7196652719665272,-0.09205020920502092,-0.8744769874476988,-0.07531380753138076,-1.0,-0.08368200836820083,-0.4476987447698745,-0.012552301255230125,-0.5481171548117155,0.09623430962343096,-0.41422594142259417,0.11715481171548117,-0.3514644351464435,0.0794979079497908,-0.4225941422594142,0.0502092050209205,-0.4769874476987448,0.14644351464435146,-0.3682008368200837,0.1506276150627615,-0.29707112970711297,0.12552301255230125
0,0.0,0.0,-0.06276150627615062,0.016736401673640166,-0.2384937238493724,0.06694560669456066,-0.3807531380753138,0.14644351464435146,-0.5271966527196653,0.18410041841004185,-0.41841004184100417,-0.18410041841004185,-0.6401673640167364,-0.20502092050209206,-0.7740585774058577,-0.2217573221757322,-0.895397489539749,-0.24267782426778242,-0.4560669456066946,-0.10460251046025104,-0.7196652719665272,-0.10460251046025104,-0.8744769874476988,-0.09623430962343096,-1.0,-0.10460251046025104,-0.45188284518828453,-0.012552301255230125,-0.5606694560669456,0.08786610878661087,-0.4309623430962343,0.11715481171548117,-0.36401673640167365,0.08368200836820083,-0.4225941422594142,0.0502092050209205,-0.49372384937238495,0.13807531380753138,-0.39330543933054396,0.14644351464435146,-0.3179916317991632,0.12552301255230125
0,0.0,0.0,-0.06694560669456066,0.0502092050209205,-0.2510460251046025,0.100418410041841,-0.4100418410041841,0.17154811715481172,-0.5564853556485355,0.19246861924686193,-0.401673640167364,-0.1799163179916318,-0.6443514644351465,-0.19246861924686193,-0.7782426778242678,-0.21338912133891214,-0.899581589958159,-0.24686192468619247,-0.4435146443514644,-0.11715481171548117,-0.7071129707112971,-0.12133891213389121,-0.8702928870292888,-0.1087866108786611,-1.0,-0.1297071129707113,-0.45188284518828453,-0.04184100418410042,-0.5774058577405857,0.07531380753138076,-0.4560669456066946,0.12133891213389121,-0.3807531380753138,0.09205020920502092,-0.4351464435146444,0.008368200836820083,-0.502092050209205,0.11297071129707113,-0.40585774058577406,0.13807531380753138,-0.3263598326359833,0.12552301255230125
0,0.0,0.0,-0.06465517241379311,0.09051724137931035,-0.25862068965517243,0.13793103448275862,-0.41810344827586204,0.2025862068965517,-0.5646551724137931,0.20689655172413793,-0.3922413793103448,-0.14224137931034483,-0.6336206896551724,-0.16810344827586207,-0.7672413793103449,-0.1939655172413793,-0.8836206896551724,-0.23706896551724138,-0.4267241379310345,-0.10775862068965517,-0.7112068965517241,-0.125,-0.8706896551724138,-0.125,-1.0,-0.15517241379310345,-0.4396551724137931,-0.05603448275862069,-0.5862068965517241,0.0603448275862069,-0.46551724137931033,0.14224137931034483,-0.38362068965517243,0.14224137931034483,-0.4353448275862069,-0.02586206896551724,-0.5043103448275862,0.09051724137931035,-0.41810344827586204,0.14655172413793102,-0.34051724137931033,0.16379310344827586
0,0.0,0.0,-0.0782608695652174,0.10434782608695652,-0.27391304347826084,0.1565217391304348,-0.4260869565217391,0.21739130434782608,-0.5565217391304348,0.2,-0.39565217391304347,-0.12173913043478261,-0.6173913043478261,-0.14347826086956522,-0.7434782608695653,-0.16956521739130434,-0.8608695652173913,-0.20869565217391303,-0.41739130434782606,-0.09565217391304348,-0.7,-0.12173913043478261,-0.8652173913043478,-0.13043478260869565,-1.0,-0.1608695652173913,-0.43478260869565216,-0.06086956521739131,-0.591304347826087,0.06521739130434782,-0.46956521739130436,0.15217391304347827,-0.391304347826087,0.1565217391304348,-0.43043478260869567,-0.034782608695652174,-0.5043478260869565,0.08695652173913043,-0.4217391304347826,0.14782608695652175,-0.34347826086956523,0.1608695652173913
0,0.0,0.0,-0.0730593607305936,0.1232876712328767,-0.273972602739726,0.1780821917808219,-0.4246575342465753,0.2328767123287671,-0.547945205479452,0.2009132420091324,-0.3881278538812785,-0.1095890410958904,-0.6073059360730594,-0.1095890410958904,-0.7397260273972602,-0.136986301369863,-0.8538812785388128,-0.1872146118721461,-0.410958904109589,-0.1141552511415525,-0.7077625570776256,-0.1187214611872146,-0.863013698630137,-0.1232876712328767,-1.0,-0.1552511415525114,-0.4292237442922374,-0.091324200913242,-0.5844748858447488,0.0593607305936073,-0.4474885844748858,0.1506849315068493,-0.3607305936073059,0.1461187214611872,-0.4383561643835616,-0.0684931506849315,-0.4977168949771689,0.0776255707762557,-0.4063926940639269,0.136986301369863,-0.3242009132420091,0.1506849315068493
0,0.0,0.0,-0.08411214953271028,0.1542056074766355,-0.2757009345794392,0.22429906542056074,-0.43457943925233644,0.2523364485981308,-0.5654205607476636,0.19626168224299065,-0.3691588785046729,-0.0794392523364486,-0.6728971962616822,-0.09345794392523364,-0.8551401869158879,-0.102803738317757,-1.0,-0.13551401869158877,-0.37850467289719625,-0.1261682242990654,-0.5700934579439252,0.06542056074766354,-0.46261682242990654,0.1588785046728972,-0.3598130841121495,0.14485981308411214,-0.4158878504672897,-0.11682242990654206,-0.5607476635514018,0.0514018691588785,-0.4532710280373832,0.14018691588785046,-0.38317757009345793,0.12149532710280374,-0.4532710280373832,-0.09345794392523364,-0.5280373831775701,0.028037383177570093,-0.46261682242990654,0.09345794392523364,-0.40186915887850466,0.102803738317757
0,0.0,0.0,-0.07211538461538461,0.1875,-0.2644230769230769,0.25961538461538464,-0.42788461538461536,0.28846153846153844,-0.5576923076923077,0.22596153846153846,-0.3269230769230769,0.0,-0.5192307692307693,0.02403846153846154,-0.6586538461538461,0.004807692307692308,-0.7788461538461539,-0.02403846153846154,-0.36538461538461536,-0.07692307692307693,-0.6778846153846154,-0.052884615384615384,-0.8557692307692307,-0.052884615384615384,-1.0,-0.07692307692307693,-0.41346153846153844,-0.09134615384615384,-0.5913461538461539,0.057692307692307696,-0.4567307692307692,0.15865384615384615,-0.375,0.18269230769230768,-0.44711538461538464,-0.09134615384615384,-0.5192307692307693,0.057692307692307696,-0.4326923076923077,0.11538461538461539,-0.375,0.13942307692307693
0,0.0,0.0,-0.07692307692307693,0.1971153846153846,-0.28365384615384615,0.2692307692307692,-0.4423076923076923,0.30288461538461536,-0.5721153846153846,0.2403846153846154,-0.3269230769230769,0.038461538461538464,-0.5240384615384616,0.0673076923076923,-0.6634615384615384,0.0673076923076923,-0.7932692307692307,0.057692307692307696,-0.3605769230769231,-0.04807692307692308,-0.6730769230769231,-0.019230769230769232,-0.8557692307692307,-0.019230769230769232,-1.0,-0.038461538461538464,-0.40865384615384615,-0.07211538461538461,-0.5961538461538461,0.08173076923076923,-0.4807692307692308,0.1875,-0.40865384615384615,0.22596153846153846,-0.4375,-0.07692307692307693,-0.5048076923076923,0.07692307692307693,-0.4326923076923077,0.13942307692307693,-0.3798076923076923,0.16826923076923078
0,0.0,0.0,-0.08530805687203792,0.2132701421800948,-0.2938388625592417,0.3033175355450237,-0.46445497630331756,0.3175355450236967,-0.5781990521327014,0.24170616113744076,-0.32701421800947866,0.08056872037914692,-0.5260663507109005,0.12322274881516587,-0.6492890995260664,0.13270142180094788,-0.7582938388625592,0.13744075829383887,-0.36018957345971564,-0.023696682464454975,-0.6729857819905213,0.023696682464454975,-0.8578199052132701,0.02843601895734597,-1.0,0.018957345971563982,-0.4075829383886256,-0.061611374407582936,-0.5924170616113744,0.0995260663507109,-0.4928909952606635,0.1848341232227488,-0.4265402843601896,0.20853080568720378,-0.43601895734597157,-0.08056872037914692,-0.5118483412322274,0.07582938388625593,-0.44549763033175355,0.12796208530805686,-0.3981042654028436,0.14691943127962084
0,0.0,0.0,-0.08056872037914692,0.22274881516587677,-0.2938388625592417,0.3175355450236967,-0.47393364928909953,0.3175355450236967,-0.5639810426540285,0.23696682464454977,-0.3175355450236967,0.10426540284360189,-0.5165876777251185,0.16113744075829384,-0.6492890995260664,0.18009478672985782,-0.7630331753554502,0.1943127962085308,-0.36492890995260663,-0.004739336492890996,-0.6729857819905213,0.061611374407582936,-0.8625592417061612,0.07109004739336493,-1.0,0.061611374407582936,-0.41706161137440756,-0.05687203791469194,-0.5971563981042654,0.10900473933649289,-0.5118483412322274,0.1895734597156398,-0.44075829383886256,0.2132701421800948,-0.44549763033175355,-0.08530805687203792,-0.5260663507109005,0.07582938388625593,-0.46445497630331756,0.12796208530805686,-0.41706161137440756,0.16113744075829384
0,0.0,0.0,-0.0761904761904762,0.23333333333333334,-0.2761904761904762,0.3380952380952381,-0.4666666666666667,0.3476190476190476,-0.5571428571428572,0.26666666666666666,-0.3047619047619048,0.14761904761904762,-0.5047619047619047,0.21904761904761905,-0.6523809523809524,0.2523809523809524,-0.7666666666666667,0.26666666666666666,-0.36666666666666664,0.03333333333333333,-0.6666666666666666,0.11428571428571428,-0.861904761904762,0.12380952380952381,-1.0,0.11428571428571428,-0.4238095238095238,-0.03333333333333333,-0.6095238095238096,0.12380952380952381,-0.5523809523809524,0.2,-0.49047619047619045,0.22857142857142856,-0.46190476190476193,-0.06666666666666667,-0.5476190476190477,0.08095238095238096,-0.5095238095238095,0.14285714285714285,-0.47619047619047616,0.17142857142857143
0,0.0,0.0,-0.08737864077669903,0.22330097087378642,-0.2621359223300971,0.32524271844660196,-0.42718446601941745,0.32524271844660196,-0.5436893203883495,0.2669902912621359,-0.3106796116504854,0.17475728155339806,-0.5,0.24757281553398058,-0.6407766990291263,0.2961165048543689,-0.7572815533980582,0.32038834951456313,-0.3592233009708738,0.05825242718446602,-0.6650485436893204,0.13592233009708737,-0.8543689320388349,0.1553398058252427,-1.0,0.14563106796116504,-0.4174757281553398,-0.009708737864077669,-0.6067961165048543,0.13106796116504854,-0.5485436893203883,0.20388349514563106,-0.5,0.23300970873786409,-0.4563106796116505,-0.06310679611650485,-0.5436893203883495,0.0825242718446602,-0.5,0.1407766990291262,-0.46601941747572817,0.17475728155339806
0,0.0,0.0,-0.0821256038647343,0.2318840579710145,-0.25120772946859904,0.3285024154589372,-0.41545893719806765,0.3333333333333333,-0.5458937198067633,0.2995169082125604,-0.30917874396135264,0.19806763285024154,-0.5072463768115942,0.2946859903381642,-0.6473429951690821,0.34782608695652173,-0.7681159420289855,0.38164251207729466,-0.3671497584541063,0.0821256038647343,-0.6618357487922706,0.17391304347826086,-0.855072463768116,0.2028985507246377,-1.0,0.20772946859903382,-0.4251207729468599,0.00966183574879227,-0.5942028985507246,0.15942028985507245,-0.5410628019323671,0.2318840579710145,-0.4927536231884058,0.2608695652173913,-0.463768115942029,-0.043478260869565216,-0.5410628019323671,0.10144927536231885,-0.4975845410628019,0.1642512077294686,-0.463768115942029,0.19806763285024154
0,0.0,0.0,-0.0825242718446602,0.23786407766990292,-0.24271844660194175,0.34951456310679613,-0.4029126213592233,0.3640776699029126,-0.529126213592233,0.33495145631067963,-0.32524271844660196,0.23300970873786409,-0.5339805825242718,0.34951456310679613,-0.6747572815533981,0.4174757281553398,-0.7912621359223301,0.46116504854368934,-0.38349514563106796,0.11650485436893204,-0.6650485436893204,0.23300970873786409,-0.8543689320388349,0.2766990291262136,-1.0,0.2912621359223301,-0.4320388349514563,0.038834951456310676,-0.5776699029126213,0.1941747572815534,-0.5097087378640777,0.24757281553398058,-0.4563106796116505,0.2669902912621359,-0.46601941747572817,-0.019417475728155338,-0.5339805825242718,0.12135922330097088,-0.4854368932038835,0.17475728155339806,-0.45145631067961167,0.20388349514563106
0,0.0,0.0,-0.06796116504854369,0.23300970873786409,-0.23786407766990292,0.35436893203883496,-0.3932038834951456,0.3737864077669903,-0.5194174757281553,0.33980582524271846,-0.3300970873786408,0.2524271844660194,-0.5485436893203883,0.3883495145631068,-0.6893203883495146,0.46601941747572817,-0.8009708737864077,0.5145631067961165,-0.3932038834951456,0.13106796116504854,-0.6747572815533981,0.2669902912621359,-0.8592233009708737,0.3300970873786408,-1.0,0.3640776699029126,-0.4368932038834951,0.04854368932038835,-0.5728155339805825,0.21359223300970873,-0.5,0.2669902912621359,-0.44660194174757284,0.2815533980582524,-0.470873786407767,-0.019417475728155338,-0.529126213592233,0.13592233009708737,-0.47572815533980584,0.18446601941747573,-0.4320388349514563,0.20388349514563106
0,0.0,0.0,-0.05687203791469194,0.24170616113744076,-0.22274881516587677,0.3696682464454976,-0.3886255924170616,0.3981042654028436,-0.5071090047393365,0.3744075829383886,-0.33649289099526064,0.2796208530805687,-0.5545023696682464,0.41706161137440756,-0.6919431279620853,0.4976303317535545,-0.8009478672985783,0.5497630331753555,-0.4028436018957346,0.15639810426540285,-0.6777251184834123,0.2985781990521327,-0.8625592417061612,0.36492890995260663,-1.0,0.3981042654028436,-0.44549763033175355,0.07109004739336493,-0.5687203791469194,0.24170616113744076,-0.5071090047393365,0.2985781990521327,-0.45023696682464454,0.3127962085308057,-0.46919431279620855,0.004739336492890996,-0.5260663507109005,0.15639810426540285,-0.4786729857819905,0.20853080568720378,-0.4312796208530806,0.22274881516587677
0,0.0,0.0,-0.056074766355140186,0.2383177570093458,-0.21962616822429906,0.37383177570093457,-0.37850467289719625,0.40654205607476634,-0.4953271028037383,0.38317757009345793,-0.3598130841121495,0.29439252336448596,-0.5747663551401869,0.4485981308411215,-0.7009345794392523,0.5327102803738317,-0.8084112149532711,0.5887850467289719,-0.4205607476635514,0.17757009345794392,-0.6869158878504673,0.3177570093457944,-0.8691588785046729,0.3925233644859813,-1.0,0.43457943925233644,-0.4532710280373832,0.08411214953271028,-0.5654205607476636,0.2523364485981308,-0.5,0.3037383177570093,-0.4392523364485981,0.3177570093457944,-0.4719626168224299,0.018691588785046728,-0.5233644859813084,0.16355140186915887,-0.4672897196261682,0.2102803738317757,-0.4205607476635514,0.22429906542056074
0,0.0,0.0,-0.06046511627906977,0.24186046511627907,-0.22325581395348837,0.39069767441860465,-0.3953488372093023,0.4232558139534884,-0.5162790697674419,0.386046511627907,-0.3627906976744186,0.3116279069767442,-0.5813953488372093,0.4883720930232558,-0.7069767441860465,0.5813953488372093,-0.813953488372093,0.6465116279069767,-0.4325581395348837,0.19534883720930232,-0.6930232558139535,0.35348837209302325,-0.8697674418604651,0.4325581395348837,-1.0,0.48372093023255813,-0.4697674418604651,0.09767441860465116,-0.5674418604651162,0.26976744186046514,-0.49767441860465117,0.3116279069767442,-0.42790697674418604,0.31627906976744186,-0.4883720930232558,0.027906976744186046,-0.5348837209302325,0.17209302325581396,-0.4744186046511628,0.2186046511627907,-0.4186046511627907,0.22325581395348837
0,0.0,0.0,-0.056338028169014086,0.24413145539906103,-0.22065727699530516,0.40375586854460094,-0.39436619718309857,0.4272300469483568,-0.5164319248826291,0.38028169014084506,-0.38497652582159625,0.3286384976525822,-0.6056338028169014,0.5211267605633803,-0.7323943661971831,0.6103286384976526,-0.8356807511737089,0.6807511737089202,-0.460093896713615,0.2112676056338028,-0.7136150234741784,0.38028169014084506,-0.8779342723004695,0.4694835680751174,-1.0,0.5164319248826291,-0.48826291079812206,0.107981220657277,-0.568075117370892,0.2676056338028169,-0.48826291079812206,0.3004694835680751,-0.4084507042253521,0.29577464788732394,-0.49765258215962443,0.028169014084507043,-0.5446009389671361,0.1643192488262911,-0.47417840375586856,0.20187793427230047,-0.4084507042253521,0.19248826291079812
0,0.0,0.0,-0.06103286384976526,0.24882629107981222,-0.22065727699530516,0.4131455399061033,-0.4084507042253521,0.4272300469483568,-0.5164319248826291,0.36619718309859156,-0.38497652582159625,0.3427230046948357,-0.6103286384976526,0.5446009389671361,-0.7370892018779343,0.6384976525821596,-0.8450704225352113,0.7089201877934272,-0.4788732394366197,0.22535211267605634,-0.7230046948356808,0.4131455399061033,-0.8779342723004695,0.5070422535211268,-1.0,0.5539906103286385,-0.5117370892018779,0.11737089201877934,-0.5727699530516432,0.28169014084507044,-0.49295774647887325,0.3145539906103286,-0.4084507042253521,0.29577464788732394,-0.5164319248826291,0.03286384976525822,-0.5492957746478874,0.17370892018779344,-0.4788732394366197,0.20657276995305165,-0.4131455399061033,0.18779342723004694
0,0.0,0.0,-0.06280193236714976,0.2608695652173913,-0.2318840579710145,0.43478260869565216,-0.41545893719806765,0.4396135265700483,-0.5265700483091788,0.3719806763285024,-0.3961352657004831,0.3719806763285024,-0.6231884057971014,0.5797101449275363,-0.7439613526570048,0.6859903381642513,-0.8454106280193237,0.7584541062801933,-0.4975845410628019,0.25120772946859904,-0.7342995169082126,0.45410628019323673,-0.8840579710144928,0.5603864734299517,-1.0,0.6135265700483091,-0.5410628019323671,0.13526570048309178,-0.5893719806763285,0.3140096618357488,-0.5072463768115942,0.34782608695652173,-0.41545893719806765,0.3285024154589372,-0.5458937198067633,0.04830917874396135,-0.5700483091787439,0.19806763285024154,-0.4975845410628019,0.2318840579710145,-0.4251207729468599,0.21256038647342995
0,0.0,0.0,-0.06403940886699508,0.2660098522167488,-0.2413793103448276,0.43842364532019706,-0.42857142857142855,0.4433497536945813,-0.5320197044334976,0.3842364532019704,-0.4039408866995074,0.3842364532019704,-0.6305418719211823,0.6059113300492611,-0.7487684729064039,0.7093596059113301,-0.8571428571428571,0.7832512315270936,-0.5073891625615764,0.2660098522167488,-0.7438423645320197,0.4827586206896552,-0.8866995073891626,0.5911330049261084,-1.0,0.645320197044335,-0.5517241379310345,0.1477832512315271,-0.6059113300492611,0.32019704433497537,-0.5172413793103449,0.35960591133004927,-0.42857142857142855,0.3448275862068966,-0.5566502463054187,0.04926108374384237,-0.5812807881773399,0.2019704433497537,-0.5073891625615764,0.24630541871921183,-0.43842364532019706,0.22660098522167488
0,0.0,0.0,-0.06372549019607843,0.2696078431372549,-0.24019607843137256,0.4411764705882353,-0.4215686274509804,0.4411764705882353,-0.5196078431372549,0.37254901960784315,-0.4166666666666667,0.4019607843137255,-0.6372549019607843,0.6176470588235294,-0.7598039215686274,0.7205882352941176,-0.8627450980392157,0.7941176470588235,-0.5147058823529411,0.27941176470588236,-0.7450980392156863,0.4803921568627451,-0.8872549019607843,0.5833333333333334,-1.0,0.6372549019607843,-0.553921568627451,0.1568627450980392,-0.5931372549019608,0.3137254901960784,-0.5,0.3480392156862745,-0.4117647058823529,0.3284313725490196,-0.5637254901960784,0.058823529411764705,-0.5784313725490197,0.20098039215686275,-0.5,0.23529411764705882,-0.4264705882352941,0.21568627450980393
0,0.0,0.0,-0.06372549019607843,0.2647058823529412,-0.24509803921568626,0.4362745098039216,-0.4215686274509804,0.43137254901960786,-0.5196078431372549,0.37254901960784315,-0.4362745098039216,0.4068627450980392,-0.6568627450980392,0.6127450980392157,-0.7794117647058824,0.7107843137254902,-0.8823529411764706,0.7843137254901961,-0.5294117647058824,0.27941176470588236,-0.75,0.47549019607843135,-0.8921568627450981,0.5686274509803921,-1.0,0.6176470588235294,-0.5588235294117647,0.15196078431372548,-0.5980392156862745,0.30392156862745096,-0.5098039215686274,0.3431372549019608,-0.4166666666666667,0.3235294117647059,-0.5588235294117647,0.05392156862745098,-0.5735294117647058,0.18627450980392157,-0.5,0.22058823529411764,-0.4264705882352941,0.20098039215686275
0,0.0,0.0,-0.06829268292682927,0.2634146341463415,-0.24390243902439024,0.4292682926829268,-0.4146341463414634,0.4097560975609756,-0.5024390243902439,0.34146341463414637,-0.45365853658536587,0.4097560975609756,-0.6682926829268293,0.6048780487804878,-0.7853658536585366,0.7024390243902439,-0.8829268292682927,0.7658536585365854,-0.5414634146341464,0.2780487804878049,-0.7609756097560976,0.4585365853658537,-0.8975609756097561,0.551219512195122,-1.0,0.5902439024390244,-0.5658536585365853,0.14634146341463414,-0.5902439024390244,0.28780487804878047,-0.4975609756097561,0.3170731707317073,-0.40487804878048783,0.2926829268292683,-0.5609756097560976,0.03902439024390244,-0.5707317073170731,0.16585365853658537,-0.4878048780487805,0.1902439024390244,-0.4195121951219512,0.16585365853658537
0,0.0,0.0,-0.06862745098039216,0.2696078431372549,-0.2549019607843137,0.4362745098039216,-0.4166666666666667,0.4166666666666667,-0.5049019607843137,0.35294117647058826,-0.47549019607843135,0.4215686274509804,-0.6862745098039216,0.6078431372549019,-0.7990196078431373,0.696078431372549,-0.8921568627450981,0.7549019607843137,-0.553921568627451,0.28431372549019607,-0.7745098039215687,0.45588235294117646,-0.9019607843137255,0.5392156862745098,-1.0,0.5735294117647058,-0.5735294117647058,0.14705882352941177,-0.5931372549019608,0.28921568627450983,-0.49019607843137253,0.3088235294117647,-0.4019607843137255,0.28431372549019607,-0.5686274509803921,0.0392156862745098,-0.5686274509803921,0.16176470588235295,-0.4803921568627451,0.18627450980392157,-0.4117647058823529,0.16176470588235295
0,0.0,0.0,-0.07389162561576355,0.2660098522167488,-0.26108374384236455,0.42857142857142855,-0.4187192118226601,0.4039408866995074,-0.5073891625615764,0.33497536945812806,-0.4876847290640394,0.41379310344827586,-0.7044334975369458,0.5960591133004927,-0.8177339901477833,0.6798029556650246,-0.9113300492610837,0.7339901477832512,-0.5665024630541872,0.27586206896551724,-0.7881773399014779,0.4433497536945813,-0.9113300492610837,0.5172413793103449,-1.0,0.5517241379310345,-0.5763546798029556,0.14285714285714285,-0.5960591133004927,0.27586206896551724,-0.4975369458128079,0.3054187192118227,-0.4088669950738916,0.2857142857142857,-0.5665024630541872,0.03940886699507389,-0.5665024630541872,0.15763546798029557,-0.4827586206896552,0.18719211822660098,-0.41379310344827586,0.1625615763546798
0,0.0,0.0,-0.07575757575757576,0.2676767676767677,-0.26262626262626265,0.4292929292929293,-0.41919191919191917,0.398989898989899,-0.51010101010101,0.3282828282828283,-0.494949494949495,0.42424242424242425,-0.7171717171717171,0.5909090909090909,-0.8333333333333334,0.6717171717171717,-0.9292929292929293,0.7222222222222222,-0.5707070707070707,0.2828282828282828,-0.7929292929292929,0.43434343434343436,-0.9141414141414141,0.5,-1.0,0.5303030303030303,-0.5808080808080808,0.1414141414141414,-0.5959595959595959,0.2676767676767677,-0.494949494949495,0.2828282828282828,-0.4090909090909091,0.25757575757575757,-0.5707070707070707,0.04040404040404041,-0.5656565656565656,0.14646464646464646,-0.4797979797979798,0.16666666666666666,-0.41414141414141414,0.1414141414141414
0,0.0,0.0,-0.07291666666666667,0.265625,-0.25,0.4322916666666667,-0.40625,0.4114583333333333,-0.5,0.3489583333333333,-0.5052083333333334,0.421875,-0.7291666666666666,0.59375,-0.84375,0.6666666666666666,-0.9375,0.71875,-0.578125,0.28125,-0.8020833333333334,0.4322916666666667,-0.921875,0.4947916666666667,-1.0,0.515625,-0.5833333333333334,0.13541666666666666,-0.5989583333333334,0.2604166666666667,-0.4947916666666667,0.28125,-0.40625,0.2552083333333333,-0.5677083333333334,0.036458333333333336,-0.5572916666666666,0.13541666666666666,-0.46875,0.15625,-0.3958333333333333,0.13020833333333334
0,0.0,0.0,-0.06451612903225806,0.27419354838709675,-0.24193548387096775,0.44086021505376344,-0.4032258064516129,0.41397849462365593,-0.5,0.34946236559139787,-0.510752688172043,0.43010752688172044,-0.7311827956989247,0.5967741935483871,-0.8440860215053764,0.6720430107526881,-0.9408602150537635,0.7204301075268817,-0.5860215053763441,0.2849462365591398,-0.8010752688172043,0.43010752688172044,-0.9193548387096774,0.4946236559139785,-1.0,0.5161290322580645,-0.5860215053763441,0.13978494623655913,-0.5913978494623656,0.25806451612903225,-0.489247311827957,0.27419354838709675,-0.4032258064516129,0.24731182795698925,-0.5698924731182796,0.03225806451612903,-0.5483870967741935,0.12903225806451613,-0.46236559139784944,0.14516129032258066,-0.3924731182795699,0.11827956989247312
0,0.0,0.0,-0.05555555555555555,0.2777777777777778,-0.22777777777777777,0.45,-0.3888888888888889,0.43333333333333335,-0.48333333333333334,0.3611111111111111,-0.5222222222222223,0.4388888888888889,-0.7444444444444445,0.6166666666666667,-0.8555555555555555,0.6944444444444444,-0.95,0.7444444444444445,-0.6,0.28888888888888886,-0.8111111111111111,0.4388888888888889,-0.9222222222222223,0.5111111111111111,-1.0,0.5333333333333333,-0.5888888888888889,0.1388888888888889,-0.6,0.26666666666666666,-0.5,0.28888888888888886,-0.4111111111111111,0.2722222222222222,-0.5611111111111111,0.03333333333333333,-0.55,0.13333333333333333,-0.46111111111111114,0.16111111111111112,-0.3888888888888889,0.13333333333333333
0,0.0,0.0,-0.046511627906976744,0.3023255813953488,-0.21511627906976744,0.4941860465116279,-0.3953488372093023,0.47093023255813954,-0.5,0.4011627906976744,-0.5348837209302325,0.45930232558139533,-0.7558139534883721,0.6511627906976745,-0.8662790697674418,0.7325581395348837,-0.9651162790697675,0.7848837209302325,-0.6104651162790697,0.3023255813953488,-0.8197674418604651,0.47674418604651164,-0.9302325581395349,0.5523255813953488,-1.0,0.5872093023255814,-0.5930232558139535,0.1511627906976744,-0.6104651162790697,0.3023255813953488,-0.5116279069767442,0.3372093023255814,-0.42441860465116277,0.31976744186046513,-0.563953488372093,0.05232558139534884,-0.563953488372093,0.16279069767441862,-0.48255813953488375,0.19767441860465115,-0.4127906976744186,0.1744186046511628
0,0.0,0.0,-0.042682926829268296,0.31097560975609756,-0.20121951219512196,0.5121951219512195,-0.3597560975609756,0.524390243902439,-0.4634146341463415,0.4573170731707317,-0.5609756097560976,0.4878048780487805,-0.7865853658536586,0.6890243902439024,-0.9024390243902439,0.7804878048780488,-1.0,0.8414634146341463,-0.6219512195121951,0.3231707317073171,-0.8353658536585366,0.5121951219512195,-0.9329268292682927,0.6036585365853658,-1.0,0.6524390243902439,-0.6097560975609756,0.17682926829268292,-0.6463414634146342,0.3475609756097561,-0.5487804878048781,0.4024390243902439,-0.4634146341463415,0.4024390243902439,-0.5792682926829268,0.07926829268292683,-0.5853658536585366,0.2073170731707317,-0.5182926829268293,0.25609756097560976,-0.43902439024390244,0.25
0,0.0,0.0,-0.025,0.3375,-0.16875,0.55,-0.33125,0.5625,-0.4375,0.48125,-0.5625,0.50625,-0.78125,0.725,-0.9,0.825,-1.0,0.8875,-0.61875,0.35,-0.825,0.55625,-0.9125,0.66875,-0.96875,0.73125,-0.59375,0.21875,-0.64375,0.40625,-0.55625,0.48125,-0.475,0.4875,-0.55625,0.1375,-0.575,0.275,-0.5125,0.325,-0.4375,0.31875
0,0.0,0.0,-0.019230769230769232,0.3525641025641026,-0.16666666666666666,0.5961538461538461,-0.3141025641025641,0.6153846153846154,-0.3974358974358974,0.532051282051282,-0.5705128205128205,0.5256410256410257,-0.782051282051282,0.7564102564102564,-0.8974358974358975,0.8653846153846154,-1.0,0.9294871794871795,-0.6089743589743589,0.3782051282051282,-0.8076923076923077,0.6089743589743589,-0.8910256410256411,0.7371794871794872,-0.9487179487179487,0.8076923076923077,-0.5769230769230769,0.2692307692307692,-0.6153846153846154,0.4935897435897436,-0.4807692307692308,0.532051282051282,-0.38461538461538464,0.5064102564102564,-0.5448717948717948,0.21794871794871795,-0.5256410256410257,0.38461538461538464,-0.42948717948717946,0.4230769230769231,-0.3333333333333333,0.3974358974358974
0,0.0,0.0,-0.00641025641025641,0.33974358974358976,-0.14743589743589744,0.6025641025641025,-0.27564102564102566,0.6730769230769231,-0.3525641025641026,0.6217948717948718,-0.5705128205128205,0.5,-0.7692307692307693,0.75,-0.8846153846153846,0.8589743589743589,-1.0,0.9358974358974359,-0.6153846153846154,0.3782051282051282,-0.8012820512820513,0.6410256410256411,-0.8974358974358975,0.7948717948717948,-0.9615384615384616,0.8910256410256411,-0.5897435897435898,0.3076923076923077,-0.5576923076923077,0.5769230769230769,-0.4166666666666667,0.5897435897435898,-0.32051282051282054,0.5448717948717948,-0.5512820512820513,0.2692307692307692,-0.4935897435897436,0.46794871794871795,-0.3782051282051282,0.48717948717948717,-0.28846153846153844,0.4551282051282051
0,0.0,0.0,-0.01910828025477707,0.3057324840764331,-0.1464968152866242,0.5923566878980892,-0.2484076433121019,0.7197452229299363,-0.3057324840764331,0.6751592356687898,-0.5987261146496815,0.47770700636942676,-0.7707006369426752,0.732484076433121,-0.8853503184713376,0.8662420382165605,-1.0,0.9490445859872612,-0.6178343949044586,0.3630573248407643,-0.5286624203821656,0.6369426751592356,-0.3821656050955414,0.6369426751592356,-0.31210191082802546,0.5477707006369427,-0.5796178343949044,0.3184713375796178,-0.4840764331210191,0.5668789808917197,-0.3503184713375796,0.5668789808917197,-0.29936305732484075,0.5031847133757962,-0.5286624203821656,0.3057324840764331,-0.4585987261146497,0.49044585987261147,-0.3503184713375796,0.4968152866242038,-0.28662420382165604,0.4394904458598726
0,0.0,0.0,-0.03125,0.28125,-0.14375,0.55,-0.21875,0.725,-0.25,0.73125,-0.58125,0.45625,-0.7625,0.6875,-0.88125,0.81875,-1.0,0.89375,-0.54375,0.375,-0.5375,0.63125,-0.49375,0.675,-0.51875,0.6375,-0.48125,0.34375,-0.40625,0.59375,-0.26875,0.5625,-0.2625,0.48125,-0.4375,0.33125,-0.35,0.5125,-0.24375,0.49375,-0.2125,0.425
0,0.0,0.0,-0.054878048780487805,0.2804878048780488,-0.17073170731707318,0.5182926829268293,-0.21341463414634146,0.6829268292682927,-0.24390243902439024,0.7317073170731707,-0.5853658536585366,0.4268292682926829,-0.7682926829268293,0.6463414634146342,-0.8841463414634146,0.7621951219512195,-1.0,0.8353658536585366,-0.5304878048780488,0.38414634146341464,-0.7073170731707317,0.6219512195121951,-0.8048780487804879,0.75,-0.8963414634146342,0.8292682926829268,-0.45121951219512196,0.3597560975609756,-0.42073170731707316,0.6158536585365854,-0.2804878048780488,0.5670731707317073,-0.25,0.47560975609756095,-0.3902439024390244,0.35365853658536583,-0.3231707317073171,0.5426829268292683,-0.21951219512195122,0.5182926829268293,-0.18292682926829268,0.4451219512195122
0,0.0,0.0,-0.09142857142857143,0.21714285714285714,-0.2057142857142857,0.4342857142857143,-0.21714285714285714,0.5885714285714285,-0.25142857142857145,0.6742857142857143,-0.5771428571428572,0.3657142857142857,-0.76,0.5542857142857143,-0.88,0.6571428571428571,-1.0,0.7257142857142858,-0.49142857142857144,0.3657142857142857,-0.6571428571428571,0.5942857142857143,-0.7428571428571429,0.72,-0.8457142857142858,0.7942857142857143,-0.4,0.38285714285714284,-0.35428571428571426,0.6057142857142858,-0.22857142857142856,0.5257142857142857,-0.2342857142857143,0.42857142857142855,-0.33714285714285713,0.3942857142857143,-0.26285714285714284,0.56,-0.17714285714285713,0.49714285714285716,-0.1657142857142857,0.41714285714285715
0,0.0,0.0,-0.1111111111111111,0.18333333333333332,-0.22777777777777777,0.38333333333333336,-0.2388888888888889,0.55,-0.2722222222222222,0.6666666666666666,-0.5833333333333334,0.3055555555555556,-0.7666666666666667,0.4888888888888889,-0.8833333333333333,0.5888888888888889,-1.0,0.65,-0.5,0.3388888888888889,-0.6444444444444445,0.5666666666666667,-0.7333333333333333,0.7,-0.8222222222222222,0.7833333333333333,-0.39444444444444443,0.3611111111111111,-0.35555555555555557,0.5888888888888889,-0.24444444444444444,0.5055555555555555,-0.2388888888888889,0.4111111111111111,-0.32222222222222224,0.37777777777777777,-0.26666666666666666,0.55,-0.18888888888888888,0.49444444444444446,-0.17222222222222222,0.4166666666666667
0,0.0,0.0,-0.13043478260869565,0.14673913043478262,-0.25,0.33695652173913043,-0.266304347826087,0.5108695652173914,-0.30434782608695654,0.6304347826086957,-0.5869565217391305,0.2608695652173913,-0.7717391304347826,0.42391304347826086,-0.8913043478260869,0.5217391304347826,-1.0,0.5869565217391305,-0.5054347826086957,0.30434782608695654,-0.6521739130434783,0.5271739130434783,-0.7391304347826086,0.657608695652174,-0.8260869565217391,0.7391304347826086,-0.4076086956521739,0.3423913043478261,-0.3858695652173913,0.5489130434782609,-0.2717391304347826,0.4673913043478261,-0.2608695652173913,0.375,-0.33695652173913043,0.358695652173913,-0.29347826086956524,0.5217391304347826,-0.21739130434782608,0.4673913043478261,-0.1956521739130435,0.391304347826087
0,0.0,0.0,-0.14814814814814814,0.1164021164021164,-0.2857142857142857,0.2962962962962963,-0.30687830687830686,0.47619047619047616,-0.3439153439153439,0.5978835978835979,-0.5978835978835979,0.2222222222222222,-0.783068783068783,0.3862433862433862,-0.8994708994708994,0.47619047619047616,-1.0,0.5396825396825397,-0.5185185185185185,0.2751322751322751,-0.6613756613756614,0.49206349206349204,-0.7513227513227513,0.6190476190476191,-0.8412698412698413,0.7037037037037037,-0.42328042328042326,0.31216931216931215,-0.3968253968253968,0.5132275132275133,-0.291005291005291,0.42857142857142855,-0.2857142857142857,0.3386243386243386,-0.3544973544973545,0.328042328042328,-0.32275132275132273,0.48148148148148145,-0.24338624338624337,0.42328042328042326,-0.2222222222222222,0.3492063492063492
0,0.0,0.0,-0.15979381443298968,0.0979381443298969,-0.30412371134020616,0.26288659793814434,-0.3402061855670103,0.4381443298969072,-0.38144329896907214,0.5670103092783505,-0.5927835051546392,0.20618556701030927,-0.7783505154639175,0.35051546391752575,-0.8917525773195877,0.4329896907216495,-1.0,0.4948453608247423,-0.5154639175257731,0.26804123711340205,-0.6597938144329897,0.4639175257731959,-0.7525773195876289,0.5927835051546392,-0.8350515463917526,0.6855670103092784,-0.4175257731958763,0.30927835051546393,-0.4175257731958763,0.4845360824742268,-0.30927835051546393,0.3917525773195876,-0.28350515463917525,0.29896907216494845,-0.34536082474226804,0.31958762886597936,-0.3247422680412371,0.4587628865979381,-0.24742268041237114,0.3865979381443299,-0.21649484536082475,0.30412371134020616
0,0.0,0.0,-0.16753926701570682,0.041884816753926704,-0.33507853403141363,0.19895287958115182,-0.3717277486910995,0.387434554973822,-0.39267015706806285,0.5287958115183246,-0.6020942408376964,0.18324607329842932,-0.7905759162303665,0.3089005235602094,-0.9057591623036649,0.39267015706806285,-1.0,0.45549738219895286,-0.5287958115183246,0.2617801047120419,-0.680628272251309,0.44502617801047123,-0.774869109947644,0.5759162303664922,-0.8586387434554974,0.6649214659685864,-0.42408376963350786,0.3089005235602094,-0.450261780104712,0.4712041884816754,-0.3507853403141361,0.3769633507853403,-0.32460732984293195,0.2879581151832461,-0.33507853403141363,0.3193717277486911,-0.3507853403141361,0.450261780104712,-0.2879581151832461,0.3769633507853403,-0.25654450261780104,0.2931937172774869
0,0.0,0.0,-0.15625,0.020833333333333332,-0.3229166666666667,0.16145833333333334,-0.3802083333333333,0.3385416666666667,-0.4166666666666667,0.4895833333333333,-0.5989583333333334,0.16145833333333334,-0.7864583333333334,0.2760416666666667,-0.9010416666666666,0.359375,-1.0,0.421875,-0.5260416666666666,0.25,-0.6822916666666666,0.421875,-0.7864583333333334,0.5520833333333334,-0.8645833333333334,0.6354166666666666,-0.421875,0.3020833333333333,-0.4635416666666667,0.4583333333333333,-0.359375,0.375,-0.3177083333333333,0.296875,-0.3333333333333333,0.3229166666666667,-0.359375,0.4375,-0.296875,0.3645833333333333,-0.25,0.2864583333333333
0,0.0,0.0,-0.15263157894736842,0.0,-0.32105263157894737,0.13157894736842105,-0.3894736842105263,0.3157894736842105,-0.4368421052631579,0.4789473684210526,-0.5894736842105263,0.16842105263157894,-0.7789473684210526,0.2736842105263158,-0.9,0.3473684210526316,-1.0,0.4105263157894737,-0.5210526315789473,0.2631578947368421,-0.6789473684210526,0.4263157894736842,-0.7842105263157895,0.5473684210526316,-0.868421052631579,0.631578947368421,-0.41578947368421054,0.32105263157894737,-0.46842105263157896,0.45789473684210524,-0.3736842105263158,0.37894736842105264,-0.32105263157894737,0.3,-0.32105263157894737,0.34210526315789475,-0.3631578947368421,0.45263157894736844,-0.30526315789473685,0.3894736842105263,-0.2631578947368421,0.32105263157894737
0,0.0,0.0,-0.15425531914893617,-0.026595744680851064,-0.3404255319148936,0.09042553191489362,-0.42021276595744683,0.26595744680851063,-0.4574468085106383,0.4308510638297872,-0.5851063829787234,0.13829787234042554,-0.7872340425531915,0.24468085106382978,-0.9042553191489362,0.31382978723404253,-1.0,0.3776595744680851,-0.5319148936170213,0.24468085106382978,-0.7021276595744681,0.4095744680851064,-0.8085106382978723,0.526595744680851,-0.8936170212765957,0.6117021276595744,-0.4308510638297872,0.30851063829787234,-0.48404255319148937,0.4574468085106383,-0.3882978723404255,0.3670212765957447,-0.3351063829787234,0.2925531914893617,-0.32978723404255317,0.3351063829787234,-0.39361702127659576,0.44680851063829785,-0.3404255319148936,0.3829787234042553,-0.30851063829787234,0.30851063829787234
0,0.0,0.0,-0.16042780748663102,-0.0427807486631016,-0.35294117647058826,0.0748663101604278,-0.43315508021390375,0.24598930481283424,-0.47058823529411764,0.40641711229946526,-0.5882352941176471,0.11764705882352941,-0.786096256684492,0.21390374331550802,-0.9037433155080213,0.28342245989304815,-1.0,0.3422459893048128,-0.5294117647058824,0.22459893048128343,-0.7112299465240641,0.37967914438502676,-0.8235294117647058,0.48663101604278075,-0.9090909090909091,0.5775401069518716,-0.42780748663101603,0.2887700534759358,-0.4919786096256685,0.43315508021390375,-0.40641711229946526,0.33689839572192515,-0.35294117647058826,0.25668449197860965,-0.32620320855614976,0.32620320855614976,-0.40106951871657753,0.42245989304812837,-0.35294117647058826,0.35294117647058826,-0.3155080213903743,0.27807486631016043
0,0.0,0.0,-0.17204301075268819,-0.04838709677419355,-0.3763440860215054,0.05913978494623656,-0.46236559139784944,0.23118279569892472,-0.489247311827957,0.3870967741935484,-0.5860215053763441,0.0967741935483871,-0.7903225806451613,0.1827956989247312,-0.9086021505376344,0.24731182795698925,-1.0,0.3010752688172043,-0.532258064516129,0.20430107526881722,-0.7150537634408602,0.34946236559139787,-0.8333333333333334,0.44623655913978494,-0.9193548387096774,0.532258064516129,-0.43010752688172044,0.26881720430107525,-0.510752688172043,0.4032258064516129,-0.42473118279569894,0.3064516129032258,-0.3655913978494624,0.23118279569892472,-0.3279569892473118,0.3118279569892473,-0.42473118279569894,0.40860215053763443,-0.3763440860215054,0.3387096774193548,-0.3333333333333333,0.26344086021505375
0,0.0,0.0,-0.1891891891891892,-0.07027027027027027,-0.4,0.02702702702702703,-0.4972972972972973,0.1945945945945946,-0.5297297297297298,0.3567567567567568,-0.5783783783783784,0.07027027027027027,-0.7837837837837838,0.15675675675675677,-0.9027027027027027,0.21621621621621623,-1.0,0.2702702702702703,-0.5243243243243243,0.1837837837837838,-0.7189189189189189,0.32972972972972975,-0.8378378378378378,0.42162162162162165,-0.9297297297297298,0.5027027027027027,-0.43243243243243246,0.2594594594594595,-0.5351351351351351,0.3621621621621622,-0.4594594594594595,0.25405405405405407,-0.3945945945945946,0.1837837837837838,-0.33513513513513515,0.31351351351351353,-0.44324324324324327,0.3837837837837838,-0.41081081081081083,0.3027027027027027,-0.372972972972973,0.22702702702702704
0,0.0,0.0,-0.19021739130434784,-0.07608695652173914,-0.4076086956521739,0.005434782608695652,-0.5163043478260869,0.17391304347826086,-0.5434782608695652,0.33695652173913043,-0.5652173913043478,0.07065217391304347,-0.7771739130434783,0.14130434782608695,-0.8967391304347826,0.1956521739130435,-1.0,0.2554347826086957,-0.5163043478260869,0.1793478260869565,-0.717391304347826,0.32065217391304346,-0.842391304347826,0.4076086956521739,-0.9347826086956522,0.4891304347826087,-0.42934782608695654,0.2608695652173913,-0.5380434782608695,0.34782608695652173,-0.46195652173913043,0.22826086956521738,-0.3858695652173913,0.15760869565217392,-0.33152173913043476,0.32065217391304346,-0.45652173913043476,0.3804347826086957,-0.41847826086956524,0.29347826086956524,-0.3695652173913043,0.21195652173913043
0,0.0,0.0,-0.1813186813186813,-0.08791208791208792,-0.4065934065934066,-0.005494505494505495,-0.5164835164835165,0.15384615384615385,-0.554945054945055,0.31868131868131866,-0.5659340659340659,0.07142857142857142,-0.7747252747252747,0.13736263736263737,-0.9010989010989011,0.19230769230769232,-1.0,0.24175824175824176,-0.521978021978022,0.1813186813186813,-0.7252747252747253,0.31868131868131866,-0.8516483516483516,0.4010989010989011,-0.9395604395604396,0.4835164835164835,-0.4340659340659341,0.26373626373626374,-0.5494505494505495,0.34065934065934067,-0.46703296703296704,0.21978021978021978,-0.3956043956043956,0.14835164835164835,-0.33516483516483514,0.32967032967032966,-0.45604395604395603,0.3791208791208791,-0.4175824175824176,0.2802197802197802,-0.3626373626373626,0.2032967032967033
0,0.0,0.0,-0.19230769230769232,-0.1043956043956044,-0.41208791208791207,-0.027472527472527472,-0.5274725274725275,0.12087912087912088,-0.5769230769230769,0.2857142857142857,-0.5604395604395604,0.06043956043956044,-0.7747252747252747,0.11538461538461539,-0.9010989010989011,0.16483516483516483,-1.0,0.21428571428571427,-0.5164835164835165,0.17032967032967034,-0.7307692307692307,0.2967032967032967,-0.8626373626373627,0.3791208791208791,-0.9505494505494505,0.46153846153846156,-0.4340659340659341,0.24725274725274726,-0.5659340659340659,0.3241758241758242,-0.47802197802197804,0.19230769230769232,-0.4010989010989011,0.12087912087912088,-0.34615384615384615,0.31868131868131866,-0.47802197802197804,0.3626373626373626,-0.4340659340659341,0.26373626373626374,-0.3791208791208791,0.18681318681318682
0,0.0,0.0,-0.19444444444444445,-0.11666666666666667,-0.42777777777777776,-0.06111111111111111,-0.5611111111111111,0.08888888888888889,-0.5944444444444444,0.25,-0.5388888888888889,0.05,-0.7611111111111111,0.1,-0.8888888888888888,0.14444444444444443,-1.0,0.19444444444444445,-0.5055555555555555,0.16111111111111112,-0.7333333333333333,0.2833333333333333,-0.8722222222222222,0.3611111111111111,-0.9666666666666667,0.4444444444444444,-0.43333333333333335,0.24444444444444444,-0.5722222222222222,0.3111111111111111,-0.5055555555555555,0.17777777777777778,-0.42777777777777776,0.09444444444444444,-0.35,0.3111111111111111,-0.49444444444444446,0.35,-0.46111111111111114,0.25,-0.39444444444444443,0.16666666666666666
0,0.0,0.0,-0.19101123595505617,-0.12359550561797752,-0.43820224719101125,-0.07865168539325842,-0.5786516853932584,0.07303370786516854,-0.601123595505618,0.24157303370786518,-0.5280898876404494,0.0449438202247191,-0.7584269662921348,0.09550561797752809,-0.8932584269662921,0.1348314606741573,-1.0,0.1853932584269663,-0.5056179775280899,0.15730337078651685,-0.7471910112359551,0.2808988764044944,-0.8932584269662921,0.3539325842696629,-0.9943820224719101,0.43258426966292135,-0.43820224719101125,0.24157303370786518,-0.5898876404494382,0.29775280898876405,-0.5112359550561798,0.15730337078651685,-0.42134831460674155,0.08426966292134831,-0.3595505617977528,0.3202247191011236,-0.5168539325842697,0.34831460674157305,-0.47752808988764045,0.23595505617977527,-0.398876404494382,0.16292134831460675
0,0.0,0.0,-0.19444444444444445,-0.12777777777777777,-0.43333333333333335,-0.1,-0.5777777777777777,0.044444444444444446,-0.6111111111111112,0.20555555555555555,-0.5222222222222223,0.03333333333333333,-0.7444444444444445,0.08333333333333333,-0.8777777777777778,0.11666666666666667,-0.9833333333333333,0.16111111111111112,-0.5055555555555555,0.14444444444444443,-0.7444444444444445,0.25555555555555554,-0.8944444444444445,0.32222222222222224,-1.0,0.3888888888888889,-0.4444444444444444,0.23333333333333334,-0.6055555555555555,0.2722222222222222,-0.5222222222222223,0.1388888888888889,-0.43333333333333335,0.06111111111111111,-0.37222222222222223,0.3111111111111111,-0.5277777777777778,0.32222222222222224,-0.48333333333333334,0.21666666666666667,-0.40555555555555556,0.14444444444444443
0,0.0,0.0,-0.19337016574585636,-0.13259668508287292,-0.430939226519337,-0.12154696132596685,-0.574585635359116,0.0055248618784530384,-0.6132596685082873,0.15469613259668508,-0.5138121546961326,0.027624309392265192,-0.7292817679558011,0.0718232044198895,-0.861878453038674,0.10497237569060773,-0.9668508287292817,0.143646408839779,-0.5027624309392266,0.13259668508287292,-0.7403314917127072,0.23756906077348067,-0.8950276243093923,0.292817679558011,-1.0,0.35359116022099446,-0.44751381215469616,0.22099447513812154,-0.6132596685082873,0.2430939226519337,-0.5248618784530387,0.10497237569060773,-0.430939226519337,0.03314917127071823,-0.3812154696132597,0.30386740331491713,-0.5414364640883977,0.292817679558011,-0.4972375690607735,0.1878453038674033,-0.4198895027624309,0.12154696132596685
0,0.0,0.0,-0.19021739130434784,-0.1358695652173913,-0.42391304347826086,-0.1358695652173913,-0.5760869565217391,-0.021739130434782608,-0.6141304347826086,0.13043478260869565,-0.5,0.010869565217391304,-0.717391304347826,0.04891304347826087,-0.8369565217391305,0.07608695652173914,-0.9402173913043478,0.10869565217391304,-0.4945652173913043,0.11413043478260869,-0.7391304347826086,0.20652173913043478,-0.8967391304347826,0.24456521739130435,-1.0,0.29891304347826086,-0.44565217391304346,0.20108695652173914,-0.6141304347826086,0.20108695652173914,-0.5163043478260869,0.07608695652173914,-0.41847826086956524,0.016304347826086956,-0.3858695652173913,0.2826086956521739,-0.5489130434782609,0.266304347826087,-0.4945652173913043,0.16304347826086957,-0.4076086956521739,0.10326086956521739
0,0.0,0.0,-0.1774193548387097,-0.13978494623655913,-0.40860215053763443,-0.15591397849462366,-0.5645161290322581,-0.05913978494623656,-0.6129032258064516,0.08602150537634409,-0.489247311827957,0.0,-0.6989247311827957,0.026881720430107527,-0.8172043010752689,0.043010752688172046,-0.9193548387096774,0.07526881720430108,-0.489247311827957,0.0967741935483871,-0.7365591397849462,0.16666666666666666,-0.8924731182795699,0.1989247311827957,-1.0,0.24193548387096775,-0.44623655913978494,0.1827956989247312,-0.6182795698924731,0.16666666666666666,-0.5161290322580645,0.043010752688172046,-0.41397849462365593,-0.010752688172043012,-0.3924731182795699,0.26881720430107525,-0.553763440860215,0.23118279569892472,-0.4946236559139785,0.13440860215053763,-0.3978494623655914,0.08064516129032258
0,0.0,0.0,-0.16753926701570682,-0.1518324607329843,-0.39267015706806285,-0.18848167539267016,-0.5602094240837696,-0.11518324607329843,-0.6020942408376964,0.02617801047120419,-0.47643979057591623,-0.020942408376963352,-0.675392670157068,-0.005235602094240838,-0.7853403141361257,0.005235602094240838,-0.8795811518324608,0.031413612565445025,-0.4869109947643979,0.06806282722513089,-0.7329842931937173,0.12041884816753927,-0.8848167539267016,0.13612565445026178,-1.0,0.17277486910994763,-0.45549738219895286,0.1518324607329843,-0.6282722513089005,0.11518324607329843,-0.518324607329843,0.010471204188481676,-0.41361256544502617,-0.03664921465968586,-0.41361256544502617,0.24083769633507854,-0.5706806282722513,0.18324607329842932,-0.5026178010471204,0.08900523560209424,-0.4083769633507853,0.03664921465968586
0,0.0,0.0,-0.15625,-0.15104166666666666,-0.3802083333333333,-0.19791666666666666,-0.5520833333333334,-0.13541666666666666,-0.6041666666666666,-0.005208333333333333,-0.46875,-0.026041666666666668,-0.6666666666666666,-0.015625,-0.7760416666666666,-0.015625,-0.8645833333333334,0.010416666666666666,-0.484375,0.057291666666666664,-0.7291666666666666,0.08854166666666667,-0.8802083333333334,0.09375,-1.0,0.125,-0.4583333333333333,0.140625,-0.625,0.08854166666666667,-0.5,-0.010416666666666666,-0.390625,-0.036458333333333336,-0.421875,0.22395833333333334,-0.5729166666666666,0.15625,-0.5,0.06770833333333333,-0.4010416666666667,0.03125
0,0.0,0.0,-0.14795918367346939,-0.15816326530612246,-0.3622448979591837,-0.2193877551020408,-0.5357142857142857,-0.17346938775510204,-0.5969387755102041,-0.04591836734693878,-0.46938775510204084,-0.05102040816326531,-0.6632653061224489,-0.04591836734693878,-0.7755102040816326,-0.04081632653061224,-0.8673469387755102,-0.025510204081632654,-0.4846938775510204,0.030612244897959183,-0.7244897959183674,0.05612244897959184,-0.8775510204081632,0.04081632653061224,-1.0,0.04591836734693878,-0.4642857142857143,0.11734693877551021,-0.6275510204081632,0.05102040816326531,-0.5102040816326531,-0.03571428571428571,-0.3979591836734694,-0.061224489795918366,-0.42857142857142855,0.1989795918367347,-0.576530612244898,0.11734693877551021,-0.49489795918367346,0.030612244897959183,-0.3877551020408163,-0.00510204081632653
0,0.0,0.0,-0.14,-0.16,-0.345,-0.23,-0.515,-0.2,-0.585,-0.075,-0.475,-0.065,-0.665,-0.065,-0.78,-0.065,-0.875,-0.055,-0.485,0.02,-0.73,0.025,-0.875,0.0,-1.0,-0.005,-0.465,0.105,-0.63,0.02,-0.5,-0.06,-0.385,-0.08,-0.435,0.18,-0.57,0.08,-0.485,0.0,-0.38,-0.025
0,0.0,0.0,-0.14356435643564355,-0.15346534653465346,-0.33663366336633666,-0.22772277227722773,-0.49504950495049505,-0.20297029702970298,-0.5792079207920792,-0.08415841584158416,-0.47029702970297027,-0.0594059405940594,-0.6683168316831684,-0.06930693069306931,-0.7772277227722773,-0.07425742574257425,-0.8762376237623762,-0.06930693069306931,-0.48514851485148514,0.024752475247524754,-0.7326732673267327,0.0297029702970297,-0.8811881188118812,0.0,-1.0,-0.01485148514851485,-0.46534653465346537,0.10891089108910891,-0.6237623762376238,0.009900990099009901,-0.48514851485148514,-0.06930693069306931,-0.37623762376237624,-0.07920792079207921,-0.42574257425742573,0.18316831683168316,-0.5643564356435643,0.07425742574257425,-0.4752475247524752,-0.0049504950495049506,-0.3712871287128713,-0.024752475247524754
0,0.0,0.0,-0.14146341463414633,-0.15609756097560976,-0.32682926829268294,-0.24390243902439024,-0.47804878048780486,-0.22439024390243903,-0.5560975609756098,-0.11219512195121951,-0.47317073170731705,-0.06829268292682927,-0.6682926829268293,-0.08780487804878048,-0.775609756097561,-0.0975609756097561,-0.8682926829268293,-0.1024390243902439,-0.48292682926829267,0.01951219512195122,-0.7365853658536585,0.01951219512195122,-0.8878048780487805,-0.014634146341463415,-1.0,-0.03902439024390244,-0.4634146341463415,0.1024390243902439,-0.6146341463414634,-0.014634146341463415,-0.47317073170731705,-0.08780487804878048,-0.36585365853658536,-0.0975609756097561,-0.424390243902439,0.17073170731707318,-0.5609756097560976,0.05365853658536585,-0.47317073170731705,-0.024390243902439025,-0.37073170731707317,-0.04878048780487805
0,0.0,0.0,-0.12796208530805686,-0.15165876777251186,-0.3033175355450237,-0.24644549763033174,-0.45023696682464454,-0.24170616113744076,-0.5355450236966824,-0.13744075829383887,-0.4597156398104265,-0.08530805687203792,-0.6635071090047393,-0.11848341232227488,-0.7677725118483413,-0.13270142180094788,-0.8672985781990521,-0.13744075829383887,-0.47393364928909953,0.0,-0.7298578199052133,-0.009478672985781991,-0.8815165876777251,-0.04739336492890995,-1.0,-0.06635071090047394,-0.45023696682464454,0.08530805687203792,-0.5924170616113744,-0.04265402843601896,-0.45023696682464454,-0.11374407582938388,-0.3412322274881517,-0.11848341232227488,-0.4075829383886256,0.15639810426540285,-0.5450236966824644,0.03317535545023697,-0.4549763033175355,-0.037914691943127965,-0.36018957345971564,-0.061611374407582936
0,0.0,0.0,-0.107981220657277,-0.14553990610328638,-0.28169014084507044,-0.24882629107981222,-0.4272300469483568,-0.2535211267605634,-0.5164319248826291,-0.15023474178403756,-0.4647887323943662,-0.09859154929577464,-0.6619718309859155,-0.14084507042253522,-0.7793427230046949,-0.1596244131455399,-0.8779342723004695,-0.16901408450704225,-0.47417840375586856,-0.009389671361502348,-0.7323943661971831,-0.028169014084507043,-0.8826291079812206,-0.06572769953051644,-1.0,-0.0892018779342723,-0.45539906103286387,0.07981220657276995,-0.5821596244131455,-0.056338028169014086,-0.431924882629108,-0.12206572769953052,-0.3286384976525822,-0.12206572769953052,-0.4084507042253521,0.15023474178403756,-0.5305164319248826,0.018779342723004695,-0.431924882629108,-0.046948356807511735,-0.3380281690140845,-0.056338028169014086
0,0.0,0.0,-0.10185185185185185,-0.1527777777777778,-0.2638888888888889,-0.2638888888888889,-0.4074074074074074,-0.2777777777777778,-0.5,-0.17592592592592593,-0.4583333333333333,-0.12962962962962962,-0.6666666666666666,-0.17592592592592593,-0.7870370370370371,-0.2037037037037037,-0.8935185185185185,-0.21296296296296297,-0.4722222222222222,-0.037037037037037035,-0.7361111111111112,-0.06944444444444445,-0.8842592592592593,-0.1111111111111111,-1.0,-0.1388888888888889,-0.4537037037037037,0.05092592592592592,-0.5787037037037037,-0.08796296296296297,-0.4305555555555556,-0.14351851851851852,-0.3287037037037037,-0.14351851851851852,-0.41203703703703703,0.12037037037037036,-0.5277777777777778,-0.009259259259259259,-0.4305555555555556,-0.06944444444444445,-0.3333333333333333,-0.0787037037037037
0,0.0,0.0,-0.0871559633027523,-0.15137614678899083,-0.24770642201834864,-0.2706422018348624,-0.38990825688073394,-0.2889908256880734,-0.47706422018348627,-0.18807339449541285,-0.463302752293578,-0.14678899082568808,-0.6651376146788991,-0.2018348623853211,-0.7798165137614679,-0.23394495412844038,-0.8853211009174312,-0.25229357798165136,-0.47706422018348627,-0.05045871559633028,-0.7339449541284404,-0.09174311926605505,-0.8807339449541285,-0.13761467889908258,-1.0,-0.1651376146788991,-0.45871559633027525,0.04128440366972477,-0.573394495412844,-0.10091743119266056,-0.42201834862385323,-0.15137614678899083,-0.3165137614678899,-0.14678899082568808,-0.40825688073394495,0.11467889908256881,-0.5091743119266054,-0.022935779816513763,-0.40825688073394495,-0.08256880733944955,-0.3256880733944954,-0.08256880733944955
0,0.0,0.0,-0.0821917808219178,-0.1643835616438356,-0.2328767123287671,-0.2876712328767123,-0.365296803652968,-0.3013698630136986,-0.45662100456621,-0.2100456621004566,-0.4657534246575342,-0.1689497716894977,-0.6666666666666666,-0.2328767123287671,-0.7808219178082192,-0.2602739726027397,-0.8904109589041096,-0.2831050228310502,-0.4840182648401826,-0.0730593607305936,-0.7351598173515982,-0.1141552511415525,-0.8812785388127854,-0.1598173515981735,-1.0,-0.1872146118721461,-0.4611872146118721,0.0228310502283105,-0.5662100456621004,-0.1141552511415525,-0.410958904109589,-0.1689497716894977,-0.3105022831050228,-0.1689497716894977,-0.4155251141552511,0.1004566210045662,-0.4977168949771689,-0.0365296803652968,-0.3972602739726027,-0.091324200913242,-0.3105022831050228,-0.0958904109589041
0,0.0,0.0,-0.07272727272727272,-0.16363636363636364,-0.21818181818181817,-0.2909090909090909,-0.34545454545454546,-0.30454545454545456,-0.43636363636363634,-0.21363636363636362,-0.4636363636363636,-0.18181818181818182,-0.6636363636363637,-0.25,-0.7818181818181819,-0.2863636363636364,-0.8863636363636364,-0.3090909090909091,-0.4863636363636364,-0.08181818181818182,-0.7318181818181818,-0.13636363636363635,-0.8818181818181818,-0.18636363636363637,-1.0,-0.21818181818181817,-0.4681818181818182,0.013636363636363636,-0.5545454545454546,-0.12727272727272726,-0.4,-0.17727272727272728,-0.29545454545454547,-0.17727272727272728,-0.41818181818181815,0.09545454545454546,-0.4909090909090909,-0.04090909090909091,-0.39545454545454545,-0.09545454545454546,-0.3090909090909091,-0.1
0,0.0,0.0,-0.0684931506849315,-0.1598173515981735,-0.2009132420091324,-0.2968036529680365,-0.3287671232876712,-0.3150684931506849,-0.4246575342465753,-0.228310502283105,-0.4794520547945205,-0.1963470319634703,-0.6757990867579908,-0.2785388127853881,-0.7945205479452054,-0.3242009132420091,-0.9041095890410958,-0.3561643835616438,-0.502283105022831,-0.0958904109589041,-0.7397260273972602,-0.1643835616438356,-0.8858447488584474,-0.2191780821917808,-1.0,-0.2511415525114155,-0.4794520547945205,0.0091324200913242,-0.547945205479452,-0.136986301369863,-0.3881278538812785,-0.1780821917808219,-0.2876712328767123,-0.1780821917808219,-0.4292237442922374,0.0958904109589041,-0.4840182648401826,-0.0410958904109589,-0.3835616438356164,-0.0958904109589041,-0.3013698630136986,-0.0958904109589041
0,0.0,0.0,-0.05581395348837209,-0.17209302325581396,-0.19069767441860466,-0.3116279069767442,-0.30697674418604654,-0.33488372093023255,-0.40930232558139534,-0.25116279069767444,-0.48372093023255813,-0.22790697674418606,-0.6790697674418604,-0.32558139534883723,-0.8,-0.3767441860465116,-0.9069767441860465,-0.4186046511627907,-0.5116279069767442,-0.11627906976744186,-0.7441860465116279,-0.19534883720930232,-0.8837209302325582,-0.26046511627906976,-1.0,-0.3116279069767442,-0.4930232558139535,-0.004651162790697674,-0.5302325581395348,-0.16744186046511628,-0.3674418604651163,-0.2,-0.2651162790697674,-0.19534883720930232,-0.4418604651162791,0.07906976744186046,-0.46511627906976744,-0.07441860465116279,-0.35348837209302325,-0.12558139534883722,-0.26976744186046514,-0.13023255813953488
0,0.0,0.0,-0.043689320388349516,-0.1796116504854369,-0.1650485436893204,-0.3300970873786408,-0.28640776699029125,-0.3640776699029126,-0.3786407766990291,-0.27184466019417475,-0.49029126213592233,-0.2621359223300971,-0.6893203883495146,-0.36893203883495146,-0.8106796116504854,-0.42718446601941745,-0.9271844660194175,-0.470873786407767,-0.5242718446601942,-0.1407766990291262,-0.7475728155339806,-0.23786407766990292,-0.8883495145631068,-0.3155339805825243,-1.0,-0.3737864077669903,-0.5048543689320388,-0.024271844660194174,-0.5194174757281553,-0.18932038834951456,-0.35436893203883496,-0.21844660194174756,-0.2524271844660194,-0.20388349514563106,-0.4563106796116505,0.07281553398058252,-0.441747572815534,-0.09223300970873786,-0.32524271844660196,-0.13592233009708737,-0.24271844660194175,-0.13592233009708737
0,0.0,0.0,-0.04040404040404041,-0.18686868686868688,-0.15151515151515152,-0.3434343434343434,-0.26262626262626265,-0.3838383838383838,-0.35858585858585856,-0.2878787878787879,-0.5,-0.2878787878787879,-0.696969696969697,-0.4090909090909091,-0.8181818181818182,-0.4696969696969697,-0.9343434343434344,-0.5252525252525253,-0.5303030303030303,-0.15656565656565657,-0.7525252525252525,-0.2676767676767677,-0.8888888888888888,-0.35353535353535354,-1.0,-0.42424242424242425,-0.51010101010101,-0.030303030303030304,-0.5151515151515151,-0.20707070707070707,-0.3484848484848485,-0.22727272727272727,-0.25252525252525254,-0.20707070707070707,-0.4595959595959596,0.0707070707070707,-0.4292929292929293,-0.10101010101010101,-0.30808080808080807,-0.1414141414141414,-0.23737373737373738,-0.13636363636363635
0,0.0,0.0,-0.031578947368421054,-0.19473684210526315,-0.13157894736842105,-0.35789473684210527,-0.24210526315789474,-0.4,-0.33157894736842103,-0.30526315789473685,-0.49473684210526314,-0.3105263157894737,-0.6947368421052632,-0.4421052631578947,-0.8210526315789474,-0.5210526315789473,-0.9368421052631579,-0.5842105263157895,-0.531578947368421,-0.1736842105263158,-0.7526315789473684,-0.2894736842105263,-0.8894736842105263,-0.3894736842105263,-1.0,-0.4631578947368421,-0.5052631578947369,-0.042105263157894736,-0.5,-0.21052631578947367,-0.3368421052631579,-0.23684210526315788,-0.24736842105263157,-0.22631578947368422,-0.45263157894736844,0.06842105263157895,-0.4052631578947368,-0.10526315789473684,-0.2894736842105263,-0.14736842105263157,-0.22631578947368422,-0.14210526315789473
0,0.0,0.0,-0.027472527472527472,-0.19230769230769232,-0.11538461538461539,-0.35714285714285715,-0.22527472527472528,-0.41208791208791207,-0.3131868131868132,-0.3131868131868132,-0.5054945054945055,-0.3241758241758242,-0.7032967032967034,-0.46703296703296704,-0.8351648351648352,-0.5494505494505495,-0.9560439560439561,-0.6208791208791209,-0.5439560439560439,-0.17582417582417584,-0.7582417582417582,-0.2857142857142857,-0.8901098901098901,-0.3901098901098901,-1.0,-0.4725274725274725,-0.521978021978022,-0.038461538461538464,-0.4945054945054945,-0.1978021978021978,-0.34615384615384615,-0.23626373626373626,-0.25824175824175827,-0.22527472527472528,-0.46153846153846156,0.07692307692307693,-0.3901098901098901,-0.08791208791208792,-0.2857142857142857,-0.14285714285714285,-0.22527472527472528,-0.14835164835164835
0,0.0,0.0,-0.02247191011235955,-0.20224719101123595,-0.10112359550561797,-0.3707865168539326,-0.19662921348314608,-0.42134831460674155,-0.29213483146067415,-0.3258426966292135,-0.5056179775280899,-0.33707865168539325,-0.702247191011236,-0.4887640449438202,-0.8314606741573034,-0.5786516853932584,-0.9550561797752809,-0.651685393258427,-0.5393258426966292,-0.19101123595505617,-0.7528089887640449,-0.30337078651685395,-0.8876404494382022,-0.4157303370786517,-1.0,-0.5,-0.5168539325842697,-0.0449438202247191,-0.47191011235955055,-0.21348314606741572,-0.3146067415730337,-0.24157303370786518,-0.24719101123595505,-0.2303370786516854,-0.4550561797752809,0.07303370786516854,-0.3651685393258427,-0.10112359550561797,-0.25280898876404495,-0.14606741573033707,-0.19662921348314608,-0.15168539325842698
0,0.0,0.0,-0.017543859649122806,-0.2046783625730994,-0.08771929824561403,-0.3742690058479532,-0.1695906432748538,-0.4444444444444444,-0.2631578947368421,-0.34502923976608185,-0.5087719298245614,-0.36257309941520466,-0.7076023391812866,-0.5146198830409356,-0.8421052631578947,-0.6140350877192983,-0.9649122807017544,-0.6900584795321637,-0.5555555555555556,-0.19883040935672514,-0.7602339181286549,-0.3216374269005848,-0.8888888888888888,-0.43859649122807015,-1.0,-0.5263157894736842,-0.5380116959064327,-0.04678362573099415,-0.4502923976608187,-0.2222222222222222,-0.28654970760233917,-0.25146198830409355,-0.21052631578947367,-0.24561403508771928,-0.47368421052631576,0.07602339181286549,-0.3684210526315789,-0.09941520467836257,-0.25146198830409355,-0.15789473684210525,-0.19883040935672514,-0.1695906432748538
0,0.0,0.0,-0.018404907975460124,-0.22085889570552147,-0.08588957055214724,-0.3987730061349693,-0.1656441717791411,-0.4662576687116564,-0.24539877300613497,-0.3619631901840491,-0.5214723926380368,-0.3987730061349693,-0.7177914110429447,-0.5644171779141104,-0.8466257668711656,-0.6748466257668712,-0.9754601226993865,-0.754601226993865,-0.5705521472392638,-0.2331288343558282,-0.7668711656441718,-0.36809815950920244,-0.8895705521472392,-0.49693251533742333,-1.0,-0.588957055214724,-0.5521472392638037,-0.06748466257668712,-0.4539877300613497,-0.25153374233128833,-0.2822085889570552,-0.2822085889570552,-0.20245398773006135,-0.26380368098159507,-0.48466257668711654,0.06134969325153374,-0.3496932515337423,-0.12269938650306748,-0.22699386503067484,-0.17791411042944785,-0.18404907975460122,-0.1901840490797546
0,0.0,0.0,0.0,-0.2550335570469799,-0.04697986577181208,-0.44966442953020136,-0.10738255033557047,-0.5302013422818792,-0.20134228187919462,-0.4228187919463087,-0.5234899328859061,-0.46308724832214765,-0.7181208053691275,-0.6510067114093959,-0.8590604026845637,-0.7718120805369127,-0.9932885906040269,-0.87248322147651,-0.5771812080536913,-0.2751677852348993,-0.7651006711409396,-0.42953020134228187,-0.8859060402684564,-0.5637583892617449,-1.0,-0.6711409395973155,-0.5503355704697986,-0.09395973154362416,-0.4429530201342282,-0.2953020134228188,-0.26174496644295303,-0.3288590604026846,-0.18120805369127516,-0.3221476510067114,-0.48322147651006714,0.04697986577181208,-0.3221476510067114,-0.15436241610738255,-0.18791946308724833,-0.21476510067114093,-0.14093959731543623,-0.22818791946308725
0,0.0,0.0,0.007194244604316547,-0.26618705035971224,-0.02158273381294964,-0.460431654676259,-0.07913669064748201,-0.5467625899280576,-0.16546762589928057,-0.4460431654676259,-0.5323741007194245,-0.4892086330935252,-0.7266187050359713,-0.697841726618705,-0.8705035971223022,-0.841726618705036,-1.0,-0.9496402877697842,-0.5899280575539568,-0.2949640287769784,-0.762589928057554,-0.460431654676259,-0.8705035971223022,-0.5971223021582733,-0.9928057553956835,-0.697841726618705,-0.5683453237410072,-0.10071942446043165,-0.4460431654676259,-0.302158273381295,-0.2517985611510791,-0.3381294964028777,-0.17985611510791366,-0.33093525179856115,-0.49640287769784175,0.050359712230215826,-0.3237410071942446,-0.1510791366906475,-0.17985611510791366,-0.2158273381294964,-0.14388489208633093,-0.2302158273381295
0,0.0,0.0,0.014925373134328358,-0.29850746268656714,0.007462686567164179,-0.48507462686567165,-0.029850746268656716,-0.5671641791044776,-0.11194029850746269,-0.4626865671641791,-0.5149253731343284,-0.5298507462686567,-0.6940298507462687,-0.7388059701492538,-0.8432835820895522,-0.8955223880597015,-0.9701492537313433,-1.0,-0.5671641791044776,-0.3208955223880597,-0.7313432835820896,-0.4925373134328358,-0.8283582089552238,-0.6268656716417911,-0.9552238805970149,-0.746268656716418,-0.5298507462686567,-0.11194029850746269,-0.39552238805970147,-0.3208955223880597,-0.19402985074626866,-0.3582089552238806,-0.13432835820895522,-0.3582089552238806,-0.4626865671641791,0.03731343283582089,-0.26865671641791045,-0.15671641791044777,-0.11940298507462686,-0.22388059701492538,-0.1044776119402985,-0.2537313432835821
0,0.0,0.0,0.007575757575757576,-0.29545454545454547,0.015151515151515152,-0.4772727272727273,-0.015151515151515152,-0.553030303030303,-0.08333333333333333,-0.45454545454545453,-0.5,-0.5227272727272727,-0.6818181818181818,-0.7348484848484849,-0.8257575757575758,-0.8939393939393939,-0.946969696969697,-1.0,-0.553030303030303,-0.3106060606060606,-0.7196969696969697,-0.4772727272727273,-0.8106060606060606,-0.6136363636363636,-0.9318181818181818,-0.7424242424242424,-0.5303030303030303,-0.09848484848484848,-0.36363636363636365,-0.3181818181818182,-0.1590909090909091,-0.3484848484848485,-0.11363636363636363,-0.3560606060606061,-0.4621212121212121,0.05303030303030303,-0.25,-0.13636363636363635,-0.09848484848484848,-0.2196969696969697,-0.06818181818181818,-0.2803030303030303
0,0.0,0.0,0.032,-0.272,0.024,-0.472,0.0,-0.536,-0.064,-0.416,-0.512,-0.512,-0.712,-0.728,-0.848,-0.88,-0.976,-1.0,-0.592,-0.288,-0.752,-0.44,-0.848,-0.592,-0.96,-0.712,-0.568,-0.056,-0.368,-0.264,-0.16,-0.304,-0.096,-0.336,-0.496,0.112,-0.264,-0.08,-0.104,-0.176,-0.064,-0.24
0,0.0,0.0,0.04918032786885246,-0.2786885245901639,0.02459016393442623,-0.47540983606557374,-0.00819672131147541,-0.5163934426229508,-0.07377049180327869,-0.39344262295081966,-0.5163934426229508,-0.4918032786885246,-0.7049180327868853,-0.7049180327868853,-0.8442622950819673,-0.8770491803278688,-0.9836065573770492,-1.0,-0.5901639344262295,-0.2540983606557377,-0.7622950819672131,-0.4098360655737705,-0.8524590163934426,-0.5409836065573771,-0.9590163934426229,-0.639344262295082,-0.5737704918032787,-0.02459016393442623,-0.38524590163934425,-0.22131147540983606,-0.1557377049180328,-0.28688524590163933,-0.08196721311475409,-0.319672131147541,-0.5,0.14754098360655737,-0.2786885245901639,-0.040983606557377046,-0.10655737704918032,-0.13934426229508196,-0.06557377049180328,-0.20491803278688525
0,0.0,0.0,0.042735042735042736,-0.26495726495726496,0.017094017094017096,-0.47863247863247865,-0.017094017094017096,-0.48717948717948717,-0.05128205128205128,-0.3333333333333333,-0.5299145299145299,-0.46153846153846156,-0.7350427350427351,-0.6666666666666666,-0.8547008547008547,-0.8290598290598291,-1.0,-0.9572649572649573,-0.6239316239316239,-0.21367521367521367,-0.7948717948717948,-0.3504273504273504,-0.8803418803418803,-0.46153846153846156,-0.9914529914529915,-0.5384615384615384,-0.6068376068376068,0.02564102564102564,-0.39316239316239315,-0.15384615384615385,-0.13675213675213677,-0.23076923076923078,-0.05982905982905983,-0.28205128205128205,-0.5299145299145299,0.20512820512820512,-0.2905982905982906,0.03418803418803419,-0.10256410256410256,-0.07692307692307693,-0.042735042735042736,-0.17094017094017094
0,0.0,0.0,0.042735042735042736,-0.2564102564102564,0.0,-0.49572649572649574,-0.017094017094017096,-0.42735042735042733,-0.017094017094017096,-0.2564102564102564,-0.5213675213675214,-0.4188034188034188,-0.7264957264957265,-0.6153846153846154,-0.8461538461538461,-0.7606837606837606,-0.9743589743589743,-0.8803418803418803,-0.6239316239316239,-0.1794871794871795,-0.8034188034188035,-0.29914529914529914,-0.8888888888888888,-0.37606837606837606,-1.0,-0.4188034188034188,-0.6239316239316239,0.05982905982905983,-0.41025641025641024,-0.09401709401709402,-0.15384615384615385,-0.1794871794871795,-0.07692307692307693,-0.23931623931623933,-0.5299145299145299,0.24786324786324787,-0.29914529914529914,0.09401709401709402,-0.1111111111111111,-0.02564102564102564,-0.05128205128205128,-0.11965811965811966
0,0.0,0.0,0.07079646017699115,-0.26548672566371684,0.05309734513274336,-0.504424778761062,0.05309734513274336,-0.4336283185840708,0.05309734513274336,-0.24778761061946902,-0.4778761061946903,-0.4424778761061947,-0.7079646017699115,-0.6283185840707964,-0.831858407079646,-0.7610619469026548,-0.9734513274336283,-0.8584070796460177,-0.6017699115044248,-0.19469026548672566,-0.8053097345132744,-0.2743362831858407,-0.8761061946902655,-0.3185840707964602,-1.0,-0.34513274336283184,-0.6017699115044248,0.061946902654867256,-0.36283185840707965,-0.07964601769911504,-0.10619469026548672,-0.168141592920354,-0.05309734513274336,-0.23893805309734514,-0.5221238938053098,0.25663716814159293,-0.24778761061946902,0.1415929203539823,-0.061946902654867256,0.017699115044247787,-0.02654867256637168,-0.07964601769911504
0,0.0,0.0,0.08333333333333333,-0.25925925925925924,0.06481481481481481,-0.49074074074074076,0.09259259259259259,-0.3333333333333333,0.1111111111111111,-0.1111111111111111,-0.4722222222222222,-0.3888888888888889,-0.7129629629629629,-0.5555555555555556,-0.8518518518518519,-0.6759259259259259,-0.9814814814814815,-0.7592592592592593,-0.6111111111111112,-0.1111111111111111,-0.7962962962962963,-0.16666666666666666,-0.8888888888888888,-0.17592592592592593,-1.0,-0.1574074074074074,-0.6203703703703703,0.12962962962962962,-0.3425925925925926,0.037037037037037035,-0.08333333333333333,-0.06481481481481481,-0.009259259259259259,-0.14814814814814814,-0.5370370370370371,0.3148148148148148,-0.2222222222222222,0.21296296296296297,-0.018518518518518517,0.07407407407407407,0.018518518518518517,-0.027777777777777776
0,0.0,0.0,0.12149532710280374,-0.2523364485981308,0.11214953271028037,-0.4485981308411215,0.14018691588785046,-0.2523364485981308,0.11214953271028037,0.0,-0.4392523364485981,-0.3364485981308411,-0.6728971962616822,-0.45794392523364486,-0.822429906542056,-0.5514018691588785,-0.9532710280373832,-0.5887850467289719,-0.5700934579439252,-0.06542056074766354,-0.7757009345794392,-0.04672897196261682,-0.8878504672897196,-0.009345794392523364,-1.0,0.037383177570093455,-0.5794392523364486,0.16822429906542055,-0.29906542056074764,0.16822429906542055,-0.028037383177570093,0.037383177570093455,0.06542056074766354,-0.09345794392523364,-0.5046728971962616,0.34579439252336447,-0.205607476635514,0.32710280373831774,0.0,0.18691588785046728,0.07476635514018691,0.04672897196261682
0,0.0,0.0,0.1308411214953271,-0.24299065420560748,0.14018691588785046,-0.38317757009345793,0.16822429906542055,-0.16822429906542055,0.1308411214953271,0.06542056074766354,-0.4205607476635514,-0.29906542056074764,-0.6448598130841121,-0.34579439252336447,-0.794392523364486,-0.3925233644859813,-0.9345794392523364,-0.3925233644859813,-0.5607476635514018,-0.028037383177570093,-0.7663551401869159,0.06542056074766354,-0.8785046728971962,0.14953271028037382,-1.0,0.2336448598130841,-0.5794392523364486,0.19626168224299065,-0.29906542056074764,0.2616822429906542,-0.018691588785046728,0.12149532710280374,0.07476635514018691,-0.018691588785046728,-0.514018691588785,0.35514018691588783,-0.24299065420560748,0.3925233644859813,-0.018691588785046728,0.27102803738317754,0.06542056074766354,0.1308411214953271
0,0.0,0.0,0.1568627450980392,-0.24509803921568626,0.17647058823529413,-0.3627450980392157,0.20588235294117646,-0.0784313725490196,0.1568627450980392,0.21568627450980393,-0.39215686274509803,-0.2549019607843137,-0.6176470588235294,-0.24509803921568626,-0.7843137254901961,-0.24509803921568626,-0.9607843137254902,-0.21568627450980393,-0.5392156862745098,0.0196078431372549,-0.7450980392156863,0.18627450980392157,-0.8627450980392157,0.3333333333333333,-1.0,0.46078431372549017,-0.5490196078431373,0.23529411764705882,-0.27450980392156865,0.35294117647058826,0.029411764705882353,0.21568627450980393,0.14705882352941177,0.058823529411764705,-0.49019607843137253,0.38235294117647056,-0.22549019607843138,0.47058823529411764,0.0196078431372549,0.3627450980392157,0.11764705882352941,0.20588235294117646
0,0.0,0.0,0.18947368421052632,-0.25263157894736843,0.23157894736842105,-0.3368421052631579,0.2736842105263158,0.0,0.22105263157894736,0.3473684210526316,-0.3894736842105263,-0.22105263157894736,-0.6210526315789474,-0.14736842105263157,-0.7894736842105263,-0.09473684210526316,-0.9894736842105263,-0.010526315789473684,-0.5157894736842106,0.06315789473684211,-0.7473684210526316,0.3263157894736842,-0.8526315789473684,0.5368421052631579,-1.0,0.6947368421052632,-0.5157894736842106,0.28421052631578947,-0.3263157894736842,0.4631578947368421,0.010526315789473684,0.3263157894736842,0.1368421052631579,0.15789473684210525,-0.45263157894736844,0.42105263157894735,-0.2736842105263158,0.5684210526315789,-0.021052631578947368,0.4631578947368421,0.07368421052631578,0.30526315789473685
0,0.0,0.0,0.16842105263157894,-0.2,0.22105263157894736,-0.21052631578947367,0.2631578947368421,0.12631578947368421,0.22105263157894736,0.4842105263157895,-0.42105263157894735,-0.11578947368421053,-0.6210526315789474,0.021052631578947368,-0.8,0.14736842105263157,-1.0,0.28421052631578947,-0.5263157894736842,0.16842105263157894,-0.7263157894736842,0.5052631578947369,-0.8210526315789474,0.7684210526315789,-0.9789473684210527,0.9789473684210527,-0.49473684210526314,0.37894736842105264,-0.3684210526315789,0.6210526315789474,-0.031578947368421054,0.47368421052631576,0.08421052631578947,0.28421052631578947,-0.42105263157894735,0.5052631578947369,-0.2736842105263158,0.6842105263157895,-0.021052631578947368,0.5894736842105263,0.07368421052631578,0.42105263157894735
0,0.0,0.0,0.16666666666666666,-0.075,0.20833333333333334,0.008333333333333333,0.21666666666666667,0.31666666666666665,0.16666666666666666,0.5916666666666667,-0.3333333333333333,0.041666666666666664,-0.4666666666666667,0.24166666666666667,-0.6,0.36666666666666664,-0.775,0.5,-0.4083333333333333,0.25,-0.5583333333333333,0.575,-0.625,0.8083333333333333,-0.7416666666666667,1.0,-0.39166666666666666,0.4083333333333333,-0.275,0.675,0.0,0.5333333333333333,0.08333333333333333,0.375,-0.3416666666666667,0.5166666666666667,-0.16666666666666666,0.7,0.03333333333333333,0.575,0.08333333333333333,0.45
0,0.0,0.0,0.15492957746478872,0.0,0.19014084507042253,0.13380281690140844,0.19718309859154928,0.3873239436619718,0.14788732394366197,0.6338028169014085,-0.2887323943661972,0.15492957746478872,-0.4084507042253521,0.352112676056338,-0.5211267605633803,0.4859154929577465,-0.6619718309859155,0.6197183098591549,-0.33098591549295775,0.3028169014084507,-0.47183098591549294,0.6056338028169014,-0.5352112676056338,0.8169014084507042,-0.6408450704225352,1.0,-0.30985915492957744,0.4295774647887324,-0.19718309859154928,0.6901408450704225,0.014084507042253521,0.5492957746478874,0.056338028169014086,0.4084507042253521,-0.2676056338028169,0.5140845070422535,-0.09859154929577464,0.6619718309859155,0.06338028169014084,0.5422535211267606,0.09859154929577464,0.4225352112676056
0,0.0,0.0,0.14189189189189189,0.006756756756756757,0.16216216216216217,0.16216216216216217,0.1554054054054054,0.39864864864864863,0.10135135135135136,0.6486486486486487,-0.31756756756756754,0.16216216216216217,-0.4391891891891892,0.3918918918918919,-0.5405405405405406,0.5405405405405406,-0.668918918918919,0.6891891891891891,-0.33783783783783783,0.2972972972972973,-0.4864864864864865,0.6351351351351351,-0.5540540540540541,0.831081081081081,-0.668918918918919,1.0,-0.3108108108108108,0.41216216216216217,-0.21621621621621623,0.6756756756756757,-0.02027027027027027,0.5202702702702703,0.006756756756756757,0.3918918918918919,-0.2702702702702703,0.4864864864864865,-0.12162162162162163,0.6148648648648649,0.02702702702702703,0.5,0.060810810810810814,0.39864864864864863
0,0.0,0.0,0.12738853503184713,0.03184713375796178,0.12101910828025478,0.21656050955414013,0.12101910828025478,0.445859872611465,0.06369426751592357,0.6815286624203821,-0.3184713375796178,0.2229299363057325,-0.46496815286624205,0.46496815286624205,-0.5605095541401274,0.6114649681528662,-0.6815286624203821,0.7515923566878981,-0.33121019108280253,0.3375796178343949,-0.4840764331210191,0.6687898089171974,-0.5477707006369427,0.8471337579617835,-0.6624203821656051,1.0,-0.29936305732484075,0.43312101910828027,-0.21019108280254778,0.6815286624203821,-0.03184713375796178,0.5414012738853503,-0.006369426751592357,0.4267515923566879,-0.267515923566879,0.4968152866242038,-0.1337579617834395,0.6242038216560509,0.0,0.5286624203821656,0.03821656050955414,0.4394904458598726
0,0.0,0.0,0.1,0.058823529411764705,0.08235294117647059,0.2647058823529412,0.06470588235294118,0.4823529411764706,0.029411764705882353,0.7,-0.3176470588235294,0.27647058823529413,-0.4588235294117647,0.5176470588235295,-0.5529411764705883,0.6588235294117647,-0.6588235294117647,0.7764705882352941,-0.3235294117647059,0.36470588235294116,-0.4823529411764706,0.6823529411764706,-0.5529411764705883,0.8647058823529412,-0.6470588235294118,1.0,-0.28823529411764703,0.4235294117647059,-0.22941176470588234,0.6764705882352942,-0.058823529411764705,0.5823529411764706,-0.0058823529411764705,0.4764705882352941,-0.2529411764705882,0.4588235294117647,-0.15294117647058825,0.6058823529411764,-0.023529411764705882,0.5294117647058824,0.03529411764705882,0.4411764705882353
0,0.0,0.0,0.07303370786516854,0.08426966292134831,0.0449438202247191,0.30337078651685395,0.02247191011235955,0.5280898876404494,-0.011235955056179775,0.7303370786516854,-0.3258426966292135,0.3258426966292135,-0.46629213483146065,0.5786516853932584,-0.5617977528089888,0.7134831460674157,-0.6573033707865169,0.8314606741573034,-0.33146067415730335,0.398876404494382,-0.4887640449438202,0.6966292134831461,-0.5617977528089888,0.8764044943820225,-0.6460674157303371,1.0,-0.29213483146067415,0.43820224719101125,-0.2696629213483146,0.6966292134831461,-0.10112359550561797,0.6460674157303371,-0.02247191011235955,0.5674157303370787,-0.25280898876404495,0.4550561797752809,-0.1797752808988764,0.6179775280898876,-0.06179775280898876,0.5786516853932584,0.011235955056179775,0.5168539325842697
0,0.0,0.0,0.05,0.11666666666666667,0.005555555555555556,0.34444444444444444,-0.011111111111111112,0.5611111111111111,-0.05,0.75,-0.35,0.37777777777777777,-0.4888888888888889,0.6277777777777778,-0.5777777777777777,0.7611111111111111,-0.6722222222222223,0.8777777777777778,-0.3333333333333333,0.4222222222222222,-0.5,0.7055555555555556,-0.5777777777777777,0.8833333333333333,-0.6611111111111111,1.0,-0.28888888888888886,0.45,-0.2833333333333333,0.7,-0.12222222222222222,0.6611111111111111,-0.05,0.5944444444444444,-0.25555555555555554,0.45,-0.18888888888888888,0.6055555555555555,-0.07777777777777778,0.5888888888888889,-0.005555555555555556,0.5388888888888889
0,0.0,0.0,0.027777777777777776,0.12777777777777777,-0.027777777777777776,0.3611111111111111,-0.044444444444444446,0.5722222222222222,-0.07777777777777778,0.7555555555555555,-0.37777777777777777,0.3888888888888889,-0.5055555555555555,0.6444444444444445,-0.5944444444444444,0.7833333333333333,-0.6833333333333333,0.9,-0.35555555555555557,0.43333333333333335,-0.5222222222222223,0.7111111111111111,-0.6055555555555555,0.8833333333333333,-0.6944444444444444,1.0,-0.3055555555555556,0.45555555555555555,-0.3111111111111111,0.7,-0.15555555555555556,0.6666666666666666,-0.08333333333333333,0.6055555555555555,-0.26666666666666666,0.45,-0.21666666666666667,0.6055555555555555,-0.12222222222222222,0.6,-0.05555555555555555,0.5611111111111111
0,0.0,0.0,0.028089887640449437,0.1404494382022472,-0.028089887640449437,0.37640449438202245,-0.05056179775280899,0.5842696629213483,-0.0898876404494382,0.7696629213483146,-0.39325842696629215,0.4044943820224719,-0.5224719101123596,0.6741573033707865,-0.6123595505617978,0.8202247191011236,-0.702247191011236,0.9325842696629213,-0.3707865168539326,0.43820224719101125,-0.5337078651685393,0.7191011235955056,-0.6179775280898876,0.8932584269662921,-0.7078651685393258,1.0,-0.3202247191011236,0.4606741573033708,-0.3146067415730337,0.7078651685393258,-0.15730337078651685,0.6797752808988764,-0.08426966292134831,0.6235955056179775,-0.2752808988764045,0.4550561797752809,-0.2247191011235955,0.6123595505617978,-0.12921348314606743,0.6067415730337079,-0.06741573033707865,0.5730337078651685
0,0.0,0.0,0.03508771929824561,0.15789473684210525,-0.03508771929824561,0.4093567251461988,-0.05847953216374269,0.6198830409356725,-0.1111111111111111,0.8070175438596491,-0.42105263157894735,0.4502923976608187,-0.5672514619883041,0.7251461988304093,-0.6608187134502924,0.8771929824561403,-0.7543859649122807,0.9883040935672515,-0.39766081871345027,0.4619883040935672,-0.5730994152046783,0.7368421052631579,-0.6432748538011696,0.9005847953216374,-0.7309941520467836,1.0,-0.3391812865497076,0.4678362573099415,-0.3333333333333333,0.7192982456140351,-0.15789473684210525,0.6842105263157895,-0.0935672514619883,0.6257309941520468,-0.2982456140350877,0.45614035087719296,-0.24561403508771928,0.6198830409356725,-0.14035087719298245,0.6140350877192983,-0.07602339181286549,0.5672514619883041
0,0.0,0.0,0.005780346820809248,0.1907514450867052,-0.057803468208092484,0.4393063583815029,-0.10404624277456648,0.630057803468208,-0.15606936416184972,0.815028901734104,-0.45664739884393063,0.4682080924855491,-0.6127167630057804,0.7283236994219653,-0.7109826589595376,0.8786127167630058,-0.8092485549132948,1.0,-0.4161849710982659,0.44508670520231214,-0.4161849710982659,0.7109826589595376,-0.28901734104046245,0.7341040462427746,-0.21965317919075145,0.6763005780346821,-0.3583815028901734,0.44508670520231214,-0.35260115606936415,0.6763005780346821,-0.20809248554913296,0.6820809248554913,-0.15028901734104047,0.6473988439306358,-0.3179190751445087,0.4393063583815029,-0.2832369942196532,0.6011560693641619,-0.1907514450867052,0.6242774566473989,-0.12716763005780346,0.6069364161849711
0,0.0,0.0,-0.005952380952380952,0.2261904761904762,-0.08333333333333333,0.48214285714285715,-0.13690476190476192,0.6726190476190477,-0.20238095238095238,0.8392857142857143,-0.5,0.4880952380952381,-0.6666666666666666,0.7440476190476191,-0.7678571428571429,0.8809523809523809,-0.8690476190476191,1.0,-0.4523809523809524,0.4523809523809524,-0.4642857142857143,0.7261904761904762,-0.3273809523809524,0.75,-0.25,0.6845238095238095,-0.3869047619047619,0.44642857142857145,-0.39285714285714285,0.6845238095238095,-0.24404761904761904,0.6785714285714286,-0.17857142857142858,0.6369047619047619,-0.35119047619047616,0.44047619047619047,-0.31547619047619047,0.6011904761904762,-0.2261904761904762,0.6190476190476191,-0.16666666666666666,0.5892857142857143
0,0.0,0.0,-0.025,0.2625,-0.125,0.525,-0.19375,0.71875,-0.2625,0.86875,-0.55625,0.5,-0.7375,0.75625,-0.85,0.89375,-0.9625,1.0,-0.50625,0.45625,-0.525,0.73125,-0.4,0.75625,-0.325,0.68125,-0.43125,0.44375,-0.44375,0.6875,-0.29375,0.69375,-0.23125,0.65,-0.3875,0.43125,-0.36875,0.6,-0.275,0.63125,-0.2125,0.60625
0,0.0,0.0,-0.04242424242424243,0.2787878787878788,-0.1696969696969697,0.5272727272727272,-0.24848484848484848,0.6848484848484848,-0.3212121212121212,0.8181818181818182,-0.5757575757575758,0.4666666666666667,-0.7696969696969697,0.6909090909090909,-0.8848484848484849,0.8121212121212121,-1.0,0.9030303030303031,-0.5212121212121212,0.4121212121212121,-0.5818181818181818,0.6545454545454545,-0.48484848484848486,0.7090909090909091,-0.41818181818181815,0.6727272727272727,-0.46060606060606063,0.3939393939393939,-0.48484848484848486,0.6121212121212121,-0.3333333333333333,0.6303030303030303,-0.26666666666666666,0.6060606060606061,-0.41818181818181815,0.38181818181818183,-0.40606060606060607,0.5272727272727272,-0.3212121212121212,0.5757575757575758,-0.24848484848484848,0.5696969696969697
0,0.0,0.0,-0.040697674418604654,0.26744186046511625,-0.18604651162790697,0.4941860465116279,-0.27906976744186046,0.6395348837209303,-0.3546511627906977,0.7441860465116279,-0.563953488372093,0.4186046511627907,-0.7674418604651163,0.6162790697674418,-0.8895348837209303,0.7209302325581395,-1.0,0.7848837209302325,-0.5290697674418605,0.36046511627906974,-0.6976744186046512,0.5465116279069767,-0.7616279069767442,0.6453488372093024,-0.813953488372093,0.686046511627907,-0.47674418604651164,0.3313953488372093,-0.5174418604651163,0.5465116279069767,-0.37790697674418605,0.5813953488372093,-0.3023255813953488,0.563953488372093,-0.436046511627907,0.313953488372093,-0.436046511627907,0.46511627906976744,-0.3488372093023256,0.5116279069767442,-0.27906976744186046,0.5116279069767442
0,0.0,0.0,-0.05084745762711865,0.2655367231638418,-0.2033898305084746,0.480225988700565,-0.2994350282485876,0.615819209039548,-0.3785310734463277,0.711864406779661,-0.5536723163841808,0.3785310734463277,-0.7627118644067796,0.5706214689265536,-0.8870056497175142,0.6666666666666666,-1.0,0.7344632768361582,-0.5254237288135594,0.3220338983050847,-0.711864406779661,0.5141242937853108,-0.7853107344632768,0.615819209039548,-0.8418079096045198,0.672316384180791,-0.480225988700565,0.288135593220339,-0.5254237288135594,0.519774011299435,-0.384180790960452,0.5423728813559322,-0.3107344632768362,0.5141242937853108,-0.4463276836158192,0.2768361581920904,-0.4293785310734463,0.4350282485875706,-0.3389830508474576,0.4745762711864407,-0.2655367231638418,0.4632768361581921
0,0.0,0.0,-0.06111111111111111,0.25555555555555554,-0.21666666666666667,0.46111111111111114,-0.32222222222222224,0.5944444444444444,-0.40555555555555556,0.6888888888888889,-0.5555555555555556,0.35,-0.7666666666666667,0.5333333333333333,-0.8944444444444445,0.6277777777777778,-1.0,0.6944444444444444,-0.5333333333333333,0.2833333333333333,-0.7222222222222222,0.4777777777777778,-0.7833333333333333,0.5833333333333334,-0.8333333333333334,0.6388888888888888,-0.4888888888888889,0.25555555555555554,-0.5444444444444444,0.48333333333333334,-0.4,0.5166666666666667,-0.32222222222222224,0.4888888888888889,-0.46111111111111114,0.2388888888888889,-0.45555555555555555,0.40555555555555556,-0.3611111111111111,0.45,-0.2833333333333333,0.4388888888888889
0,0.0,0.0,-0.06486486486486487,0.25405405405405407,-0.22702702702702704,0.43783783783783786,-0.34054054054054056,0.5567567567567567,-0.42702702702702705,0.6378378378378379,-0.5459459459459459,0.31351351351351353,-0.7675675675675676,0.4810810810810811,-0.8918918918918919,0.5675675675675675,-1.0,0.6324324324324324,-0.5297297297297298,0.24324324324324326,-0.7081081081081081,0.42702702702702705,-0.7567567567567568,0.5405405405405406,-0.7891891891891892,0.6054054054054054,-0.4918918918918919,0.21081081081081082,-0.5567567567567567,0.42702702702702705,-0.42702702702702705,0.4702702702702703,-0.34594594594594597,0.4594594594594595,-0.4702702702702703,0.2,-0.4756756756756757,0.3567567567567568,-0.3945945945945946,0.41081081081081083,-0.31351351351351353,0.41621621621621624
0,0.0,0.0,-0.06315789473684211,0.24210526315789474,-0.23684210526315788,0.41578947368421054,-0.3631578947368421,0.5210526315789473,-0.45789473684210524,0.6052631578947368,-0.531578947368421,0.2894736842105263,-0.7578947368421053,0.4421052631578947,-0.8894736842105263,0.5157894736842106,-1.0,0.5684210526315789,-0.531578947368421,0.21578947368421053,-0.7736842105263158,0.3684210526315789,-0.8947368421052632,0.46842105263157896,-0.9842105263157894,0.5368421052631579,-0.5,0.17894736842105263,-0.5842105263157895,0.3894736842105263,-0.45789473684210524,0.45789473684210524,-0.3684210526315789,0.47368421052631576,-0.47368421052631576,0.15789473684210525,-0.48947368421052634,0.3263157894736842,-0.4105263157894737,0.3894736842105263,-0.33157894736842103,0.4052631578947368
0,0.0,0.0,-0.05641025641025641,0.24102564102564103,-0.24102564102564103,0.39487179487179486,-0.36923076923076925,0.48717948717948717,-0.47692307692307695,0.5641025641025641,-0.5076923076923077,0.26153846153846155,-0.7333333333333333,0.39487179487179486,-0.8615384615384616,0.46153846153846156,-0.9743589743589743,0.5076923076923077,-0.5128205128205128,0.1794871794871795,-0.764102564102564,0.3282051282051282,-0.8974358974358975,0.4153846153846154,-1.0,0.48205128205128206,-0.49230769230769234,0.13846153846153847,-0.6051282051282051,0.3333333333333333,-0.49230769230769234,0.41025641025641024,-0.4153846153846154,0.441025641025641,-0.47692307692307695,0.12307692307692308,-0.5128205128205128,0.28205128205128205,-0.4461538461538462,0.3487179487179487,-0.37435897435897436,0.36923076923076925
0,0.0,0.0,-0.065,0.235,-0.245,0.38,-0.37,0.455,-0.475,0.525,-0.5,0.25,-0.72,0.36,-0.855,0.415,-0.965,0.45,-0.5,0.17,-0.75,0.29,-0.89,0.365,-1.0,0.43,-0.48,0.125,-0.595,0.305,-0.485,0.385,-0.4,0.415,-0.47,0.105,-0.51,0.255,-0.445,0.315,-0.375,0.34
0,0.0,0.0,-0.06403940886699508,0.2315270935960591,-0.24630541871921183,0.3645320197044335,-0.37438423645320196,0.43842364532019706,-0.47783251231527096,0.5024630541871922,-0.49261083743842365,0.23645320197044334,-0.7093596059113301,0.33497536945812806,-0.8472906403940886,0.3891625615763547,-0.9605911330049262,0.4187192118226601,-0.49261083743842365,0.15270935960591134,-0.7438423645320197,0.270935960591133,-0.8866995073891626,0.3399014778325123,-1.0,0.3891625615763547,-0.47783251231527096,0.10837438423645321,-0.5911330049261084,0.2857142857142857,-0.47783251231527096,0.35467980295566504,-0.39408866995073893,0.3793103448275862,-0.4630541871921182,0.08374384236453201,-0.5073891625615764,0.23645320197044334,-0.43842364532019706,0.29064039408866993,-0.3694581280788177,0.3103448275862069
0,0.0,0.0,-0.06763285024154589,0.22705314009661837,-0.2560386473429952,0.3526570048309179,-0.3864734299516908,0.42028985507246375,-0.4927536231884058,0.46859903381642515,-0.48792270531400966,0.21256038647342995,-0.7053140096618358,0.2995169082125604,-0.8454106280193237,0.34782608695652173,-0.961352657004831,0.3719806763285024,-0.48792270531400966,0.13526570048309178,-0.7439613526570048,0.23671497584541062,-0.8840579710144928,0.2995169082125604,-1.0,0.34782608695652173,-0.47342995169082125,0.09178743961352658,-0.5893719806763285,0.2560386473429952,-0.4782608695652174,0.3285024154589372,-0.40096618357487923,0.34782608695652173,-0.45893719806763283,0.06763285024154589,-0.5072463768115942,0.21739130434782608,-0.4396135265700483,0.27053140096618356,-0.37681159420289856,0.2898550724637681
0,0.0,0.0,-0.07692307692307693,0.22596153846153846,-0.2692307692307692,0.34134615384615385,-0.39903846153846156,0.40384615384615385,-0.5,0.4519230769230769,-0.49038461538461536,0.20192307692307693,-0.7163461538461539,0.27884615384615385,-0.8557692307692307,0.3173076923076923,-0.9663461538461539,0.33653846153846156,-0.4855769230769231,0.1201923076923077,-0.7451923076923077,0.21153846153846154,-0.8894230769230769,0.2644230769230769,-1.0,0.30288461538461536,-0.47115384615384615,0.08173076923076923,-0.6009615384615384,0.23557692307692307,-0.5,0.3125,-0.42788461538461536,0.34615384615384615,-0.4567307692307692,0.057692307692307696,-0.5144230769230769,0.20192307692307693,-0.4567307692307692,0.25961538461538464,-0.3894230769230769,0.28846153846153844
0,0.0,0.0,-0.0892018779342723,0.22065727699530516,-0.27699530516431925,0.3286384976525822,-0.4084507042253521,0.38497652582159625,-0.5258215962441315,0.4225352112676056,-0.4835680751173709,0.1784037558685446,-0.7089201877934272,0.24413145539906103,-0.8497652582159625,0.27699530516431925,-0.9624413145539906,0.29107981220657275,-0.4788732394366197,0.09859154929577464,-0.7323943661971831,0.16901408450704225,-0.8826291079812206,0.215962441314554,-1.0,0.24413145539906103,-0.460093896713615,0.056338028169014086,-0.6009389671361502,0.19248826291079812,-0.5164319248826291,0.27699530516431925,-0.4507042253521127,0.3145539906103286,-0.4460093896713615,0.03286384976525822,-0.5164319248826291,0.1643192488262911,-0.4694835680751174,0.22535211267605634,-0.4084507042253521,0.2535211267605634
0,0.0,0.0,-0.09813084112149532,0.21495327102803738,-0.2850467289719626,0.3177570093457944,-0.4205607476635514,0.3644859813084112,-0.5373831775700935,0.38317757009345793,-0.48130841121495327,0.1542056074766355,-0.7149532710280374,0.205607476635514,-0.8504672897196262,0.2336448598130841,-0.9672897196261683,0.24299065420560748,-0.4766355140186916,0.07009345794392523,-0.7336448598130841,0.1308411214953271,-0.8925233644859814,0.17289719626168223,-1.0,0.19626168224299065,-0.45794392523364486,0.03271028037383177,-0.5934579439252337,0.16822429906542055,-0.5,0.24766355140186916,-0.43457943925233644,0.2897196261682243,-0.4439252336448598,0.009345794392523364,-0.5093457943925234,0.13551401869158877,-0.45794392523364486,0.19626168224299065,-0.397196261682243,0.22429906542056074
0,0.0,0.0,-0.10697674418604651,0.20930232558139536,-0.29767441860465116,0.3023255813953488,-0.4325581395348837,0.34418604651162793,-0.5488372093023256,0.3581395348837209,-0.4883720930232558,0.13023255813953488,-0.7209302325581395,0.17674418604651163,-0.8558139534883721,0.2,-0.9674418604651163,0.2,-0.4790697674418605,0.05116279069767442,-0.7348837209302326,0.09767441860465116,-0.8930232558139535,0.13023255813953488,-1.0,0.14418604651162792,-0.4558139534883721,0.013953488372093023,-0.5906976744186047,0.13953488372093023,-0.5116279069767442,0.22325581395348837,-0.44651162790697674,0.2651162790697674,-0.4418604651162791,-0.013953488372093023,-0.5116279069767442,0.11162790697674418,-0.46511627906976744,0.17209302325581396,-0.40930232558139534,0.20465116279069767
0,0.0,0.0,-0.11574074074074074,0.2037037037037037,-0.3101851851851852,0.2916666666666667,-0.4444444444444444,0.32407407407407407,-0.5555555555555556,0.32407407407407407,-0.49074074074074076,0.1111111111111111,-0.7268518518518519,0.14351851851851852,-0.8611111111111112,0.1574074074074074,-0.9722222222222222,0.1574074074074074,-0.47685185185185186,0.027777777777777776,-0.7361111111111112,0.06481481481481481,-0.8935185185185185,0.08796296296296297,-1.0,0.09722222222222222,-0.4537037037037037,-0.009259259259259259,-0.5925925925925926,0.1111111111111111,-0.5092592592592593,0.19444444444444445,-0.4444444444444444,0.2361111111111111,-0.4351851851851852,-0.032407407407407406,-0.5138888888888888,0.08796296296296297,-0.4722222222222222,0.14814814814814814,-0.41203703703703703,0.18055555555555555
0,0.0,0.0,-0.12149532710280374,0.2102803738317757,-0.3130841121495327,0.2850467289719626,-0.4439252336448598,0.3037383177570093,-0.5607476635514018,0.3037383177570093,-0.4953271028037383,0.102803738317757,-0.7242990654205608,0.12149532710280374,-0.8644859813084113,0.1308411214953271,-0.9719626168224299,0.1261682242990654,-0.4766355140186916,0.018691588785046728,-0.7336448598130841,0.03271028037383177,-0.8925233644859814,0.0514018691588785,-1.0,0.056074766355140186,-0.4485981308411215,-0.02336448598130841,-0.5887850467289719,0.09345794392523364,-0.4953271028037383,0.17289719626168223,-0.43457943925233644,0.2102803738317757,-0.43457943925233644,-0.0514018691588785,-0.5093457943925234,0.07009345794392523,-0.45794392523364486,0.1261682242990654,-0.40654205607476634,0.1588785046728972
0,0.0,0.0,-0.12442396313364056,0.20276497695852536,-0.3225806451612903,0.2764976958525346,-0.45622119815668205,0.2903225806451613,-0.5714285714285714,0.2764976958525346,-0.48847926267281105,0.08294930875576037,-0.7188940092165899,0.09216589861751152,-0.8571428571428571,0.10138248847926268,-0.9631336405529954,0.09216589861751152,-0.47465437788018433,0.0,-0.7327188940092166,0.004608294930875576,-0.8894009216589862,0.013824884792626729,-1.0,0.013824884792626729,-0.4470046082949309,-0.041474654377880185,-0.5852534562211982,0.07373271889400922,-0.5069124423963134,0.15668202764976957,-0.45161290322580644,0.19815668202764977,-0.42857142857142855,-0.06451612903225806,-0.5069124423963134,0.05069124423963134,-0.4608294930875576,0.11059907834101383,-0.41013824884792627,0.14285714285714285
0,0.0,0.0,-0.12442396313364056,0.20276497695852536,-0.3317972350230415,0.2672811059907834,-0.47465437788018433,0.271889400921659,-0.5898617511520737,0.24423963133640553,-0.4792626728110599,0.06912442396313365,-0.7188940092165899,0.06912442396313365,-0.8571428571428571,0.06451612903225806,-0.9631336405529954,0.05069124423963134,-0.46543778801843316,-0.02304147465437788,-0.728110599078341,-0.02304147465437788,-0.8940092165898618,-0.02304147465437788,-1.0,-0.027649769585253458,-0.4377880184331797,-0.06912442396313365,-0.5806451612903226,0.04608294930875576,-0.5161290322580645,0.1336405529953917,-0.4608294930875576,0.17050691244239632,-0.4147465437788018,-0.08755760368663594,-0.5023041474654378,0.027649769585253458,-0.4608294930875576,0.08755760368663594,-0.4147465437788018,0.11981566820276497
0,0.0,0.0,-0.1324200913242009,0.1963470319634703,-0.3378995433789954,0.2557077625570776,-0.4885844748858447,0.2557077625570776,-0.6073059360730594,0.2237442922374429,-0.4748858447488584,0.0502283105022831,-0.7168949771689498,0.0410958904109589,-0.8538812785388128,0.0319634703196347,-0.958904109589041,0.0136986301369863,-0.4657534246575342,-0.0410958904109589,-0.730593607305936,-0.0502283105022831,-0.8949771689497716,-0.0547945205479452,-1.0,-0.0639269406392694,-0.4429223744292237,-0.0867579908675799,-0.593607305936073,0.0319634703196347,-0.5296803652968036,0.1232876712328767,-0.4703196347031963,0.1643835616438356,-0.4200913242009132,-0.1050228310502283,-0.5114155251141552,0.0091324200913242,-0.4703196347031963,0.0776255707762557,-0.4200913242009132,0.1095890410958904
0,0.0,0.0,-0.1318181818181818,0.18181818181818182,-0.34545454545454546,0.2409090909090909,-0.509090909090909,0.23636363636363636,-0.6272727272727273,0.20454545454545456,-0.4590909090909091,0.022727272727272728,-0.7045454545454546,0.0,-0.8409090909090909,-0.01818181818181818,-0.95,-0.04090909090909091,-0.4590909090909091,-0.06818181818181818,-0.7272727272727273,-0.09090909090909091,-0.8909090909090909,-0.10454545454545454,-1.0,-0.11818181818181818,-0.4409090909090909,-0.10909090909090909,-0.6090909090909091,0.00909090909090909,-0.5545454545454546,0.10909090909090909,-0.4954545454545455,0.1590909090909091,-0.41818181818181815,-0.11818181818181818,-0.5227272727272727,-0.004545454545454545,-0.4863636363636364,0.07272727272727272,-0.43636363636363634,0.10909090909090909
0,0.0,0.0,-0.1506849315068493,0.1735159817351598,-0.365296803652968,0.228310502283105,-0.5296803652968036,0.2191780821917808,-0.6438356164383562,0.1780821917808219,-0.4429223744292237,-0.0045662100456621,-0.680365296803653,-0.0319634703196347,-0.8127853881278538,-0.0593607305936073,-0.9269406392694064,-0.091324200913242,-0.4520547945205479,-0.0867579908675799,-0.7214611872146118,-0.1278538812785388,-0.8858447488584474,-0.1506849315068493,-1.0,-0.1780821917808219,-0.4383561643835616,-0.1232876712328767,-0.634703196347032,-0.0273972602739726,-0.593607305936073,0.0776255707762557,-0.5388127853881278,0.136986301369863,-0.4200913242009132,-0.1232876712328767,-0.54337899543379,-0.0228310502283105,-0.5205479452054794,0.0502283105022831,-0.4748858447488584,0.0958904109589041
0,0.0,0.0,-0.1542056074766355,0.16822429906542055,-0.37383177570093457,0.2102803738317757,-0.5560747663551402,0.19626168224299065,-0.6682242990654206,0.14485981308411214,-0.43457943925233644,-0.037383177570093455,-0.677570093457944,-0.0794392523364486,-0.8130841121495327,-0.11682242990654206,-0.9252336448598131,-0.1588785046728972,-0.4439252336448598,-0.1308411214953271,-0.719626168224299,-0.1822429906542056,-0.883177570093458,-0.21495327102803738,-1.0,-0.24766355140186916,-0.4392523364485981,-0.16355140186915887,-0.6448598130841121,-0.07009345794392523,-0.6121495327102804,0.037383177570093455,-0.5514018691588785,0.102803738317757,-0.4252336448598131,-0.1542056074766355,-0.5467289719626168,-0.056074766355140186,-0.5280373831775701,0.02336448598130841,-0.48598130841121495,0.07009345794392523
0,0.0,0.0,-0.15714285714285714,0.1619047619047619,-0.3761904761904762,0.2,-0.5571428571428572,0.18571428571428572,-0.680952380952381,0.13333333333333333,-0.41904761904761906,-0.06666666666666667,-0.6571428571428571,-0.11428571428571428,-0.7904761904761904,-0.15714285714285714,-0.9095238095238095,-0.20952380952380953,-0.44285714285714284,-0.14761904761904762,-0.719047619047619,-0.21428571428571427,-0.8809523809523809,-0.2523809523809524,-1.0,-0.2904761904761905,-0.44761904761904764,-0.1761904761904762,-0.6619047619047619,-0.09523809523809523,-0.6285714285714286,0.023809523809523808,-0.5666666666666667,0.09047619047619047,-0.4380952380952381,-0.1619047619047619,-0.5666666666666667,-0.06666666666666667,-0.5523809523809524,0.014285714285714285,-0.5095238095238095,0.07142857142857142
0,0.0,0.0,-0.14634146341463414,0.15609756097560976,-0.37073170731707317,0.1902439024390244,-0.5658536585365853,0.18048780487804877,-0.697560975609756,0.12195121951219512,-0.40487804878048783,-0.0975609756097561,-0.6731707317073171,-0.16585365853658537,-0.8195121951219512,-0.22439024390243903,-0.9463414634146341,-0.28780487804878047,-0.43414634146341463,-0.17560975609756097,-0.7219512195121951,-0.24878048780487805,-0.8829268292682927,-0.28780487804878047,-1.0,-0.32682926829268294,-0.44390243902439025,-0.1951219512195122,-0.6780487804878049,-0.1073170731707317,-0.6487804878048781,0.01951219512195122,-0.5853658536585366,0.09268292682926829,-0.44390243902439025,-0.17073170731707318,-0.5804878048780487,-0.08292682926829269,-0.5707317073170731,0.014634146341463415,-0.526829268292683,0.07804878048780488
0,0.0,0.0,-0.15151515151515152,0.1414141414141414,-0.3787878787878788,0.15656565656565657,-0.5707070707070707,0.15151515151515152,-0.7272727272727273,0.10606060606060606,-0.4393939393939394,-0.16161616161616163,-0.7222222222222222,-0.25757575757575757,-0.8737373737373737,-0.3282828282828283,-1.0,-0.398989898989899,-0.4444444444444444,-0.21212121212121213,-0.7323232323232324,-0.29292929292929293,-0.8888888888888888,-0.32323232323232326,-0.9949494949494949,-0.35353535353535354,-0.4444444444444444,-0.21212121212121213,-0.6717171717171717,-0.13636363636363635,-0.6565656565656566,0.0,-0.5959595959595959,0.07575757575757576,-0.4393939393939394,-0.18181818181818182,-0.5808080808080808,-0.09595959595959595,-0.5757575757575758,0.010101010101010102,-0.5303030303030303,0.07575757575757576
0,0.0,0.0,-0.15306122448979592,0.1326530612244898,-0.3826530612244898,0.14285714285714285,-0.576530612244898,0.1326530612244898,-0.7346938775510204,0.09183673469387756,-0.41836734693877553,-0.17346938775510204,-0.7040816326530612,-0.2857142857142857,-0.8673469387755102,-0.3622448979591837,-1.0,-0.4387755102040816,-0.42346938775510207,-0.21428571428571427,-0.7091836734693877,-0.27040816326530615,-0.8418367346938775,-0.2653061224489796,-0.923469387755102,-0.27040816326530615,-0.4336734693877551,-0.20918367346938777,-0.6683673469387755,-0.1377551020408163,-0.6428571428571429,-0.00510204081632653,-0.5867346938775511,0.0663265306122449,-0.4336734693877551,-0.1836734693877551,-0.576530612244898,-0.09183673469387756,-0.576530612244898,0.00510204081632653,-0.5408163265306123,0.07653061224489796
0,0.0,0.0,-0.1368421052631579,0.12105263157894737,-0.35789473684210527,0.12631578947368421,-0.5526315789473685,0.12631578947368421,-0.7263157894736842,0.09473684210526316,-0.4263157894736842,-0.21578947368421053,-0.6947368421052632,-0.32105263157894737,-0.8473684210526315,-0.3894736842105263,-0.9736842105263158,-0.45789473684210524,-0.43157894736842106,-0.23157894736842105,-0.7105263157894737,-0.34210526315789475,-0.8842105263157894,-0.38421052631578945,-1.0,-0.4263157894736842,-0.4368421052631579,-0.21052631578947367,-0.6631578947368421,-0.15789473684210525,-0.6473684210526316,0.0,-0.6,0.07894736842105263,-0.4368421052631579,-0.18947368421052632,-0.5736842105263158,-0.10526315789473684,-0.5842105263157895,0.0,-0.5526315789473685,0.06842105263157895
0,0.0,0.0,-0.1368421052631579,0.1,-0.3631578947368421,0.09473684210526316,-0.5473684210526316,0.11578947368421053,-0.7210526315789474,0.09473684210526316,-0.4421052631578947,-0.24736842105263157,-0.6789473684210526,-0.34210526315789475,-0.8263157894736842,-0.4105263157894737,-0.9421052631578948,-0.4789473684210526,-0.4473684210526316,-0.23684210526315788,-0.7210526315789474,-0.3526315789473684,-0.8842105263157894,-0.39473684210526316,-1.0,-0.45789473684210524,-0.45263157894736844,-0.2,-0.6684210526315789,-0.12631578947368421,-0.6052631578947368,0.02631578947368421,-0.5368421052631579,0.07894736842105263,-0.45263157894736844,-0.1736842105263158,-0.5736842105263158,-0.06842105263157895,-0.5473684210526316,0.02631578947368421,-0.49473684210526314,0.07368421052631578
0,0.0,0.0,-0.12371134020618557,0.08247422680412371,-0.3402061855670103,0.07731958762886598,-0.5309278350515464,0.1134020618556701,-0.7061855670103093,0.0979381443298969,-0.42783505154639173,-0.26288659793814434,-0.6649484536082474,-0.3556701030927835,-0.8092783505154639,-0.41237113402061853,-0.9278350515463918,-0.4742268041237113,-0.4484536082474227,-0.2268041237113402,-0.7164948453608248,-0.34536082474226804,-0.8814432989690721,-0.38144329896907214,-1.0,-0.42783505154639173,-0.4587628865979381,-0.18041237113402062,-0.6701030927835051,-0.10309278350515463,-0.6030927835051546,0.03608247422680412,-0.5360824742268041,0.08247422680412371,-0.4587628865979381,-0.13917525773195877,-0.5773195876288659,-0.03608247422680412,-0.5360824742268041,0.05154639175257732,-0.4793814432989691,0.09278350515463918
0,0.0,0.0,-0.115,0.045,-0.335,0.045,-0.52,0.08,-0.695,0.09,-0.425,-0.275,-0.67,-0.355,-0.81,-0.405,-0.935,-0.455,-0.46,-0.235,-0.71,-0.32,-0.88,-0.35,-1.0,-0.39,-0.47,-0.165,-0.665,-0.09,-0.595,0.03,-0.52,0.07,-0.46,-0.115,-0.575,-0.035,-0.525,0.04,-0.47,0.085
0,0.0,0.0,-0.12376237623762376,0.01485148514851485,-0.3415841584158416,0.01485148514851485,-0.5198019801980198,0.0594059405940594,-0.6831683168316832,0.08415841584158416,-0.4405940594059406,-0.28217821782178215,-0.6683168316831684,-0.3564356435643564,-0.8118811881188119,-0.400990099009901,-0.9356435643564357,-0.44554455445544555,-0.4752475247524752,-0.21782178217821782,-0.7227722772277227,-0.297029702970297,-0.8861386138613861,-0.31683168316831684,-1.0,-0.3465346534653465,-0.48514851485148514,-0.13861386138613863,-0.6732673267326733,-0.06930693069306931,-0.5891089108910891,0.034653465346534656,-0.5148514851485149,0.0594059405940594,-0.4752475247524752,-0.07920792079207921,-0.5891089108910891,0.0,-0.5297029702970297,0.0594059405940594,-0.46534653465346537,0.07920792079207921
0,0.0,0.0,-0.12437810945273632,-0.024875621890547265,-0.3383084577114428,-0.029850746268656716,-0.5174129353233831,0.024875621890547265,-0.6716417910447762,0.04975124378109453,-0.44776119402985076,-0.3034825870646766,-0.6666666666666666,-0.3681592039800995,-0.8109452736318408,-0.4129353233830846,-0.9353233830845771,-0.4527363184079602,-0.48756218905472637,-0.22388059701492538,-0.7213930348258707,-0.2885572139303483,-0.8805970149253731,-0.3034825870646766,-1.0,-0.3283582089552239,-0.48756218905472637,-0.13432835820895522,-0.6666666666666666,-0.05970149253731343,-0.5572139303482587,0.024875621890547265,-0.46766169154228854,0.03482587064676617,-0.472636815920398,-0.06467661691542288,-0.5870646766169154,0.014925373134328358,-0.5074626865671642,0.05472636815920398,-0.43283582089552236,0.05970149253731343
0,0.0,0.0,-0.13366336633663367,-0.0297029702970297,-0.35148514851485146,-0.039603960396039604,-0.5247524752475248,0.009900990099009901,-0.6782178217821783,0.039603960396039604,-0.4603960396039604,-0.3069306930693069,-0.6732673267326733,-0.3613861386138614,-0.8168316831683168,-0.400990099009901,-0.9356435643564357,-0.4405940594059406,-0.4900990099009901,-0.22277227722772278,-0.7178217821782178,-0.26732673267326734,-0.8811881188118812,-0.27722772277227725,-1.0,-0.297029702970297,-0.48514851485148514,-0.13366336633663367,-0.6534653465346535,-0.0594059405940594,-0.5445544554455446,0.01485148514851485,-0.4603960396039604,0.01485148514851485,-0.46534653465346537,-0.06930693069306931,-0.5742574257425742,0.0049504950495049506,-0.5,0.04455445544554455,-0.4306930693069307,0.04950495049504951
0,0.0,0.0,-0.12807881773399016,-0.059113300492610835,-0.3448275862068966,-0.07389162561576355,-0.5172413793103449,-0.009852216748768473,-0.6650246305418719,0.024630541871921183,-0.4729064039408867,-0.2955665024630542,-0.6798029556650246,-0.35467980295566504,-0.812807881773399,-0.39408866995073893,-0.9310344827586207,-0.4236453201970443,-0.5073891625615764,-0.21182266009852216,-0.7241379310344828,-0.24630541871921183,-0.8817733990147784,-0.2512315270935961,-1.0,-0.2660098522167488,-0.4975369458128079,-0.11330049261083744,-0.6403940886699507,-0.04433497536945813,-0.5270935960591133,0.0,-0.43349753694581283,-0.009852216748768473,-0.46798029556650245,-0.03940886699507389,-0.5714285714285714,0.014778325123152709,-0.49261083743842365,0.03940886699507389,-0.4187192118226601,0.029556650246305417
0,0.0,0.0,-0.12254901960784313,-0.0784313725490196,-0.3333333333333333,-0.09803921568627451,-0.5049019607843137,-0.029411764705882353,-0.6519607843137255,0.014705882352941176,-0.4803921568627451,-0.28921568627450983,-0.6862745098039216,-0.3431372549019608,-0.8186274509803921,-0.37745098039215685,-0.9313725490196079,-0.4019607843137255,-0.5049019607843137,-0.19607843137254902,-0.7303921568627451,-0.22058823529411764,-0.8872549019607843,-0.22058823529411764,-1.0,-0.22549019607843138,-0.49019607843137253,-0.09313725490196079,-0.6225490196078431,-0.029411764705882353,-0.4950980392156863,-0.004901960784313725,-0.4068627450980392,-0.0196078431372549,-0.46078431372549017,-0.0196078431372549,-0.5588235294117647,0.029411764705882353,-0.47549019607843135,0.03431372549019608,-0.4019607843137255,0.0196078431372549
0,0.0,0.0,-0.10679611650485436,-0.10194174757281553,-0.3106796116504854,-0.1262135922330097,-0.4854368932038835,-0.05339805825242718,-0.6310679611650486,0.009708737864077669,-0.49029126213592233,-0.27184466019417475,-0.6893203883495146,-0.3155339805825243,-0.8203883495145631,-0.3446601941747573,-0.9271844660194175,-0.36893203883495146,-0.5194174757281553,-0.16990291262135923,-0.7330097087378641,-0.18446601941747573,-0.883495145631068,-0.18446601941747573,-1.0,-0.18446601941747573,-0.49514563106796117,-0.06310679611650485,-0.6407766990291263,-0.014563106796116505,-0.5388349514563107,0.009708737864077669,-0.4563106796116505,0.009708737864077669,-0.46116504854368934,0.019417475728155338,-0.587378640776699,0.05339805825242718,-0.5242718446601942,0.06310679611650485,-0.46116504854368934,0.05339805825242718
0,0.0,0.0,-0.10576923076923077,-0.11057692307692307,-0.3076923076923077,-0.14903846153846154,-0.47115384615384615,-0.0673076923076923,-0.6153846153846154,0.009615384615384616,-0.5,-0.25961538461538464,-0.6971153846153846,-0.2980769230769231,-0.8221153846153846,-0.3173076923076923,-0.9278846153846154,-0.3269230769230769,-0.5240384615384616,-0.14423076923076922,-0.7451923076923077,-0.15384615384615385,-0.8894230769230769,-0.14903846153846154,-1.0,-0.13942307692307693,-0.4951923076923077,-0.038461538461538464,-0.6346153846153846,0.0,-0.5336538461538461,0.004807692307692308,-0.46153846153846156,0.004807692307692308,-0.4519230769230769,0.04807692307692308,-0.5817307692307693,0.07692307692307693,-0.5288461538461539,0.07211538461538461,-0.47596153846153844,0.0673076923076923
0,0.0,0.0,-0.09523809523809523,-0.12857142857142856,-0.29523809523809524,-0.1761904761904762,-0.4666666666666667,-0.1,-0.6047619047619047,-0.023809523809523808,-0.5,-0.2523809523809524,-0.6952380952380952,-0.29523809523809524,-0.819047619047619,-0.30952380952380953,-0.9238095238095239,-0.3142857142857143,-0.5238095238095238,-0.13333333333333333,-0.7476190476190476,-0.13333333333333333,-0.8904761904761904,-0.13333333333333333,-1.0,-0.11904761904761904,-0.49523809523809526,-0.023809523809523808,-0.6333333333333333,-0.004761904761904762,-0.5333333333333333,-0.01904761904761905,-0.46190476190476193,-0.023809523809523808,-0.44761904761904764,0.06666666666666667,-0.5761904761904761,0.08571428571428572,-0.5238095238095238,0.07142857142857142,-0.47619047619047616,0.06190476190476191
0,0.0,0.0,-0.09905660377358491,-0.13679245283018868,-0.29245283018867924,-0.18867924528301888,-0.45754716981132076,-0.11320754716981132,-0.5990566037735849,-0.0330188679245283,-0.4858490566037736,-0.2358490566037736,-0.6839622641509434,-0.2783018867924528,-0.8066037735849056,-0.2971698113207547,-0.9150943396226415,-0.3018867924528302,-0.5094339622641509,-0.12264150943396226,-0.7405660377358491,-0.12264150943396226,-0.8867924528301887,-0.12264150943396226,-1.0,-0.11320754716981132,-0.4811320754716981,-0.018867924528301886,-0.6367924528301887,-0.0047169811320754715,-0.5377358490566038,-0.018867924528301886,-0.45754716981132076,-0.02358490566037736,-0.44339622641509435,0.08018867924528301,-0.5707547169811321,0.08962264150943396,-0.5188679245283019,0.07547169811320754,-0.4669811320754717,0.0660377358490566
0,0.0,0.0,-0.09859154929577464,-0.15492957746478872,-0.29107981220657275,-0.22065727699530516,-0.45539906103286387,-0.14084507042253522,-0.5915492957746479,-0.06103286384976526,-0.4835680751173709,-0.2300469483568075,-0.6807511737089202,-0.27230046948356806,-0.8028169014084507,-0.29107981220657275,-0.9061032863849765,-0.3004694835680751,-0.5023474178403756,-0.11737089201877934,-0.7417840375586855,-0.11737089201877934,-0.8873239436619719,-0.12206572769953052,-1.0,-0.11267605633802817,-0.47417840375586856,-0.014084507042253521,-0.6338028169014085,-0.014084507042253521,-0.5258215962441315,-0.04225352112676056,-0.43661971830985913,-0.04225352112676056,-0.43661971830985913,0.08450704225352113,-0.5821596244131455,0.07981220657276995,-0.5164319248826291,0.051643192488262914,-0.4507042253521127,0.04225352112676056
0,0.0,0.0,-0.08490566037735849,-0.16037735849056603,-0.25943396226415094,-0.2358490566037736,-0.41037735849056606,-0.17452830188679244,-0.5424528301886793,-0.09433962264150944,-0.4811320754716981,-0.20754716981132076,-0.6745283018867925,-0.2641509433962264,-0.7924528301886793,-0.2830188679245283,-0.9009433962264151,-0.29245283018867924,-0.5,-0.10377358490566038,-0.7405660377358491,-0.10377358490566038,-0.8867924528301887,-0.11320754716981132,-1.0,-0.10849056603773585,-0.4716981132075472,0.0,-0.6179245283018868,-0.02358490566037736,-0.49528301886792453,-0.08018867924528301,-0.39622641509433965,-0.09905660377358491,-0.42924528301886794,0.09433962264150944,-0.5566037735849056,0.06132075471698113,-0.49056603773584906,0.014150943396226415,-0.419811320754717,-0.0047169811320754715
0,0.0,0.0,-0.08411214953271028,-0.1542056074766355,-0.2383177570093458,-0.2383177570093458,-0.37850467289719625,-0.20093457943925233,-0.5046728971962616,-0.14018691588785046,-0.48598130841121495,-0.18691588785046728,-0.6728971962616822,-0.24766355140186916,-0.7897196261682243,-0.2757009345794392,-0.8925233644859814,-0.29439252336448596,-0.5046728971962616,-0.08411214953271028,-0.7383177570093458,-0.09813084112149532,-0.8878504672897196,-0.11214953271028037,-1.0,-0.11214953271028037,-0.4719626168224299,0.018691588785046728,-0.5934579439252337,-0.03271028037383177,-0.46261682242990654,-0.08878504672897196,-0.3644859813084112,-0.10747663551401869,-0.4205607476635514,0.10747663551401869,-0.5280373831775701,0.0514018691588785,-0.4485981308411215,-0.004672897196261682,-0.37850467289719625,-0.02336448598130841
0,0.0,0.0,-0.07981220657276995,-0.17370892018779344,-0.22535211267605634,-0.27230046948356806,-0.3568075117370892,-0.2347417840375587,-0.48826291079812206,-0.19248826291079812,-0.4835680751173709,-0.20187793427230047,-0.6619718309859155,-0.27699530516431925,-0.7793427230046949,-0.323943661971831,-0.8873239436619719,-0.352112676056338,-0.5023474178403756,-0.09859154929577464,-0.7323943661971831,-0.14084507042253522,-0.8873239436619719,-0.16901408450704225,-1.0,-0.1784037558685446,-0.47417840375586856,0.009389671361502348,-0.5633802816901409,-0.0892018779342723,-0.43661971830985913,-0.14553990610328638,-0.3474178403755869,-0.15492957746478872,-0.4272300469483568,0.09859154929577464,-0.49765258215962443,0.0,-0.4131455399061033,-0.06103286384976526,-0.3427230046948357,-0.0892018779342723
0,0.0,0.0,-0.06666666666666667,-0.17142857142857143,-0.2,-0.2904761904761905,-0.3333333333333333,-0.2761904761904762,-0.44761904761904764,-0.21428571428571427,-0.4857142857142857,-0.21904761904761905,-0.6666666666666666,-0.30952380952380953,-0.780952380952381,-0.3619047619047619,-0.8809523809523809,-0.3952380952380952,-0.5142857142857142,-0.11428571428571428,-0.7428571428571429,-0.16666666666666666,-0.8857142857142857,-0.20476190476190476,-1.0,-0.23333333333333334,-0.4857142857142857,-0.004761904761904762,-0.5714285714285714,-0.10952380952380952,-0.4380952380952381,-0.1619047619047619,-0.3333333333333333,-0.17142857142857143,-0.43333333333333335,0.09047619047619047,-0.5,-0.009523809523809525,-0.4142857142857143,-0.07142857142857142,-0.3380952380952381,-0.1
0,0.0,0.0,-0.05825242718446602,-0.1796116504854369,-0.18446601941747573,-0.3106796116504854,-0.3058252427184466,-0.3106796116504854,-0.4174757281553398,-0.23786407766990292,-0.49514563106796117,-0.23786407766990292,-0.6747572815533981,-0.33980582524271846,-0.7864077669902912,-0.3932038834951456,-0.8883495145631068,-0.441747572815534,-0.5242718446601942,-0.1262135922330097,-0.7475728155339806,-0.18932038834951456,-0.8883495145631068,-0.24271844660194175,-1.0,-0.2815533980582524,-0.5,-0.014563106796116505,-0.5631067961165048,-0.13106796116504854,-0.4223300970873786,-0.18446601941747573,-0.32038834951456313,-0.19902912621359223,-0.441747572815534,0.08737864077669903,-0.49029126213592233,-0.024271844660194174,-0.4029126213592233,-0.08737864077669903,-0.3300970873786408,-0.11650485436893204
0,0.0,0.0,-0.04975124378109453,-0.1890547263681592,-0.16417910447761194,-0.3283582089552239,-0.2835820895522388,-0.34328358208955223,-0.39800995024875624,-0.26865671641791045,-0.4975124378109453,-0.2537313432835821,-0.6766169154228856,-0.36318407960199006,-0.7910447761194029,-0.4228855721393035,-0.8955223880597015,-0.47761194029850745,-0.5223880597014925,-0.13930348258706468,-0.7412935323383084,-0.21890547263681592,-0.8905472636815921,-0.2835820895522388,-1.0,-0.3283582089552239,-0.5024875621890548,-0.024875621890547265,-0.5572139303482587,-0.15920398009950248,-0.4129353233830846,-0.208955223880597,-0.30845771144278605,-0.21890547263681592,-0.44776119402985076,0.07960199004975124,-0.48258706467661694,-0.04975124378109453,-0.38308457711442784,-0.11442786069651742,-0.29850746268656714,-0.13432835820895522
0,0.0,0.0,-0.046632124352331605,-0.21761658031088082,-0.13989637305699482,-0.3626943005181347,-0.24352331606217617,-0.38860103626943004,-0.3626943005181347,-0.31088082901554404,-0.49222797927461137,-0.27979274611398963,-0.6683937823834197,-0.40932642487046633,-0.7875647668393783,-0.47668393782383417,-0.8963730569948186,-0.538860103626943,-0.5129533678756477,-0.16062176165803108,-0.7357512953367875,-0.2538860103626943,-0.8860103626943006,-0.33678756476683935,-1.0,-0.39378238341968913,-0.48704663212435234,-0.03626943005181347,-0.538860103626943,-0.18652849740932642,-0.38860103626943004,-0.23834196891191708,-0.29015544041450775,-0.2538860103626943,-0.44041450777202074,0.07253886010362694,-0.45595854922279794,-0.07772020725388601,-0.3471502590673575,-0.14507772020725387,-0.26424870466321243,-0.16580310880829016
0,0.0,0.0,-0.0446927374301676,-0.24581005586592178,-0.10614525139664804,-0.39106145251396646,-0.2011173184357542,-0.4301675977653631,-0.3240223463687151,-0.35195530726256985,-0.49162011173184356,-0.31843575418994413,-0.6703910614525139,-0.4581005586592179,-0.8100558659217877,-0.547486033519553,-0.9106145251396648,-0.6201117318435754,-0.5027932960893855,-0.1787709497206704,-0.7262569832402235,-0.30726256983240224,-0.8770949720670391,-0.4022346368715084,-1.0,-0.48044692737430167,-0.48044692737430167,-0.05027932960893855,-0.5195530726256983,-0.2122905027932961,-0.35195530726256985,-0.2681564245810056,-0.25139664804469275,-0.27932960893854747,-0.441340782122905,0.061452513966480445,-0.41899441340782123,-0.10614525139664804,-0.2905027932960894,-0.1787709497206704,-0.20670391061452514,-0.2011173184357542
0,0.0,0.0,-0.02976190476190476,-0.26785714285714285,-0.08333333333333333,-0.4166666666666667,-0.16071428571428573,-0.4583333333333333,-0.2857142857142857,-0.36904761904761907,-0.5,-0.34523809523809523,-0.6785714285714286,-0.49404761904761907,-0.8214285714285714,-0.6011904761904762,-0.9226190476190477,-0.6845238095238095,-0.5119047619047619,-0.19642857142857142,-0.7321428571428571,-0.32142857142857145,-0.875,-0.44047619047619047,-1.0,-0.5357142857142857,-0.4880952380952381,-0.05952380952380952,-0.5119047619047619,-0.23214285714285715,-0.3273809523809524,-0.2857142857142857,-0.2261904761904762,-0.2976190476190476,-0.44642857142857145,0.05952380952380952,-0.39880952380952384,-0.11904761904761904,-0.2619047619047619,-0.19642857142857142,-0.17857142857142858,-0.2261904761904762
0,0.0,0.0,-0.012345679012345678,-0.2654320987654321,-0.06172839506172839,-0.41975308641975306,-0.12345679012345678,-0.47530864197530864,-0.2345679012345679,-0.38271604938271603,-0.5,-0.37037037037037035,-0.6728395061728395,-0.5246913580246914,-0.8209876543209876,-0.6358024691358025,-0.9259259259259259,-0.7222222222222222,-0.5185185185185185,-0.20987654320987653,-0.7283950617283951,-0.3395061728395062,-0.8703703703703703,-0.4567901234567901,-1.0,-0.5493827160493827,-0.4876543209876543,-0.06172839506172839,-0.5,-0.24074074074074073,-0.2962962962962963,-0.29012345679012347,-0.19135802469135801,-0.30246913580246915,-0.4382716049382716,0.06172839506172839,-0.37037037037037035,-0.11728395061728394,-0.22839506172839505,-0.19753086419753085,-0.14814814814814814,-0.22839506172839505
0,0.0,0.0,-0.01282051282051282,-0.2692307692307692,-0.057692307692307696,-0.42948717948717946,-0.12179487179487179,-0.48717948717948717,-0.21153846153846154,-0.38461538461538464,-0.5128205128205128,-0.38461538461538464,-0.6858974358974359,-0.5448717948717948,-0.8333333333333334,-0.6538461538461539,-0.9423076923076923,-0.7435897435897436,-0.532051282051282,-0.21794871794871795,-0.7307692307692307,-0.34615384615384615,-0.8717948717948718,-0.46153846153846156,-1.0,-0.5576923076923077,-0.5064102564102564,-0.057692307692307696,-0.5064102564102564,-0.24358974358974358,-0.2948717948717949,-0.2948717948717949,-0.1794871794871795,-0.30128205128205127,-0.44871794871794873,0.07692307692307693,-0.3717948717948718,-0.10897435897435898,-0.22435897435897437,-0.19230769230769232,-0.14102564102564102,-0.22435897435897437
0,0.0,0.0,0.006896551724137931,-0.296551724137931,-0.027586206896551724,-0.47586206896551725,-0.0896551724137931,-0.5241379310344828,-0.18620689655172415,-0.4206896551724138,-0.5103448275862069,-0.43448275862068964,-0.6827586206896552,-0.6068965517241379,-0.8413793103448276,-0.7310344827586207,-0.9517241379310345,-0.8275862068965517,-0.5379310344827586,-0.2482758620689655,-0.7310344827586207,-0.38620689655172413,-0.8689655172413793,-0.503448275862069,-1.0,-0.6,-0.5103448275862069,-0.08275862068965517,-0.4827586206896552,-0.2689655172413793,-0.2827586206896552,-0.31724137931034485,-0.1724137931034483,-0.3310344827586207,-0.46206896551724136,0.06206896551724138,-0.3586206896551724,-0.1310344827586207,-0.2,-0.21379310344827587,-0.12413793103448276,-0.2620689655172414
0,0.0,0.0,0.014184397163120567,-0.2765957446808511,-0.014184397163120567,-0.45390070921985815,-0.05673758865248227,-0.49645390070921985,-0.15602836879432624,-0.3971631205673759,-0.5106382978723404,-0.4397163120567376,-0.6879432624113475,-0.6028368794326241,-0.8297872340425532,-0.7163120567375887,-0.950354609929078,-0.8085106382978723,-0.5460992907801419,-0.24113475177304963,-0.7304964539007093,-0.3617021276595745,-0.8652482269503546,-0.46099290780141844,-1.0,-0.5460992907801419,-0.5177304964539007,-0.05673758865248227,-0.45390070921985815,-0.22695035460992907,-0.2553191489361702,-0.2765957446808511,-0.16312056737588654,-0.3049645390070922,-0.46099290780141844,0.09929078014184398,-0.3475177304964539,-0.06382978723404255,-0.19148936170212766,-0.15602836879432624,-0.11347517730496454,-0.23404255319148937
0,0.0,0.0,0.022222222222222223,-0.23703703703703705,-0.022222222222222223,-0.43703703703703706,-0.06666666666666667,-0.4740740740740741,-0.1259259259259259,-0.35555555555555557,-0.5259259259259259,-0.4148148148148148,-0.7037037037037037,-0.5777777777777777,-0.8296296296296296,-0.6888888888888889,-0.9481481481481482,-0.7851851851851852,-0.5777777777777777,-0.2074074074074074,-0.7555555555555555,-0.31851851851851853,-0.8740740740740741,-0.4,-1.0,-0.45925925925925926,-0.5555555555555556,-0.007407407407407408,-0.45185185185185184,-0.17037037037037037,-0.24444444444444444,-0.2222222222222222,-0.17037037037037037,-0.2518518518518518,-0.4962962962962963,0.14814814814814814,-0.34074074074074073,-0.014814814814814815,-0.17777777777777778,-0.1037037037037037,-0.1259259259259259,-0.17037037037037037
0,0.0,0.0,0.015384615384615385,-0.2153846153846154,-0.046153846153846156,-0.4153846153846154,-0.09230769230769231,-0.4153846153846154,-0.12307692307692308,-0.2692307692307692,-0.5307692307692308,-0.36153846153846153,-0.7153846153846154,-0.5076923076923077,-0.8384615384615385,-0.6153846153846154,-0.9538461538461539,-0.7076923076923077,-0.6076923076923076,-0.13846153846153847,-0.7846153846153846,-0.2230769230769231,-0.8846153846153846,-0.2923076923076923,-1.0,-0.34615384615384615,-0.5923076923076923,0.06923076923076923,-0.46923076923076923,-0.07692307692307693,-0.24615384615384617,-0.13846153846153847,-0.16923076923076924,-0.17692307692307693,-0.5153846153846153,0.23076923076923078,-0.33076923076923076,0.07692307692307693,-0.16153846153846155,-0.03076923076923077,-0.1076923076923077,-0.1076923076923077
0,0.0,0.0,0.023809523809523808,-0.23809523809523808,-0.03968253968253968,-0.4523809523809524,-0.047619047619047616,-0.38095238095238093,-0.031746031746031744,-0.20634920634920634,-0.5079365079365079,-0.3492063492063492,-0.7063492063492064,-0.47619047619047616,-0.8253968253968254,-0.5793650793650794,-0.9365079365079365,-0.6587301587301587,-0.6031746031746031,-0.1349206349206349,-0.8095238095238095,-0.18253968253968253,-0.9047619047619048,-0.21428571428571427,-1.0,-0.23015873015873015,-0.6031746031746031,0.07936507936507936,-0.4523809523809524,-0.007936507936507936,-0.21428571428571427,-0.09523809523809523,-0.1111111111111111,-0.15873015873015872,-0.5317460317460317,0.25396825396825395,-0.3253968253968254,0.15079365079365079,-0.15079365079365079,0.047619047619047616,-0.0873015873015873,-0.023809523809523808
0,0.0,0.0,0.03361344537815126,-0.24369747899159663,-0.025210084033613446,-0.42857142857142855,-0.01680672268907563,-0.29411764705882354,0.008403361344537815,-0.09243697478991597,-0.4957983193277311,-0.31932773109243695,-0.7226890756302521,-0.42857142857142855,-0.8403361344537815,-0.5042016806722689,-0.9327731092436975,-0.5378151260504201,-0.6050420168067226,-0.07563025210084033,-0.8403361344537815,-0.07563025210084033,-0.9243697478991597,-0.05042016806722689,-1.0,-0.025210084033613446,-0.6134453781512605,0.13445378151260504,-0.42857142857142855,0.10084033613445378,-0.18487394957983194,-0.008403361344537815,-0.07563025210084033,-0.10084033613445378,-0.5378151260504201,0.3025210084033613,-0.3025210084033613,0.24369747899159663,-0.10084033613445378,0.11764705882352941,-0.01680672268907563,0.01680672268907563
0,0.0,0.0,0.07476635514018691,-0.24299065420560748,0.06542056074766354,-0.411214953271028,0.102803738317757,-0.2616822429906542,0.1308411214953271,-0.037383177570093455,-0.45794392523364486,-0.29906542056074764,-0.6915887850467289,-0.3644859813084112,-0.822429906542056,-0.40186915887850466,-0.9439252336448598,-0.40186915887850466,-0.5887850467289719,-0.037383177570093455,-0.7850467289719626,0.028037383177570093,-0.897196261682243,0.08411214953271028,-1.0,0.1588785046728972,-0.6074766355140186,0.18691588785046728,-0.3644859813084112,0.24299065420560748,-0.102803738317757,0.11214953271028037,0.037383177570093455,-0.009345794392523364,-0.5420560747663551,0.35514018691588783,-0.2803738317757009,0.3644859813084112,-0.06542056074766354,0.2523364485981308,0.037383177570093455,0.14018691588785046
0,0.0,0.0,0.15,-0.28,0.16,-0.43,0.22,-0.21,0.24,0.06,-0.39,-0.29,-0.62,-0.28,-0.77,-0.27,-0.93,-0.23,-0.52,-0.02,-0.73,0.11,-0.86,0.24,-1.0,0.35,-0.53,0.19,-0.33,0.31,-0.02,0.18,0.12,0.03,-0.46,0.35,-0.25,0.42,-0.01,0.32,0.11,0.17
0,0.0,0.0,0.16129032258064516,-0.25806451612903225,0.1935483870967742,-0.3655913978494624,0.27956989247311825,-0.08602150537634409,0.26881720430107525,0.23655913978494625,-0.3978494623655914,-0.22580645161290322,-0.6344086021505376,-0.16129032258064516,-0.8064516129032258,-0.07526881720430108,-0.989247311827957,0.021505376344086023,-0.5053763440860215,0.06451612903225806,-0.7311827956989247,0.2903225806451613,-0.8494623655913979,0.4946236559139785,-1.0,0.6559139784946236,-0.4946236559139785,0.26881720430107525,-0.3225806451612903,0.45161290322580644,0.010752688172043012,0.3118279569892473,0.15053763440860216,0.13978494623655913,-0.41935483870967744,0.40860215053763443,-0.24731182795698925,0.5591397849462365,-0.010752688172043012,0.46236559139784944,0.10752688172043011,0.3118279569892473
0,0.0,0.0,0.14736842105263157,-0.2,0.18947368421052632,-0.2,0.2631578947368421,0.1368421052631579,0.2631578947368421,0.4842105263157895,-0.4,-0.042105263157894736,-0.6526315789473685,0.10526315789473684,-0.8210526315789474,0.24210526315789474,-1.0,0.37894736842105264,-0.5157894736842106,0.21052631578947367,-0.7473684210526316,0.5368421052631579,-0.8421052631578947,0.7894736842105263,-0.9789473684210527,1.0,-0.47368421052631576,0.3894736842105263,-0.4,0.6526315789473685,-0.07368421052631578,0.5263157894736842,0.09473684210526316,0.35789473684210527,-0.37894736842105264,0.49473684210526314,-0.29473684210526313,0.7052631578947368,-0.06315789473684211,0.6421052631578947,0.06315789473684211,0.5052631578947369
0,0.0,0.0,0.12878787878787878,-0.045454545454545456,0.16666666666666666,0.06060606060606061,0.18181818181818182,0.3333333333333333,0.14393939393939395,0.5681818181818182,-0.3106060606060606,0.12121212121212122,-0.4621212121212121,0.3181818181818182,-0.5757575757575758,0.4696969696969697,-0.7045454545454546,0.6212121212121212,-0.36363636363636365,0.29545454545454547,-0.5303030303030303,0.6060606060606061,-0.5984848484848485,0.8257575757575758,-0.7045454545454546,1.0,-0.3409090909090909,0.4318181818181818,-0.2803030303030303,0.696969696969697,-0.05303030303030303,0.5984848484848485,0.05303030303030303,0.4621212121212121,-0.2803030303030303,0.5075757575757576,-0.1590909090909091,0.6742424242424242,0.007575757575757576,0.5984848484848485,0.08333333333333333,0.48484848484848486
0,0.0,0.0,0.11333333333333333,0.006666666666666667,0.12,0.16666666666666666,0.13333333333333333,0.4066666666666667,0.1,0.64,-0.31333333333333335,0.20666666666666667,-0.46,0.43333333333333335,-0.5533333333333333,0.5933333333333334,-0.66,0.7333333333333333,-0.32666666666666666,0.34,-0.49333333333333335,0.64,-0.5733333333333334,0.8466666666666667,-0.6666666666666666,1.0,-0.29333333333333333,0.44,-0.24666666666666667,0.68,-0.06,0.58,0.006666666666666667,0.47333333333333333,-0.24666666666666667,0.49333333333333335,-0.15333333333333332,0.6466666666666666,-0.02666666666666667,0.5733333333333334,0.03333333333333333,0.48
0,0.0,0.0,0.08588957055214724,0.049079754601226995,0.0736196319018405,0.25153374233128833,0.07975460122699386,0.4785276073619632,0.05521472392638037,0.6932515337423313,-0.32515337423312884,0.2822085889570552,-0.4601226993865031,0.5214723926380368,-0.5521472392638037,0.6748466257668712,-0.6441717791411042,0.803680981595092,-0.32515337423312884,0.3803680981595092,-0.49693251533742333,0.6748466257668712,-0.5766871165644172,0.8650306748466258,-0.6625766871165644,1.0,-0.2822085889570552,0.44785276073619634,-0.25153374233128833,0.6993865030674846,-0.06748466257668712,0.6257668711656442,0.006134969325153374,0.5337423312883436,-0.2331288343558282,0.48466257668711654,-0.15337423312883436,0.6319018404907976,-0.03067484662576687,0.5828220858895705,0.03680981595092025,0.5030674846625767
0,0.0,0.0,0.06896551724137931,0.08620689655172414,0.05172413793103448,0.3045977011494253,0.028735632183908046,0.5287356321839081,0.005747126436781609,0.7298850574712644,-0.3275862068965517,0.3620689655172414,-0.45977011494252873,0.603448275862069,-0.5459770114942529,0.7413793103448276,-0.632183908045977,0.8620689655172413,-0.3160919540229885,0.42528735632183906,-0.4827586206896552,0.7068965517241379,-0.5517241379310345,0.8850574712643678,-0.632183908045977,1.0,-0.27011494252873564,0.45977011494252873,-0.25862068965517243,0.7068965517241379,-0.08620689655172414,0.6609195402298851,-0.005747126436781609,0.5862068965517241,-0.21839080459770116,0.46551724137931033,-0.16666666666666666,0.6206896551724138,-0.05747126436781609,0.5919540229885057,0.011494252873563218,0.5229885057471264
0,0.0,0.0,0.031446540880503145,0.12578616352201258,-0.012578616352201259,0.37735849056603776,-0.025157232704402517,0.6037735849056604,-0.05660377358490566,0.8238993710691824,-0.4276729559748428,0.44025157232704404,-0.5660377358490566,0.7044025157232704,-0.6729559748427673,0.8616352201257862,-0.7735849056603774,1.0,-0.389937106918239,0.4779874213836478,-0.5157232704402516,0.7672955974842768,-0.5283018867924528,0.9119496855345912,-0.5660377358490566,0.9748427672955975,-0.3270440251572327,0.5031446540880503,-0.3270440251572327,0.7610062893081762,-0.15723270440251572,0.7358490566037735,-0.08176100628930817,0.6666666666666666,-0.2830188679245283,0.5031446540880503,-0.22012578616352202,0.6729559748427673,-0.11949685534591195,0.6666666666666666,-0.050314465408805034,0.6163522012578616
0,0.0,0.0,0.006134969325153374,0.15950920245398773,-0.04294478527607362,0.4049079754601227,-0.0736196319018405,0.6134969325153374,-0.11042944785276074,0.8098159509202454,-0.4662576687116564,0.4539877300613497,-0.6134969325153374,0.7116564417177914,-0.7055214723926381,0.8650306748466258,-0.7975460122699386,1.0,-0.4110429447852761,0.4539877300613497,-0.4110429447852761,0.7361963190184049,-0.25153374233128833,0.7423312883435583,-0.15337423312883436,0.656441717791411,-0.3374233128834356,0.4723926380368098,-0.3374233128834356,0.7055214723926381,-0.19631901840490798,0.6932515337423313,-0.12883435582822086,0.6441717791411042,-0.2883435582822086,0.4723926380368098,-0.25153374233128833,0.6319018404907976,-0.1656441717791411,0.6503067484662577,-0.09815950920245399,0.6257668711656442
0,0.0,0.0,-0.012121212121212121,0.21818181818181817,-0.07878787878787878,0.46060606060606063,-0.09696969696969697,0.6424242424242425,-0.14545454545454545,0.8121212121212121,-0.4909090909090909,0.4909090909090909,-0.6363636363636364,0.7212121212121212,-0.7212121212121212,0.8727272727272727,-0.806060606060606,1.0,-0.42424242424242425,0.45454545454545453,-0.4303030303030303,0.7212121212121212,-0.2545454545454545,0.7515151515151515,-0.13333333333333333,0.6909090909090909,-0.3515151515151515,0.45454545454545453,-0.3696969696969697,0.6787878787878788,-0.21818181818181817,0.696969696969697,-0.15151515151515152,0.6666666666666666,-0.30303030303030304,0.4484848484848485,-0.2909090909090909,0.593939393939394,-0.21212121212121213,0.6363636363636364,-0.15151515151515152,0.6363636363636364
0,0.0,0.0,-0.018633540372670808,0.2608695652173913,-0.09937888198757763,0.515527950310559,-0.13664596273291926,0.6894409937888198,-0.18633540372670807,0.84472049689441,-0.515527950310559,0.515527950310559,-0.6645962732919255,0.7453416149068323,-0.7577639751552795,0.8819875776397516,-0.84472049689441,1.0,-0.453416149068323,0.4658385093167702,-0.4409937888198758,0.7329192546583851,-0.2795031055900621,0.7701863354037267,-0.17391304347826086,0.7142857142857143,-0.37888198757763975,0.4472049689440994,-0.37888198757763975,0.6770186335403726,-0.2360248447204969,0.7080745341614907,-0.17391304347826086,0.6894409937888198,-0.32298136645962733,0.4409937888198758,-0.2981366459627329,0.5900621118012422,-0.2236024844720497,0.6335403726708074,-0.16770186335403728,0.6335403726708074
0,0.0,0.0,-0.0273972602739726,0.3150684931506849,-0.136986301369863,0.5684931506849316,-0.19863013698630136,0.7397260273972602,-0.2671232876712329,0.8698630136986302,-0.5821917808219178,0.5273972602739726,-0.7602739726027398,0.7602739726027398,-0.863013698630137,0.8904109589041096,-0.9657534246575342,1.0,-0.5205479452054794,0.4589041095890411,-0.5136986301369864,0.7328767123287672,-0.3698630136986301,0.7534246575342466,-0.2808219178082192,0.6917808219178082,-0.4383561643835616,0.4315068493150685,-0.4315068493150685,0.6712328767123288,-0.273972602739726,0.6643835616438356,-0.21232876712328766,0.6164383561643836,-0.3972602739726027,0.4178082191780822,-0.3561643835616438,0.5753424657534246,-0.2671232876712329,0.6027397260273972,-0.2054794520547945,0.5821917808219178
0,0.0,0.0,-0.034482758620689655,0.33793103448275863,-0.1724137931034483,0.5724137931034483,-0.2482758620689655,0.696551724137931,-0.32413793103448274,0.7931034482758621,-0.5793103448275863,0.496551724137931,-0.7862068965517242,0.6896551724137931,-0.896551724137931,0.8068965517241379,-1.0,0.8896551724137931,-0.5448275862068965,0.4068965517241379,-0.6827586206896552,0.6137931034482759,-0.7172413793103448,0.7103448275862069,-0.7586206896551724,0.7586206896551724,-0.4827586206896552,0.35172413793103446,-0.496551724137931,0.593103448275862,-0.33793103448275863,0.6,-0.2689655172413793,0.5517241379310345,-0.45517241379310347,0.32413793103448274,-0.4068965517241379,0.496551724137931,-0.30344827586206896,0.5241379310344828,-0.23448275862068965,0.496551724137931
0,0.0,0.0,-0.04666666666666667,0.31333333333333335,-0.2,0.52,-0.31333333333333335,0.6266666666666667,-0.38666666666666666,0.6666666666666666,-0.5733333333333334,0.4266666666666667,-0.78,0.5866666666666667,-0.9,0.68,-1.0,0.74,-0.5666666666666667,0.32,-0.8066666666666666,0.5,-0.9133333333333333,0.6066666666666667,-0.9933333333333333,0.6866666666666666,-0.52,0.25333333333333335,-0.58,0.47333333333333333,-0.4266666666666667,0.5133333333333333,-0.3333333333333333,0.5,-0.49333333333333335,0.21333333333333335,-0.48,0.38666666666666666,-0.37333333333333335,0.4266666666666667,-0.29333333333333333,0.42
0,0.0,0.0,-0.05128205128205128,0.30128205128205127,-0.21794871794871795,0.48717948717948717,-0.3333333333333333,0.5576923076923077,-0.4230769230769231,0.5769230769230769,-0.5641025641025641,0.3717948717948718,-0.782051282051282,0.5064102564102564,-0.9038461538461539,0.5833333333333334,-1.0,0.6282051282051282,-0.5641025641025641,0.26282051282051283,-0.8012820512820513,0.3974358974358974,-0.9166666666666666,0.48717948717948717,-1.0,0.5448717948717948,-0.5192307692307693,0.1858974358974359,-0.5897435897435898,0.38461538461538464,-0.4551282051282051,0.4358974358974359,-0.3717948717948718,0.4358974358974359,-0.48717948717948717,0.15384615384615385,-0.48717948717948717,0.3141025641025641,-0.3974358974358974,0.358974358974359,-0.3269230769230769,0.358974358974359
0,0.0,0.0,-0.0736196319018405,0.2822085889570552,-0.25766871165644173,0.44785276073619634,-0.37423312883435583,0.49079754601226994,-0.44785276073619634,0.4662576687116564,-0.5644171779141104,0.32515337423312884,-0.7791411042944786,0.44171779141104295,-0.901840490797546,0.49693251533742333,-1.0,0.5398773006134969,-0.5521472392638037,0.2147239263803681,-0.7791411042944786,0.32515337423312884,-0.8957055214723927,0.39263803680981596,-0.9693251533742331,0.43558282208588955,-0.50920245398773,0.1411042944785276,-0.5766871165644172,0.31901840490797545,-0.4601226993865031,0.37423312883435583,-0.38650306748466257,0.3803680981595092,-0.4723926380368098,0.11042944785276074,-0.48466257668711654,0.26380368098159507,-0.4049079754601227,0.3067484662576687,-0.3312883435582822,0.3067484662576687
0,0.0,0.0,-0.0783132530120482,0.26506024096385544,-0.25903614457831325,0.41566265060240964,-0.3795180722891566,0.463855421686747,-0.463855421686747,0.4397590361445783,-0.5542168674698795,0.28313253012048195,-0.7771084337349398,0.37349397590361444,-0.8975903614457831,0.42771084337349397,-1.0,0.4578313253012048,-0.5481927710843374,0.1746987951807229,-0.7771084337349398,0.26506024096385544,-0.891566265060241,0.3253012048192771,-0.9698795180722891,0.3674698795180723,-0.5120481927710844,0.10843373493975904,-0.5903614457831325,0.28313253012048195,-0.4879518072289157,0.3433734939759036,-0.40963855421686746,0.3614457831325301,-0.4819277108433735,0.07228915662650602,-0.5,0.2289156626506024,-0.42771084337349397,0.27710843373493976,-0.3614457831325301,0.28313253012048195
0,0.0,0.0,-0.09411764705882353,0.2647058823529412,-0.27647058823529413,0.4,-0.38823529411764707,0.4411764705882353,-0.4764705882352941,0.4235294117647059,-0.5529411764705883,0.2529411764705882,-0.7705882352941177,0.32941176470588235,-0.9,0.37058823529411766,-1.0,0.3941176470588235,-0.5294117647058824,0.15294117647058825,-0.7647058823529411,0.2235294117647059,-0.8823529411764706,0.27058823529411763,-0.9588235294117647,0.3058823529411765,-0.48823529411764705,0.09411764705882353,-0.5823529411764706,0.25882352941176473,-0.4823529411764706,0.32941176470588235,-0.40588235294117647,0.35294117647058826,-0.4588235294117647,0.058823529411764705,-0.48823529411764705,0.20588235294117646,-0.4235294117647059,0.2647058823529412,-0.3588235294117647,0.2823529411764706
0,0.0,0.0,-0.09883720930232558,0.2616279069767442,-0.29069767441860467,0.38953488372093026,-0.4011627906976744,0.43023255813953487,-0.48255813953488375,0.4127906976744186,-0.5465116279069767,0.22674418604651161,-0.7732558139534884,0.29651162790697677,-0.8953488372093024,0.3313953488372093,-1.0,0.3546511627906977,-0.5232558139534884,0.13372093023255813,-0.7616279069767442,0.19186046511627908,-0.877906976744186,0.23255813953488372,-0.9593023255813954,0.26744186046511625,-0.47674418604651164,0.08139534883720931,-0.5813953488372093,0.23837209302325582,-0.48255813953488375,0.3081395348837209,-0.4127906976744186,0.3313953488372093,-0.4476744186046512,0.05813953488372093,-0.4941860465116279,0.19186046511627908,-0.43023255813953487,0.25,-0.36627906976744184,0.26744186046511625
0,0.0,0.0,-0.11046511627906977,0.2441860465116279,-0.29069767441860467,0.37790697674418605,-0.3953488372093023,0.43023255813953487,-0.47674418604651164,0.4186046511627907,-0.5523255813953488,0.19767441860465115,-0.7732558139534884,0.2616279069767442,-0.8953488372093024,0.29651162790697677,-1.0,0.313953488372093,-0.5174418604651163,0.11627906976744186,-0.7616279069767442,0.16279069767441862,-0.8837209302325582,0.20348837209302326,-0.9651162790697675,0.23255813953488372,-0.47093023255813954,0.0755813953488372,-0.5813953488372093,0.22674418604651161,-0.47674418604651164,0.3081395348837209,-0.4011627906976744,0.3313953488372093,-0.4418604651162791,0.05813953488372093,-0.48255813953488375,0.19186046511627908,-0.4186046511627907,0.2558139534883721,-0.3546511627906977,0.27325581395348836
0,0.0,0.0,-0.1329479768786127,0.23121387283236994,-0.3063583815028902,0.36416184971098264,-0.41040462427745666,0.43352601156069365,-0.48554913294797686,0.4393063583815029,-0.5606936416184971,0.1676300578034682,-0.7861271676300579,0.23121387283236994,-0.9017341040462428,0.26011560693641617,-1.0,0.2774566473988439,-0.5260115606936416,0.09826589595375723,-0.7630057803468208,0.1329479768786127,-0.884393063583815,0.17341040462427745,-0.9595375722543352,0.19653179190751446,-0.4797687861271676,0.06358381502890173,-0.5953757225433526,0.21965317919075145,-0.5086705202312138,0.3063583815028902,-0.43352601156069365,0.34104046242774566,-0.44508670520231214,0.05202312138728324,-0.48554913294797686,0.18497109826589594,-0.4277456647398844,0.26011560693641617,-0.3699421965317919,0.2832369942196532
0,0.0,0.0,-0.14367816091954022,0.22413793103448276,-0.3160919540229885,0.3505747126436782,-0.43103448275862066,0.41379310344827586,-0.5057471264367817,0.41379310344827586,-0.5632183908045977,0.13218390804597702,-0.7816091954022989,0.1839080459770115,-0.9022988505747126,0.20689655172413793,-1.0,0.21839080459770116,-0.5229885057471264,0.06896551724137931,-0.7586206896551724,0.09770114942528736,-0.8793103448275862,0.13218390804597702,-0.9597701149425287,0.14942528735632185,-0.47126436781609193,0.040229885057471264,-0.5919540229885057,0.19540229885057472,-0.5229885057471264,0.28160919540229884,-0.46551724137931033,0.3103448275862069,-0.43103448275862066,0.034482758620689655,-0.47126436781609193,0.1781609195402299,-0.42528735632183906,0.2471264367816092,-0.367816091954023,0.27586206896551724
0,0.0,0.0,-0.14534883720930233,0.22674418604651161,-0.31976744186046513,0.3372093023255814,-0.436046511627907,0.37790697674418605,-0.5058139534883721,0.3546511627906977,-0.5523255813953488,0.11627906976744186,-0.7790697674418605,0.1511627906976744,-0.9011627906976745,0.16279069767441862,-1.0,0.1686046511627907,-0.5116279069767442,0.05232558139534884,-0.75,0.05813953488372093,-0.877906976744186,0.0755813953488372,-0.9593023255813954,0.0872093023255814,-0.46511627906976744,0.01744186046511628,-0.6046511627906976,0.13953488372093023,-0.5348837209302325,0.23255813953488372,-0.47674418604651164,0.27325581395348836,-0.43023255813953487,0.005813953488372093,-0.4883720930232558,0.12790697674418605,-0.4418604651162791,0.20348837209302326,-0.38953488372093026,0.23837209302325582
0,0.0,0.0,-0.14619883040935672,0.21637426900584794,-0.3333333333333333,0.3157894736842105,-0.45614035087719296,0.3567251461988304,-0.5263157894736842,0.32748538011695905,-0.5497076023391813,0.0935672514619883,-0.7777777777777778,0.09941520467836257,-0.9005847953216374,0.10526315789473684,-1.0,0.0935672514619883,-0.5029239766081871,0.029239766081871343,-0.7309941520467836,0.005847953216374269,-0.8596491228070176,0.011695906432748537,-0.9415204678362573,0.005847953216374269,-0.45614035087719296,-0.005847953216374269,-0.5964912280701754,0.10526315789473684,-0.5263157894736842,0.19298245614035087,-0.4678362573099415,0.23391812865497075,-0.42105263157894735,-0.017543859649122806,-0.49122807017543857,0.08771929824561403,-0.4502923976608187,0.16374269005847952,-0.39766081871345027,0.19298245614035087
0,0.0,0.0,-0.15476190476190477,0.20833333333333334,-0.34523809523809523,0.2976190476190476,-0.4583333333333333,0.34523809523809523,-0.5297619047619048,0.30952380952380953,-0.5595238095238095,0.06547619047619048,-0.7797619047619048,0.05357142857142857,-0.9047619047619048,0.047619047619047616,-1.0,0.02976190476190476,-0.5059523809523809,0.005952380952380952,-0.7321428571428571,-0.02976190476190476,-0.8511904761904762,-0.041666666666666664,-0.9404761904761905,-0.05357142857142857,-0.4583333333333333,-0.017857142857142856,-0.5952380952380952,0.08928571428571429,-0.5119047619047619,0.17857142857142858,-0.44642857142857145,0.22023809523809523,-0.42857142857142855,-0.02976190476190476,-0.49404761904761907,0.06547619047619048,-0.44642857142857145,0.14285714285714285,-0.3869047619047619,0.17857142857142858
0,0.0,0.0,-0.17365269461077845,0.19760479041916168,-0.3652694610778443,0.2754491017964072,-0.47904191616766467,0.31137724550898205,-0.5449101796407185,0.2754491017964072,-0.5568862275449101,0.029940119760479042,-0.7844311377245509,0.0,-0.9041916167664671,-0.017964071856287425,-1.0,-0.04790419161676647,-0.5089820359281437,-0.029940119760479042,-0.7305389221556886,-0.07784431137724551,-0.8502994011976048,-0.09580838323353294,-0.9401197604790419,-0.11976047904191617,-0.46107784431137727,-0.05389221556886228,-0.5988023952095808,0.04790419161676647,-0.5269461077844312,0.1497005988023952,-0.47904191616766467,0.19760479041916168,-0.4251497005988024,-0.0658682634730539,-0.49700598802395207,0.03592814371257485,-0.46107784431137727,0.11377245508982035,-0.40718562874251496,0.1497005988023952
0,0.0,0.0,-0.1927710843373494,0.1927710843373494,-0.39156626506024095,0.26506024096385544,-0.5060240963855421,0.2891566265060241,-0.5602409638554217,0.2469879518072289,-0.572289156626506,-0.006024096385542169,-0.7891566265060241,-0.04216867469879518,-0.9036144578313253,-0.06626506024096386,-1.0,-0.0963855421686747,-0.5180722891566265,-0.05421686746987952,-0.7289156626506024,-0.10843373493975904,-0.8493975903614458,-0.13253012048192772,-0.9337349397590361,-0.1566265060240964,-0.463855421686747,-0.0783132530120482,-0.608433734939759,0.030120481927710843,-0.5542168674698795,0.13253012048192772,-0.5060240963855421,0.1746987951807229,-0.42168674698795183,-0.07228915662650602,-0.5060240963855421,0.030120481927710843,-0.46987951807228917,0.10843373493975904,-0.42168674698795183,0.14457831325301204
0,0.0,0.0,-0.2147239263803681,0.17177914110429449,-0.4110429447852761,0.2331288343558282,-0.5337423312883436,0.26380368098159507,-0.5828220858895705,0.22699386503067484,-0.5828220858895705,-0.04294478527607362,-0.7975460122699386,-0.09202453987730061,-0.9079754601226994,-0.1165644171779141,-1.0,-0.15337423312883436,-0.5214723926380368,-0.07975460122699386,-0.7239263803680982,-0.15337423312883436,-0.8404907975460123,-0.17791411042944785,-0.9202453987730062,-0.20245398773006135,-0.4601226993865031,-0.08588957055214724,-0.6134969325153374,0.012269938650306749,-0.5644171779141104,0.1165644171779141,-0.5153374233128835,0.1656441717791411,-0.4171779141104294,-0.0736196319018405,-0.5030674846625767,0.024539877300613498,-0.4723926380368098,0.11042944785276074,-0.4233128834355828,0.147239263803681
0,0.0,0.0,-0.22929936305732485,0.14012738853503184,-0.4394904458598726,0.19745222929936307,-0.5732484076433121,0.2356687898089172,-0.6305732484076433,0.2229299363057325,-0.5796178343949044,-0.12101910828025478,-0.7961783439490446,-0.1592356687898089,-0.9044585987261147,-0.18471337579617833,-1.0,-0.2229299363057325,-0.5222929936305732,-0.1337579617834395,-0.732484076433121,-0.1910828025477707,-0.8662420382165605,-0.19745222929936307,-0.9490445859872612,-0.21656050955414013,-0.46496815286624205,-0.11464968152866242,-0.6242038216560509,0.012738853503184714,-0.5859872611464968,0.12738853503184713,-0.535031847133758,0.17197452229299362,-0.4267515923566879,-0.08917197452229299,-0.5159235668789809,0.03821656050955414,-0.49044585987261147,0.12101910828025478,-0.4394904458598726,0.1592356687898089
0,0.0,0.0,-0.2645161290322581,0.12903225806451613,-0.4645161290322581,0.16129032258064516,-0.5806451612903226,0.2129032258064516,-0.6645161290322581,0.23225806451612904,-0.5935483870967742,-0.14838709677419354,-0.7935483870967742,-0.1870967741935484,-0.9096774193548387,-0.2,-1.0,-0.23225806451612904,-0.5096774193548387,-0.13548387096774195,-0.6774193548387096,-0.10967741935483871,-0.7612903225806451,-0.07741935483870968,-0.7870967741935484,-0.06451612903225806,-0.44516129032258067,-0.08387096774193549,-0.5870967741935483,0.01935483870967742,-0.5806451612903226,0.12258064516129032,-0.5548387096774193,0.16129032258064516,-0.4,-0.05161290322580645,-0.49032258064516127,0.04516129032258064,-0.5032258064516129,0.11612903225806452,-0.4838709677419355,0.15483870967741936
0,0.0,0.0,-0.3,0.06666666666666667,-0.5,0.1,-0.6133333333333333,0.17333333333333334,-0.7,0.22,-0.6066666666666667,-0.19333333333333333,-0.8,-0.21333333333333335,-0.9133333333333333,-0.22666666666666666,-1.0,-0.24,-0.5333333333333333,-0.14666666666666667,-0.74,-0.2,-0.86,-0.2,-0.94,-0.21333333333333335,-0.4666666666666667,-0.07333333333333333,-0.64,0.006666666666666667,-0.64,0.10666666666666667,-0.6266666666666667,0.15333333333333332,-0.42,-0.013333333333333334,-0.52,0.06,-0.54,0.12,-0.5333333333333333,0.16
0,0.0,0.0,-0.3108108108108108,0.013513513513513514,-0.527027027027027,0.033783783783783786,-0.6554054054054054,0.13513513513513514,-0.7567567567567568,0.22297297297297297,-0.6216216216216216,-0.20270270270270271,-0.8108108108108109,-0.20270270270270271,-0.9256756756756757,-0.19594594594594594,-1.0,-0.1891891891891892,-0.5608108108108109,-0.12837837837837837,-0.7635135135135135,-0.19594594594594594,-0.8783783783783784,-0.20945945945945946,-0.9662162162162162,-0.22297297297297297,-0.49324324324324326,-0.05405405405405406,-0.668918918918919,-0.05405405405405406,-0.75,-0.033783783783783786,-0.8175675675675675,-0.013513513513513514,-0.4391891891891892,0.033783783783783786,-0.5405405405405406,0.06756756756756757,-0.5878378378378378,0.10135135135135136,-0.6013513513513513,0.12837837837837837
0,0.0,0.0,-0.3108108108108108,-0.0472972972972973,-0.5337837837837838,-0.02702702702702703,-0.668918918918919,0.07432432432432433,-0.7702702702702703,0.16891891891891891,-0.6148648648648649,-0.23648648648648649,-0.7972972972972973,-0.24324324324324326,-0.918918918918919,-0.23648648648648649,-1.0,-0.22972972972972974,-0.5608108108108109,-0.12162162162162163,-0.7432432432432432,-0.1554054054054054,-0.8513513513513513,-0.14189189189189189,-0.9391891891891891,-0.14189189189189189,-0.5067567567567568,-0.02027027027027027,-0.6621621621621622,0.013513513513513514,-0.7094594594594594,0.06756756756756757,-0.7635135135135135,0.10135135135135136,-0.4594594594594595,0.06756756756756757,-0.5878378378378378,0.11486486486486487,-0.6283783783783784,0.14189189189189189,-0.6621621621621622,0.16891891891891891
0,0.0,0.0,-0.3028169014084507,-0.09154929577464789,-0.5422535211267606,-0.06338028169014084,-0.6830985915492958,0.07042253521126761,-0.7676056338028169,0.2112676056338028,-0.6197183098591549,-0.19718309859154928,-0.8028169014084507,-0.20422535211267606,-0.9225352112676056,-0.18309859154929578,-1.0,-0.18309859154929578,-0.5774647887323944,-0.07746478873239436,-0.7605633802816901,-0.056338028169014086,-0.8661971830985915,-0.028169014084507043,-0.9647887323943662,-0.02112676056338028,-0.5211267605633803,0.035211267605633804,-0.6830985915492958,0.09859154929577464,-0.7112676056338029,0.11971830985915492,-0.7253521126760564,0.13380281690140844,-0.47183098591549294,0.1267605633802817,-0.6126760563380281,0.18309859154929578,-0.6408450704225352,0.18309859154929578,-0.647887323943662,0.18309859154929578
0,0.0,0.0,-0.30985915492957744,-0.1056338028169014,-0.5492957746478874,-0.08450704225352113,-0.6901408450704225,0.035211267605633804,-0.7887323943661971,0.176056338028169,-0.6056338028169014,-0.1619718309859155,-0.795774647887324,-0.16901408450704225,-0.9154929577464789,-0.14788732394366197,-1.0,-0.13380281690140844,-0.5633802816901409,-0.035211267605633804,-0.7605633802816901,0.007042253521126761,-0.8873239436619719,0.04929577464788732,-0.9859154929577465,0.07042253521126761,-0.5070422535211268,0.07746478873239436,-0.6901408450704225,0.11971830985915492,-0.7394366197183099,0.11971830985915492,-0.7464788732394366,0.13380281690140844,-0.45774647887323944,0.176056338028169,-0.6056338028169014,0.22535211267605634,-0.6408450704225352,0.21830985915492956,-0.6338028169014085,0.2112676056338028
0,0.0,0.0,-0.2589928057553957,-0.1510791366906475,-0.5251798561151079,-0.12949640287769784,-0.7050359712230215,-0.007194244604316547,-0.7985611510791367,0.1510791366906475,-0.5899280575539568,-0.15827338129496402,-0.7769784172661871,-0.16546762589928057,-0.9064748201438849,-0.1366906474820144,-1.0,-0.11510791366906475,-0.5827338129496403,-0.02158273381294964,-0.7769784172661871,0.03597122302158273,-0.8992805755395683,0.07194244604316546,-0.9928057553956835,0.09352517985611511,-0.5323741007194245,0.09352517985611511,-0.7338129496402878,0.1510791366906475,-0.7122302158273381,0.09352517985611511,-0.6546762589928058,0.05755395683453238,-0.4892086330935252,0.2014388489208633,-0.6474820143884892,0.2446043165467626,-0.6474820143884892,0.20863309352517986,-0.5971223021582733,0.15827338129496402
0,0.0,0.0,-0.20588235294117646,-0.17647058823529413,-0.47794117647058826,-0.16911764705882354,-0.6838235294117647,-0.051470588235294115,-0.7647058823529411,0.11029411764705882,-0.5661764705882353,-0.1323529411764706,-0.7573529411764706,-0.13970588235294118,-0.8823529411764706,-0.125,-0.9779411764705882,-0.10294117647058823,-0.5588235294117647,0.0,-0.7720588235294118,0.0661764705882353,-0.8970588235294118,0.10294117647058823,-1.0,0.1323529411764706,-0.5147058823529411,0.11029411764705882,-0.7279411764705882,0.16176470588235295,-0.6985294117647058,0.08088235294117647,-0.6102941176470589,0.03676470588235294,-0.47794117647058826,0.22794117647058823,-0.6544117647058824,0.27205882352941174,-0.6397058823529411,0.20588235294117646,-0.5735294117647058,0.14705882352941177
0,0.0,0.0,-0.17857142857142858,-0.18571428571428572,-0.45,-0.19285714285714287,-0.6642857142857143,-0.09285714285714286,-0.7142857142857143,0.06428571428571428,-0.55,-0.08571428571428572,-0.7357142857142858,-0.09285714285714286,-0.8642857142857143,-0.07142857142857142,-0.9571428571428572,-0.05,-0.5428571428571428,0.02857142857142857,-0.7571428571428571,0.10714285714285714,-0.8928571428571429,0.1357142857142857,-1.0,0.18571428571428572,-0.5,0.12142857142857143,-0.7071428571428572,0.17142857142857143,-0.6571428571428571,0.05714285714285714,-0.5571428571428572,0.007142857142857143,-0.4642857142857143,0.22857142857142856,-0.65,0.2571428571428571,-0.6214285714285714,0.17857142857142858,-0.5357142857142857,0.12142857142857143
0,0.0,0.0,-0.1736111111111111,-0.18055555555555555,-0.4444444444444444,-0.1875,-0.6527777777777778,-0.0763888888888889,-0.7361111111111112,0.0763888888888889,-0.5208333333333334,-0.05555555555555555,-0.7152777777777778,-0.05555555555555555,-0.8472222222222222,-0.034722222222222224,-0.9444444444444444,-0.013888888888888888,-0.5208333333333334,0.04861111111111111,-0.75,0.1388888888888889,-0.8888888888888888,0.1736111111111111,-1.0,0.2222222222222222,-0.4861111111111111,0.14583333333333334,-0.7083333333333334,0.16666666666666666,-0.6319444444444444,0.027777777777777776,-0.5277777777777778,-0.027777777777777776,-0.4583333333333333,0.25,-0.6458333333333334,0.25,-0.6041666666666666,0.1597222222222222,-0.5138888888888888,0.1111111111111111
0,0.0,0.0,-0.15894039735099338,-0.17218543046357615,-0.41721854304635764,-0.19205298013245034,-0.6225165562913907,-0.09933774834437085,-0.7086092715231788,0.046357615894039736,-0.4966887417218543,-0.046357615894039736,-0.695364238410596,-0.046357615894039736,-0.8344370860927153,-0.019867549668874173,-0.9337748344370861,0.0,-0.5033112582781457,0.059602649006622516,-0.7417218543046358,0.1456953642384106,-0.8807947019867549,0.17880794701986755,-1.0,0.2251655629139073,-0.47019867549668876,0.1456953642384106,-0.6887417218543046,0.1456953642384106,-0.609271523178808,0.006622516556291391,-0.4966887417218543,-0.052980132450331126,-0.44370860927152317,0.24503311258278146,-0.6225165562913907,0.2185430463576159,-0.5761589403973509,0.11920529801324503,-0.48344370860927155,0.06622516556291391
0,0.0,0.0,-0.14838709677419354,-0.18064516129032257,-0.4,-0.2129032258064516,-0.6,-0.12258064516129032,-0.6838709677419355,0.03225806451612903,-0.4838709677419355,-0.05806451612903226,-0.6903225806451613,-0.05161290322580645,-0.8258064516129032,-0.03225806451612903,-0.9290322580645162,-0.012903225806451613,-0.49032258064516127,0.03870967741935484,-0.7419354838709677,0.13548387096774195,-0.8838709677419355,0.15483870967741936,-1.0,0.1870967741935484,-0.4645161290322581,0.12903225806451613,-0.6838709677419355,0.11612903225806452,-0.5741935483870968,-0.01935483870967742,-0.45161290322580644,-0.07096774193548387,-0.44516129032258067,0.21935483870967742,-0.6064516129032258,0.16774193548387098,-0.5419354838709678,0.06451612903225806,-0.43870967741935485,0.01935483870967742
0,0.0,0.0,-0.1419753086419753,-0.1728395061728395,-0.3765432098765432,-0.2222222222222222,-0.5679012345679012,-0.14814814814814814,-0.6419753086419753,0.0,-0.46296296296296297,-0.06172839506172839,-0.6728395061728395,-0.05555555555555555,-0.8024691358024691,-0.043209876543209874,-0.9074074074074074,-0.030864197530864196,-0.47530864197530864,0.037037037037037035,-0.7283950617283951,0.1111111111111111,-0.8765432098765432,0.12345679012345678,-1.0,0.15432098765432098,-0.4506172839506173,0.12345679012345678,-0.6481481481481481,0.08024691358024691,-0.5370370370370371,-0.037037037037037035,-0.41358024691358025,-0.08024691358024691,-0.43209876543209874,0.2037037037037037,-0.5802469135802469,0.12962962962962962,-0.49382716049382713,0.037037037037037035,-0.38271604938271603,0.0
0,0.0,0.0,-0.10650887573964497,-0.17751479289940827,-0.35502958579881655,-0.24260355029585798,-0.5443786982248521,-0.1893491124260355,-0.6094674556213018,-0.03550295857988166,-0.4260355029585799,-0.09467455621301775,-0.6035502958579881,-0.1301775147928994,-0.5443786982248521,-0.14201183431952663,-0.48520710059171596,-0.11242603550295859,-0.46153846153846156,0.011834319526627219,-0.727810650887574,0.04142011834319527,-0.8816568047337278,0.04142011834319527,-1.0,0.05917159763313609,-0.4556213017751479,0.11242603550295859,-0.6272189349112426,0.04142011834319527,-0.4970414201183432,-0.05325443786982249,-0.378698224852071,-0.08284023668639054,-0.4260355029585799,0.1893491124260355,-0.5621301775147929,0.08284023668639054,-0.44970414201183434,-0.005917159763313609,-0.33136094674556216,-0.03550295857988166
0,0.0,0.0,-0.11475409836065574,-0.15846994535519127,-0.3224043715846995,-0.24043715846994534,-0.4808743169398907,-0.18032786885245902,-0.5519125683060109,-0.04371584699453552,-0.41530054644808745,-0.09289617486338798,-0.5956284153005464,-0.11475409836065574,-0.6174863387978142,-0.1092896174863388,-0.6502732240437158,-0.08743169398907104,-0.4426229508196721,0.01092896174863388,-0.7103825136612022,0.03825136612021858,-0.8688524590163934,0.03278688524590164,-1.0,0.04918032786885246,-0.4262295081967213,0.10382513661202186,-0.5792349726775956,0.01639344262295082,-0.4262295081967213,-0.07650273224043716,-0.3114754098360656,-0.09836065573770492,-0.3879781420765027,0.17486338797814208,-0.5136612021857924,0.06557377049180328,-0.41530054644808745,-0.01639344262295082,-0.3224043715846995,-0.04371584699453552
0,0.0,0.0,-0.09895833333333333,-0.15104166666666666,-0.2760416666666667,-0.24479166666666666,-0.421875,-0.203125,-0.5,-0.09375,-0.4427083333333333,-0.10416666666666667,-0.65625,-0.13541666666666666,-0.78125,-0.15625,-0.890625,-0.16666666666666666,-0.4583333333333333,0.0,-0.71875,0.005208333333333333,-0.875,-0.010416666666666666,-1.0,-0.010416666666666666,-0.4322916666666667,0.09375,-0.5416666666666666,-0.020833333333333332,-0.390625,-0.09895833333333333,-0.28125,-0.11458333333333333,-0.3802083333333333,0.16666666666666666,-0.4739583333333333,0.041666666666666664,-0.3854166666666667,-0.03125,-0.3020833333333333,-0.052083333333333336
0,0.0,0.0,-0.08629441624365482,-0.15228426395939088,-0.25380710659898476,-0.2639593908629442,-0.39593908629441626,-0.23857868020304568,-0.4873096446700508,-0.14213197969543148,-0.48223350253807107,-0.13705583756345177,-0.6802030456852792,-0.19289340101522842,-0.8071065989847716,-0.2233502538071066,-0.9137055837563451,-0.2436548223350254,-0.49238578680203043,-0.025380710659898477,-0.7309644670050761,-0.050761421319796954,-0.8781725888324873,-0.08121827411167512,-1.0,-0.10152284263959391,-0.4619289340101523,0.07614213197969544,-0.5177664974619289,-0.06091370558375635,-0.3756345177664975,-0.1319796954314721,-0.26903553299492383,-0.15228426395939088,-0.40609137055837563,0.15228426395939088,-0.4517766497461929,0.01015228426395939,-0.3553299492385787,-0.06598984771573604,-0.26903553299492383,-0.09137055837563451
0,0.0,0.0,-0.07575757575757576,-0.16161616161616163,-0.22727272727272727,-0.2727272727272727,-0.35858585858585856,-0.26262626262626265,-0.45454545454545453,-0.18181818181818182,-0.5,-0.1717171717171717,-0.6919191919191919,-0.23737373737373738,-0.8181818181818182,-0.2727272727272727,-0.9292929292929293,-0.29797979797979796,-0.5202020202020202,-0.050505050505050504,-0.7373737373737373,-0.08585858585858586,-0.8888888888888888,-0.11616161616161616,-1.0,-0.1414141414141414,-0.4898989898989899,0.06060606060606061,-0.5050505050505051,-0.08080808080808081,-0.35858585858585856,-0.14646464646464646,-0.25252525252525254,-0.16161616161616163,-0.42424242424242425,0.13636363636363635,-0.4292929292929293,-0.010101010101010102,-0.3282828282828283,-0.08080808080808081,-0.24242424242424243,-0.10606060606060606
0,0.0,0.0,-0.06,-0.165,-0.205,-0.29,-0.33,-0.285,-0.425,-0.195,-0.495,-0.2,-0.69,-0.275,-0.81,-0.32,-0.925,-0.35,-0.52,-0.075,-0.74,-0.115,-0.885,-0.15,-1.0,-0.17,-0.495,0.035,-0.485,-0.105,-0.34,-0.165,-0.245,-0.175,-0.43,0.12,-0.41,-0.035,-0.31,-0.105,-0.23,-0.135
0,0.0,0.0,-0.06030150753768844,-0.1658291457286432,-0.19095477386934673,-0.2964824120603015,-0.31155778894472363,-0.2914572864321608,-0.40703517587939697,-0.20603015075376885,-0.49748743718592964,-0.22110552763819097,-0.6934673366834171,-0.2964824120603015,-0.8190954773869347,-0.3417085427135678,-0.9296482412060302,-0.38190954773869346,-0.5276381909547738,-0.08542713567839195,-0.7487437185929648,-0.12562814070351758,-0.8944723618090452,-0.1658291457286432,-1.0,-0.19597989949748743,-0.5025125628140703,0.03015075376884422,-0.47738693467336685,-0.11055276381909548,-0.33668341708542715,-0.1658291457286432,-0.24120603015075376,-0.17587939698492464,-0.44221105527638194,0.11557788944723618,-0.3969849246231156,-0.035175879396984924,-0.2914572864321608,-0.11055276381909548,-0.21608040201005024,-0.1407035175879397
0,0.0,0.0,-0.05102040816326531,-0.17346938775510204,-0.17857142857142858,-0.30612244897959184,-0.3010204081632653,-0.30612244897959184,-0.3979591836734694,-0.2193877551020408,-0.49489795918367346,-0.23979591836734693,-0.6989795918367347,-0.32142857142857145,-0.826530612244898,-0.37244897959183676,-0.9387755102040817,-0.40816326530612246,-0.5306122448979592,-0.09693877551020408,-0.7397959183673469,-0.14795918367346939,-0.8877551020408163,-0.19387755102040816,-1.0,-0.22448979591836735,-0.5051020408163265,0.025510204081632654,-0.46938775510204084,-0.11224489795918367,-0.32653061224489793,-0.1683673469387755,-0.23469387755102042,-0.17857142857142858,-0.44387755102040816,0.11224489795918367,-0.3826530612244898,-0.04081632653061224,-0.2857142857142857,-0.11734693877551021,-0.21428571428571427,-0.15306122448979592
0,0.0,0.0,-0.05128205128205128,-0.17435897435897435,-0.17435897435897435,-0.3076923076923077,-0.29743589743589743,-0.29743589743589743,-0.4,-0.20512820512820512,-0.5025641025641026,-0.24615384615384617,-0.6974358974358974,-0.3333333333333333,-0.8307692307692308,-0.37948717948717947,-0.9435897435897436,-0.4153846153846154,-0.5282051282051282,-0.1076923076923077,-0.7435897435897436,-0.15384615384615385,-0.8923076923076924,-0.2,-1.0,-0.23076923076923078,-0.5025641025641026,0.015384615384615385,-0.47692307692307695,-0.11282051282051282,-0.3230769230769231,-0.1641025641025641,-0.22564102564102564,-0.1794871794871795,-0.441025641025641,0.11794871794871795,-0.41025641025641024,-0.02564102564102564,-0.30256410256410254,-0.09743589743589744,-0.23076923076923078,-0.1282051282051282
0,0.0,0.0,-0.045454545454545456,-0.1717171717171717,-0.18181818181818182,-0.30303030303030304,-0.30303030303030304,-0.2727272727272727,-0.41414141414141414,-0.17676767676767677,-0.4898989898989899,-0.24242424242424243,-0.6868686868686869,-0.3333333333333333,-0.8181818181818182,-0.3838383838383838,-0.9343434343434344,-0.41919191919191917,-0.5151515151515151,-0.11616161616161616,-0.7272727272727273,-0.16666666666666666,-0.8838383838383839,-0.21212121212121213,-1.0,-0.24242424242424243,-0.494949494949495,0.005050505050505051,-0.494949494949495,-0.09595959595959595,-0.3383838383838384,-0.1414141414141414,-0.23232323232323232,-0.15656565656565657,-0.4393939393939394,0.10606060606060606,-0.4444444444444444,0.0,-0.3434343434343434,-0.06565656565656566,-0.2676767676767677,-0.09595959595959595
0,0.0,0.0,-0.04433497536945813,-0.16748768472906403,-0.20689655172413793,-0.2660098522167488,-0.3448275862068966,-0.2019704433497537,-0.4827586206896552,-0.11330049261083744,-0.4729064039408867,-0.24630541871921183,-0.6699507389162561,-0.33004926108374383,-0.8029556650246306,-0.3793103448275862,-0.916256157635468,-0.4088669950738916,-0.4876847290640394,-0.12315270935960591,-0.7192118226600985,-0.1724137931034483,-0.8817733990147784,-0.21674876847290642,-1.0,-0.2315270935960591,-0.46798029556650245,-0.009852216748768473,-0.5073891625615764,-0.07389162561576355,-0.3448275862068966,-0.11822660098522167,-0.24630541871921183,-0.12315270935960591,-0.43349753694581283,0.09359605911330049,-0.46798029556650245,0.014778325123152709,-0.35467980295566504,-0.034482758620689655,-0.28078817733990147,-0.04926108374384237
0,0.0,0.0,-0.06190476190476191,-0.14285714285714285,-0.24285714285714285,-0.22380952380952382,-0.40476190476190477,-0.1523809523809524,-0.5285714285714286,-0.05238095238095238,-0.4666666666666667,-0.2714285714285714,-0.6666666666666666,-0.34285714285714286,-0.7952380952380952,-0.38095238095238093,-0.9,-0.40476190476190477,-0.5,-0.1523809523809524,-0.7285714285714285,-0.18571428571428572,-0.8809523809523809,-0.20952380952380953,-1.0,-0.21428571428571427,-0.47619047619047616,-0.0380952380952381,-0.5857142857142857,-0.05238095238095238,-0.44761904761904764,-0.0761904761904762,-0.3523809523809524,-0.07142857142857142,-0.42857142857142855,0.06666666666666667,-0.5428571428571428,0.03333333333333333,-0.4666666666666667,0.004761904761904762,-0.4,0.0
0,0.0,0.0,-0.07177033492822966,-0.13875598086124402,-0.2631578947368421,-0.215311004784689,-0.4354066985645933,-0.15789473684210525,-0.5741626794258373,-0.07655502392344497,-0.45454545454545453,-0.3014354066985646,-0.6602870813397129,-0.37799043062200954,-0.7894736842105263,-0.41148325358851673,-0.8995215311004785,-0.430622009569378,-0.49282296650717705,-0.18660287081339713,-0.7272727272727273,-0.22009569377990432,-0.8755980861244019,-0.24401913875598086,-1.0,-0.2535885167464115,-0.4784688995215311,-0.07177033492822966,-0.5980861244019139,-0.07177033492822966,-0.46411483253588515,-0.0861244019138756,-0.3684210526315789,-0.0861244019138756,-0.44019138755980863,0.03349282296650718,-0.5645933014354066,0.014354066985645933,-0.49760765550239233,-0.004784688995215311,-0.4449760765550239,-0.004784688995215311
0,0.0,0.0,-0.08737864077669903,-0.1553398058252427,-0.28640776699029125,-0.23786407766990292,-0.470873786407767,-0.18446601941747573,-0.6067961165048543,-0.0970873786407767,-0.441747572815534,-0.3106796116504854,-0.6504854368932039,-0.3932038834951456,-0.7766990291262136,-0.4223300970873786,-0.8932038834951457,-0.441747572815534,-0.48058252427184467,-0.1941747572815534,-0.7281553398058253,-0.23786407766990292,-0.8737864077669902,-0.25728155339805825,-1.0,-0.2621359223300971,-0.47572815533980584,-0.07766990291262135,-0.6116504854368932,-0.0825242718446602,-0.470873786407767,-0.10679611650485436,-0.3786407766990291,-0.10679611650485436,-0.44660194174757284,0.038834951456310676,-0.5776699029126213,0.0,-0.49514563106796117,-0.019417475728155338,-0.42718446601941745,-0.019417475728155338
0,0.0,0.0,-0.09137055837563451,-0.18274111675126903,-0.3096446700507614,-0.26903553299492383,-0.5025380710659898,-0.20812182741116753,-0.6395939086294417,-0.1116751269035533,-0.4365482233502538,-0.30456852791878175,-0.6446700507614214,-0.39086294416243655,-0.7715736040609137,-0.4263959390862944,-0.8883248730964467,-0.4467005076142132,-0.47715736040609136,-0.19289340101522842,-0.7309644670050761,-0.233502538071066,-0.8730964467005076,-0.2639593908629442,-1.0,-0.27411167512690354,-0.4720812182741117,-0.07106598984771574,-0.6294416243654822,-0.09644670050761421,-0.48223350253807107,-0.12690355329949238,-0.38578680203045684,-0.12690355329949238,-0.4517766497461929,0.04568527918781726,-0.5989847715736041,-0.005076142131979695,-0.5076142131979695,-0.04060913705583756,-0.4263959390862944,-0.04060913705583756
0,0.0,0.0,-0.1,-0.19473684210526315,-0.3263157894736842,-0.28421052631578947,-0.5210526315789473,-0.22631578947368422,-0.6421052631578947,-0.12105263157894737,-0.4473684210526316,-0.29473684210526313,-0.6421052631578947,-0.38421052631578945,-0.7736842105263158,-0.42105263157894735,-0.8894736842105263,-0.4473684210526316,-0.4842105263157895,-0.18421052631578946,-0.7263157894736842,-0.22631578947368422,-0.8736842105263158,-0.2578947368421053,-1.0,-0.26842105263157895,-0.4789473684210526,-0.06842105263157895,-0.6421052631578947,-0.1,-0.5,-0.14736842105263157,-0.39473684210526316,-0.14736842105263157,-0.4631578947368421,0.04736842105263158,-0.6105263157894737,0.0,-0.5210526315789473,-0.04736842105263158,-0.42105263157894735,-0.05263157894736842
0,0.0,0.0,-0.11351351351351352,-0.20540540540540542,-0.3567567567567568,-0.2918918918918919,-0.572972972972973,-0.23783783783783785,-0.6810810810810811,-0.11351351351351352,-0.44324324324324327,-0.2702702702702703,-0.6378378378378379,-0.35135135135135137,-0.7621621621621621,-0.3891891891891892,-0.8756756756756757,-0.41081081081081083,-0.4864864864864865,-0.16216216216216217,-0.7243243243243244,-0.2,-0.8756756756756757,-0.23243243243243245,-1.0,-0.24324324324324326,-0.4864864864864865,-0.04864864864864865,-0.654054054054054,-0.08108108108108109,-0.518918918918919,-0.15135135135135136,-0.40540540540540543,-0.15675675675675677,-0.4756756756756757,0.07027027027027027,-0.6216216216216216,0.010810810810810811,-0.5297297297297298,-0.05405405405405406,-0.42702702702702705,-0.06486486486486487
0,0.0,0.0,-0.11731843575418995,-0.2122905027932961,-0.36312849162011174,-0.3016759776536313,-0.5754189944134078,-0.26256983240223464,-0.6815642458100558,-0.1340782122905028,-0.4581005586592179,-0.24581005586592178,-0.6480446927374302,-0.3240223463687151,-0.770949720670391,-0.35195530726256985,-0.8770949720670391,-0.3743016759776536,-0.4972067039106145,-0.1452513966480447,-0.7374301675977654,-0.17318435754189945,-0.88268156424581,-0.2011173184357542,-1.0,-0.20670391061452514,-0.4972067039106145,-0.027932960893854747,-0.6759776536312849,-0.0782122905027933,-0.553072625698324,-0.16201117318435754,-0.43575418994413406,-0.17318435754189945,-0.49162011173184356,0.0893854748603352,-0.6424581005586593,0.0111731843575419,-0.547486033519553,-0.055865921787709494,-0.441340782122905,-0.061452513966480445
0,0.0,0.0,-0.12209302325581395,-0.22674418604651161,-0.37209302325581395,-0.3081395348837209,-0.5930232558139535,-0.25,-0.6976744186046512,-0.12209302325581395,-0.46511627906976744,-0.22093023255813954,-0.6453488372093024,-0.29069767441860467,-0.7674418604651163,-0.31976744186046513,-0.8662790697674418,-0.3372093023255814,-0.5,-0.12209302325581395,-0.7383720930232558,-0.14534883720930233,-0.877906976744186,-0.1686046511627907,-1.0,-0.1686046511627907,-0.4941860465116279,-0.005813953488372093,-0.6802325581395349,-0.05813953488372093,-0.563953488372093,-0.1686046511627907,-0.4476744186046512,-0.19186046511627908,-0.4883720930232558,0.11627906976744186,-0.6395348837209303,0.03488372093023256,-0.5523255813953488,-0.05232558139534884,-0.436046511627907,-0.0755813953488372
0,0.0,0.0,-0.1402439024390244,-0.23170731707317074,-0.3902439024390244,-0.31097560975609756,-0.6097560975609756,-0.2621951219512195,-0.7439024390243902,-0.15853658536585366,-0.47560975609756095,-0.1951219512195122,-0.6463414634146342,-0.25609756097560976,-0.7621951219512195,-0.2865853658536585,-0.8597560975609756,-0.3048780487804878,-0.5060975609756098,-0.0975609756097561,-0.7439024390243902,-0.10975609756097561,-0.8780487804878049,-0.1402439024390244,-1.0,-0.1524390243902439,-0.5,0.018292682926829267,-0.7012195121951219,-0.036585365853658534,-0.5975609756097561,-0.15853658536585366,-0.4817073170731707,-0.20121951219512196,-0.5,0.1402439024390244,-0.6585365853658537,0.06097560975609756,-0.573170731707317,-0.036585365853658534,-0.4573170731707317,-0.07317073170731707
0,0.0,0.0,-0.16129032258064516,-0.25806451612903225,-0.4064516129032258,-0.3161290322580645,-0.6258064516129033,-0.27741935483870966,-0.8,-0.2,-0.49032258064516127,-0.1870967741935484,-0.6516129032258065,-0.23870967741935484,-0.7741935483870968,-0.2645161290322581,-0.8580645161290322,-0.2838709677419355,-0.5161290322580645,-0.07741935483870968,-0.7612903225806451,-0.08387096774193549,-0.8903225806451613,-0.11612903225806452,-1.0,-0.13548387096774195,-0.5161290322580645,0.03225806451612903,-0.7161290322580646,-0.03225806451612903,-0.6064516129032258,-0.16129032258064516,-0.4838709677419355,-0.2129032258064516,-0.5225806451612903,0.15483870967741936,-0.6774193548387096,0.07096774193548387,-0.5935483870967742,-0.03225806451612903,-0.4774193548387097,-0.07741935483870968
0,0.0,0.0,-0.174496644295302,-0.2684563758389262,-0.40939597315436244,-0.31543624161073824,-0.6308724832214765,-0.2751677852348993,-0.8120805369127517,-0.2214765100671141,-0.4966442953020134,-0.1610738255033557,-0.6510067114093959,-0.20134228187919462,-0.7651006711409396,-0.21476510067114093,-0.8456375838926175,-0.2214765100671141,-0.5234899328859061,-0.06040268456375839,-0.7516778523489933,-0.053691275167785234,-0.8791946308724832,-0.09395973154362416,-1.0,-0.10738255033557047,-0.5167785234899329,0.053691275167785234,-0.7248322147651006,-0.006711409395973154,-0.6174496644295302,-0.14093959731543623,-0.4966442953020134,-0.18791946308724833,-0.5234899328859061,0.174496644295302,-0.6845637583892618,0.09395973154362416,-0.6040268456375839,-0.020134228187919462,-0.48322147651006714,-0.06711409395973154
0,0.0,0.0,-0.18309859154929578,-0.2605633802816901,-0.4225352112676056,-0.2887323943661972,-0.6408450704225352,-0.23943661971830985,-0.8098591549295775,-0.15492957746478872,-0.49295774647887325,-0.11267605633802817,-0.647887323943662,-0.13380281690140844,-0.7605633802816901,-0.13380281690140844,-0.8309859154929577,-0.14084507042253522,-0.5140845070422535,-0.007042253521126761,-0.7464788732394366,0.014084507042253521,-0.8802816901408451,-0.02112676056338028,-1.0,-0.04929577464788732,-0.5070422535211268,0.11267605633802817,-0.7323943661971831,0.04929577464788732,-0.6338028169014085,-0.1056338028169014,-0.5140845070422535,-0.16901408450704225,-0.5140845070422535,0.2323943661971831,-0.6901408450704225,0.14084507042253522,-0.6197183098591549,0.014084507042253521,-0.49295774647887325,-0.04929577464788732
0,0.0,0.0,-0.2265625,-0.296875,-0.46875,-0.328125,-0.6953125,-0.25,-0.8515625,-0.109375,-0.515625,-0.1015625,-0.6875,-0.1015625,-0.796875,-0.0859375,-0.8515625,-0.0625,-0.546875,0.015625,-0.7734375,0.0234375,-0.8984375,-0.046875,-1.0,-0.1015625,-0.5625,0.140625,-0.7890625,0.0859375,-0.7109375,-0.0625,-0.609375,-0.1328125,-0.578125,0.265625,-0.7734375,0.171875,-0.6796875,0.03125,-0.515625,-0.046875
0,0.0,0.0,-0.22137404580152673,-0.26717557251908397,-0.4580152671755725,-0.2900763358778626,-0.6793893129770993,-0.21374045801526717,-0.7938931297709924,-0.05343511450381679,-0.48854961832061067,-0.03816793893129771,-0.6564885496183206,-0.030534351145038167,-0.7709923664122137,-0.007633587786259542,-0.8320610687022901,0.015267175572519083,-0.5190839694656488,0.061068702290076333,-0.7404580152671756,0.09923664122137404,-0.8778625954198473,0.061068702290076333,-1.0,0.061068702290076333,-0.5190839694656488,0.183206106870229,-0.7480916030534351,0.12213740458015267,-0.648854961832061,-0.05343511450381679,-0.5114503816793893,-0.1297709923664122,-0.5267175572519084,0.29770992366412213,-0.7251908396946565,0.1984732824427481,-0.6335877862595419,0.05343511450381679,-0.4732824427480916,-0.022900763358778626
0,0.0,0.0,-0.2457627118644068,-0.2627118644067797,-0.4915254237288136,-0.2796610169491525,-0.7288135593220338,-0.17796610169491525,-0.8389830508474576,-0.00847457627118644,-0.5084745762711864,0.03389830508474576,-0.711864406779661,0.09322033898305085,-0.8813559322033898,0.13559322033898305,-1.0,0.17796610169491525,-0.5338983050847458,0.13559322033898305,-0.788135593220339,0.1864406779661017,-0.9152542372881356,0.1016949152542373,-0.9830508474576272,0.05084745762711865,-0.5423728813559322,0.2542372881355932,-0.8220338983050848,0.2033898305084746,-0.7033898305084746,0.00847457627118644,-0.5254237288135594,-0.0847457627118644,-0.5508474576271186,0.3644067796610169,-0.7711864406779662,0.2542372881355932,-0.6864406779661016,0.1016949152542373,-0.5169491525423728,0.025423728813559324
0,0.0,0.0,-0.29914529914529914,-0.27350427350427353,-0.5213675213675214,-0.28205128205128205,-0.7350427350427351,-0.18803418803418803,-0.8888888888888888,-0.017094017094017096,-0.48717948717948717,0.017094017094017096,-0.6752136752136753,0.07692307692307693,-0.8461538461538461,0.1111111111111111,-0.9487179487179487,0.1452991452991453,-0.5299145299145299,0.11965811965811966,-0.7863247863247863,0.18803418803418803,-0.9401709401709402,0.11965811965811966,-1.0,0.08547008547008547,-0.5555555555555556,0.24786324786324787,-0.8547008547008547,0.18803418803418803,-0.7435897435897436,0.0,-0.5641025641025641,-0.09401709401709402,-0.6068376068376068,0.358974358974359,-0.8205128205128205,0.23931623931623933,-0.7264957264957265,0.08547008547008547,-0.5384615384615384,0.017094017094017096
0,0.0,0.0,-0.2905982905982906,-0.26495726495726496,-0.5128205128205128,-0.2564102564102564,-0.7350427350427351,-0.1452991452991453,-0.8632478632478633,0.017094017094017096,-0.48717948717948717,0.03418803418803419,-0.6666666666666666,0.08547008547008547,-0.7948717948717948,0.10256410256410256,-0.8803418803418803,0.1111111111111111,-0.5299145299145299,0.1452991452991453,-0.7606837606837606,0.23076923076923078,-0.9145299145299145,0.20512820512820512,-1.0,0.18803418803418803,-0.5470085470085471,0.27350427350427353,-0.811965811965812,0.2222222222222222,-0.7264957264957265,0.03418803418803419,-0.5641025641025641,-0.08547008547008547,-0.5897435897435898,0.38461538461538464,-0.7948717948717948,0.2564102564102564,-0.7094017094017094,0.10256410256410256,-0.5470085470085471,0.017094017094017096
0,0.0,0.0,-0.3119266055045872,-0.26605504587155965,-0.5504587155963303,-0.25688073394495414,-0.7614678899082569,-0.14678899082568808,-0.8807339449541285,0.009174311926605505,-0.5045871559633027,0.09174311926605505,-0.7064220183486238,0.1743119266055046,-0.8899082568807339,0.22018348623853212,-1.0,0.24770642201834864,-0.5412844036697247,0.2018348623853211,-0.7981651376146789,0.23853211009174313,-0.8807339449541285,0.10091743119266056,-0.8440366972477065,-0.009174311926605505,-0.5596330275229358,0.3302752293577982,-0.8623853211009175,0.26605504587155965,-0.7706422018348624,0.05504587155963303,-0.5871559633027523,-0.08256880733944955,-0.5779816513761468,0.44954128440366975,-0.8256880733944955,0.3119266055045872,-0.7431192660550459,0.1651376146788991,-0.5688073394495413,0.08256880733944955
0,0.0,0.0,-0.3185840707964602,-0.25663716814159293,-0.5575221238938053,-0.25663716814159293,-0.7699115044247787,-0.168141592920354,-0.8938053097345132,-0.02654867256637168,-0.49557522123893805,0.07964601769911504,-0.6991150442477876,0.17699115044247787,-0.8761061946902655,0.23008849557522124,-1.0,0.26548672566371684,-0.5398230088495575,0.19469026548672566,-0.7964601769911505,0.23893805309734514,-0.911504424778761,0.10619469026548672,-0.8761061946902655,0.0,-0.5575221238938053,0.3008849557522124,-0.8584070796460177,0.25663716814159293,-0.7699115044247787,0.05309734513274336,-0.5929203539823009,-0.07964601769911504,-0.5929203539823009,0.40707964601769914,-0.831858407079646,0.2831858407079646,-0.7433628318584071,0.13274336283185842,-0.5663716814159292,0.04424778761061947
0,0.0,0.0,-0.3153153153153153,-0.24324324324324326,-0.5495495495495496,-0.22522522522522523,-0.7657657657657657,-0.11711711711711711,-0.8828828828828829,0.04504504504504504,-0.4864864864864865,0.11711711711711711,-0.6936936936936937,0.22522522522522523,-0.8828828828828829,0.2702702702702703,-1.0,0.3063063063063063,-0.5225225225225225,0.22522522522522523,-0.7837837837837838,0.27927927927927926,-0.8918918918918919,0.13513513513513514,-0.8558558558558559,0.018018018018018018,-0.5405405405405406,0.35135135135135137,-0.8378378378378378,0.3063063063063063,-0.7567567567567568,0.0990990990990991,-0.5675675675675675,-0.05405405405405406,-0.5585585585585585,0.46846846846846846,-0.8018018018018018,0.34234234234234234,-0.7207207207207207,0.18018018018018017,-0.5315315315315315,0.09009009009009009
0,0.0,0.0,-0.3274336283185841,-0.26548672566371684,-0.5575221238938053,-0.24778761061946902,-0.7787610619469026,-0.12389380530973451,-0.9203539823008849,0.061946902654867256,-0.4778761061946903,0.09734513274336283,-0.672566371681416,0.17699115044247787,-0.8761061946902655,0.24778761061946902,-1.0,0.2920353982300885,-0.5132743362831859,0.21238938053097345,-0.7876106194690266,0.2920353982300885,-0.9380530973451328,0.18584070796460178,-0.9469026548672567,0.10619469026548672,-0.5486725663716814,0.34513274336283184,-0.8584070796460177,0.2920353982300885,-0.7699115044247787,0.08849557522123894,-0.584070796460177,-0.035398230088495575,-0.5929203539823009,0.4690265486725664,-0.831858407079646,0.3274336283185841,-0.7345132743362832,0.1592920353982301,-0.5309734513274337,0.061946902654867256
0,0.0,0.0,-0.319672131147541,-0.26229508196721313,-0.5409836065573771,-0.2540983606557377,-0.7540983606557377,-0.1557377049180328,-0.8852459016393442,0.02459016393442623,-0.48360655737704916,0.07377049180327869,-0.680327868852459,0.14754098360655737,-0.860655737704918,0.21311475409836064,-0.9754098360655737,0.2540983606557377,-0.5163934426229508,0.18032786885245902,-0.7786885245901639,0.26229508196721313,-0.9426229508196722,0.19672131147540983,-1.0,0.14754098360655737,-0.5327868852459017,0.30327868852459017,-0.8360655737704918,0.2540983606557377,-0.7459016393442623,0.06557377049180328,-0.5655737704918032,-0.040983606557377046,-0.5737704918032787,0.4262295081967213,-0.8032786885245902,0.28688524590163933,-0.6967213114754098,0.12295081967213115,-0.5,0.03278688524590164
0,0.0,0.0,-0.3076923076923077,-0.24615384615384617,-0.5307692307692308,-0.24615384615384617,-0.7461538461538462,-0.14615384615384616,-0.8769230769230769,0.038461538461538464,-0.49230769230769234,0.08461538461538462,-0.6923076923076923,0.14615384615384616,-0.8692307692307693,0.2076923076923077,-0.9769230769230769,0.24615384615384617,-0.5230769230769231,0.18461538461538463,-0.7692307692307693,0.24615384615384617,-0.9307692307692308,0.18461538461538463,-1.0,0.13846153846153847,-0.5307692307692308,0.3,-0.823076923076923,0.23846153846153847,-0.7230769230769231,0.046153846153846156,-0.5538461538461539,-0.05384615384615385,-0.5692307692307692,0.4153846153846154,-0.7769230769230769,0.27692307692307694,-0.676923076923077,0.11538461538461539,-0.5,0.023076923076923078
0,0.0,0.0,-0.2777777777777778,-0.2361111111111111,-0.4861111111111111,-0.24305555555555555,-0.6875,-0.14583333333333334,-0.8125,0.034722222222222224,-0.4652777777777778,0.041666666666666664,-0.6527777777777778,0.09027777777777778,-0.8055555555555556,0.1388888888888889,-0.8888888888888888,0.16666666666666666,-0.4930555555555556,0.1388888888888889,-0.7222222222222222,0.20833333333333334,-0.8958333333333334,0.19444444444444445,-1.0,0.2013888888888889,-0.5,0.24305555555555555,-0.7708333333333334,0.18055555555555555,-0.6736111111111112,0.013888888888888888,-0.5138888888888888,-0.0625,-0.5347222222222222,0.3541666666666667,-0.7291666666666666,0.22916666666666666,-0.6319444444444444,0.0763888888888889,-0.4652777777777778,-0.006944444444444444
0,0.0,0.0,-0.2671232876712329,-0.2534246575342466,-0.4863013698630137,-0.2671232876712329,-0.6986301369863014,-0.1780821917808219,-0.8287671232876712,0.0,-0.4863013698630137,0.0,-0.6643835616438356,0.0273972602739726,-0.8082191780821918,0.06164383561643835,-0.8767123287671232,0.07534246575342465,-0.5136986301369864,0.0958904109589041,-0.7465753424657534,0.1643835616438356,-0.8972602739726028,0.13013698630136986,-1.0,0.13013698630136986,-0.5205479452054794,0.21232876712328766,-0.773972602739726,0.1643835616438356,-0.6643835616438356,0.0,-0.5,-0.07534246575342465,-0.547945205479452,0.3287671232876712,-0.726027397260274,0.19863013698630136,-0.6301369863013698,0.0547945205479452,-0.4657534246575342,-0.0136986301369863
0,0.0,0.0,-0.21710526315789475,-0.24342105263157895,-0.4407894736842105,-0.27631578947368424,-0.6578947368421053,-0.19078947368421054,-0.8026315789473685,-0.02631578947368421,-0.4868421052631579,-0.019736842105263157,-0.6710526315789473,0.006578947368421052,-0.8223684210526315,0.05263157894736842,-0.9210526315789473,0.09210526315789473,-0.5131578947368421,0.07236842105263158,-0.75,0.125,-0.8881578947368421,0.07894736842105263,-1.0,0.05921052631578947,-0.5131578947368421,0.18421052631578946,-0.756578947368421,0.13157894736842105,-0.6381578947368421,-0.039473684210526314,-0.48026315789473684,-0.1118421052631579,-0.5263157894736842,0.29605263157894735,-0.7171052631578947,0.19078947368421054,-0.618421052631579,0.046052631578947366,-0.45394736842105265,-0.019736842105263157
0,0.0,0.0,-0.16770186335403728,-0.2422360248447205,-0.40372670807453415,-0.30434782608695654,-0.639751552795031,-0.2360248447204969,-0.7888198757763976,-0.09316770186335403,-0.4782608695652174,-0.08074534161490683,-0.6459627329192547,-0.09316770186335403,-0.7577639751552795,-0.08695652173913043,-0.8198757763975155,-0.08074534161490683,-0.5093167701863354,0.012422360248447204,-0.7453416149068323,0.043478260869565216,-0.8757763975155279,0.006211180124223602,-1.0,-0.006211180124223602,-0.515527950310559,0.11801242236024845,-0.7515527950310559,0.055900621118012424,-0.6273291925465838,-0.09316770186335403,-0.4720496894409938,-0.14906832298136646,-0.5217391304347826,0.2360248447204969,-0.7018633540372671,0.13043478260869565,-0.6024844720496895,0.006211180124223602,-0.4472049689440994,-0.037267080745341616
0,0.0,0.0,-0.14035087719298245,-0.25146198830409355,-0.38011695906432746,-0.3391812865497076,-0.6140350877192983,-0.2807017543859649,-0.7777777777777778,-0.15789473684210525,-0.4678362573099415,-0.16374269005847952,-0.6257309941520468,-0.19883040935672514,-0.7485380116959064,-0.19883040935672514,-0.8304093567251462,-0.2046783625730994,-0.5029239766081871,-0.06432748538011696,-0.7485380116959064,-0.029239766081871343,-0.8771929824561403,-0.05847953216374269,-1.0,-0.05847953216374269,-0.5146198830409356,0.04678362573099415,-0.7485380116959064,-0.017543859649122806,-0.5964912280701754,-0.15789473684210525,-0.4444444444444444,-0.19883040935672514,-0.5263157894736842,0.1695906432748538,-0.6900584795321637,0.07017543859649122,-0.5906432748538012,-0.04678362573099415,-0.4502923976608187,-0.07602339181286549
0,0.0,0.0,-0.11864406779661017,-0.2542372881355932,-0.3559322033898305,-0.3672316384180791,-0.5875706214689266,-0.3333333333333333,-0.7570621468926554,-0.24293785310734464,-0.4632768361581921,-0.20903954802259886,-0.6214689265536724,-0.2711864406779661,-0.7457627118644068,-0.288135593220339,-0.8361581920903954,-0.3107344632768362,-0.5028248587570622,-0.11299435028248588,-0.751412429378531,-0.10734463276836158,-0.8870056497175142,-0.14689265536723164,-1.0,-0.1638418079096045,-0.5141242937853108,-0.005649717514124294,-0.7344632768361582,-0.0847457627118644,-0.5932203389830508,-0.2033898305084746,-0.4463276836158192,-0.23163841807909605,-0.536723163841808,0.11864406779661017,-0.6949152542372882,0.022598870056497175,-0.5932203389830508,-0.0847457627118644,-0.4632768361581921,-0.10734463276836158
0,0.0,0.0,-0.07142857142857142,-0.26373626373626374,-0.32967032967032966,-0.3956043956043956,-0.5824175824175825,-0.3626373626373626,-0.7362637362637363,-0.24725274725274726,-0.43956043956043955,-0.2802197802197802,-0.6098901098901099,-0.35714285714285715,-0.7362637362637363,-0.3901098901098901,-0.8296703296703297,-0.4175824175824176,-0.4945054945054945,-0.17582417582417584,-0.7472527472527473,-0.19230769230769232,-0.8791208791208791,-0.23626373626373626,-1.0,-0.25824175824175827,-0.510989010989011,-0.06043956043956044,-0.7307692307692307,-0.13736263736263737,-0.5769230769230769,-0.24725274725274726,-0.4340659340659341,-0.26373626373626374,-0.532967032967033,0.07142857142857142,-0.6923076923076923,-0.03296703296703297,-0.5769230769230769,-0.12087912087912088,-0.45054945054945056,-0.12637362637362637
0,0.0,0.0,-0.04864864864864865,-0.25405405405405407,-0.31891891891891894,-0.42162162162162165,-0.5837837837837838,-0.40540540540540543,-0.7135135135135136,-0.2702702702702703,-0.42162162162162165,-0.33513513513513515,-0.6054054054054054,-0.44324324324324327,-0.7243243243243244,-0.4972972972972973,-0.8216216216216217,-0.5351351351351351,-0.4864864864864865,-0.22702702702702704,-0.7405405405405405,-0.2810810810810811,-0.8756756756756757,-0.32972972972972975,-1.0,-0.34594594594594597,-0.5135135135135135,-0.10810810810810811,-0.7297297297297297,-0.2,-0.572972972972973,-0.2810810810810811,-0.43243243243243246,-0.2810810810810811,-0.5351351351351351,0.021621621621621623,-0.6918918918918919,-0.08648648648648649,-0.5675675675675675,-0.15675675675675677,-0.42702702702702705,-0.14594594594594595
0,0.0,0.0,-0.042328042328042326,-0.24867724867724866,-0.30158730158730157,-0.43915343915343913,-0.5661375661375662,-0.4444444444444444,-0.6931216931216931,-0.31746031746031744,-0.4021164021164021,-0.3968253968253968,-0.5873015873015873,-0.5343915343915344,-0.7037037037037037,-0.6084656084656085,-0.8095238095238095,-0.6666666666666666,-0.48148148148148145,-0.291005291005291,-0.7354497354497355,-0.37037037037037035,-0.873015873015873,-0.43915343915343913,-1.0,-0.4708994708994709,-0.5185185185185185,-0.1693121693121693,-0.708994708994709,-0.25925925925925924,-0.544973544973545,-0.30687830687830686,-0.4074074074074074,-0.2804232804232804,-0.544973544973545,-0.037037037037037035,-0.6931216931216931,-0.15343915343915343,-0.5661375661375662,-0.20105820105820105,-0.4497354497354497,-0.1693121693121693
0,0.0,0.0,-0.02127659574468085,-0.2553191489361702,-0.26595744680851063,-0.44680851063829785,-0.526595744680851,-0.4627659574468085,-0.6861702127659575,-0.35638297872340424,-0.3670212765957447,-0.4734042553191489,-0.5585106382978723,-0.6382978723404256,-0.6808510638297872,-0.7340425531914894,-0.7925531914893617,-0.8031914893617021,-0.4574468085106383,-0.3670212765957447,-0.7180851063829787,-0.4734042553191489,-0.8670212765957447,-0.5531914893617021,-1.0,-0.5904255319148937,-0.5,-0.23404255319148937,-0.6808510638297872,-0.30851063829787234,-0.5053191489361702,-0.3191489361702128,-0.3882978723404255,-0.28191489361702127,-0.5372340425531915,-0.09042553191489362,-0.6702127659574468,-0.19680851063829788,-0.5372340425531915,-0.21808510638297873,-0.4308510638297872,-0.17553191489361702
0,0.0,0.0,-0.03225806451612903,-0.25806451612903225,-0.24193548387096775,-0.44623655913978494,-0.489247311827957,-0.45161290322580644,-0.6774193548387096,-0.3870967741935484,-0.34946236559139787,-0.5591397849462365,-0.532258064516129,-0.7473118279569892,-0.6612903225806451,-0.8440860215053764,-0.7688172043010753,-0.9139784946236559,-0.44623655913978494,-0.43548387096774194,-0.7043010752688172,-0.5698924731182796,-0.8655913978494624,-0.6559139784946236,-1.0,-0.6989247311827957,-0.489247311827957,-0.2903225806451613,-0.6505376344086021,-0.34946236559139787,-0.489247311827957,-0.3387096774193548,-0.3870967741935484,-0.2956989247311828,-0.510752688172043,-0.13978494623655913,-0.6505376344086021,-0.23118279569892472,-0.5268817204301075,-0.23118279569892472,-0.41935483870967744,-0.1989247311827957
0,0.0,0.0,-0.026737967914438502,-0.24064171122994651,-0.20855614973262032,-0.42245989304812837,-0.4385026737967914,-0.43315508021390375,-0.6256684491978609,-0.4117647058823529,-0.3155080213903743,-0.5989304812834224,-0.47593582887700536,-0.8021390374331551,-0.5775401069518716,-0.9090909090909091,-0.6684491978609626,-1.0,-0.42245989304812837,-0.48128342245989303,-0.6631016042780749,-0.6470588235294118,-0.8235294117647058,-0.7379679144385026,-0.9572192513368984,-0.8074866310160428,-0.47058823529411764,-0.33689839572192515,-0.6363636363636364,-0.39037433155080214,-0.48128342245989303,-0.33689839572192515,-0.37967914438502676,-0.29411764705882354,-0.49732620320855614,-0.1925133689839572,-0.6363636363636364,-0.25133689839572193,-0.5187165775401069,-0.22459893048128343,-0.42780748663101603,-0.20320855614973263
0,0.0,0.0,-0.014778325123152709,-0.18719211822660098,-0.1724137931034483,-0.3645320197044335,-0.3793103448275862,-0.3793103448275862,-0.5517241379310345,-0.3645320197044335,-0.28078817733990147,-0.5714285714285714,-0.4236453201970443,-0.7881773399014779,-0.5123152709359606,-0.9014778325123153,-0.5862068965517241,-1.0,-0.3842364532019704,-0.46798029556650245,-0.5911330049261084,-0.6305418719211823,-0.7339901477832512,-0.7241379310344828,-0.8620689655172413,-0.8029556650246306,-0.43349753694581283,-0.3399014778325123,-0.5665024630541872,-0.35960591133004927,-0.43349753694581283,-0.2955665024630542,-0.3399014778325123,-0.270935960591133,-0.4482758620689655,-0.21674876847290642,-0.5566502463054187,-0.2512315270935961,-0.45320197044334976,-0.21182266009852216,-0.37438423645320196,-0.2019704433497537
0,0.0,0.0,-0.004901960784313725,-0.16176470588235295,-0.16176470588235295,-0.3382352941176471,-0.37254901960784315,-0.37745098039215685,-0.553921568627451,-0.38235294117647056,-0.2549019607843137,-0.5833333333333334,-0.39215686274509803,-0.7892156862745098,-0.4803921568627451,-0.9068627450980392,-0.5588235294117647,-1.0,-0.36764705882352944,-0.4950980392156863,-0.5735294117647058,-0.6764705882352942,-0.7156862745098039,-0.7745098039215687,-0.8382352941176471,-0.8578431372549019,-0.4215686274509804,-0.37254901960784315,-0.5490196078431373,-0.38235294117647056,-0.4215686274509804,-0.29901960784313725,-0.3284313725490196,-0.2647058823529412,-0.4411764705882353,-0.25,-0.5441176470588235,-0.28431372549019607,-0.45098039215686275,-0.23529411764705882,-0.36764705882352944,-0.22058823529411764
0,0.0,0.0,-0.019230769230769232,-0.14423076923076922,-0.16826923076923078,-0.3173076923076923,-0.375,-0.3605769230769231,-0.5480769230769231,-0.3605769230769231,-0.23557692307692307,-0.5721153846153846,-0.3605769230769231,-0.7836538461538461,-0.4375,-0.8990384615384616,-0.5096153846153846,-1.0,-0.34134615384615385,-0.5,-0.5288461538461539,-0.6826923076923077,-0.6634615384615384,-0.7788461538461539,-0.7740384615384616,-0.8605769230769231,-0.40384615384615385,-0.3894230769230769,-0.5384615384615384,-0.3942307692307692,-0.42788461538461536,-0.2932692307692308,-0.33653846153846156,-0.25,-0.42788461538461536,-0.27884615384615385,-0.5384615384615384,-0.30288461538461536,-0.4567307692307692,-0.25,-0.375,-0.21634615384615385
0,0.0,0.0,-0.014285714285714285,-0.12857142857142856,-0.1619047619047619,-0.29523809523809524,-0.3619047619047619,-0.3333333333333333,-0.5285714285714286,-0.3476190476190476,-0.20476190476190476,-0.5714285714285714,-0.3238095238095238,-0.780952380952381,-0.4,-0.9047619047619048,-0.4666666666666667,-1.0,-0.3142857142857143,-0.5,-0.5,-0.6857142857142857,-0.6285714285714286,-0.780952380952381,-0.7285714285714285,-0.8571428571428571,-0.3761904761904762,-0.3904761904761905,-0.5095238095238095,-0.3904761904761905,-0.40476190476190477,-0.28095238095238095,-0.3238095238095238,-0.23809523809523808,-0.4,-0.2857142857142857,-0.5047619047619047,-0.29523809523809524,-0.41904761904761906,-0.23333333333333334,-0.3380952380952381,-0.2
0,0.0,0.0,-0.02336448598130841,-0.102803738317757,-0.16822429906542055,-0.2570093457943925,-0.35514018691588783,-0.3037383177570093,-0.5233644859813084,-0.3317757009345794,-0.17757009345794392,-0.5560747663551402,-0.2897196261682243,-0.7663551401869159,-0.3598130841121495,-0.8925233644859814,-0.4252336448598131,-1.0,-0.2803738317757009,-0.49065420560747663,-0.4485981308411215,-0.6869158878504673,-0.5700934579439252,-0.780373831775701,-0.6635514018691588,-0.8551401869158879,-0.34579439252336447,-0.3925233644859813,-0.4766355140186916,-0.3878504672897196,-0.37383177570093457,-0.27102803738317754,-0.2897196261682243,-0.22897196261682243,-0.37850467289719625,-0.29906542056074764,-0.46261682242990654,-0.2897196261682243,-0.37383177570093457,-0.21962616822429906,-0.29439252336448596,-0.18691588785046728
0,0.0,0.0,-0.018957345971563982,-0.10900473933649289,-0.15165876777251186,-0.25118483412322273,-0.35071090047393366,-0.3080568720379147,-0.5213270142180095,-0.35071090047393366,-0.14691943127962084,-0.5639810426540285,-0.25118483412322273,-0.7725118483412322,-0.3175355450236967,-0.9004739336492891,-0.3886255924170616,-1.0,-0.26066350710900477,-0.5118483412322274,-0.4075829383886256,-0.7203791469194313,-0.5165876777251185,-0.8199052132701422,-0.6066350710900474,-0.8957345971563981,-0.33649289099526064,-0.41706161137440756,-0.46445497630331756,-0.4265402843601896,-0.3791469194312796,-0.3080568720379147,-0.2985781990521327,-0.2559241706161137,-0.3744075829383886,-0.3127962085308057,-0.4597156398104265,-0.3127962085308057,-0.3744075829383886,-0.24170616113744076,-0.2938388625592417,-0.2037914691943128
0,0.0,0.0,-0.02358490566037736,-0.08018867924528301,-0.16037735849056603,-0.21226415094339623,-0.3490566037735849,-0.27358490566037735,-0.5094339622641509,-0.33962264150943394,-0.1320754716981132,-0.5471698113207547,-0.23113207547169812,-0.7594339622641509,-0.3018867924528302,-0.8915094339622641,-0.36792452830188677,-1.0,-0.24056603773584906,-0.5047169811320755,-0.37735849056603776,-0.7169811320754716,-0.49056603773584906,-0.8207547169811321,-0.5801886792452831,-0.9009433962264151,-0.3160377358490566,-0.41509433962264153,-0.4481132075471698,-0.42452830188679247,-0.3632075471698113,-0.3018867924528302,-0.2830188679245283,-0.25943396226415094,-0.3584905660377358,-0.32075471698113206,-0.4528301886792453,-0.3113207547169811,-0.37264150943396224,-0.2358490566037736,-0.29245283018867924,-0.2028301886792453
0,0.0,0.0,-0.014423076923076924,-0.057692307692307696,-0.14903846153846154,-0.18269230769230768,-0.33653846153846156,-0.25961538461538464,-0.4951923076923077,-0.34615384615384615,-0.10096153846153846,-0.5288461538461539,-0.20192307692307693,-0.7548076923076923,-0.27403846153846156,-0.8894230769230769,-0.34134615384615385,-1.0,-0.21153846153846154,-0.4951923076923077,-0.3557692307692308,-0.7211538461538461,-0.47115384615384615,-0.8317307692307693,-0.5576923076923077,-0.9134615384615384,-0.2980769230769231,-0.4182692307692308,-0.4375,-0.42788461538461536,-0.36538461538461536,-0.2932692307692308,-0.28846153846153844,-0.24519230769230768,-0.34615384615384615,-0.3269230769230769,-0.4423076923076923,-0.3076923076923077,-0.36538461538461536,-0.22596153846153846,-0.28846153846153844,-0.1875
0,0.0,0.0,-0.019230769230769232,-0.02403846153846154,-0.16346153846153846,-0.1346153846153846,-0.34134615384615385,-0.22115384615384615,-0.4807692307692308,-0.3269230769230769,-0.07692307692307693,-0.49038461538461536,-0.18269230769230768,-0.7355769230769231,-0.25,-0.8798076923076923,-0.32211538461538464,-1.0,-0.19230769230769232,-0.47115384615384615,-0.33653846153846156,-0.7067307692307693,-0.4519230769230769,-0.8173076923076923,-0.5432692307692307,-0.9038461538461539,-0.28365384615384615,-0.40865384615384615,-0.4182692307692308,-0.40865384615384615,-0.3317307692307692,-0.2692307692307692,-0.24519230769230768,-0.23076923076923078,-0.33653846153846156,-0.33653846153846156,-0.4326923076923077,-0.30288461538461536,-0.35096153846153844,-0.21153846153846154,-0.27403846153846156,-0.17307692307692307
0,0.0,0.0,-0.030612244897959183,-0.00510204081632653,-0.17857142857142858,-0.11734693877551021,-0.35714285714285715,-0.20918367346938777,-0.5102040816326531,-0.32653061224489793,-0.07142857142857142,-0.49489795918367346,-0.17857142857142858,-0.7346938775510204,-0.25510204081632654,-0.8826530612244898,-0.336734693877551,-1.0,-0.1989795918367347,-0.4846938775510204,-0.3469387755102041,-0.7346938775510204,-0.46938775510204084,-0.8571428571428571,-0.5714285714285714,-0.9642857142857143,-0.3010204081632653,-0.42346938775510207,-0.4489795918367347,-0.42346938775510207,-0.3622448979591837,-0.28061224489795916,-0.2755102040816326,-0.23979591836734693,-0.3622448979591837,-0.34183673469387754,-0.4642857142857143,-0.3010204081632653,-0.3877551020408163,-0.20918367346938777,-0.3010204081632653,-0.17346938775510204
0,0.0,0.0,-0.03626943005181347,0.031088082901554404,-0.17616580310880828,-0.06735751295336788,-0.34196891191709844,-0.15544041450777202,-0.5077720207253886,-0.29015544041450775,-0.05181347150259067,-0.46113989637305697,-0.16062176165803108,-0.7046632124352331,-0.24352331606217617,-0.8652849740932642,-0.32642487046632124,-1.0,-0.18134715025906736,-0.45595854922279794,-0.3316062176165803,-0.7150259067357513,-0.46113989637305697,-0.8341968911917098,-0.5699481865284974,-0.9481865284974094,-0.2849740932642487,-0.39896373056994816,-0.44041450777202074,-0.37305699481865284,-0.34196891191709844,-0.21761658031088082,-0.24352331606217617,-0.19170984455958548,-0.3626943005181347,-0.3316062176165803,-0.46632124352331605,-0.2694300518134715,-0.37823834196891193,-0.16062176165803108,-0.29015544041450775,-0.13471502590673576
0,0.0,0.0,-0.030927835051546393,0.030927835051546393,-0.15979381443298968,-0.05154639175257732,-0.3247422680412371,-0.12886597938144329,-0.4793814432989691,-0.26288659793814434,-0.05154639175257732,-0.4536082474226804,-0.16494845360824742,-0.6958762886597938,-0.2422680412371134,-0.8608247422680413,-0.31958762886597936,-1.0,-0.18041237113402062,-0.4484536082474227,-0.31443298969072164,-0.6958762886597938,-0.4381443298969072,-0.8195876288659794,-0.5463917525773195,-0.9432989690721649,-0.28865979381443296,-0.39690721649484534,-0.4329896907216495,-0.3556701030927835,-0.33505154639175255,-0.20103092783505155,-0.23711340206185566,-0.17525773195876287,-0.3711340206185567,-0.3247422680412371,-0.4639175257731959,-0.26288659793814434,-0.37628865979381443,-0.15463917525773196,-0.28865979381443296,-0.13402061855670103
0,0.0,0.0,-0.018433179723502304,0.05069124423963134,-0.1336405529953917,-0.009216589861751152,-0.2764976958525346,-0.07373271889400922,-0.41013824884792627,-0.20276497695852536,-0.027649769585253458,-0.3870967741935484,-0.14746543778801843,-0.6451612903225806,-0.1935483870967742,-0.8341013824884793,-0.23963133640552994,-1.0,-0.14285714285714285,-0.3870967741935484,-0.2857142857142857,-0.6221198156682027,-0.4009216589861751,-0.7465437788018433,-0.5023041474654378,-0.8663594470046083,-0.24423963133640553,-0.34101382488479265,-0.3640552995391705,-0.2857142857142857,-0.271889400921659,-0.14285714285714285,-0.1889400921658986,-0.1336405529953917,-0.31797235023041476,-0.2857142857142857,-0.391705069124424,-0.20276497695852536,-0.3087557603686636,-0.10599078341013825,-0.23963133640552994,-0.09216589861751152
0,0.0,0.0,-0.0213903743315508,0.06417112299465241,-0.1443850267379679,0.0053475935828877,-0.3155080213903743,-0.0748663101604278,-0.47593582887700536,-0.2192513368983957,-0.0106951871657754,-0.40641711229946526,-0.12834224598930483,-0.6310160427807486,-0.1925133689839572,-0.7914438502673797,-0.26737967914438504,-0.9518716577540107,-0.1443850267379679,-0.43315508021390375,-0.3155080213903743,-0.7058823529411765,-0.45454545454545453,-0.8502673796791443,-0.5721925133689839,-1.0,-0.26737967914438504,-0.39572192513368987,-0.42245989304812837,-0.33689839572192515,-0.32085561497326204,-0.16042780748663102,-0.22459893048128343,-0.13368983957219252,-0.35294117647058826,-0.34759358288770054,-0.46524064171123,-0.25668449197860965,-0.36363636363636365,-0.12834224598930483,-0.2727272727272727,-0.10695187165775401
0,0.0,0.0,-0.02857142857142857,0.09714285714285714,-0.17142857142857143,0.03428571428571429,-0.3485714285714286,-0.04,-0.5085714285714286,-0.2,-0.011428571428571429,-0.38857142857142857,-0.13714285714285715,-0.6114285714285714,-0.2057142857142857,-0.7771428571428571,-0.2742857142857143,-0.9428571428571428,-0.14285714285714285,-0.41714285714285715,-0.32571428571428573,-0.6857142857142857,-0.4685714285714286,-0.84,-0.5885714285714285,-1.0,-0.26285714285714284,-0.38857142857142857,-0.44,-0.3314285714285714,-0.34285714285714286,-0.14285714285714285,-0.24571428571428572,-0.12,-0.3485714285714286,-0.35428571428571426,-0.4742857142857143,-0.25142857142857145,-0.37142857142857144,-0.11428571428571428,-0.2857142857142857,-0.08
0,0.0,0.0,-0.05454545454545454,0.13333333333333333,-0.22424242424242424,0.07878787878787878,-0.4,0.0,-0.5515151515151515,-0.15757575757575756,-0.05454545454545454,-0.3515151515151515,-0.18181818181818182,-0.5515151515151515,-0.23636363636363636,-0.7090909090909091,-0.2909090909090909,-0.8848484848484849,-0.1696969696969697,-0.3939393939393939,-0.37575757575757573,-0.6606060606060606,-0.5272727272727272,-0.8181818181818182,-0.6545454545454545,-1.0,-0.28484848484848485,-0.38181818181818183,-0.47878787878787876,-0.3151515151515151,-0.3696969696969697,-0.10303030303030303,-0.26666666666666666,-0.09090909090909091,-0.3575757575757576,-0.3575757575757576,-0.49696969696969695,-0.23636363636363636,-0.3939393939393939,-0.08484848484848485,-0.30303030303030304,-0.048484848484848485
0,0.0,0.0,-0.08609271523178808,0.17218543046357615,-0.2847682119205298,0.1390728476821192,-0.4900662251655629,0.046357615894039736,-0.6357615894039735,-0.13245033112582782,-0.08609271523178808,-0.2980132450331126,-0.2185430463576159,-0.4768211920529801,-0.2781456953642384,-0.6225165562913907,-0.33112582781456956,-0.8013245033112583,-0.18543046357615894,-0.37748344370860926,-0.41721854304635764,-0.6622516556291391,-0.5894039735099338,-0.8079470198675497,-0.7218543046357616,-1.0,-0.2913907284768212,-0.40397350993377484,-0.5231788079470199,-0.33774834437086093,-0.4304635761589404,-0.10596026490066225,-0.32450331125827814,-0.08609271523178808,-0.3576158940397351,-0.40397350993377484,-0.5298013245033113,-0.26490066225165565,-0.423841059602649,-0.09933774834437085,-0.32450331125827814,-0.06622516556291391
0,0.0,0.0,-0.08450704225352113,0.19718309859154928,-0.3028169014084507,0.18309859154929578,-0.5352112676056338,0.07042253521126761,-0.6690140845070423,-0.11971830985915492,-0.09154929577464789,-0.2605633802816901,-0.20422535211267606,-0.44366197183098594,-0.2746478873239437,-0.6056338028169014,-0.323943661971831,-0.7887323943661971,-0.19718309859154928,-0.38028169014084506,-0.43661971830985913,-0.6619718309859155,-0.6267605633802817,-0.8169014084507042,-0.7535211267605634,-1.0,-0.30985915492957744,-0.4154929577464789,-0.5774647887323944,-0.3591549295774648,-0.49295774647887325,-0.11267605633802817,-0.38028169014084506,-0.056338028169014086,-0.38028169014084506,-0.4154929577464789,-0.5704225352112676,-0.28169014084507044,-0.47183098591549294,-0.09859154929577464,-0.3591549295774648,-0.04225352112676056
0,0.0,0.0,-0.10852713178294573,0.24031007751937986,-0.3488372093023256,0.24031007751937986,-0.6046511627906976,0.13178294573643412,-0.7286821705426356,-0.08527131782945736,-0.11627906976744186,-0.2248062015503876,-0.2248062015503876,-0.37209302325581395,-0.29457364341085274,-0.5426356589147286,-0.34108527131782945,-0.7286821705426356,-0.20155038759689922,-0.35658914728682173,-0.4573643410852713,-0.6356589147286822,-0.6511627906976745,-0.7984496124031008,-0.7906976744186046,-1.0,-0.31007751937984496,-0.4186046511627907,-0.6124031007751938,-0.37209302325581395,-0.5736434108527132,-0.10077519379844961,-0.5038759689922481,-0.023255813953488372,-0.37209302325581395,-0.4418604651162791,-0.5813953488372093,-0.2868217054263566,-0.5038759689922481,-0.06976744186046512,-0.4186046511627907,0.0
0,0.0,0.0,-0.12389380530973451,0.2831858407079646,-0.37168141592920356,0.30973451327433627,-0.6460176991150443,0.22123893805309736,-0.7876106194690266,-0.008849557522123894,-0.10619469026548672,-0.20353982300884957,-0.23893805309734514,-0.336283185840708,-0.336283185840708,-0.504424778761062,-0.40707964601769914,-0.7168141592920354,-0.21238938053097345,-0.336283185840708,-0.504424778761062,-0.6017699115044248,-0.7168141592920354,-0.7787610619469026,-0.8672566371681416,-1.0,-0.35398230088495575,-0.40707964601769914,-0.6814159292035398,-0.35398230088495575,-0.6283185840707964,-0.05309734513274336,-0.5575221238938053,0.017699115044247787,-0.4424778761061947,-0.4424778761061947,-0.6460176991150443,-0.26548672566371684,-0.5752212389380531,-0.04424778761061947,-0.49557522123893805,0.017699115044247787
0,0.0,0.0,-0.09900990099009901,0.32673267326732675,-0.38613861386138615,0.37623762376237624,-0.7227722772277227,0.2871287128712871,-0.900990099009901,0.039603960396039604,-0.1485148514851485,-0.18811881188118812,-0.2871287128712871,-0.297029702970297,-0.37623762376237624,-0.46534653465346537,-0.45544554455445546,-0.6831683168316832,-0.2871287128712871,-0.33663366336633666,-0.6039603960396039,-0.6138613861386139,-0.8316831683168316,-0.7722772277227723,-1.0,-1.0,-0.43564356435643564,-0.39603960396039606,-0.7920792079207921,-0.33663366336633666,-0.7326732673267327,0.009900990099009901,-0.6237623762376238,0.09900990099009901,-0.5247524752475248,-0.4158415841584158,-0.7425742574257426,-0.22772277227722773,-0.6534653465346535,0.009900990099009901,-0.5445544554455446,0.0891089108910891
0,0.0,0.0,-0.1111111111111111,0.37373737373737376,-0.41414141414141414,0.45454545454545453,-0.7373737373737373,0.36363636363636365,-0.9090909090909091,0.10101010101010101,-0.13131313131313133,-0.12121212121212122,-0.2727272727272727,-0.2222222222222222,-0.36363636363636365,-0.40404040404040403,-0.45454545454545453,-0.6161616161616161,-0.26262626262626265,-0.30303030303030304,-0.6161616161616161,-0.5555555555555556,-0.8484848484848485,-0.696969696969697,-1.0,-0.9292929292929293,-0.41414141414141414,-0.3838383838383838,-0.8181818181818182,-0.26262626262626265,-0.7070707070707071,0.08080808080808081,-0.5858585858585859,0.15151515151515152,-0.5353535353535354,-0.42424242424242425,-0.7575757575757576,-0.1919191919191919,-0.6565656565656566,0.050505050505050504,-0.5454545454545454,0.1111111111111111
0,0.0,0.0,-0.11235955056179775,0.43820224719101125,-0.4606741573033708,0.5280898876404494,-0.8202247191011236,0.42696629213483145,-1.0,0.12359550561797752,-0.11235955056179775,-0.07865168539325842,-0.2808988764044944,-0.19101123595505617,-0.4044943820224719,-0.38202247191011235,-0.5280898876404494,-0.6067415730337079,-0.24719101123595505,-0.3146067415730337,-0.6853932584269663,-0.48314606741573035,-0.8764044943820225,-0.5730337078651685,-1.0,-0.8089887640449438,-0.43820224719101125,-0.43820224719101125,-0.9101123595505618,-0.2808988764044944,-0.8202247191011236,0.10112359550561797,-0.6853932584269663,0.16853932584269662,-0.5730337078651685,-0.47191011235955055,-0.8426966292134831,-0.25842696629213485,-0.7865168539325843,-0.011235955056179775,-0.6629213483146067,0.056179775280898875
0,0.0,0.0,-0.07291666666666667,0.3854166666666667,-0.375,0.46875,-0.71875,0.3958333333333333,-0.90625,0.13541666666666666,-0.11458333333333333,-0.08333333333333333,-0.2916666666666667,-0.16666666666666666,-0.4375,-0.3125,-0.5625,-0.5,-0.2604166666666667,-0.2916666666666667,-0.6354166666666666,-0.4791666666666667,-0.8541666666666666,-0.5833333333333334,-1.0,-0.7916666666666666,-0.4375,-0.375,-0.84375,-0.23958333333333334,-0.75,0.125,-0.625,0.19791666666666666,-0.5625,-0.3958333333333333,-0.7708333333333334,-0.13541666666666666,-0.6666666666666666,0.09375,-0.5416666666666666,0.15625
0,0.0,0.0,-0.07368421052631578,0.42105263157894735,-0.37894736842105264,0.5157894736842106,-0.7157894736842105,0.43157894736842106,-0.9157894736842105,0.16842105263157894,-0.10526315789473684,-0.021052631578947368,-0.29473684210526313,-0.09473684210526316,-0.4421052631578947,-0.24210526315789474,-0.5894736842105263,-0.4105263157894737,-0.25263157894736843,-0.25263157894736843,-0.6736842105263158,-0.42105263157894735,-0.8736842105263158,-0.4842105263157895,-1.0,-0.6631578947368421,-0.45263157894736844,-0.35789473684210527,-0.8947368421052632,-0.2,-0.8,0.16842105263157894,-0.6736842105263158,0.25263157894736843,-0.6,-0.37894736842105264,-0.8210526315789474,-0.12631578947368421,-0.7157894736842105,0.09473684210526316,-0.5789473684210527,0.15789473684210525
0,0.0,0.0,-0.0891089108910891,0.4158415841584158,-0.38613861386138615,0.5247524752475248,-0.7128712871287128,0.4158415841584158,-0.900990099009901,0.1782178217821782,-0.1188118811881188,0.009900990099009901,-0.27722772277227725,-0.0594059405940594,-0.43564356435643564,-0.19801980198019803,-0.5643564356435643,-0.3564356435643564,-0.25742574257425743,-0.2376237623762376,-0.6831683168316832,-0.38613861386138615,-0.8910891089108911,-0.4158415841584158,-1.0,-0.5445544554455446,-0.42574257425742573,-0.3465346534653465,-0.8910891089108911,-0.18811881188118812,-0.801980198019802,0.1485148514851485,-0.6732673267326733,0.2376237623762376,-0.5643564356435643,-0.36633663366336633,-0.8217821782178217,-0.10891089108910891,-0.7326732673267327,0.09900990099009901,-0.5841584158415841,0.15841584158415842
0,0.0,0.0,-0.11224489795918367,0.42857142857142855,-0.42857142857142855,0.5714285714285714,-0.7653061224489796,0.47959183673469385,-0.9591836734693877,0.22448979591836735,-0.10204081632653061,0.04081632653061224,-0.2755102040816326,-0.01020408163265306,-0.4387755102040816,-0.12244897959183673,-0.5816326530612245,-0.24489795918367346,-0.2653061224489796,-0.23469387755102042,-0.6938775510204082,-0.3877551020408163,-0.9081632653061225,-0.4489795918367347,-1.0,-0.5918367346938775,-0.4387755102040816,-0.336734693877551,-0.9285714285714286,-0.1326530612244898,-0.826530612244898,0.19387755102040816,-0.6938775510204082,0.2755102040816326,-0.5816326530612245,-0.35714285714285715,-0.8775510204081632,-0.061224489795918366,-0.7755102040816326,0.14285714285714285,-0.6326530612244898,0.21428571428571427
0,0.0,0.0,-0.10204081632653061,0.4489795918367347,-0.4489795918367347,0.6122448979591837,-0.8061224489795918,0.5102040816326531,-1.0,0.2653061224489796,-0.11224489795918367,0.061224489795918366,-0.25510204081632654,0.02040816326530612,-0.41836734693877553,-0.04081632653061224,-0.5816326530612245,-0.14285714285714285,-0.2755102040816326,-0.23469387755102042,-0.7040816326530612,-0.2755102040816326,-0.826530612244898,-0.25510204081632654,-0.826530612244898,-0.3469387755102041,-0.45918367346938777,-0.3469387755102041,-0.9489795918367347,-0.08163265306122448,-0.8775510204081632,0.25510204081632654,-0.7346938775510204,0.3469387755102041,-0.6020408163265306,-0.37755102040816324,-0.9183673469387755,-0.04081632653061224,-0.826530612244898,0.16326530612244897,-0.6632653061224489,0.21428571428571427
0,0.0,0.0,-0.0784313725490196,0.4411764705882353,-0.4215686274509804,0.6176470588235294,-0.7941176470588235,0.5392156862745098,-1.0,0.30392156862745096,-0.13725490196078433,0.08823529411764706,-0.23529411764705882,0.058823529411764705,-0.39215686274509803,0.0392156862745098,-0.5196078431372549,-0.049019607843137254,-0.29411764705882354,-0.19607843137254902,-0.6862745098039216,-0.19607843137254902,-0.7941176470588235,-0.20588235294117646,-0.7941176470588235,-0.3333333333333333,-0.4411764705882353,-0.3137254901960784,-0.9019607843137255,-0.0196078431372549,-0.8529411764705882,0.28431372549019607,-0.7254901960784313,0.3627450980392157,-0.5588235294117647,-0.3333333333333333,-0.8725490196078431,0.00980392156862745,-0.7941176470588235,0.20588235294117646,-0.6372549019607843,0.2549019607843137
0,0.0,0.0,-0.019801980198019802,0.43564356435643564,-0.38613861386138615,0.6534653465346535,-0.7821782178217822,0.5841584158415841,-1.0,0.36633663366336633,-0.1188118811881188,0.07920792079207921,-0.21782178217821782,0.1188118811881188,-0.33663366336633666,0.1188118811881188,-0.45544554455445546,0.04950495049504951,-0.2871287128712871,-0.19801980198019803,-0.7326732673267327,0.009900990099009901,-0.7128712871287128,0.12871287128712872,-0.6039603960396039,0.009900990099009901,-0.46534653465346537,-0.3069306930693069,-0.9108910891089109,0.09900990099009901,-0.8118811881188119,0.3465346534653465,-0.6732673267326733,0.31683168316831684,-0.6039603960396039,-0.31683168316831684,-0.8811881188118812,0.0891089108910891,-0.7623762376237624,0.2376237623762376,-0.6138613861386139,0.2079207920792079
0,0.0,0.0,-0.025,0.3,-0.2916666666666667,0.5083333333333333,-0.5833333333333334,0.5,-0.8,0.35833333333333334,-0.2833333333333333,-0.041666666666666664,-0.6,-0.058333333333333334,-0.825,-0.1,-1.0,-0.16666666666666666,-0.39166666666666666,-0.21666666666666667,-0.7583333333333333,0.09166666666666666,-0.6583333333333333,0.275,-0.5166666666666667,0.275,-0.49166666666666664,-0.25833333333333336,-0.7666666666666667,0.09166666666666666,-0.6333333333333333,0.25833333333333336,-0.5166666666666667,0.225,-0.5666666666666667,-0.25,-0.7583333333333333,0.075,-0.6416666666666667,0.19166666666666668,-0.525,0.175
0,0.0,0.0,-0.05309734513274336,0.35398230088495575,-0.3805309734513274,0.584070796460177,-0.6991150442477876,0.5486725663716814,-0.9026548672566371,0.37168141592920356,-0.25663716814159293,0.017699115044247787,-0.584070796460177,-0.017699115044247787,-0.8141592920353983,-0.09734513274336283,-1.0,-0.17699115044247787,-0.3805309734513274,-0.19469026548672566,-0.7787610619469026,0.12389380530973451,-0.7168141592920354,0.23893805309734514,-0.5929203539823009,0.21238938053097345,-0.48672566371681414,-0.26548672566371684,-0.8141592920353983,0.13274336283185842,-0.6902654867256637,0.26548672566371684,-0.5663716814159292,0.23893805309734514,-0.5663716814159292,-0.2831858407079646,-0.7964601769911505,0.07079646017699115,-0.6814159292035398,0.18584070796460178,-0.5663716814159292,0.1592920353982301
0,0.0,0.0,-0.04950495049504951,0.38613861386138615,-0.40594059405940597,0.6633663366336634,-0.7722772277227723,0.6336633663366337,-1.0,0.42574257425742573,-0.22772277227722773,0.0594059405940594,-0.504950495049505,-0.009900990099009901,-0.7524752475247525,-0.10891089108910891,-0.9504950495049505,-0.18811881188118812,-0.37623762376237624,-0.19801980198019803,-0.8217821782178217,0.09900990099009901,-0.7821782178217822,0.27722772277227725,-0.6831683168316832,0.2871287128712871,-0.5247524752475248,-0.2871287128712871,-0.900990099009901,0.12871287128712872,-0.7821782178217822,0.32673267326732675,-0.6534653465346535,0.32673267326732675,-0.6435643564356436,-0.3069306930693069,-0.8910891089108911,0.06930693069306931,-0.7821782178217822,0.2079207920792079,-0.6534653465346535,0.2079207920792079
0,0.0,0.0,-0.1,0.37,-0.44,0.6,-0.78,0.53,-1.0,0.28,-0.13,0.05,-0.32,-0.06,-0.54,-0.19,-0.74,-0.31,-0.26,-0.24,-0.76,0.01,-0.76,0.18,-0.71,0.19,-0.43,-0.35,-0.87,0.01,-0.76,0.2,-0.65,0.18,-0.58,-0.39,-0.84,-0.07,-0.77,0.08,-0.66,0.08
0,0.0,0.0,-0.16470588235294117,0.4235294117647059,-0.5058823529411764,0.5764705882352941,-0.8117647058823529,0.4588235294117647,-1.0,0.16470588235294117,-0.10588235294117647,-0.023529411764705882,-0.09411764705882353,-0.11764705882352941,-0.2235294117647059,-0.2235294117647059,-0.32941176470588235,-0.36470588235294116,-0.2,-0.3764705882352941,-0.5294117647058824,-0.36470588235294116,-0.6705882352941176,-0.24705882352941178,-0.6823529411764706,-0.29411764705882354,-0.35294117647058826,-0.5176470588235295,-0.7294117647058823,-0.12941176470588237,-0.7294117647058823,0.16470588235294117,-0.7058823529411765,0.16470588235294117,-0.49411764705882355,-0.5294117647058824,-0.7294117647058823,-0.12941176470588237,-0.7294117647058823,0.08235294117647059,-0.7294117647058823,0.09411764705882353
0,0.0,0.0,-0.14285714285714285,0.42857142857142855,-0.5396825396825397,0.5079365079365079,-0.7936507936507936,0.38095238095238093,-0.9841269841269841,0.047619047619047616,-0.1111111111111111,-0.4126984126984127,-0.31746031746031744,-0.6031746031746031,-0.49206349206349204,-0.7142857142857143,-0.6666666666666666,-0.9365079365079365,-0.25396825396825395,-0.6031746031746031,-0.9047619047619048,-0.49206349206349204,-0.9206349206349206,-0.07936507936507936,-0.746031746031746,-0.047619047619047616,-0.42857142857142855,-0.6349206349206349,-1.0,-0.31746031746031744,-0.8412698412698413,0.031746031746031744,-0.5714285714285714,-0.031746031746031744,-0.6031746031746031,-0.6190476190476191,-0.9365079365079365,-0.31746031746031744,-0.8412698412698413,-0.06349206349206349,-0.6031746031746031,-0.06349206349206349
0,0.0,0.0,-0.1794871794871795,0.23076923076923078,-0.47435897435897434,0.20512820512820512,-0.7307692307692307,0.10256410256410256,-0.9358974358974359,-0.16666666666666666,-0.0641025641025641,-0.47435897435897434,-0.2948717948717949,-0.6025641025641025,-0.34615384615384615,-0.7435897435897436,-0.358974358974359,-1.0,-0.19230769230769232,-0.5,-0.6666666666666666,-0.3717948717948718,-0.7435897435897436,-0.08974358974358974,-0.6794871794871795,-0.10256410256410256,-0.34615384615384615,-0.4230769230769231,-0.7948717948717948,-0.1794871794871795,-0.6923076923076923,0.10256410256410256,-0.5256410256410257,0.01282051282051282,-0.5,-0.34615384615384615,-0.7435897435897436,-0.1282051282051282,-0.6923076923076923,0.01282051282051282,-0.5641025641025641,-0.038461538461538464
0,0.0,0.0,-0.01639344262295082,0.3442622950819672,-0.18032786885245902,0.3442622950819672,-0.4262295081967213,0.14754098360655737,-0.7377049180327869,-0.14754098360655737,0.32786885245901637,-0.45901639344262296,0.01639344262295082,-0.5737704918032787,-0.03278688524590164,-0.7213114754098361,0.01639344262295082,-1.0,0.08196721311475409,-0.7377049180327869,-0.47540983606557374,-0.5409836065573771,-0.5081967213114754,-0.21311475409836064,-0.36065573770491804,-0.21311475409836064,-0.21311475409836064,-0.819672131147541,-0.7213114754098361,-0.4262295081967213,-0.6557377049180327,-0.06557377049180328,-0.47540983606557374,-0.08196721311475409,-0.5081967213114754,-0.8360655737704918,-0.7377049180327869,-0.47540983606557374,-0.639344262295082,-0.22950819672131148,-0.4262295081967213,-0.19672131147540983
0,0.0,0.0,-0.24242424242424243,0.25757575757575757,-0.45454545454545453,0.24242424242424243,-0.7121212121212122,0.07575757575757576,-1.0,-0.10606060606060606,0.030303030303030304,-0.4696969696969697,-0.6060606060606061,-0.3484848484848485,-0.6363636363636364,-0.10606060606060606,-0.5,-0.09090909090909091,-0.07575757575757576,-0.7272727272727273,-0.7878787878787878,-0.5,-0.7575757575757576,-0.18181818181818182,-0.5454545454545454,-0.15151515151515152,-0.25757575757575757,-0.8484848484848485,-0.8484848484848485,-0.5757575757575758,-0.8333333333333334,-0.2727272727272727,-0.6515151515151515,-0.21212121212121213,-0.4393939393939394,-0.9090909090909091,-0.8636363636363636,-0.6212121212121212,-0.8333333333333334,-0.3939393939393939,-0.6666666666666666,-0.3181818181818182
0,0.0,0.0,-0.0673076923076923,0.21153846153846154,-0.18269230769230768,0.20192307692307693,-0.3557692307692308,0.07692307692307693,-0.5576923076923077,-0.125,0.16346153846153846,-0.33653846153846156,0.019230769230769232,-0.5576923076923077,0.028846153846153848,-0.7596153846153846,0.057692307692307696,-1.0,0.019230769230769232,-0.5192307692307693,-0.375,-0.3942307692307692,-0.38461538461538464,-0.10576923076923077,-0.28846153846153844,-0.09615384615384616,-0.16346153846153846,-0.5673076923076923,-0.5096153846153846,-0.3269230769230769,-0.4326923076923077,-0.057692307692307696,-0.2980769230769231,-0.08653846153846154,-0.33653846153846156,-0.5865384615384616,-0.5288461538461539,-0.3269230769230769,-0.4519230769230769,-0.14423076923076922,-0.3173076923076923,-0.125
0,0.0,0.0,-0.048,0.152,-0.128,0.152,-0.248,0.032,-0.416,-0.136,0.24,-0.312,0.16,-0.592,0.112,-0.792,0.088,-1.0,0.12,-0.472,-0.208,-0.384,-0.264,-0.128,-0.184,-0.088,-0.04,-0.536,-0.36,-0.36,-0.328,-0.128,-0.208,-0.096,-0.184,-0.552,-0.4,-0.344,-0.36,-0.168,-0.248,-0.12
0,0.0,0.0,0.02127659574468085,0.1276595744680851,-0.03546099290780142,0.15602836879432624,-0.20567375886524822,0.0425531914893617,-0.3475177304964539,-0.14184397163120568,0.2978723404255319,-0.2553191489361702,0.3262411347517731,-0.5390070921985816,0.3262411347517731,-0.7730496453900709,0.3262411347517731,-1.0,0.19148936170212766,-0.4326241134751773,-0.10638297872340426,-0.36879432624113473,-0.16312056737588654,-0.15602836879432624,-0.0851063829787234,-0.09929078014184398,0.0425531914893617,-0.5035460992907801,-0.2695035460992908,-0.3404255319148936,-0.24113475177304963,-0.14184397163120568,-0.12056737588652482,-0.0851063829787234,-0.10638297872340426,-0.5177304964539007,-0.3262411347517731,-0.3546099290780142,-0.2978723404255319,-0.18439716312056736,-0.19148936170212766,-0.12056737588652482
0,0.0,0.0,0.08333333333333333,0.1527777777777778,0.08333333333333333,0.2222222222222222,-0.14583333333333334,0.10416666666666667,-0.3055555555555556,-0.0763888888888889,0.3541666666666667,-0.2222222222222222,0.5555555555555556,-0.4097222222222222,0.7083333333333334,-0.5416666666666666,0.8263888888888888,-0.6736111111111112,0.2222222222222222,-0.4097222222222222,0.18055555555555555,-0.6388888888888888,0.09027777777777778,-0.8055555555555556,0.05555555555555555,-1.0,0.0625,-0.4791666666666667,-0.1736111111111111,-0.3472222222222222,-0.1736111111111111,-0.125,-0.09722222222222222,-0.041666666666666664,-0.09027777777777778,-0.4861111111111111,-0.2847222222222222,-0.3402777777777778,-0.2638888888888889,-0.1597222222222222,-0.16666666666666666,-0.08333333333333333
0,0.0,0.0,0.08552631578947369,0.13815789473684212,0.09868421052631579,0.18421052631578946,-0.125,0.08552631578947369,-0.2894736842105263,-0.09210526315789473,0.32894736842105265,-0.23684210526315788,0.5394736842105263,-0.4342105263157895,0.6842105263157895,-0.5657894736842105,0.7828947368421053,-0.7039473684210527,0.18421052631578946,-0.3815789473684211,0.1513157894736842,-0.6513157894736842,0.07236842105263158,-0.8223684210526315,0.02631578947368421,-1.0,0.02631578947368421,-0.4276315789473684,-0.1513157894736842,-0.3881578947368421,-0.17105263157894737,-0.17763157894736842,-0.11842105263157894,-0.07236842105263158,-0.11842105263157894,-0.40789473684210525,-0.2631578947368421,-0.34210526315789475,-0.25,-0.17763157894736842,-0.17105263157894737,-0.09210526315789473
0,0.0,0.0,0.09554140127388536,0.12738853503184713,0.10191082802547771,0.16560509554140126,-0.1337579617834395,0.06369426751592357,-0.3184713375796178,-0.09554140127388536,0.3057324840764331,-0.2484076433121019,0.4968152866242038,-0.46496815286624205,0.6242038216560509,-0.6050955414012739,0.7070063694267515,-0.7388535031847133,0.1592356687898089,-0.39490445859872614,0.12101910828025478,-0.6560509554140127,0.03821656050955414,-0.821656050955414,-0.006369426751592357,-1.0,0.012738853503184714,-0.4267515923566879,-0.16560509554140126,-0.39490445859872614,-0.17834394904458598,-0.20382165605095542,-0.12101910828025478,-0.10828025477707007,-0.12738853503184713,-0.39490445859872614,-0.2611464968152866,-0.3375796178343949,-0.24203821656050956,-0.18471337579617833,-0.16560509554140126,-0.09554140127388536
0,0.0,0.0,0.08024691358024691,0.10493827160493827,0.06790123456790123,0.13580246913580246,-0.17901234567901234,0.043209876543209874,-0.345679012345679,-0.1111111111111111,0.24074074074074073,-0.2716049382716049,0.3950617283950617,-0.48148148148148145,0.49382716049382713,-0.6234567901234568,0.5679012345679012,-0.7654320987654321,0.09259259259259259,-0.41358024691358025,0.024691358024691357,-0.6666666666666666,-0.05555555555555555,-0.8209876543209876,-0.10493827160493827,-1.0,-0.05555555555555555,-0.4444444444444444,-0.2222222222222222,-0.3888888888888889,-0.20987654320987653,-0.19753086419753085,-0.1419753086419753,-0.10493827160493827,-0.19135802469135801,-0.41358024691358025,-0.3271604938271605,-0.3271604938271605,-0.2962962962962963,-0.18518518518518517,-0.21604938271604937,-0.1111111111111111
0,0.0,0.0,0.07453416149068323,0.10559006211180125,0.037267080745341616,0.11801242236024845,-0.22981366459627328,0.049689440993788817,-0.4161490683229814,-0.09316770186335403,0.17391304347826086,-0.2981366459627329,0.2981366459627329,-0.4968944099378882,0.37888198757763975,-0.6459627329192547,0.4409937888198758,-0.7950310559006211,0.024844720496894408,-0.422360248447205,-0.062111801242236024,-0.6770186335403726,-0.15527950310559005,-0.8260869565217391,-0.21739130434782608,-1.0,-0.12422360248447205,-0.43478260869565216,-0.30434782608695654,-0.37888198757763975,-0.2608695652173913,-0.18012422360248448,-0.18633540372670807,-0.09316770186335403,-0.2484472049689441,-0.391304347826087,-0.391304347826087,-0.3105590062111801,-0.3416149068322981,-0.16770186335403728,-0.2546583850931677,-0.09316770186335403
0,0.0,0.0,0.048484848484848485,0.09090909090909091,-0.01818181818181818,0.08484848484848485,-0.2545454545454545,0.012121212121212121,-0.41818181818181815,-0.13333333333333333,0.12727272727272726,-0.2909090909090909,0.22424242424242424,-0.49696969696969695,0.28484848484848485,-0.6606060606060606,0.34545454545454546,-0.8303030303030303,-0.012121212121212121,-0.4121212121212121,-0.09696969696969697,-0.6606060606060606,-0.20606060606060606,-0.8181818181818182,-0.2787878787878788,-1.0,-0.14545454545454545,-0.4121212121212121,-0.3212121212121212,-0.3696969696969697,-0.2727272727272727,-0.17575757575757575,-0.18181818181818182,-0.10303030303030303,-0.2606060606060606,-0.36363636363636365,-0.4121212121212121,-0.2909090909090909,-0.3515151515151515,-0.14545454545454545,-0.23636363636363636,-0.08484848484848485
0,0.0,0.0,0.006134969325153374,0.09202453987730061,-0.10429447852760736,0.07975460122699386,-0.34355828220858897,0.006134969325153374,-0.49693251533742333,-0.1411042944785276,0.04294478527607362,-0.3067484662576687,0.08588957055214724,-0.5214723926380368,0.12883435582822086,-0.6871165644171779,0.17177914110429449,-0.8650306748466258,-0.09202453987730061,-0.4171779141104294,-0.2085889570552147,-0.6687116564417178,-0.3312883435582822,-0.8220858895705522,-0.4233128834355828,-1.0,-0.22085889570552147,-0.4233128834355828,-0.4233128834355828,-0.37423312883435583,-0.3619631901840491,-0.17791411042944785,-0.26380368098159507,-0.10429447852760736,-0.32515337423312884,-0.36809815950920244,-0.49693251533742333,-0.27607361963190186,-0.4171779141104294,-0.12883435582822086,-0.3006134969325153,-0.0736196319018405
0,0.0,0.0,-0.05,0.11875,-0.20625,0.08125,-0.425,0.0,-0.56875,-0.14375,-0.05625,-0.30625,-0.075,-0.49375,-0.04375,-0.64375,0.00625,-0.81875,-0.16875,-0.40625,-0.3,-0.6625,-0.44375,-0.81875,-0.55625,-1.0,-0.28125,-0.4125,-0.475,-0.4,-0.41875,-0.19375,-0.325,-0.1125,-0.35,-0.375,-0.51875,-0.29375,-0.4625,-0.1375,-0.35625,-0.0625
0,0.0,0.0,-0.024242424242424242,0.07272727272727272,-0.18787878787878787,0.024242424242424242,-0.4,-0.030303030303030304,-0.5515151515151515,-0.16363636363636364,-0.024242424242424242,-0.4121212121212121,-0.07272727272727272,-0.6121212121212121,-0.07272727272727272,-0.7696969696969697,-0.05454545454545454,-0.9333333333333333,-0.16363636363636364,-0.44242424242424244,-0.3151515151515151,-0.6848484848484848,-0.4666666666666667,-0.8303030303030303,-0.5696969696969697,-1.0,-0.2787878787878788,-0.4,-0.47878787878787876,-0.3393939393939394,-0.43636363636363634,-0.15151515151515152,-0.34545454545454546,-0.10909090909090909,-0.36363636363636365,-0.3393939393939394,-0.503030303030303,-0.23636363636363636,-0.4303030303030303,-0.09696969696969697,-0.32727272727272727,-0.048484848484848485
0,0.0,0.0,-0.045714285714285714,0.05714285714285714,-0.21714285714285714,0.0,-0.4228571428571429,-0.07428571428571429,-0.5771428571428572,-0.2,-0.09142857142857143,-0.38857142857142857,-0.16,-0.6514285714285715,-0.18285714285714286,-0.8342857142857143,-0.19428571428571428,-1.0,-0.21714285714285714,-0.42857142857142855,-0.3657142857142857,-0.68,-0.5142857142857142,-0.8228571428571428,-0.6285714285714286,-0.9657142857142857,-0.32,-0.38857142857142857,-0.5085714285714286,-0.35428571428571426,-0.46285714285714286,-0.2,-0.37142857142857144,-0.14857142857142858,-0.38857142857142857,-0.32571428571428573,-0.5371428571428571,-0.24571428571428572,-0.4742857142857143,-0.13142857142857142,-0.37714285714285717,-0.08571428571428572
0,0.0,0.0,-0.043478260869565216,0.021739130434782608,-0.20652173913043478,-0.04891304347826087,-0.41304347826086957,-0.10326086956521739,-0.5597826086956522,-0.1956521739130435,-0.14130434782608695,-0.44021739130434784,-0.21739130434782608,-0.6739130434782609,-0.2608695652173913,-0.8478260869565217,-0.28804347826086957,-1.0,-0.266304347826087,-0.43478260869565216,-0.42934782608695654,-0.6739130434782609,-0.5760869565217391,-0.8043478260869565,-0.6847826086956522,-0.9347826086956522,-0.358695652173913,-0.375,-0.5163043478260869,-0.3423913043478261,-0.45652173913043476,-0.20108695652173914,-0.3641304347826087,-0.15217391304347827,-0.41304347826086957,-0.2826086956521739,-0.532608695652174,-0.22282608695652173,-0.45652173913043476,-0.125,-0.358695652173913,-0.08152173913043478
0,0.0,0.0,-0.04736842105263158,0.010526315789473684,-0.21578947368421053,-0.06842105263157895,-0.4105263157894737,-0.12105263157894737,-0.5684210526315789,-0.20526315789473684,-0.16842105263157894,-0.4421052631578947,-0.2578947368421053,-0.6789473684210526,-0.3105263157894737,-0.8473684210526315,-0.35789473684210527,-1.0,-0.2789473684210526,-0.4263157894736842,-0.45263157894736844,-0.6526315789473685,-0.5947368421052631,-0.7789473684210526,-0.6947368421052632,-0.9052631578947369,-0.3631578947368421,-0.35789473684210527,-0.5052631578947369,-0.3263157894736842,-0.43157894736842106,-0.19473684210526315,-0.34210526315789475,-0.15789473684210525,-0.41578947368421054,-0.2736842105263158,-0.5157894736842106,-0.23157894736842105,-0.4368421052631579,-0.1368421052631579,-0.3473684210526316,-0.1
0,0.0,0.0,-0.054455445544554455,-0.0049504950495049506,-0.22277227722772278,-0.08415841584158416,-0.40594059405940597,-0.1188118811881188,-0.5495049504950495,-0.19801980198019803,-0.19306930693069307,-0.43564356435643564,-0.3069306930693069,-0.6732673267326733,-0.3613861386138614,-0.8514851485148515,-0.40594059405940597,-1.0,-0.2871287128712871,-0.39603960396039606,-0.4504950495049505,-0.599009900990099,-0.5841584158415841,-0.7079207920792079,-0.6831683168316832,-0.8168316831683168,-0.3613861386138614,-0.31683168316831684,-0.4900990099009901,-0.2871287128712871,-0.400990099009901,-0.15841584158415842,-0.3217821782178218,-0.1485148514851485,-0.39603960396039606,-0.2376237623762376,-0.4900990099009901,-0.18811881188118812,-0.400990099009901,-0.11386138613861387,-0.3217821782178218,-0.09405940594059406
0,0.0,0.0,-0.07446808510638298,-0.026595744680851064,-0.2765957446808511,-0.10638297872340426,-0.46808510638297873,-0.13297872340425532,-0.6223404255319149,-0.2074468085106383,-0.25,-0.4574468085106383,-0.3776595744680851,-0.6914893617021277,-0.44680851063829785,-0.8617021276595744,-0.5106382978723404,-1.0,-0.3404255319148936,-0.4095744680851064,-0.526595744680851,-0.6117021276595744,-0.6648936170212766,-0.7180851063829787,-0.7819148936170213,-0.824468085106383,-0.40425531914893614,-0.324468085106383,-0.5585106382978723,-0.2872340425531915,-0.4521276595744681,-0.16489361702127658,-0.3670212765957447,-0.15425531914893617,-0.43617021276595747,-0.24468085106382978,-0.5372340425531915,-0.18617021276595744,-0.44148936170212766,-0.10638297872340426,-0.35638297872340424,-0.0851063829787234
0,0.0,0.0,-0.09944751381215469,-0.03867403314917127,-0.30939226519337015,-0.1270718232044199,-0.5027624309392266,-0.14917127071823205,-0.6574585635359116,-0.19337016574585636,-0.2983425414364641,-0.47513812154696133,-0.43646408839779005,-0.7016574585635359,-0.5193370165745856,-0.861878453038674,-0.585635359116022,-1.0,-0.3867403314917127,-0.4143646408839779,-0.569060773480663,-0.6022099447513812,-0.7182320441988951,-0.7071823204419889,-0.8342541436464088,-0.8011049723756906,-0.4419889502762431,-0.3259668508287293,-0.6077348066298343,-0.292817679558011,-0.5082872928176796,-0.17679558011049723,-0.4143646408839779,-0.14917127071823205,-0.4585635359116022,-0.23204419889502761,-0.574585635359116,-0.18232044198895028,-0.4861878453038674,-0.10497237569060773,-0.39226519337016574,-0.08287292817679558
0,0.0,0.0,-0.13372093023255813,-0.05813953488372093,-0.36046511627906974,-0.1511627906976744,-0.5465116279069767,-0.1686046511627907,-0.6918604651162791,-0.18023255813953487,-0.3546511627906977,-0.5,-0.5058139534883721,-0.7151162790697675,-0.6104651162790697,-0.8662790697674418,-0.6918604651162791,-1.0,-0.43023255813953487,-0.42441860465116277,-0.622093023255814,-0.6046511627906976,-0.7732558139534884,-0.6918604651162791,-0.8837209302325582,-0.7790697674418605,-0.47674418604651164,-0.32558139534883723,-0.6511627906976745,-0.29069767441860467,-0.5465116279069767,-0.1744186046511628,-0.45348837209302323,-0.1569767441860465,-0.48255813953488375,-0.22674418604651161,-0.6104651162790697,-0.18023255813953487,-0.5232558139534884,-0.11627906976744186,-0.436046511627907,-0.09302325581395349
0,0.0,0.0,-0.14814814814814814,-0.09876543209876543,-0.36419753086419754,-0.19135802469135801,-0.5617283950617284,-0.17901234567901234,-0.7160493827160493,-0.17901234567901234,-0.38271604938271603,-0.5185185185185185,-0.5432098765432098,-0.7345679012345679,-0.654320987654321,-0.8765432098765432,-0.7407407407407407,-1.0,-0.4567901234567901,-0.43209876543209874,-0.6604938271604939,-0.5864197530864198,-0.808641975308642,-0.6666666666666666,-0.9197530864197531,-0.7530864197530864,-0.49382716049382713,-0.3148148148148148,-0.6728395061728395,-0.2716049382716049,-0.5617283950617284,-0.16049382716049382,-0.46296296296296297,-0.1419753086419753,-0.49382716049382713,-0.2222222222222222,-0.6296296296296297,-0.17901234567901234,-0.5370370370370371,-0.11728395061728394,-0.4444444444444444,-0.09876543209876543
0,0.0,0.0,-0.17647058823529413,-0.12418300653594772,-0.40522875816993464,-0.22875816993464052,-0.6013071895424836,-0.19607843137254902,-0.7450980392156863,-0.16993464052287582,-0.41830065359477125,-0.5424836601307189,-0.5882352941176471,-0.7516339869281046,-0.6928104575163399,-0.8823529411764706,-0.7777777777777778,-1.0,-0.48366013071895425,-0.4444444444444444,-0.6862745098039216,-0.5882352941176471,-0.8300653594771242,-0.6666666666666666,-0.9281045751633987,-0.738562091503268,-0.5163398692810458,-0.3202614379084967,-0.6993464052287581,-0.2679738562091503,-0.5751633986928104,-0.1568627450980392,-0.477124183006536,-0.13725490196078433,-0.5098039215686274,-0.22875816993464052,-0.6535947712418301,-0.1830065359477124,-0.5620915032679739,-0.13071895424836602,-0.47058823529411764,-0.1111111111111111
0,0.0,0.0,-0.21739130434782608,-0.16666666666666666,-0.463768115942029,-0.2753623188405797,-0.6739130434782609,-0.21739130434782608,-0.7971014492753623,-0.14492753623188406,-0.4927536231884058,-0.5652173913043478,-0.6811594202898551,-0.7681159420289855,-0.7898550724637681,-0.8913043478260869,-0.8768115942028986,-1.0,-0.5507246376811594,-0.4420289855072464,-0.7608695652173914,-0.5434782608695652,-0.8985507246376812,-0.6086956521739131,-1.0,-0.6811594202898551,-0.5579710144927537,-0.30434782608695654,-0.7391304347826086,-0.2391304347826087,-0.6159420289855072,-0.15217391304347827,-0.5144927536231884,-0.15217391304347827,-0.5362318840579711,-0.18840579710144928,-0.6956521739130435,-0.15217391304347827,-0.6014492753623188,-0.10869565217391304,-0.4927536231884058,-0.09420289855072464
0,0.0,0.0,-0.26153846153846155,-0.2153846153846154,-0.5153846153846153,-0.3153846153846154,-0.7153846153846154,-0.24615384615384617,-0.8461538461538461,-0.14615384615384616,-0.5538461538461539,-0.5692307692307692,-0.7384615384615385,-0.7461538461538462,-0.8461538461538461,-0.8461538461538461,-0.9307692307692308,-0.9307692307692308,-0.5923076923076923,-0.4307692307692308,-0.8,-0.49230769230769234,-0.9230769230769231,-0.5307692307692308,-1.0,-0.5923076923076923,-0.5923076923076923,-0.2692307692307692,-0.7846153846153846,-0.23846153846153847,-0.6846153846153846,-0.18461538461538463,-0.6153846153846154,-0.18461538461538463,-0.5538461538461539,-0.14615384615384616,-0.7230769230769231,-0.13076923076923078,-0.6538461538461539,-0.1076923076923077,-0.5615384615384615,-0.1076923076923077
0,0.0,0.0,-0.3228346456692913,-0.25196850393700787,-0.5826771653543307,-0.31496062992125984,-0.7874015748031497,-0.2283464566929134,-0.9212598425196851,-0.11023622047244094,-0.5984251968503937,-0.5275590551181102,-0.7637795275590551,-0.6692913385826772,-0.8818897637795275,-0.7401574803149606,-0.9448818897637795,-0.8031496062992126,-0.6220472440944882,-0.36220472440944884,-0.8346456692913385,-0.4094488188976378,-0.937007874015748,-0.4251968503937008,-1.0,-0.48031496062992124,-0.6141732283464567,-0.1968503937007874,-0.8267716535433071,-0.1968503937007874,-0.7952755905511811,-0.1732283464566929,-0.7637795275590551,-0.18110236220472442,-0.5748031496062992,-0.06299212598425197,-0.7559055118110236,-0.06299212598425197,-0.7401574803149606,-0.06299212598425197,-0.6771653543307087,-0.06299212598425197
0,0.0,0.0,-0.33884297520661155,-0.2396694214876033,-0.6115702479338843,-0.2975206611570248,-0.8181818181818182,-0.21487603305785125,-0.9669421487603306,-0.11570247933884298,-0.6033057851239669,-0.5041322314049587,-0.7603305785123967,-0.6115702479338843,-0.8842975206611571,-0.6694214876033058,-0.9504132231404959,-0.71900826446281,-0.6363636363636364,-0.3305785123966942,-0.8677685950413223,-0.36363636363636365,-0.9338842975206612,-0.34710743801652894,-1.0,-0.3884297520661157,-0.628099173553719,-0.17355371900826447,-0.859504132231405,-0.1652892561983471,-0.8181818181818182,-0.1322314049586777,-0.7933884297520661,-0.1487603305785124,-0.5950413223140496,-0.04132231404958678,-0.768595041322314,-0.01652892561983471,-0.7603305785123967,-0.024793388429752067,-0.71900826446281,-0.04132231404958678
0,0.0,0.0,-0.3706896551724138,-0.25,-0.6637931034482759,-0.28448275862068967,-0.853448275862069,-0.1896551724137931,-1.0,-0.07758620689655173,-0.6293103448275862,-0.4482758620689655,-0.7758620689655172,-0.5344827586206896,-0.896551724137931,-0.5775862068965517,-0.9568965517241379,-0.6120689655172413,-0.6551724137931034,-0.27586206896551724,-0.8879310344827587,-0.27586206896551724,-0.9568965517241379,-0.25,-0.9913793103448276,-0.27586206896551724,-0.6379310344827587,-0.11206896551724138,-0.8793103448275862,-0.09482758620689655,-0.853448275862069,-0.08620689655172414,-0.8189655172413793,-0.09482758620689655,-0.5948275862068966,0.02586206896551724,-0.7931034482758621,0.034482758620689655,-0.7844827586206896,0.017241379310344827,-0.7241379310344828,0.0
0,0.0,0.0,-0.40707964601769914,-0.24778761061946902,-0.6814159292035398,-0.26548672566371684,-0.8672566371681416,-0.17699115044247787,-1.0,-0.05309734513274336,-0.6283185840707964,-0.40707964601769914,-0.7699115044247787,-0.4690265486725664,-0.8849557522123894,-0.49557522123893805,-0.9292035398230089,-0.5132743362831859,-0.6194690265486725,-0.22123893805309736,-0.8495575221238938,-0.21238938053097345,-0.911504424778761,-0.17699115044247787,-0.9380530973451328,-0.17699115044247787,-0.6106194690265486,-0.061946902654867256,-0.8407079646017699,-0.04424778761061947,-0.8407079646017699,-0.04424778761061947,-0.8230088495575221,-0.04424778761061947,-0.5663716814159292,0.08849557522123894,-0.7610619469026548,0.07964601769911504,-0.7699115044247787,0.05309734513274336,-0.7168141592920354,0.04424778761061947
0,0.0,0.0,-0.42990654205607476,-0.21495327102803738,-0.719626168224299,-0.2336448598130841,-0.897196261682243,-0.12149532710280374,-1.0,0.037383177570093455,-0.6635514018691588,-0.32710280373831774,-0.8130841121495327,-0.3644859813084112,-0.9158878504672897,-0.3644859813084112,-0.9626168224299065,-0.37383177570093457,-0.6448598130841121,-0.14018691588785046,-0.8598130841121495,-0.1308411214953271,-0.9345794392523364,-0.08411214953271028,-0.9719626168224299,-0.07476635514018691,-0.616822429906542,0.018691588785046728,-0.8504672897196262,0.037383177570093455,-0.8878504672897196,0.056074766355140186,-0.8598130841121495,0.056074766355140186,-0.5607476635514018,0.16822429906542055,-0.7570093457943925,0.16822429906542055,-0.794392523364486,0.1588785046728972,-0.7663551401869159,0.1308411214953271
0,0.0,0.0,-0.4,-0.22105263157894736,-0.7473684210526316,-0.21052631578947367,-0.968421052631579,-0.06315789473684211,-1.0,0.14736842105263157,-0.7263157894736842,-0.23157894736842105,-0.8947368421052632,-0.2631578947368421,-0.9368421052631579,-0.2631578947368421,-0.9473684210526315,-0.28421052631578947,-0.7368421052631579,-0.05263157894736842,-0.9263157894736842,0.0,-0.9894736842105263,0.0,-1.0,-0.031578947368421054,-0.6842105263157895,0.12631578947368421,-0.9052631578947369,0.18947368421052632,-0.9157894736842105,0.1368421052631579,-0.8421052631578947,0.07368421052631578,-0.6105263157894737,0.29473684210526313,-0.7894736842105263,0.30526315789473685,-0.8,0.24210526315789474,-0.7368421052631579,0.15789473684210525
0,0.0,0.0,-0.3695652173913043,-0.20652173913043478,-0.7391304347826086,-0.17391304347826086,-0.967391304347826,-0.03260869565217391,-1.0,0.17391304347826086,-0.7282608695652174,-0.10869565217391304,-0.8913043478260869,-0.09782608695652174,-0.9456521739130435,-0.07608695652173914,-0.9782608695652174,-0.043478260869565216,-0.717391304347826,0.06521739130434782,-0.9130434782608695,0.13043478260869565,-0.967391304347826,0.11956521739130435,-0.9891304347826086,0.09782608695652174,-0.6630434782608695,0.22826086956521738,-0.8913043478260869,0.30434782608695654,-0.8804347826086957,0.20652173913043478,-0.8043478260869565,0.11956521739130435,-0.5760869565217391,0.3804347826086957,-0.7717391304347826,0.3695652173913043,-0.7717391304347826,0.2717391304347826,-0.7065217391304348,0.17391304347826086
0,0.0,0.0,-0.3548387096774194,-0.20430107526881722,-0.6881720430107527,-0.13978494623655913,-0.9139784946236559,0.0,-0.9247311827956989,0.1935483870967742,-0.6989247311827957,0.053763440860215055,-0.8494623655913979,0.12903225806451613,-0.9354838709677419,0.22580645161290322,-0.978494623655914,0.3333333333333333,-0.6451612903225806,0.1935483870967742,-0.8387096774193549,0.2903225806451613,-0.9247311827956989,0.3118279569892473,-1.0,0.3333333333333333,-0.5698924731182796,0.3118279569892473,-0.8064516129032258,0.3978494623655914,-0.8064516129032258,0.26881720430107525,-0.7419354838709677,0.1827956989247312,-0.5053763440860215,0.43010752688172044,-0.7096774193548387,0.44086021505376344,-0.7096774193548387,0.3225806451612903,-0.6236559139784946,0.21505376344086022
0,0.0,0.0,-0.38372093023255816,-0.20930232558139536,-0.7325581395348837,-0.08139534883720931,-0.9302325581395349,0.12790697674418605,-0.9767441860465116,0.36046511627906974,-0.6976744186046512,0.08139534883720931,-0.8604651162790697,0.13953488372093023,-0.9069767441860465,0.20930232558139536,-0.8953488372093024,0.29069767441860467,-0.6395348837209303,0.2441860465116279,-0.8255813953488372,0.3488372093023256,-0.9302325581395349,0.37209302325581395,-0.9883720930232558,0.3953488372093023,-0.5581395348837209,0.38372093023255816,-0.8255813953488372,0.5116279069767442,-0.9418604651162791,0.5232558139534884,-1.0,0.5697674418604651,-0.4883720930232558,0.5116279069767442,-0.7325581395348837,0.5116279069767442,-0.7325581395348837,0.3953488372093023,-0.6511627906976745,0.313953488372093
0,0.0,0.0,-0.38202247191011235,-0.1797752808988764,-0.7078651685393258,-0.033707865168539325,-0.898876404494382,0.15730337078651685,-0.9325842696629213,0.39325842696629215,-0.6629213483146067,0.1348314606741573,-0.8314606741573034,0.20224719101123595,-0.8651685393258427,0.30337078651685395,-0.8426966292134831,0.39325842696629215,-0.6067415730337079,0.2808988764044944,-0.7752808988764045,0.4157303370786517,-0.9101123595505618,0.47191011235955055,-1.0,0.5393258426966292,-0.5168539325842697,0.4044943820224719,-0.7752808988764045,0.5393258426966292,-0.8876404494382022,0.5056179775280899,-0.9325842696629213,0.5168539325842697,-0.4606741573033708,0.5280898876404494,-0.6853932584269663,0.5393258426966292,-0.6853932584269663,0.4157303370786517,-0.6292134831460674,0.3258426966292135
0,0.0,0.0,-0.32954545454545453,-0.18181818181818182,-0.6704545454545454,-0.03409090909090909,-0.8863636363636364,0.18181818181818182,-0.9431818181818182,0.38636363636363635,-0.6931818181818182,0.11363636363636363,-0.8636363636363636,0.1590909090909091,-0.9545454545454546,0.22727272727272727,-1.0,0.3068181818181818,-0.6363636363636364,0.2727272727272727,-0.8295454545454546,0.38636363636363635,-0.9318181818181818,0.4090909090909091,-1.0,0.4431818181818182,-0.5340909090909091,0.3977272727272727,-0.7727272727272727,0.5340909090909091,-0.7954545454545454,0.36363636363636365,-0.7386363636363636,0.23863636363636365,-0.4431818181818182,0.5340909090909091,-0.6477272727272727,0.5909090909090909,-0.6590909090909091,0.4431818181818182,-0.5909090909090909,0.3181818181818182
0,0.0,0.0,-0.29,-0.15,-0.6,0.0,-0.77,0.21,-0.81,0.41,-0.62,0.11,-0.8,0.13,-0.92,0.19,-1.0,0.24,-0.56,0.25,-0.75,0.38,-0.86,0.44,-0.95,0.51,-0.47,0.36,-0.68,0.48,-0.68,0.32,-0.61,0.22,-0.38,0.48,-0.58,0.54,-0.58,0.41,-0.51,0.31
0,0.0,0.0,-0.2857142857142857,-0.13333333333333333,-0.580952380952381,0.01904761904761905,-0.7428571428571429,0.22857142857142856,-0.7523809523809524,0.4380952380952381,-0.6095238095238096,0.11428571428571428,-0.7904761904761904,0.14285714285714285,-0.9142857142857143,0.2,-1.0,0.24761904761904763,-0.5523809523809524,0.24761904761904763,-0.7333333333333333,0.4,-0.8571428571428571,0.47619047619047616,-0.9523809523809523,0.5619047619047619,-0.44761904761904764,0.3619047619047619,-0.6571428571428571,0.47619047619047616,-0.6571428571428571,0.3142857142857143,-0.580952380952381,0.21904761904761905,-0.3523809523809524,0.4666666666666667,-0.5428571428571428,0.5333333333333333,-0.5333333333333333,0.3904761904761905,-0.45714285714285713,0.2857142857142857
0,0.0,0.0,-0.30434782608695654,-0.10434782608695652,-0.5478260869565217,0.034782608695652174,-0.6608695652173913,0.23478260869565218,-0.6521739130434783,0.4260869565217391,-0.6260869565217392,0.0782608695652174,-0.8,0.13043478260869565,-0.9217391304347826,0.2,-1.0,0.23478260869565218,-0.5478260869565217,0.20869565217391303,-0.7391304347826086,0.3565217391304348,-0.8608695652173913,0.4434782608695652,-0.9565217391304348,0.5304347826086957,-0.4434782608695652,0.30434782608695654,-0.6434782608695652,0.4260869565217391,-0.591304347826087,0.28695652173913044,-0.5304347826086957,0.20869565217391303,-0.3391304347826087,0.4,-0.48695652173913045,0.4782608695652174,-0.46956521739130436,0.3565217391304348,-0.391304347826087,0.2608695652173913
0,0.0,0.0,-0.25196850393700787,-0.07086614173228346,-0.48031496062992124,0.07086614173228346,-0.5748031496062992,0.25196850393700787,-0.5669291338582677,0.41732283464566927,-0.6062992125984252,0.047244094488188976,-0.7952755905511811,0.11023622047244094,-0.9212598425196851,0.18110236220472442,-1.0,0.2204724409448819,-0.5275590551181102,0.1732283464566929,-0.7244094488188977,0.30708661417322836,-0.8267716535433071,0.3937007874015748,-0.9212598425196851,0.47244094488188976,-0.41732283464566927,0.25984251968503935,-0.5669291338582677,0.3937007874015748,-0.5039370078740157,0.28346456692913385,-0.4566929133858268,0.2125984251968504,-0.30708661417322836,0.3228346456692913,-0.4251968503937008,0.4094488188976378,-0.3937007874015748,0.31496062992125984,-0.33070866141732286,0.23622047244094488
0,0.0,0.0,-0.21739130434782608,-0.036231884057971016,-0.427536231884058,0.08695652173913043,-0.5072463768115942,0.2608695652173913,-0.5144927536231884,0.42028985507246375,-0.6014492753623188,0.050724637681159424,-0.782608695652174,0.12318840579710146,-0.9130434782608695,0.1956521739130435,-1.0,0.2463768115942029,-0.5217391304347826,0.15217391304347827,-0.6956521739130435,0.2898550724637681,-0.8043478260869565,0.391304347826087,-0.8985507246376812,0.4782608695652174,-0.41304347826086957,0.2318840579710145,-0.5,0.36231884057971014,-0.42028985507246375,0.2753623188405797,-0.38405797101449274,0.2246376811594203,-0.3115942028985507,0.2971014492753623,-0.38405797101449274,0.39855072463768115,-0.34057971014492755,0.32608695652173914,-0.3115942028985507,0.2608695652173913
0,0.0,0.0,-0.20279720279720279,-0.006993006993006993,-0.3986013986013986,0.1048951048951049,-0.46153846153846156,0.2727272727272727,-0.4755244755244755,0.4125874125874126,-0.6083916083916084,0.04895104895104895,-0.7902097902097902,0.1258741258741259,-0.916083916083916,0.1958041958041958,-1.0,0.23776223776223776,-0.5314685314685315,0.13986013986013987,-0.6993006993006993,0.2937062937062937,-0.8111888111888111,0.3986013986013986,-0.8951048951048951,0.4825174825174825,-0.42657342657342656,0.21678321678321677,-0.5034965034965035,0.3706293706293706,-0.40559440559440557,0.3076923076923077,-0.3706293706293706,0.24475524475524477,-0.3356643356643357,0.26573426573426573,-0.38461538461538464,0.38461538461538464,-0.32867132867132864,0.32867132867132864,-0.3006993006993007,0.26573426573426573
0,0.0,0.0,-0.18181818181818182,0.032467532467532464,-0.37012987012987014,0.14935064935064934,-0.42857142857142855,0.3116883116883117,-0.44155844155844154,0.43506493506493504,-0.5909090909090909,0.03896103896103896,-0.7792207792207793,0.12337662337662338,-0.9025974025974026,0.18831168831168832,-1.0,0.23376623376623376,-0.5194805194805194,0.11688311688311688,-0.6883116883116883,0.2597402597402597,-0.7987012987012987,0.37662337662337664,-0.8961038961038961,0.461038961038961,-0.42857142857142855,0.17532467532467533,-0.4805194805194805,0.35064935064935066,-0.36363636363636365,0.2922077922077922,-0.3246753246753247,0.22727272727272727,-0.35714285714285715,0.22077922077922077,-0.38311688311688313,0.35064935064935066,-0.3116883116883117,0.3051948051948052,-0.2727272727272727,0.24675324675324675
0,0.0,0.0,-0.16666666666666666,0.06172839506172839,-0.3395061728395062,0.17901234567901234,-0.3888888888888889,0.3271604938271605,-0.41975308641975306,0.4444444444444444,-0.5740740740740741,0.05555555555555555,-0.7716049382716049,0.14814814814814814,-0.8950617283950617,0.20987654320987653,-1.0,0.2654320987654321,-0.5123456790123457,0.12962962962962962,-0.6790123456790124,0.2716049382716049,-0.7962962962962963,0.3888888888888889,-0.8765432098765432,0.47530864197530864,-0.42592592592592593,0.18518518518518517,-0.47530864197530864,0.35802469135802467,-0.35802469135802467,0.30864197530864196,-0.30864197530864196,0.24691358024691357,-0.36419753086419754,0.2222222222222222,-0.3888888888888889,0.35802469135802467,-0.30864197530864196,0.3271604938271605,-0.25925925925925924,0.2654320987654321
0,0.0,0.0,-0.13291139240506328,0.10126582278481013,-0.2911392405063291,0.2468354430379747,-0.34177215189873417,0.4177215189873418,-0.3924050632911392,0.5316455696202531,-0.5759493670886076,0.13924050632911392,-0.7721518987341772,0.26582278481012656,-0.8987341772151899,0.34177215189873417,-1.0,0.41139240506329117,-0.5189873417721519,0.20253164556962025,-0.6835443037974683,0.379746835443038,-0.7911392405063291,0.4936708860759494,-0.8670886075949367,0.5886075949367089,-0.43037974683544306,0.25316455696202533,-0.4430379746835443,0.43670886075949367,-0.34177215189873417,0.379746835443038,-0.310126582278481,0.3037974683544304,-0.35443037974683544,0.27848101265822783,-0.35443037974683544,0.4240506329113924,-0.27848101265822783,0.3860759493670886,-0.2468354430379747,0.3227848101265823
0,0.0,0.0,-0.125,0.16447368421052633,-0.2631578947368421,0.3355263157894737,-0.3092105263157895,0.4934210526315789,-0.3684210526315789,0.6052631578947368,-0.5921052631578947,0.20394736842105263,-0.7828947368421053,0.3815789473684211,-0.9013157894736842,0.4868421052631579,-1.0,0.5789473684210527,-0.5263157894736842,0.24342105263157895,-0.7039473684210527,0.4276315789473684,-0.8026315789473685,0.5657894736842105,-0.875,0.6644736842105263,-0.4407894736842105,0.27631578947368424,-0.45394736842105265,0.4868421052631579,-0.32894736842105265,0.4342105263157895,-0.2894736842105263,0.34868421052631576,-0.3881578947368421,0.29605263157894735,-0.3618421052631579,0.4407894736842105,-0.26973684210526316,0.42105263157894735,-0.23026315789473684,0.3618421052631579
0,0.0,0.0,-0.11643835616438356,0.18493150684931506,-0.2534246575342466,0.3767123287671233,-0.2945205479452055,0.5547945205479452,-0.3493150684931507,0.6712328767123288,-0.6164383561643836,0.2671232876712329,-0.7945205479452054,0.4726027397260274,-0.9041095890410958,0.6027397260273972,-1.0,0.6986301369863014,-0.547945205479452,0.2808219178082192,-0.7328767123287672,0.4863013698630137,-0.8287671232876712,0.636986301369863,-0.9041095890410958,0.7328767123287672,-0.4589041095890411,0.3082191780821918,-0.4589041095890411,0.541095890410959,-0.3219178082191781,0.4794520547945205,-0.2808219178082192,0.3904109589041096,-0.4041095890410959,0.3219178082191781,-0.363013698630137,0.4794520547945205,-0.2671232876712329,0.4520547945205479,-0.2191780821917808,0.3972602739726027
0,0.0,0.0,-0.12030075187969924,0.24812030075187969,-0.2631578947368421,0.47368421052631576,-0.2932330827067669,0.6466165413533834,-0.3458646616541353,0.7669172932330827,-0.6691729323308271,0.3533834586466165,-0.8270676691729323,0.6090225563909775,-0.9097744360902256,0.7819548872180451,-1.0,0.9097744360902256,-0.5864661654135338,0.3383458646616541,-0.7669172932330827,0.5789473684210527,-0.8721804511278195,0.7293233082706767,-0.9774436090225563,0.8345864661654135,-0.49624060150375937,0.3533834586466165,-0.46616541353383456,0.6090225563909775,-0.3082706766917293,0.5263157894736842,-0.2932330827067669,0.42105263157894735,-0.43609022556390975,0.3609022556390977,-0.37593984962406013,0.5263157894736842,-0.2706766917293233,0.46616541353383456,-0.23308270676691728,0.37593984962406013
0,0.0,0.0,-0.10071942446043165,0.2589928057553957,-0.22302158273381295,0.5035971223021583,-0.23741007194244604,0.6762589928057554,-0.26618705035971224,0.7913669064748201,-0.6402877697841727,0.41007194244604317,-0.762589928057554,0.6762589928057554,-0.8201438848920863,0.8633093525179856,-0.8848920863309353,1.0,-0.5323741007194245,0.37410071942446044,-0.4316546762589928,0.6330935251798561,-0.302158273381295,0.5539568345323741,-0.28776978417266186,0.4244604316546763,-0.4460431654676259,0.38848920863309355,-0.35251798561151076,0.6258992805755396,-0.23741007194244604,0.5251798561151079,-0.2805755395683453,0.4172661870503597,-0.38848920863309355,0.39568345323741005,-0.30935251798561153,0.539568345323741,-0.2302158273381295,0.4748201438848921,-0.22302158273381295,0.38848920863309355
0,0.0,0.0,-0.05806451612903226,0.21935483870967742,-0.14193548387096774,0.44516129032258067,-0.14838709677419354,0.6258064516129033,-0.18064516129032257,0.7548387096774194,-0.535483870967742,0.4129032258064516,-0.632258064516129,0.6774193548387096,-0.6645161290322581,0.8580645161290322,-0.7096774193548387,1.0,-0.44516129032258067,0.3870967741935484,-0.3419354838709677,0.6193548387096774,-0.22580645161290322,0.5225806451612903,-0.23225806451612904,0.3935483870967742,-0.36774193548387096,0.3935483870967742,-0.27741935483870966,0.6,-0.17419354838709677,0.4838709677419355,-0.22580645161290322,0.3935483870967742,-0.3161290322580645,0.4064516129032258,-0.25161290322580643,0.5290322580645161,-0.18064516129032257,0.45806451612903226,-0.17419354838709677,0.3870967741935484
0,0.0,0.0,-0.029411764705882353,0.17058823529411765,-0.08235294117647059,0.3941176470588235,-0.07647058823529412,0.5705882352941176,-0.10588235294117647,0.7176470588235294,-0.4588235294117647,0.4,-0.5294117647058824,0.6705882352941176,-0.5529411764705883,0.8588235294117647,-0.5764705882352941,1.0,-0.38235294117647056,0.38823529411764707,-0.27647058823529413,0.611764705882353,-0.18235294117647058,0.5117647058823529,-0.2,0.3941176470588235,-0.3176470588235294,0.40588235294117647,-0.2235294117647059,0.5941176470588235,-0.13529411764705881,0.48823529411764705,-0.18823529411764706,0.40588235294117647,-0.27058823529411763,0.4176470588235294,-0.18823529411764706,0.5352941176470588,-0.12352941176470589,0.4588235294117647,-0.12941176470588237,0.38235294117647056
0,0.0,0.0,-0.005780346820809248,0.13872832369942195,-0.03468208092485549,0.3583815028901734,-0.011560693641618497,0.5491329479768786,-0.028901734104046242,0.7167630057803468,-0.41040462427745666,0.3872832369942196,-0.45664739884393063,0.6589595375722543,-0.4797687861271676,0.8439306358381503,-0.5086705202312138,1.0,-0.3583815028901734,0.3988439306358382,-0.4393063583815029,0.6589595375722543,-0.4624277456647399,0.8092485549132948,-0.5144508670520231,0.9248554913294798,-0.2947976878612717,0.42196531791907516,-0.2254335260115607,0.6242774566473989,-0.10404624277456648,0.5260115606936416,-0.10404624277456648,0.4393063583815029,-0.26011560693641617,0.4277456647398844,-0.15606936416184972,0.5433526011560693,-0.07514450867052024,0.47398843930635837,-0.057803468208092484,0.3988439306358382
0,0.0,0.0,0.005917159763313609,0.08284023668639054,-0.029585798816568046,0.2781065088757396,-0.011834319526627219,0.4911242603550296,-0.011834319526627219,0.6745562130177515,-0.4260355029585799,0.3254437869822485,-0.5088757396449705,0.5680473372781065,-0.5621301775147929,0.7159763313609467,-0.6094674556213018,0.8520710059171598,-0.3727810650887574,0.41420118343195267,-0.46745562130177515,0.6686390532544378,-0.5029585798816568,0.8579881656804734,-0.5562130177514792,1.0,-0.28994082840236685,0.46153846153846156,-0.24260355029585798,0.6686390532544378,-0.11242603550295859,0.5976331360946746,-0.0650887573964497,0.5207100591715976,-0.21893491124260356,0.46745562130177515,-0.15384615384615385,0.5976331360946746,-0.0650887573964497,0.5502958579881657,-0.023668639053254437,0.48520710059171596
1,0.0,0.0,-0.29133858267716534,-0.07874015748031496,-0.6299212598425197,-0.07086614173228346,-0.8661417322834646,0.05511811023622047,-0.9921259842519685,0.15748031496062992,-0.7716535433070866,-0.4881889763779528,-1.0,-0.18110236220472442,-0.8267716535433071,-0.12598425196850394,-0.7165354330708661,-0.1889763779527559,-0.7401574803149606,-0.30708661417322836,-0.968503937007874,-0.031496062992125984,-0.7874015748031497,-0.007874015748031496,-0.6692913385826772,-0.06299212598425197,-0.7086614173228346,-0.14173228346456693,-0.8976377952755905,0.07086614173228346,-0.7401574803149606,0.09448818897637795,-0.6456692913385826,0.03937007874015748,-0.6692913385826772,-0.015748031496062992,-0.7952755905511811,0.12598425196850394,-0.6850393700787402,0.14173228346456693,-0.5905511811023622,0.11023622047244094
1,0.0,0.0,-0.19672131147540983,-0.16393442622950818,-0.5245901639344263,-0.14754098360655737,-0.7377049180327869,0.08196721311475409,-0.8278688524590164,0.30327868852459017,-0.8278688524590164,-0.11475409836065574,-1.0,-0.00819672131147541,-0.7868852459016393,-0.06557377049180328,-0.7131147540983607,-0.13114754098360656,-0.7868852459016393,0.07377049180327869,-0.9426229508196722,0.18032786885245902,-0.6967213114754098,0.07377049180327869,-0.6639344262295082,0.02459016393442623,-0.6885245901639344,0.2459016393442623,-0.8442622950819673,0.3524590163934426,-0.6147540983606558,0.22131147540983606,-0.5819672131147541,0.16393442622950818,-0.5655737704918032,0.4016393442622951,-0.6639344262295082,0.45901639344262296,-0.5245901639344263,0.3524590163934426,-0.4918032786885246,0.29508196721311475
1,0.0,0.0,-0.21138211382113822,-0.1951219512195122,-0.5609756097560976,-0.2032520325203252,-0.7886178861788617,0.008130081300813009,-0.8943089430894309,0.23577235772357724,-0.8130081300813008,-0.11382113821138211,-1.0,-0.06504065040650407,-0.7967479674796748,-0.12195121951219512,-0.7235772357723578,-0.14634146341463414,-0.7723577235772358,0.08130081300813008,-0.9512195121951219,0.12195121951219512,-0.6991869918699187,0.008130081300813009,-0.6666666666666666,0.008130081300813009,-0.6829268292682927,0.25203252032520324,-0.8455284552845529,0.2926829268292683,-0.6178861788617886,0.13821138211382114,-0.5853658536585366,0.13008130081300814,-0.5609756097560976,0.4146341463414634,-0.6910569105691057,0.3983739837398374,-0.5447154471544715,0.2682926829268293,-0.5121951219512195,0.25203252032520324
1,0.0,0.0,-0.23387096774193547,-0.20967741935483872,-0.5967741935483871,-0.24193548387096775,-0.8145161290322581,-0.04032258064516129,-0.9112903225806451,0.18548387096774194,-0.7741935483870968,-0.10483870967741936,-1.0,-0.08870967741935484,-0.8064516129032258,-0.13709677419354838,-0.717741935483871,-0.13709677419354838,-0.7419354838709677,0.07258064516129033,-0.9516129032258065,0.0967741935483871,-0.717741935483871,0.0,-0.6774193548387096,0.024193548387096774,-0.6693548387096774,0.23387096774193547,-0.8225806451612904,0.23387096774193547,-0.6129032258064516,0.0967741935483871,-0.5725806451612904,0.11290322580645161,-0.5645161290322581,0.3951612903225806,-0.7016129032258065,0.3467741935483871,-0.5645161290322581,0.23387096774193547,-0.5161290322580645,0.24193548387096775
1,0.0,0.0,-0.23770491803278687,-0.20491803278688525,-0.5983606557377049,-0.2540983606557377,-0.8278688524590164,-0.07377049180327869,-0.9180327868852459,0.14754098360655737,-0.7786885245901639,-0.06557377049180328,-1.0,-0.09016393442622951,-0.7868852459016393,-0.14754098360655737,-0.7049180327868853,-0.11475409836065574,-0.7459016393442623,0.10655737704918032,-0.9590163934426229,0.09016393442622951,-0.7049180327868853,-0.00819672131147541,-0.6639344262295082,0.04918032786885246,-0.6639344262295082,0.26229508196721313,-0.8278688524590164,0.21311475409836064,-0.5901639344262295,0.09016393442622951,-0.5491803278688525,0.13934426229508196,-0.5655737704918032,0.4180327868852459,-0.6967213114754098,0.319672131147541,-0.5491803278688525,0.21311475409836064,-0.5,0.27049180327868855
1,0.0,0.0,-0.256198347107438,-0.19834710743801653,-0.6033057851239669,-0.2396694214876033,-0.8347107438016529,-0.08264462809917356,-0.9338842975206612,0.12396694214876033,-0.8016528925619835,-0.01652892561983471,-1.0,-0.0743801652892562,-0.7851239669421488,-0.14049586776859505,-0.7107438016528925,-0.08264462809917356,-0.7603305785123967,0.15702479338842976,-0.9586776859504132,0.09090909090909091,-0.6942148760330579,-0.008264462809917356,-0.6446280991735537,0.05785123966942149,-0.6776859504132231,0.2975206611570248,-0.8512396694214877,0.21487603305785125,-0.6033057851239669,0.08264462809917356,-0.5454545454545454,0.1487603305785124,-0.5785123966942148,0.4380165289256198,-0.7272727272727273,0.30578512396694213,-0.5619834710743802,0.2066115702479339,-0.49586776859504134,0.2644628099173554
1,0.0,0.0,-0.28448275862068967,-0.20689655172413793,-0.6206896551724138,-0.23275862068965517,-0.853448275862069,-0.06896551724137931,-0.9655172413793104,0.13793103448275862,-0.7844827586206896,-0.017241379310344827,-1.0,-0.07758620689655173,-0.8017241379310345,-0.14655172413793102,-0.7068965517241379,-0.07758620689655173,-0.75,0.15517241379310345,-0.9655172413793104,0.09482758620689655,-0.7068965517241379,-0.017241379310344827,-0.6379310344827587,0.0603448275862069,-0.6724137931034483,0.3017241379310345,-0.8706896551724138,0.20689655172413793,-0.6120689655172413,0.06896551724137931,-0.5258620689655172,0.14655172413793102,-0.5689655172413793,0.4396551724137931,-0.75,0.3017241379310345,-0.5862068965517241,0.19827586206896552,-0.5,0.2672413793103448
1,0.0,0.0,-0.3008849557522124,-0.22123893805309736,-0.6371681415929203,-0.23893805309734514,-0.8849557522123894,-0.07964601769911504,-0.9911504424778761,0.1415929203539823,-0.7787610619469026,-0.017699115044247787,-1.0,-0.061946902654867256,-0.8141592920353983,-0.13274336283185842,-0.7168141592920354,-0.07079646017699115,-0.7433628318584071,0.1504424778761062,-0.9646017699115044,0.08849557522123894,-0.7079646017699115,-0.017699115044247787,-0.6371681415929203,0.07079646017699115,-0.6814159292035398,0.2920353982300885,-0.8938053097345132,0.21238938053097345,-0.6371681415929203,0.07079646017699115,-0.5486725663716814,0.1592920353982301,-0.5929203539823009,0.4424778761061947,-0.7964601769911505,0.30973451327433627,-0.6283185840707964,0.20353982300884957,-0.5309734513274337,0.2743362831858407
1,0.0,0.0,-0.3,-0.21818181818181817,-0.6363636363636364,-0.22727272727272727,-0.8909090909090909,-0.06363636363636363,-1.0,0.16363636363636364,-0.7636363636363637,0.00909090909090909,-0.9818181818181818,-0.02727272727272727,-0.8090909090909091,-0.11818181818181818,-0.7090909090909091,-0.05454545454545454,-0.7272727272727273,0.16363636363636364,-0.9636363636363636,0.11818181818181818,-0.7,-0.00909090909090909,-0.6,0.08181818181818182,-0.6636363636363637,0.3090909090909091,-0.8909090909090909,0.23636363636363636,-0.6363636363636364,0.08181818181818182,-0.5181818181818182,0.17272727272727273,-0.5727272727272728,0.45454545454545453,-0.7909090909090909,0.33636363636363636,-0.6272727272727273,0.21818181818181817,-0.5181818181818182,0.2909090909090909
1,0.0,0.0,-0.28440366972477066,-0.22935779816513763,-0.6513761467889908,-0.23853211009174313,-0.908256880733945,-0.05504587155963303,-1.0,0.1926605504587156,-0.7614678899082569,-0.027522935779816515,-0.9908256880733946,-0.03669724770642202,-0.8256880733944955,-0.11926605504587157,-0.7247706422018348,-0.045871559633027525,-0.7155963302752294,0.14678899082568808,-0.9541284403669725,0.11926605504587157,-0.7064220183486238,-0.01834862385321101,-0.6055045871559633,0.07339449541284404,-0.6605504587155964,0.28440366972477066,-0.8899082568807339,0.23853211009174313,-0.6330275229357798,0.07339449541284404,-0.5229357798165137,0.1559633027522936,-0.5688073394495413,0.43119266055045874,-0.7889908256880734,0.3394495412844037,-0.6330275229357798,0.22018348623853212,-0.5321100917431193,0.28440366972477066
1,0.0,0.0,-0.27522935779816515,-0.23853211009174313,-0.6422018348623854,-0.24770642201834864,-0.908256880733945,-0.05504587155963303,-1.0,0.1926605504587156,-0.7614678899082569,-0.08256880733944955,-1.0,-0.08256880733944955,-0.8348623853211009,-0.14678899082568808,-0.7247706422018348,-0.08256880733944955,-0.7247706422018348,0.10091743119266056,-0.9724770642201835,0.09174311926605505,-0.7339449541284404,-0.01834862385321101,-0.6330275229357798,0.05504587155963303,-0.6605504587155964,0.25688073394495414,-0.8990825688073395,0.22935779816513763,-0.6605504587155964,0.08256880733944955,-0.5412844036697247,0.14678899082568808,-0.5779816513761468,0.41284403669724773,-0.7981651376146789,0.3394495412844037,-0.6513761467889908,0.22935779816513763,-0.5412844036697247,0.28440366972477066
1,0.0,0.0,-0.2702702702702703,-0.23423423423423423,-0.6486486486486487,-0.26126126126126126,-0.918918918918919,-0.06306306306306306,-1.0,0.17117117117117117,-0.7747747747747747,-0.12612612612612611,-0.990990990990991,-0.14414414414414414,-0.8198198198198198,-0.18018018018018017,-0.7477477477477478,-0.12612612612612611,-0.7387387387387387,0.04504504504504504,-0.9819819819819819,0.05405405405405406,-0.7477477477477478,-0.036036036036036036,-0.6756756756756757,0.018018018018018018,-0.6756756756756757,0.2072072072072072,-0.9009009009009009,0.2072072072072072,-0.6666666666666666,0.08108108108108109,-0.5675675675675675,0.12612612612612611,-0.5945945945945946,0.36936936936936937,-0.7837837837837838,0.3153153153153153,-0.6396396396396397,0.21621621621621623,-0.5495495495495496,0.24324324324324326
1,0.0,0.0,-0.25892857142857145,-0.21428571428571427,-0.6428571428571429,-0.25,-0.9107142857142857,-0.08928571428571429,-1.0,0.15178571428571427,-0.7857142857142857,-0.19642857142857142,-0.9821428571428571,-0.19642857142857142,-0.7946428571428571,-0.21428571428571427,-0.7321428571428571,-0.1875,-0.7589285714285714,-0.017857142857142856,-0.9732142857142857,0.0,-0.7321428571428571,-0.07142857142857142,-0.6785714285714286,-0.044642857142857144,-0.6964285714285714,0.15178571428571427,-0.8839285714285714,0.16964285714285715,-0.6517857142857143,0.0625,-0.5803571428571429,0.08928571428571429,-0.625,0.33035714285714285,-0.7857142857142857,0.2857142857142857,-0.6339285714285714,0.20535714285714285,-0.5625,0.24107142857142858
1,0.0,0.0,-0.25217391304347825,-0.2,-0.6260869565217392,-0.2608695652173913,-0.9043478260869565,-0.09565217391304348,-1.0,0.13043478260869565,-0.7565217391304347,-0.3217391304347826,-0.991304347826087,-0.20869565217391303,-0.8,-0.20869565217391303,-0.7217391304347827,-0.23478260869565218,-0.7304347826086957,-0.1391304347826087,-0.9478260869565217,-0.034782608695652174,-0.7217391304347827,-0.0782608695652174,-0.6608695652173913,-0.10434782608695652,-0.6869565217391305,0.043478260869565216,-0.8521739130434782,0.1391304347826087,-0.6260869565217392,0.06086956521739131,-0.5739130434782609,0.02608695652173913,-0.6260869565217392,0.21739130434782608,-0.7478260869565218,0.24347826086956523,-0.5826086956521739,0.1826086956521739,-0.5304347826086957,0.16521739130434782
1,0.0,0.0,-0.29310344827586204,-0.1724137931034483,-0.646551724137931,-0.21551724137931033,-0.9051724137931034,-0.0603448275862069,-1.0,0.1206896551724138,-0.7327586206896551,-0.39655172413793105,-1.0,-0.20689655172413793,-0.8362068965517241,-0.1810344827586207,-0.7327586206896551,-0.23275862068965517,-0.6896551724137931,-0.20689655172413793,-0.9482758620689655,-0.04310344827586207,-0.7586206896551724,-0.05172413793103448,-0.6637931034482759,-0.09482758620689655,-0.6551724137931034,-0.017241379310344827,-0.8706896551724138,0.11206896551724138,-0.6896551724137931,0.07758620689655173,-0.6120689655172413,0.02586206896551724,-0.6206896551724138,0.13793103448275862,-0.7586206896551724,0.21551724137931033,-0.6293103448275862,0.1896551724137931,-0.5603448275862069,0.15517241379310345
1,0.0,0.0,-0.3305785123966942,-0.09090909090909091,-0.6611570247933884,-0.12396694214876033,-0.8925619834710744,-0.008264462809917356,-0.9752066115702479,0.1322314049586777,-0.7272727272727273,-0.4132231404958678,-1.0,-0.17355371900826447,-0.8512396694214877,-0.1322314049586777,-0.7603305785123967,-0.18181818181818182,-0.6694214876033058,-0.2396694214876033,-0.9421487603305785,-0.04132231404958678,-0.7851239669421488,-0.024793388429752067,-0.6942148760330579,-0.05785123966942149,-0.628099173553719,-0.05785123966942149,-0.8429752066115702,0.09090909090909091,-0.7107438016528925,0.09090909090909091,-0.6363636363636364,0.03305785123966942,-0.6033057851239669,0.0743801652892562,-0.7355371900826446,0.17355371900826447,-0.6528925619834711,0.18181818181818182,-0.5867768595041323,0.14049586776859505
1,0.0,0.0,-0.3700787401574803,-0.031496062992125984,-0.6850393700787402,-0.06299212598425197,-0.889763779527559,0.015748031496062992,-0.968503937007874,0.11811023622047244,-0.7401574803149606,-0.4251968503937008,-1.0,-0.16535433070866143,-0.8818897637795275,-0.07086614173228346,-0.7874015748031497,-0.08661417322834646,-0.6771653543307087,-0.29133858267716534,-0.937007874015748,-0.07086614173228346,-0.8267716535433071,0.007874015748031496,-0.7322834645669292,0.0,-0.6456692913385826,-0.14173228346456693,-0.8661417322834646,0.031496062992125984,-0.7637795275590551,0.09448818897637795,-0.6850393700787402,0.06299212598425197,-0.6220472440944882,-0.03937007874015748,-0.7637795275590551,0.08661417322834646,-0.7007874015748031,0.13385826771653545,-0.6299212598425197,0.11811023622047244
1,0.0,0.0,-0.3769230769230769,-0.03076923076923077,-0.7,-0.03076923076923077,-0.8846153846153846,0.05384615384615385,-0.9538461538461539,0.14615384615384616,-0.7692307692307693,-0.4307692307692308,-1.0,-0.16153846153846155,-0.8846153846153846,-0.046153846153846156,-0.7692307692307693,-0.06923076923076923,-0.7,-0.3,-0.9538461538461539,-0.08461538461538462,-0.8307692307692308,0.0,-0.7230769230769231,-0.015384615384615385,-0.6538461538461539,-0.15384615384615385,-0.8692307692307693,0.007692307692307693,-0.7615384615384615,0.07692307692307693,-0.676923076923077,0.046153846153846156,-0.6153846153846154,-0.05384615384615385,-0.7615384615384615,0.06923076923076923,-0.6923076923076923,0.11538461538461539,-0.6153846153846154,0.09230769230769231
1,0.0,0.0,-0.3671875,0.03125,-0.6953125,0.046875,-0.890625,0.125,-0.96875,0.203125,-0.7890625,-0.3984375,-1.0,-0.0703125,-0.8828125,0.03125,-0.78125,0.015625,-0.734375,-0.3203125,-0.96875,-0.046875,-0.84375,0.046875,-0.7421875,0.0390625,-0.6953125,-0.2109375,-0.9140625,0.0,-0.8125,0.078125,-0.71875,0.0546875,-0.6640625,-0.1328125,-0.8125,0.0234375,-0.7421875,0.078125,-0.6640625,0.0546875
1,0.0,0.0,-0.3225806451612903,0.056451612903225805,-0.6612903225806451,0.10483870967741936,-0.8709677419354839,0.20161290322580644,-0.9516129032258065,0.25806451612903225,-0.8145161290322581,-0.3709677419354839,-1.0,-0.016129032258064516,-0.8306451612903226,0.056451612903225805,-0.75,-0.024193548387096774,-0.7580645161290323,-0.31451612903225806,-0.967741935483871,0.016129032258064516,-0.7983870967741935,0.07258064516129033,-0.7096774193548387,0.0,-0.7338709677419355,-0.20967741935483872,-0.9112903225806451,0.056451612903225805,-0.7741935483870968,0.10483870967741936,-0.7096774193548387,0.024193548387096774,-0.7016129032258065,-0.12903225806451613,-0.8225806451612904,0.04838709677419355,-0.7258064516129032,0.07258064516129033,-0.6451612903225806,0.016129032258064516
1,0.0,0.0,-0.3,0.11666666666666667,-0.6416666666666667,0.225,-0.8666666666666667,0.3333333333333333,-0.925,0.325,-0.8416666666666667,-0.3,-1.0,0.08333333333333333,-0.8333333333333334,0.16666666666666666,-0.75,0.08333333333333333,-0.7833333333333333,-0.25833333333333336,-0.975,0.1,-0.8,0.175,-0.7,0.09166666666666666,-0.7416666666666667,-0.175,-0.9083333333333333,0.125,-0.775,0.18333333333333332,-0.7083333333333334,0.1,-0.7083333333333334,-0.11666666666666667,-0.825,0.08333333333333333,-0.7333333333333333,0.1,-0.65,0.041666666666666664
1,0.0,0.0,-0.2905982905982906,0.1794871794871795,-0.6410256410256411,0.3333333333333333,-0.8547008547008547,0.452991452991453,-0.905982905982906,0.42735042735042733,-0.8803418803418803,-0.20512820512820512,-1.0,0.19658119658119658,-0.8461538461538461,0.26495726495726496,-0.7863247863247863,0.19658119658119658,-0.8034188034188035,-0.19658119658119658,-0.9572649572649573,0.18803418803418803,-0.7948717948717948,0.2564102564102564,-0.7094017094017094,0.1794871794871795,-0.7521367521367521,-0.13675213675213677,-0.8888888888888888,0.18803418803418803,-0.7692307692307693,0.24786324786324787,-0.717948717948718,0.1623931623931624,-0.7094017094017094,-0.10256410256410256,-0.8034188034188035,0.1111111111111111,-0.7350427350427351,0.13675213675213677,-0.6666666666666666,0.08547008547008547
1,0.0,0.0,-0.2608695652173913,0.23478260869565218,-0.6086956521739131,0.4260869565217391,-0.8173913043478261,0.5739130434782609,-0.8782608695652174,0.5217391304347826,-0.9043478260869565,-0.10434782608695652,-1.0,0.30434782608695654,-0.8434782608695652,0.3652173913043478,-0.7913043478260869,0.30434782608695654,-0.8347826086956521,-0.13043478260869565,-0.9565217391304348,0.2956521739130435,-0.782608695652174,0.3565217391304348,-0.7043478260869566,0.26956521739130435,-0.782608695652174,-0.09565217391304348,-0.8782608695652174,0.2608695652173913,-0.7652173913043478,0.3217391304347826,-0.7043478260869566,0.24347826086956523,-0.7391304347826086,-0.06956521739130435,-0.808695652173913,0.16521739130434782,-0.7391304347826086,0.19130434782608696,-0.6695652173913044,0.14782608695652175
1,0.0,0.0,-0.24074074074074073,0.25,-0.5740740740740741,0.5,-0.7685185185185185,0.6944444444444444,-0.8518518518518519,0.7037037037037037,-0.9814814814814815,-0.009259259259259259,-1.0,0.46296296296296297,-0.8148148148148148,0.4722222222222222,-0.7777777777777778,0.37037037037037035,-0.9074074074074074,-0.018518518518518517,-0.9814814814814815,0.4537037037037037,-0.7685185185185185,0.46296296296296297,-0.6944444444444444,0.35185185185185186,-0.8425925925925926,0.027777777777777776,-0.9074074074074074,0.42592592592592593,-0.7592592592592593,0.4351851851851852,-0.7129629629629629,0.32407407407407407,-0.7870370370370371,0.07407407407407407,-0.8518518518518519,0.32407407407407407,-0.7592592592592593,0.3148148148148148,-0.7037037037037037,0.23148148148148148
1,0.0,0.0,-0.2358490566037736,0.2358490566037736,-0.5283018867924528,0.5094339622641509,-0.6792452830188679,0.7547169811320755,-0.7641509433962265,0.8867924528301887,-1.0,0.10377358490566038,-0.9528301886792453,0.5849056603773585,-0.7547169811320755,0.5566037735849056,-0.7452830188679245,0.4339622641509434,-0.9150943396226415,0.12264150943396226,-0.9339622641509434,0.5943396226415094,-0.7264150943396226,0.5566037735849056,-0.6698113207547169,0.41509433962264153,-0.8301886792452831,0.2169811320754717,-0.8490566037735849,0.5849056603773585,-0.6886792452830188,0.5566037735849056,-0.660377358490566,0.42452830188679247,-0.7641509433962265,0.29245283018867924,-0.7924528301886793,0.5188679245283019,-0.6981132075471698,0.4811320754716981,-0.6509433962264151,0.37735849056603776
1,0.0,0.0,-0.2336448598130841,0.17757009345794392,-0.514018691588785,0.45794392523364486,-0.6355140186915887,0.7663551401869159,-0.7289719626168224,0.9626168224299065,-1.0,0.14953271028037382,-0.9439252336448598,0.6261682242990654,-0.7476635514018691,0.5700934579439252,-0.719626168224299,0.4485981308411215,-0.897196261682243,0.205607476635514,-0.9065420560747663,0.6635514018691588,-0.7009345794392523,0.5700934579439252,-0.6261682242990654,0.4392523364485981,-0.794392523364486,0.308411214953271,-0.794392523364486,0.6542056074766355,-0.6355140186915887,0.5887850467289719,-0.5887850467289719,0.45794392523364486,-0.7009345794392523,0.3925233644859813,-0.719626168224299,0.6074766355140186,-0.6074766355140186,0.5607476635514018,-0.5514018691588785,0.4485981308411215
1,0.0,0.0,-0.21296296296296297,0.1111111111111111,-0.5,0.37037037037037035,-0.6388888888888888,0.6759259259259259,-0.7314814814814815,0.8981481481481481,-1.0,0.1111111111111111,-0.9629629629629629,0.5833333333333334,-0.75,0.5,-0.7037037037037037,0.3611111111111111,-0.8981481481481481,0.21296296296296297,-0.8981481481481481,0.6574074074074074,-0.6759259259259259,0.5555555555555556,-0.6111111111111112,0.4166666666666667,-0.7777777777777778,0.3425925925925926,-0.7777777777777778,0.6851851851851852,-0.5925925925925926,0.5833333333333334,-0.5648148148148148,0.4537037037037037,-0.6759259259259259,0.4351851851851852,-0.6851851851851852,0.6666666666666666,-0.5555555555555556,0.5925925925925926,-0.5092592592592593,0.4722222222222222
1,0.0,0.0,-0.24074074074074073,0.018518518518518517,-0.5277777777777778,0.2222222222222222,-0.6759259259259259,0.5370370370370371,-0.7592592592592593,0.7870370370370371,-1.0,0.08333333333333333,-1.0,0.5,-0.7777777777777778,0.37037037037037035,-0.75,0.2222222222222222,-0.8796296296296297,0.25,-0.8703703703703703,0.6574074074074074,-0.6574074074074074,0.49074074074074076,-0.6574074074074074,0.35185185185185186,-0.7314814814814815,0.4074074074074074,-0.7129629629629629,0.6944444444444444,-0.5370370370370371,0.5370370370370371,-0.5648148148148148,0.4074074074074074,-0.6018518518518519,0.5185185185185185,-0.5925925925925926,0.6851851851851852,-0.48148148148148145,0.5740740740740741,-0.4722222222222222,0.46296296296296297
1,0.0,0.0,-0.23893805309734514,-0.04424778761061947,-0.5486725663716814,0.10619469026548672,-0.7079646017699115,0.40707964601769914,-0.7787610619469026,0.6460176991150443,-0.9292035398230089,0.04424778761061947,-1.0,0.37168141592920356,-0.7964601769911505,0.2743362831858407,-0.7433628318584071,0.1504424778761062,-0.831858407079646,0.21238938053097345,-0.8761061946902655,0.5221238938053098,-0.672566371681416,0.3893805309734513,-0.6637168141592921,0.2743362831858407,-0.6902654867256637,0.36283185840707965,-0.7256637168141593,0.5929203539823009,-0.5575221238938053,0.45132743362831856,-0.5752212389380531,0.336283185840708,-0.5486725663716814,0.46017699115044247,-0.5752212389380531,0.5929203539823009,-0.4690265486725664,0.48672566371681414,-0.4778761061946903,0.3893805309734513
1,0.0,0.0,-0.23931623931623933,-0.08547008547008547,-0.5470085470085471,0.042735042735042736,-0.717948717948718,0.3076923076923077,-0.7948717948717948,0.5299145299145299,-0.8974358974358975,0.017094017094017096,-1.0,0.27350427350427353,-0.8034188034188035,0.18803418803418803,-0.7435897435897436,0.08547008547008547,-0.8034188034188035,0.19658119658119658,-0.905982905982906,0.42735042735042733,-0.6837606837606838,0.3162393162393162,-0.6581196581196581,0.2222222222222222,-0.6752136752136753,0.3418803418803419,-0.7692307692307693,0.5299145299145299,-0.5811965811965812,0.41025641025641024,-0.5641025641025641,0.3162393162393162,-0.5299145299145299,0.4444444444444444,-0.5982905982905983,0.5555555555555556,-0.48717948717948717,0.46153846153846156,-0.47863247863247865,0.37606837606837606
1,0.0,0.0,-0.23333333333333334,-0.10833333333333334,-0.5666666666666667,-0.03333333333333333,-0.7583333333333333,0.19166666666666668,-0.8333333333333334,0.4166666666666667,-0.8416666666666667,0.008333333333333333,-1.0,0.16666666666666666,-0.8166666666666667,0.06666666666666667,-0.75,0.0,-0.7666666666666667,0.18333333333333332,-0.9083333333333333,0.325,-0.6833333333333333,0.18333333333333332,-0.675,0.14166666666666666,-0.65,0.325,-0.7583333333333333,0.44166666666666665,-0.575,0.2916666666666667,-0.5666666666666667,0.25,-0.5083333333333333,0.44166666666666665,-0.6,0.5083333333333333,-0.49166666666666664,0.39166666666666666,-0.475,0.35
1,0.0,0.0,-0.23140495867768596,-0.14049586776859505,-0.5785123966942148,-0.09090909090909091,-0.7933884297520661,0.12396694214876033,-0.8760330578512396,0.33884297520661155,-0.8016528925619835,0.008264462809917356,-1.0,0.10743801652892562,-0.8099173553719008,0.01652892561983471,-0.743801652892562,-0.024793388429752067,-0.7355371900826446,0.17355371900826447,-0.9090909090909091,0.2644628099173554,-0.6859504132231405,0.1322314049586777,-0.6694214876033058,0.12396694214876033,-0.628099173553719,0.3140495867768595,-0.768595041322314,0.3884297520661157,-0.5702479338842975,0.2231404958677686,-0.5537190082644629,0.2066115702479339,-0.5041322314049587,0.4462809917355372,-0.628099173553719,0.4793388429752066,-0.512396694214876,0.34710743801652894,-0.48760330578512395,0.32231404958677684
1,0.0,0.0,-0.24793388429752067,-0.17355371900826447,-0.5950413223140496,-0.15702479338842976,-0.8264462809917356,0.04132231404958678,-0.8760330578512396,0.256198347107438,-0.7851239669421488,-0.01652892561983471,-1.0,0.049586776859504134,-0.8016528925619835,-0.03305785123966942,-0.7272727272727273,-0.04132231404958678,-0.7272727272727273,0.1487603305785124,-0.9338842975206612,0.21487603305785125,-0.71900826446281,0.09090909090909091,-0.6611570247933884,0.09917355371900827,-0.628099173553719,0.2892561983471074,-0.8016528925619835,0.33884297520661155,-0.5950413223140496,0.19008264462809918,-0.5371900826446281,0.19008264462809918,-0.512396694214876,0.4297520661157025,-0.6694214876033058,0.4214876033057851,-0.5454545454545454,0.30578512396694213,-0.4793388429752066,0.2975206611570248
1,0.0,0.0,-0.24369747899159663,-0.17647058823529413,-0.6050420168067226,-0.18487394957983194,-0.8403361344537815,-0.008403361344537815,-0.8823529411764706,0.21008403361344538,-0.7815126050420168,0.0,-1.0,0.01680672268907563,-0.7983193277310925,-0.06722689075630252,-0.7226890756302521,-0.04201680672268908,-0.7310924369747899,0.15966386554621848,-0.9411764705882353,0.18487394957983194,-0.7058823529411765,0.058823529411764705,-0.6638655462184874,0.1092436974789916,-0.6470588235294118,0.3025210084033613,-0.8151260504201681,0.29411764705882354,-0.5966386554621849,0.15126050420168066,-0.5462184873949579,0.19327731092436976,-0.5294117647058824,0.44537815126050423,-0.6974789915966386,0.37815126050420167,-0.5462184873949579,0.2689075630252101,-0.4789915966386555,0.31092436974789917
1,0.0,0.0,-0.2672413793103448,-0.1896551724137931,-0.6120689655172413,-0.20689655172413793,-0.8448275862068966,-0.034482758620689655,-0.9137931034482759,0.1810344827586207,-0.7844827586206896,0.02586206896551724,-1.0,0.0,-0.8189655172413793,-0.07758620689655173,-0.7241379310344828,-0.02586206896551724,-0.7327586206896551,0.1896551724137931,-0.9396551724137931,0.16379310344827586,-0.6896551724137931,0.04310344827586207,-0.646551724137931,0.11206896551724138,-0.6551724137931034,0.3275862068965517,-0.8362068965517241,0.27586206896551724,-0.603448275862069,0.12931034482758622,-0.5431034482758621,0.19827586206896552,-0.5431034482758621,0.46551724137931033,-0.7241379310344828,0.3620689655172414,-0.5603448275862069,0.25,-0.49137931034482757,0.3017241379310345
1,0.0,0.0,-0.2631578947368421,-0.18421052631578946,-0.6052631578947368,-0.21929824561403508,-0.8421052631578947,-0.07017543859649122,-0.9210526315789473,0.14912280701754385,-0.7894736842105263,0.03508771929824561,-1.0,-0.03508771929824561,-0.7982456140350878,-0.09649122807017543,-0.7105263157894737,-0.017543859649122806,-0.7456140350877193,0.20175438596491227,-0.9473684210526315,0.12280701754385964,-0.6754385964912281,0.008771929824561403,-0.6228070175438597,0.10526315789473684,-0.6666666666666666,0.3333333333333333,-0.8596491228070176,0.24561403508771928,-0.6052631578947368,0.11403508771929824,-0.5263157894736842,0.19298245614035087,-0.5614035087719298,0.47368421052631576,-0.7456140350877193,0.34210526315789475,-0.5789473684210527,0.22807017543859648,-0.49122807017543857,0.2982456140350877
1,0.0,0.0,-0.26605504587155965,-0.2018348623853211,-0.6055045871559633,-0.24770642201834864,-0.8623853211009175,-0.10091743119266056,-0.963302752293578,0.11926605504587157,-0.7798165137614679,0.01834862385321101,-1.0,-0.05504587155963303,-0.8073394495412844,-0.12844036697247707,-0.7064220183486238,-0.05504587155963303,-0.7431192660550459,0.1834862385321101,-0.9724770642201835,0.10091743119266056,-0.6972477064220184,-0.01834862385321101,-0.6055045871559633,0.07339449541284404,-0.6788990825688074,0.3211009174311927,-0.908256880733945,0.23853211009174313,-0.6422018348623854,0.09174311926605505,-0.5321100917431193,0.1743119266055046,-0.5779816513761468,0.46788990825688076,-0.7889908256880734,0.3211009174311927,-0.6146788990825688,0.21100917431192662,-0.5137614678899083,0.27522935779816515
1,0.0,0.0,-0.29245283018867924,-0.22641509433962265,-0.6226415094339622,-0.2641509433962264,-0.8867924528301887,-0.1320754716981132,-1.0,0.09433962264150944,-0.7641509433962265,-0.018867924528301886,-1.0,-0.0660377358490566,-0.8207547169811321,-0.1509433962264151,-0.7169811320754716,-0.08490566037735849,-0.7358490566037735,0.14150943396226415,-0.9811320754716981,0.07547169811320754,-0.7264150943396226,-0.03773584905660377,-0.6226415094339622,0.04716981132075472,-0.6886792452830188,0.2830188679245283,-0.9339622641509434,0.20754716981132076,-0.6698113207547169,0.0660377358490566,-0.5471698113207547,0.16037735849056603,-0.6037735849056604,0.44339622641509435,-0.8301886792452831,0.3018867924528302,-0.6509433962264151,0.18867924528301888,-0.5377358490566038,0.2641509433962264
1,0.0,0.0,-0.29245283018867924,-0.2358490566037736,-0.6226415094339622,-0.2641509433962264,-0.8867924528301887,-0.14150943396226415,-1.0,0.0660377358490566,-0.7452830188679245,-0.02830188679245283,-0.9716981132075472,-0.07547169811320754,-0.8207547169811321,-0.16037735849056603,-0.7169811320754716,-0.09433962264150944,-0.7264150943396226,0.12264150943396226,-0.9716981132075472,0.0660377358490566,-0.7264150943396226,-0.05660377358490566,-0.6226415094339622,0.03773584905660377,-0.6886792452830188,0.2641509433962264,-0.9339622641509434,0.18867924528301888,-0.6698113207547169,0.05660377358490566,-0.5471698113207547,0.1509433962264151,-0.6132075471698113,0.42452830188679247,-0.839622641509434,0.27358490566037735,-0.6698113207547169,0.16981132075471697,-0.5471698113207547,0.25471698113207547
1,0.0,0.0,-0.29245283018867924,-0.25471698113207547,-0.6037735849056604,-0.2830188679245283,-0.8867924528301887,-0.1792452830188679,-1.0,0.03773584905660377,-0.7264150943396226,-0.04716981132075472,-0.9528301886792453,-0.09433962264150944,-0.8018867924528302,-0.1792452830188679,-0.6981132075471698,-0.12264150943396226,-0.7169811320754716,0.09433962264150944,-0.9622641509433962,0.03773584905660377,-0.7169811320754716,-0.07547169811320754,-0.6037735849056604,0.018867924528301886,-0.6886792452830188,0.2358490566037736,-0.9339622641509434,0.16037735849056603,-0.6698113207547169,0.02830188679245283,-0.5377358490566038,0.12264150943396226,-0.6226415094339622,0.39622641509433965,-0.8490566037735849,0.24528301886792453,-0.6792452830188679,0.14150943396226415,-0.5566037735849056,0.2358490566037736
1,0.0,0.0,-0.26666666666666666,-0.26666666666666666,-0.580952380952381,-0.3142857142857143,-0.8761904761904762,-0.20952380952380953,-1.0,0.009523809523809525,-0.7047619047619048,-0.08571428571428572,-0.9428571428571428,-0.13333333333333333,-0.780952380952381,-0.21904761904761905,-0.6666666666666666,-0.1619047619047619,-0.7047619047619048,0.06666666666666667,-0.9619047619047619,0.009523809523809525,-0.7047619047619048,-0.10476190476190476,-0.5904761904761905,-0.01904761904761905,-0.6857142857142857,0.20952380952380953,-0.9333333333333333,0.13333333333333333,-0.6571428571428571,0.0,-0.5238095238095238,0.10476190476190476,-0.6285714285714286,0.38095238095238093,-0.8571428571428571,0.21904761904761905,-0.6761904761904762,0.12380952380952381,-0.5523809523809524,0.20952380952380953
1,0.0,0.0,-0.2692307692307692,-0.27884615384615385,-0.5865384615384616,-0.33653846153846156,-0.875,-0.23076923076923078,-1.0,-0.028846153846153848,-0.7115384615384616,-0.09615384615384616,-0.9326923076923077,-0.15384615384615385,-0.7788461538461539,-0.25,-0.6538461538461539,-0.19230769230769232,-0.7115384615384616,0.04807692307692308,-0.9615384615384616,-0.019230769230769232,-0.7019230769230769,-0.1346153846153846,-0.5769230769230769,-0.028846153846153848,-0.6923076923076923,0.19230769230769232,-0.9423076923076923,0.09615384615384616,-0.6634615384615384,-0.019230769230769232,-0.5288461538461539,0.09615384615384616,-0.6538461538461539,0.36538461538461536,-0.875,0.20192307692307693,-0.6923076923076923,0.10576923076923077,-0.5673076923076923,0.20192307692307693
1,0.0,0.0,-0.2571428571428571,-0.2857142857142857,-0.5619047619047619,-0.3619047619047619,-0.8476190476190476,-0.2857142857142857,-1.0,-0.08571428571428572,-0.6857142857142857,-0.14285714285714285,-0.9142857142857143,-0.2,-0.7428571428571429,-0.2761904761904762,-0.6190476190476191,-0.21904761904761905,-0.6952380952380952,0.009523809523809525,-0.9428571428571428,-0.0761904761904762,-0.6761904761904762,-0.1619047619047619,-0.5619047619047619,-0.05714285714285714,-0.6952380952380952,0.1523809523809524,-0.9333333333333333,0.047619047619047616,-0.6476190476190476,-0.047619047619047616,-0.5142857142857142,0.06666666666666667,-0.6666666666666666,0.3238095238095238,-0.8666666666666667,0.1523809523809524,-0.6857142857142857,0.06666666666666667,-0.5619047619047619,0.17142857142857143
1,0.0,0.0,-0.2524271844660194,-0.30097087378640774,-0.5533980582524272,-0.3883495145631068,-0.8446601941747572,-0.3106796116504854,-1.0,-0.11650485436893204,-0.6796116504854369,-0.1553398058252427,-0.9029126213592233,-0.23300970873786409,-0.7184466019417476,-0.3106796116504854,-0.6116504854368932,-0.23300970873786409,-0.6893203883495146,-0.009708737864077669,-0.9320388349514563,-0.10679611650485436,-0.6601941747572816,-0.1941747572815534,-0.5533980582524272,-0.07766990291262135,-0.6990291262135923,0.13592233009708737,-0.9320388349514563,0.019417475728155338,-0.6407766990291263,-0.07766990291262135,-0.5242718446601942,0.04854368932038835,-0.6796116504854369,0.3106796116504854,-0.883495145631068,0.1262135922330097,-0.6893203883495146,0.04854368932038835,-0.5728155339805825,0.1553398058252427
1,0.0,0.0,-0.2376237623762376,-0.31683168316831684,-0.5445544554455446,-0.42574257425742573,-0.8514851485148515,-0.3465346534653465,-1.0,-0.1485148514851485,-0.6831683168316832,-0.19801980198019803,-0.900990099009901,-0.27722772277227725,-0.7227722772277227,-0.33663366336633666,-0.6138613861386139,-0.25742574257425743,-0.7029702970297029,-0.039603960396039604,-0.9405940594059405,-0.13861386138613863,-0.6732673267326733,-0.21782178217821782,-0.5643564356435643,-0.09900990099009901,-0.7227722772277227,0.10891089108910891,-0.9504950495049505,-0.009900990099009901,-0.6534653465346535,-0.09900990099009901,-0.5346534653465347,0.0297029702970297,-0.7128712871287128,0.2871287128712871,-0.900990099009901,0.09900990099009901,-0.7029702970297029,0.019801980198019802,-0.594059405940594,0.12871287128712872
1,0.0,0.0,-0.24242424242424243,-0.3434343434343434,-0.5353535353535354,-0.45454545454545453,-0.8383838383838383,-0.3838383838383838,-1.0,-0.18181818181818182,-0.6565656565656566,-0.2222222222222222,-0.898989898989899,-0.32323232323232326,-0.7171717171717171,-0.37373737373737376,-0.5959595959595959,-0.2828282828282828,-0.696969696969697,-0.0707070707070707,-0.9393939393939394,-0.18181818181818182,-0.6666666666666666,-0.24242424242424243,-0.5454545454545454,-0.1111111111111111,-0.7171717171717171,0.09090909090909091,-0.9595959595959596,-0.050505050505050504,-0.6565656565656566,-0.12121212121212122,-0.5151515151515151,0.010101010101010102,-0.7272727272727273,0.2727272727272727,-0.9191919191919192,0.06060606060606061,-0.7171717171717171,-0.010101010101010102,-0.5959595959595959,0.1111111111111111
1,0.0,0.0,-0.22448979591836735,-0.3469387755102041,-0.5204081632653061,-0.46938775510204084,-0.8367346938775511,-0.40816326530612246,-1.0,-0.21428571428571427,-0.6530612244897959,-0.23469387755102042,-0.8877551020408163,-0.336734693877551,-0.7142857142857143,-0.3877551020408163,-0.5816326530612245,-0.29591836734693877,-0.6938775510204082,-0.08163265306122448,-0.9387755102040817,-0.20408163265306123,-0.6632653061224489,-0.25510204081632654,-0.5408163265306123,-0.12244897959183673,-0.7346938775510204,0.08163265306122448,-0.9693877551020408,-0.07142857142857142,-0.6632653061224489,-0.1326530612244898,-0.5204081632653061,0.01020408163265306,-0.7448979591836735,0.2653061224489796,-0.9387755102040817,0.05102040816326531,-0.7346938775510204,-0.01020408163265306,-0.6122448979591837,0.10204081632653061
1,0.0,0.0,-0.20408163265306123,-0.35714285714285715,-0.4897959183673469,-0.5,-0.8163265306122449,-0.4489795918367347,-1.0,-0.2755102040816326,-0.6632653061224489,-0.2755102040816326,-0.8877551020408163,-0.40816326530612246,-0.6938775510204082,-0.4387755102040816,-0.5918367346938775,-0.32653061224489793,-0.7142857142857143,-0.11224489795918367,-0.9489795918367347,-0.25510204081632654,-0.6530612244897959,-0.29591836734693877,-0.5510204081632653,-0.14285714285714285,-0.7448979591836735,0.05102040816326531,-0.9795918367346939,-0.11224489795918367,-0.6530612244897959,-0.17346938775510204,-0.5408163265306123,-0.02040816326530612,-0.7653061224489796,0.23469387755102042,-0.9489795918367347,0.01020408163265306,-0.7346938775510204,-0.05102040816326531,-0.6224489795918368,0.08163265306122448
1,0.0,0.0,-0.17346938775510204,-0.3877551020408163,-0.45918367346938777,-0.5612244897959183,-0.7959183673469388,-0.5408163265306123,-1.0,-0.35714285714285715,-0.6530612244897959,-0.336734693877551,-0.8673469387755102,-0.4897959183673469,-0.6530612244897959,-0.5204081632653061,-0.5612244897959183,-0.3979591836734694,-0.7040816326530612,-0.17346938775510204,-0.9387755102040817,-0.336734693877551,-0.6326530612244898,-0.3673469387755102,-0.5510204081632653,-0.20408163265306123,-0.7551020408163265,-0.01020408163265306,-0.9795918367346939,-0.1836734693877551,-0.6428571428571429,-0.22448979591836735,-0.5408163265306123,-0.061224489795918366,-0.7755102040816326,0.19387755102040816,-0.9387755102040817,-0.061224489795918366,-0.7244897959183674,-0.10204081632653061,-0.6224489795918368,0.04081632653061224
1,0.0,0.0,-0.15463917525773196,-0.3917525773195876,-0.4329896907216495,-0.5876288659793815,-0.7835051546391752,-0.5876288659793815,-1.0,-0.422680412371134,-0.6494845360824743,-0.3917525773195876,-0.865979381443299,-0.5670103092783505,-0.6597938144329897,-0.5670103092783505,-0.5773195876288659,-0.4329896907216495,-0.7216494845360825,-0.21649484536082475,-0.9587628865979382,-0.4020618556701031,-0.6391752577319587,-0.41237113402061853,-0.5670103092783505,-0.24742268041237114,-0.7628865979381443,-0.041237113402061855,-1.0,-0.24742268041237114,-0.6597938144329897,-0.27835051546391754,-0.5567010309278351,-0.10309278350515463,-0.7938144329896907,0.16494845360824742,-0.9587628865979382,-0.09278350515463918,-0.7319587628865979,-0.13402061855670103,-0.6391752577319587,0.010309278350515464
1,0.0,0.0,-0.1111111111111111,-0.37373737373737376,-0.40404040404040403,-0.6161616161616161,-0.7474747474747475,-0.6565656565656566,-0.9595959595959596,-0.48484848484848486,-0.6767676767676768,-0.43434343434343436,-0.8585858585858586,-0.6464646464646465,-0.6161616161616161,-0.6060606060606061,-0.5959595959595959,-0.47474747474747475,-0.7373737373737373,-0.26262626262626265,-0.9494949494949495,-0.47474747474747475,-0.6262626262626263,-0.4444444444444444,-0.5858585858585859,-0.29292929292929293,-0.7777777777777778,-0.08080808080808081,-1.0,-0.29292929292929293,-0.6565656565656566,-0.30303030303030304,-0.5858585858585859,-0.1414141414141414,-0.797979797979798,0.13131313131313133,-0.9393939393939394,-0.13131313131313133,-0.7171717171717171,-0.15151515151515152,-0.6565656565656566,-0.010101010101010102
1,0.0,0.0,-0.1111111111111111,-0.37373737373737376,-0.40404040404040403,-0.6363636363636364,-0.7272727272727273,-0.6868686868686869,-0.9595959595959596,-0.5353535353535354,-0.7070707070707071,-0.47474747474747475,-0.8888888888888888,-0.696969696969697,-0.6464646464646465,-0.6363636363636364,-0.6161616161616161,-0.5050505050505051,-0.7777777777777778,-0.30303030303030304,-0.9696969696969697,-0.5151515151515151,-0.6464646464646465,-0.46464646464646464,-0.6161616161616161,-0.31313131313131315,-0.8080808080808081,-0.1111111111111111,-1.0,-0.3333333333333333,-0.6666666666666666,-0.30303030303030304,-0.6262626262626263,-0.15151515151515152,-0.8282828282828283,0.1111111111111111,-0.9494949494949495,-0.15151515151515152,-0.7171717171717171,-0.15151515151515152,-0.6666666666666666,-0.010101010101010102
1,0.0,0.0,-0.11,-0.36,-0.4,-0.66,-0.73,-0.69,-0.97,-0.52,-0.74,-0.52,-0.92,-0.74,-0.66,-0.66,-0.63,-0.54,-0.81,-0.33,-1.0,-0.54,-0.66,-0.47,-0.65,-0.34,-0.84,-0.12,-1.0,-0.33,-0.66,-0.29,-0.64,-0.16,-0.85,0.11,-0.95,-0.14,-0.72,-0.13,-0.68,-0.01
1,0.0,0.0,-0.0784313725490196,-0.3431372549019608,-0.3627450980392157,-0.6764705882352942,-0.7058823529411765,-0.696078431372549,-0.9411764705882353,-0.5294117647058824,-0.7450980392156863,-0.5784313725490197,-0.9411764705882353,-0.7745098039215687,-0.6666666666666666,-0.6764705882352942,-0.6274509803921569,-0.5784313725490197,-0.8235294117647058,-0.37254901960784315,-1.0,-0.5588235294117647,-0.6568627450980392,-0.47058823529411764,-0.6568627450980392,-0.3627450980392157,-0.8529411764705882,-0.1568627450980392,-0.9901960784313726,-0.3235294117647059,-0.6372549019607843,-0.28431372549019607,-0.6372549019607843,-0.17647058823529413,-0.8529411764705882,0.0784313725490196,-0.9411764705882353,-0.13725490196078433,-0.696078431372549,-0.12745098039215685,-0.6666666666666666,-0.00980392156862745
1,0.0,0.0,-0.0673076923076923,-0.34615384615384615,-0.33653846153846156,-0.7019230769230769,-0.6826923076923077,-0.6923076923076923,-0.9038461538461539,-0.5288461538461539,-0.7211538461538461,-0.6346153846153846,-0.9326923076923077,-0.7884615384615384,-0.6442307692307693,-0.6923076923076923,-0.5865384615384616,-0.6153846153846154,-0.8076923076923077,-0.40384615384615385,-1.0,-0.5673076923076923,-0.6538461538461539,-0.47115384615384615,-0.6538461538461539,-0.38461538461538464,-0.8365384615384616,-0.18269230769230768,-0.9711538461538461,-0.3173076923076923,-0.625,-0.2692307692307692,-0.6153846153846154,-0.19230769230769232,-0.8461538461538461,0.07692307692307693,-0.9519230769230769,-0.09615384615384616,-0.7019230769230769,-0.10576923076923077,-0.6634615384615384,-0.038461538461538464
1,0.0,0.0,-0.06481481481481481,-0.3333333333333333,-0.3333333333333333,-0.6851851851851852,-0.6851851851851852,-0.6481481481481481,-0.9074074074074074,-0.46296296296296297,-0.7037037037037037,-0.6481481481481481,-0.9166666666666666,-0.7685185185185185,-0.6481481481481481,-0.6574074074074074,-0.5925925925925926,-0.6111111111111112,-0.7962962962962963,-0.42592592592592593,-1.0,-0.5462962962962963,-0.6759259259259259,-0.4537037037037037,-0.6666666666666666,-0.4074074074074074,-0.8333333333333334,-0.2037037037037037,-0.9722222222222222,-0.2777777777777778,-0.6481481481481481,-0.24074074074074073,-0.6388888888888888,-0.2037037037037037,-0.8333333333333334,0.046296296296296294,-0.9537037037037037,-0.05555555555555555,-0.7222222222222222,-0.07407407407407407,-0.6851851851851852,-0.046296296296296294
1,0.0,0.0,-0.05405405405405406,-0.3153153153153153,-0.32432432432432434,-0.6666666666666666,-0.6666666666666666,-0.6036036036036037,-0.8918918918918919,-0.3963963963963964,-0.7027027027027027,-0.6666666666666666,-0.9099099099099099,-0.7567567567567568,-0.6396396396396397,-0.6396396396396397,-0.5855855855855856,-0.6036036036036037,-0.7927927927927928,-0.44144144144144143,-1.0,-0.5315315315315315,-0.6666666666666666,-0.44144144144144143,-0.6666666666666666,-0.40540540540540543,-0.8288288288288288,-0.22522522522522523,-0.972972972972973,-0.25225225225225223,-0.6576576576576577,-0.21621621621621623,-0.6576576576576577,-0.1981981981981982,-0.8468468468468469,0.018018018018018018,-0.954954954954955,-0.05405405405405406,-0.7297297297297297,-0.05405405405405406,-0.7027027027027027,-0.036036036036036036
1,0.0,0.0,-0.05357142857142857,-0.32142857142857145,-0.3125,-0.6517857142857143,-0.6607142857142857,-0.5714285714285714,-0.8839285714285714,-0.3392857142857143,-0.7053571428571429,-0.6964285714285714,-0.9017857142857143,-0.7589285714285714,-0.6517857142857143,-0.6339285714285714,-0.5982142857142857,-0.6160714285714286,-0.8125,-0.4732142857142857,-1.0,-0.5357142857142857,-0.6875,-0.4375,-0.6696428571428571,-0.4107142857142857,-0.8571428571428571,-0.25892857142857145,-0.9910714285714286,-0.25892857142857145,-0.6875,-0.21428571428571427,-0.6696428571428571,-0.21428571428571427,-0.8839285714285714,-0.017857142857142856,-0.9821428571428571,-0.0625,-0.7678571428571429,-0.0625,-0.7321428571428571,-0.05357142857142857
1,0.0,0.0,-0.036036036036036036,-0.3153153153153153,-0.2882882882882883,-0.6036036036036037,-0.6486486486486487,-0.5315315315315315,-0.8918918918918919,-0.3063063063063063,-0.7027027027027027,-0.7747747747747747,-0.8918918918918919,-0.7477477477477478,-0.6396396396396397,-0.6396396396396397,-0.5495495495495496,-0.6666666666666666,-0.8288288288288288,-0.5585585585585585,-1.0,-0.5315315315315315,-0.6846846846846847,-0.42342342342342343,-0.6306306306306306,-0.44144144144144143,-0.8918918918918919,-0.32432432432432434,-1.0,-0.26126126126126126,-0.6936936936936937,-0.2072072072072072,-0.6486486486486487,-0.24324324324324326,-0.918918918918919,-0.08108108108108109,-0.9819819819819819,-0.07207207207207207,-0.7657657657657657,-0.05405405405405406,-0.7207207207207207,-0.08108108108108109
1,0.0,0.0,-0.04424778761061947,-0.3185840707964602,-0.26548672566371684,-0.5486725663716814,-0.6194690265486725,-0.40707964601769914,-0.8495575221238938,-0.18584070796460178,-0.6283185840707964,-0.7699115044247787,-0.8230088495575221,-0.7168141592920354,-0.6017699115044248,-0.5663716814159292,-0.46017699115044247,-0.5575221238938053,-0.7876106194690266,-0.5575221238938053,-0.9646017699115044,-0.5398230088495575,-0.6991150442477876,-0.3805309734513274,-0.584070796460177,-0.37168141592920356,-0.8672566371681416,-0.336283185840708,-0.9911504424778761,-0.2920353982300885,-0.7433628318584071,-0.18584070796460178,-0.6460176991150443,-0.20353982300884957,-0.911504424778761,-0.10619469026548672,-1.0,-0.08849557522123894,-0.831858407079646,-0.05309734513274336,-0.7345132743362832,-0.09734513274336283
1,0.0,0.0,-0.009345794392523364,-0.27102803738317754,-0.2336448598130841,-0.4205607476635514,-0.5700934579439252,-0.29906542056074764,-0.8317757009345794,-0.11214953271028037,-0.6074766355140186,-0.8411214953271028,-0.8317757009345794,-0.6542056074766355,-0.5514018691588785,-0.514018691588785,-0.40186915887850466,-0.5607476635514018,-0.7663551401869159,-0.6261682242990654,-0.9719626168224299,-0.4766355140186916,-0.6728971962616822,-0.3177570093457944,-0.5700934579439252,-0.3644859813084112,-0.8785046728971962,-0.38317757009345793,-0.9626168224299065,-0.2336448598130841,-0.7102803738317757,-0.12149532710280374,-0.6448598130841121,-0.17757009345794392,-0.9626168224299065,-0.1588785046728972,-1.0,-0.04672897196261682,-0.8504672897196262,0.018691588785046728,-0.8037383177570093,-0.037383177570093455
1,0.0,0.0,0.009523809523809525,-0.17142857142857143,-0.2,-0.3047619047619048,-0.5714285714285714,-0.1619047619047619,-0.8571428571428571,0.02857142857142857,-0.5619047619047619,-0.8476190476190476,-0.7714285714285715,-0.5238095238095238,-0.47619047619047616,-0.4380952380952381,-0.37142857142857144,-0.5619047619047619,-0.7714285714285715,-0.6761904761904762,-0.9142857142857143,-0.3238095238095238,-0.6095238095238096,-0.23809523809523808,-0.5428571428571428,-0.3904761904761905,-0.9142857142857143,-0.44761904761904764,-0.9619047619047619,-0.14285714285714285,-0.6952380952380952,-0.05714285714285714,-0.6666666666666666,-0.19047619047619047,-1.0,-0.2,-1.0,-0.009523809523809525,-0.8285714285714286,0.05714285714285714,-0.7904761904761904,-0.01904761904761905
1,0.0,0.0,0.038461538461538464,-0.10576923076923077,-0.15384615384615385,-0.23076923076923078,-0.5480769230769231,-0.038461538461538464,-0.8461538461538461,0.16346153846153846,-0.5384615384615384,-0.8076923076923077,-0.7115384615384616,-0.40384615384615385,-0.46153846153846156,-0.33653846153846156,-0.3557692307692308,-0.47115384615384615,-0.7692307692307693,-0.7019230769230769,-0.8365384615384616,-0.23076923076923078,-0.5673076923076923,-0.17307692307692307,-0.49038461538461536,-0.34615384615384615,-0.9038461538461539,-0.5096153846153846,-0.9326923076923077,-0.10576923076923077,-0.7019230769230769,-0.019230769230769232,-0.6442307692307693,-0.1346153846153846,-0.9711538461538461,-0.2692307692307692,-1.0,-0.019230769230769232,-0.8557692307692307,0.0673076923076923,-0.8076923076923077,0.038461538461538464
1,0.0,0.0,0.01818181818181818,0.01818181818181818,-0.2,-0.00909090909090909,-0.5909090909090909,0.2,-0.8818181818181818,0.37272727272727274,-0.5363636363636364,-0.6363636363636364,-0.7454545454545455,-0.16363636363636364,-0.4636363636363636,-0.1,-0.34545454545454546,-0.23636363636363636,-0.7727272727272727,-0.5727272727272728,-0.8727272727272727,-0.01818181818181818,-0.5727272727272728,0.03636363636363636,-0.4818181818181818,-0.15454545454545454,-0.9090909090909091,-0.4090909090909091,-0.9636363636363636,0.09090909090909091,-0.6909090909090909,0.13636363636363635,-0.6181818181818182,-0.03636363636363636,-0.9818181818181818,-0.2,-1.0,0.14545454545454545,-0.8,0.19090909090909092,-0.7181818181818181,0.09090909090909091
1,0.0,0.0,0.04672897196261682,0.06542056074766354,-0.1588785046728972,0.102803738317757,-0.5327102803738317,0.3177570093457944,-0.8317757009345794,0.4953271028037383,-0.4953271028037383,-0.5700934579439252,-0.7383177570093458,-0.018691588785046728,-0.4485981308411215,0.056074766355140186,-0.3364485981308411,-0.09345794392523364,-0.7383177570093458,-0.514018691588785,-0.8691588785046729,0.09345794392523364,-0.5514018691588785,0.14018691588785046,-0.4672897196261682,-0.04672897196261682,-0.897196261682243,-0.37383177570093457,-0.9719626168224299,0.16822429906542055,-0.6915887850467289,0.21495327102803738,-0.6074766355140186,0.04672897196261682,-0.9813084112149533,-0.18691588785046728,-1.0,0.19626168224299065,-0.794392523364486,0.22429906542056074,-0.7009345794392523,0.12149532710280374
1,0.0,0.0,0.04672897196261682,0.1308411214953271,-0.16822429906542055,0.2336448598130841,-0.5420560747663551,0.45794392523364486,-0.8598130841121495,0.5887850467289719,-0.48598130841121495,-0.411214953271028,-0.7570093457943925,0.16822429906542055,-0.45794392523364486,0.2336448598130841,-0.34579439252336447,0.07476635514018691,-0.7383177570093458,-0.3925233644859813,-0.897196261682243,0.2523364485981308,-0.5794392523364486,0.27102803738317754,-0.48598130841121495,0.08411214953271028,-0.9065420560747663,-0.27102803738317754,-0.9813084112149533,0.2897196261682243,-0.6915887850467289,0.3177570093457944,-0.616822429906542,0.14953271028037382,-1.0,-0.11214953271028037,-0.9906542056074766,0.29906542056074764,-0.794392523364486,0.3177570093457944,-0.7009345794392523,0.21495327102803738
1,0.0,0.0,0.0392156862745098,0.24509803921568626,-0.18627450980392157,0.4411764705882353,-0.5588235294117647,0.6176470588235294,-0.9117647058823529,0.6764705882352942,-0.46078431372549017,-0.24509803921568626,-0.7450980392156863,0.3333333333333333,-0.46078431372549017,0.4411764705882353,-0.35294117647058826,0.29411764705882354,-0.7058823529411765,-0.28431372549019607,-0.9019607843137255,0.38235294117647056,-0.5882352941176471,0.45098039215686275,-0.47058823529411764,0.2549019607843137,-0.8823529411764706,-0.19607843137254902,-0.9901960784313726,0.37254901960784315,-0.6862745098039216,0.43137254901960786,-0.5980392156862745,0.2549019607843137,-0.9901960784313726,-0.08823529411764706,-1.0,0.3235294117647059,-0.7941176470588235,0.35294117647058826,-0.6666666666666666,0.24509803921568626
1,0.0,0.0,0.038834951456310676,0.32038834951456313,-0.21359223300970873,0.5728155339805825,-0.5922330097087378,0.7281553398058253,-0.9320388349514563,0.7184466019417476,-0.4563106796116505,-0.0970873786407767,-0.7475728155339806,0.47572815533980584,-0.4563106796116505,0.5631067961165048,-0.33980582524271846,0.4174757281553398,-0.7087378640776699,-0.1650485436893204,-0.9320388349514563,0.49514563106796117,-0.6213592233009708,0.5533980582524272,-0.49514563106796117,0.3592233009708738,-0.883495145631068,-0.11650485436893204,-0.9902912621359223,0.44660194174757284,-0.7087378640776699,0.49514563106796117,-0.6213592233009708,0.3106796116504854,-0.9902912621359223,-0.02912621359223301,-1.0,0.3592233009708738,-0.7961165048543689,0.3883495145631068,-0.6796116504854369,0.27184466019417475
1,0.0,0.0,0.061224489795918366,0.35714285714285715,-0.19387755102040816,0.6428571428571429,-0.5918367346938775,0.8163265306122449,-0.9285714285714286,0.7653061224489796,-0.42857142857142855,-0.061224489795918366,-0.7244897959183674,0.5204081632653061,-0.4489795918367347,0.5816326530612245,-0.336734693877551,0.45918367346938777,-0.6836734693877551,-0.14285714285714285,-0.9387755102040817,0.5204081632653061,-0.6224489795918368,0.5714285714285714,-0.5,0.37755102040816324,-0.8673469387755102,-0.11224489795918367,-1.0,0.46938775510204084,-0.7040816326530612,0.5,-0.6122448979591837,0.32653061224489793,-0.9897959183673469,-0.04081632653061224,-1.0,0.35714285714285715,-0.7857142857142857,0.3877551020408163,-0.673469387755102,0.25510204081632654
1,0.0,0.0,0.07,0.39,-0.21,0.69,-0.64,0.84,-0.94,0.77,-0.42,-0.01,-0.73,0.59,-0.46,0.63,-0.35,0.5,-0.68,-0.11,-0.93,0.57,-0.64,0.61,-0.54,0.42,-0.85,-0.09,-1.0,0.5,-0.75,0.52,-0.67,0.35,-0.96,-0.02,-0.99,0.39,-0.8,0.41,-0.7,0.27
1,0.0,0.0,0.061224489795918366,0.41836734693877553,-0.22448979591836735,0.7448979591836735,-0.6632653061224489,0.8979591836734694,-0.9489795918367347,0.7959183673469388,-0.4489795918367347,0.061224489795918366,-0.7448979591836735,0.6938775510204082,-0.46938775510204084,0.7244897959183674,-0.3673469387755102,0.5816326530612245,-0.7040816326530612,-0.05102040816326531,-0.8979591836734694,0.6428571428571429,-0.6224489795918368,0.6632653061224489,-0.5102040816326531,0.46938775510204084,-0.8673469387755102,-0.05102040816326531,-0.9897959183673469,0.5510204081632653,-0.7346938775510204,0.5714285714285714,-0.6428571428571429,0.3979591836734694,-0.9693877551020408,0.0,-1.0,0.40816326530612246,-0.7959183673469388,0.4387755102040816,-0.6938775510204082,0.30612244897959184
1,0.0,0.0,0.030303030303030304,0.47474747474747475,-0.26262626262626265,0.7878787878787878,-0.6464646464646465,0.8686868686868687,-0.8787878787878788,0.7474747474747475,-0.4444444444444444,0.15151515151515152,-0.7474747474747475,0.7171717171717171,-0.5151515151515151,0.7474747474747475,-0.41414141414141414,0.6161616161616161,-0.6767676767676768,-0.010101010101010102,-0.9090909090909091,0.6363636363636364,-0.6464646464646465,0.6767676767676768,-0.5353535353535354,0.5050505050505051,-0.8383838383838383,-0.06060606060606061,-0.98989898989899,0.5050505050505051,-0.7474747474747475,0.5555555555555556,-0.6666666666666666,0.41414141414141414,-0.9494949494949495,-0.050505050505050504,-1.0,0.32323232323232326,-0.8282828282828283,0.37373737373737376,-0.7272727272727273,0.2828282828282828
1,0.0,0.0,0.039603960396039604,0.44554455445544555,-0.24752475247524752,0.7821782178217822,-0.6237623762376238,0.8811881188118812,-0.8217821782178217,0.7524752475247525,-0.46534653465346537,0.18811881188118812,-0.7524752475247525,0.7425742574257426,-0.5247524752475248,0.7623762376237624,-0.42574257425742573,0.6435643564356436,-0.6831683168316832,0.019801980198019802,-0.9306930693069307,0.6534653465346535,-0.6831683168316832,0.7128712871287128,-0.5544554455445545,0.5544554455445545,-0.8316831683168316,-0.039603960396039604,-0.9801980198019802,0.5247524752475248,-0.7623762376237624,0.5841584158415841,-0.6732673267326733,0.46534653465346537,-0.9207920792079208,-0.04950495049504951,-1.0,0.33663366336633666,-0.8316831683168316,0.37623762376237624,-0.7425742574257426,0.2871287128712871
1,0.0,0.0,0.030927835051546393,0.4742268041237113,-0.25773195876288657,0.8247422680412371,-0.6082474226804123,0.9381443298969072,-0.8144329896907216,0.8144329896907216,-0.5051546391752577,0.28865979381443296,-0.7628865979381443,0.7938144329896907,-0.5154639175257731,0.8041237113402062,-0.4329896907216495,0.6701030927835051,-0.711340206185567,0.13402061855670103,-0.9587628865979382,0.711340206185567,-0.6701030927835051,0.7525773195876289,-0.5567010309278351,0.5876288659793815,-0.865979381443299,0.061855670103092786,-0.9896907216494846,0.5773195876288659,-0.7216494845360825,0.6082474226804123,-0.6391752577319587,0.4742268041237113,-0.9484536082474226,0.030927835051546393,-1.0,0.3711340206185567,-0.8247422680412371,0.4020618556701031,-0.7319587628865979,0.31958762886597936
1,0.0,0.0,0.020833333333333332,0.46875,-0.25,0.8125,-0.59375,0.9583333333333334,-0.8125,0.84375,-0.5520833333333334,0.34375,-0.7604166666666666,0.8020833333333334,-0.5,0.7916666666666666,-0.4375,0.6458333333333334,-0.7083333333333334,0.17708333333333334,-0.9479166666666666,0.71875,-0.65625,0.7395833333333334,-0.5625,0.59375,-0.8333333333333334,0.09375,-0.96875,0.5625,-0.6979166666666666,0.5833333333333334,-0.625,0.4583333333333333,-0.9166666666666666,0.03125,-1.0,0.3645833333333333,-0.8229166666666666,0.3958333333333333,-0.71875,0.3125
1,0.0,0.0,0.030927835051546393,0.4536082474226804,-0.21649484536082475,0.8041237113402062,-0.5670103092783505,1.0,-0.7938144329896907,0.8865979381443299,-0.5567010309278351,0.35051546391752575,-0.7525773195876289,0.8350515463917526,-0.5257731958762887,0.8041237113402062,-0.4639175257731959,0.6597938144329897,-0.7422680412371134,0.18556701030927836,-0.9278350515463918,0.7319587628865979,-0.6907216494845361,0.7525773195876289,-0.5979381443298969,0.6082474226804123,-0.8556701030927835,0.10309278350515463,-0.9690721649484536,0.5876288659793815,-0.7525773195876289,0.6082474226804123,-0.6701030927835051,0.4948453608247423,-0.9175257731958762,0.05154639175257732,-0.9896907216494846,0.3917525773195876,-0.8350515463917526,0.422680412371134,-0.7422680412371134,0.3402061855670103
1,0.0,0.0,0.030303030303030304,0.45454545454545453,-0.20202020202020202,0.8080808080808081,-0.5454545454545454,1.0,-0.7474747474747475,0.898989898989899,-0.5757575757575758,0.37373737373737376,-0.7272727272727273,0.8585858585858586,-0.5151515151515151,0.8080808080808081,-0.4444444444444444,0.6767676767676768,-0.7575757575757576,0.2222222222222222,-0.8888888888888888,0.7575757575757576,-0.6767676767676768,0.7575757575757576,-0.5959595959595959,0.6262626262626263,-0.8686868686868687,0.1414141414141414,-0.9393939393939394,0.6161616161616161,-0.7474747474747475,0.6262626262626263,-0.6666666666666666,0.5151515151515151,-0.9090909090909091,0.09090909090909091,-0.9595959595959596,0.43434343434343436,-0.8181818181818182,0.45454545454545453,-0.7373737373737373,0.36363636363636365
1,0.0,0.0,0.029411764705882353,0.47058823529411764,-0.20588235294117646,0.8235294117647058,-0.5392156862745098,1.0,-0.7156862745098039,0.8823529411764706,-0.5980392156862745,0.4019607843137255,-0.7058823529411765,0.8823529411764706,-0.5,0.8235294117647058,-0.4215686274509804,0.6764705882352942,-0.7843137254901961,0.2549019607843137,-0.8725490196078431,0.7843137254901961,-0.6666666666666666,0.7745098039215687,-0.5980392156862745,0.6470588235294118,-0.8725490196078431,0.16666666666666666,-0.9313725490196079,0.6470588235294118,-0.7450980392156863,0.6470588235294118,-0.6764705882352942,0.5294117647058824,-0.9019607843137255,0.11764705882352941,-0.9313725490196079,0.4803921568627451,-0.7941176470588235,0.49019607843137253,-0.7156862745098039,0.39215686274509803
1,0.0,0.0,0.038834951456310676,0.46601941747572817,-0.18446601941747573,0.8252427184466019,-0.49514563106796117,1.0,-0.6796116504854369,0.912621359223301,-0.6019417475728155,0.46601941747572817,-0.6796116504854369,0.9223300970873787,-0.47572815533980584,0.8543689320388349,-0.4174757281553398,0.7087378640776699,-0.7864077669902912,0.32038834951456313,-0.8543689320388349,0.8252427184466019,-0.6504854368932039,0.8058252427184466,-0.5922330097087378,0.6796116504854369,-0.8640776699029126,0.22330097087378642,-0.9029126213592233,0.6796116504854369,-0.7281553398058253,0.6796116504854369,-0.6601941747572816,0.5631067961165048,-0.8932038834951457,0.1650485436893204,-0.9223300970873787,0.5048543689320388,-0.7766990291262136,0.5242718446601942,-0.6990291262135923,0.4368932038834951
1,0.0,0.0,0.06666666666666667,0.47619047619047616,-0.13333333333333333,0.8380952380952381,-0.44761904761904764,1.0,-0.6476190476190476,0.9238095238095239,-0.5714285714285714,0.5142857142857142,-0.6285714285714286,0.9428571428571428,-0.42857142857142855,0.8761904761904762,-0.38095238095238093,0.7333333333333333,-0.7428571428571429,0.37142857142857144,-0.7904761904761904,0.8476190476190476,-0.5904761904761905,0.8285714285714286,-0.5428571428571428,0.7047619047619048,-0.8285714285714286,0.26666666666666666,-0.8571428571428571,0.7047619047619048,-0.6761904761904762,0.7047619047619048,-0.6190476190476191,0.580952380952381,-0.8476190476190476,0.2,-0.8666666666666667,0.5333333333333333,-0.7238095238095238,0.5523809523809524,-0.6571428571428571,0.45714285714285713
1,0.0,0.0,0.08256880733944955,0.45871559633027525,-0.08256880733944955,0.8165137614678899,-0.3669724770642202,1.0,-0.5596330275229358,0.926605504587156,-0.5137614678899083,0.5688073394495413,-0.5504587155963303,0.9541284403669725,-0.3669724770642202,0.8715596330275229,-0.3302752293577982,0.7247706422018348,-0.6880733944954128,0.42201834862385323,-0.7155963302752294,0.8623853211009175,-0.5321100917431193,0.8256880733944955,-0.48623853211009177,0.6972477064220184,-0.7706422018348624,0.3119266055045872,-0.7798165137614679,0.7155963302752294,-0.6146788990825688,0.6972477064220184,-0.5688073394495413,0.5779816513761468,-0.7981651376146789,0.22935779816513763,-0.8073394495412844,0.5321100917431193,-0.6788990825688074,0.5412844036697247,-0.6238532110091743,0.44954128440366975
1,0.0,0.0,0.09259259259259259,0.4444444444444444,-0.05555555555555555,0.8055555555555556,-0.3333333333333333,1.0,-0.5370370370370371,0.9444444444444444,-0.49074074074074076,0.6018518518518519,-0.5185185185185185,0.9814814814814815,-0.3425925925925926,0.8796296296296297,-0.3148148148148148,0.7314814814814815,-0.6666666666666666,0.4537037037037037,-0.6944444444444444,0.8703703703703703,-0.5092592592592593,0.8240740740740741,-0.4722222222222222,0.7037037037037037,-0.7592592592592593,0.3425925925925926,-0.7685185185185185,0.7222222222222222,-0.6111111111111112,0.6944444444444444,-0.5555555555555556,0.5740740740740741,-0.7962962962962963,0.25,-0.8055555555555556,0.5555555555555556,-0.6851851851851852,0.5462962962962963,-0.6203703703703703,0.4444444444444444
1,0.0,0.0,0.102803738317757,0.4485981308411215,-0.018691588785046728,0.794392523364486,-0.2897196261682243,0.9813084112149533,-0.514018691588785,0.9252336448598131,-0.4485981308411215,0.6261682242990654,-0.48598130841121495,1.0,-0.3177570093457944,0.8878504672897196,-0.2897196261682243,0.7383177570093458,-0.6355140186915887,0.4766355140186916,-0.6542056074766355,0.8691588785046729,-0.48598130841121495,0.8130841121495327,-0.4392523364485981,0.6915887850467289,-0.7289719626168224,0.35514018691588783,-0.7383177570093458,0.7102803738317757,-0.5887850467289719,0.6728971962616822,-0.5420560747663551,0.5607476635514018,-0.7757009345794392,0.2523364485981308,-0.7850467289719626,0.5327102803738317,-0.6635514018691588,0.5233644859813084,-0.6074766355140186,0.42990654205607476
1,0.0,0.0,0.102803738317757,0.4392523364485981,-0.018691588785046728,0.7757009345794392,-0.27102803738317754,0.9532710280373832,-0.48598130841121495,0.9065420560747663,-0.411214953271028,0.6728971962616822,-0.4766355140186916,1.0,-0.32710280373831774,0.8878504672897196,-0.27102803738317754,0.7476635514018691,-0.6074766355140186,0.514018691588785,-0.6448598130841121,0.8691588785046729,-0.4953271028037383,0.8037383177570093,-0.42990654205607476,0.6915887850467289,-0.7009345794392523,0.37383177570093457,-0.719626168224299,0.6822429906542056,-0.5887850467289719,0.6542056074766355,-0.5233644859813084,0.5514018691588785,-0.7476635514018691,0.2616822429906542,-0.7663551401869159,0.5046728971962616,-0.6448598130841121,0.4953271028037383,-0.5794392523364486,0.411214953271028
1,0.0,0.0,0.09433962264150944,0.42452830188679247,-0.04716981132075472,0.7641509433962265,-0.3018867924528302,0.9150943396226415,-0.5,0.8679245283018868,-0.4339622641509434,0.7169811320754716,-0.49056603773584906,1.0,-0.3584905660377358,0.8867924528301887,-0.3018867924528302,0.7547169811320755,-0.6226415094339622,0.5566037735849056,-0.660377358490566,0.8584905660377359,-0.5283018867924528,0.8018867924528302,-0.46226415094339623,0.6981132075471698,-0.7169811320754716,0.4056603773584906,-0.7358490566037735,0.6698113207547169,-0.6132075471698113,0.6415094339622641,-0.5471698113207547,0.5377358490566038,-0.7641509433962265,0.2830188679245283,-0.7830188679245284,0.5094339622641509,-0.6698113207547169,0.49056603773584906,-0.6037735849056604,0.39622641509433965
1,0.0,0.0,0.058823529411764705,0.4215686274509804,-0.10784313725490197,0.7549019607843137,-0.35294117647058826,0.8823529411764706,-0.5392156862745098,0.7843137254901961,-0.49019607843137253,0.7647058823529411,-0.5490196078431373,1.0,-0.4215686274509804,0.9117647058823529,-0.35294117647058826,0.7941176470588235,-0.6666666666666666,0.5882352941176471,-0.7254901960784313,0.8431372549019608,-0.5882352941176471,0.803921568627451,-0.5,0.696078431372549,-0.7745098039215687,0.4117647058823529,-0.7941176470588235,0.6372549019607843,-0.6764705882352942,0.6176470588235294,-0.5784313725490197,0.5196078431372549,-0.8137254901960784,0.2647058823529412,-0.8431372549019608,0.46078431372549017,-0.7352941176470589,0.45098039215686275,-0.6568627450980392,0.3627450980392157
1,0.0,0.0,0.04950495049504951,0.42574257425742573,-0.12871287128712872,0.7524752475247525,-0.37623762376237624,0.8613861386138614,-0.5544554455445545,0.7623762376237624,-0.49504950495049505,0.7821782178217822,-0.5643564356435643,1.0,-0.44554455445544555,0.9207920792079208,-0.37623762376237624,0.801980198019802,-0.6732673267326733,0.6039603960396039,-0.7326732673267327,0.8514851485148515,-0.6039603960396039,0.801980198019802,-0.504950495049505,0.7029702970297029,-0.7821782178217822,0.42574257425742573,-0.8118811881188119,0.6435643564356436,-0.6831683168316832,0.6138613861386139,-0.594059405940594,0.5247524752475248,-0.8217821782178217,0.26732673267326734,-0.8613861386138614,0.46534653465346537,-0.7524752475247525,0.44554455445544555,-0.6732673267326733,0.36633663366336633
1,0.0,0.0,0.04,0.43,-0.12,0.75,-0.36,0.86,-0.54,0.77,-0.5,0.79,-0.56,1.0,-0.45,0.93,-0.38,0.82,-0.68,0.62,-0.73,0.85,-0.6,0.81,-0.5,0.71,-0.78,0.44,-0.79,0.64,-0.68,0.62,-0.58,0.53,-0.83,0.28,-0.85,0.46,-0.75,0.45,-0.66,0.37
1,0.0,0.0,0.030303030303030304,0.42424242424242425,-0.1414141414141414,0.7373737373737373,-0.37373737373737376,0.8282828282828283,-0.5454545454545454,0.7272727272727273,-0.5353535353535354,0.797979797979798,-0.5959595959595959,1.0,-0.48484848484848486,0.9191919191919192,-0.42424242424242425,0.8181818181818182,-0.7070707070707071,0.6161616161616161,-0.7575757575757576,0.8282828282828283,-0.6262626262626263,0.7878787878787878,-0.5353535353535354,0.696969696969697,-0.8080808080808081,0.42424242424242425,-0.8080808080808081,0.6161616161616161,-0.696969696969697,0.5959595959595959,-0.5959595959595959,0.5151515151515151,-0.8484848484848485,0.26262626262626265,-0.8686868686868687,0.43434343434343436,-0.7676767676767676,0.42424242424242425,-0.6767676767676768,0.35353535353535354
1,0.0,0.0,0.020618556701030927,0.4536082474226804,-0.16494845360824742,0.7628865979381443,-0.41237113402061853,0.8556701030927835,-0.5876288659793815,0.7731958762886598,-0.5979381443298969,0.7938144329896907,-0.6185567010309279,1.0,-0.4845360824742268,0.9175257731958762,-0.422680412371134,0.8041237113402062,-0.7628865979381443,0.5876288659793815,-0.7731958762886598,0.8247422680412371,-0.6288659793814433,0.7835051546391752,-0.5360824742268041,0.6907216494845361,-0.8350515463917526,0.3917525773195876,-0.8144329896907216,0.6082474226804123,-0.6907216494845361,0.5876288659793815,-0.5876288659793815,0.4948453608247423,-0.8556701030927835,0.23711340206185566,-0.8556701030927835,0.422680412371134,-0.7525773195876289,0.4020618556701031,-0.6597938144329897,0.31958762886597936
1,0.0,0.0,0.05154639175257732,0.4845360824742268,-0.13402061855670103,0.8247422680412371,-0.41237113402061853,0.9690721649484536,-0.5979381443298969,0.8865979381443299,-0.6391752577319587,0.7319587628865979,-0.6082474226804123,1.0,-0.44329896907216493,0.8762886597938144,-0.41237113402061853,0.7422680412371134,-0.7835051546391752,0.5257731958762887,-0.7422680412371134,0.8247422680412371,-0.5773195876288659,0.7731958762886598,-0.5154639175257731,0.6494845360824743,-0.8247422680412371,0.35051546391752575,-0.7731958762886598,0.6185567010309279,-0.6288659793814433,0.5979381443298969,-0.5567010309278351,0.4845360824742268,-0.8144329896907216,0.20618556701030927,-0.7938144329896907,0.4329896907216495,-0.6701030927835051,0.41237113402061853,-0.5979381443298969,0.31958762886597936
1,0.0,0.0,0.0891089108910891,0.44554455445544555,-0.10891089108910891,0.801980198019802,-0.3465346534653465,1.0,-0.48514851485148514,0.9306930693069307,-0.6435643564356436,0.6237623762376238,-0.5643564356435643,0.9504950495049505,-0.39603960396039606,0.8415841584158416,-0.37623762376237624,0.7128712871287128,-0.7524752475247525,0.44554455445544555,-0.6732673267326733,0.801980198019802,-0.504950495049505,0.7623762376237624,-0.45544554455445546,0.6534653465346535,-0.7722772277227723,0.297029702970297,-0.7128712871287128,0.6336633663366337,-0.5742574257425742,0.6237623762376238,-0.504950495049505,0.5247524752475248,-0.7326732673267327,0.19801980198019803,-0.7029702970297029,0.46534653465346537,-0.594059405940594,0.46534653465346537,-0.5346534653465347,0.37623762376237624
1,0.0,0.0,0.04081632653061224,0.41836734693877553,-0.16326530612244897,0.7857142857142857,-0.3673469387755102,1.0,-0.4897959183673469,0.9387755102040817,-0.7244897959183674,0.5204081632653061,-0.6224489795918368,0.9183673469387755,-0.4387755102040816,0.826530612244898,-0.41836734693877553,0.6938775510204082,-0.7959183673469388,0.3673469387755102,-0.6938775510204082,0.7857142857142857,-0.5102040816326531,0.7448979591836735,-0.46938775510204084,0.6326530612244898,-0.7857142857142857,0.2653061224489796,-0.7142857142857143,0.6632653061224489,-0.5612244897959183,0.6530612244897959,-0.5102040816326531,0.5510204081632653,-0.7346938775510204,0.22448979591836735,-0.7040816326530612,0.5204081632653061,-0.6020408163265306,0.5204081632653061,-0.5510204081632653,0.4387755102040816
1,0.0,0.0,-0.03409090909090909,0.3977272727272727,-0.2727272727272727,0.7727272727272727,-0.4431818181818182,0.9886363636363636,-0.5340909090909091,1.0,-0.8863636363636364,0.4431818181818182,-0.7613636363636364,0.9204545454545454,-0.5340909090909091,0.8295454545454546,-0.5227272727272727,0.6931818181818182,-0.8863636363636364,0.3522727272727273,-0.7613636363636364,0.8409090909090909,-0.5454545454545454,0.7613636363636364,-0.5340909090909091,0.6136363636363636,-0.8409090909090909,0.32954545454545453,-0.7272727272727273,0.7613636363636364,-0.5454545454545454,0.7159090909090909,-0.5568181818181818,0.5909090909090909,-0.7954545454545454,0.3409090909090909,-0.7045454545454546,0.6477272727272727,-0.5909090909090909,0.6136363636363636,-0.5454545454545454,0.5113636363636364
1,0.0,0.0,-0.10843373493975904,0.3493975903614458,-0.3614457831325301,0.7228915662650602,-0.5421686746987951,0.9759036144578314,-0.6626506024096386,1.0,-0.9879518072289156,0.3614457831325301,-0.891566265060241,0.8433734939759037,-0.6626506024096386,0.7951807228915663,-0.6385542168674698,0.6626506024096386,-0.9397590361445783,0.3253012048192771,-0.8674698795180723,0.8313253012048193,-0.6385542168674698,0.7710843373493976,-0.6144578313253012,0.6144578313253012,-0.8795180722891566,0.3614457831325301,-0.8072289156626506,0.7951807228915663,-0.6265060240963856,0.7469879518072289,-0.6385542168674698,0.6024096385542169,-0.8072289156626506,0.40963855421686746,-0.7710843373493976,0.7108433734939759,-0.6506024096385542,0.6626506024096386,-0.6144578313253012,0.5421686746987951
1,0.0,0.0,-0.18604651162790697,0.27906976744186046,-0.46511627906976744,0.5813953488372093,-0.6046511627906976,0.813953488372093,-0.6744186046511628,0.9534883720930233,-1.0,0.27906976744186046,-0.9186046511627907,0.7441860465116279,-0.7209302325581395,0.7093023255813954,-0.6976744186046512,0.5813953488372093,-0.9069767441860465,0.3023255813953488,-0.8953488372093024,0.7674418604651163,-0.6976744186046512,0.7093023255813954,-0.6627906976744186,0.5813953488372093,-0.813953488372093,0.37209302325581395,-0.813953488372093,0.7441860465116279,-0.6511627906976745,0.6976744186046512,-0.6627906976744186,0.5813953488372093,-0.7441860465116279,0.4418604651162791,-0.7325581395348837,0.6976744186046512,-0.627906976744186,0.6511627906976745,-0.6046511627906976,0.5465116279069767
1,0.0,0.0,-0.24444444444444444,0.23333333333333334,-0.5555555555555556,0.4444444444444444,-0.7,0.6777777777777778,-0.7333333333333333,0.8555555555555555,-1.0,0.17777777777777778,-0.9777777777777777,0.6444444444444445,-0.7888888888888889,0.6111111111111112,-0.7444444444444445,0.4888888888888889,-0.9111111111111111,0.23333333333333334,-0.9444444444444444,0.6666666666666666,-0.7555555555555555,0.6222222222222222,-0.7111111111111111,0.5111111111111111,-0.8111111111111111,0.32222222222222224,-0.8555555555555555,0.6666666666666666,-0.7,0.6333333333333333,-0.7,0.5222222222222223,-0.7444444444444445,0.4,-0.7777777777777778,0.6444444444444445,-0.6777777777777778,0.6222222222222222,-0.6444444444444445,0.5222222222222223
1,0.0,0.0,-0.22916666666666666,0.10416666666666667,-0.5520833333333334,0.3020833333333333,-0.71875,0.5416666666666666,-0.78125,0.71875,-0.9583333333333334,0.08333333333333333,-1.0,0.5208333333333334,-0.7916666666666666,0.4583333333333333,-0.75,0.3229166666666667,-0.8541666666666666,0.1875,-0.90625,0.6041666666666666,-0.7083333333333334,0.5104166666666666,-0.6770833333333334,0.375,-0.75,0.3229166666666667,-0.8020833333333334,0.6354166666666666,-0.6354166666666666,0.5625,-0.6458333333333334,0.4270833333333333,-0.6770833333333334,0.4166666666666667,-0.7291666666666666,0.6354166666666666,-0.625,0.5833333333333334,-0.5833333333333334,0.4791666666666667
1,0.0,0.0,-0.24509803921568626,0.049019607843137254,-0.5588235294117647,0.20588235294117646,-0.7352941176470589,0.4215686274509804,-0.8137254901960784,0.5784313725490197,-0.8921568627450981,0.00980392156862745,-1.0,0.37254901960784315,-0.803921568627451,0.3235294117647059,-0.7352941176470589,0.20588235294117646,-0.7941176470588235,0.14705882352941177,-0.8921568627450981,0.49019607843137253,-0.696078431372549,0.4117647058823529,-0.6568627450980392,0.30392156862745096,-0.6862745098039216,0.29411764705882354,-0.7745098039215687,0.5490196078431373,-0.6078431372549019,0.4803921568627451,-0.5882352941176471,0.3627450980392157,-0.5980392156862745,0.38235294117647056,-0.6666666666666666,0.5588235294117647,-0.5588235294117647,0.5098039215686274,-0.5196078431372549,0.4215686274509804
1,0.0,0.0,-0.2523364485981308,-0.009345794392523364,-0.5794392523364486,0.102803738317757,-0.7757009345794392,0.3177570093457944,-0.8504672897196262,0.5046728971962616,-0.8598130841121495,-0.018691588785046728,-1.0,0.29906542056074764,-0.8130841121495327,0.2523364485981308,-0.7383177570093458,0.14018691588785046,-0.7663551401869159,0.1308411214953271,-0.8785046728971962,0.42990654205607476,-0.6915887850467289,0.34579439252336447,-0.6542056074766355,0.2336448598130841,-0.6542056074766355,0.27102803738317754,-0.7383177570093458,0.4953271028037383,-0.5794392523364486,0.411214953271028,-0.5700934579439252,0.29906542056074764,-0.5514018691588785,0.3644859813084112,-0.6074766355140186,0.5233644859813084,-0.5046728971962616,0.45794392523364486,-0.48598130841121495,0.37383177570093457
1,0.0,0.0,-0.3090909090909091,-0.05454545454545454,-0.6181818181818182,0.03636363636363636,-0.8090909090909091,0.24545454545454545,-0.8545454545454545,0.44545454545454544,-0.8090909090909091,-0.00909090909090909,-1.0,0.22727272727272727,-0.8181818181818182,0.17272727272727273,-0.7363636363636363,0.08181818181818182,-0.7272727272727273,0.14545454545454545,-0.9,0.38181818181818183,-0.7181818181818181,0.2818181818181818,-0.6545454545454545,0.19090909090909092,-0.6181818181818182,0.2818181818181818,-0.7545454545454545,0.4727272727272727,-0.6,0.36363636363636365,-0.5454545454545454,0.2636363636363636,-0.5181818181818182,0.39090909090909093,-0.6,0.509090909090909,-0.509090909090909,0.42727272727272725,-0.4636363636363636,0.33636363636363636
1,0.0,0.0,-0.2857142857142857,-0.09821428571428571,-0.6339285714285714,-0.03571428571428571,-0.8392857142857143,0.17857142857142858,-0.8660714285714286,0.38392857142857145,-0.8125,0.017857142857142856,-1.0,0.1875,-0.8035714285714286,0.13392857142857142,-0.7232142857142857,0.0625,-0.7321428571428571,0.17857142857142858,-0.9107142857142857,0.3482142857142857,-0.6964285714285714,0.25,-0.6428571428571429,0.17857142857142858,-0.625,0.3125,-0.7678571428571429,0.4642857142857143,-0.5803571428571429,0.33035714285714285,-0.5178571428571429,0.25892857142857145,-0.5178571428571429,0.42857142857142855,-0.625,0.5178571428571429,-0.5,0.41964285714285715,-0.44642857142857145,0.35714285714285715
1,0.0,0.0,-0.2831858407079646,-0.11504424778761062,-0.6371681415929203,-0.05309734513274336,-0.8672566371681416,0.13274336283185842,-0.8672566371681416,0.336283185840708,-0.8053097345132744,0.04424778761061947,-1.0,0.168141592920354,-0.7964601769911505,0.11504424778761062,-0.6991150442477876,0.07964601769911504,-0.7256637168141593,0.19469026548672566,-0.9203539823008849,0.336283185840708,-0.7079646017699115,0.23008849557522124,-0.6283185840707964,0.17699115044247787,-0.6283185840707964,0.3185840707964602,-0.7699115044247787,0.4424778761061947,-0.584070796460177,0.30973451327433627,-0.5132743362831859,0.24778761061946902,-0.5221238938053098,0.45132743362831856,-0.6460176991150443,0.504424778761062,-0.5221238938053098,0.40707964601769914,-0.45132743362831856,0.34513274336283184
1,0.0,0.0,-0.2956521739130435,-0.12173913043478261,-0.6347826086956522,-0.0782608695652174,-0.8695652173913043,0.10434782608695652,-0.9217391304347826,0.3130434782608696,-0.8,0.05217391304347826,-1.0,0.1391304347826087,-0.8173913043478261,0.08695652173913043,-0.7217391304347827,0.05217391304347826,-0.7304347826086957,0.2,-0.9304347826086956,0.30434782608695654,-0.7217391304347827,0.19130434782608696,-0.6434782608695652,0.16521739130434782,-0.6347826086956522,0.33043478260869563,-0.808695652173913,0.4260869565217391,-0.6173913043478261,0.2782608695652174,-0.5391304347826087,0.24347826086956523,-0.5217391304347826,0.4608695652173913,-0.6695652173913044,0.4956521739130435,-0.5478260869565217,0.391304347826087,-0.46956521739130436,0.3565217391304348
1,0.0,0.0,-0.30973451327433627,-0.1504424778761062,-0.6371681415929203,-0.10619469026548672,-0.8672566371681416,0.07079646017699115,-0.9469026548672567,0.26548672566371684,-0.7964601769911505,0.04424778761061947,-1.0,0.11504424778761062,-0.8407079646017699,0.061946902654867256,-0.7345132743362832,0.04424778761061947,-0.7256637168141593,0.19469026548672566,-0.9380530973451328,0.2831858407079646,-0.7345132743362832,0.17699115044247787,-0.6371681415929203,0.1504424778761062,-0.6371681415929203,0.3274336283185841,-0.8230088495575221,0.40707964601769914,-0.6283185840707964,0.26548672566371684,-0.5221238938053098,0.23008849557522124,-0.5221238938053098,0.4690265486725664,-0.6814159292035398,0.48672566371681414,-0.5575221238938053,0.3893805309734513,-0.4778761061946903,0.35398230088495575
1,0.0,0.0,-0.30357142857142855,-0.16964285714285715,-0.6428571428571429,-0.13392857142857142,-0.8839285714285714,0.03571428571428571,-0.9642857142857143,0.24107142857142858,-0.7857142857142857,0.03571428571428571,-1.0,0.09821428571428571,-0.8482142857142857,0.044642857142857144,-0.7410714285714286,0.026785714285714284,-0.7321428571428571,0.17857142857142858,-0.9464285714285714,0.26785714285714285,-0.75,0.16071428571428573,-0.6339285714285714,0.13392857142857142,-0.6339285714285714,0.3125,-0.8392857142857143,0.39285714285714285,-0.6428571428571429,0.25,-0.5178571428571429,0.21428571428571427,-0.5267857142857143,0.45535714285714285,-0.6964285714285714,0.4732142857142857,-0.5803571428571429,0.375,-0.48214285714285715,0.3482142857142857
1,0.0,0.0,-0.2882882882882883,-0.17117117117117117,-0.6486486486486487,-0.15315315315315314,-0.9099099099099099,0.0,-1.0,0.1981981981981982,-0.7837837837837838,0.02702702702702703,-1.0,0.06306306306306306,-0.8648648648648649,0.018018018018018018,-0.7387387387387387,0.018018018018018018,-0.7387387387387387,0.17117117117117117,-0.963963963963964,0.24324324324324326,-0.7747747747747747,0.14414414414414414,-0.6486486486486487,0.11711711711711711,-0.6486486486486487,0.3063063063063063,-0.8468468468468469,0.36936936936936937,-0.6666666666666666,0.23423423423423423,-0.5315315315315315,0.2072072072072072,-0.5405405405405406,0.45045045045045046,-0.7297297297297297,0.45045045045045046,-0.6126126126126126,0.36036036036036034,-0.5135135135135135,0.3333333333333333
1,0.0,0.0,-0.2818181818181818,-0.19090909090909092,-0.6454545454545455,-0.19090909090909092,-0.9181818181818182,-0.045454545454545456,-1.0,0.15454545454545454,-0.7909090909090909,0.00909090909090909,-1.0,0.03636363636363636,-0.8727272727272727,-0.00909090909090909,-0.7545454545454545,-0.00909090909090909,-0.7454545454545455,0.15454545454545454,-0.9727272727272728,0.21818181818181817,-0.7909090909090909,0.11818181818181818,-0.6636363636363637,0.1,-0.6636363636363637,0.2909090909090909,-0.8636363636363636,0.33636363636363636,-0.6818181818181818,0.20909090909090908,-0.5454545454545454,0.19090909090909092,-0.5545454545454546,0.42727272727272725,-0.7454545454545455,0.41818181818181815,-0.6272727272727273,0.3181818181818182,-0.5181818181818182,0.3090909090909091
1,0.0,0.0,-0.3063063063063063,-0.1891891891891892,-0.6486486486486487,-0.1891891891891892,-0.9099099099099099,-0.05405405405405406,-1.0,0.14414414414414414,-0.7837837837837838,0.009009009009009009,-0.9819819819819819,0.02702702702702703,-0.8468468468468469,-0.036036036036036036,-0.7387387387387387,-0.018018018018018018,-0.7297297297297297,0.15315315315315314,-0.963963963963964,0.1981981981981982,-0.7747747747747747,0.09009009009009009,-0.6486486486486487,0.09009009009009009,-0.6486486486486487,0.2882882882882883,-0.8648648648648649,0.3153153153153153,-0.6756756756756757,0.1891891891891892,-0.5495495495495496,0.18018018018018017,-0.5495495495495496,0.42342342342342343,-0.7477477477477478,0.40540540540540543,-0.6306306306306306,0.3063063063063063,-0.5225225225225225,0.2972972972972973
1,0.0,0.0,-0.3153153153153153,-0.1981981981981982,-0.6486486486486487,-0.2072072072072072,-0.9099099099099099,-0.09009009009009009,-1.0,0.10810810810810811,-0.7747747747747747,0.0,-0.9819819819819819,-0.009009009009009009,-0.8378378378378378,-0.06306306306306306,-0.7297297297297297,-0.036036036036036036,-0.7297297297297297,0.14414414414414414,-0.963963963963964,0.16216216216216217,-0.7747747747747747,0.06306306306306306,-0.6576576576576577,0.08108108108108109,-0.6576576576576577,0.27927927927927926,-0.8738738738738738,0.2882882882882883,-0.6846846846846847,0.16216216216216217,-0.5585585585585585,0.18018018018018017,-0.5675675675675675,0.42342342342342343,-0.7747747747747747,0.38738738738738737,-0.6486486486486487,0.2882882882882883,-0.5405405405405406,0.2882882882882883
1,0.0,0.0,-0.2972972972972973,-0.21621621621621623,-0.6306306306306306,-0.23423423423423423,-0.8918918918918919,-0.13513513513513514,-1.0,0.05405405405405406,-0.7657657657657657,-0.036036036036036036,-0.9819819819819819,-0.036036036036036036,-0.8198198198198198,-0.10810810810810811,-0.7027027027027027,-0.07207207207207207,-0.7297297297297297,0.10810810810810811,-0.963963963963964,0.12612612612612611,-0.7477477477477478,0.009009009009009009,-0.6306306306306306,0.04504504504504504,-0.6576576576576577,0.25225225225225223,-0.8738738738738738,0.24324324324324326,-0.6576576576576577,0.11711711711711711,-0.5405405405405406,0.15315315315315314,-0.5765765765765766,0.40540540540540543,-0.7837837837837838,0.36036036036036034,-0.6396396396396397,0.25225225225225223,-0.5315315315315315,0.2702702702702703
1,0.0,0.0,-0.3148148148148148,-0.24074074074074073,-0.6388888888888888,-0.26851851851851855,-0.8981481481481481,-0.16666666666666666,-1.0,0.018518518518518517,-0.7777777777777778,-0.05555555555555555,-1.0,-0.05555555555555555,-0.8425925925925926,-0.12962962962962962,-0.7129629629629629,-0.10185185185185185,-0.7407407407407407,0.09259259259259259,-0.9814814814814815,0.10185185185185185,-0.7592592592592593,-0.009259259259259259,-0.6296296296296297,0.018518518518518517,-0.6759259259259259,0.23148148148148148,-0.8981481481481481,0.23148148148148148,-0.6759259259259259,0.10185185185185185,-0.5462962962962963,0.12962962962962962,-0.5925925925925926,0.3888888888888889,-0.8055555555555556,0.3425925925925926,-0.6666666666666666,0.23148148148148148,-0.5462962962962963,0.25
1,0.0,0.0,-0.3113207547169811,-0.25471698113207547,-0.6320754716981132,-0.2830188679245283,-0.8962264150943396,-0.18867924528301888,-1.0,0.009433962264150943,-0.7735849056603774,-0.05660377358490566,-0.9905660377358491,-0.07547169811320754,-0.8207547169811321,-0.16037735849056603,-0.6981132075471698,-0.12264150943396226,-0.7264150943396226,0.09433962264150944,-0.9716981132075472,0.07547169811320754,-0.7358490566037735,-0.03773584905660377,-0.6132075471698113,0.009433962264150943,-0.6698113207547169,0.2358490566037736,-0.8962264150943396,0.20754716981132076,-0.660377358490566,0.07547169811320754,-0.5471698113207547,0.12264150943396226,-0.6037735849056604,0.4056603773584906,-0.8113207547169812,0.32075471698113206,-0.660377358490566,0.2169811320754717,-0.5377358490566038,0.25471698113207547
1,0.0,0.0,-0.32075471698113206,-0.2641509433962264,-0.6226415094339622,-0.3018867924528302,-0.8867924528301887,-0.20754716981132076,-1.0,-0.02830188679245283,-0.7547169811320755,-0.07547169811320754,-0.9716981132075472,-0.09433962264150944,-0.8113207547169812,-0.16981132075471697,-0.6886792452830188,-0.1509433962264151,-0.7169811320754716,0.07547169811320754,-0.9528301886792453,0.05660377358490566,-0.7264150943396226,-0.05660377358490566,-0.5943396226415094,-0.018867924528301886,-0.6698113207547169,0.2169811320754717,-0.8867924528301887,0.18867924528301888,-0.6509433962264151,0.05660377358490566,-0.5283018867924528,0.10377358490566038,-0.6037735849056604,0.3867924528301887,-0.8113207547169812,0.3018867924528302,-0.660377358490566,0.19811320754716982,-0.5377358490566038,0.2358490566037736
1,0.0,0.0,-0.3173076923076923,-0.27884615384615385,-0.6153846153846154,-0.3269230769230769,-0.875,-0.23076923076923078,-1.0,-0.057692307692307696,-0.7403846153846154,-0.09615384615384616,-0.9519230769230769,-0.11538461538461539,-0.8076923076923077,-0.19230769230769232,-0.6826923076923077,-0.16346153846153846,-0.7115384615384616,0.057692307692307696,-0.9423076923076923,0.028846153846153848,-0.7211538461538461,-0.07692307692307693,-0.5865384615384616,-0.038461538461538464,-0.6730769230769231,0.20192307692307693,-0.8846153846153846,0.16346153846153846,-0.6442307692307693,0.038461538461538464,-0.5096153846153846,0.08653846153846154,-0.6057692307692307,0.375,-0.8173076923076923,0.28846153846153844,-0.6634615384615384,0.18269230769230768,-0.5288461538461539,0.22115384615384615
1,0.0,0.0,-0.3235294117647059,-0.29411764705882354,-0.6176470588235294,-0.35294117647058826,-0.8823529411764706,-0.2647058823529412,-1.0,-0.08823529411764706,-0.7254901960784313,-0.11764705882352941,-0.9215686274509803,-0.1568627450980392,-0.7843137254901961,-0.21568627450980393,-0.6666666666666666,-0.18627450980392157,-0.696078431372549,0.0392156862745098,-0.9215686274509803,0.0,-0.696078431372549,-0.09803921568627451,-0.5784313725490197,-0.049019607843137254,-0.6666666666666666,0.19607843137254902,-0.8725490196078431,0.13725490196078433,-0.6274509803921569,0.0196078431372549,-0.5098039215686274,0.0784313725490196,-0.6274509803921569,0.37254901960784315,-0.8235294117647058,0.2647058823529412,-0.6568627450980392,0.17647058823529413,-0.5392156862745098,0.21568627450980393
1,0.0,0.0,-0.32653061224489793,-0.3163265306122449,-0.6224489795918368,-0.3673469387755102,-0.8877551020408163,-0.2755102040816326,-1.0,-0.10204081632653061,-0.7142857142857143,-0.11224489795918367,-0.9183673469387755,-0.15306122448979592,-0.8061224489795918,-0.21428571428571427,-0.673469387755102,-0.1836734693877551,-0.6836734693877551,0.04081632653061224,-0.9183673469387755,0.0,-0.7040816326530612,-0.09183673469387756,-0.5510204081632653,-0.05102040816326531,-0.6632653061224489,0.20408163265306123,-0.8877551020408163,0.14285714285714285,-0.6326530612244898,0.030612244897959183,-0.4897959183673469,0.07142857142857142,-0.6326530612244898,0.37755102040816324,-0.8367346938775511,0.2755102040816326,-0.673469387755102,0.1836734693877551,-0.5306122448979592,0.22448979591836735
1,0.0,0.0,-0.3263157894736842,-0.3263157894736842,-0.6210526315789474,-0.37894736842105264,-0.8842105263157894,-0.28421052631578947,-1.0,-0.11578947368421053,-0.6842105263157895,-0.10526315789473684,-0.8842105263157894,-0.1368421052631579,-0.8,-0.21052631578947367,-0.6736842105263158,-0.17894736842105263,-0.6526315789473685,0.06315789473684211,-0.9052631578947369,0.010526315789473684,-0.7052631578947368,-0.08421052631578947,-0.5578947368421052,-0.031578947368421054,-0.6421052631578947,0.22105263157894736,-0.8736842105263158,0.14736842105263157,-0.6421052631578947,0.031578947368421054,-0.5052631578947369,0.08421052631578947,-0.631578947368421,0.4,-0.8315789473684211,0.29473684210526313,-0.6631578947368421,0.2,-0.5263157894736842,0.24210526315789474
1,0.0,0.0,-0.3191489361702128,-0.3191489361702128,-0.6170212765957447,-0.39361702127659576,-0.8829787234042553,-0.2978723404255319,-1.0,-0.1276595744680851,-0.6914893617021277,-0.1276595744680851,-0.8936170212765957,-0.1595744680851064,-0.8191489361702128,-0.22340425531914893,-0.723404255319149,-0.18085106382978725,-0.6595744680851063,0.05319148936170213,-0.9042553191489362,-0.010638297872340425,-0.7127659574468085,-0.09574468085106383,-0.5638297872340425,-0.0425531914893617,-0.6382978723404256,0.2127659574468085,-0.8723404255319149,0.13829787234042554,-0.6382978723404256,0.031914893617021274,-0.5,0.0851063829787234,-0.6170212765957447,0.39361702127659576,-0.8297872340425532,0.2765957446808511,-0.6595744680851063,0.20212765957446807,-0.5319148936170213,0.24468085106382978
1,0.0,0.0,-0.3118279569892473,-0.34408602150537637,-0.6129032258064516,-0.41935483870967744,-0.8817204301075269,-0.3225806451612903,-1.0,-0.15053763440860216,-0.6881720430107527,-0.15053763440860216,-0.8817204301075269,-0.21505376344086022,-0.8064516129032258,-0.25806451612903225,-0.7204301075268817,-0.20430107526881722,-0.6666666666666666,0.03225806451612903,-0.9139784946236559,-0.043010752688172046,-0.7096774193548387,-0.11827956989247312,-0.5591397849462365,-0.053763440860215055,-0.6559139784946236,0.1935483870967742,-0.8817204301075269,0.10752688172043011,-0.6451612903225806,0.010752688172043012,-0.5053763440860215,0.07526881720430108,-0.6344086021505376,0.3870967741935484,-0.8387096774193549,0.25806451612903225,-0.6666666666666666,0.1827956989247312,-0.5376344086021505,0.23655913978494625
1,0.0,0.0,-0.2736842105263158,-0.3157894736842105,-0.6,-0.3894736842105263,-0.8842105263157894,-0.28421052631578947,-1.0,-0.10526315789473684,-0.6842105263157895,-0.14736842105263157,-0.8842105263157894,-0.2,-0.7789473684210526,-0.23157894736842105,-0.6526315789473685,-0.18947368421052632,-0.6842105263157895,0.031578947368421054,-0.9157894736842105,-0.010526315789473684,-0.7157894736842105,-0.08421052631578947,-0.5473684210526316,-0.031578947368421054,-0.6631578947368421,0.21052631578947367,-0.8947368421052632,0.14736842105263157,-0.6631578947368421,0.042105263157894736,-0.4842105263157895,0.08421052631578947,-0.6210526315789474,0.3894736842105263,-0.8421052631578947,0.29473684210526313,-0.6842105263157895,0.21052631578947367,-0.5368421052631579,0.24210526315789474
1,0.0,0.0,-0.2708333333333333,-0.34375,-0.59375,-0.4270833333333333,-0.8854166666666666,-0.3020833333333333,-1.0,-0.11458333333333333,-0.6666666666666666,-0.15625,-0.8645833333333334,-0.20833333333333334,-0.7708333333333334,-0.25,-0.65625,-0.20833333333333334,-0.6666666666666666,0.03125,-0.8958333333333334,-0.03125,-0.6875,-0.11458333333333333,-0.5208333333333334,-0.041666666666666664,-0.65625,0.19791666666666666,-0.8854166666666666,0.125,-0.6354166666666666,0.020833333333333332,-0.4791666666666667,0.08333333333333333,-0.625,0.3958333333333333,-0.8333333333333334,0.2708333333333333,-0.65625,0.19791666666666666,-0.5208333333333334,0.23958333333333334
1,0.0,0.0,-0.2755102040816326,-0.35714285714285715,-0.5918367346938775,-0.42857142857142855,-0.8775510204081632,-0.32653061224489793,-1.0,-0.1326530612244898,-0.6632653061224489,-0.15306122448979592,-0.8571428571428571,-0.21428571428571427,-0.7653061224489796,-0.2755102040816326,-0.6530612244897959,-0.22448979591836735,-0.6530612244897959,0.030612244897959183,-0.8979591836734694,-0.05102040816326531,-0.6938775510204082,-0.1326530612244898,-0.5408163265306123,-0.061224489795918366,-0.6428571428571429,0.20408163265306123,-0.8877551020408163,0.11224489795918367,-0.6326530612244898,0.0,-0.47959183673469385,0.07142857142857142,-0.6428571428571429,0.3979591836734694,-0.8367346938775511,0.25510204081632654,-0.6530612244897959,0.17346938775510204,-0.5102040816326531,0.24489795918367346
1,0.0,0.0,-0.2376237623762376,-0.3564356435643564,-0.5742574257425742,-0.45544554455445546,-0.8910891089108911,-0.3465346534653465,-1.0,-0.12871287128712872,-0.6732673267326733,-0.18811881188118812,-0.8811881188118812,-0.25742574257425743,-0.7425742574257426,-0.31683168316831684,-0.6237623762376238,-0.25742574257425743,-0.6732673267326733,0.0,-0.9108910891089109,-0.06930693069306931,-0.6633663366336634,-0.15841584158415842,-0.5148514851485149,-0.06930693069306931,-0.6633663366336634,0.16831683168316833,-0.8910891089108911,0.0891089108910891,-0.6138613861386139,-0.019801980198019802,-0.46534653465346537,0.06930693069306931,-0.6336633663366337,0.37623762376237624,-0.8316831683168316,0.2376237623762376,-0.6435643564356436,0.15841584158415842,-0.5148514851485149,0.2376237623762376
1,0.0,0.0,-0.205607476635514,-0.34579439252336447,-0.5607476635514018,-0.4392523364485981,-0.8878504672897196,-0.32710280373831774,-1.0,-0.11214953271028037,-0.6635514018691588,-0.18691588785046728,-0.8598130841121495,-0.2523364485981308,-0.7570093457943925,-0.308411214953271,-0.6542056074766355,-0.2336448598130841,-0.6635514018691588,-0.009345794392523364,-0.9252336448598131,-0.07476635514018691,-0.6635514018691588,-0.1588785046728972,-0.514018691588785,-0.07476635514018691,-0.6542056074766355,0.16822429906542055,-0.897196261682243,0.09345794392523364,-0.6074766355140186,-0.018691588785046728,-0.45794392523364486,0.06542056074766354,-0.616822429906542,0.37383177570093457,-0.8317757009345794,0.2523364485981308,-0.6448598130841121,0.14953271028037382,-0.514018691588785,0.21495327102803738
1,0.0,0.0,-0.18584070796460178,-0.34513274336283184,-0.5398230088495575,-0.46017699115044247,-0.8672566371681416,-0.35398230088495575,-1.0,-0.1415929203539823,-0.672566371681416,-0.23008849557522124,-0.8938053097345132,-0.2920353982300885,-0.7168141592920354,-0.35398230088495575,-0.584070796460177,-0.2831858407079646,-0.6814159292035398,-0.04424778761061947,-0.9469026548672567,-0.10619469026548672,-0.6814159292035398,-0.19469026548672566,-0.5309734513274337,-0.10619469026548672,-0.672566371681416,0.13274336283185842,-0.911504424778761,0.05309734513274336,-0.6194690265486725,-0.05309734513274336,-0.4690265486725664,0.035398230088495575,-0.6371681415929203,0.34513274336283184,-0.8495575221238938,0.21238938053097345,-0.6637168141592921,0.10619469026548672,-0.5309734513274337,0.18584070796460178
1,0.0,0.0,-0.15833333333333333,-0.3416666666666667,-0.525,-0.48333333333333334,-0.8666666666666667,-0.39166666666666666,-1.0,-0.16666666666666666,-0.6833333333333333,-0.26666666666666666,-0.875,-0.35833333333333334,-0.6916666666666667,-0.39166666666666666,-0.575,-0.31666666666666665,-0.7,-0.09166666666666666,-0.95,-0.15833333333333333,-0.6666666666666666,-0.225,-0.5333333333333333,-0.13333333333333333,-0.6833333333333333,0.09166666666666666,-0.925,0.016666666666666666,-0.625,-0.075,-0.48333333333333334,0.008333333333333333,-0.65,0.30833333333333335,-0.85,0.175,-0.65,0.08333333333333333,-0.5416666666666666,0.15
1,0.0,0.0,-0.096,-0.312,-0.488,-0.504,-0.848,-0.424,-1.0,-0.208,-0.688,-0.344,-0.896,-0.432,-0.688,-0.424,-0.584,-0.336,-0.712,-0.152,-0.968,-0.216,-0.664,-0.248,-0.552,-0.176,-0.704,0.04,-0.944,-0.024,-0.632,-0.104,-0.496,-0.032,-0.672,0.264,-0.864,0.136,-0.648,0.064,-0.544,0.12
1,0.0,0.0,-0.09923664122137404,-0.3053435114503817,-0.46564885496183206,-0.4961832061068702,-0.816793893129771,-0.4351145038167939,-1.0,-0.24427480916030533,-0.7022900763358778,-0.3816793893129771,-0.916030534351145,-0.46564885496183206,-0.7022900763358778,-0.4351145038167939,-0.6030534351145038,-0.37404580152671757,-0.732824427480916,-0.183206106870229,-0.9770992366412213,-0.2595419847328244,-0.6717557251908397,-0.26717557251908397,-0.5648854961832062,-0.1984732824427481,-0.7251908396946565,0.007633587786259542,-0.9541984732824428,-0.061068702290076333,-0.6259541984732825,-0.10687022900763359,-0.5038167938931297,-0.04580152671755725,-0.6946564885496184,0.22137404580152673,-0.8778625954198473,0.11450381679389313,-0.648854961832061,0.061068702290076333,-0.549618320610687,0.10687022900763359
1,0.0,0.0,-0.10948905109489052,-0.2846715328467153,-0.46715328467153283,-0.5109489051094891,-0.8102189781021898,-0.4233576642335766,-0.9854014598540146,-0.22627737226277372,-0.708029197080292,-0.4233576642335766,-0.9416058394160584,-0.49635036496350365,-0.708029197080292,-0.45255474452554745,-0.6204379562043796,-0.40145985401459855,-0.7445255474452555,-0.22627737226277372,-1.0,-0.2846715328467153,-0.6861313868613139,-0.2773722627737226,-0.583941605839416,-0.22627737226277372,-0.7372262773722628,-0.021897810218978103,-0.9635036496350365,-0.08029197080291971,-0.635036496350365,-0.11678832116788321,-0.5182481751824818,-0.072992700729927,-0.7153284671532847,0.19708029197080293,-0.8832116788321168,0.0948905109489051,-0.6642335766423357,0.051094890510948905,-0.5693430656934306,0.08759124087591241
1,0.0,0.0,-0.10416666666666667,-0.2708333333333333,-0.4583333333333333,-0.5069444444444444,-0.8055555555555556,-0.4375,-0.9861111111111112,-0.2222222222222222,-0.7152777777777778,-0.4722222222222222,-0.9444444444444444,-0.5208333333333334,-0.7013888888888888,-0.4583333333333333,-0.6319444444444444,-0.4305555555555556,-0.7569444444444444,-0.2708333333333333,-1.0,-0.3194444444444444,-0.6875,-0.2847222222222222,-0.625,-0.25,-0.7569444444444444,-0.06944444444444445,-0.9652777777777778,-0.09722222222222222,-0.6458333333333334,-0.1111111111111111,-0.5625,-0.08333333333333333,-0.7361111111111112,0.1527777777777778,-0.875,0.0763888888888889,-0.6527777777777778,0.04861111111111111,-0.5902777777777778,0.0763888888888889
1,0.0,0.0,-0.1,-0.25333333333333335,-0.44666666666666666,-0.49333333333333335,-0.7866666666666666,-0.43333333333333335,-0.98,-0.23333333333333334,-0.72,-0.5066666666666667,-0.96,-0.52,-0.7133333333333334,-0.44,-0.66,-0.43333333333333335,-0.7666666666666667,-0.30666666666666664,-1.0,-0.32666666666666666,-0.6866666666666666,-0.2733333333333333,-0.6533333333333333,-0.26,-0.7666666666666667,-0.1,-0.96,-0.1,-0.6466666666666666,-0.1,-0.6,-0.09333333333333334,-0.76,0.12,-0.8866666666666667,0.07333333333333333,-0.6733333333333333,0.06,-0.62,0.06666666666666667
1,0.0,0.0,-0.11612903225806452,-0.2645161290322581,-0.47096774193548385,-0.4838709677419355,-0.7935483870967742,-0.41935483870967744,-0.9935483870967742,-0.22580645161290322,-0.7548387096774194,-0.5483870967741935,-0.9806451612903225,-0.5419354838709678,-0.7354838709677419,-0.45806451612903226,-0.6838709677419355,-0.4645161290322581,-0.8,-0.3419354838709677,-1.0,-0.34838709677419355,-0.6838709677419355,-0.2903225806451613,-0.6838709677419355,-0.2967741935483871,-0.8064516129032258,-0.13548387096774195,-0.967741935483871,-0.10967741935483871,-0.6645161290322581,-0.1032258064516129,-0.6516129032258065,-0.12903225806451613,-0.8,0.07741935483870968,-0.9032258064516129,0.05806451612903226,-0.6967741935483871,0.05161290322580645,-0.6709677419354839,0.04516129032258064
1,0.0,0.0,-0.1320754716981132,-0.2641509433962264,-0.4779874213836478,-0.4716981132075472,-0.7987421383647799,-0.4025157232704403,-0.9874213836477987,-0.20754716981132076,-0.7421383647798742,-0.559748427672956,-0.9874213836477987,-0.5534591194968553,-0.7358490566037735,-0.4716981132075472,-0.6666666666666666,-0.4779874213836478,-0.7987421383647799,-0.3522012578616352,-1.0,-0.34591194968553457,-0.6918238993710691,-0.2893081761006289,-0.6855345911949685,-0.31446540880503143,-0.8113207547169812,-0.14465408805031446,-0.9748427672955975,-0.11320754716981132,-0.6792452830188679,-0.10062893081761007,-0.6666666666666666,-0.14465408805031446,-0.8050314465408805,0.06918238993710692,-0.9056603773584906,0.05660377358490566,-0.710691823899371,0.05660377358490566,-0.6792452830188679,0.0440251572327044
1,0.0,0.0,-0.12269938650306748,-0.26380368098159507,-0.4539877300613497,-0.44785276073619634,-0.7791411042944786,-0.3803680981595092,-0.9815950920245399,-0.19631901840490798,-0.7177914110429447,-0.5766871165644172,-0.9754601226993865,-0.558282208588957,-0.7239263803680982,-0.4601226993865031,-0.6503067484662577,-0.4662576687116564,-0.7791411042944786,-0.37423312883435583,-1.0,-0.3496932515337423,-0.6932515337423313,-0.2883435582822086,-0.6748466257668712,-0.31901840490797545,-0.7975460122699386,-0.15950920245398773,-0.9631901840490797,-0.11042944785276074,-0.6809815950920245,-0.09202453987730061,-0.6625766871165644,-0.147239263803681,-0.7975460122699386,0.049079754601226995,-0.901840490797546,0.06134969325153374,-0.7116564417177914,0.06134969325153374,-0.6871165644171779,0.03680981595092025
1,0.0,0.0,-0.11585365853658537,-0.2621951219512195,-0.4451219512195122,-0.4268292682926829,-0.774390243902439,-0.34146341463414637,-0.9878048780487805,-0.16463414634146342,-0.7378048780487805,-0.5975609756097561,-0.9817073170731707,-0.5121951219512195,-0.725609756097561,-0.43902439024390244,-0.6341463414634146,-0.4695121951219512,-0.8048780487804879,-0.39634146341463417,-1.0,-0.29878048780487804,-0.6951219512195121,-0.2621951219512195,-0.676829268292683,-0.32926829268292684,-0.823170731707317,-0.18292682926829268,-0.9695121951219512,-0.08536585365853659,-0.6829268292682927,-0.08536585365853659,-0.6646341463414634,-0.17073170731707318,-0.8170731707317073,0.024390243902439025,-0.8902439024390244,0.06707317073170732,-0.7073170731707317,0.04878048780487805,-0.6890243902439024,0.0
1,0.0,0.0,-0.10843373493975904,-0.25301204819277107,-0.43373493975903615,-0.4036144578313253,-0.7590361445783133,-0.28313253012048195,-0.963855421686747,-0.10843373493975904,-0.7108433734939759,-0.6204819277108434,-0.9819277108433735,-0.46987951807228917,-0.7228915662650602,-0.39759036144578314,-0.6144578313253012,-0.4457831325301205,-0.7710843373493976,-0.41566265060240964,-1.0,-0.25903614457831325,-0.6987951807228916,-0.22289156626506024,-0.6445783132530121,-0.3072289156626506,-0.7891566265060241,-0.19879518072289157,-0.9518072289156626,-0.07228915662650602,-0.6807228915662651,-0.07228915662650602,-0.6385542168674698,-0.16265060240963855,-0.7891566265060241,0.006024096385542169,-0.8795180722891566,0.06626506024096386,-0.6987951807228916,0.05421686746987952,-0.6626506024096386,0.0
1,0.0,0.0,-0.1130952380952381,-0.24404761904761904,-0.4166666666666667,-0.3630952380952381,-0.7321428571428571,-0.26785714285714285,-0.9464285714285714,-0.09523809523809523,-0.7083333333333334,-0.6190476190476191,-0.9642857142857143,-0.4523809523809524,-0.7023809523809523,-0.36904761904761907,-0.5833333333333334,-0.4166666666666667,-0.7678571428571429,-0.4166666666666667,-1.0,-0.25,-0.7023809523809523,-0.20238095238095238,-0.6309523809523809,-0.27380952380952384,-0.7916666666666666,-0.20238095238095238,-0.9583333333333334,-0.07142857142857142,-0.6904761904761905,-0.05357142857142857,-0.6309523809523809,-0.14285714285714285,-0.7916666666666666,0.0,-0.8869047619047619,0.05952380952380952,-0.7202380952380952,0.05952380952380952,-0.6666666666666666,0.011904761904761904
1,0.0,0.0,-0.11834319526627218,-0.21301775147928995,-0.4319526627218935,-0.31952662721893493,-0.7514792899408284,-0.21893491124260356,-0.9467455621301775,-0.04142011834319527,-0.6923076923076923,-0.621301775147929,-0.9585798816568047,-0.4437869822485207,-0.6982248520710059,-0.3609467455621302,-0.5680473372781065,-0.40828402366863903,-0.757396449704142,-0.42011834319526625,-1.0,-0.2485207100591716,-0.7159763313609467,-0.1952662721893491,-0.6331360946745562,-0.26627218934911245,-0.7869822485207101,-0.21301775147928995,-0.9644970414201184,-0.07692307692307693,-0.7159763313609467,-0.05325443786982249,-0.6449704142011834,-0.13609467455621302,-0.7928994082840237,-0.01775147928994083,-0.9053254437869822,0.047337278106508875,-0.7514792899408284,0.05325443786982249,-0.6863905325443787,0.005917159763313609
1,0.0,0.0,-0.1242603550295858,-0.20118343195266272,-0.4378698224852071,-0.28994082840236685,-0.7455621301775148,-0.1834319526627219,-0.9349112426035503,-0.011834319526627219,-0.6863905325443787,-0.6331360946745562,-0.9526627218934911,-0.4319526627218935,-0.6863905325443787,-0.3431952662721893,-0.5562130177514792,-0.40236686390532544,-0.757396449704142,-0.4378698224852071,-1.0,-0.23668639053254437,-0.7218934911242604,-0.17751479289940827,-0.6272189349112426,-0.2603550295857988,-0.7988165680473372,-0.22485207100591717,-0.9704142011834319,-0.07100591715976332,-0.727810650887574,-0.04142011834319527,-0.6627218934911243,-0.1301775147928994,-0.8106508875739645,-0.029585798816568046,-0.9171597633136095,0.047337278106508875,-0.7751479289940828,0.05917159763313609,-0.7159763313609467,0.011834319526627219
1,0.0,0.0,-0.1286549707602339,-0.19298245614035087,-0.42105263157894735,-0.27485380116959063,-0.7251461988304093,-0.15789473684210525,-0.9181286549707602,0.017543859649122806,-0.672514619883041,-0.6140350877192983,-0.935672514619883,-0.4093567251461988,-0.6783625730994152,-0.3216374269005848,-0.543859649122807,-0.38011695906432746,-0.7485380116959064,-0.4269005847953216,-1.0,-0.2222222222222222,-0.7192982456140351,-0.16374269005847952,-0.6198830409356725,-0.24561403508771928,-0.783625730994152,-0.2222222222222222,-0.9707602339181286,-0.06432748538011696,-0.7309941520467836,-0.029239766081871343,-0.6549707602339181,-0.12280701754385964,-0.8011695906432749,-0.029239766081871343,-0.9064327485380117,0.04678362573099415,-0.7719298245614035,0.05847953216374269,-0.7076023391812866,0.005847953216374269
1,0.0,0.0,-0.12941176470588237,-0.17647058823529413,-0.4176470588235294,-0.2529411764705882,-0.7294117647058823,-0.12941176470588237,-0.9352941176470588,0.023529411764705882,-0.6647058823529411,-0.6294117647058823,-0.9294117647058824,-0.3941176470588235,-0.6705882352941176,-0.31176470588235294,-0.5411764705882353,-0.38235294117647056,-0.7470588235294118,-0.4470588235294118,-1.0,-0.2235294117647059,-0.7176470588235294,-0.15294117647058825,-0.6235294117647059,-0.24705882352941178,-0.788235294117647,-0.2411764705882353,-0.9764705882352941,-0.07647058823529412,-0.7470588235294118,-0.03529411764705882,-0.6764705882352942,-0.12941176470588237,-0.8058823529411765,-0.052941176470588235,-0.9117647058823529,0.029411764705882353,-0.7764705882352941,0.052941176470588235,-0.711764705882353,-0.0058823529411764705
1,0.0,0.0,-0.10909090909090909,-0.15757575757575756,-0.40606060606060607,-0.23030303030303031,-0.7212121212121212,-0.11515151515151516,-0.9515151515151515,0.030303030303030304,-0.6484848484848484,-0.6606060606060606,-0.9272727272727272,-0.4,-0.6606060606060606,-0.3212121212121212,-0.5333333333333333,-0.40606060606060607,-0.7393939393939394,-0.4909090909090909,-1.0,-0.23636363636363636,-0.7090909090909091,-0.1696969696969697,-0.6181818181818182,-0.2787878787878788,-0.793939393939394,-0.28484848484848485,-0.9757575757575757,-0.09696969696969697,-0.7333333333333333,-0.048484848484848485,-0.6787878787878788,-0.15151515151515152,-0.8303030303030303,-0.09090909090909091,-0.9212121212121213,0.006060606060606061,-0.7757575757575758,0.030303030303030304,-0.7272727272727273,-0.03636363636363636
1,0.0,0.0,-0.10843373493975904,-0.13855421686746988,-0.4036144578313253,-0.21686746987951808,-0.7289156626506024,-0.10240963855421686,-0.9457831325301205,0.03614457831325301,-0.6445783132530121,-0.6506024096385542,-0.927710843373494,-0.39759036144578314,-0.6686746987951807,-0.3132530120481928,-0.5481927710843374,-0.39156626506024095,-0.7349397590361446,-0.4819277108433735,-1.0,-0.23493975903614459,-0.7228915662650602,-0.16265060240963855,-0.6325301204819277,-0.26506024096385544,-0.7831325301204819,-0.28313253012048195,-0.9759036144578314,-0.0963855421686747,-0.7530120481927711,-0.04216867469879518,-0.6927710843373494,-0.14457831325301204,-0.8072289156626506,-0.09036144578313253,-0.9216867469879518,0.0,-0.7891566265060241,0.030120481927710843,-0.7289156626506024,-0.030120481927710843
1,0.0,0.0,-0.10778443113772455,-0.11976047904191617,-0.41317365269461076,-0.18562874251497005,-0.7425149700598802,-0.0658682634730539,-0.9640718562874252,0.07784431137724551,-0.6467065868263473,-0.6467065868263473,-0.9341317365269461,-0.3712574850299401,-0.6706586826347305,-0.2994011976047904,-0.5508982035928144,-0.3772455089820359,-0.7305389221556886,-0.47305389221556887,-1.0,-0.20958083832335328,-0.718562874251497,-0.15568862275449102,-0.6287425149700598,-0.25748502994011974,-0.7784431137724551,-0.2754491017964072,-0.9640718562874252,-0.0718562874251497,-0.7365269461077845,-0.029940119760479042,-0.6826347305389222,-0.1377245508982036,-0.8023952095808383,-0.08383233532934131,-0.9161676646706587,0.017964071856287425,-0.7784431137724551,0.041916167664670656,-0.7125748502994012,-0.023952095808383235
1,0.0,0.0,-0.12048192771084337,-0.10240963855421686,-0.45180722891566266,-0.1566265060240964,-0.7771084337349398,-0.030120481927710843,-0.9939759036144579,0.10240963855421686,-0.6566265060240963,-0.6445783132530121,-0.9337349397590361,-0.3614457831325301,-0.6746987951807228,-0.2891566265060241,-0.5602409638554217,-0.37349397590361444,-0.7349397590361446,-0.4819277108433735,-1.0,-0.20481927710843373,-0.7228915662650602,-0.14457831325301204,-0.6325301204819277,-0.25301204819277107,-0.7891566265060241,-0.2891566265060241,-0.9759036144578314,-0.07228915662650602,-0.7409638554216867,-0.018072289156626505,-0.6867469879518072,-0.13253012048192772,-0.8132530120481928,-0.10843373493975904,-0.9337349397590361,0.018072289156626505,-0.7831325301204819,0.04216867469879518,-0.7168674698795181,-0.024096385542168676
1,0.0,0.0,-0.10119047619047619,-0.05952380952380952,-0.4523809523809524,-0.10714285714285714,-0.7857142857142857,0.03571428571428571,-1.0,0.18452380952380953,-0.6607142857142857,-0.6190476190476191,-0.9345238095238095,-0.30357142857142855,-0.6726190476190477,-0.2261904761904762,-0.5595238095238095,-0.32142857142857145,-0.75,-0.47023809523809523,-1.0,-0.15476190476190477,-0.7142857142857143,-0.10119047619047619,-0.6309523809523809,-0.23214285714285715,-0.8035714285714286,-0.2857142857142857,-0.9642857142857143,-0.02976190476190476,-0.7321428571428571,0.011904761904761904,-0.6845238095238095,-0.125,-0.8154761904761905,-0.10119047619047619,-0.9345238095238095,0.047619047619047616,-0.7857142857142857,0.06547619047619048,-0.7202380952380952,-0.005952380952380952
1,0.0,0.0,-0.09090909090909091,0.0,-0.42424242424242425,-0.030303030303030304,-0.7515151515151515,0.11515151515151516,-0.9818181818181818,0.2545454545454545,-0.6666666666666666,-0.5878787878787879,-0.9272727272727272,-0.21818181818181817,-0.6606060606060606,-0.1393939393939394,-0.5515151515151515,-0.24848484848484848,-0.7818181818181819,-0.47878787878787876,-1.0,-0.09090909090909091,-0.7212121212121212,-0.01818181818181818,-0.6363636363636364,-0.16363636363636364,-0.8424242424242424,-0.3090909090909091,-0.9818181818181818,0.012121212121212121,-0.7454545454545455,0.08484848484848485,-0.6848484848484848,-0.05454545454545454,-0.8606060606060606,-0.12727272727272726,-0.9515151515151515,0.09090909090909091,-0.7878787878787878,0.12121212121212122,-0.7151515151515152,0.04242424242424243
1,0.0,0.0,-0.06832298136645963,0.062111801242236024,-0.38509316770186336,0.06832298136645963,-0.7329192546583851,0.22981366459627328,-0.9813664596273292,0.36645962732919257,-0.6832298136645962,-0.5403726708074534,-0.9316770186335404,-0.11180124223602485,-0.6521739130434783,-0.043478260869565216,-0.5590062111801242,-0.17391304347826086,-0.8136645962732919,-0.4782608695652174,-1.0,-0.006211180124223602,-0.7018633540372671,0.062111801242236024,-0.6335403726708074,-0.11180124223602485,-0.8757763975155279,-0.32919254658385094,-0.9937888198757764,0.055900621118012424,-0.7453416149068323,0.13043478260869565,-0.6894409937888198,-0.018633540372670808,-0.906832298136646,-0.14906832298136646,-0.9751552795031055,0.11180124223602485,-0.8074534161490683,0.14906832298136646,-0.7267080745341615,0.049689440993788817
1,0.0,0.0,-0.05063291139240506,0.08227848101265822,-0.34177215189873417,0.12658227848101267,-0.689873417721519,0.310126582278481,-0.9556962025316456,0.43670886075949367,-0.6835443037974683,-0.5189873417721519,-0.9177215189873418,-0.02531645569620253,-0.6455696202531646,0.04430379746835443,-0.5569620253164557,-0.0949367088607595,-0.8227848101265823,-0.46835443037974683,-1.0,0.056962025316455694,-0.689873417721519,0.12025316455696203,-0.620253164556962,-0.05063291139240506,-0.8924050632911392,-0.3291139240506329,-0.9873417721518988,0.11392405063291139,-0.7278481012658228,0.17721518987341772,-0.6645569620253164,0.0189873417721519,-0.9240506329113924,-0.14556962025316456,-0.9683544303797469,0.13924050632911392,-0.7974683544303798,0.17721518987341772,-0.7025316455696202,0.08227848101265822
1,0.0,0.0,-0.025974025974025976,0.11688311688311688,-0.3181818181818182,0.18831168831168832,-0.6623376623376623,0.4025974025974026,-0.9415584415584416,0.487012987012987,-0.6753246753246753,-0.4935064935064935,-0.8896103896103896,0.05194805194805195,-0.6038961038961039,0.11038961038961038,-0.5324675324675324,-0.045454545454545456,-0.8311688311688312,-0.461038961038961,-0.987012987012987,0.11038961038961038,-0.6623376623376623,0.17532467532467533,-0.6103896103896104,-0.012987012987012988,-0.9155844155844156,-0.33116883116883117,-1.0,0.15584415584415584,-0.7142857142857143,0.22727272727272727,-0.6688311688311688,0.05844155844155844,-0.961038961038961,-0.15584415584415584,-0.987012987012987,0.16883116883116883,-0.8051948051948052,0.21428571428571427,-0.7272727272727273,0.11688311688311688
1,0.0,0.0,0.020833333333333332,0.1527777777777778,-0.2569444444444444,0.2847222222222222,-0.5972222222222222,0.5069444444444444,-0.9166666666666666,0.5763888888888888,-0.5972222222222222,-0.4652777777777778,-0.8541666666666666,0.125,-0.5486111111111112,0.2361111111111111,-0.4513888888888889,0.0763888888888889,-0.7847222222222222,-0.4375,-0.9722222222222222,0.1875,-0.625,0.2777777777777778,-0.5416666666666666,0.09027777777777778,-0.9097222222222222,-0.3125,-1.0,0.2361111111111111,-0.6736111111111112,0.3194444444444444,-0.6319444444444444,0.13194444444444445,-1.0,-0.1597222222222222,-0.9930555555555556,0.2152777777777778,-0.7777777777777778,0.2708333333333333,-0.6875,0.1736111111111111
1,0.0,0.0,0.035211267605633804,0.20422535211267606,-0.22535211267605634,0.352112676056338,-0.5774647887323944,0.5492957746478874,-0.9014084507042254,0.5845070422535211,-0.5352112676056338,-0.4154929577464789,-0.823943661971831,0.176056338028169,-0.528169014084507,0.30985915492957744,-0.4295774647887324,0.1619718309859155,-0.7394366197183099,-0.4154929577464789,-0.9507042253521126,0.21830985915492956,-0.5985915492957746,0.34507042253521125,-0.5,0.15492957746478872,-0.8943661971830986,-0.30985915492957744,-0.9929577464788732,0.2535211267605634,-0.6619718309859155,0.36619718309859156,-0.5985915492957746,0.176056338028169,-1.0,-0.16901408450704225,-0.9859154929577465,0.2112676056338028,-0.7676056338028169,0.29577464788732394,-0.6690140845070423,0.19718309859154928
1,0.0,0.0,0.04861111111111111,0.22916666666666666,-0.19444444444444445,0.4097222222222222,-0.5555555555555556,0.5972222222222222,-0.8819444444444444,0.6111111111111112,-0.4722222222222222,-0.375,-0.7986111111111112,0.2222222222222222,-0.5,0.3680555555555556,-0.3888888888888889,0.20833333333333334,-0.6944444444444444,-0.3958333333333333,-0.9375,0.2708333333333333,-0.5902777777777778,0.3958333333333333,-0.4791666666666667,0.20833333333333334,-0.8680555555555556,-0.2986111111111111,-1.0,0.2916666666666667,-0.6666666666666666,0.4166666666666667,-0.5902777777777778,0.2222222222222222,-0.9791666666666666,-0.1597222222222222,-1.0,0.25,-0.7777777777777778,0.3333333333333333,-0.6597222222222222,0.2361111111111111
1,0.0,0.0,0.07586206896551724,0.27586206896551724,-0.15862068965517243,0.4827586206896552,-0.5310344827586206,0.6482758620689655,-0.8620689655172413,0.6413793103448275,-0.41379310344827586,-0.3103448275862069,-0.7379310344827587,0.2896551724137931,-0.4413793103448276,0.42758620689655175,-0.33793103448275863,0.27586206896551724,-0.6758620689655173,-0.36551724137931035,-0.9103448275862069,0.3448275862068966,-0.5724137931034483,0.46206896551724136,-0.45517241379310347,0.2620689655172414,-0.8620689655172413,-0.27586206896551724,-0.993103448275862,0.3448275862068966,-0.6758620689655173,0.46206896551724136,-0.5862068965517241,0.2689655172413793,-0.9793103448275862,-0.13793103448275862,-1.0,0.3103448275862069,-0.7793103448275862,0.3793103448275862,-0.6551724137931034,0.2620689655172414
1,0.0,0.0,0.07482993197278912,0.3197278911564626,-0.1564625850340136,0.564625850340136,-0.54421768707483,0.7346938775510204,-0.8843537414965986,0.7142857142857143,-0.4013605442176871,-0.22448979591836735,-0.7210884353741497,0.3877551020408163,-0.41496598639455784,0.5170068027210885,-0.3129251700680272,0.36054421768707484,-0.6802721088435374,-0.29931972789115646,-0.9047619047619048,0.4489795918367347,-0.564625850340136,0.54421768707483,-0.4421768707482993,0.3333333333333333,-0.8775510204081632,-0.21768707482993196,-0.9863945578231292,0.42857142857142855,-0.6802721088435374,0.5238095238095238,-0.5714285714285714,0.3197278911564626,-0.9931972789115646,-0.08843537414965986,-1.0,0.3673469387755102,-0.782312925170068,0.4217687074829932,-0.6462585034013606,0.2925170068027211
1,0.0,0.0,0.07482993197278912,0.3197278911564626,-0.14965986394557823,0.5782312925170068,-0.54421768707483,0.7482993197278912,-0.9047619047619048,0.6938775510204082,-0.36054421768707484,-0.21768707482993196,-0.7074829931972789,0.3945578231292517,-0.4013605442176871,0.5238095238095238,-0.2925170068027211,0.3741496598639456,-0.6326530612244898,-0.30612244897959184,-0.8843537414965986,0.42857142857142855,-0.5578231292517006,0.5306122448979592,-0.4217687074829932,0.3197278911564626,-0.8435374149659864,-0.25170068027210885,-0.9795918367346939,0.38095238095238093,-0.6666666666666666,0.47619047619047616,-0.564625850340136,0.2789115646258503,-0.9863945578231292,-0.1564625850340136,-1.0,0.2857142857142857,-0.782312925170068,0.35374149659863946,-0.6394557823129252,0.23129251700680273
1,0.0,0.0,0.06535947712418301,0.3464052287581699,-0.16339869281045752,0.6143790849673203,-0.5620915032679739,0.7516339869281046,-0.8954248366013072,0.673202614379085,-0.29411764705882354,-0.1568627450980392,-0.6666666666666666,0.43790849673202614,-0.39215686274509803,0.5424836601307189,-0.27450980392156865,0.39869281045751637,-0.5816993464052288,-0.27450980392156865,-0.8627450980392157,0.43790849673202614,-0.5686274509803921,0.5098039215686274,-0.43137254901960786,0.3137254901960784,-0.803921568627451,-0.24836601307189543,-0.9673202614379085,0.3660130718954248,-0.6928104575163399,0.4444444444444444,-0.5751633986928104,0.26143790849673204,-0.954248366013072,-0.16993464052287582,-1.0,0.2679738562091503,-0.7908496732026143,0.32679738562091504,-0.6470588235294118,0.20261437908496732
1,0.0,0.0,0.043209876543209874,0.35185185185185186,-0.19135802469135801,0.6111111111111112,-0.5987654320987654,0.7469135802469136,-0.9074074074074074,0.6790123456790124,-0.3271604938271605,-0.11728395061728394,-0.7037037037037037,0.46296296296296297,-0.43209876543209874,0.5370370370370371,-0.3148148148148148,0.4012345679012346,-0.6049382716049383,-0.24074074074074073,-0.8765432098765432,0.4506172839506173,-0.6049382716049383,0.5061728395061729,-0.48148148148148145,0.3271604938271605,-0.8024691358024691,-0.22839506172839505,-0.9753086419753086,0.37037037037037035,-0.7407407407407407,0.4382716049382716,-0.6172839506172839,0.2716049382716049,-0.9382716049382716,-0.14814814814814814,-1.0,0.2777777777777778,-0.808641975308642,0.3333333333333333,-0.6728395061728395,0.21604938271604937
1,0.0,0.0,0.07096774193548387,0.3419354838709677,-0.17419354838709677,0.6193548387096774,-0.5870967741935483,0.7548387096774194,-0.9354838709677419,0.6903225806451613,-0.3225806451612903,-0.14838709677419354,-0.7096774193548387,0.41935483870967744,-0.44516129032258067,0.5483870967741935,-0.33548387096774196,0.43870967741935485,-0.6,-0.27741935483870966,-0.9032258064516129,0.44516129032258067,-0.6064516129032258,0.5419354838709678,-0.45806451612903226,0.3548387096774194,-0.8064516129032258,-0.25161290322580643,-0.9806451612903225,0.3935483870967742,-0.7032258064516129,0.4645161290322581,-0.5870967741935483,0.2838709677419355,-0.9483870967741935,-0.17419354838709677,-1.0,0.2903225806451613,-0.7806451612903226,0.3548387096774194,-0.6451612903225806,0.22580645161290322
1,0.0,0.0,0.04430379746835443,0.37341772151898733,-0.21518987341772153,0.6455696202531646,-0.620253164556962,0.759493670886076,-0.9430379746835443,0.6645569620253164,-0.3227848101265823,-0.0949367088607595,-0.7215189873417721,0.4430379746835443,-0.47468354430379744,0.569620253164557,-0.36075949367088606,0.4620253164556962,-0.5759493670886076,-0.2468354430379747,-0.9240506329113924,0.43037974683544306,-0.6392405063291139,0.5379746835443038,-0.4936708860759494,0.36075949367088606,-0.7784810126582279,-0.25316455696202533,-0.9936708860759493,0.36075949367088606,-0.7341772151898734,0.4430379746835443,-0.6265822784810127,0.2721518987341772,-0.9240506329113924,-0.189873417721519,-1.0,0.25316455696202533,-0.7974683544303798,0.31645569620253167,-0.6708860759493671,0.20253164556962025
1,0.0,0.0,0.03125,0.375,-0.21875,0.64375,-0.625,0.75625,-0.9375,0.65625,-0.3125,-0.075,-0.7125,0.4625,-0.48125,0.56875,-0.36875,0.46875,-0.55625,-0.2375,-0.93125,0.41875,-0.65625,0.51875,-0.5125,0.35625,-0.75,-0.25625,-1.0,0.3375,-0.75,0.4125,-0.64375,0.25625,-0.89375,-0.2125,-0.99375,0.21875,-0.8,0.28125,-0.6875,0.16875
1,0.0,0.0,0.04430379746835443,0.3670886075949367,-0.20253164556962025,0.6392405063291139,-0.6075949367088608,0.7658227848101266,-0.9367088607594937,0.6772151898734177,-0.3037974683544304,-0.08227848101265822,-0.7215189873417721,0.47468354430379744,-0.4810126582278481,0.5822784810126582,-0.3670886075949367,0.47468354430379744,-0.5569620253164557,-0.2468354430379747,-0.9367088607594937,0.43037974683544306,-0.6455696202531646,0.5253164556962026,-0.5063291139240507,0.36075949367088606,-0.7531645569620253,-0.25949367088607594,-1.0,0.34177215189873417,-0.740506329113924,0.4177215189873418,-0.6392405063291139,0.25949367088607594,-0.8987341772151899,-0.2088607594936709,-0.9936708860759493,0.21518987341772153,-0.7974683544303798,0.27848101265822783,-0.6772151898734177,0.17721518987341772
1,0.0,0.0,0.024096385542168676,0.3674698795180723,-0.24096385542168675,0.6445783132530121,-0.6566265060240963,0.7650602409638554,-0.9578313253012049,0.6746987951807228,-0.3493975903614458,-0.04216867469879518,-0.7590361445783133,0.5120481927710844,-0.5060240963855421,0.5903614457831325,-0.3795180722891566,0.46987951807228917,-0.5843373493975904,-0.20481927710843373,-0.9337349397590361,0.45180722891566266,-0.6686746987951807,0.5240963855421686,-0.536144578313253,0.3614457831325301,-0.7590361445783133,-0.22289156626506024,-1.0,0.35542168674698793,-0.7771084337349398,0.42168674698795183,-0.6686746987951807,0.2710843373493976,-0.8855421686746988,-0.1686746987951807,-0.9939759036144579,0.24096385542168675,-0.8192771084337349,0.30120481927710846,-0.6987951807228916,0.1927710843373494
1,0.0,0.0,0.03067484662576687,0.38650306748466257,-0.26380368098159507,0.656441717791411,-0.6993865030674846,0.754601226993865,-1.0,0.6503067484662577,-0.32515337423312884,-0.06748466257668712,-0.7484662576687117,0.48466257668711654,-0.5214723926380368,0.5766871165644172,-0.4049079754601227,0.4785276073619632,-0.5644171779141104,-0.22699386503067484,-0.9386503067484663,0.44171779141104295,-0.6625766871165644,0.5276073619631901,-0.5337423312883436,0.3558282208588957,-0.754601226993865,-0.24539877300613497,-1.0,0.3558282208588957,-0.754601226993865,0.4233128834355828,-0.6503067484662577,0.25766871165644173,-0.8834355828220859,-0.2085889570552147,-0.9938650306748467,0.22085889570552147,-0.7975460122699386,0.2822085889570552,-0.6809815950920245,0.17177914110429449
1,0.0,0.0,0.011834319526627219,0.3905325443786982,-0.2781065088757396,0.6627218934911243,-0.6863905325443787,0.757396449704142,-0.9704142011834319,0.6390532544378699,-0.33727810650887574,-0.03550295857988166,-0.7633136094674556,0.48520710059171596,-0.5384615384615384,0.5739644970414202,-0.41420118343195267,0.47928994082840237,-0.5621301775147929,-0.1952662721893491,-0.9408284023668639,0.4319526627218935,-0.6804733727810651,0.5207100591715976,-0.5443786982248521,0.3609467455621302,-0.7455621301775148,-0.21893491124260356,-1.0,0.35502958579881655,-0.7692307692307693,0.4260355029585799,-0.6568047337278107,0.27218934911242604,-0.8698224852071006,-0.17751479289940827,-0.9822485207100592,0.23076923076923078,-0.7988165680473372,0.2958579881656805,-0.6804733727810651,0.1893491124260355
1,0.0,0.0,0.012121212121212121,0.38181818181818183,-0.28484848484848485,0.6484848484848484,-0.7090909090909091,0.7393939393939394,-1.0,0.6181818181818182,-0.36363636363636365,-0.06666666666666667,-0.7818181818181819,0.46060606060606063,-0.5393939393939394,0.5757575757575758,-0.4303030303030303,0.47878787878787876,-0.5878787878787879,-0.21212121212121213,-0.9333333333333333,0.42424242424242425,-0.6545454545454545,0.5212121212121212,-0.5272727272727272,0.3575757575757576,-0.7636363636363637,-0.23030303030303031,-0.9818181818181818,0.3515151515151515,-0.7212121212121212,0.42424242424242425,-0.6121212121212121,0.26666666666666666,-0.8909090909090909,-0.18787878787878787,-0.9696969696969697,0.22424242424242424,-0.7636363636363637,0.2909090909090909,-0.6424242424242425,0.18787878787878787
1,0.0,0.0,-0.011627906976744186,0.38372093023255816,-0.3081395348837209,0.627906976744186,-0.7209302325581395,0.6976744186046512,-1.0,0.5697674418604651,-0.37209302325581395,-0.05813953488372093,-0.7790697674418605,0.4418604651162791,-0.5465116279069767,0.5465116279069767,-0.436046511627907,0.45348837209302323,-0.5755813953488372,-0.20930232558139536,-0.9186046511627907,0.3953488372093023,-0.6511627906976745,0.4883720930232558,-0.5232558139534884,0.3372093023255814,-0.7441860465116279,-0.23255813953488372,-0.9534883720930233,0.31976744186046513,-0.7034883720930233,0.38953488372093026,-0.6046511627906976,0.2441860465116279,-0.8604651162790697,-0.19767441860465115,-0.936046511627907,0.19186046511627908,-0.7383720930232558,0.2616279069767442,-0.627906976744186,0.1686046511627907
1,0.0,0.0,-0.02824858757062147,0.3728813559322034,-0.3333333333333333,0.5932203389830508,-0.7344632768361582,0.6497175141242938,-1.0,0.5310734463276836,-0.3954802259887006,-0.0847457627118644,-0.7966101694915254,0.4124293785310734,-0.576271186440678,0.5141242937853108,-0.4576271186440678,0.423728813559322,-0.5819209039548022,-0.23163841807909605,-0.903954802259887,0.3502824858757062,-0.6610169491525424,0.4406779661016949,-0.5423728813559322,0.3050847457627119,-0.7344632768361582,-0.2542372881355932,-0.943502824858757,0.2711864406779661,-0.7175141242937854,0.3389830508474576,-0.6214689265536724,0.21468926553672316,-0.8361581920903954,-0.22033898305084745,-0.9265536723163842,0.15254237288135594,-0.7457627118644068,0.22033898305084745,-0.6384180790960452,0.14124293785310735
1,0.0,0.0,-0.049723756906077346,0.35911602209944754,-0.36464088397790057,0.569060773480663,-0.7624309392265194,0.6187845303867403,-1.0,0.48066298342541436,-0.430939226519337,-0.10497237569060773,-0.8342541436464088,0.3812154696132597,-0.6132596685082873,0.49171270718232046,-0.4972375690607735,0.40331491712707185,-0.6077348066298343,-0.24861878453038674,-0.9226519337016574,0.3259668508287293,-0.6906077348066298,0.4198895027624309,-0.574585635359116,0.287292817679558,-0.7513812154696132,-0.27071823204419887,-0.9558011049723757,0.24861878453038674,-0.7458563535911602,0.3259668508287293,-0.6464088397790055,0.20441988950276244,-0.8397790055248618,-0.23204419889502761,-0.9281767955801105,0.13259668508287292,-0.7624309392265194,0.20441988950276244,-0.6519337016574586,0.1270718232044199
1,0.0,0.0,-0.07368421052631578,0.34210526315789475,-0.4052631578947368,0.5263157894736842,-0.7842105263157895,0.5684210526315789,-1.0,0.4368421052631579,-0.5052631578947369,-0.11052631578947368,-0.8736842105263158,0.3473684210526316,-0.6473684210526316,0.4631578947368421,-0.5263157894736842,0.38421052631578945,-0.6473684210526316,-0.24736842105263157,-0.9315789473684211,0.29473684210526313,-0.7157894736842105,0.4052631578947368,-0.5894736842105263,0.2894736842105263,-0.7526315789473684,-0.2631578947368421,-0.9473684210526315,0.22631578947368422,-0.7526315789473684,0.3105263157894737,-0.6526315789473685,0.2,-0.8105263157894737,-0.23157894736842105,-0.9210526315789473,0.11578947368421053,-0.7578947368421053,0.19473684210526315,-0.6368421052631579,0.12105263157894737
1,0.0,0.0,-0.12315270935960591,0.31527093596059114,-0.4729064039408867,0.4876847290640394,-0.8078817733990148,0.5270935960591133,-1.0,0.4236453201970443,-0.5812807881773399,-0.034482758620689655,-0.916256157635468,0.3054187192118227,-0.6847290640394089,0.4187192118226601,-0.541871921182266,0.3448275862068966,-0.6502463054187192,-0.14285714285714285,-0.9113300492610837,0.2857142857142857,-0.6945812807881774,0.3842364532019704,-0.5763546798029556,0.28078817733990147,-0.6945812807881774,-0.15763546798029557,-0.8719211822660099,0.24630541871921183,-0.6699507389162561,0.32019704433497537,-0.5615763546798029,0.22167487684729065,-0.7093596059113301,-0.13793103448275862,-0.812807881773399,0.1724137931034483,-0.6502463054187192,0.2315270935960591,-0.5320197044334976,0.15763546798029557
1,0.0,0.0,-0.08717948717948718,0.3128205128205128,-0.441025641025641,0.48717948717948717,-0.8,0.5025641025641026,-1.0,0.35384615384615387,-0.5333333333333333,-0.03076923076923077,-0.8615384615384616,0.2923076923076923,-0.6051282051282051,0.37948717948717947,-0.4512820512820513,0.30256410256410254,-0.6358974358974359,-0.13846153846153847,-0.841025641025641,0.2717948717948718,-0.6051282051282051,0.3384615384615385,-0.49230769230769234,0.2205128205128205,-0.717948717948718,-0.1641025641025641,-0.8358974358974359,0.2153846153846154,-0.6102564102564103,0.2564102564102564,-0.5230769230769231,0.13846153846153847,-0.7692307692307693,-0.1641025641025641,-0.8256410256410256,0.12307692307692308,-0.6564102564102564,0.1641025641025641,-0.558974358974359,0.07692307692307693
1,0.0,0.0,-0.07614213197969544,0.25380710659898476,-0.4365482233502538,0.4619289340101523,-0.7918781725888325,0.5126903553299492,-1.0,0.39086294416243655,-0.5583756345177665,0.09644670050761421,-0.8527918781725888,0.27918781725888325,-0.6192893401015228,0.29441624365482233,-0.4517766497461929,0.233502538071066,-0.6294416243654822,0.02030456852791878,-0.8578680203045685,0.25888324873096447,-0.6192893401015228,0.2639593908629442,-0.49746192893401014,0.17258883248730963,-0.6852791878172588,-0.005076142131979695,-0.8477157360406091,0.20304568527918782,-0.6294416243654822,0.20812182741116753,-0.5177664974619289,0.12690355329949238,-0.7208121827411168,-0.015228426395939087,-0.8071065989847716,0.14720812182741116,-0.6548223350253807,0.15736040609137056,-0.5583756345177665,0.09137055837563451
1,0.0,0.0,-0.12244897959183673,0.2193877551020408,-0.46938775510204084,0.3826530612244898,-0.8214285714285714,0.40816326530612246,-1.0,0.24489795918367346,-0.5612244897959183,0.09693877551020408,-0.8418367346938775,0.21428571428571427,-0.6428571428571429,0.19387755102040816,-0.49489795918367346,0.12244897959183673,-0.6326530612244898,0.030612244897959183,-0.8724489795918368,0.16326530612244897,-0.6530612244897959,0.16326530612244897,-0.5255102040816326,0.08673469387755102,-0.673469387755102,0.00510204081632653,-0.8877551020408163,0.11734693877551021,-0.6785714285714286,0.1377551020408163,-0.5408163265306123,0.07142857142857142,-0.6989795918367347,-0.01020408163265306,-0.8418367346938775,0.09693877551020408,-0.7040816326530612,0.11734693877551021,-0.5816326530612245,0.05102040816326531
1,0.0,0.0,-0.14659685863874344,0.19895287958115182,-0.4816753926701571,0.36649214659685864,-0.8219895287958116,0.4031413612565445,-1.0,0.2356020942408377,-0.5863874345549738,0.2879581151832461,-0.8429319371727748,0.32460732984293195,-0.680628272251309,0.17801047120418848,-0.5445026178010471,0.06806282722513089,-0.6596858638743456,0.17801047120418848,-0.8743455497382199,0.17801047120418848,-0.6649214659685864,0.07329842931937172,-0.5497382198952879,0.020942408376963352,-0.7120418848167539,0.08376963350785341,-0.900523560209424,0.08376963350785341,-0.7068062827225131,0.015706806282722512,-0.581151832460733,-0.015706806282722512,-0.7486910994764397,0.0,-0.8638743455497382,0.02617801047120419,-0.7329842931937173,-0.010471204188481676,-0.643979057591623,-0.041884816753926704
1,0.0,0.0,-0.20652173913043478,0.16304347826086957,-0.5271739130434783,0.28804347826086957,-0.8206521739130435,0.31521739130434784,-1.0,0.18478260869565216,-0.6086956521739131,0.33152173913043476,-0.8586956521739131,0.3532608695652174,-0.9347826086956522,0.21195652173913043,-0.9782608695652174,0.07608695652173914,-0.6032608695652174,0.23369565217391305,-0.8260869565217391,0.1793478260869565,-0.7391304347826086,0.03804347826086957,-0.6521739130434783,-0.043478260869565216,-0.5869565217391305,0.13043478260869565,-0.7663043478260869,0.06521739130434782,-0.657608695652174,-0.021739130434782608,-0.5489130434782609,-0.059782608695652176,-0.5706521739130435,0.02717391304347826,-0.6630434782608695,0.005434782608695652,-0.5815217391304348,-0.03804347826086957,-0.5054347826086957,-0.06521739130434782
1,0.0,0.0,-0.18888888888888888,0.2,-0.5111111111111111,0.34444444444444444,-0.8111111111111111,0.3611111111111111,-1.0,0.21666666666666667,-0.6333333333333333,0.3111111111111111,-0.8666666666666667,0.35,-0.9055555555555556,0.23333333333333334,-0.9222222222222223,0.12222222222222222,-0.65,0.18888888888888888,-0.8666666666666667,0.17222222222222222,-0.7222222222222222,0.07777777777777778,-0.5888888888888889,0.005555555555555556,-0.6444444444444445,0.07222222222222222,-0.8111111111111111,0.03888888888888889,-0.6611111111111111,-0.011111111111111112,-0.5333333333333333,-0.05,-0.6444444444444445,-0.03888888888888889,-0.7333333333333333,-0.03888888888888889,-0.6333333333333333,-0.06111111111111111,-0.5444444444444444,-0.1
1,0.0,0.0,-0.19886363636363635,0.1875,-0.5056818181818182,0.32954545454545453,-0.8068181818181818,0.36363636363636365,-1.0,0.2215909090909091,-0.6079545454545454,0.375,-0.8522727272727273,0.3977272727272727,-0.8238636363636364,0.23295454545454544,-0.7897727272727273,0.08522727272727272,-0.6306818181818182,0.25,-0.8409090909090909,0.2159090909090909,-0.7102272727272727,0.06818181818181818,-0.6079545454545454,-0.011363636363636364,-0.6363636363636364,0.11363636363636363,-0.8181818181818182,0.06818181818181818,-0.6818181818181818,-0.022727272727272728,-0.5795454545454546,-0.056818181818181816,-0.6477272727272727,-0.017045454545454544,-0.7386363636363636,-0.03409090909090909,-0.6420454545454546,-0.07386363636363637,-0.5681818181818182,-0.10795454545454546
1,0.0,0.0,-0.13529411764705881,0.20588235294117646,-0.4588235294117647,0.40588235294117647,-0.788235294117647,0.4588235294117647,-1.0,0.3352941176470588,-0.6470588235294118,0.3411764705882353,-0.8823529411764706,0.40588235294117647,-0.7529411764705882,0.27647058823529413,-0.6529411764705882,0.1588235294117647,-0.6941176470588235,0.20588235294117646,-0.9058823529411765,0.2411764705882353,-0.6823529411764706,0.13529411764705881,-0.5529411764705883,0.052941176470588235,-0.7235294117647059,0.07058823529411765,-0.9,0.08823529411764706,-0.6823529411764706,0.029411764705882353,-0.5470588235294118,-0.01764705882352941,-0.7352941176470589,-0.047058823529411764,-0.8352941176470589,-0.011764705882352941,-0.6705882352941176,-0.041176470588235294,-0.5705882352941176,-0.09411764705882353
1,0.0,0.0,-0.15151515151515152,0.2787878787878788,-0.4666666666666667,0.503030303030303,-0.7818181818181819,0.5515151515151515,-1.0,0.4727272727272727,-0.7151515151515152,0.3393939393939394,-0.9272727272727272,0.4303030303030303,-0.7575757575757576,0.3575757575757576,-0.6303030303030303,0.2727272727272727,-0.7636363636363637,0.18181818181818182,-0.9575757575757575,0.2909090909090909,-0.7090909090909091,0.22424242424242424,-0.5696969696969697,0.1393939393939394,-0.793939393939394,0.048484848484848485,-0.9515151515151515,0.1393939393939394,-0.696969696969697,0.10303030303030303,-0.5696969696969697,0.04242424242424243,-0.8181818181818182,-0.08484848484848485,-0.9151515151515152,0.030303030303030304,-0.7212121212121212,0.01818181818181818,-0.6242424242424243,-0.05454545454545454
1,0.0,0.0,-0.15294117647058825,0.18823529411764706,-0.4764705882352941,0.3764705882352941,-0.7705882352941177,0.4588235294117647,-0.9882352941176471,0.38235294117647056,-0.7647058823529411,0.12941176470588237,-1.0,0.2,-0.7764705882352941,0.18823529411764706,-0.6705882352941176,0.15294117647058825,-0.7764705882352941,0.047058823529411764,-0.9588235294117647,0.12941176470588237,-0.7176470588235294,0.10588235294117647,-0.6647058823529411,0.047058823529411764,-0.7705882352941177,-0.023529411764705882,-0.9058823529411765,0.058823529411764705,-0.6823529411764706,0.041176470588235294,-0.6529411764705882,-0.01764705882352941,-0.7647058823529411,-0.08823529411764706,-0.8411764705882353,0.0,-0.6882352941176471,-0.011764705882352941,-0.6647058823529411,-0.07647058823529412
1,0.0,0.0,-0.1588235294117647,0.20588235294117646,-0.4823529411764706,0.40588235294117647,-0.788235294117647,0.49411764705882355,-0.9882352941176471,0.3941176470588235,-0.7352941176470589,-0.08235294117647059,-1.0,0.21764705882352942,-0.7470588235294118,0.2647058823529412,-0.6352941176470588,0.17058823529411765,-0.7823529411764706,-0.09411764705882353,-0.9705882352941176,0.2,-0.7235294117647059,0.23529411764705882,-0.6470588235294118,0.11176470588235295,-0.8235294117647058,-0.06470588235294118,-0.9352941176470588,0.19411764705882353,-0.711764705882353,0.2,-0.6764705882352942,0.07647058823529412,-0.8529411764705882,-0.03529411764705882,-0.9058823529411765,0.1411764705882353,-0.7470588235294118,0.15294117647058825,-0.6764705882352942,0.058823529411764705
1,0.0,0.0,-0.1165644171779141,0.19631901840490798,-0.4539877300613497,0.39263803680981596,-0.7791411042944786,0.49079754601226994,-1.0,0.4049079754601227,-0.7177914110429447,-0.2147239263803681,-0.9877300613496932,0.19631901840490798,-0.7177914110429447,0.26380368098159507,-0.6073619631901841,0.15337423312883436,-0.803680981595092,-0.19631901840490798,-0.9754601226993865,0.2147239263803681,-0.7116564417177914,0.26993865030674846,-0.6319018404907976,0.12883435582822086,-0.8650306748466258,-0.1165644171779141,-0.9631901840490797,0.22699386503067484,-0.7177914110429447,0.25766871165644173,-0.656441717791411,0.11042944785276074,-0.901840490797546,-0.03680981595092025,-0.9202453987730062,0.1901840490797546,-0.7423312883435583,0.20245398773006135,-0.656441717791411,0.10429447852760736
1,0.0,0.0,-0.13125,0.19375,-0.475,0.38125,-0.7875,0.4875,-1.0,0.3875,-0.73125,-0.225,-1.0,0.1875,-0.7375,0.2625,-0.63125,0.14375,-0.7875,-0.2125,-0.975,0.20625,-0.71875,0.26875,-0.64375,0.11875,-0.84375,-0.1375,-0.95,0.19375,-0.70625,0.24375,-0.65,0.1,-0.86875,-0.0625,-0.8875,0.14375,-0.725,0.175,-0.65,0.0875
1,0.0,0.0,-0.12903225806451613,0.1935483870967742,-0.47096774193548385,0.3870967741935484,-0.7935483870967742,0.49032258064516127,-1.0,0.3935483870967742,-0.7161290322580646,-0.2645161290322581,-0.9935483870967742,0.17419354838709677,-0.7290322580645161,0.2645161290322581,-0.6258064516129033,0.14838709677419354,-0.7935483870967742,-0.25806451612903225,-0.9935483870967742,0.1870967741935484,-0.7290322580645161,0.27741935483870966,-0.6451612903225806,0.12903225806451613,-0.8580645161290322,-0.1870967741935484,-0.9806451612903225,0.17419354838709677,-0.7354838709677419,0.24516129032258063,-0.6645161290322581,0.0967741935483871,-0.8903225806451613,-0.11612903225806452,-0.9096774193548387,0.10967741935483871,-0.7419354838709677,0.15483870967741936,-0.6580645161290323,0.06451612903225806
1,0.0,0.0,-0.1346153846153846,0.21794871794871795,-0.46794871794871795,0.40384615384615385,-0.782051282051282,0.5064102564102564,-0.9743589743589743,0.3974358974358974,-0.7243589743589743,-0.22435897435897437,-1.0,0.21794871794871795,-0.7435897435897436,0.2948717948717949,-0.6410256410256411,0.17307692307692307,-0.7628205128205128,-0.2692307692307692,-0.9807692307692307,0.19230769230769232,-0.7243589743589743,0.28205128205128205,-0.6346153846153846,0.1346153846153846,-0.8012820512820513,-0.23717948717948717,-0.9358974358974359,0.14743589743589744,-0.7115384615384616,0.21794871794871795,-0.6474358974358975,0.08333333333333333,-0.8205128205128205,-0.1858974358974359,-0.8653846153846154,0.05128205128205128,-0.717948717948718,0.10256410256410256,-0.6282051282051282,0.019230769230769232
1,0.0,0.0,-0.15822784810126583,0.23417721518987342,-0.5,0.4050632911392405,-0.7974683544303798,0.5,-0.9620253164556962,0.379746835443038,-0.759493670886076,-0.24050632911392406,-1.0,0.23417721518987342,-0.7468354430379747,0.2974683544303797,-0.6518987341772152,0.16455696202531644,-0.7721518987341772,-0.3037974683544304,-0.9620253164556962,0.1962025316455696,-0.7215189873417721,0.26582278481012656,-0.6518987341772152,0.12658227848101267,-0.7911392405063291,-0.27848101265822783,-0.9050632911392406,0.12658227848101267,-0.7025316455696202,0.20253164556962025,-0.6518987341772152,0.06962025316455696,-0.7848101265822784,-0.23417721518987342,-0.8417721518987342,0.02531645569620253,-0.7025316455696202,0.06962025316455696,-0.620253164556962,-0.012658227848101266
1,0.0,0.0,-0.15822784810126583,0.23417721518987342,-0.5063291139240507,0.41139240506329117,-0.7974683544303798,0.5126582278481012,-0.9493670886075949,0.3860759493670886,-0.759493670886076,-0.21518987341772153,-1.0,0.25316455696202533,-0.740506329113924,0.3227848101265823,-0.6392405063291139,0.1962025316455696,-0.759493670886076,-0.2721518987341772,-0.9493670886075949,0.22784810126582278,-0.7025316455696202,0.2974683544303797,-0.620253164556962,0.15822784810126583,-0.7721518987341772,-0.2468354430379747,-0.879746835443038,0.15822784810126583,-0.6708860759493671,0.23417721518987342,-0.6139240506329114,0.10126582278481013,-0.7784810126582279,-0.1962025316455696,-0.8354430379746836,0.03164556962025317,-0.7025316455696202,0.06329113924050633,-0.620253164556962,-0.0189873417721519
1,0.0,0.0,-0.13725490196078433,0.24183006535947713,-0.48366013071895425,0.42483660130718953,-0.7908496732026143,0.5294117647058824,-0.9673202614379085,0.4117647058823529,-0.7647058823529411,-0.24183006535947713,-1.0,0.26143790849673204,-0.7320261437908496,0.32679738562091504,-0.6339869281045751,0.1895424836601307,-0.7843137254901961,-0.29411764705882354,-0.9673202614379085,0.24183006535947713,-0.7124183006535948,0.3006535947712418,-0.6274509803921569,0.1437908496732026,-0.8104575163398693,-0.2679738562091503,-0.9215686274509803,0.17647058823529413,-0.6993464052287581,0.23529411764705882,-0.6470588235294118,0.0915032679738562,-0.8300653594771242,-0.20261437908496732,-0.8823529411764706,0.06535947712418301,-0.7254901960784313,0.0915032679738562,-0.6339869281045751,-0.006535947712418301
1,0.0,0.0,-0.12666666666666668,0.23333333333333334,-0.48,0.42,-0.7866666666666666,0.5333333333333333,-0.96,0.4266666666666667,-0.7533333333333333,-0.24,-1.0,0.26,-0.74,0.32666666666666666,-0.6466666666666666,0.19333333333333333,-0.7866666666666666,-0.2866666666666667,-0.9733333333333334,0.24,-0.72,0.3,-0.64,0.14,-0.82,-0.25333333333333335,-0.9266666666666666,0.18,-0.7066666666666667,0.23333333333333334,-0.66,0.08666666666666667,-0.8466666666666667,-0.18666666666666668,-0.8866666666666667,0.08,-0.7333333333333333,0.1,-0.6466666666666666,0.0
1,0.0,0.0,-0.13245033112582782,0.2185430463576159,-0.47019867549668876,0.40397350993377484,-0.7682119205298014,0.5298013245033113,-0.9536423841059603,0.45695364238410596,-0.7615894039735099,-0.2251655629139073,-1.0,0.2582781456953642,-0.7417218543046358,0.31788079470198677,-0.6556291390728477,0.18543046357615894,-0.7748344370860927,-0.26490066225165565,-0.9668874172185431,0.25165562913907286,-0.7152317880794702,0.304635761589404,-0.6357615894039735,0.152317880794702,-0.8013245033112583,-0.2251655629139073,-0.9139072847682119,0.1986754966887417,-0.695364238410596,0.24503311258278146,-0.6490066225165563,0.09933774834437085,-0.8211920529801324,-0.15894039735099338,-0.8807947019867549,0.09271523178807947,-0.7350993377483444,0.11258278145695365,-0.6490066225165563,0.026490066225165563
1,0.0,0.0,-0.12582781456953643,0.23178807947019867,-0.4768211920529801,0.4105960264900662,-0.7748344370860927,0.5364238410596026,-0.9536423841059603,0.45695364238410596,-0.7814569536423841,-0.2251655629139073,-1.0,0.2847682119205298,-0.7417218543046358,0.33112582781456956,-0.6490066225165563,0.1986754966887417,-0.8013245033112583,-0.26490066225165565,-0.9735099337748344,0.271523178807947,-0.7218543046357616,0.31788079470198677,-0.6423841059602649,0.17218543046357615,-0.8211920529801324,-0.2119205298013245,-0.9205298013245033,0.2185430463576159,-0.7086092715231788,0.26490066225165565,-0.6556291390728477,0.11920529801324503,-0.8211920529801324,-0.1456953642384106,-0.8807947019867549,0.12582781456953643,-0.7350993377483444,0.1456953642384106,-0.6490066225165563,0.046357615894039736
1,0.0,0.0,-0.12837837837837837,0.20945945945945946,-0.46621621621621623,0.38513513513513514,-0.75,0.5202702702702703,-0.9459459459459459,0.46621621621621623,-0.7972972972972973,-0.22972972972972974,-1.0,0.27702702702702703,-0.7364864864864865,0.31756756756756754,-0.6486486486486487,0.16891891891891891,-0.8175675675675675,-0.25,-0.9797297297297297,0.27702702702702703,-0.722972972972973,0.3108108108108108,-0.6418918918918919,0.16216216216216217,-0.831081081081081,-0.1891891891891892,-0.9324324324324325,0.23648648648648649,-0.7027027027027027,0.2702702702702703,-0.6621621621621622,0.12162162162162163,-0.8445945945945946,-0.10810810810810811,-0.8918918918918919,0.14864864864864866,-0.7432432432432432,0.1554054054054054,-0.6621621621621622,0.05405405405405406
1,0.0,0.0,-0.14189189189189189,0.22297297297297297,-0.4864864864864865,0.41216216216216217,-0.777027027027027,0.5337837837837838,-0.9527027027027027,0.46621621621621623,-0.8108108108108109,-0.20270270270270271,-1.0,0.30405405405405406,-0.7364864864864865,0.33783783783783783,-0.6621621621621622,0.1891891891891892,-0.8243243243243243,-0.22297297297297297,-0.9662162162162162,0.2972972972972973,-0.7162162162162162,0.32432432432432434,-0.6554054054054054,0.17567567567567569,-0.8378378378378378,-0.16216216216216217,-0.9256756756756757,0.25,-0.7094594594594594,0.28378378378378377,-0.668918918918919,0.14189189189189189,-0.8378378378378378,-0.08783783783783784,-0.8851351351351351,0.16216216216216217,-0.7432432432432432,0.16891891891891891,-0.668918918918919,0.07432432432432433
1,0.0,0.0,-0.13194444444444445,0.2152777777777778,-0.4791666666666667,0.4166666666666667,-0.7777777777777778,0.5486111111111112,-0.9652777777777778,0.4861111111111111,-0.8263888888888888,-0.20833333333333334,-1.0,0.3125,-0.7291666666666666,0.3472222222222222,-0.6527777777777778,0.20833333333333334,-0.8333333333333334,-0.2222222222222222,-0.9791666666666666,0.3055555555555556,-0.7222222222222222,0.3333333333333333,-0.6458333333333334,0.18055555555555555,-0.8402777777777778,-0.1597222222222222,-0.9375,0.2638888888888889,-0.7152777777777778,0.2986111111111111,-0.6666666666666666,0.1527777777777778,-0.8402777777777778,-0.08333333333333333,-0.9027777777777778,0.18055555555555555,-0.7569444444444444,0.1875,-0.6736111111111112,0.08333333333333333
1,0.0,0.0,-0.1347517730496454,0.2127659574468085,-0.48226950354609927,0.41134751773049644,-0.7730496453900709,0.5531914893617021,-0.9716312056737588,0.5035460992907801,-0.8226950354609929,-0.20567375886524822,-1.0,0.3049645390070922,-0.7375886524822695,0.3475177304964539,-0.6595744680851063,0.20567375886524822,-0.8368794326241135,-0.2127659574468085,-0.9858156028368794,0.3049645390070922,-0.7375886524822695,0.3404255319148936,-0.6595744680851063,0.18439716312056736,-0.851063829787234,-0.14893617021276595,-0.9574468085106383,0.2624113475177305,-0.7375886524822695,0.2978723404255319,-0.6879432624113475,0.15602836879432624,-0.8439716312056738,-0.07092198581560284,-0.9078014184397163,0.18439716312056736,-0.7588652482269503,0.19148936170212766,-0.6808510638297872,0.0851063829787234
1,0.0,0.0,-0.13043478260869565,0.2028985507246377,-0.463768115942029,0.391304347826087,-0.7536231884057971,0.5289855072463768,-0.9710144927536232,0.4855072463768116,-0.8115942028985508,-0.21739130434782608,-1.0,0.2898550724637681,-0.7463768115942029,0.34057971014492755,-0.6666666666666666,0.21014492753623187,-0.8260869565217391,-0.2318840579710145,-0.9855072463768116,0.2898550724637681,-0.7391304347826086,0.3333333333333333,-0.6521739130434783,0.18115942028985507,-0.8405797101449275,-0.16666666666666666,-0.9420289855072463,0.2536231884057971,-0.7318840579710145,0.2971014492753623,-0.6811594202898551,0.15217391304347827,-0.8405797101449275,-0.08695652173913043,-0.8985507246376812,0.16666666666666666,-0.7536231884057971,0.18840579710144928,-0.6594202898550725,0.08695652173913043
1,0.0,0.0,-0.13333333333333333,0.16296296296296298,-0.45925925925925926,0.32592592592592595,-0.725925925925926,0.4740740740740741,-0.9407407407407408,0.5037037037037037,-0.8074074074074075,-0.24444444444444444,-1.0,0.2518518518518518,-0.7555555555555555,0.3111111111111111,-0.6666666666666666,0.18518518518518517,-0.8148148148148148,-0.21481481481481482,-0.9851851851851852,0.2814814814814815,-0.7407407407407407,0.3111111111111111,-0.6518518518518519,0.17037037037037037,-0.8148148148148148,-0.11851851851851852,-0.9259259259259259,0.2740740740740741,-0.7111111111111111,0.2962962962962963,-0.6592592592592592,0.14814814814814814,-0.8074074074074075,-0.022222222222222223,-0.8740740740740741,0.2222222222222222,-0.725925925925926,0.22962962962962963,-0.6444444444444445,0.1259259259259259
1,0.0,0.0,-0.12213740458015267,0.0916030534351145,-0.45038167938931295,0.22137404580152673,-0.7175572519083969,0.3969465648854962,-0.9312977099236641,0.4961832061068702,-0.8015267175572519,-0.3053435114503817,-0.9923664122137404,0.16793893129770993,-0.7404580152671756,0.20610687022900764,-0.6641221374045801,0.08396946564885496,-0.816793893129771,-0.21374045801526717,-1.0,0.2366412213740458,-0.7404580152671756,0.24427480916030533,-0.6641221374045801,0.09923664122137404,-0.8244274809160306,-0.06870229007633588,-0.9465648854961832,0.2824427480916031,-0.7175572519083969,0.2748091603053435,-0.6793893129770993,0.12213740458015267,-0.8320610687022901,0.06870229007633588,-0.9083969465648855,0.2824427480916031,-0.7633587786259542,0.26717557251908397,-0.6870229007633588,0.16030534351145037
1,0.0,0.0,-0.1297709923664122,0.04580152671755725,-0.4732824427480916,0.1450381679389313,-0.732824427480916,0.33587786259541985,-0.916030534351145,0.48091603053435117,-0.8015267175572519,-0.35877862595419846,-0.9923664122137404,0.10687022900763359,-0.7404580152671756,0.1297709923664122,-0.6641221374045801,0.007633587786259542,-0.8091603053435115,-0.24427480916030533,-1.0,0.19083969465648856,-0.7404580152671756,0.19083969465648856,-0.6641221374045801,0.05343511450381679,-0.816793893129771,-0.07633587786259542,-0.9465648854961832,0.24427480916030533,-0.7175572519083969,0.24427480916030533,-0.6870229007633588,0.09923664122137404,-0.816793893129771,0.06870229007633588,-0.9083969465648855,0.2595419847328244,-0.7709923664122137,0.25190839694656486,-0.7022900763358778,0.15267175572519084
1,0.0,0.0,-0.15671641791044777,-0.007462686567164179,-0.5,0.05223880597014925,-0.746268656716418,0.2462686567164179,-0.9029850746268657,0.4253731343283582,-0.7985074626865671,-0.3880597014925373,-1.0,0.04477611940298507,-0.753731343283582,0.05970149253731343,-0.6716417910447762,-0.05223880597014925,-0.7910447761194029,-0.2462686567164179,-0.9925373134328358,0.1417910447761194,-0.746268656716418,0.1417910447761194,-0.6716417910447762,0.029850746268656716,-0.7910447761194029,-0.07462686567164178,-0.9328358208955224,0.208955223880597,-0.7313432835820896,0.21641791044776118,-0.7014925373134329,0.08955223880597014,-0.7761194029850746,0.07462686567164178,-0.8880597014925373,0.23880597014925373,-0.7761194029850746,0.23880597014925373,-0.7089552238805971,0.16417910447761194
1,0.0,0.0,-0.16666666666666666,-0.028985507246376812,-0.5072463768115942,0.014492753623188406,-0.7608695652173914,0.18840579710144928,-0.8985507246376812,0.35507246376811596,-0.7898550724637681,-0.41304347826086957,-1.0,-0.021739130434782608,-0.7536231884057971,0.007246376811594203,-0.6666666666666666,-0.08695652173913043,-0.782608695652174,-0.2608695652173913,-0.9855072463768116,0.08695652173913043,-0.7391304347826086,0.10144927536231885,-0.6666666666666666,0.007246376811594203,-0.7753623188405797,-0.08695652173913043,-0.9202898550724637,0.16666666666666666,-0.717391304347826,0.18115942028985507,-0.6811594202898551,0.07246376811594203,-0.7536231884057971,0.057971014492753624,-0.8695652173913043,0.21014492753623187,-0.7463768115942029,0.21014492753623187,-0.6739130434782609,0.14492753623188406
1,0.0,0.0,-0.176056338028169,-0.07042253521126761,-0.49295774647887325,-0.056338028169014086,-0.7394366197183099,0.11267605633802817,-0.8661971830985915,0.2676056338028169,-0.7746478873239436,-0.4014084507042254,-1.0,-0.06338028169014084,-0.7464788732394366,-0.04225352112676056,-0.6549295774647887,-0.1267605633802817,-0.7676056338028169,-0.23943661971830985,-0.9788732394366197,0.08450704225352113,-0.7253521126760564,0.07042253521126761,-0.6549295774647887,-0.035211267605633804,-0.7464788732394366,-0.06338028169014084,-0.8943661971830986,0.1619718309859155,-0.6971830985915493,0.15492957746478872,-0.6690140845070423,0.04225352112676056,-0.7253521126760564,0.09154929577464789,-0.8309859154929577,0.2112676056338028,-0.7183098591549296,0.20422535211267606,-0.6619718309859155,0.13380281690140844
1,0.0,0.0,-0.20279720279720279,-0.0979020979020979,-0.5104895104895105,-0.08391608391608392,-0.7412587412587412,0.06993006993006994,-0.8811188811188811,0.22377622377622378,-0.8041958041958042,-0.4195804195804196,-1.0,-0.08391608391608392,-0.7482517482517482,-0.08391608391608392,-0.6783216783216783,-0.18181818181818182,-0.7832167832167832,-0.23776223776223776,-0.9790209790209791,0.06993006993006994,-0.7202797202797203,0.055944055944055944,-0.6713286713286714,-0.055944055944055944,-0.7552447552447552,-0.04895104895104895,-0.8881118881118881,0.17482517482517482,-0.6783216783216783,0.15384615384615385,-0.6643356643356644,0.03496503496503497,-0.7342657342657343,0.11188811188811189,-0.8181818181818182,0.22377622377622378,-0.6993006993006993,0.21678321678321677,-0.6503496503496503,0.15384615384615385
1,0.0,0.0,-0.2,-0.1357142857142857,-0.5142857142857142,-0.14285714285714285,-0.75,0.02142857142857143,-0.8714285714285714,0.2,-0.8071428571428572,-0.42142857142857143,-1.0,-0.12857142857142856,-0.7571428571428571,-0.12142857142857143,-0.6857142857142857,-0.21428571428571427,-0.7785714285714286,-0.22857142857142856,-0.9785714285714285,0.04285714285714286,-0.7142857142857143,0.02142857142857143,-0.6785714285714286,-0.07857142857142857,-0.75,-0.02857142857142857,-0.8785714285714286,0.17142857142857143,-0.6642857142857143,0.14285714285714285,-0.6642857142857143,0.02857142857142857,-0.7285714285714285,0.1357142857142857,-0.8071428571428572,0.24285714285714285,-0.6857142857142857,0.22857142857142856,-0.6571428571428571,0.17142857142857143
1,0.0,0.0,-0.1958041958041958,-0.16083916083916083,-0.5034965034965035,-0.1888111888111888,-0.7412587412587412,-0.02097902097902098,-0.8461538461538461,0.14685314685314685,-0.7832167832167832,-0.35664335664335667,-1.0,-0.1258741258741259,-0.7692307692307693,-0.1258741258741259,-0.6853146853146853,-0.1958041958041958,-0.7692307692307693,-0.14685314685314685,-0.958041958041958,0.06293706293706294,-0.6923076923076923,0.027972027972027972,-0.6433566433566433,-0.055944055944055944,-0.7202797202797203,0.04195804195804196,-0.8601398601398601,0.20279720279720279,-0.6363636363636364,0.14685314685314685,-0.6013986013986014,0.055944055944055944,-0.6503496503496503,0.1958041958041958,-0.7482517482517482,0.27972027972027974,-0.6223776223776224,0.24475524475524477,-0.5804195804195804,0.1888111888111888
1,0.0,0.0,-0.1917808219178082,-0.1917808219178082,-0.5068493150684932,-0.2328767123287671,-0.7602739726027398,-0.06164383561643835,-0.8767123287671232,0.13013698630136986,-0.7945205479452054,-0.3013698630136986,-1.0,-0.1232876712328767,-0.7671232876712328,-0.13013698630136986,-0.6986301369863014,-0.19863013698630136,-0.773972602739726,-0.10273972602739725,-0.9383561643835616,0.0684931506849315,-0.6643835616438356,0.0136986301369863,-0.6575342465753424,-0.06164383561643835,-0.7191780821917808,0.07534246575342465,-0.8493150684931506,0.2191780821917808,-0.6095890410958904,0.14383561643835616,-0.6027397260273972,0.06164383561643835,-0.6575342465753424,0.23972602739726026,-0.726027397260274,0.3150684931506849,-0.5821917808219178,0.2602739726027397,-0.5684931506849316,0.2054794520547945
1,0.0,0.0,-0.1891891891891892,-0.18243243243243243,-0.527027027027027,-0.24324324324324326,-0.777027027027027,-0.07432432432432433,-0.8783783783783784,0.12837837837837837,-0.7905405405405406,-0.2702702702702703,-1.0,-0.13513513513513514,-0.7702702702702703,-0.14864864864864866,-0.6959459459459459,-0.20270270270270271,-0.7702702702702703,-0.08108108108108109,-0.9391891891891891,0.04054054054054054,-0.668918918918919,-0.006756756756756757,-0.6554054054054054,-0.05405405405405406,-0.7162162162162162,0.0945945945945946,-0.8513513513513513,0.20270270270270271,-0.6148648648648649,0.12837837837837837,-0.6013513513513513,0.06756756756756757,-0.6486486486486487,0.25675675675675674,-0.7364864864864865,0.30405405405405406,-0.5878378378378378,0.25,-0.5743243243243243,0.20945945945945946
1,0.0,0.0,-0.18791946308724833,-0.18791946308724833,-0.5302013422818792,-0.2483221476510067,-0.7785234899328859,-0.09395973154362416,-0.87248322147651,0.11409395973154363,-0.7919463087248322,-0.2684563758389262,-1.0,-0.14093959731543623,-0.7651006711409396,-0.1610738255033557,-0.697986577181208,-0.21476510067114093,-0.7718120805369127,-0.08053691275167785,-0.9328859060402684,0.03355704697986577,-0.6644295302013423,-0.026845637583892617,-0.6510067114093959,-0.06711409395973154,-0.7114093959731543,0.09395973154362416,-0.8456375838926175,0.19463087248322147,-0.6040268456375839,0.11409395973154363,-0.5906040268456376,0.053691275167785234,-0.6510067114093959,0.26174496644295303,-0.738255033557047,0.2953020134228188,-0.5771812080536913,0.2348993288590604,-0.5503355704697986,0.20134228187919462
1,0.0,0.0,-0.19333333333333333,-0.18666666666666668,-0.5266666666666666,-0.24666666666666667,-0.78,-0.10666666666666667,-0.88,0.1,-0.7933333333333333,-0.26,-1.0,-0.14666666666666667,-0.7666666666666667,-0.16666666666666666,-0.7066666666666667,-0.20666666666666667,-0.7666666666666667,-0.07333333333333333,-0.9333333333333333,0.03333333333333333,-0.6666666666666666,-0.02,-0.66,-0.06666666666666667,-0.7133333333333334,0.10666666666666667,-0.8466666666666667,0.19333333333333333,-0.6066666666666667,0.11333333333333333,-0.6,0.06,-0.6466666666666666,0.26666666666666666,-0.7333333333333333,0.3,-0.58,0.24666666666666667,-0.56,0.20666666666666667
1,0.0,0.0,-0.20261437908496732,-0.1895424836601307,-0.5294117647058824,-0.2549019607843137,-0.7712418300653595,-0.1111111111111111,-0.8758169934640523,0.09803921568627451,-0.7973856209150327,-0.24836601307189543,-1.0,-0.1437908496732026,-0.7647058823529411,-0.16339869281045752,-0.7058823529411765,-0.20261437908496732,-0.7712418300653595,-0.058823529411764705,-0.9281045751633987,0.032679738562091505,-0.6666666666666666,-0.026143790849673203,-0.6666666666666666,-0.058823529411764705,-0.7124183006535948,0.1111111111111111,-0.8366013071895425,0.19607843137254902,-0.6078431372549019,0.1111111111111111,-0.6013071895424836,0.058823529411764705,-0.6405228758169934,0.27450980392156865,-0.7189542483660131,0.3006535947712418,-0.5751633986928104,0.24183006535947713,-0.5555555555555556,0.20915032679738563
1,0.0,0.0,-0.18831168831168832,-0.18831168831168832,-0.525974025974026,-0.2662337662337662,-0.7727272727272727,-0.11038961038961038,-0.8571428571428571,0.09740259740259741,-0.7987012987012987,-0.23376623376623376,-1.0,-0.13636363636363635,-0.7727272727272727,-0.16233766233766234,-0.7012987012987013,-0.2077922077922078,-0.7727272727272727,-0.045454545454545456,-0.9285714285714286,0.045454545454545456,-0.6623376623376623,-0.025974025974025976,-0.6623376623376623,-0.05844155844155844,-0.7142857142857143,0.12337662337662338,-0.8376623376623377,0.2077922077922078,-0.5974025974025974,0.11038961038961038,-0.5974025974025974,0.05844155844155844,-0.6428571428571429,0.2857142857142857,-0.7272727272727273,0.3181818181818182,-0.5714285714285714,0.24675324675324675,-0.551948051948052,0.21428571428571427
1,0.0,0.0,-0.1870967741935484,-0.1870967741935484,-0.5290322580645161,-0.25806451612903225,-0.7741935483870968,-0.09032258064516129,-0.8516129032258064,0.10967741935483871,-0.8,-0.23225806451612904,-1.0,-0.12258064516129032,-0.7741935483870968,-0.16129032258064516,-0.6967741935483871,-0.2064516129032258,-0.7677419354838709,-0.03870967741935484,-0.9225806451612903,0.05806451612903226,-0.6580645161290323,-0.01935483870967742,-0.6580645161290323,-0.05806451612903226,-0.7096774193548387,0.13548387096774195,-0.832258064516129,0.21935483870967742,-0.5935483870967742,0.11612903225806452,-0.5935483870967742,0.06451612903225806,-0.632258064516129,0.2967741935483871,-0.7225806451612903,0.32903225806451614,-0.567741935483871,0.25161290322580643,-0.5419354838709678,0.22580645161290322
1,0.0,0.0,-0.1910828025477707,-0.18471337579617833,-0.5286624203821656,-0.2484076433121019,-0.7707006369426752,-0.08917197452229299,-0.8535031847133758,0.11464968152866242,-0.7898089171974523,-0.22929936305732485,-1.0,-0.12738853503184713,-0.7707006369426752,-0.1592356687898089,-0.7006369426751592,-0.19745222929936307,-0.7707006369426752,-0.03821656050955414,-0.9235668789808917,0.050955414012738856,-0.6624203821656051,-0.012738853503184714,-0.6624203821656051,-0.050955414012738856,-0.7070063694267515,0.1337579617834395,-0.8343949044585988,0.21656050955414013,-0.5987261146496815,0.12738853503184713,-0.5987261146496815,0.07643312101910828,-0.6369426751592356,0.29936305732484075,-0.7261146496815286,0.33121019108280253,-0.5732484076433121,0.2611464968152866,-0.5477707006369427,0.2356687898089172
1,0.0,0.0,-0.1858974358974359,-0.1858974358974359,-0.532051282051282,-0.25,-0.7756410256410257,-0.07692307692307693,-0.8461538461538461,0.12179487179487179,-0.8012820512820513,-0.23076923076923078,-1.0,-0.11538461538461539,-0.7756410256410257,-0.14743589743589744,-0.7051282051282052,-0.1987179487179487,-0.7756410256410257,-0.038461538461538464,-0.9294871794871795,0.0641025641025641,-0.6602564102564102,-0.00641025641025641,-0.6666666666666666,-0.04487179487179487,-0.7115384615384616,0.1346153846153846,-0.8333333333333334,0.23076923076923078,-0.5961538461538461,0.1346153846153846,-0.5961538461538461,0.07692307692307693,-0.6410256410256411,0.30128205128205127,-0.7307692307692307,0.33974358974358976,-0.5641025641025641,0.2692307692307692,-0.5448717948717948,0.24358974358974358
1,0.0,0.0,-0.1910828025477707,-0.18471337579617833,-0.5286624203821656,-0.2484076433121019,-0.7707006369426752,-0.07643312101910828,-0.8535031847133758,0.12101910828025478,-0.7961783439490446,-0.22929936305732485,-1.0,-0.11464968152866242,-0.7707006369426752,-0.15286624203821655,-0.7006369426751592,-0.19745222929936307,-0.7707006369426752,-0.03821656050955414,-0.9363057324840764,0.07643312101910828,-0.6687898089171974,-0.006369426751592357,-0.6624203821656051,-0.044585987261146494,-0.7133757961783439,0.14012738853503184,-0.8280254777070064,0.2356687898089172,-0.5987261146496815,0.1337579617834395,-0.5987261146496815,0.07643312101910828,-0.643312101910828,0.29936305732484075,-0.7197452229299363,0.3375796178343949,-0.5668789808917197,0.267515923566879,-0.5477707006369427,0.2356687898089172
1,0.0,0.0,-0.18238993710691823,-0.18867924528301888,-0.5220125786163522,-0.24528301886792453,-0.7672955974842768,-0.06918238993710692,-0.8427672955974843,0.1320754716981132,-0.7924528301886793,-0.22641509433962265,-1.0,-0.11320754716981132,-0.7672955974842768,-0.1509433962264151,-0.6981132075471698,-0.20125786163522014,-0.7672955974842768,-0.03773584905660377,-0.9245283018867925,0.06918238993710692,-0.660377358490566,-0.012578616352201259,-0.660377358490566,-0.050314465408805034,-0.710691823899371,0.1320754716981132,-0.8238993710691824,0.23270440251572327,-0.5849056603773585,0.12578616352201258,-0.5974842767295597,0.07547169811320754,-0.6352201257861635,0.3018867924528302,-0.710691823899371,0.33962264150943394,-0.559748427672956,0.2578616352201258,-0.5471698113207547,0.22641509433962265
1,0.0,0.0,-0.18867924528301888,-0.18867924528301888,-0.5283018867924528,-0.2389937106918239,-0.7672955974842768,-0.06289308176100629,-0.8490566037735849,0.1509433962264151,-0.8050314465408805,-0.2138364779874214,-1.0,-0.09433962264150944,-0.7735849056603774,-0.13836477987421383,-0.7044025157232704,-0.1949685534591195,-0.7735849056603774,-0.025157232704402517,-0.9308176100628931,0.09433962264150944,-0.6729559748427673,0.0,-0.6666666666666666,-0.0440251572327044,-0.710691823899371,0.14465408805031446,-0.8238993710691824,0.25157232704402516,-0.5974842767295597,0.13836477987421383,-0.5974842767295597,0.08176100628930817,-0.6289308176100629,0.3081761006289308,-0.7169811320754716,0.3522012578616352,-0.5660377358490566,0.27044025157232704,-0.5408805031446541,0.23270440251572327
1,0.0,0.0,-0.19254658385093168,-0.18633540372670807,-0.5403726708074534,-0.2360248447204969,-0.7763975155279503,-0.055900621118012424,-0.84472049689441,0.15527950310559005,-0.8012422360248447,-0.19254658385093168,-1.0,-0.07453416149068323,-0.782608695652174,-0.13043478260869565,-0.7080745341614907,-0.18633540372670807,-0.7701863354037267,-0.006211180124223602,-0.9316770186335404,0.10559006211180125,-0.6708074534161491,0.018633540372670808,-0.6708074534161491,-0.031055900621118012,-0.7018633540372671,0.16149068322981366,-0.8198757763975155,0.2608695652173913,-0.5900621118012422,0.15527950310559005,-0.5962732919254659,0.09937888198757763,-0.6273291925465838,0.32298136645962733,-0.7080745341614907,0.36645962732919257,-0.5590062111801242,0.2857142857142857,-0.5403726708074534,0.2546583850931677
1,0.0,0.0,-0.19753086419753085,-0.18518518518518517,-0.5370370370370371,-0.2222222222222222,-0.7716049382716049,-0.030864197530864196,-0.8395061728395061,0.18518518518518517,-0.7962962962962963,-0.16049382716049382,-1.0,-0.04938271604938271,-0.7962962962962963,-0.12345679012345678,-0.7222222222222222,-0.19135802469135801,-0.7592592592592593,0.024691358024691357,-0.9135802469135802,0.12962962962962962,-0.6604938271604939,0.018518518518518517,-0.6604938271604939,-0.018518518518518517,-0.6851851851851852,0.19135802469135801,-0.7962962962962963,0.2839506172839506,-0.5740740740740741,0.15432098765432098,-0.5740740740740741,0.10493827160493827,-0.5925925925925926,0.35185185185185186,-0.691358024691358,0.3888888888888889,-0.5432098765432098,0.29012345679012347,-0.5185185185185185,0.25925925925925924
1,0.0,0.0,-0.20245398773006135,-0.17791411042944785,-0.5460122699386503,-0.22085889570552147,-0.7730061349693251,-0.024539877300613498,-0.8282208588957055,0.19631901840490798,-0.803680981595092,-0.12883435582822086,-1.0,-0.018404907975460124,-0.7852760736196319,-0.09815950920245399,-0.7177914110429447,-0.15337423312883436,-0.754601226993865,0.05521472392638037,-0.901840490797546,0.15337423312883436,-0.6503067484662577,0.03680981595092025,-0.656441717791411,0.006134969325153374,-0.6748466257668712,0.22085889570552147,-0.7914110429447853,0.3067484662576687,-0.5705521472392638,0.1656441717791411,-0.5705521472392638,0.12883435582822086,-0.5766871165644172,0.3803680981595092,-0.6809815950920245,0.4110429447852761,-0.5398773006134969,0.3067484662576687,-0.50920245398773,0.2822085889570552
1,0.0,0.0,-0.2,-0.18181818181818182,-0.5515151515151515,-0.23030303030303031,-0.7757575757575758,-0.024242424242424242,-0.806060606060606,0.2,-0.793939393939394,-0.10303030303030303,-1.0,-0.006060606060606061,-0.7878787878787878,-0.09090909090909091,-0.7151515151515152,-0.13333333333333333,-0.7393939393939394,0.07878787878787878,-0.896969696969697,0.15757575757575756,-0.6545454545454545,0.04242424242424243,-0.6545454545454545,0.030303030303030304,-0.6484848484848484,0.23636363636363636,-0.7818181818181819,0.3090909090909091,-0.5636363636363636,0.16363636363636364,-0.5575757575757576,0.1393939393939394,-0.5454545454545454,0.3878787878787879,-0.6666666666666666,0.41818181818181815,-0.5333333333333333,0.3090909090909091,-0.49696969696969695,0.28484848484848485
1,0.0,0.0,-0.19393939393939394,-0.2,-0.5575757575757576,-0.2545454545454545,-0.7818181818181819,-0.03636363636363636,-0.8,0.18787878787878787,-0.7818181818181819,-0.10909090909090909,-1.0,-0.012121212121212121,-0.7818181818181819,-0.09090909090909091,-0.703030303030303,-0.12121212121212122,-0.7272727272727273,0.07272727272727272,-0.9090909090909091,0.16363636363636364,-0.6666666666666666,0.04242424242424243,-0.6424242424242425,0.030303030303030304,-0.6363636363636364,0.23030303030303031,-0.7818181818181819,0.3090909090909091,-0.5696969696969697,0.15757575757575756,-0.5454545454545454,0.12727272727272726,-0.5333333333333333,0.38181818181818183,-0.6606060606060606,0.4121212121212121,-0.5333333333333333,0.2909090909090909,-0.48484848484848486,0.26666666666666666
1,0.0,0.0,-0.20359281437125748,-0.18562874251497005,-0.562874251497006,-0.23353293413173654,-0.7784431137724551,-0.017964071856287425,-0.7904191616766467,0.20359281437125748,-0.7844311377245509,-0.0718562874251497,-1.0,0.017964071856287425,-0.7844311377245509,-0.05389221556886228,-0.7065868263473054,-0.08383233532934131,-0.7245508982035929,0.10778443113772455,-0.9041916167664671,0.19161676646706588,-0.6646706586826348,0.0718562874251497,-0.6407185628742516,0.059880239520958084,-0.6287425149700598,0.25149700598802394,-0.7724550898203593,0.33532934131736525,-0.5688622754491018,0.17964071856287425,-0.5389221556886228,0.1497005988023952,-0.5209580838323353,0.39520958083832336,-0.6467065868263473,0.4311377245508982,-0.5149700598802395,0.31137724550898205,-0.47305389221556887,0.2754491017964072
1,0.0,0.0,-0.21428571428571427,-0.18452380952380953,-0.5773809523809523,-0.2261904761904762,-0.7797619047619048,0.005952380952380952,-0.7797619047619048,0.2261904761904762,-0.7976190476190477,-0.05357142857142857,-1.0,0.041666666666666664,-0.7738095238095238,-0.041666666666666664,-0.7083333333333334,-0.07142857142857142,-0.7261904761904762,0.11904761904761904,-0.9047619047619048,0.20238095238095238,-0.6607142857142857,0.07142857142857142,-0.6369047619047619,0.05952380952380952,-0.6309523809523809,0.2619047619047619,-0.7678571428571429,0.3392857142857143,-0.5595238095238095,0.18452380952380953,-0.5357142857142857,0.15476190476190477,-0.5119047619047619,0.39880952380952384,-0.6369047619047619,0.44047619047619047,-0.5059523809523809,0.30952380952380953,-0.4642857142857143,0.27976190476190477
1,0.0,0.0,-0.2261904761904762,-0.17261904761904762,-0.5773809523809523,-0.20238095238095238,-0.7738095238095238,0.023809523809523808,-0.7738095238095238,0.23214285714285715,-0.7916666666666666,-0.02976190476190476,-1.0,0.07142857142857142,-0.7857142857142857,-0.005952380952380952,-0.7142857142857143,-0.041666666666666664,-0.7202380952380952,0.14285714285714285,-0.9047619047619048,0.23214285714285715,-0.6666666666666666,0.10714285714285714,-0.6369047619047619,0.08928571428571429,-0.6190476190476191,0.27976190476190477,-0.7678571428571429,0.375,-0.5714285714285714,0.21428571428571427,-0.5357142857142857,0.17261904761904762,-0.5059523809523809,0.4166666666666667,-0.6369047619047619,0.47023809523809523,-0.5178571428571429,0.3392857142857143,-0.47023809523809523,0.2976190476190476
1,0.0,0.0,-0.22023809523809523,-0.17857142857142858,-0.5833333333333334,-0.19642857142857142,-0.7857142857142857,0.023809523809523808,-0.7797619047619048,0.24404761904761904,-0.8095238095238095,-0.03571428571428571,-1.0,0.07738095238095238,-0.7797619047619048,-0.005952380952380952,-0.7142857142857143,-0.047619047619047616,-0.7380952380952381,0.13690476190476192,-0.8988095238095238,0.23809523809523808,-0.6607142857142857,0.10714285714285714,-0.6369047619047619,0.08333333333333333,-0.6369047619047619,0.27976190476190477,-0.7619047619047619,0.375,-0.5595238095238095,0.22023809523809523,-0.5416666666666666,0.17857142857142858,-0.5178571428571429,0.4166666666666667,-0.6369047619047619,0.4642857142857143,-0.5059523809523809,0.3392857142857143,-0.4642857142857143,0.2976190476190476
1,0.0,0.0,-0.20588235294117646,-0.15294117647058825,-0.5529411764705883,-0.1588235294117647,-0.7647058823529411,0.052941176470588235,-0.7764705882352941,0.27058823529411763,-0.7941176470588235,-0.03529411764705882,-1.0,0.08823529411764706,-0.8058823529411765,0.0,-0.7235294117647059,-0.06470588235294118,-0.7294117647058823,0.13529411764705881,-0.888235294117647,0.2529411764705882,-0.6647058823529411,0.12352941176470589,-0.6470588235294118,0.07647058823529412,-0.6411764705882353,0.27647058823529413,-0.7647058823529411,0.38823529411764707,-0.5647058823529412,0.2411764705882353,-0.5529411764705883,0.18235294117647058,-0.5294117647058824,0.40588235294117647,-0.6352941176470588,0.47058823529411764,-0.5058823529411764,0.35294117647058826,-0.4764705882352941,0.3058823529411765
1,0.0,0.0,-0.2,-0.13529411764705881,-0.5294117647058824,-0.13529411764705881,-0.7470588235294118,0.052941176470588235,-0.7941176470588235,0.27647058823529413,-0.8235294117647058,-0.058823529411764705,-1.0,0.08823529411764706,-0.7941176470588235,0.011764705882352941,-0.7294117647058823,-0.058823529411764705,-0.7647058823529411,0.11764705882352941,-0.9058823529411765,0.25882352941176473,-0.6764705882352942,0.1411764705882353,-0.6588235294117647,0.08235294117647059,-0.6705882352941176,0.27058823529411763,-0.7764705882352941,0.3941176470588235,-0.5764705882352941,0.2647058823529412,-0.5588235294117647,0.2,-0.5705882352941176,0.40588235294117647,-0.6529411764705882,0.47058823529411764,-0.5235294117647059,0.3764705882352941,-0.5,0.32941176470588235
1,0.0,0.0,-0.20359281437125748,-0.1377245508982036,-0.5149700598802395,-0.11377245508982035,-0.7245508982035929,0.0718562874251497,-0.7844311377245509,0.2994011976047904,-0.8562874251497006,-0.10778443113772455,-1.0,0.08982035928143713,-0.7784431137724551,0.017964071856287425,-0.718562874251497,-0.0658682634730539,-0.8023952095808383,0.08383233532934131,-0.9161676646706587,0.2634730538922156,-0.6826347305389222,0.16167664670658682,-0.6586826347305389,0.08982035928143713,-0.718562874251497,0.24550898203592814,-0.7904191616766467,0.38922155688622756,-0.592814371257485,0.2754491017964072,-0.5808383233532934,0.19760479041916168,-0.6227544910179641,0.38323353293413176,-0.6826347305389222,0.46107784431137727,-0.5568862275449101,0.38323353293413176,-0.5389221556886228,0.32335329341317365
1,0.0,0.0,-0.22085889570552147,-0.147239263803681,-0.5153374233128835,-0.1165644171779141,-0.6993865030674846,0.10429447852760736,-0.7607361963190185,0.32515337423312884,-0.8895705521472392,-0.17177914110429449,-1.0,0.03067484662576687,-0.7791411042944786,-0.024539877300613498,-0.7177914110429447,-0.11042944785276074,-0.8466257668711656,0.024539877300613498,-0.9693251533742331,0.2085889570552147,-0.7177914110429447,0.1411042944785276,-0.6871165644171779,0.06748466257668712,-0.7668711656441718,0.2085889570552147,-0.8588957055214724,0.3496932515337423,-0.6503067484662577,0.26380368098159507,-0.6319018404907976,0.18404907975460122,-0.6748466257668712,0.3496932515337423,-0.7423312883435583,0.4294478527607362,-0.6196319018404908,0.3619631901840491,-0.5950920245398773,0.3006134969325153
1,0.0,0.0,-0.20253164556962025,-0.12658227848101267,-0.4810126582278481,-0.08227848101265822,-0.689873417721519,0.13924050632911392,-0.7848101265822784,0.37341772151898733,-0.8924050632911392,-0.2468354430379747,-1.0,0.03164556962025317,-0.7658227848101266,-0.02531645569620253,-0.7025316455696202,-0.13291139240506328,-0.8734177215189873,-0.05063291139240506,-0.9683544303797469,0.2088607594936709,-0.7278481012658228,0.13291139240506328,-0.6962025316455697,0.03164556962025317,-0.810126582278481,0.13924050632911392,-0.8860759493670886,0.3291139240506329,-0.6835443037974683,0.25949367088607594,-0.6708860759493671,0.16455696202531644,-0.7278481012658228,0.2974683544303797,-0.7848101265822784,0.4050632911392405,-0.6645569620253164,0.35443037974683544,-0.6455696202531646,0.2911392405063291
1,0.0,0.0,-0.15436241610738255,-0.087248322147651,-0.4429530201342282,-0.03355704697986577,-0.6845637583892618,0.16778523489932887,-0.825503355704698,0.38926174496644295,-0.87248322147651,-0.348993288590604,-1.0,0.0,-0.738255033557047,-0.04697986577181208,-0.6644295302013423,-0.174496644295302,-0.8791946308724832,-0.16778523489932887,-1.0,0.15436241610738255,-0.7315436241610739,0.09395973154362416,-0.6845637583892618,-0.026845637583892617,-0.8590604026845637,0.020134228187919462,-0.9395973154362416,0.2684563758389262,-0.7114093959731543,0.2214765100671141,-0.7114093959731543,0.10738255033557047,-0.825503355704698,0.19463087248322147,-0.8657718120805369,0.3422818791946309,-0.7248322147651006,0.3087248322147651,-0.7046979865771812,0.22818791946308725
1,0.0,0.0,-0.11805555555555555,-0.020833333333333332,-0.4583333333333333,0.04861111111111111,-0.7222222222222222,0.25,-0.8888888888888888,0.4375,-0.8402777777777778,-0.3819444444444444,-1.0,0.0,-0.7152777777777778,-0.013888888888888888,-0.6458333333333334,-0.1388888888888889,-0.8680555555555556,-0.2222222222222222,-1.0,0.14583333333333334,-0.7083333333333334,0.11805555555555555,-0.6736111111111112,-0.027777777777777776,-0.8611111111111112,-0.027777777777777776,-0.9236111111111112,0.25,-0.6736111111111112,0.2152777777777778,-0.6944444444444444,0.06944444444444445,-0.8472222222222222,0.14583333333333334,-0.8888888888888888,0.3125,-0.7291666666666666,0.2847222222222222,-0.7013888888888888,0.2013888888888889
1,0.0,0.0,-0.04411764705882353,0.04411764705882353,-0.375,0.11029411764705882,-0.6911764705882353,0.2867647058823529,-0.9264705882352942,0.45588235294117646,-0.7941176470588235,-0.41911764705882354,-0.9632352941176471,0.03676470588235294,-0.6691176470588235,0.051470588235294115,-0.6029411764705882,-0.09558823529411764,-0.8823529411764706,-0.3014705882352941,-1.0,0.13970588235294118,-0.6691176470588235,0.14705882352941177,-0.6397058823529411,-0.022058823529411766,-0.9191176470588235,-0.125,-0.9632352941176471,0.22794117647058823,-0.6691176470588235,0.23529411764705882,-0.6764705882352942,0.0661764705882353,-0.9264705882352942,0.04411764705882353,-0.9338235294117647,0.27205882352941174,-0.75,0.2647058823529412,-0.7205882352941176,0.16176470588235295
1,0.0,0.0,-0.023255813953488372,0.08527131782945736,-0.35658914728682173,0.14728682170542637,-0.6976744186046512,0.3488372093023256,-0.937984496124031,0.5116279069767442,-0.7364341085271318,-0.4573643410852713,-0.9457364341085271,0.05426356589147287,-0.6511627906976745,0.11627906976744186,-0.5813953488372093,-0.031007751937984496,-0.8604651162790697,-0.3798449612403101,-1.0,0.13953488372093023,-0.6744186046511628,0.18604651162790697,-0.6356589147286822,0.0,-0.9224806201550387,-0.2248062015503876,-1.0,0.1937984496124031,-0.6976744186046512,0.23255813953488372,-0.6744186046511628,0.05426356589147287,-0.9612403100775194,-0.05426356589147287,-0.9922480620155039,0.20155038759689922,-0.7984496124031008,0.2248062015503876,-0.7209302325581395,0.13953488372093023
1,0.0,0.0,-0.03007518796992481,0.20300751879699247,-0.3383458646616541,0.3007518796992481,-0.6917293233082706,0.39849624060150374,-1.0,0.39097744360902253,-0.5714285714285714,-0.37593984962406013,-0.8872180451127819,0.10526315789473684,-0.631578947368421,0.23308270676691728,-0.5413533834586466,0.10526315789473684,-0.6992481203007519,-0.39849624060150374,-0.9699248120300752,0.12781954887218044,-0.6466165413533834,0.2556390977443609,-0.5714285714285714,0.09022556390977443,-0.8120300751879699,-0.3308270676691729,-0.9774436090225563,0.13533834586466165,-0.6691729323308271,0.24812030075187969,-0.6165413533834586,0.08270676691729323,-0.9097744360902256,-0.23308270676691728,-0.9473684210526315,0.09774436090225563,-0.7518796992481203,0.18045112781954886,-0.6541353383458647,0.10526315789473684
1,0.0,0.0,-0.031496062992125984,0.2992125984251969,-0.33858267716535434,0.4645669291338583,-0.7244094488188977,0.49606299212598426,-1.0,0.3700787401574803,-0.4094488188976378,-0.30708661417322836,-0.8582677165354331,0.13385826771653545,-0.6141732283464567,0.31496062992125984,-0.4881889763779528,0.2283464566929134,-0.5905511811023622,-0.4251968503937008,-0.9606299212598425,0.11811023622047244,-0.6929133858267716,0.29133858267716534,-0.5590551181102362,0.15748031496062992,-0.7480314960629921,-0.41732283464566927,-0.968503937007874,0.09448818897637795,-0.7086614173228346,0.23622047244094488,-0.5984251968503937,0.10236220472440945,-0.8661417322834646,-0.3700787401574803,-0.952755905511811,0.0,-0.7559055118110236,0.11023622047244094,-0.6220472440944882,0.03937007874015748
1,0.0,0.0,-0.06201550387596899,0.3875968992248062,-0.3643410852713178,0.5813953488372093,-0.7674418604651163,0.5426356589147286,-1.0,0.3643410852713178,-0.2558139534883721,-0.13178294573643412,-0.7751937984496124,0.2558139534883721,-0.5736434108527132,0.3953488372093023,-0.43410852713178294,0.3333333333333333,-0.4573643410852713,-0.34108527131782945,-0.937984496124031,0.17829457364341086,-0.7209302325581395,0.32558139534883723,-0.5581395348837209,0.1937984496124031,-0.6434108527131783,-0.4108527131782946,-1.0,0.07751937984496124,-0.813953488372093,0.1937984496124031,-0.6821705426356589,0.06976744186046512,-0.7829457364341085,-0.3953488372093023,-0.9767441860465116,-0.023255813953488372,-0.8294573643410853,0.07751937984496124,-0.6976744186046512,-0.007751937984496124
1,0.0,0.0,-0.07352941176470588,0.3897058823529412,-0.375,0.5955882352941176,-0.7647058823529411,0.5661764705882353,-1.0,0.39705882352941174,-0.23529411764705882,-0.022058823529411766,-0.7352941176470589,0.36764705882352944,-0.5514705882352942,0.4632352941176471,-0.41911764705882354,0.3897058823529412,-0.4117647058823529,-0.2426470588235294,-0.8970588235294118,0.25735294117647056,-0.6985294117647058,0.36764705882352944,-0.5367647058823529,0.2426470588235294,-0.5955882352941176,-0.33088235294117646,-0.9779411764705882,0.13970588235294118,-0.8014705882352942,0.23529411764705882,-0.6691176470588235,0.11764705882352941,-0.7426470588235294,-0.33088235294117646,-0.9558823529411765,0.029411764705882353,-0.8161764705882353,0.10294117647058823,-0.6911764705882353,0.022058823529411766
1,0.0,0.0,-0.072992700729927,0.39416058394160586,-0.38686131386861317,0.5985401459854015,-0.7664233576642335,0.5620437956204379,-1.0,0.3795620437956204,-0.19708029197080293,0.014598540145985401,-0.7007299270072993,0.39416058394160586,-0.5474452554744526,0.48175182481751827,-0.4233576642335766,0.40145985401459855,-0.35766423357664234,-0.2116788321167883,-0.8467153284671532,0.26277372262773724,-0.656934306569343,0.35766423357664234,-0.49635036496350365,0.22627737226277372,-0.5474452554744526,-0.31386861313868614,-0.9343065693430657,0.12408759124087591,-0.7518248175182481,0.21897810218978103,-0.6204379562043796,0.0948905109489051,-0.708029197080292,-0.35036496350364965,-0.927007299270073,-0.0072992700729927005,-0.7737226277372263,0.058394160583941604,-0.6496350364963503,-0.021897810218978103
1,0.0,0.0,-0.07692307692307693,0.4230769230769231,-0.4,0.6384615384615384,-0.7769230769230769,0.6,-1.0,0.4153846153846154,-0.2076923076923077,0.06923076923076923,-0.7538461538461538,0.46153846153846156,-0.5923076923076923,0.5384615384615384,-0.46153846153846156,0.4307692307692308,-0.36923076923076925,-0.17692307692307693,-0.8846153846153846,0.3,-0.6923076923076923,0.38461538461538464,-0.5230769230769231,0.24615384615384617,-0.5692307692307692,-0.3076923076923077,-0.9846153846153847,0.13846153846153847,-0.7923076923076923,0.2153846153846154,-0.6538461538461539,0.08461538461538462,-0.7307692307692307,-0.36923076923076925,-0.9769230769230769,-0.023076923076923078,-0.823076923076923,0.038461538461538464,-0.6846153846153846,-0.046153846153846156
1,0.0,0.0,-0.08270676691729323,0.42857142857142855,-0.42105263157894735,0.6240601503759399,-0.8045112781954887,0.5864661654135338,-1.0,0.38345864661654133,-0.21052631578947367,0.06766917293233082,-0.7443609022556391,0.43609022556390975,-0.5789473684210527,0.5263157894736842,-0.45864661654135336,0.42857142857142855,-0.3684210526315789,-0.17293233082706766,-0.8796992481203008,0.2781954887218045,-0.6992481203007519,0.38345864661654133,-0.5413533834586466,0.24812030075187969,-0.5488721804511278,-0.3082706766917293,-0.9624060150375939,0.12781954887218044,-0.7894736842105263,0.21804511278195488,-0.6541353383458647,0.08270676691729323,-0.6992481203007519,-0.3684210526315789,-0.9624060150375939,-0.03007518796992481,-0.8270676691729323,0.03759398496240601,-0.6917293233082706,-0.045112781954887216
1,0.0,0.0,-0.1015625,0.4375,-0.4296875,0.640625,-0.796875,0.6015625,-1.0,0.40625,-0.2265625,0.0859375,-0.765625,0.46875,-0.6015625,0.5546875,-0.4765625,0.453125,-0.375,-0.1640625,-0.8984375,0.296875,-0.7109375,0.3984375,-0.546875,0.2578125,-0.5625,-0.3046875,-0.984375,0.1328125,-0.8046875,0.2265625,-0.6640625,0.09375,-0.71875,-0.3828125,-0.984375,-0.0390625,-0.84375,0.03125,-0.703125,-0.0546875
1,0.0,0.0,-0.13076923076923078,0.4230769230769231,-0.45384615384615384,0.6153846153846154,-0.8,0.5615384615384615,-1.0,0.36923076923076925,-0.23846153846153847,0.09230769230769231,-0.7615384615384615,0.45384615384615384,-0.6,0.5307692307692308,-0.4846153846153846,0.4230769230769231,-0.36923076923076925,-0.15384615384615385,-0.8923076923076924,0.2692307692307692,-0.7153846153846154,0.36153846153846153,-0.5615384615384615,0.23846153846153847,-0.5461538461538461,-0.3,-0.9615384615384616,0.1076923076923077,-0.7692307692307693,0.2,-0.6461538461538462,0.07692307692307693,-0.7,-0.3923076923076923,-0.9538461538461539,-0.06153846153846154,-0.8153846153846154,0.0,-0.6846153846153846,-0.07692307692307693
1,0.0,0.0,-0.1,0.4,-0.4307692307692308,0.6,-0.8076923076923077,0.5615384615384615,-1.0,0.36153846153846153,-0.2153846153846154,0.046153846153846156,-0.7384615384615385,0.4307692307692308,-0.5769230769230769,0.5,-0.46153846153846156,0.3923076923076923,-0.35384615384615387,-0.2076923076923077,-0.8769230769230769,0.24615384615384617,-0.7,0.3384615384615385,-0.5538461538461539,0.2153846153846154,-0.5307692307692308,-0.34615384615384615,-0.9461538461538461,0.09230769230769231,-0.7692307692307693,0.18461538461538463,-0.6384615384615384,0.06153846153846154,-0.676923076923077,-0.4230769230769231,-0.9384615384615385,-0.07692307692307693,-0.8076923076923077,-0.015384615384615385,-0.6692307692307692,-0.09230769230769231
1,0.0,0.0,-0.09701492537313433,0.40298507462686567,-0.41044776119402987,0.6044776119402985,-0.7686567164179104,0.5597014925373134,-1.0,0.373134328358209,-0.20149253731343283,0.08955223880597014,-0.7014925373134329,0.4626865671641791,-0.5597014925373134,0.5298507462686567,-0.44029850746268656,0.43283582089552236,-0.35074626865671643,-0.15671641791044777,-0.8582089552238806,0.2835820895522388,-0.6940298507462687,0.373134328358209,-0.5298507462686567,0.2462686567164179,-0.5298507462686567,-0.291044776119403,-0.9477611940298507,0.12686567164179105,-0.7686567164179104,0.21641791044776118,-0.6343283582089553,0.09701492537313433,-0.6716417910447762,-0.3656716417910448,-0.9328358208955224,-0.022388059701492536,-0.7985074626865671,0.03731343283582089,-0.6567164179104478,-0.04477611940298507
1,0.0,0.0,-0.08461538461538462,0.4,-0.38461538461538464,0.6153846153846154,-0.7538461538461538,0.5923076923076923,-1.0,0.4076923076923077,-0.15384615384615385,0.08461538461538462,-0.676923076923077,0.46923076923076923,-0.5384615384615384,0.5230769230769231,-0.4307692307692308,0.4153846153846154,-0.3076923076923077,-0.17692307692307693,-0.8461538461538461,0.2846153846153846,-0.6846153846153846,0.36153846153846153,-0.5307692307692308,0.2230769230769231,-0.5,-0.3230769230769231,-0.9384615384615385,0.13076923076923078,-0.7538461538461538,0.2076923076923077,-0.6230769230769231,0.07692307692307693,-0.6692307692307692,-0.4076923076923077,-0.9384615384615385,-0.038461538461538464,-0.8,0.007692307692307693,-0.6615384615384615,-0.08461538461538462
1,0.0,0.0,-0.04032258064516129,0.4274193548387097,-0.3467741935483871,0.6693548387096774,-0.7419354838709677,0.6532258064516129,-1.0,0.4596774193548387,-0.0967741935483871,0.11290322580645161,-0.6451612903225806,0.5483870967741935,-0.5161290322580645,0.5806451612903226,-0.3790322580645161,0.46774193548387094,-0.28225806451612906,-0.1532258064516129,-0.8306451612903226,0.3548387096774194,-0.6612903225806451,0.4112903225806452,-0.49193548387096775,0.2661290322580645,-0.5,-0.3064516129032258,-0.9596774193548387,0.1935483870967742,-0.7741935483870968,0.25,-0.6290322580645161,0.10483870967741936,-0.6854838709677419,-0.3870967741935484,-0.9758064516129032,0.016129032258064516,-0.8225806451612904,0.06451612903225806,-0.6774193548387096,-0.056451612903225805
1,0.0,0.0,0.03508771929824561,0.4824561403508772,-0.20175438596491227,0.7982456140350878,-0.6140350877192983,0.8333333333333334,-0.8947368421052632,0.6403508771929824,0.09649122807017543,0.14035087719298245,-0.49122807017543857,0.6754385964912281,-0.35964912280701755,0.7192982456140351,-0.23684210526315788,0.5789473684210527,-0.17543859649122806,-0.11403508771929824,-0.7456140350877193,0.5175438596491229,-0.543859649122807,0.543859649122807,-0.3508771929824561,0.35964912280701755,-0.45614035087719296,-0.2631578947368421,-0.9298245614035088,0.34210526315789475,-0.7280701754385965,0.35964912280701755,-0.5526315789473685,0.15789473684210525,-0.7105263157894737,-0.32456140350877194,-1.0,0.16666666666666666,-0.8157894736842105,0.17543859649122806,-0.6491228070175439,0.008771929824561403
1,0.0,0.0,0.043478260869565216,0.5869565217391305,-0.18478260869565216,0.9347826086956522,-0.5760869565217391,0.9239130434782609,-0.8586956521739131,0.6413043478260869,0.3695652173913043,0.11956521739130435,-0.29347826086956524,0.6739130434782609,-0.16304347826086957,0.7717391304347826,-0.03260869565217391,0.6086956521739131,0.05434782608695652,-0.1956521739130435,-0.6413043478260869,0.4673913043478261,-0.43478260869565216,0.5543478260869565,-0.20652173913043478,0.30434782608695654,-0.29347826086956524,-0.3804347826086957,-0.9130434782608695,0.2826086956521739,-0.6521739130434783,0.3695652173913043,-0.41304347826086957,0.10869565217391304,-0.6086956521739131,-0.4891304347826087,-1.0,0.06521739130434782,-0.7934782608695652,0.14130434782608695,-0.5652173913043478,-0.043478260869565216
1,0.0,0.0,0.25316455696202533,0.4177215189873418,0.379746835443038,0.7088607594936709,0.012658227848101266,0.6455696202531646,-0.3670886075949367,0.34177215189873417,1.0,-0.3037974683544304,0.3670886075949367,0.379746835443038,0.34177215189873417,0.5316455696202531,0.5063291139240507,0.35443037974683544,0.5949367088607594,-0.7088607594936709,-0.0759493670886076,0.16455696202531644,0.0,0.26582278481012656,0.22784810126582278,0.05063291139240506,0.17721518987341772,-0.9113924050632911,-0.43037974683544306,-0.0379746835443038,-0.3037974683544304,0.02531645569620253,-0.11392405063291139,-0.21518987341772153,-0.25316455696202533,-0.9873417721518988,-0.6329113924050633,-0.34177215189873417,-0.5063291139240507,-0.22784810126582278,-0.3037974683544304,-0.43037974683544306
1,0.0,0.0,0.18478260869565216,0.40217391304347827,0.358695652173913,0.6956521739130435,0.13043478260869565,0.6521739130434783,-0.16304347826086957,0.34782608695652173,1.0,-0.18478260869565216,0.45652173913043476,0.42391304347826086,0.32608695652173914,0.5108695652173914,0.41304347826086957,0.358695652173913,0.6521739130434783,-0.5760869565217391,0.07608695652173914,0.20652173913043478,0.05434782608695652,0.29347826086956524,0.20652173913043478,0.07608695652173914,0.2608695652173913,-0.7608695652173914,-0.25,0.010869565217391304,-0.20652173913043478,0.10869565217391304,-0.03260869565217391,-0.09782608695652174,-0.13043478260869565,-0.8369565217391305,-0.4782608695652174,-0.2391304347826087,-0.43478260869565216,-0.10869565217391304,-0.25,-0.22826086956521738
1,0.0,0.0,0.19626168224299065,0.32710280373831774,0.3925233644859813,0.5514018691588785,0.2897196261682243,0.5233644859813084,0.028037383177570093,0.29906542056074764,1.0,-0.24299065420560748,0.5420560747663551,0.29906542056074764,0.35514018691588783,0.40186915887850466,0.40186915887850466,0.2523364485981308,0.6915887850467289,-0.5514018691588785,0.2336448598130841,0.12149532710280374,0.14953271028037382,0.21495327102803738,0.2523364485981308,0.037383177570093455,0.3364485981308411,-0.6915887850467289,-0.056074766355140186,-0.028037383177570093,-0.07476635514018691,0.06542056074766354,0.04672897196261682,-0.11214953271028037,-0.009345794392523364,-0.7476635514018691,-0.2803738317757009,-0.2336448598130841,-0.27102803738317754,-0.09345794392523364,-0.14018691588785046,-0.18691588785046728
1,0.0,0.0,0.19827586206896552,0.29310344827586204,0.3879310344827586,0.5172413793103449,0.33620689655172414,0.5,0.1206896551724138,0.29310344827586204,1.0,-0.23275862068965517,0.5775862068965517,0.25862068965517243,0.39655172413793105,0.3448275862068966,0.4396551724137931,0.20689655172413793,0.7241379310344828,-0.5172413793103449,0.3017241379310345,0.08620689655172414,0.19827586206896552,0.1896551724137931,0.3017241379310345,0.017241379310344827,0.3879310344827586,-0.6551724137931034,0.02586206896551724,-0.05172413793103448,-0.008620689655172414,0.05172413793103448,0.10344827586206896,-0.10344827586206896,0.0603448275862069,-0.7155172413793104,-0.1896551724137931,-0.2413793103448276,-0.19827586206896552,-0.11206896551724138,-0.09482758620689655,-0.1810344827586207
1,0.0,0.0,0.2109375,0.2578125,0.40625,0.4296875,0.3671875,0.3984375,0.15625,0.21875,1.0,-0.25,0.6171875,0.15625,0.421875,0.2578125,0.4453125,0.1328125,0.7421875,-0.5078125,0.375,0.0078125,0.2421875,0.125,0.328125,-0.015625,0.4375,-0.6328125,0.125,-0.125,0.0546875,0.0,0.140625,-0.1328125,0.1484375,-0.6953125,-0.0859375,-0.2890625,-0.125,-0.15625,-0.0390625,-0.2265625
1,0.0,0.0,0.2153846153846154,0.25384615384615383,0.4307692307692308,0.4,0.38461538461538464,0.34615384615384615,0.16923076923076924,0.16923076923076924,1.0,-0.2923076923076923,0.6076923076923076,0.11538461538461539,0.4307692307692308,0.2230769230769231,0.46153846153846156,0.11538461538461539,0.7461538461538462,-0.5384615384615384,0.36923076923076925,-0.023076923076923078,0.26153846153846155,0.1,0.34615384615384615,-0.038461538461538464,0.43846153846153846,-0.6538461538461539,0.12307692307692308,-0.14615384615384616,0.06923076923076923,-0.015384615384615385,0.16153846153846155,-0.13846153846153847,0.14615384615384616,-0.7,-0.07692307692307693,-0.2923076923076923,-0.1,-0.15384615384615385,-0.015384615384615385,-0.2230769230769231
1,0.0,0.0,0.224,0.24,0.448,0.376,0.416,0.296,0.192,0.104,1.0,-0.376,0.632,0.032,0.464,0.168,0.496,0.056,0.736,-0.632,0.376,-0.12,0.272,0.04,0.36,-0.096,0.416,-0.736,0.104,-0.224,0.064,-0.072,0.168,-0.192,0.112,-0.768,-0.104,-0.368,-0.12,-0.216,-0.016,-0.28
1,0.0,0.0,0.24545454545454545,0.22727272727272727,0.5181818181818182,0.34545454545454546,0.36363636363636365,0.18181818181818182,0.03636363636363636,-0.02727272727272727,1.0,-0.5818181818181818,0.6363636363636364,-0.1,0.4727272727272727,0.08181818181818182,0.4909090909090909,-0.02727272727272727,0.6909090909090909,-0.8363636363636363,0.32727272727272727,-0.2636363636363636,0.22727272727272727,-0.05454545454545454,0.3090909090909091,-0.18181818181818182,0.33636363636363636,-0.9272727272727272,0.00909090909090909,-0.35454545454545455,-0.01818181818181818,-0.13636363636363635,0.08181818181818182,-0.2545454545454545,-0.00909090909090909,-0.9454545454545454,-0.22727272727272727,-0.4909090909090909,-0.22727272727272727,-0.2636363636363636,-0.10909090909090909,-0.3090909090909091
1,0.0,0.0,0.24545454545454545,0.21818181818181817,0.5363636363636364,0.3,0.34545454545454546,0.1,0.00909090909090909,-0.12727272727272726,0.9,-0.6090909090909091,0.5727272727272728,-0.18181818181818182,0.43636363636363634,0.01818181818181818,0.4636363636363636,-0.045454545454545456,0.6,-0.8909090909090909,0.21818181818181817,-0.33636363636363636,0.16363636363636364,-0.08181818181818182,0.2727272727272727,-0.16363636363636364,0.2545454545454545,-0.990909090909091,-0.1,-0.41818181818181815,-0.1,-0.14545454545454545,0.01818181818181818,-0.19090909090909092,-0.07272727272727272,-1.0,-0.3090909090909091,-0.5363636363636364,-0.2909090909090909,-0.2818181818181818,-0.17272727272727273,-0.2636363636363636
1,0.0,0.0,0.24545454545454545,0.20909090909090908,0.5181818181818182,0.2727272727272727,0.2636363636363636,0.07272727272727272,-0.10909090909090909,-0.14545454545454545,0.8272727272727273,-0.6363636363636364,0.5,-0.21818181818181817,0.38181818181818183,-0.00909090909090909,0.4090909090909091,-0.07272727272727272,0.5,-0.9181818181818182,0.10909090909090909,-0.34545454545454546,0.07272727272727272,-0.09090909090909091,0.18181818181818182,-0.15454545454545454,0.16363636363636364,-1.0,-0.2,-0.4090909090909091,-0.18181818181818182,-0.14545454545454545,-0.06363636363636363,-0.17272727272727273,-0.15454545454545454,-0.990909090909091,-0.39090909090909093,-0.5181818181818182,-0.35454545454545455,-0.2545454545454545,-0.23636363636363636,-0.22727272727272727
1,0.0,0.0,0.26548672566371684,0.18584070796460178,0.5132743362831859,0.19469026548672566,0.23008849557522124,-0.017699115044247787,-0.13274336283185842,-0.24778761061946902,0.7699115044247787,-0.7079646017699115,0.4424778761061947,-0.336283185840708,0.34513274336283184,-0.08849557522123894,0.3805309734513274,-0.10619469026548672,0.45132743362831856,-0.9469026548672567,0.05309734513274336,-0.4247787610619469,0.035398230088495575,-0.13274336283185842,0.1592920353982301,-0.17699115044247787,0.11504424778761062,-1.0,-0.24778761061946902,-0.45132743362831856,-0.21238938053097345,-0.17699115044247787,-0.08849557522123894,-0.20353982300884957,-0.19469026548672566,-0.9646017699115044,-0.415929203539823,-0.5309734513274337,-0.36283185840707965,-0.2920353982300885,-0.24778761061946902,-0.2920353982300885
1,0.0,0.0,0.2542372881355932,0.13559322033898305,0.4745762711864407,0.0847457627118644,0.13559322033898305,-0.11864406779661017,-0.2457627118644068,-0.3050847457627119,0.6186440677966102,-0.7711864406779662,0.3305084745762712,-0.4322033898305085,0.3050847457627119,-0.17796610169491525,0.3898305084745763,-0.19491525423728814,0.3050847457627119,-0.9745762711864406,-0.03389830508474576,-0.4830508474576271,0.0,-0.22033898305084745,0.1271186440677966,-0.2966101694915254,-0.01694915254237288,-1.0,-0.3135593220338983,-0.5,-0.2457627118644068,-0.2457627118644068,-0.1271186440677966,-0.3135593220338983,-0.2966101694915254,-0.9491525423728814,-0.4830508474576271,-0.559322033898305,-0.4152542372881356,-0.3644067796610169,-0.3220338983050847,-0.4152542372881356
1,0.0,0.0,0.22764227642276422,0.08943089430894309,0.3983739837398374,0.0,0.08130081300813008,-0.18699186991869918,-0.2764227642276423,-0.36585365853658536,0.5365853658536586,-0.8373983739837398,0.23577235772357724,-0.5365853658536586,0.23577235772357724,-0.2926829268292683,0.3333333333333333,-0.3089430894308943,0.22764227642276422,-1.0,-0.11382113821138211,-0.5528455284552846,-0.04878048780487805,-0.2926829268292683,0.07317073170731707,-0.34959349593495936,-0.07317073170731707,-1.0,-0.36585365853658536,-0.5447154471544715,-0.2845528455284553,-0.3089430894308943,-0.17886178861788618,-0.37398373983739835,-0.3333333333333333,-0.926829268292683,-0.5203252032520326,-0.5853658536585366,-0.43902439024390244,-0.3983739837398374,-0.3333333333333333,-0.44715447154471544
1,0.0,0.0,0.2047244094488189,0.06299212598425197,0.3464566929133858,-0.06299212598425197,-0.007874015748031496,-0.2440944881889764,-0.36220472440944884,-0.3858267716535433,0.4251968503937008,-0.8661417322834646,0.13385826771653545,-0.6062992125984252,0.15748031496062992,-0.3464566929133858,0.25984251968503935,-0.3464566929133858,0.12598425196850394,-1.0,-0.1968503937007874,-0.5826771653543307,-0.11811023622047244,-0.3228346456692913,0.0,-0.3700787401574803,-0.15748031496062992,-0.9763779527559056,-0.4330708661417323,-0.5590551181102362,-0.33858267716535434,-0.33070866141732286,-0.23622047244094488,-0.3858267716535433,-0.3937007874015748,-0.889763779527559,-0.5748031496062992,-0.5748031496062992,-0.48031496062992124,-0.3937007874015748,-0.3858267716535433,-0.44881889763779526
1,0.0,0.0,0.20300751879699247,0.015037593984962405,0.3157894736842105,-0.16541353383458646,-0.03759398496240601,-0.3233082706766917,-0.39849624060150374,-0.41353383458646614,0.3308270676691729,-0.9172932330827067,0.045112781954887216,-0.6691729323308271,0.10526315789473684,-0.41353383458646614,0.21804511278195488,-0.42857142857142855,0.03007518796992481,-1.0,-0.24812030075187969,-0.6240601503759399,-0.13533834586466165,-0.38345864661654133,-0.007518796992481203,-0.43609022556390975,-0.23308270676691728,-0.9398496240601504,-0.45864661654135336,-0.5714285714285714,-0.3458646616541353,-0.3533834586466165,-0.24812030075187969,-0.42857142857142855,-0.45112781954887216,-0.8345864661654135,-0.6015037593984962,-0.5413533834586466,-0.48872180451127817,-0.38345864661654133,-0.39097744360902253,-0.44360902255639095
1,0.0,0.0,0.17391304347826086,-0.043478260869565216,0.2028985507246377,-0.2826086956521739,-0.18115942028985507,-0.39855072463768115,-0.5289855072463768,-0.45652173913043476,0.15217391304347827,-0.9637681159420289,-0.12318840579710146,-0.7536231884057971,-0.014492753623188406,-0.5072463768115942,0.10144927536231885,-0.5144927536231884,-0.13768115942028986,-1.0,-0.391304347826087,-0.6811594202898551,-0.2246376811594203,-0.4492753623188406,-0.09420289855072464,-0.5,-0.37681159420289856,-0.9057971014492754,-0.5797101449275363,-0.5869565217391305,-0.41304347826086957,-0.37681159420289856,-0.3115942028985507,-0.4420289855072464,-0.572463768115942,-0.7681159420289855,-0.7028985507246377,-0.5144927536231884,-0.5507246376811594,-0.36231884057971014,-0.45652173913043476,-0.42028985507246375
1,0.0,0.0,0.15942028985507245,-0.10869565217391304,0.13768115942028986,-0.37681159420289856,-0.2246376811594203,-0.5,-0.5507246376811594,-0.5144927536231884,0.10144927536231885,-0.9855072463768116,-0.13768115942028986,-0.8188405797101449,-0.014492753623188406,-0.5869565217391305,0.10144927536231885,-0.5942028985507246,-0.16666666666666666,-1.0,-0.37681159420289856,-0.7536231884057971,-0.21014492753623187,-0.5289855072463768,-0.10144927536231885,-0.5942028985507246,-0.391304347826087,-0.8985507246376812,-0.5579710144927537,-0.6521739130434783,-0.39855072463768115,-0.45652173913043476,-0.3188405797101449,-0.5362318840579711,-0.5869565217391305,-0.7536231884057971,-0.6739130434782609,-0.572463768115942,-0.5579710144927537,-0.43478260869565216,-0.5,-0.4927536231884058
1,0.0,0.0,0.15671641791044777,-0.1417910447761194,0.1044776119402985,-0.40298507462686567,-0.2537313432835821,-0.5,-0.5895522388059702,-0.48507462686567165,0.05223880597014925,-1.0,-0.1791044776119403,-0.8432835820895522,-0.05970149253731343,-0.582089552238806,0.05223880597014925,-0.5895522388059702,-0.22388059701492538,-0.9850746268656716,-0.44029850746268656,-0.746268656716418,-0.26119402985074625,-0.4925373134328358,-0.15671641791044777,-0.5522388059701493,-0.4552238805970149,-0.8656716417910447,-0.6119402985074627,-0.6119402985074627,-0.43283582089552236,-0.39552238805970147,-0.35074626865671643,-0.4925373134328358,-0.6492537313432836,-0.7164179104477612,-0.7388059701492538,-0.5223880597014925,-0.5970149253731343,-0.3880597014925373,-0.5223880597014925,-0.4552238805970149
1,0.0,0.0,0.15671641791044777,-0.1865671641791045,0.08955223880597014,-0.4552238805970149,-0.27611940298507465,-0.5298507462686567,-0.5970149253731343,-0.4925373134328358,0.007462686567164179,-1.0,-0.1865671641791045,-0.8955223880597015,-0.07462686567164178,-0.6417910447761194,0.014925373134328358,-0.6194029850746269,-0.26865671641791045,-0.9626865671641791,-0.44029850746268656,-0.7686567164179104,-0.2835820895522388,-0.5223880597014925,-0.20149253731343283,-0.5597014925373134,-0.4925373134328358,-0.8283582089552238,-0.6044776119402985,-0.6194029850746269,-0.44776119402985076,-0.417910447761194,-0.3805970149253731,-0.4925373134328358,-0.6716417910447762,-0.6716417910447762,-0.7313432835820896,-0.5074626865671642,-0.6194029850746269,-0.3805970149253731,-0.5671641791044776,-0.43283582089552236
1,0.0,0.0,0.16279069767441862,-0.1937984496124031,0.06976744186046512,-0.49612403100775193,-0.32558139534883723,-0.5658914728682171,-0.6589147286821705,-0.5038759689922481,-0.031007751937984496,-1.0,-0.2713178294573643,-0.9457364341085271,-0.13953488372093023,-0.6744186046511628,-0.023255813953488372,-0.6666666666666666,-0.29457364341085274,-0.9302325581395349,-0.5038759689922481,-0.8217054263565892,-0.32558139534883723,-0.5426356589147286,-0.24031007751937986,-0.5813953488372093,-0.5193798449612403,-0.7829457364341085,-0.6666666666666666,-0.6511627906976745,-0.4883720930232558,-0.4186046511627907,-0.40310077519379844,-0.49612403100775193,-0.6976744186046512,-0.627906976744186,-0.7829457364341085,-0.5271317829457365,-0.6511627906976745,-0.3953488372093023,-0.5813953488372093,-0.4496124031007752
1,0.0,0.0,0.1532258064516129,-0.20161290322580644,0.008064516129032258,-0.4838709677419355,-0.3387096774193548,-0.532258064516129,-0.6854838709677419,-0.4112903225806452,-0.08064516129032258,-1.0,-0.3064516129032258,-0.9193548387096774,-0.16129032258064516,-0.6532258064516129,-0.06451612903225806,-0.6612903225806451,-0.31451612903225806,-0.8467741935483871,-0.5241935483870968,-0.7983870967741935,-0.3467741935483871,-0.5080645161290323,-0.25806451612903225,-0.5403225806451613,-0.5403225806451613,-0.6693548387096774,-0.6774193548387096,-0.5967741935483871,-0.49193548387096775,-0.3790322580645161,-0.4435483870967742,-0.4838709677419355,-0.7419354838709677,-0.5403225806451613,-0.7903225806451613,-0.46774193548387094,-0.6612903225806451,-0.33064516129032256,-0.6290322580645161,-0.3951612903225806
1,0.0,0.0,0.13333333333333333,-0.20833333333333334,-0.016666666666666666,-0.5166666666666667,-0.375,-0.5833333333333334,-0.7333333333333333,-0.48333333333333334,-0.11666666666666667,-1.0,-0.4166666666666667,-0.9416666666666667,-0.23333333333333334,-0.6833333333333333,-0.09166666666666666,-0.7166666666666667,-0.35,-0.8583333333333333,-0.6166666666666667,-0.8166666666666667,-0.39166666666666666,-0.5333333333333333,-0.2916666666666667,-0.5666666666666667,-0.5666666666666667,-0.6916666666666667,-0.75,-0.6166666666666667,-0.5333333333333333,-0.39166666666666666,-0.45,-0.48333333333333334,-0.7666666666666667,-0.5416666666666666,-0.85,-0.48333333333333334,-0.7,-0.35833333333333334,-0.6416666666666667,-0.4083333333333333
1,0.0,0.0,0.10569105691056911,-0.22764227642276422,-0.06504065040650407,-0.5691056910569106,-0.43902439024390244,-0.6422764227642277,-0.7804878048780488,-0.5121951219512195,-0.21951219512195122,-1.0,-0.5447154471544715,-0.9349593495934959,-0.34146341463414637,-0.6829268292682927,-0.21951219512195122,-0.6747967479674797,-0.43089430894308944,-0.8455284552845529,-0.7235772357723578,-0.7642276422764228,-0.4634146341463415,-0.5121951219512195,-0.36585365853658536,-0.5609756097560976,-0.6178861788617886,-0.6585365853658537,-0.8211382113821138,-0.5772357723577236,-0.5691056910569106,-0.3902439024390244,-0.4878048780487805,-0.4796747967479675,-0.7967479674796748,-0.4878048780487805,-0.8780487804878049,-0.43902439024390244,-0.7235772357723578,-0.34146341463414637,-0.6666666666666666,-0.3902439024390244
1,0.0,0.0,0.08870967741935484,-0.25,-0.0967741935483871,-0.5967741935483871,-0.4838709677419355,-0.6693548387096774,-0.8145161290322581,-0.5564516129032258,-0.28225806451612906,-1.0,-0.5725806451612904,-0.9354838709677419,-0.3709677419354839,-0.6935483870967742,-0.25806451612903225,-0.6935483870967742,-0.4838709677419355,-0.8467741935483871,-0.7580645161290323,-0.7741935483870968,-0.4838709677419355,-0.532258064516129,-0.3951612903225806,-0.5806451612903226,-0.6532258064516129,-0.6612903225806451,-0.8467741935483871,-0.5725806451612904,-0.5806451612903226,-0.3951612903225806,-0.5,-0.47580645161290325,-0.8064516129032258,-0.46774193548387094,-0.8790322580645161,-0.43548387096774194,-0.7096774193548387,-0.3387096774193548,-0.6612903225806451,-0.3870967741935484
1,0.0,0.0,0.07258064516129033,-0.25806451612903225,-0.13709677419354838,-0.6129032258064516,-0.5241935483870968,-0.6774193548387096,-0.8548387096774194,-0.5564516129032258,-0.3225806451612903,-1.0,-0.6370967741935484,-0.9274193548387096,-0.4112903225806452,-0.6935483870967742,-0.29838709677419356,-0.717741935483871,-0.49193548387096775,-0.8306451612903226,-0.7903225806451613,-0.7661290322580645,-0.5080645161290323,-0.532258064516129,-0.4274193548387097,-0.5967741935483871,-0.6612903225806451,-0.6290322580645161,-0.8629032258064516,-0.5645161290322581,-0.5806451612903226,-0.3951612903225806,-0.5080645161290323,-0.5,-0.8064516129032258,-0.45161290322580644,-0.8790322580645161,-0.41935483870967744,-0.7016129032258065,-0.3225806451612903,-0.6451612903225806,-0.3870967741935484
1,0.0,0.0,0.056451612903225805,-0.27419354838709675,-0.1693548387096774,-0.6370967741935484,-0.5645161290322581,-0.6854838709677419,-0.8790322580645161,-0.5806451612903226,-0.3709677419354839,-1.0,-0.6774193548387096,-0.9354838709677419,-0.45161290322580644,-0.7096774193548387,-0.3548387096774194,-0.7258064516129032,-0.5403225806451613,-0.8145161290322581,-0.8306451612903226,-0.7661290322580645,-0.532258064516129,-0.5483870967741935,-0.4596774193548387,-0.6048387096774194,-0.6854838709677419,-0.6209677419354839,-0.8951612903225806,-0.5564516129032258,-0.6048387096774194,-0.3870967741935484,-0.532258064516129,-0.4838709677419355,-0.8145161290322581,-0.4274193548387097,-0.9032258064516129,-0.3951612903225806,-0.7016129032258065,-0.3064516129032258,-0.6612903225806451,-0.3629032258064516
1,0.0,0.0,0.04132231404958678,-0.2975206611570248,-0.2066115702479339,-0.6611570247933884,-0.6033057851239669,-0.7107438016528925,-0.9173553719008265,-0.5867768595041323,-0.4380165289256198,-1.0,-0.7520661157024794,-0.9504132231404959,-0.5206611570247934,-0.7272727272727273,-0.4214876033057851,-0.743801652892562,-0.6033057851239669,-0.8099173553719008,-0.8925619834710744,-0.768595041322314,-0.5785123966942148,-0.5619834710743802,-0.5041322314049587,-0.6115702479338843,-0.7355371900826446,-0.5950413223140496,-0.9421487603305785,-0.5371900826446281,-0.6363636363636364,-0.3884297520661157,-0.5702479338842975,-0.4793388429752066,-0.8429752066115702,-0.3884297520661157,-0.9338842975206612,-0.371900826446281,-0.7272727272727273,-0.2892561983471074,-0.6859504132231405,-0.33884297520661155
1,0.0,0.0,0.01680672268907563,-0.31092436974789917,-0.24369747899159663,-0.6890756302521008,-0.6386554621848739,-0.7394957983193278,-0.9495798319327731,-0.6134453781512605,-0.4957983193277311,-0.9747899159663865,-0.7899159663865546,-0.957983193277311,-0.5462184873949579,-0.7478991596638656,-0.453781512605042,-0.7563025210084033,-0.6638655462184874,-0.7899159663865546,-0.9327731092436975,-0.7647058823529411,-0.6134453781512605,-0.5714285714285714,-0.5378151260504201,-0.6218487394957983,-0.7899159663865546,-0.5714285714285714,-1.0,-0.5210084033613446,-0.6722689075630253,-0.3865546218487395,-0.6050420168067226,-0.46218487394957986,-0.8823529411764706,-0.36134453781512604,-0.9831932773109243,-0.35294117647058826,-0.7647058823529411,-0.2773109243697479,-0.7226890756302521,-0.31092436974789917
1,0.0,0.0,-0.008264462809917356,-0.30578512396694213,-0.2727272727272727,-0.6611570247933884,-0.6528925619834711,-0.71900826446281,-0.9504132231404959,-0.5950413223140496,-0.5206611570247934,-0.9338842975206612,-0.8099173553719008,-0.9256198347107438,-0.5785123966942148,-0.7355371900826446,-0.47107438016528924,-0.743801652892562,-0.6776859504132231,-0.743801652892562,-0.9504132231404959,-0.7355371900826446,-0.6363636363636364,-0.5619834710743802,-0.5619834710743802,-0.5950413223140496,-0.7933884297520661,-0.5371900826446281,-1.0,-0.48760330578512395,-0.6859504132231405,-0.371900826446281,-0.6115702479338843,-0.4297520661157025,-0.8760330578512396,-0.32231404958677684,-0.9752066115702479,-0.32231404958677684,-0.768595041322314,-0.256198347107438,-0.71900826446281,-0.2809917355371901
1,0.0,0.0,-0.01639344262295082,-0.3114754098360656,-0.28688524590163933,-0.6639344262295082,-0.6639344262295082,-0.7131147540983607,-0.9508196721311475,-0.5901639344262295,-0.5327868852459017,-0.9016393442622951,-0.8278688524590164,-0.9098360655737705,-0.5901639344262295,-0.7213114754098361,-0.48360655737704916,-0.7213114754098361,-0.680327868852459,-0.7131147540983607,-0.9508196721311475,-0.7295081967213115,-0.639344262295082,-0.5491803278688525,-0.5655737704918032,-0.5819672131147541,-0.7868852459016393,-0.5081967213114754,-1.0,-0.47540983606557374,-0.680327868852459,-0.36065573770491804,-0.6065573770491803,-0.4098360655737705,-0.8688524590163934,-0.29508196721311475,-0.9836065573770492,-0.3114754098360656,-0.7704918032786885,-0.2459016393442623,-0.7131147540983607,-0.2540983606557377
1,0.0,0.0,-0.048,-0.312,-0.32,-0.648,-0.68,-0.688,-0.96,-0.56,-0.56,-0.864,-0.848,-0.872,-0.616,-0.688,-0.512,-0.68,-0.688,-0.672,-0.952,-0.68,-0.648,-0.512,-0.576,-0.544,-0.792,-0.464,-1.0,-0.44,-0.688,-0.32,-0.616,-0.376,-0.864,-0.256,-0.992,-0.272,-0.776,-0.2,-0.72,-0.208
1,0.0,0.0,-0.06299212598425197,-0.30708661417322836,-0.3464566929133858,-0.6220472440944882,-0.7007874015748031,-0.6614173228346457,-0.9606299212598425,-0.5275590551181102,-0.5826771653543307,-0.8188976377952756,-0.8661417322834646,-0.8346456692913385,-0.6299212598425197,-0.6614173228346457,-0.5275590551181102,-0.6535433070866141,-0.7007874015748031,-0.6377952755905512,-0.9606299212598425,-0.6535433070866141,-0.6535433070866141,-0.49606299212598426,-0.5826771653543307,-0.5196850393700787,-0.7874015748031497,-0.4251968503937008,-1.0,-0.4094488188976378,-0.6850393700787402,-0.30708661417322836,-0.6141732283464567,-0.3543307086614173,-0.8503937007874016,-0.2125984251968504,-0.968503937007874,-0.2440944881889764,-0.7559055118110236,-0.1732283464566929,-0.6929133858267716,-0.1889763779527559
1,0.0,0.0,-0.078125,-0.3203125,-0.375,-0.6328125,-0.7265625,-0.640625,-0.96875,-0.484375,-0.625,-0.75,-0.8984375,-0.8046875,-0.65625,-0.6328125,-0.5546875,-0.6171875,-0.71875,-0.5546875,-0.9765625,-0.6015625,-0.65625,-0.453125,-0.59375,-0.4765625,-0.7890625,-0.3515625,-1.0,-0.34375,-0.6796875,-0.2578125,-0.609375,-0.3046875,-0.84375,-0.140625,-0.9765625,-0.1796875,-0.7578125,-0.125,-0.6875,-0.125
1,0.0,0.0,-0.1076923076923077,-0.3153846153846154,-0.4,-0.6076923076923076,-0.7461538461538462,-0.6,-0.9615384615384616,-0.43846153846153846,-0.676923076923077,-0.6384615384615384,-0.9307692307692308,-0.7153846153846154,-0.6846153846153846,-0.5846153846153846,-0.6,-0.5615384615384615,-0.7538461538461538,-0.43846153846153846,-0.9923076923076923,-0.5,-0.676923076923077,-0.4,-0.6384615384615384,-0.4076923076923077,-0.8,-0.23846153846153847,-1.0,-0.26153846153846155,-0.676923076923077,-0.2076923076923077,-0.6230769230769231,-0.2230769230769231,-0.8307692307692308,-0.023076923076923078,-0.9769230769230769,-0.08461538461538462,-0.7538461538461538,-0.06153846153846154,-0.6846153846153846,-0.038461538461538464
1,0.0,0.0,-0.15328467153284672,-0.32116788321167883,-0.46715328467153283,-0.5693430656934306,-0.8029197080291971,-0.5255474452554745,-0.9854014598540146,-0.35036496350364965,-0.7153284671532847,-0.48905109489051096,-0.9416058394160584,-0.5693430656934306,-0.6861313868613139,-0.5036496350364964,-0.6058394160583942,-0.4744525547445255,-0.7664233576642335,-0.29927007299270075,-0.9927007299270073,-0.3722627737226277,-0.6715328467153284,-0.3357664233576642,-0.6277372262773723,-0.29927007299270075,-0.781021897810219,-0.10948905109489052,-1.0,-0.17518248175182483,-0.6861313868613139,-0.17518248175182483,-0.6058394160583942,-0.1386861313868613,-0.781021897810219,0.10948905109489052,-0.9562043795620438,0.0072992700729927005,-0.7445255474452555,-0.021897810218978103,-0.656934306569343,0.021897810218978103
1,0.0,0.0,-0.23404255319148937,-0.2978723404255319,-0.5602836879432624,-0.46808510638297873,-0.8652482269503546,-0.41843971631205673,-0.9858156028368794,-0.2127659574468085,-0.7659574468085106,-0.3049645390070922,-0.9716312056737588,-0.375886524822695,-0.7446808510638298,-0.375886524822695,-0.6595744680851063,-0.3333333333333333,-0.7801418439716312,-0.1276595744680851,-1.0,-0.19148936170212766,-0.7092198581560284,-0.20567375886524822,-0.6453900709219859,-0.16312056737588654,-0.7659574468085106,0.04964539007092199,-0.9929078014184397,-0.014184397163120567,-0.7092198581560284,-0.06382978723404255,-0.6170212765957447,-0.014184397163120567,-0.723404255319149,0.24822695035460993,-0.9148936170212766,0.14184397163120568,-0.7375886524822695,0.0851063829787234,-0.6382978723404256,0.1276595744680851
1,0.0,0.0,-0.2642857142857143,-0.2642857142857143,-0.6,-0.37857142857142856,-0.8928571428571429,-0.3,-0.9785714285714285,-0.07142857142857142,-0.7642857142857142,-0.14285714285714285,-0.9642857142857143,-0.22857142857142856,-0.7571428571428571,-0.2714285714285714,-0.6857142857142857,-0.20714285714285716,-0.7571428571428571,0.02142857142857143,-1.0,-0.05714285714285714,-0.7142857142857143,-0.12857142857142856,-0.6285714285714286,-0.05,-0.7214285714285714,0.18571428571428572,-0.9571428571428572,0.1,-0.6785714285714286,0.0,-0.5714285714285714,0.07857142857142857,-0.6571428571428571,0.37142857142857144,-0.8714285714285714,0.24285714285714285,-0.6928571428571428,0.15714285714285714,-0.5857142857142857,0.21428571428571427
1,0.0,0.0,-0.291970802919708,-0.24087591240875914,-0.6277372262773723,-0.29927007299270075,-0.9124087591240876,-0.19708029197080293,-0.9927007299270073,0.0364963503649635,-0.7445255474452555,-0.0364963503649635,-0.9708029197080292,-0.0948905109489051,-0.781021897810219,-0.18248175182481752,-0.6788321167883211,-0.13138686131386862,-0.7299270072992701,0.10948905109489052,-1.0,0.058394160583941604,-0.7299270072992701,-0.051094890510948905,-0.6131386861313869,0.021897810218978103,-0.6861313868613139,0.25547445255474455,-0.9562043795620438,0.19708029197080293,-0.6861313868613139,0.058394160583941604,-0.5474452554744526,0.13138686131386862,-0.6131386861313869,0.43795620437956206,-0.8467153284671532,0.32116788321167883,-0.6788321167883211,0.2116788321167883,-0.5547445255474452,0.27007299270072993
1,0.0,0.0,-0.3007518796992481,-0.24060150375939848,-0.6390977443609023,-0.3082706766917293,-0.924812030075188,-0.18796992481203006,-1.0,0.05263157894736842,-0.7669172932330827,-0.045112781954887216,-0.9849624060150376,-0.09774436090225563,-0.8045112781954887,-0.19548872180451127,-0.6992481203007519,-0.13533834586466165,-0.7368421052631579,0.12030075187969924,-1.0,0.06766917293233082,-0.7293233082706767,-0.06015037593984962,-0.6165413533834586,0.022556390977443608,-0.6917293233082706,0.2706766917293233,-0.9473684210526315,0.21052631578947367,-0.6766917293233082,0.06766917293233082,-0.5413533834586466,0.15037593984962405,-0.6015037593984962,0.45864661654135336,-0.8421052631578947,0.3383458646616541,-0.6691729323308271,0.21804511278195488,-0.5413533834586466,0.2781954887218045
1,0.0,0.0,-0.2857142857142857,-0.23308270676691728,-0.6390977443609023,-0.2932330827067669,-0.924812030075188,-0.18796992481203006,-1.0,0.045112781954887216,-0.7744360902255639,-0.015037593984962405,-0.9774436090225563,-0.09022556390977443,-0.7894736842105263,-0.17293233082706766,-0.6992481203007519,-0.10526315789473684,-0.7443609022556391,0.13533834586466165,-1.0,0.06766917293233082,-0.7218045112781954,-0.06015037593984962,-0.6240601503759399,0.03759398496240601,-0.6917293233082706,0.2857142857142857,-0.9398496240601504,0.20300751879699247,-0.6541353383458647,0.05263157894736842,-0.5413533834586466,0.15789473684210525,-0.6015037593984962,0.45864661654135336,-0.8270676691729323,0.3157894736842105,-0.6466165413533834,0.20300751879699247,-0.5338345864661654,0.2857142857142857
1,0.0,0.0,-0.2518518518518518,-0.2222222222222222,-0.6,-0.3111111111111111,-0.8888888888888888,-0.24444444444444444,-0.9777777777777777,-0.02962962962962963,-0.8,-0.014814814814814815,-1.0,-0.11851851851851852,-0.7777777777777778,-0.1925925925925926,-0.7037037037037037,-0.1037037037037037,-0.7777777777777778,0.14074074074074075,-0.9851851851851852,0.02962962962962963,-0.7037037037037037,-0.08148148148148149,-0.6296296296296297,0.014814814814814815,-0.7111111111111111,0.28888888888888886,-0.9185185185185185,0.16296296296296298,-0.6370370370370371,0.02962962962962963,-0.5481481481481482,0.13333333333333333,-0.6148148148148148,0.43703703703703706,-0.8074074074074075,0.26666666666666666,-0.6222222222222222,0.15555555555555556,-0.5185185185185185,0.24444444444444444
1,0.0,0.0,-0.2318840579710145,-0.2318840579710145,-0.572463768115942,-0.34782608695652173,-0.8623188405797102,-0.2971014492753623,-0.9565217391304348,-0.09420289855072464,-0.8478260869565217,-0.043478260869565216,-1.0,-0.2028985507246377,-0.7681159420289855,-0.2391304347826087,-0.6956521739130435,-0.13768115942028986,-0.8188405797101449,0.13043478260869565,-0.9855072463768116,-0.043478260869565216,-0.6956521739130435,-0.12318840579710146,-0.6594202898550725,-0.021739130434782608,-0.7463768115942029,0.2753623188405797,-0.8840579710144928,0.08695652173913043,-0.6086956521739131,-0.021739130434782608,-0.5507246376811594,0.07971014492753623,-0.6376811594202898,0.4057971014492754,-0.7753623188405797,0.1956521739130435,-0.5869565217391305,0.10144927536231885,-0.5144927536231884,0.1956521739130435
1,0.0,0.0,-0.21428571428571427,-0.2571428571428571,-0.5357142857142857,-0.42857142857142855,-0.7857142857142857,-0.42857142857142855,-0.85,-0.24285714285714285,-0.9357142857142857,-0.02142857142857143,-1.0,-0.2785714285714286,-0.7428571428571429,-0.32142857142857145,-0.6785714285714286,-0.22142857142857142,-0.9071428571428571,0.15,-0.9285714285714286,-0.15,-0.6571428571428571,-0.21428571428571427,-0.6285714285714286,-0.12857142857142856,-0.8071428571428572,0.2714285714285714,-0.8142857142857143,-0.03571428571428571,-0.5642857142857143,-0.11428571428571428,-0.5214285714285715,-0.02857142857142857,-0.6714285714285714,0.35,-0.7,0.07142857142857142,-0.5285714285714286,0.0,-0.4714285714285714,0.07857142857142857
1,0.0,0.0,-0.21323529411764705,-0.3014705882352941,-0.49264705882352944,-0.5147058823529411,-0.7205882352941176,-0.5588235294117647,-0.7573529411764706,-0.3602941176470588,-1.0,-0.08088235294117647,-0.9926470588235294,-0.40441176470588236,-0.7352941176470589,-0.4117647058823529,-0.6985294117647058,-0.3088235294117647,-0.9632352941176471,0.08823529411764706,-0.8970588235294118,-0.29411764705882354,-0.625,-0.3088235294117647,-0.625,-0.21323529411764705,-0.8455882352941176,0.21323529411764705,-0.7426470588235294,-0.16176470588235295,-0.5147058823529411,-0.19117647058823528,-0.5147058823529411,-0.10294117647058823,-0.6985294117647058,0.27941176470588236,-0.6176470588235294,-0.03676470588235294,-0.45588235294117646,-0.0661764705882353,-0.4411764705882353,0.029411764705882353
1,0.0,0.0,-0.16417910447761194,-0.3283582089552239,-0.417910447761194,-0.5746268656716418,-0.6044776119402985,-0.6492537313432836,-0.582089552238806,-0.44776119402985076,-1.0,-0.17164179104477612,-0.8955223880597015,-0.4925373134328358,-0.6567164179104478,-0.47761194029850745,-0.6417910447761194,-0.3805970149253731,-0.9552238805970149,0.014925373134328358,-0.7761194029850746,-0.373134328358209,-0.5447761194029851,-0.3582089552238806,-0.5597014925373134,-0.26865671641791045,-0.8208955223880597,0.1417910447761194,-0.6268656716417911,-0.23880597014925373,-0.44029850746268656,-0.23880597014925373,-0.4701492537313433,-0.1417910447761194,-0.6417910447761194,0.22388059701492538,-0.47761194029850745,-0.1044776119402985,-0.34328358208955223,-0.09701492537313433,-0.3582089552238806,0.0
1,0.0,0.0,-0.16030534351145037,-0.3511450381679389,-0.3511450381679389,-0.6106870229007634,-0.48091603053435117,-0.732824427480916,-0.45038167938931295,-0.5725190839694656,-1.0,-0.26717557251908397,-0.7709923664122137,-0.5954198473282443,-0.5572519083969466,-0.549618320610687,-0.5648854961832062,-0.44274809160305345,-0.9389312977099237,-0.07633587786259542,-0.6259541984732825,-0.48091603053435117,-0.42748091603053434,-0.4198473282442748,-0.48091603053435117,-0.32061068702290074,-0.7862595419847328,0.06870229007633588,-0.4732824427480916,-0.33587786259541985,-0.3282442748091603,-0.2900763358778626,-0.3969465648854962,-0.19083969465648856,-0.5877862595419847,0.16030534351145037,-0.3282442748091603,-0.17557251908396945,-0.2366412213740458,-0.15267175572519084,-0.2900763358778626,-0.061068702290076333
1,0.0,0.0,-0.12096774193548387,-0.3790322580645161,-0.24193548387096775,-0.6693548387096774,-0.3387096774193548,-0.8306451612903226,-0.31451612903225806,-0.6774193548387096,-1.0,-0.3870967741935484,-0.6451612903225806,-0.7338709677419355,-0.45161290322580644,-0.6612903225806451,-0.49193548387096775,-0.5403225806451613,-0.9193548387096774,-0.16129032258064516,-0.4838709677419355,-0.5967741935483871,-0.3225806451612903,-0.5080645161290323,-0.4112903225806452,-0.4112903225806452,-0.7338709677419355,0.008064516129032258,-0.31451612903225806,-0.4032258064516129,-0.22580645161290322,-0.3387096774193548,-0.3225806451612903,-0.24193548387096775,-0.5,0.12903225806451613,-0.1774193548387097,-0.20161290322580644,-0.13709677419354838,-0.18548387096774194,-0.21774193548387097,-0.10483870967741936
1,0.0,0.0,-0.11764705882352941,-0.4215686274509804,-0.17647058823529413,-0.7745098039215687,-0.12745098039215685,-0.9313725490196079,0.0,-0.7254901960784313,-1.0,-0.4215686274509804,-0.45098039215686275,-0.7941176470588235,-0.27450980392156865,-0.7450980392156863,-0.35294117647058826,-0.6372549019607843,-0.8725490196078431,-0.14705882352941177,-0.21568627450980393,-0.6274509803921569,-0.13725490196078433,-0.5686274509803921,-0.2647058823529412,-0.47058823529411764,-0.6372549019607843,0.0784313725490196,-0.0196078431372549,-0.4117647058823529,-0.0392156862745098,-0.35294117647058826,-0.22549019607843138,-0.24509803921568626,-0.3627450980392157,0.23529411764705882,0.08823529411764706,-0.17647058823529413,0.049019607843137254,-0.14705882352941177,-0.10784313725490197,-0.049019607843137254
1,0.0,0.0,0.0,-0.5119047619047619,0.08333333333333333,-0.9047619047619048,0.35714285714285715,-1.0,0.5952380952380952,-0.7261904761904762,-0.7380952380952381,-0.4880952380952381,0.03571428571428571,-0.8928571428571429,0.08333333333333333,-0.8214285714285714,-0.09523809523809523,-0.6785714285714286,-0.5952380952380952,-0.11904761904761904,0.2619047619047619,-0.6904761904761905,0.20238095238095238,-0.5833333333333334,-0.047619047619047616,-0.44047619047619047,-0.30952380952380953,0.16666666666666666,0.44047619047619047,-0.39285714285714285,0.3333333333333333,-0.32142857142857145,0.08333333333333333,-0.19047619047619047,0.0,0.36904761904761907,0.5595238095238095,-0.08333333333333333,0.4166666666666667,-0.07142857142857142,0.16666666666666666,0.03571428571428571
1,0.0,0.0,0.038461538461538464,-0.5641025641025641,0.20512820512820512,-0.9487179487179487,0.5384615384615384,-1.0,0.8076923076923077,-0.7051282051282052,-0.6794871794871795,-0.5128205128205128,0.24358974358974358,-0.8589743589743589,0.2948717948717949,-0.782051282051282,0.10256410256410256,-0.6410256410256411,-0.5128205128205128,-0.08974358974358974,0.46153846153846156,-0.6153846153846154,0.38461538461538464,-0.5512820512820513,0.10256410256410256,-0.4230769230769231,-0.23076923076923078,0.23076923076923078,0.6282051282051282,-0.2948717948717949,0.5128205128205128,-0.2692307692307692,0.24358974358974358,-0.16666666666666666,0.08974358974358974,0.46153846153846156,0.7051282051282052,0.02564102564102564,0.5512820512820513,-0.01282051282051282,0.3076923076923077,0.05128205128205128
1,0.0,0.0,0.0821917808219178,-0.6164383561643836,0.273972602739726,-1.0,0.6438356164383562,-0.9863013698630136,0.9178082191780822,-0.6301369863013698,-0.6986301369863014,-0.5342465753424658,0.2876712328767123,-0.8082191780821918,0.3424657534246575,-0.7671232876712328,0.1232876712328767,-0.6438356164383562,-0.5616438356164384,-0.0547945205479452,0.5205479452054794,-0.5068493150684932,0.4383561643835616,-0.5068493150684932,0.1232876712328767,-0.3835616438356164,-0.273972602739726,0.3150684931506849,0.6712328767123288,-0.1780821917808219,0.547945205479452,-0.2054794520547945,0.2465753424657534,-0.136986301369863,0.0273972602739726,0.5753424657534246,0.6986301369863014,0.136986301369863,0.5616438356164384,0.0684931506849315,0.2876712328767123,0.1095890410958904
1,0.0,0.0,0.15942028985507245,-0.5942028985507246,0.4057971014492754,-0.9855072463768116,0.7681159420289855,-0.7971014492753623,1.0,-0.36231884057971014,-0.6666666666666666,-0.4927536231884058,0.4057971014492754,-0.5797101449275363,0.43478260869565216,-0.6231884057971014,0.18840579710144928,-0.6231884057971014,-0.5652173913043478,0.07246376811594203,0.5942028985507246,-0.2463768115942029,0.5072463768115942,-0.36231884057971014,0.17391304347826086,-0.34782608695652173,-0.3188405797101449,0.4782608695652174,0.7101449275362319,0.08695652173913043,0.5797101449275363,-0.043478260869565216,0.2608695652173913,-0.057971014492753624,-0.043478260869565216,0.7681159420289855,0.6811594202898551,0.391304347826087,0.5652173913043478,0.2318840579710145,0.2898550724637681,0.17391304347826086
1,0.0,0.0,0.18571428571428572,-0.5571428571428572,0.4142857142857143,-0.8285714285714286,0.8142857142857143,-0.4142857142857143,1.0,0.1,-0.6714285714285714,-0.2571428571428571,0.38571428571428573,-0.21428571428571427,0.4857142857142857,-0.45714285714285713,0.2571428571428571,-0.5857142857142857,-0.6428571428571429,0.3,0.5,0.15714285714285714,0.5142857142857142,-0.15714285714285714,0.22857142857142856,-0.2571428571428571,-0.44285714285714284,0.7,0.5714285714285714,0.44285714285714284,0.5714285714285714,0.18571428571428572,0.3,0.11428571428571428,-0.2,0.9571428571428572,0.5285714285714286,0.6857142857142857,0.5285714285714286,0.45714285714285713,0.3142857142857143,0.38571428571428573
1,0.0,0.0,0.1794871794871795,-0.4358974358974359,0.358974358974359,-0.5,0.7692307692307693,-0.038461538461538464,1.0,0.46153846153846156,-0.48717948717948717,0.02564102564102564,0.3974358974358974,0.19230769230769232,0.47435897435897434,-0.08974358974358974,0.2564102564102564,-0.23076923076923078,-0.5256410256410257,0.46153846153846156,0.46153846153846156,0.5,0.47435897435897434,0.15384615384615385,0.23076923076923078,-0.01282051282051282,-0.41025641025641024,0.782051282051282,0.5,0.717948717948718,0.5,0.3974358974358974,0.24358974358974358,0.24358974358974358,-0.20512820512820512,0.9743589743589743,0.41025641025641024,0.8974358974358975,0.4358974358974359,0.6153846153846154,0.28205128205128205,0.48717948717948717
1,0.0,0.0,0.18947368421052632,-0.22105263157894736,0.3368421052631579,-0.10526315789473684,0.6421052631578947,0.3263157894736842,0.8315789473684211,0.7473684210526316,-0.42105263157894735,0.3157894736842105,0.2736842105263158,0.5684210526315789,0.3894736842105263,0.2736842105263158,0.22105263157894736,0.1368421052631579,-0.47368421052631576,0.6421052631578947,0.3473684210526316,0.7894736842105263,0.4105263157894737,0.43157894736842106,0.22105263157894736,0.28421052631578947,-0.3894736842105263,0.8631578947368421,0.35789473684210527,0.9157894736842105,0.42105263157894735,0.6210526315789474,0.24210526315789474,0.5052631578947369,-0.22105263157894736,1.0,0.29473684210526313,1.0,0.35789473684210527,0.7789473684210526,0.2631578947368421,0.6526315789473685
1,0.0,0.0,0.2621359223300971,-0.1650485436893204,0.4854368932038835,0.0970873786407767,0.7669902912621359,0.5242718446601942,0.8932038834951457,0.883495145631068,-0.2524271844660194,0.46601941747572817,0.42718446601941745,0.7475728155339806,0.5242718446601942,0.4368932038834951,0.3592233009708738,0.2815533980582524,-0.33980582524271846,0.7475728155339806,0.46601941747572817,0.8932038834951457,0.5242718446601942,0.5339805825242718,0.3106796116504854,0.39805825242718446,-0.27184466019417475,0.9223300970873787,0.44660194174757284,0.9611650485436893,0.5048543689320388,0.6699029126213593,0.3300970873786408,0.5436893203883495,-0.13592233009708737,1.0,0.36893203883495146,0.9805825242718447,0.42718446601941745,0.7766990291262136,0.3300970873786408,0.6504854368932039
1,0.0,0.0,0.36607142857142855,-0.03571428571428571,0.6339285714285714,0.24107142857142858,0.7857142857142857,0.6428571428571429,0.7589285714285714,1.0,-0.15178571428571427,0.45535714285714285,0.4375,0.8125,0.5357142857142857,0.5089285714285714,0.4017857142857143,0.36607142857142855,-0.24107142857142858,0.6964285714285714,0.4642857142857143,0.9285714285714286,0.5267857142857143,0.5982142857142857,0.33035714285714285,0.4642857142857143,-0.21428571428571427,0.8660714285714286,0.4107142857142857,0.9910714285714286,0.4732142857142857,0.6785714285714286,0.30357142857142855,0.5625,-0.13392857142857142,0.9732142857142857,0.3125,0.9910714285714286,0.38392857142857145,0.7678571428571429,0.26785714285714285,0.625
1,0.0,0.0,0.2857142857142857,0.06015037593984962,0.43609022556390975,0.39097744360902253,0.5037593984962406,0.706766917293233,0.46616541353383456,1.0,-0.24060150375939848,0.5037593984962406,0.18045112781954886,0.8195488721804511,0.3007518796992481,0.5864661654135338,0.21804511278195488,0.47368421052631576,-0.3157894736842105,0.631578947368421,0.18045112781954886,0.8947368421052632,0.2932330827067669,0.631578947368421,0.16541353383458646,0.518796992481203,-0.3007518796992481,0.7368421052631579,0.15789473684210525,0.8872180451127819,0.24812030075187969,0.6390977443609023,0.10526315789473684,0.556390977443609,-0.2631578947368421,0.8120300751879699,0.06766917293233082,0.8646616541353384,0.13533834586466165,0.6842105263157895,0.06015037593984962,0.5714285714285714
1,0.0,0.0,0.23448275862068965,0.12413793103448276,0.32413793103448274,0.45517241379310347,0.36551724137931035,0.7586206896551724,0.31724137931034485,1.0,-0.3103448275862069,0.5724137931034483,0.06896551724137931,0.896551724137931,0.19310344827586207,0.6827586206896552,0.12413793103448276,0.5517241379310345,-0.3793103448275862,0.6482758620689655,0.04827586206896552,0.9310344827586207,0.1724137931034483,0.7172413793103448,0.08275862068965517,0.593103448275862,-0.36551724137931035,0.7034482758620689,0.034482758620689655,0.9103448275862069,0.1310344827586207,0.7103448275862069,0.027586206896551724,0.6137931034482759,-0.32413793103448274,0.7517241379310344,-0.041379310344827586,0.8551724137931035,0.034482758620689655,0.7103448275862069,-0.020689655172413793,0.6
1,0.0,0.0,0.16993464052287582,0.16993464052287582,0.21568627450980393,0.5163398692810458,0.24836601307189543,0.7973856209150327,0.1568627450980392,1.0,-0.35294117647058826,0.6013071895424836,-0.032679738562091505,0.8954248366013072,0.09803921568627451,0.7058823529411765,0.026143790849673203,0.5882352941176471,-0.40522875816993464,0.6274509803921569,-0.05228758169934641,0.9084967320261438,0.06535947712418301,0.7189542483660131,-0.0196078431372549,0.6078431372549019,-0.3790849673202614,0.6601307189542484,-0.06535947712418301,0.8758169934640523,0.032679738562091505,0.6928104575163399,-0.06535947712418301,0.6013071895424836,-0.33986928104575165,0.6862745098039216,-0.12418300653594772,0.7973856209150327,-0.058823529411764705,0.673202614379085,-0.09803921568627451,0.5686274509803921
1,0.0,0.0,0.13157894736842105,0.21052631578947367,0.16447368421052633,0.5592105263157895,0.17763157894736842,0.8223684210526315,0.09210526315789473,1.0,-0.4144736842105263,0.625,-0.09868421052631579,0.9144736842105263,0.039473684210526314,0.756578947368421,-0.013157894736842105,0.6513157894736842,-0.4407894736842105,0.625,-0.1118421052631579,0.9276315789473685,0.006578947368421052,0.7631578947368421,-0.046052631578947366,0.6447368421052632,-0.40131578947368424,0.6447368421052632,-0.1118421052631579,0.881578947368421,-0.006578947368421052,0.7368421052631579,-0.07894736842105263,0.6447368421052632,-0.35526315789473684,0.6644736842105263,-0.16447368421052633,0.8157894736842105,-0.08552631578947369,0.7105263157894737,-0.11842105263157894,0.6118421052631579
1,0.0,0.0,0.09868421052631579,0.2565789473684211,0.09210526315789473,0.5921052631578947,0.08552631578947369,0.8486842105263158,-0.02631578947368421,1.0,-0.46710526315789475,0.625,-0.21052631578947367,0.9210526315789473,-0.06578947368421052,0.7960526315789473,-0.08552631578947369,0.6776315789473685,-0.47368421052631576,0.5921052631578947,-0.2236842105263158,0.9144736842105263,-0.09210526315789473,0.7828947368421053,-0.11842105263157894,0.6578947368421053,-0.4276315789473684,0.5986842105263158,-0.20394736842105263,0.8618421052631579,-0.08552631578947369,0.756578947368421,-0.13157894736842105,0.6644736842105263,-0.3815789473684211,0.618421052631579,-0.23026315789473684,0.7894736842105263,-0.14473684210526316,0.7171052631578947,-0.1513157894736842,0.625
1,0.0,0.0,0.027972027972027972,0.2867132867132867,-0.027972027972027972,0.6293706293706294,-0.08391608391608392,0.8881118881118881,-0.22377622377622378,1.0,-0.5734265734265734,0.5664335664335665,-0.3776223776223776,0.8881118881118881,-0.23076923076923078,0.7972027972027972,-0.23076923076923078,0.6923076923076923,-0.5874125874125874,0.5384615384615384,-0.38461538461538464,0.8671328671328671,-0.24475524475524477,0.7552447552447552,-0.26573426573426573,0.6363636363636364,-0.5454545454545454,0.5314685314685315,-0.3776223776223776,0.8111888111888111,-0.26573426573426573,0.7412587412587412,-0.2867132867132867,0.6363636363636364,-0.48951048951048953,0.5384615384615384,-0.3776223776223776,0.7412587412587412,-0.2937062937062937,0.6853146853146853,-0.3006993006993007,0.5804195804195804
1,0.0,0.0,-0.023076923076923078,0.3076923076923077,-0.15384615384615385,0.6538461538461539,-0.25384615384615383,0.9,-0.4076923076923077,1.0,-0.7076923076923077,0.4846153846153846,-0.5615384615384615,0.8461538461538461,-0.4076923076923077,0.7692307692307693,-0.4,0.6692307692307692,-0.7230769230769231,0.43846153846153846,-0.5538461538461539,0.8076923076923077,-0.4,0.7153846153846154,-0.4076923076923077,0.6076923076923076,-0.676923076923077,0.4307692307692308,-0.5307692307692308,0.7538461538461538,-0.4076923076923077,0.7,-0.4230769230769231,0.5923076923076923,-0.6307692307692307,0.4461538461538462,-0.5384615384615384,0.676923076923077,-0.4307692307692308,0.6307692307692307,-0.4230769230769231,0.5230769230769231
1,0.0,0.0,-0.08547008547008547,0.3333333333333333,-0.29914529914529914,0.6666666666666666,-0.46153846153846156,0.905982905982906,-0.6410256410256411,1.0,-0.8547008547008547,0.36752136752136755,-0.7606837606837606,0.7863247863247863,-0.5726495726495726,0.7350427350427351,-0.5555555555555556,0.6324786324786325,-0.8461538461538461,0.3162393162393162,-0.7435897435897436,0.7350427350427351,-0.5470085470085471,0.6837606837606838,-0.5299145299145299,0.5641025641025641,-0.7863247863247863,0.3076923076923077,-0.7008547008547008,0.6837606837606838,-0.5470085470085471,0.6581196581196581,-0.5384615384615384,0.5470085470085471,-0.7350427350427351,0.3162393162393162,-0.6752136752136753,0.5897435897435898,-0.5555555555555556,0.5641025641025641,-0.5213675213675214,0.46153846153846156
1,0.0,0.0,-0.1792452830188679,0.29245283018867924,-0.4716981132075472,0.5943396226415094,-0.6792452830188679,0.8207547169811321,-0.8773584905660378,0.9056603773584906,-1.0,0.18867924528301888,-0.9905660377358491,0.660377358490566,-0.7830188679245284,0.660377358490566,-0.7264150943396226,0.5566037735849056,-0.9528301886792453,0.1792452830188679,-0.9528301886792453,0.6509433962264151,-0.7264150943396226,0.6415094339622641,-0.6698113207547169,0.5188679245283019,-0.8773584905660378,0.2358490566037736,-0.8867924528301887,0.6320754716981132,-0.7169811320754716,0.6320754716981132,-0.6698113207547169,0.5188679245283019,-0.8113207547169812,0.2830188679245283,-0.8113207547169812,0.5566037735849056,-0.6792452830188679,0.5471698113207547,-0.6226415094339622,0.44339622641509435
1,0.0,0.0,-0.22608695652173913,0.21739130434782608,-0.5391304347826087,0.41739130434782606,-0.7391304347826086,0.591304347826087,-0.9130434782608695,0.6956521739130435,-0.9304347826086956,0.0,-1.0,0.43478260869565216,-0.8260869565217391,0.46956521739130436,-0.7565217391304347,0.3739130434782609,-0.8956521739130435,0.043478260869565216,-0.9652173913043478,0.46956521739130436,-0.7652173913043478,0.4782608695652174,-0.6956521739130435,0.3826086956521739,-0.8260869565217391,0.13043478260869565,-0.9043478260869565,0.4782608695652174,-0.7565217391304347,0.5043478260869565,-0.6956521739130435,0.4,-0.7739130434782608,0.20869565217391303,-0.8260869565217391,0.45217391304347826,-0.7043478260869566,0.46956521739130436,-0.6347826086956522,0.3739130434782609
1,0.0,0.0,-0.2682926829268293,0.13821138211382114,-0.5772357723577236,0.2845528455284553,-0.7804878048780488,0.43902439024390244,-0.9349593495934959,0.5528455284552846,-0.8861788617886179,-0.13008130081300814,-1.0,0.2601626016260163,-0.8292682926829268,0.2926829268292683,-0.7642276422764228,0.21951219512195122,-0.8373983739837398,-0.07317073170731707,-0.967479674796748,0.2926829268292683,-0.7886178861788617,0.3170731707317073,-0.7154471544715447,0.22764227642276422,-0.7804878048780488,0.024390243902439025,-0.9024390243902439,0.3170731707317073,-0.7642276422764228,0.3333333333333333,-0.6991869918699187,0.23577235772357724,-0.7317073170731707,0.11382113821138211,-0.8130081300813008,0.3089430894308943,-0.7073170731707317,0.3252032520325203,-0.6260162601626016,0.24390243902439024
1,0.0,0.0,-0.296,0.096,-0.616,0.184,-0.832,0.312,-0.952,0.416,-0.84,-0.24,-1.0,0.12,-0.84,0.152,-0.76,0.08,-0.808,-0.16,-0.992,0.16,-0.832,0.184,-0.752,0.112,-0.76,-0.048,-0.928,0.192,-0.8,0.224,-0.728,0.136,-0.728,0.04,-0.848,0.208,-0.752,0.232,-0.672,0.16
1,0.0,0.0,-0.31496062992125984,0.07086614173228346,-0.6377952755905512,0.10236220472440945,-0.8582677165354331,0.1968503937007874,-0.968503937007874,0.2992125984251969,-0.7952755905511811,-0.2992125984251969,-1.0,0.023622047244094488,-0.8582677165354331,0.09448818897637795,-0.7637795275590551,0.047244094488188976,-0.7559055118110236,-0.2283464566929134,-0.984251968503937,0.05511811023622047,-0.8346456692913385,0.12598425196850394,-0.7559055118110236,0.07874015748031496,-0.7165354330708661,-0.11023622047244094,-0.9212598425196851,0.10236220472440945,-0.8031496062992126,0.16535433070866143,-0.7244094488188977,0.11023622047244094,-0.6850393700787402,-0.023622047244094488,-0.8346456692913385,0.13385826771653545,-0.7559055118110236,0.1732283464566929,-0.6771653543307087,0.13385826771653545
1,0.0,0.0,-0.3230769230769231,0.038461538461538464,-0.6384615384615384,0.038461538461538464,-0.8538461538461538,0.11538461538461539,-0.9769230769230769,0.2153846153846154,-0.7692307692307693,-0.36153846153846153,-1.0,-0.06153846153846154,-0.8692307692307693,0.06153846153846154,-0.7692307692307693,0.038461538461538464,-0.7230769230769231,-0.27692307692307694,-0.9692307692307692,-0.015384615384615385,-0.8384615384615385,0.07692307692307693,-0.7461538461538462,0.06153846153846154,-0.6923076923076923,-0.16153846153846155,-0.9,0.038461538461538464,-0.8,0.11538461538461539,-0.7153846153846154,0.07692307692307693,-0.676923076923077,-0.06923076923076923,-0.8153846153846154,0.06923076923076923,-0.7538461538461538,0.13076923076923078,-0.676923076923077,0.11538461538461539
1,0.0,0.0,-0.3359375,-0.015625,-0.6484375,-0.03125,-0.8671875,0.03125,-0.984375,0.1328125,-0.734375,-0.421875,-1.0,-0.140625,-0.8671875,-0.0234375,-0.75,-0.046875,-0.6953125,-0.3046875,-0.9609375,-0.0703125,-0.8359375,0.0234375,-0.734375,0.015625,-0.671875,-0.171875,-0.890625,0.0,-0.7890625,0.078125,-0.703125,0.046875,-0.6484375,-0.078125,-0.8046875,0.046875,-0.7421875,0.109375,-0.671875,0.1015625
1,0.0,0.0,-0.33858267716535434,-0.05511811023622047,-0.6535433070866141,-0.08661417322834646,-0.8818897637795275,-0.023622047244094488,-0.984251968503937,0.07874015748031496,-0.7165354330708661,-0.4645669291338583,-1.0,-0.2125984251968504,-0.8582677165354331,-0.10236220472440945,-0.7401574803149606,-0.12598425196850394,-0.6771653543307087,-0.33070866141732286,-0.9606299212598425,-0.11023622047244094,-0.8267716535433071,-0.023622047244094488,-0.7086614173228346,-0.047244094488188976,-0.6614173228346457,-0.18110236220472442,-0.889763779527559,-0.015748031496062992,-0.7716535433070866,0.047244094488188976,-0.6771653543307087,0.007874015748031496,-0.6535433070866141,-0.07874015748031496,-0.8110236220472441,0.047244094488188976,-0.7322834645669292,0.10236220472440945,-0.6456692913385826,0.07874015748031496
1,0.0,0.0,-0.37209302325581395,-0.05426356589147287,-0.689922480620155,-0.09302325581395349,-0.8992248062015504,-0.023255813953488372,-1.0,0.05426356589147287,-0.7131782945736435,-0.4728682170542636,-1.0,-0.24031007751937986,-0.8837209302325582,-0.12403100775193798,-0.7674418604651163,-0.13953488372093023,-0.6589147286821705,-0.3333333333333333,-0.9457364341085271,-0.14728682170542637,-0.8294573643410853,-0.046511627906976744,-0.7131782945736435,-0.06201550387596899,-0.6356589147286822,-0.18604651162790697,-0.875968992248062,-0.03875968992248062,-0.7674418604651163,0.031007751937984496,-0.6666666666666666,0.0,-0.6124031007751938,-0.08527131782945736,-0.7906976744186046,0.031007751937984496,-0.7131782945736435,0.07751937984496124,-0.6124031007751938,0.05426356589147287
1,0.0,0.0,-0.4015151515151515,-0.06060606060606061,-0.7121212121212122,-0.10606060606060606,-0.9166666666666666,-0.045454545454545456,-1.0,0.03787878787878788,-0.7272727272727273,-0.4696969696969697,-1.0,-0.25757575757575757,-0.8939393939393939,-0.12878787878787878,-0.7651515151515151,-0.12878787878787878,-0.6590909090909091,-0.3484848484848485,-0.946969696969697,-0.1590909090909091,-0.8333333333333334,-0.05303030303030303,-0.7121212121212122,-0.045454545454545456,-0.6212121212121212,-0.20454545454545456,-0.8560606060606061,-0.05303030303030303,-0.7575757575757576,0.022727272727272728,-0.6439393939393939,0.0,-0.5909090909090909,-0.10606060606060606,-0.7651515151515151,0.007575757575757576,-0.6893939393939394,0.06060606060606061,-0.5909090909090909,0.045454545454545456
1,0.0,0.0,-0.4253731343283582,-0.05223880597014925,-0.7313432835820896,-0.1044776119402985,-0.9253731343283582,-0.05970149253731343,-1.0,0.022388059701492536,-0.7238805970149254,-0.4701492537313433,-0.9850746268656716,-0.26865671641791045,-0.9104477611940298,-0.12686567164179105,-0.7985074626865671,-0.1044776119402985,-0.6492537313432836,-0.35074626865671643,-0.9253731343283582,-0.17164179104477612,-0.8432835820895522,-0.05970149253731343,-0.7388059701492538,-0.029850746268656716,-0.6044776119402985,-0.21641791044776118,-0.8432835820895522,-0.06716417910447761,-0.753731343283582,0.014925373134328358,-0.6492537313432836,0.014925373134328358,-0.582089552238806,-0.11940298507462686,-0.7388059701492538,0.0,-0.6791044776119403,0.05970149253731343,-0.5970149253731343,0.05223880597014925
1,0.0,0.0,-0.42857142857142855,-0.06015037593984962,-0.7443609022556391,-0.10526315789473684,-0.9323308270676691,-0.05263157894736842,-1.0,0.03007518796992481,-0.7218045112781954,-0.47368421052631576,-0.9924812030075187,-0.2781954887218045,-0.9097744360902256,-0.15037593984962405,-0.7969924812030075,-0.12781954887218044,-0.6541353383458647,-0.3458646616541353,-0.9323308270676691,-0.17293233082706766,-0.849624060150376,-0.06766917293233082,-0.7368421052631579,-0.03759398496240601,-0.6090225563909775,-0.21052631578947367,-0.8421052631578947,-0.06015037593984962,-0.7593984962406015,0.015037593984962405,-0.6616541353383458,0.015037593984962405,-0.5714285714285714,-0.10526315789473684,-0.7368421052631579,0.0,-0.6842105263157895,0.06015037593984962,-0.6015037593984962,0.05263157894736842
1,0.0,0.0,-0.44274809160305345,-0.06870229007633588,-0.7557251908396947,-0.11450381679389313,-0.9389312977099237,-0.06870229007633588,-1.0,0.022900763358778626,-0.7251908396946565,-0.48854961832061067,-0.9923664122137404,-0.29770992366412213,-0.916030534351145,-0.16030534351145037,-0.8015267175572519,-0.13740458015267176,-0.6564885496183206,-0.366412213740458,-0.9312977099236641,-0.1984732824427481,-0.8549618320610687,-0.07633587786259542,-0.7480916030534351,-0.04580152671755725,-0.6106870229007634,-0.22137404580152673,-0.8396946564885496,-0.08396946564885496,-0.7709923664122137,0.007633587786259542,-0.6717557251908397,0.007633587786259542,-0.5725190839694656,-0.12213740458015267,-0.732824427480916,-0.015267175572519083,-0.6946564885496184,0.04580152671755725,-0.6106870229007634,0.04580152671755725
1,0.0,0.0,-0.44274809160305345,-0.06870229007633588,-0.7557251908396947,-0.12213740458015267,-0.9389312977099237,-0.06870229007633588,-1.0,0.022900763358778626,-0.732824427480916,-0.48091603053435117,-1.0,-0.2900763358778626,-0.9236641221374046,-0.16030534351145037,-0.8244274809160306,-0.1450381679389313,-0.6641221374045801,-0.3511450381679389,-0.9465648854961832,-0.183206106870229,-0.8702290076335878,-0.06870229007633588,-0.7633587786259542,-0.04580152671755725,-0.6183206106870229,-0.20610687022900764,-0.8473282442748091,-0.06870229007633588,-0.7786259541984732,0.015267175572519083,-0.6946564885496184,0.007633587786259542,-0.5801526717557252,-0.09923664122137404,-0.7404580152671756,-0.007633587786259542,-0.7022900763358778,0.05343511450381679,-0.6412213740458015,0.05343511450381679
1,0.0,0.0,-0.4453125,-0.0546875,-0.765625,-0.1015625,-0.9453125,-0.0546875,-0.9921875,0.03125,-0.734375,-0.484375,-1.0,-0.2890625,-0.9296875,-0.1484375,-0.8359375,-0.125,-0.65625,-0.359375,-0.9375,-0.1953125,-0.8671875,-0.078125,-0.765625,-0.046875,-0.6015625,-0.21875,-0.8359375,-0.078125,-0.7734375,0.015625,-0.6796875,0.015625,-0.5625,-0.109375,-0.7265625,-0.015625,-0.6875,0.046875,-0.625,0.0546875
1,0.0,0.0,-0.4230769230769231,-0.06153846153846154,-0.7461538461538462,-0.1,-0.9384615384615385,-0.046153846153846156,-0.9846153846153847,0.046153846153846156,-0.7461538461538462,-0.46923076923076923,-1.0,-0.25384615384615383,-0.9076923076923077,-0.12307692307692308,-0.7846153846153846,-0.1076923076923077,-0.6692307692307692,-0.3384615384615385,-0.9538461538461539,-0.15384615384615385,-0.8538461538461538,-0.046153846153846156,-0.7307692307692307,-0.03076923076923077,-0.6230769230769231,-0.19230769230769232,-0.8538461538461538,-0.046153846153846156,-0.7692307692307693,0.038461538461538464,-0.6615384615384615,0.023076923076923078,-0.5923076923076923,-0.09230769230769231,-0.7461538461538462,0.007692307692307693,-0.6923076923076923,0.06923076923076923,-0.6076923076923076,0.06153846153846154
1,0.0,0.0,-0.3923076923076923,-0.06923076923076923,-0.7076923076923077,-0.1,-0.9076923076923077,-0.038461538461538464,-0.9692307692307692,0.06153846153846154,-0.7307692307692307,-0.47692307692307695,-1.0,-0.24615384615384617,-0.8769230769230769,-0.12307692307692308,-0.7384615384615385,-0.13076923076923078,-0.6692307692307692,-0.33076923076923076,-0.9538461538461539,-0.13846153846153847,-0.823076923076923,-0.046153846153846156,-0.6923076923076923,-0.05384615384615385,-0.6384615384615384,-0.18461538461538463,-0.8692307692307693,-0.03076923076923077,-0.7461538461538462,0.038461538461538464,-0.6384615384615384,0.0,-0.6153846153846154,-0.09230769230769231,-0.7615384615384615,0.023076923076923078,-0.6923076923076923,0.06923076923076923,-0.5846153846153846,0.046153846153846156
1,0.0,0.0,-0.36153846153846153,-0.05384615384615385,-0.6923076923076923,-0.07692307692307693,-0.8846153846153846,-0.007692307692307693,-0.9461538461538461,0.1076923076923077,-0.7307692307692307,-0.45384615384615384,-1.0,-0.2076923076923077,-0.8538461538461538,-0.1,-0.7307692307692307,-0.12307692307692308,-0.676923076923077,-0.3230769230769231,-0.9615384615384616,-0.11538461538461539,-0.8076923076923077,-0.038461538461538464,-0.676923076923077,-0.06153846153846154,-0.6461538461538462,-0.18461538461538463,-0.8769230769230769,-0.015384615384615385,-0.7384615384615385,0.038461538461538464,-0.6384615384615384,0.0,-0.6230769230769231,-0.08461538461538462,-0.7846153846153846,0.03076923076923077,-0.7,0.06923076923076923,-0.6,0.046153846153846156
1,0.0,0.0,-0.3560606060606061,-0.045454545454545456,-0.6818181818181818,-0.06818181818181818,-0.8787878787878788,0.015151515151515152,-0.9318181818181818,0.12878787878787878,-0.7424242424242424,-0.42424242424242425,-1.0,-0.16666666666666666,-0.8560606060606061,-0.06818181818181818,-0.7272727272727273,-0.09848484848484848,-0.6893939393939394,-0.29545454545454547,-0.9621212121212122,-0.07575757575757576,-0.803030303030303,-0.015151515151515152,-0.6742424242424242,-0.03787878787878788,-0.6515151515151515,-0.1590909090909091,-0.8712121212121212,0.015151515151515152,-0.7424242424242424,0.06060606060606061,-0.6363636363636364,0.015151515151515152,-0.6212121212121212,-0.06818181818181818,-0.7878787878787878,0.06060606060606061,-0.6893939393939394,0.08333333333333333,-0.5909090909090909,0.05303030303030303
1,0.0,0.0,-0.3409090909090909,-0.030303030303030304,-0.6666666666666666,-0.045454545454545456,-0.8712121212121212,0.03787878787878788,-0.946969696969697,0.15151515151515152,-0.75,-0.4166666666666667,-1.0,-0.15151515151515152,-0.8484848484848485,-0.05303030303030303,-0.7196969696969697,-0.08333333333333333,-0.7045454545454546,-0.29545454545454547,-0.9621212121212122,-0.06818181818181818,-0.8106060606060606,-0.007575757575757576,-0.6742424242424242,-0.03787878787878788,-0.6742424242424242,-0.16666666666666666,-0.8863636363636364,0.022727272727272728,-0.7424242424242424,0.06818181818181818,-0.6439393939393939,0.022727272727272728,-0.6515151515151515,-0.06818181818181818,-0.7954545454545454,0.06818181818181818,-0.696969696969697,0.09090909090909091,-0.5909090909090909,0.06060606060606061
1,0.0,0.0,-0.3409090909090909,-0.022727272727272728,-0.6666666666666666,-0.03787878787878788,-0.8712121212121212,0.045454545454545456,-0.9545454545454546,0.15151515151515152,-0.75,-0.4090909090909091,-1.0,-0.14393939393939395,-0.8636363636363636,-0.045454545454545456,-0.7348484848484849,-0.06818181818181818,-0.7121212121212122,-0.29545454545454547,-0.9621212121212122,-0.06818181818181818,-0.8181818181818182,0.007575757575757576,-0.696969696969697,-0.015151515151515152,-0.6742424242424242,-0.1590909090909091,-0.8863636363636364,0.015151515151515152,-0.75,0.06818181818181818,-0.6515151515151515,0.030303030303030304,-0.6439393939393939,-0.07575757575757576,-0.7878787878787878,0.06818181818181818,-0.6893939393939394,0.09848484848484848,-0.5909090909090909,0.06818181818181818
1,0.0,0.0,-0.3511450381679389,-0.022900763358778626,-0.6717557251908397,-0.022900763358778626,-0.8778625954198473,0.05343511450381679,-0.9618320610687023,0.1450381679389313,-0.7557251908396947,-0.40458015267175573,-1.0,-0.1450381679389313,-0.8625954198473282,-0.03816793893129771,-0.7404580152671756,-0.05343511450381679,-0.7022900763358778,-0.2900763358778626,-0.9618320610687023,-0.06870229007633588,-0.8244274809160306,0.015267175572519083,-0.6946564885496184,-0.007633587786259542,-0.6717557251908397,-0.16030534351145037,-0.8854961832061069,0.015267175572519083,-0.7557251908396947,0.07633587786259542,-0.648854961832061,0.030534351145038167,-0.6412213740458015,-0.06870229007633588,-0.7862595419847328,0.061068702290076333,-0.7022900763358778,0.09923664122137404,-0.5954198473282443,0.07633587786259542
1,0.0,0.0,-0.366412213740458,-0.007633587786259542,-0.6946564885496184,-0.007633587786259542,-0.9007633587786259,0.06870229007633588,-0.9770992366412213,0.16030534351145037,-0.7557251908396947,-0.3969465648854962,-1.0,-0.13740458015267176,-0.8778625954198473,-0.015267175572519083,-0.7633587786259542,-0.022900763358778626,-0.7022900763358778,-0.2900763358778626,-0.9541984732824428,-0.06870229007633588,-0.8320610687022901,0.022900763358778626,-0.7175572519083969,0.022900763358778626,-0.6564885496183206,-0.16030534351145037,-0.8702290076335878,0.007633587786259542,-0.7557251908396947,0.08396946564885496,-0.6564885496183206,0.05343511450381679,-0.6259541984732825,-0.06870229007633588,-0.7633587786259542,0.061068702290076333,-0.6793893129770993,0.10687022900763359,-0.5801526717557252,0.0916030534351145
1,0.0,0.0,-0.38345864661654133,0.007518796992481203,-0.6917293233082706,0.007518796992481203,-0.8872180451127819,0.08270676691729323,-0.9774436090225563,0.15789473684210525,-0.7518796992481203,-0.38345864661654133,-1.0,-0.13533834586466165,-0.8796992481203008,-0.015037593984962405,-0.7669172932330827,-0.022556390977443608,-0.6842105263157895,-0.2706766917293233,-0.9473684210526315,-0.06015037593984962,-0.8270676691729323,0.03759398496240601,-0.7142857142857143,0.03007518796992481,-0.6390977443609023,-0.14285714285714285,-0.8571428571428571,0.015037593984962405,-0.7593984962406015,0.09022556390977443,-0.6616541353383458,0.06766917293233082,-0.6090225563909775,-0.05263157894736842,-0.7593984962406015,0.06766917293233082,-0.6842105263157895,0.12030075187969924,-0.5939849624060151,0.10526315789473684
1,0.0,0.0,-0.3925925925925926,0.0,-0.7037037037037037,-0.007407407407407408,-0.8888888888888888,0.07407407407407407,-0.9703703703703703,0.15555555555555556,-0.7555555555555555,-0.37037037037037035,-1.0,-0.1259259259259259,-0.8740740740740741,-0.02962962962962963,-0.7555555555555555,-0.05185185185185185,-0.674074074074074,-0.26666666666666666,-0.9407407407407408,-0.05185185185185185,-0.8148148148148148,0.02962962962962963,-0.6962962962962963,0.007407407407407408,-0.6222222222222222,-0.13333333333333333,-0.8444444444444444,0.02962962962962963,-0.7333333333333333,0.0962962962962963,-0.6370370370370371,0.05925925925925926,-0.5851851851851851,-0.05185185185185185,-0.7407407407407407,0.08148148148148149,-0.6666666666666666,0.11851851851851852,-0.5703703703703704,0.0962962962962963
1,0.0,0.0,-0.41353383458646614,-0.015037593984962405,-0.7293233082706767,-0.03007518796992481,-0.9097744360902256,0.045112781954887216,-0.9774436090225563,0.14285714285714285,-0.7593984962406015,-0.38345864661654133,-1.0,-0.14285714285714285,-0.8947368421052632,-0.045112781954887216,-0.7894736842105263,-0.06766917293233082,-0.6842105263157895,-0.2781954887218045,-0.9473684210526315,-0.06766917293233082,-0.8270676691729323,0.022556390977443608,-0.7142857142857143,0.007518796992481203,-0.6240601503759399,-0.15037593984962405,-0.8571428571428571,0.015037593984962405,-0.7593984962406015,0.09022556390977443,-0.6541353383458647,0.06015037593984962,-0.5864661654135338,-0.06766917293233082,-0.7443609022556391,0.06766917293233082,-0.6766917293233082,0.11278195488721804,-0.5864661654135338,0.09774436090225563
1,0.0,0.0,-0.44274809160305345,0.0,-0.7633587786259542,-0.007633587786259542,-0.9312977099236641,0.061068702290076333,-0.9694656488549618,0.16030534351145037,-0.7633587786259542,-0.37404580152671757,-1.0,-0.13740458015267176,-0.9007633587786259,-0.030534351145038167,-0.7938931297709924,-0.04580152671755725,-0.6793893129770993,-0.26717557251908397,-0.9389312977099237,-0.05343511450381679,-0.816793893129771,0.03816793893129771,-0.6946564885496184,0.030534351145038167,-0.6183206106870229,-0.1450381679389313,-0.8396946564885496,0.03816793893129771,-0.732824427480916,0.10687022900763359,-0.6183206106870229,0.06870229007633588,-0.5648854961832062,-0.061068702290076333,-0.7251908396946565,0.07633587786259542,-0.648854961832061,0.12213740458015267,-0.549618320610687,0.09923664122137404
1,0.0,0.0,-0.47619047619047616,0.0,-0.8015873015873016,0.0,-0.9523809523809523,0.06349206349206349,-0.9761904761904762,0.15079365079365079,-0.7777777777777778,-0.373015873015873,-1.0,-0.14285714285714285,-0.9365079365079365,-0.03968253968253968,-0.8650793650793651,-0.03968253968253968,-0.6587301587301587,-0.2777777777777778,-0.9126984126984127,-0.07142857142857142,-0.8333333333333334,0.023809523809523808,-0.7301587301587301,0.023809523809523808,-0.5714285714285714,-0.15079365079365079,-0.8015873015873016,0.015873015873015872,-0.7380952380952381,0.09523809523809523,-0.6428571428571429,0.07936507936507936,-0.5158730158730159,-0.07142857142857142,-0.6746031746031746,0.047619047619047616,-0.6349206349206349,0.10317460317460317,-0.5634920634920635,0.10317460317460317
1,0.0,0.0,-0.46774193548387094,0.0,-0.7903225806451613,0.008064516129032258,-0.9354838709677419,0.08870967741935484,-0.9596774193548387,0.18548387096774194,-0.782258064516129,-0.3790322580645161,-1.0,-0.12903225806451613,-0.9112903225806451,-0.04032258064516129,-0.8225806451612904,-0.06451612903225806,-0.6693548387096774,-0.27419354838709675,-0.9193548387096774,-0.056451612903225805,-0.8064516129032258,0.016129032258064516,-0.6935483870967742,0.0,-0.5887096774193549,-0.14516129032258066,-0.8064516129032258,0.03225806451612903,-0.7096774193548387,0.10483870967741936,-0.6129032258064516,0.07258064516129033,-0.5241935483870968,-0.056451612903225805,-0.6854838709677419,0.06451612903225806,-0.6290322580645161,0.12096774193548387,-0.5403225806451613,0.10483870967741936
1,0.0,0.0,-0.4793388429752066,0.01652892561983471,-0.8016528925619835,0.024793388429752067,-0.9504132231404959,0.09917355371900827,-0.9586776859504132,0.18181818181818182,-0.7933884297520661,-0.371900826446281,-1.0,-0.14049586776859505,-0.9338842975206612,-0.024793388429752067,-0.8429752066115702,-0.024793388429752067,-0.6694214876033058,-0.2727272727272727,-0.9173553719008265,-0.0743801652892562,-0.8347107438016529,0.03305785123966942,-0.71900826446281,0.04132231404958678,-0.5785123966942148,-0.1487603305785124,-0.8016528925619835,0.01652892561983471,-0.7272727272727273,0.11570247933884298,-0.6363636363636364,0.10743801652892562,-0.512396694214876,-0.06611570247933884,-0.6694214876033058,0.05785123966942149,-0.628099173553719,0.12396694214876033,-0.5454545454545454,0.12396694214876033
1,0.0,0.0,-0.4789915966386555,0.025210084033613446,-0.8067226890756303,0.03361344537815126,-0.9327731092436975,0.1092436974789916,-0.9495798319327731,0.19327731092436976,-0.7983193277310925,-0.3697478991596639,-1.0,-0.13445378151260504,-0.9243697478991597,-0.03361344537815126,-0.8487394957983193,-0.05042016806722689,-0.6722689075630253,-0.2773109243697479,-0.9159663865546218,-0.07563025210084033,-0.8235294117647058,0.01680672268907563,-0.7142857142857143,0.008403361344537815,-0.5714285714285714,-0.15966386554621848,-0.7899159663865546,0.01680672268907563,-0.7142857142857143,0.10084033613445378,-0.6218487394957983,0.08403361344537816,-0.5042016806722689,-0.07563025210084033,-0.6554621848739496,0.04201680672268908,-0.6050420168067226,0.10084033613445378,-0.5210084033613446,0.10084033613445378
1,0.0,0.0,-0.4824561403508772,0.043859649122807015,-0.7982456140350878,0.06140350877192982,-0.9385964912280702,0.13157894736842105,-0.9473684210526315,0.20175438596491227,-0.7982456140350878,-0.3684210526315789,-1.0,-0.14035087719298245,-0.9473684210526315,-0.02631578947368421,-0.8947368421052632,-0.02631578947368421,-0.6754385964912281,-0.2807017543859649,-0.9122807017543859,-0.07894736842105263,-0.8421052631578947,0.02631578947368421,-0.7543859649122807,0.02631578947368421,-0.5789473684210527,-0.15789473684210525,-0.7982456140350878,0.0,-0.7543859649122807,0.09649122807017543,-0.6842105263157895,0.09649122807017543,-0.5087719298245614,-0.07017543859649122,-0.6578947368421053,0.03508771929824561,-0.6403508771929824,0.09649122807017543,-0.5877192982456141,0.10526315789473684
1,0.0,0.0,-0.47706422018348627,0.03669724770642202,-0.7981651376146789,0.06422018348623854,-0.944954128440367,0.13761467889908258,-0.9541284403669725,0.2018348623853211,-0.8165137614678899,-0.3761467889908257,-1.0,-0.12844036697247707,-0.926605504587156,-0.027522935779816515,-0.8715596330275229,-0.045871559633027525,-0.6880733944954128,-0.27522935779816515,-0.9174311926605505,-0.06422018348623854,-0.8256880733944955,0.01834862385321101,-0.7431192660550459,-0.01834862385321101,-0.5963302752293578,-0.1559633027522936,-0.8073394495412844,0.009174311926605505,-0.7431192660550459,0.08256880733944955,-0.6880733944954128,0.05504587155963303,-0.5229357798165137,-0.07339449541284404,-0.6788990825688074,0.03669724770642202,-0.6513761467889908,0.08256880733944955,-0.6055045871559633,0.07339449541284404
1,0.0,0.0,-0.4807692307692308,0.057692307692307696,-0.8076923076923077,0.07692307692307693,-0.9519230769230769,0.16346153846153846,-0.9519230769230769,0.22115384615384615,-0.8173076923076923,-0.375,-1.0,-0.125,-0.9230769230769231,-0.019230769230769232,-0.875,-0.04807692307692308,-0.6730769230769231,-0.2692307692307692,-0.9134615384615384,-0.057692307692307696,-0.8173076923076923,0.028846153846153848,-0.7403846153846154,0.0,-0.5769230769230769,-0.14423076923076922,-0.7980769230769231,0.019230769230769232,-0.75,0.10576923076923077,-0.6923076923076923,0.07692307692307693,-0.5096153846153846,-0.0673076923076923,-0.6634615384615384,0.04807692307692308,-0.6442307692307693,0.09615384615384616,-0.5961538461538461,0.09615384615384616
1,0.0,0.0,-0.47058823529411764,0.049019607843137254,-0.8137254901960784,0.06862745098039216,-0.9509803921568627,0.14705882352941177,-0.9215686274509803,0.19607843137254902,-0.8137254901960784,-0.4019607843137255,-1.0,-0.11764705882352941,-0.9019607843137255,-0.0196078431372549,-0.8529411764705882,-0.06862745098039216,-0.6568627450980392,-0.3137254901960784,-0.9019607843137255,-0.049019607843137254,-0.7843137254901961,0.029411764705882353,-0.7058823529411765,-0.0196078431372549,-0.5588235294117647,-0.18627450980392157,-0.7745098039215687,0.0196078431372549,-0.696078431372549,0.10784313725490197,-0.6372549019607843,0.058823529411764705,-0.49019607843137253,-0.10784313725490197,-0.6274509803921569,0.029411764705882353,-0.5882352941176471,0.0784313725490196,-0.5098039215686274,0.058823529411764705
1,0.0,0.0,-0.47,0.04,-0.82,0.07,-0.96,0.15,-0.89,0.19,-0.81,-0.41,-1.0,-0.11,-0.89,-0.02,-0.83,-0.08,-0.65,-0.32,-0.89,-0.05,-0.77,0.02,-0.68,-0.04,-0.54,-0.2,-0.75,0.03,-0.68,0.1,-0.61,0.04,-0.47,-0.11,-0.61,0.03,-0.55,0.07,-0.46,0.04
1,0.0,0.0,-0.5204081632653061,0.02040816326530612,-0.8469387755102041,0.04081632653061224,-0.9489795918367347,0.14285714285714285,-0.8877551020408163,0.22448979591836735,-0.7959183673469388,-0.40816326530612246,-1.0,-0.14285714285714285,-0.8979591836734694,-0.04081632653061224,-0.826530612244898,-0.08163265306122448,-0.6224489795918368,-0.2857142857142857,-0.8571428571428571,-0.02040816326530612,-0.7346938775510204,0.04081632653061224,-0.6020408163265306,-0.01020408163265306,-0.5,-0.15306122448979592,-0.6938775510204082,0.07142857142857142,-0.5918367346938775,0.1326530612244898,-0.5,0.08163265306122448,-0.41836734693877553,-0.05102040816326531,-0.5510204081632653,0.09183673469387756,-0.47959183673469385,0.12244897959183673,-0.37755102040816324,0.10204081632653061
1,0.0,0.0,-0.5473684210526316,-0.05263157894736842,-0.8526315789473684,-0.05263157894736842,-0.9789473684210527,0.07368421052631578,-0.9894736842105263,0.2,-0.7894736842105263,-0.3684210526315789,-0.9894736842105263,-0.18947368421052632,-1.0,-0.06315789473684211,-0.9789473684210527,-0.042105263157894736,-0.6421052631578947,-0.2,-0.8736842105263158,-0.021052631578947368,-0.8210526315789474,0.08421052631578947,-0.7157894736842105,0.09473684210526316,-0.5368421052631579,-0.05263157894736842,-0.7368421052631579,0.11578947368421053,-0.6736842105263158,0.18947368421052632,-0.6105263157894737,0.15789473684210525,-0.4631578947368421,0.06315789473684211,-0.6210526315789474,0.17894736842105263,-0.5894736842105263,0.22105263157894736,-0.5263157894736842,0.21052631578947367
1,0.0,0.0,-0.5789473684210527,-0.05263157894736842,-0.8736842105263158,-0.08421052631578947,-0.9894736842105263,0.0,-1.0,0.1368421052631579,-0.7368421052631579,-0.3368421052631579,-0.9157894736842105,-0.2,-0.9789473684210527,-0.08421052631578947,-0.9789473684210527,-0.021052631578947368,-0.6,-0.17894736842105263,-0.8105263157894737,-0.05263157894736842,-0.8736842105263158,0.07368421052631578,-0.8421052631578947,0.14736842105263157,-0.49473684210526314,-0.031578947368421054,-0.6947368421052632,0.09473684210526316,-0.7473684210526316,0.18947368421052632,-0.7368421052631579,0.21052631578947367,-0.4105263157894737,0.10526315789473684,-0.5894736842105263,0.21052631578947367,-0.6210526315789474,0.25263157894736843,-0.6210526315789474,0.2736842105263158
1,0.0,0.0,-0.5454545454545454,-0.1590909090909091,-0.8522727272727273,-0.1590909090909091,-1.0,0.011363636363636364,-0.9772727272727273,0.2159090909090909,-0.7159090909090909,-0.2840909090909091,-0.9090909090909091,-0.14772727272727273,-0.9431818181818182,-0.07954545454545454,-0.9318181818181818,-0.06818181818181818,-0.6022727272727273,-0.09090909090909091,-0.8409090909090909,0.056818181818181816,-0.8181818181818182,0.09090909090909091,-0.7613636363636364,0.07954545454545454,-0.5227272727272727,0.09090909090909091,-0.7272727272727273,0.22727272727272727,-0.6704545454545454,0.20454545454545456,-0.6022727272727273,0.14772727272727273,-0.4431818181818182,0.25,-0.5909090909090909,0.32954545454545453,-0.5568181818181818,0.29545454545454547,-0.48863636363636365,0.23863636363636365
1,0.0,0.0,-0.4024390243902439,-0.21951219512195122,-0.7682926829268293,-0.1951219512195122,-1.0,0.036585365853658534,-0.9512195121951219,0.2804878048780488,-0.7682926829268293,-0.07317073170731707,-0.9512195121951219,-0.024390243902439025,-0.9024390243902439,-0.06097560975609756,-0.8170731707317073,-0.08536585365853659,-0.7073170731707317,0.0975609756097561,-0.9024390243902439,0.18292682926829268,-0.8048780487804879,0.0975609756097561,-0.6951219512195121,0.04878048780487805,-0.6097560975609756,0.24390243902439024,-0.7926829268292683,0.32926829268292684,-0.6585365853658537,0.18292682926829268,-0.524390243902439,0.10975609756097561,-0.4878048780487805,0.4024390243902439,-0.6829268292682927,0.4268292682926829,-0.573170731707317,0.3170731707317073,-0.45121951219512196,0.23170731707317074
1,0.0,0.0,-0.37662337662337664,-0.22077922077922077,-0.7532467532467533,-0.19480519480519481,-1.0,0.025974025974025976,-1.0,0.2727272727272727,-0.7922077922077922,0.025974025974025976,-1.0,0.07792207792207792,-0.8961038961038961,0.0,-0.7922077922077922,-0.012987012987012988,-0.7272727272727273,0.18181818181818182,-0.948051948051948,0.24675324675324675,-0.7532467532467533,0.1038961038961039,-0.5974025974025974,0.06493506493506493,-0.6233766233766234,0.33766233766233766,-0.8441558441558441,0.37662337662337664,-0.6493506493506493,0.19480519480519481,-0.4805194805194805,0.14285714285714285,-0.4805194805194805,0.4935064935064935,-0.7142857142857143,0.4805194805194805,-0.5974025974025974,0.3246753246753247,-0.45454545454545453,0.2857142857142857
1,0.0,0.0,-0.36,-0.22666666666666666,-0.7466666666666667,-0.2,-0.9866666666666667,0.05333333333333334,-0.9866666666666667,0.29333333333333333,-0.7866666666666666,0.04,-1.0,0.08,-0.8533333333333334,-0.04,-0.7333333333333333,-0.04,-0.7066666666666667,0.21333333333333335,-0.9466666666666667,0.25333333333333335,-0.72,0.08,-0.56,0.06666666666666667,-0.6133333333333333,0.36,-0.84,0.38666666666666666,-0.6133333333333333,0.18666666666666668,-0.4533333333333333,0.16,-0.4666666666666667,0.52,-0.7066666666666667,0.49333333333333335,-0.5733333333333334,0.3333333333333333,-0.4533333333333333,0.30666666666666664
1,0.0,0.0,-0.3783783783783784,-0.22972972972972974,-0.7567567567567568,-0.1891891891891892,-1.0,0.05405405405405406,-0.9864864864864865,0.2972972972972973,-0.7972972972972973,0.02702702702702703,-0.9864864864864865,0.04054054054054054,-0.8513513513513513,-0.06756756756756757,-0.7162162162162162,-0.06756756756756757,-0.7027027027027027,0.20270270270270271,-0.9459459459459459,0.24324324324324326,-0.7162162162162162,0.06756756756756757,-0.5540540540540541,0.06756756756756757,-0.6081081081081081,0.36486486486486486,-0.8378378378378378,0.3783783783783784,-0.6081081081081081,0.17567567567567569,-0.44594594594594594,0.14864864864864866,-0.47297297297297297,0.527027027027027,-0.7162162162162162,0.5,-0.581081081081081,0.33783783783783783,-0.44594594594594594,0.32432432432432434
1,0.0,0.0,-0.35135135135135137,-0.24324324324324326,-0.7432432432432432,-0.22972972972972974,-1.0,0.013513513513513514,-0.9594594594594594,0.25675675675675674,-0.7972972972972973,-0.013513513513513514,-1.0,-0.013513513513513514,-0.8378378378378378,-0.0945945945945946,-0.7027027027027027,-0.06756756756756757,-0.7162162162162162,0.17567567567567569,-0.9459459459459459,0.20270270270270271,-0.7162162162162162,0.04054054054054054,-0.5405405405405406,0.04054054054054054,-0.6216216216216216,0.33783783783783783,-0.8513513513513513,0.35135135135135137,-0.6081081081081081,0.14864864864864866,-0.43243243243243246,0.13513513513513514,-0.4864864864864865,0.5,-0.7297297297297297,0.47297297297297297,-0.5945945945945946,0.32432432432432434,-0.4594594594594595,0.3108108108108108
1,0.0,0.0,-0.3333333333333333,-0.24,-0.7333333333333333,-0.24,-0.9866666666666667,-0.013333333333333334,-0.9733333333333334,0.24,-0.8,-0.02666666666666667,-1.0,-0.04,-0.84,-0.13333333333333333,-0.7066666666666667,-0.10666666666666667,-0.7333333333333333,0.14666666666666667,-0.96,0.17333333333333334,-0.72,0.02666666666666667,-0.5733333333333334,0.02666666666666667,-0.64,0.32,-0.8533333333333334,0.3333333333333333,-0.6133333333333333,0.13333333333333333,-0.44,0.12,-0.5066666666666667,0.49333333333333335,-0.7466666666666667,0.4533333333333333,-0.6,0.30666666666666664,-0.4666666666666667,0.29333333333333333
1,0.0,0.0,-0.3157894736842105,-0.25,-0.7236842105263158,-0.2631578947368421,-0.9868421052631579,-0.02631578947368421,-0.9868421052631579,0.2236842105263158,-0.8026315789473685,-0.06578947368421052,-1.0,-0.07894736842105263,-0.8289473684210527,-0.14473684210526316,-0.6973684210526315,-0.10526315789473684,-0.7368421052631579,0.11842105263157894,-0.9736842105263158,0.14473684210526316,-0.7368421052631579,0.013157894736842105,-0.5789473684210527,0.02631578947368421,-0.6578947368421053,0.2894736842105263,-0.881578947368421,0.3026315789473684,-0.631578947368421,0.11842105263157894,-0.4605263157894737,0.11842105263157894,-0.5394736842105263,0.47368421052631576,-0.7631578947368421,0.4342105263157895,-0.618421052631579,0.3026315789473684,-0.4868421052631579,0.2894736842105263
1,0.0,0.0,-0.2857142857142857,-0.2597402597402597,-0.6883116883116883,-0.2987012987012987,-0.961038961038961,-0.06493506493506493,-0.987012987012987,0.19480519480519481,-0.7792207792207793,-0.1038961038961039,-1.0,-0.11688311688311688,-0.8181818181818182,-0.16883116883116883,-0.6883116883116883,-0.12987012987012986,-0.7272727272727273,0.07792207792207792,-0.987012987012987,0.1038961038961039,-0.7272727272727273,-0.025974025974025976,-0.5844155844155844,0.0,-0.6493506493506493,0.2597402597402597,-0.8831168831168831,0.2727272727272727,-0.6233766233766234,0.1038961038961039,-0.4675324675324675,0.1038961038961039,-0.5454545454545454,0.44155844155844154,-0.7662337662337663,0.4025974025974026,-0.5974025974025974,0.2727272727272727,-0.4805194805194805,0.2857142857142857
1,0.0,0.0,-0.2375,-0.225,-0.65,-0.3,-0.925,-0.0875,-0.975,0.175,-0.775,-0.15,-1.0,-0.15,-0.7875,-0.1875,-0.6875,-0.1375,-0.7375,0.05,-0.975,0.0625,-0.7125,-0.0375,-0.6125,0.0,-0.675,0.225,-0.8875,0.25,-0.6125,0.1,-0.4875,0.1125,-0.575,0.4125,-0.7625,0.375,-0.5875,0.2625,-0.4875,0.275
1,0.0,0.0,-0.20481927710843373,-0.2289156626506024,-0.6024096385542169,-0.3132530120481928,-0.891566265060241,-0.12048192771084337,-0.963855421686747,0.13253012048192772,-0.7469879518072289,-0.1686746987951807,-1.0,-0.18072289156626506,-0.7710843373493976,-0.20481927710843373,-0.6867469879518072,-0.1686746987951807,-0.7349397590361446,0.012048192771084338,-0.9759036144578314,0.024096385542168676,-0.6987951807228916,-0.04819277108433735,-0.6144578313253012,-0.024096385542168676,-0.6626506024096386,0.1927710843373494,-0.8795180722891566,0.20481927710843373,-0.6024096385542169,0.08433734939759036,-0.4939759036144578,0.0963855421686747,-0.5783132530120482,0.3855421686746988,-0.7469879518072289,0.3373493975903614,-0.5783132530120482,0.2289156626506024,-0.4939759036144578,0.24096385542168675
1,0.0,0.0,-0.19767441860465115,-0.23255813953488372,-0.5697674418604651,-0.3372093023255814,-0.8488372093023255,-0.16279069767441862,-0.9302325581395349,0.06976744186046512,-0.7558139534883721,-0.19767441860465115,-1.0,-0.20930232558139536,-0.7558139534883721,-0.23255813953488372,-0.6744186046511628,-0.22093023255813954,-0.7441860465116279,-0.011627906976744186,-0.9767441860465116,-0.011627906976744186,-0.686046511627907,-0.08139534883720931,-0.6162790697674418,-0.03488372093023256,-0.6744186046511628,0.1744186046511628,-0.872093023255814,0.16279069767441862,-0.6046511627906976,0.05813953488372093,-0.5232558139534884,0.08139534883720931,-0.5930232558139535,0.36046511627906974,-0.7558139534883721,0.3023255813953488,-0.5813953488372093,0.19767441860465115,-0.5,0.20930232558139536
1,0.0,0.0,-0.1744186046511628,-0.23255813953488372,-0.5116279069767442,-0.3953488372093023,-0.7790697674418605,-0.23255813953488372,-0.8837209302325582,-0.011627906976744186,-0.7790697674418605,-0.22093023255813954,-1.0,-0.23255813953488372,-0.7325581395348837,-0.2558139534883721,-0.6744186046511628,-0.23255813953488372,-0.7558139534883721,-0.011627906976744186,-0.9651162790697675,-0.046511627906976744,-0.6511627906976745,-0.11627906976744186,-0.627906976744186,-0.06976744186046512,-0.6976744186046512,0.16279069767441862,-0.8488372093023255,0.12790697674418605,-0.5581395348837209,0.023255813953488372,-0.5348837209302325,0.06976744186046512,-0.6046511627906976,0.3488372093023256,-0.7441860465116279,0.26744186046511625,-0.5465116279069767,0.1744186046511628,-0.5116279069767442,0.22093023255813954
1,0.0,0.0,-0.18604651162790697,-0.2441860465116279,-0.4883720930232558,-0.43023255813953487,-0.7441860465116279,-0.3023255813953488,-0.872093023255814,-0.09302325581395349,-0.8255813953488372,-0.2441860465116279,-1.0,-0.3023255813953488,-0.7325581395348837,-0.32558139534883723,-0.6744186046511628,-0.29069767441860467,-0.8255813953488372,-0.03488372093023256,-0.9651162790697675,-0.11627906976744186,-0.6511627906976745,-0.16279069767441862,-0.6395348837209303,-0.10465116279069768,-0.7674418604651163,0.1511627906976744,-0.8604651162790697,0.06976744186046512,-0.5813953488372093,-0.011627906976744186,-0.5581395348837209,0.03488372093023256,-0.6744186046511628,0.3372093023255814,-0.7558139534883721,0.22093023255813954,-0.5697674418604651,0.12790697674418605,-0.5348837209302325,0.1744186046511628
1,0.0,0.0,-0.16470588235294117,-0.24705882352941178,-0.4823529411764706,-0.4470588235294118,-0.7411764705882353,-0.32941176470588235,-0.8470588235294118,-0.10588235294117647,-0.8588235294117647,-0.24705882352941178,-1.0,-0.3176470588235294,-0.7176470588235294,-0.3411764705882353,-0.6705882352941176,-0.3058823529411765,-0.8588235294117647,-0.023529411764705882,-0.9647058823529412,-0.11764705882352941,-0.6352941176470588,-0.17647058823529413,-0.6352941176470588,-0.11764705882352941,-0.788235294117647,0.16470588235294117,-0.8470588235294118,0.058823529411764705,-0.5529411764705883,-0.03529411764705882,-0.5411764705882353,0.023529411764705882,-0.6941176470588235,0.35294117647058826,-0.7411764705882353,0.21176470588235294,-0.5411764705882353,0.11764705882352941,-0.5058823529411764,0.16470588235294117
1,0.0,0.0,-0.14285714285714285,-0.2619047619047619,-0.47619047619047616,-0.4523809523809524,-0.7380952380952381,-0.32142857142857145,-0.8452380952380952,-0.07142857142857142,-0.9166666666666666,-0.20238095238095238,-1.0,-0.30952380952380953,-0.7142857142857143,-0.3333333333333333,-0.6785714285714286,-0.27380952380952384,-0.9166666666666666,0.023809523809523808,-0.9523809523809523,-0.10714285714285714,-0.6309523809523809,-0.16666666666666666,-0.6547619047619048,-0.09523809523809523,-0.8333333333333334,0.21428571428571427,-0.8095238095238095,0.08333333333333333,-0.5238095238095238,-0.023809523809523808,-0.5476190476190477,0.03571428571428571,-0.7142857142857143,0.39285714285714285,-0.6785714285714286,0.2261904761904762,-0.5,0.13095238095238096,-0.4880952380952381,0.19047619047619047
1,0.0,0.0,-0.1566265060240964,-0.25301204819277107,-0.4819277108433735,-0.4457831325301205,-0.7349397590361446,-0.30120481927710846,-0.8313253012048193,-0.03614457831325301,-0.9518072289156626,-0.1686746987951807,-1.0,-0.27710843373493976,-0.7108433734939759,-0.3132530120481928,-0.6746987951807228,-0.26506024096385544,-0.927710843373494,0.07228915662650602,-0.9518072289156626,-0.060240963855421686,-0.6265060240963856,-0.13253012048192772,-0.6626506024096386,-0.07228915662650602,-0.8433734939759037,0.26506024096385544,-0.7951807228915663,0.10843373493975904,-0.5301204819277109,0.0,-0.5542168674698795,0.060240963855421686,-0.7108433734939759,0.42168674698795183,-0.6626506024096386,0.25301204819277107,-0.4939759036144578,0.1566265060240964,-0.4819277108433735,0.20481927710843373
1,0.0,0.0,-0.15476190476190477,-0.23809523809523808,-0.5,-0.4166666666666667,-0.75,-0.25,-0.8214285714285714,0.023809523809523808,-0.9404761904761905,-0.15476190476190477,-1.0,-0.23809523809523808,-0.7142857142857143,-0.27380952380952384,-0.6785714285714286,-0.2261904761904762,-0.9404761904761905,0.09523809523809523,-0.9523809523809523,-0.011904761904761904,-0.6428571428571429,-0.09523809523809523,-0.6666666666666666,-0.047619047619047616,-0.8452380952380952,0.27380952380952384,-0.7857142857142857,0.14285714285714285,-0.5357142857142857,0.023809523809523808,-0.5595238095238095,0.07142857142857142,-0.7142857142857143,0.44047619047619047,-0.6428571428571429,0.2857142857142857,-0.4880952380952381,0.16666666666666666,-0.5,0.19047619047619047
1,0.0,0.0,-0.15294117647058825,-0.23529411764705882,-0.5058823529411764,-0.3764705882352941,-0.7411764705882353,-0.18823529411764706,-0.8117647058823529,0.09411764705882353,-0.9176470588235294,-0.1411764705882353,-1.0,-0.18823529411764706,-0.7411764705882353,-0.23529411764705882,-0.6941176470588235,-0.2,-0.9058823529411765,0.09411764705882353,-0.9411764705882353,0.03529411764705882,-0.6470588235294118,-0.07058823529411765,-0.6823529411764706,-0.023529411764705882,-0.8117647058823529,0.2823529411764706,-0.788235294117647,0.2,-0.5411764705882353,0.058823529411764705,-0.5647058823529412,0.08235294117647059,-0.6823529411764706,0.4470588235294118,-0.6470588235294118,0.32941176470588235,-0.49411764705882355,0.2,-0.49411764705882355,0.21176470588235294
1,0.0,0.0,-0.16279069767441862,-0.23255813953488372,-0.5116279069767442,-0.36046511627906974,-0.7441860465116279,-0.16279069767441862,-0.8023255813953488,0.11627906976744186,-0.9302325581395349,-0.13953488372093023,-1.0,-0.16279069767441862,-0.7325581395348837,-0.20930232558139536,-0.6976744186046512,-0.18604651162790697,-0.9069767441860465,0.09302325581395349,-0.9302325581395349,0.05813953488372093,-0.6395348837209303,-0.046511627906976744,-0.686046511627907,-0.011627906976744186,-0.813953488372093,0.27906976744186046,-0.7790697674418605,0.23255813953488372,-0.5348837209302325,0.08139534883720931,-0.5697674418604651,0.10465116279069768,-0.686046511627907,0.45348837209302323,-0.6395348837209303,0.36046511627906974,-0.47674418604651164,0.23255813953488372,-0.5,0.23255813953488372
1,0.0,0.0,-0.1744186046511628,-0.23255813953488372,-0.5232558139534884,-0.3488372093023256,-0.7441860465116279,-0.13953488372093023,-0.8023255813953488,0.1511627906976744,-0.9418604651162791,-0.11627906976744186,-1.0,-0.12790697674418605,-0.7325581395348837,-0.18604651162790697,-0.6976744186046512,-0.1744186046511628,-0.9186046511627907,0.11627906976744186,-0.9302325581395349,0.09302325581395349,-0.6395348837209303,-0.023255813953488372,-0.686046511627907,0.0,-0.813953488372093,0.3023255813953488,-0.7674418604651163,0.2558139534883721,-0.5232558139534884,0.10465116279069768,-0.5697674418604651,0.10465116279069768,-0.686046511627907,0.47674418604651164,-0.6162790697674418,0.38372093023255816,-0.46511627906976744,0.2441860465116279,-0.4883720930232558,0.2441860465116279
1,0.0,0.0,-0.1724137931034483,-0.21839080459770116,-0.5172413793103449,-0.3333333333333333,-0.735632183908046,-0.11494252873563218,-0.7931034482758621,0.1724137931034483,-0.9310344827586207,-0.12643678160919541,-1.0,-0.11494252873563218,-0.7241379310344828,-0.1724137931034483,-0.6896551724137931,-0.1839080459770115,-0.9080459770114943,0.10344827586206896,-0.9425287356321839,0.11494252873563218,-0.6551724137931034,-0.011494252873563218,-0.6666666666666666,0.0,-0.8045977011494253,0.2988505747126437,-0.7701149425287356,0.26436781609195403,-0.5287356321839081,0.11494252873563218,-0.5402298850574713,0.10344827586206896,-0.6666666666666666,0.45977011494252873,-0.6206896551724138,0.39080459770114945,-0.45977011494252873,0.25287356321839083,-0.4827586206896552,0.22988505747126436
1,0.0,0.0,-0.16853932584269662,-0.2247191011235955,-0.5168539325842697,-0.3258426966292135,-0.7415730337078652,-0.10112359550561797,-0.797752808988764,0.1797752808988764,-0.9325842696629213,-0.1348314606741573,-1.0,-0.12359550561797752,-0.7415730337078652,-0.19101123595505617,-0.6966292134831461,-0.20224719101123595,-0.9101123595505618,0.0898876404494382,-0.9438202247191011,0.0898876404494382,-0.6404494382022472,-0.02247191011235955,-0.6853932584269663,-0.011235955056179775,-0.8089887640449438,0.2696629213483146,-0.7640449438202247,0.25842696629213485,-0.5280898876404494,0.11235955056179775,-0.5730337078651685,0.10112359550561797,-0.6853932584269663,0.449438202247191,-0.6067415730337079,0.38202247191011235,-0.4606741573033708,0.25842696629213485,-0.4943820224719101,0.24719101123595505
1,0.0,0.0,-0.18478260869565216,-0.21739130434782608,-0.5217391304347826,-0.31521739130434784,-0.717391304347826,-0.06521739130434782,-0.7717391304347826,0.20652173913043478,-0.9347826086956522,-0.14130434782608695,-1.0,-0.10869565217391304,-0.7391304347826086,-0.18478260869565216,-0.6956521739130435,-0.21739130434782608,-0.9130434782608695,0.08695652173913043,-0.9456521739130435,0.09782608695652174,-0.6630434782608695,-0.021739130434782608,-0.6739130434782609,-0.021739130434782608,-0.8152173913043478,0.2717391304347826,-0.782608695652174,0.2717391304347826,-0.5434782608695652,0.11956521739130435,-0.5652173913043478,0.10869565217391304,-0.6956521739130435,0.43478260869565216,-0.6304347826086957,0.391304347826087,-0.4782608695652174,0.2717391304347826,-0.4891304347826087,0.2391304347826087
1,0.0,0.0,-0.18085106382978725,-0.24468085106382978,-0.5212765957446809,-0.2978723404255319,-0.7127659574468085,-0.031914893617021274,-0.7446808510638298,0.24468085106382978,-0.925531914893617,-0.1702127659574468,-1.0,-0.11702127659574468,-0.7446808510638298,-0.18085106382978725,-0.6914893617021277,-0.2127659574468085,-0.8936170212765957,0.05319148936170213,-0.9468085106382979,0.11702127659574468,-0.6702127659574468,0.0,-0.6595744680851063,-0.02127659574468085,-0.7978723404255319,0.23404255319148937,-0.7872340425531915,0.2872340425531915,-0.5531914893617021,0.14893617021276595,-0.5638297872340425,0.10638297872340426,-0.6702127659574468,0.40425531914893614,-0.6382978723404256,0.39361702127659576,-0.48936170212765956,0.2872340425531915,-0.5,0.24468085106382978
1,0.0,0.0,-0.16326530612244897,-0.21428571428571427,-0.47959183673469385,-0.24489795918367346,-0.673469387755102,0.01020408163265306,-0.7346938775510204,0.25510204081632654,-0.8367346938775511,-0.21428571428571427,-1.0,-0.10204081632653061,-0.7653061224489796,-0.14285714285714285,-0.6938775510204082,-0.19387755102040816,-0.8163265306122449,0.01020408163265306,-0.9591836734693877,0.12244897959183673,-0.6836734693877551,0.030612244897959183,-0.673469387755102,-0.02040816326530612,-0.7346938775510204,0.20408163265306123,-0.7959183673469388,0.29591836734693877,-0.5612244897959183,0.17346938775510204,-0.5612244897959183,0.11224489795918367,-0.6224489795918368,0.37755102040816324,-0.6326530612244898,0.3877551020408163,-0.46938775510204084,0.2857142857142857,-0.47959183673469385,0.23469387755102042
1,0.0,0.0,-0.1553398058252427,-0.18446601941747573,-0.4563106796116505,-0.1941747572815534,-0.6310679611650486,0.06796116504854369,-0.6990291262135923,0.3106796116504854,-0.8543689320388349,-0.17475728155339806,-1.0,-0.07766990291262135,-0.7864077669902912,-0.10679611650485436,-0.6893203883495146,-0.1553398058252427,-0.8349514563106796,0.038834951456310676,-0.970873786407767,0.11650485436893204,-0.7087378640776699,0.05825242718446602,-0.6699029126213593,0.009708737864077669,-0.7572815533980582,0.23300970873786409,-0.8155339805825242,0.2912621359223301,-0.5922330097087378,0.1941747572815534,-0.5728155339805825,0.14563106796116504,-0.6601941747572816,0.39805825242718446,-0.6893203883495146,0.4077669902912621,-0.5436893203883495,0.3106796116504854,-0.5242718446601942,0.2621359223300971
1,0.0,0.0,-0.17475728155339806,-0.20388349514563106,-0.4368932038834951,-0.1941747572815534,-0.6213592233009708,0.06796116504854369,-0.7184466019417476,0.2912621359223301,-0.883495145631068,-0.24271844660194175,-1.0,-0.10679611650485436,-0.7766990291262136,-0.10679611650485436,-0.6796116504854369,-0.17475728155339806,-0.8737864077669902,-0.009708737864077669,-0.9902912621359223,0.0970873786407767,-0.7184466019417476,0.04854368932038835,-0.6699029126213593,-0.009708737864077669,-0.8058252427184466,0.20388349514563106,-0.8349514563106796,0.2815533980582524,-0.5922330097087378,0.20388349514563106,-0.5825242718446602,0.1262135922330097,-0.6990291262135923,0.36893203883495146,-0.6990291262135923,0.39805825242718446,-0.5339805825242718,0.32038834951456313,-0.5242718446601942,0.2524271844660194
1,0.0,0.0,-0.1523809523809524,-0.2,-0.41904761904761906,-0.19047619047619047,-0.6095238095238096,0.0761904761904762,-0.7428571428571429,0.2761904761904762,-0.8857142857142857,-0.2857142857142857,-1.0,-0.12380952380952381,-0.7714285714285715,-0.12380952380952381,-0.6571428571428571,-0.19047619047619047,-0.8857142857142857,-0.047619047619047616,-0.9809523809523809,0.09523809523809523,-0.7142857142857143,0.047619047619047616,-0.6666666666666666,-0.02857142857142857,-0.819047619047619,0.17142857142857143,-0.8285714285714286,0.29523809523809524,-0.580952380952381,0.20952380952380953,-0.580952380952381,0.12380952380952381,-0.7142857142857143,0.34285714285714286,-0.6952380952380952,0.4095238095238095,-0.5238095238095238,0.3333333333333333,-0.5238095238095238,0.2571428571428571
1,0.0,0.0,-0.14563106796116504,-0.1941747572815534,-0.42718446601941745,-0.18446601941747573,-0.6213592233009708,0.10679611650485436,-0.7475728155339806,0.33980582524271846,-0.9805825242718447,-0.2815533980582524,-1.0,-0.08737864077669903,-0.7378640776699029,-0.11650485436893204,-0.6893203883495146,-0.20388349514563106,-0.9902912621359223,-0.038834951456310676,-0.970873786407767,0.14563106796116504,-0.6893203883495146,0.05825242718446602,-0.6990291262135923,-0.038834951456310676,-0.912621359223301,0.18446601941747573,-0.8446601941747572,0.3300970873786408,-0.5922330097087378,0.23300970873786409,-0.6407766990291263,0.13592233009708737,-0.7961165048543689,0.3786407766990291,-0.7378640776699029,0.4563106796116505,-0.5631067961165048,0.36893203883495146,-0.5922330097087378,0.2912621359223301
1,0.0,0.0,-0.09803921568627451,-0.16666666666666666,-0.3627450980392157,-0.18627450980392157,-0.5686274509803921,0.10784313725490197,-0.7058823529411765,0.3431372549019608,-0.9509803921568627,-0.3431372549019608,-0.9117647058823529,-0.08823529411764706,-0.6666666666666666,-0.14705882352941177,-0.6372549019607843,-0.2549019607843137,-1.0,-0.08823529411764706,-0.9117647058823529,0.14705882352941177,-0.6274509803921569,0.049019607843137254,-0.6568627450980392,-0.058823529411764705,-0.9313725490196079,0.13725490196078433,-0.8235294117647058,0.3333333333333333,-0.5588235294117647,0.23529411764705882,-0.5980392156862745,0.12745098039215685,-0.8137254901960784,0.3431372549019608,-0.7352941176470589,0.45098039215686275,-0.5490196078431373,0.3627450980392157,-0.5686274509803921,0.28431372549019607
1,0.0,0.0,-0.09615384615384616,-0.15384615384615385,-0.36538461538461536,-0.16346153846153846,-0.5865384615384616,0.125,-0.7211538461538461,0.375,-0.9423076923076923,-0.3557692307692308,-0.9134615384615384,-0.057692307692307696,-0.6634615384615384,-0.125,-0.6442307692307693,-0.25,-1.0,-0.11538461538461539,-0.9230769230769231,0.16346153846153846,-0.6346153846153846,0.0673076923076923,-0.6634615384615384,-0.057692307692307696,-0.9423076923076923,0.11538461538461539,-0.8557692307692307,0.34615384615384615,-0.5865384615384616,0.25,-0.625,0.125,-0.8461538461538461,0.33653846153846156,-0.7692307692307693,0.46153846153846156,-0.5865384615384616,0.375,-0.5961538461538461,0.27884615384615385
1,0.0,0.0,-0.0970873786407767,-0.18446601941747573,-0.3592233009708738,-0.20388349514563106,-0.5728155339805825,0.10679611650485436,-0.7184466019417476,0.36893203883495146,-0.941747572815534,-0.3883495145631068,-0.912621359223301,-0.06796116504854369,-0.6504854368932039,-0.1262135922330097,-0.6019417475728155,-0.2524271844660194,-1.0,-0.1553398058252427,-0.9223300970873787,0.1553398058252427,-0.6407766990291263,0.06796116504854369,-0.6407766990291263,-0.06796116504854369,-0.9611650485436893,0.08737864077669903,-0.8640776699029126,0.33980582524271846,-0.5922330097087378,0.24271844660194175,-0.6213592233009708,0.11650485436893204,-0.8640776699029126,0.30097087378640774,-0.7766990291262136,0.44660194174757284,-0.5922330097087378,0.36893203883495146,-0.5825242718446602,0.2621359223300971
1,0.0,0.0,-0.0891089108910891,-0.1485148514851485,-0.3465346534653465,-0.12871287128712872,-0.5841584158415841,0.16831683168316833,-0.7425742574257426,0.44554455445544555,-0.9306930693069307,-0.38613861386138615,-0.9108910891089109,-0.0297029702970297,-0.6336633663366337,-0.0891089108910891,-0.594059405940594,-0.22772277227722773,-1.0,-0.16831683168316833,-0.9405940594059405,0.18811881188118812,-0.6435643564356436,0.10891089108910891,-0.6435643564356436,-0.04950495049504951,-0.9603960396039604,0.06930693069306931,-0.900990099009901,0.36633663366336633,-0.6237623762376238,0.2871287128712871,-0.6138613861386139,0.13861386138613863,-0.8811881188118812,0.297029702970297,-0.8118811881188119,0.4752475247524752,-0.6237623762376238,0.4158415841584158,-0.594059405940594,0.297029702970297
1,0.0,0.0,-0.061224489795918366,-0.12244897959183673,-0.32653061224489793,-0.11224489795918367,-0.5918367346938775,0.1836734693877551,-0.7551020408163265,0.47959183673469385,-0.9387755102040817,-0.40816326530612246,-0.9183673469387755,-0.02040816326530612,-0.6326530612244898,-0.08163265306122448,-0.6122448979591837,-0.22448979591836735,-1.0,-0.1836734693877551,-0.9489795918367347,0.21428571428571427,-0.6326530612244898,0.11224489795918367,-0.6530612244897959,-0.05102040816326531,-0.9693877551020408,0.061224489795918366,-0.8877551020408163,0.37755102040816324,-0.6020408163265306,0.29591836734693877,-0.6428571428571429,0.1326530612244898,-0.8979591836734694,0.29591836734693877,-0.8163265306122449,0.47959183673469385,-0.6326530612244898,0.41836734693877553,-0.6224489795918368,0.30612244897959184
1,0.0,0.0,-0.061224489795918366,-0.11224489795918367,-0.3163265306122449,-0.08163265306122448,-0.5714285714285714,0.20408163265306123,-0.7448979591836735,0.5,-0.9285714285714286,-0.3979591836734694,-0.9081632653061225,0.01020408163265306,-0.6224489795918368,-0.061224489795918366,-0.6020408163265306,-0.21428571428571427,-1.0,-0.1836734693877551,-0.9387755102040817,0.22448979591836735,-0.6224489795918368,0.12244897959183673,-0.6428571428571429,-0.05102040816326531,-0.9693877551020408,0.061224489795918366,-0.8775510204081632,0.37755102040816324,-0.5918367346938775,0.29591836734693877,-0.6326530612244898,0.14285714285714285,-0.9081632653061225,0.29591836734693877,-0.826530612244898,0.47959183673469385,-0.6326530612244898,0.41836734693877553,-0.6326530612244898,0.29591836734693877
1,0.0,0.0,-0.08333333333333333,-0.13541666666666666,-0.375,-0.10416666666666667,-0.6354166666666666,0.20833333333333334,-0.8125,0.4895833333333333,-0.9270833333333334,-0.4270833333333333,-0.9583333333333334,-0.052083333333333336,-0.6458333333333334,-0.11458333333333333,-0.6041666666666666,-0.2604166666666667,-1.0,-0.20833333333333334,-0.9895833333333334,0.15625,-0.6666666666666666,0.07291666666666667,-0.6666666666666666,-0.09375,-0.9791666666666666,0.03125,-0.9270833333333334,0.3333333333333333,-0.6354166666666666,0.25,-0.65625,0.09375,-0.9166666666666666,0.2708333333333333,-0.8541666666666666,0.4479166666666667,-0.6666666666666666,0.3645833333333333,-0.6458333333333334,0.25
1,0.0,0.0,-0.09900990099009901,-0.13861386138613863,-0.40594059405940597,-0.12871287128712872,-0.6633663366336634,0.1782178217821782,-0.8415841584158416,0.43564356435643564,-0.8910891089108911,-0.40594059405940597,-0.9603960396039604,-0.07920792079207921,-0.6831683168316832,-0.12871287128712872,-0.6138613861386139,-0.25742574257425743,-0.9603960396039604,-0.18811881188118812,-1.0,0.12871287128712872,-0.693069306930693,0.0594059405940594,-0.6732673267326733,-0.07920792079207921,-0.9306930693069307,0.04950495049504951,-0.9405940594059405,0.31683168316831684,-0.6534653465346535,0.24752475247524752,-0.6633663366336634,0.10891089108910891,-0.8613861386138614,0.27722772277227725,-0.8514851485148515,0.43564356435643564,-0.6732673267326733,0.36633663366336633,-0.6633663366336634,0.26732673267326734
1,0.0,0.0,-0.10891089108910891,-0.15841584158415842,-0.4158415841584158,-0.13861386138613863,-0.693069306930693,0.15841584158415842,-0.8613861386138614,0.4158415841584158,-0.8514851485148515,-0.45544554455445546,-0.9603960396039604,-0.12871287128712872,-0.6831683168316832,-0.15841584158415842,-0.6138613861386139,-0.2871287128712871,-0.9108910891089109,-0.22772277227722773,-1.0,0.09900990099009901,-0.7029702970297029,0.039603960396039604,-0.6732673267326733,-0.0891089108910891,-0.900990099009901,0.009900990099009901,-0.9207920792079208,0.26732673267326734,-0.6534653465346535,0.19801980198019803,-0.6534653465346535,0.07920792079207921,-0.8514851485148515,0.2376237623762376,-0.8514851485148515,0.36633663366336633,-0.6831683168316832,0.31683168316831684,-0.6732673267326733,0.2376237623762376
2,0.0,0.0,-0.075,-0.2,-0.19,-0.365,-0.3,-0.5,-0.405,-0.605,-0.525,-0.21,-0.73,-0.26,-0.865,-0.275,-0.97,-0.29,-0.54,-0.09,-0.755,-0.11,-0.895,-0.105,-1.0,-0.1,-0.525,0.01,-0.71,0.015,-0.83,0.02,-0.925,0.03,-0.48,0.115,-0.595,0.165,-0.67,0.2,-0.735,0.23
2,0.0,0.0,0.0,-0.10869565217391304,-0.07065217391304347,-0.21195652173913043,-0.14130434782608695,-0.31521739130434784,-0.22282608695652173,-0.44565217391304346,-0.45108695652173914,-0.266304347826087,-0.6630434782608695,-0.3532608695652174,-0.8152173913043478,-0.41304347826086957,-0.9293478260869565,-0.45108695652173914,-0.4782608695652174,-0.20108695652173914,-0.7119565217391305,-0.2826086956521739,-0.8695652173913043,-0.32608695652173914,-1.0,-0.375,-0.4782608695652174,-0.14130434782608695,-0.6793478260869565,-0.20652173913043478,-0.8206521739130435,-0.2391304347826087,-0.9239130434782609,-0.266304347826087,-0.45652173913043476,-0.07608695652173914,-0.6032608695652174,-0.08152173913043478,-0.7010869565217391,-0.08695652173913043,-0.7771739130434783,-0.10326086956521739
2,0.0,0.0,0.02197802197802198,-0.09340659340659341,-0.038461538461538464,-0.18681318681318682,-0.0989010989010989,-0.29120879120879123,-0.1813186813186813,-0.42857142857142855,-0.4230769230769231,-0.2692307692307692,-0.6428571428571429,-0.3626373626373626,-0.8021978021978022,-0.42857142857142855,-0.9230769230769231,-0.4725274725274725,-0.45604395604395603,-0.2087912087912088,-0.7032967032967034,-0.3021978021978022,-0.8626373626373627,-0.3516483516483517,-1.0,-0.4010989010989011,-0.46703296703296704,-0.15384615384615385,-0.6703296703296703,-0.22527472527472528,-0.8186813186813187,-0.25824175824175827,-0.9230769230769231,-0.29120879120879123,-0.45604395604395603,-0.09340659340659341,-0.6043956043956044,-0.0989010989010989,-0.7087912087912088,-0.10989010989010989,-0.7857142857142857,-0.13186813186813187
2,0.0,0.0,0.03314917127071823,-0.08287292817679558,-0.016574585635359115,-0.16574585635359115,-0.07734806629834254,-0.27071823204419887,-0.16022099447513813,-0.40331491712707185,-0.4088397790055249,-0.281767955801105,-0.6353591160220995,-0.3812154696132597,-0.7845303867403315,-0.44751381215469616,-0.9116022099447514,-0.4972375690607735,-0.4530386740331492,-0.23204419889502761,-0.6961325966850829,-0.3259668508287293,-0.861878453038674,-0.3812154696132597,-1.0,-0.43646408839779005,-0.46408839779005523,-0.17679558011049723,-0.6740331491712708,-0.24861878453038674,-0.8232044198895028,-0.287292817679558,-0.9337016574585635,-0.3314917127071823,-0.4585635359116022,-0.11049723756906077,-0.6077348066298343,-0.12154696132596685,-0.712707182320442,-0.13812154696132597,-0.7955801104972375,-0.16574585635359115
2,0.0,0.0,0.05056179775280899,-0.06741573033707865,0.016853932584269662,-0.14606741573033707,-0.028089887640449437,-0.23595505617977527,-0.11797752808988764,-0.3707865168539326,-0.38764044943820225,-0.2696629213483146,-0.6179775280898876,-0.3651685393258427,-0.7752808988764045,-0.43820224719101125,-0.898876404494382,-0.4943820224719101,-0.43258426966292135,-0.2247191011235955,-0.6910112359550562,-0.3202247191011236,-0.8651685393258427,-0.38202247191011235,-1.0,-0.43820224719101125,-0.449438202247191,-0.17415730337078653,-0.6685393258426966,-0.24719101123595505,-0.8258426966292135,-0.29213483146067415,-0.9382022471910112,-0.33146067415730335,-0.4438202247191011,-0.11797752808988764,-0.6067415730337079,-0.12921348314606743,-0.7134831460674157,-0.14606741573033707,-0.8033707865168539,-0.17415730337078653
2,0.0,0.0,0.056179775280898875,-0.06179775280898876,0.02247191011235955,-0.1404494382022472,-0.02247191011235955,-0.2303370786516854,-0.10112359550561797,-0.3539325842696629,-0.37640449438202245,-0.2752808988764045,-0.6067415730337079,-0.37640449438202245,-0.7696629213483146,-0.449438202247191,-0.898876404494382,-0.5,-0.42696629213483145,-0.2303370786516854,-0.6853932584269663,-0.3258426966292135,-0.8595505617977528,-0.38764044943820225,-1.0,-0.449438202247191,-0.4438202247191011,-0.1797752808988764,-0.6629213483146067,-0.25280898876404495,-0.8202247191011236,-0.29775280898876405,-0.9382022471910112,-0.34269662921348315,-0.4438202247191011,-0.12359550561797752,-0.6067415730337079,-0.1348314606741573,-0.7134831460674157,-0.15730337078651685,-0.8033707865168539,-0.1853932584269663
2,0.0,0.0,0.055865921787709494,-0.05027932960893855,0.027932960893854747,-0.12290502793296089,-0.01675977653631285,-0.20670391061452514,-0.09497206703910614,-0.33519553072625696,-0.37988826815642457,-0.2681564245810056,-0.6089385474860335,-0.3687150837988827,-0.7653631284916201,-0.441340782122905,-0.8938547486033519,-0.4972067039106145,-0.4245810055865922,-0.22905027932960895,-0.6815642458100558,-0.3240223463687151,-0.8603351955307262,-0.3854748603351955,-1.0,-0.44692737430167595,-0.441340782122905,-0.18435754189944134,-0.664804469273743,-0.2569832402234637,-0.8212290502793296,-0.29608938547486036,-0.9385474860335196,-0.3407821229050279,-0.441340782122905,-0.12849162011173185,-0.6033519553072626,-0.13966480446927373,-0.7150837988826816,-0.1564245810055866,-0.7988826815642458,-0.18994413407821228
2,0.0,0.0,0.062146892655367235,-0.05084745762711865,0.03389830508474576,-0.11864406779661017,-0.011299435028248588,-0.2033898305084746,-0.0903954802259887,-0.3333333333333333,-0.3728813559322034,-0.2711864406779661,-0.6045197740112994,-0.3728813559322034,-0.7627118644067796,-0.4463276836158192,-0.8926553672316384,-0.5028248587570622,-0.423728813559322,-0.23728813559322035,-0.6836158192090396,-0.327683615819209,-0.8587570621468926,-0.3898305084745763,-1.0,-0.4519774011299435,-0.4463276836158192,-0.1864406779661017,-0.6666666666666666,-0.2598870056497175,-0.8248587570621468,-0.3050847457627119,-0.9378531073446328,-0.3502824858757062,-0.4463276836158192,-0.13559322033898305,-0.6101694915254238,-0.14124293785310735,-0.7231638418079096,-0.15819209039548024,-0.807909604519774,-0.1864406779661017
2,0.0,0.0,0.055865921787709494,-0.05027932960893855,0.027932960893854747,-0.11731843575418995,-0.01675977653631285,-0.20670391061452514,-0.09497206703910614,-0.329608938547486,-0.3743016759776536,-0.2849162011173184,-0.6033519553072626,-0.37988826815642457,-0.7597765363128491,-0.45251396648044695,-0.888268156424581,-0.5083798882681564,-0.4301675977653631,-0.24022346368715083,-0.6871508379888268,-0.33519553072625696,-0.8603351955307262,-0.39664804469273746,-1.0,-0.4581005586592179,-0.45251396648044695,-0.18994413407821228,-0.6703910614525139,-0.2681564245810056,-0.8268156424581006,-0.30726256983240224,-0.9385474860335196,-0.35195530726256985,-0.45251396648044695,-0.1340782122905028,-0.6145251396648045,-0.1452513966480447,-0.7206703910614525,-0.16201117318435754,-0.8044692737430168,-0.19553072625698323
2,0.0,0.0,0.06179775280898876,-0.03932584269662921,0.028089887640449437,-0.10112359550561797,-0.011235955056179775,-0.1853932584269663,-0.08426966292134831,-0.3146067415730337,-0.3707865168539326,-0.2696629213483146,-0.601123595505618,-0.37640449438202245,-0.7584269662921348,-0.449438202247191,-0.8876404494382022,-0.5112359550561798,-0.43258426966292135,-0.23595505617977527,-0.6910112359550562,-0.33707865168539325,-0.8651685393258427,-0.398876404494382,-1.0,-0.46629213483146065,-0.449438202247191,-0.19101123595505617,-0.6685393258426966,-0.2696629213483146,-0.8258426966292135,-0.3202247191011236,-0.9438202247191011,-0.3651685393258427,-0.449438202247191,-0.1404494382022472,-0.6123595505617978,-0.15168539325842698,-0.7191011235955056,-0.17415730337078653,-0.8089887640449438,-0.20786516853932585
2,0.0,0.0,0.05847953216374269,0.0,0.03508771929824561,-0.04678362573099415,0.005847953216374269,-0.13450292397660818,-0.06432748538011696,-0.2631578947368421,-0.36257309941520466,-0.2631578947368421,-0.6023391812865497,-0.3742690058479532,-0.7602339181286549,-0.45614035087719296,-0.8947368421052632,-0.52046783625731,-0.4269005847953216,-0.24561403508771928,-0.6900584795321637,-0.3508771929824561,-0.8654970760233918,-0.4269005847953216,-1.0,-0.49707602339181284,-0.4502923976608187,-0.21052631578947367,-0.6783625730994152,-0.2982456140350877,-0.8304093567251462,-0.3567251461988304,-0.9415204678362573,-0.42105263157894735,-0.4502923976608187,-0.17543859649122806,-0.6198830409356725,-0.19298245614035087,-0.7368421052631579,-0.21637426900584794,-0.8304093567251462,-0.25146198830409355
2,0.0,0.0,0.060240963855421686,0.04819277108433735,0.04216867469879518,0.018072289156626505,0.018072289156626505,-0.060240963855421686,-0.04216867469879518,-0.18072289156626506,-0.3192771084337349,-0.25903614457831325,-0.5481927710843374,-0.37349397590361444,-0.7108433734939759,-0.4578313253012048,-0.8614457831325302,-0.5301204819277109,-0.4036144578313253,-0.25903614457831325,-0.6626506024096386,-0.3795180722891566,-0.8433734939759037,-0.463855421686747,-1.0,-0.5481927710843374,-0.4457831325301205,-0.2289156626506024,-0.6686746987951807,-0.3373493975903614,-0.8253012048192772,-0.40963855421686746,-0.9518072289156626,-0.4819277108433735,-0.463855421686747,-0.19879518072289157,-0.6265060240963856,-0.24096385542168675,-0.7409638554216867,-0.28313253012048195,-0.8433734939759037,-0.3313253012048193
2,0.0,0.0,0.017964071856287425,0.08383233532934131,-0.029940119760479042,0.07784431137724551,-0.0658682634730539,0.041916167664670656,-0.12574850299401197,-0.011976047904191617,-0.32335329341317365,-0.2275449101796407,-0.5269461077844312,-0.3592814371257485,-0.6826347305389222,-0.4491017964071856,-0.8323353293413174,-0.5269461077844312,-0.40119760479041916,-0.24550898203592814,-0.6526946107784432,-0.38922155688622756,-0.8383233532934131,-0.49101796407185627,-1.0,-0.5868263473053892,-0.4550898203592814,-0.23952095808383234,-0.6646706586826348,-0.3592814371257485,-0.8263473053892215,-0.4431137724550898,-0.9520958083832335,-0.5269461077844312,-0.48502994011976047,-0.2155688622754491,-0.6467065868263473,-0.2874251497005988,-0.7664670658682635,-0.3413173652694611,-0.8682634730538922,-0.39520958083832336
2,0.0,0.0,0.03333333333333333,0.12,0.013333333333333334,0.18666666666666668,0.013333333333333334,0.23333333333333334,0.006666666666666667,0.26666666666666666,-0.31333333333333335,-0.12666666666666668,-0.5,-0.24,-0.66,-0.34,-0.8066666666666666,-0.43333333333333335,-0.3933333333333333,-0.21333333333333335,-0.6466666666666666,-0.3466666666666667,-0.8266666666666667,-0.47333333333333333,-1.0,-0.6,-0.44,-0.26666666666666666,-0.6666666666666666,-0.38666666666666666,-0.84,-0.49333333333333335,-0.98,-0.5933333333333334,-0.4666666666666667,-0.2733333333333333,-0.6333333333333333,-0.36,-0.7533333333333333,-0.42,-0.8666666666666667,-0.5
2,0.0,0.0,0.04827586206896552,0.1793103448275862,0.013793103448275862,0.27586206896551724,0.020689655172413793,0.3586206896551724,0.041379310344827586,0.4689655172413793,-0.2827586206896552,-0.08275862068965517,-0.4689655172413793,-0.19310344827586207,-0.6137931034482759,-0.296551724137931,-0.7517241379310344,-0.38620689655172413,-0.3724137931034483,-0.2,-0.6482758620689655,-0.35172413793103446,-0.8344827586206897,-0.4827586206896552,-1.0,-0.6068965517241379,-0.42758620689655175,-0.2482758620689655,-0.6620689655172414,-0.4068965517241379,-0.8344827586206897,-0.5103448275862069,-0.9724137931034482,-0.6068965517241379,-0.4689655172413793,-0.25517241379310346,-0.6344827586206897,-0.3793103448275862,-0.7517241379310344,-0.45517241379310347,-0.8620689655172413,-0.5448275862068965
2,0.0,0.0,0.014285714285714285,0.22142857142857142,-0.014285714285714285,0.37857142857142856,0.007142857142857143,0.5,0.07142857142857142,0.6357142857142857,-0.2571428571428571,0.007142857142857143,-0.42857142857142855,-0.07142857142857142,-0.5714285714285714,-0.16428571428571428,-0.7071428571428572,-0.2642857142857143,-0.37142857142857144,-0.16428571428571428,-0.6428571428571429,-0.32142857142857145,-0.8285714285714286,-0.45714285714285713,-0.9857142857142858,-0.5857142857142857,-0.45714285714285713,-0.25,-0.6928571428571428,-0.38571428571428573,-0.8642857142857143,-0.4857142857142857,-1.0,-0.5928571428571429,-0.5214285714285715,-0.2642857142857143,-0.6857142857142857,-0.35,-0.8071428571428572,-0.42142857142857143,-0.9142857142857143,-0.5071428571428571
2,0.0,0.0,0.06349206349206349,0.2619047619047619,0.05555555555555555,0.4603174603174603,0.10317460317460317,0.6111111111111112,0.14285714285714285,0.753968253968254,-0.15079365079365079,0.07142857142857142,-0.31746031746031744,-0.007936507936507936,-0.46825396825396826,-0.10317460317460317,-0.6190476190476191,-0.20634920634920634,-0.29365079365079366,-0.1111111111111111,-0.5714285714285714,-0.2857142857142857,-0.7619047619047619,-0.42857142857142855,-0.9365079365079365,-0.5793650793650794,-0.4126984126984127,-0.21428571428571427,-0.6666666666666666,-0.3968253968253968,-0.8650793650793651,-0.5079365079365079,-1.0,-0.626984126984127,-0.5079365079365079,-0.25396825396825395,-0.6984126984126984,-0.3888888888888889,-0.8253968253968254,-0.48412698412698413,-0.9365079365079365,-0.5873015873015873
2,0.0,0.0,0.08547008547008547,0.29914529914529914,0.08547008547008547,0.5299145299145299,0.17094017094017094,0.6923076923076923,0.19658119658119658,0.8461538461538461,-0.11965811965811966,0.1111111111111111,-0.26495726495726496,-0.03418803418803419,-0.39316239316239315,-0.1452991452991453,-0.5470085470085471,-0.2564102564102564,-0.2905982905982906,-0.09401709401709402,-0.5470085470085471,-0.3162393162393162,-0.7350427350427351,-0.48717948717948717,-0.9230769230769231,-0.6752136752136753,-0.4358974358974359,-0.2222222222222222,-0.6752136752136753,-0.4444444444444444,-0.8632478632478633,-0.5897435897435898,-1.0,-0.7435897435897436,-0.5641025641025641,-0.26495726495726496,-0.7435897435897436,-0.4444444444444444,-0.8717948717948718,-0.5555555555555556,-0.9829059829059829,-0.6752136752136753
2,0.0,0.0,0.14285714285714285,0.23529411764705882,0.18487394957983194,0.4369747899159664,0.24369747899159663,0.6218487394957983,0.2857142857142857,0.773109243697479,-0.11764705882352941,0.08403361344537816,-0.18487394957983194,-0.10084033613445378,-0.25210084033613445,-0.23529411764705882,-0.36134453781512604,-0.3697478991596639,-0.3025210084033613,-0.10084033613445378,-0.46218487394957986,-0.36134453781512604,-0.5882352941176471,-0.5546218487394958,-0.7142857142857143,-0.7563025210084033,-0.4369747899159664,-0.2184873949579832,-0.6386554621848739,-0.4369747899159664,-0.773109243697479,-0.6218487394957983,-0.8823529411764706,-0.8067226890756303,-0.5546218487394958,-0.2773109243697479,-0.7478991596638656,-0.44537815126050423,-0.8907563025210085,-0.5630252100840336,-1.0,-0.6890756302521008
2,0.0,0.0,0.15178571428571427,0.25,0.20535714285714285,0.42857142857142855,0.29464285714285715,0.5803571428571429,0.375,0.7053571428571429,-0.14285714285714285,0.05357142857142857,-0.1875,-0.16071428571428573,-0.20535714285714285,-0.3392857142857143,-0.24107142857142858,-0.5178571428571429,-0.3125,-0.15178571428571427,-0.49107142857142855,-0.4642857142857143,-0.5803571428571429,-0.7053571428571429,-0.6785714285714286,-0.9464285714285714,-0.44642857142857145,-0.2767857142857143,-0.6428571428571429,-0.5535714285714286,-0.7589285714285714,-0.7857142857142857,-0.8392857142857143,-1.0,-0.5625,-0.3392857142857143,-0.7589285714285714,-0.5446428571428571,-0.8928571428571429,-0.7053571428571429,-0.9821428571428571,-0.8660714285714286
2,0.0,0.0,0.16,0.216,0.256,0.352,0.36,0.48,0.472,0.584,-0.08,-0.032,-0.064,-0.24,-0.072,-0.432,-0.072,-0.608,-0.24,-0.216,-0.344,-0.496,-0.408,-0.712,-0.456,-0.912,-0.36,-0.328,-0.512,-0.584,-0.584,-0.8,-0.64,-1.0,-0.456,-0.384,-0.632,-0.576,-0.76,-0.72,-0.848,-0.856
2,0.0,0.0,0.17687074829931973,0.1564625850340136,0.2857142857142857,0.22448979591836735,0.38095238095238093,0.2789115646258503,0.4965986394557823,0.3333333333333333,0.034013605442176874,-0.14285714285714285,0.047619047619047616,-0.3673469387755102,0.047619047619047616,-0.5578231292517006,0.04081632653061224,-0.7482993197278912,-0.1292517006802721,-0.272108843537415,-0.19047619047619047,-0.5714285714285714,-0.24489795918367346,-0.7891156462585034,-0.30612244897959184,-1.0,-0.25170068027210885,-0.3401360544217687,-0.32653061224489793,-0.6190476190476191,-0.3945578231292517,-0.8027210884353742,-0.4489795918367347,-0.9727891156462585,-0.3333333333333333,-0.38095238095238093,-0.4489795918367347,-0.5782312925170068,-0.5374149659863946,-0.7142857142857143,-0.6190476190476191,-0.8435374149659864
2,0.0,0.0,0.16883116883116883,0.14935064935064934,0.2987012987012987,0.18831168831168832,0.44805194805194803,0.22727272727272727,0.5974025974025974,0.3051948051948052,0.12337662337662338,-0.24025974025974026,0.14285714285714285,-0.461038961038961,0.14285714285714285,-0.6298701298701299,0.12987012987012986,-0.7922077922077922,-0.025974025974025976,-0.35714285714285715,-0.08441558441558442,-0.6363636363636364,-0.14935064935064934,-0.8246753246753247,-0.22077922077922077,-1.0,-0.15584415584415584,-0.4025974025974026,-0.22727272727272727,-0.6558441558441559,-0.3051948051948052,-0.8246753246753247,-0.36363636363636365,-0.974025974025974,-0.2532467532467532,-0.3961038961038961,-0.36363636363636365,-0.5714285714285714,-0.45454545454545453,-0.7012987012987013,-0.525974025974026,-0.8246753246753247
2,0.0,0.0,0.15384615384615385,0.11242603550295859,0.28994082840236685,0.1242603550295858,0.4437869822485207,0.17751479289940827,0.6035502958579881,0.21301775147928995,0.1301775147928994,-0.2958579881656805,0.1242603550295858,-0.514792899408284,0.11242603550295859,-0.6863905325443787,0.10059171597633136,-0.8461538461538461,-0.011834319526627219,-0.38461538461538464,-0.08284023668639054,-0.6568047337278107,-0.14792899408284024,-0.834319526627219,-0.22485207100591717,-1.0,-0.1301775147928994,-0.40236686390532544,-0.23076923076923078,-0.6331360946745562,-0.3076923076923077,-0.7751479289940828,-0.378698224852071,-0.893491124260355,-0.21893491124260356,-0.3727810650887574,-0.35502958579881655,-0.5443786982248521,-0.44970414201183434,-0.6568047337278107,-0.5266272189349113,-0.7514792899408284
2,0.0,0.0,0.15555555555555556,0.07222222222222222,0.29444444444444445,0.07777777777777778,0.4444444444444444,0.1111111111111111,0.6,0.1388888888888889,0.12777777777777777,-0.35,0.12222222222222222,-0.5555555555555556,0.1111111111111111,-0.7166666666666667,0.09444444444444444,-0.8666666666666667,-0.011111111111111112,-0.4166666666666667,-0.07777777777777778,-0.6722222222222223,-0.15,-0.8444444444444444,-0.2222222222222222,-1.0,-0.12222222222222222,-0.4222222222222222,-0.21666666666666667,-0.6444444444444445,-0.29444444444444445,-0.7833333333333333,-0.36666666666666664,-0.9,-0.2111111111111111,-0.37777777777777777,-0.3333333333333333,-0.5333333333333333,-0.4222222222222222,-0.6277777777777778,-0.49444444444444446,-0.7166666666666667
2,0.0,0.0,0.16759776536312848,0.08379888268156424,0.3128491620111732,0.0782122905027933,0.4692737430167598,0.11173184357541899,0.6256983240223464,0.11173184357541899,0.13966480446927373,-0.329608938547486,0.12849162011173185,-0.553072625698324,0.11731843575418995,-0.7262569832402235,0.09497206703910614,-0.88268156424581,-0.00558659217877095,-0.39106145251396646,-0.0782122905027933,-0.659217877094972,-0.15083798882681565,-0.8324022346368715,-0.22905027932960895,-1.0,-0.12849162011173185,-0.4022346368715084,-0.21787709497206703,-0.6256983240223464,-0.3016759776536313,-0.770949720670391,-0.3687150837988827,-0.888268156424581,-0.21787709497206703,-0.3575418994413408,-0.35195530726256985,-0.5083798882681564,-0.43575418994413406,-0.6089385474860335,-0.5027932960893855,-0.6927374301675978
2,0.0,0.0,0.18032786885245902,0.06557377049180328,0.3224043715846995,0.04371584699453552,0.47540983606557374,0.060109289617486336,0.6284153005464481,0.0546448087431694,0.14207650273224043,-0.3551912568306011,0.12568306010928962,-0.5792349726775956,0.1092896174863388,-0.7540983606557377,0.08196721311475409,-0.907103825136612,-0.00546448087431694,-0.4098360655737705,-0.08743169398907104,-0.6775956284153005,-0.16939890710382513,-0.8415300546448088,-0.25136612021857924,-1.0,-0.12568306010928962,-0.40437158469945356,-0.22404371584699453,-0.6284153005464481,-0.3005464480874317,-0.7595628415300546,-0.37158469945355194,-0.8688524590163934,-0.2185792349726776,-0.3551912568306011,-0.3442622950819672,-0.4972677595628415,-0.43169398907103823,-0.5901639344262295,-0.4972677595628415,-0.6666666666666666
2,0.0,0.0,0.16666666666666666,0.026041666666666668,0.3125,-0.015625,0.4635416666666667,-0.026041666666666668,0.609375,-0.036458333333333336,0.125,-0.3958333333333333,0.10416666666666667,-0.6197916666666666,0.08333333333333333,-0.78125,0.0625,-0.9322916666666666,-0.010416666666666666,-0.4427083333333333,-0.09895833333333333,-0.6927083333333334,-0.17708333333333334,-0.8541666666666666,-0.2552083333333333,-1.0,-0.125,-0.4270833333333333,-0.22395833333333334,-0.640625,-0.296875,-0.765625,-0.3645833333333333,-0.875,-0.21354166666666666,-0.3697916666666667,-0.3333333333333333,-0.5052083333333334,-0.4166666666666667,-0.59375,-0.484375,-0.6770833333333334
2,0.0,0.0,0.1641025641025641,0.005128205128205128,0.3076923076923077,-0.046153846153846156,0.4512820512820513,-0.06666666666666667,0.5897435897435898,-0.09230769230769231,0.1076923076923077,-0.4256410256410256,0.08205128205128205,-0.6461538461538462,0.06153846153846154,-0.8,0.035897435897435895,-0.9435897435897436,-0.02564102564102564,-0.46153846153846156,-0.11794871794871795,-0.7025641025641025,-0.19487179487179487,-0.8564102564102564,-0.2717948717948718,-1.0,-0.13846153846153847,-0.4358974358974359,-0.2358974358974359,-0.6410256410256411,-0.3128205128205128,-0.764102564102564,-0.37948717948717947,-0.8717948717948718,-0.2205128205128205,-0.36923076923076925,-0.3435897435897436,-0.49743589743589745,-0.4205128205128205,-0.5846153846153846,-0.48717948717948717,-0.6666666666666666
2,0.0,0.0,0.15816326530612246,0.0,0.29591836734693877,-0.0663265306122449,0.42857142857142855,-0.10714285714285714,0.5612244897959183,-0.14285714285714285,0.07653061224489796,-0.4489795918367347,0.04591836734693878,-0.6632653061224489,0.015306122448979591,-0.8214285714285714,-0.01020408163265306,-0.9642857142857143,-0.05612244897959184,-0.4744897959183674,-0.15306122448979592,-0.7091836734693877,-0.23979591836734693,-0.8622448979591837,-0.3163265306122449,-1.0,-0.16326530612244897,-0.44387755102040816,-0.2653061224489796,-0.6428571428571429,-0.3469387755102041,-0.7653061224489796,-0.41836734693877553,-0.8673469387755102,-0.24489795918367346,-0.37244897959183676,-0.3673469387755102,-0.49489795918367346,-0.4489795918367347,-0.5816326530612245,-0.5153061224489796,-0.6581632653061225
2,0.0,0.0,0.15816326530612246,-0.015306122448979591,0.2857142857142857,-0.08163265306122448,0.41836734693877553,-0.12755102040816327,0.5561224489795918,-0.17346938775510204,0.05612244897959184,-0.45408163265306123,0.02040816326530612,-0.673469387755102,-0.01020408163265306,-0.826530612244898,-0.04591836734693878,-0.9693877551020408,-0.07653061224489796,-0.47959183673469385,-0.17857142857142858,-0.7091836734693877,-0.2602040816326531,-0.8622448979591837,-0.34183673469387754,-1.0,-0.17857142857142858,-0.44387755102040816,-0.2857142857142857,-0.6377551020408163,-0.3673469387755102,-0.7602040816326531,-0.4336734693877551,-0.8673469387755102,-0.25510204081632654,-0.3673469387755102,-0.37755102040816324,-0.4846938775510204,-0.45918367346938777,-0.5663265306122449,-0.5255102040816326,-0.6479591836734694
2,0.0,0.0,0.16062176165803108,-0.025906735751295335,0.27979274611398963,-0.09844559585492228,0.40932642487046633,-0.16580310880829016,0.538860103626943,-0.22279792746113988,0.04145077720207254,-0.46632124352331605,0.0,-0.689119170984456,-0.03626943005181347,-0.844559585492228,-0.07772020725388601,-0.9844559585492227,-0.09326424870466321,-0.48186528497409326,-0.19689119170984457,-0.7098445595854922,-0.2849740932642487,-0.8652849740932642,-0.36787564766839376,-1.0,-0.19170984455958548,-0.44041450777202074,-0.30569948186528495,-0.6321243523316062,-0.38860103626943004,-0.7564766839378239,-0.46113989637305697,-0.8601036269430051,-0.26424870466321243,-0.35751295336787564,-0.38860103626943004,-0.47668393782383417,-0.47150259067357514,-0.5544041450777202,-0.538860103626943,-0.6321243523316062
2,0.0,0.0,0.15789473684210525,-0.02631578947368421,0.26842105263157895,-0.11052631578947368,0.38421052631578945,-0.18947368421052632,0.5052631578947369,-0.28421052631578947,0.005263157894736842,-0.4789473684210526,-0.04736842105263158,-0.7052631578947368,-0.09473684210526316,-0.8578947368421053,-0.14736842105263157,-1.0,-0.12105263157894737,-0.4789473684210526,-0.24210526315789474,-0.7052631578947368,-0.34210526315789475,-0.8578947368421053,-0.43157894736842106,-0.9894736842105263,-0.22105263157894736,-0.43157894736842106,-0.34210526315789475,-0.6210526315789474,-0.43157894736842106,-0.7368421052631579,-0.5105263157894737,-0.8368421052631579,-0.29473684210526313,-0.3473684210526316,-0.4263157894736842,-0.4631578947368421,-0.5105263157894737,-0.5368421052631579,-0.5789473684210527,-0.6105263157894737
2,0.0,0.0,0.15706806282722513,-0.04712041884816754,0.2670157068062827,-0.14136125654450263,0.3717277486910995,-0.24083769633507854,0.4816753926701571,-0.3403141361256545,-0.010471204188481676,-0.4869109947643979,-0.07329842931937172,-0.7068062827225131,-0.1256544502617801,-0.8638743455497382,-0.18324607329842932,-1.0,-0.13612565445026178,-0.4869109947643979,-0.25654450261780104,-0.7068062827225131,-0.35602094240837695,-0.8481675392670157,-0.44502617801047123,-0.9790575916230366,-0.23036649214659685,-0.43455497382198954,-0.35602094240837695,-0.6178010471204188,-0.450261780104712,-0.7329842931937173,-0.5287958115183246,-0.8324607329842932,-0.29842931937172773,-0.3507853403141361,-0.43455497382198954,-0.45549738219895286,-0.518324607329843,-0.5235602094240838,-0.5863874345549738,-0.5968586387434555
2,0.0,0.0,0.14659685863874344,-0.04712041884816754,0.2356020942408377,-0.15706806282722513,0.33507853403141363,-0.2617801047120419,0.43455497382198954,-0.3717277486910995,-0.04712041884816754,-0.49214659685863876,-0.12041884816753927,-0.7120418848167539,-0.18324607329842932,-0.8638743455497382,-0.24607329842931938,-1.0,-0.16753926701570682,-0.47643979057591623,-0.3036649214659686,-0.6910994764397905,-0.4083769633507853,-0.837696335078534,-0.4973821989528796,-0.9581151832460733,-0.25654450261780104,-0.418848167539267,-0.39267015706806285,-0.5968586387434555,-0.49214659685863876,-0.7120418848167539,-0.5706806282722513,-0.806282722513089,-0.32460732984293195,-0.3298429319371728,-0.4607329842931937,-0.43455497382198954,-0.5497382198952879,-0.5026178010471204,-0.6178010471204188,-0.5706806282722513
2,0.0,0.0,0.14136125654450263,-0.06282722513089005,0.2356020942408377,-0.18324607329842932,0.32460732984293195,-0.3036649214659686,0.41361256544502617,-0.418848167539267,-0.06806282722513089,-0.5078534031413613,-0.14659685863874344,-0.7225130890052356,-0.21465968586387435,-0.8691099476439791,-0.2774869109947644,-1.0,-0.18324607329842932,-0.4869109947643979,-0.3193717277486911,-0.6963350785340314,-0.4293193717277487,-0.8324607329842932,-0.5287958115183246,-0.9476439790575916,-0.2670157068062827,-0.418848167539267,-0.4031413612565445,-0.5916230366492147,-0.5078534031413613,-0.6963350785340314,-0.5916230366492147,-0.7853403141361257,-0.33507853403141363,-0.32460732984293195,-0.4712041884816754,-0.42408376963350786,-0.5602094240837696,-0.4869109947643979,-0.6335078534031413,-0.5497382198952879
2,0.0,0.0,0.12631578947368421,-0.07368421052631578,0.20526315789473684,-0.2,0.2894736842105263,-0.33157894736842103,0.38421052631578945,-0.45789473684210524,-0.1,-0.5157894736842106,-0.18421052631578946,-0.7315789473684211,-0.25263157894736843,-0.8789473684210526,-0.3157894736842105,-1.0,-0.21578947368421053,-0.48947368421052634,-0.3526315789473684,-0.6947368421052632,-0.4631578947368421,-0.8263157894736842,-0.5578947368421052,-0.9368421052631579,-0.29473684210526313,-0.42105263157894735,-0.4368421052631579,-0.5894736842105263,-0.5368421052631579,-0.6894736842105263,-0.6210526315789474,-0.7789473684210526,-0.35789473684210527,-0.32105263157894737,-0.49473684210526314,-0.4105263157894737,-0.5842105263157895,-0.47368421052631576,-0.6526315789473685,-0.531578947368421
2,0.0,0.0,0.1111111111111111,-0.07936507936507936,0.18518518518518517,-0.21164021164021163,0.25925925925925924,-0.3544973544973545,0.3386243386243386,-0.49206349206349204,-0.13227513227513227,-0.5185185185185185,-0.2275132275132275,-0.7354497354497355,-0.30158730158730157,-0.8783068783068783,-0.37566137566137564,-1.0,-0.24338624338624337,-0.48677248677248675,-0.3862433862433862,-0.6878306878306878,-0.5026455026455027,-0.8148148148148148,-0.6031746031746031,-0.9206349206349206,-0.32275132275132273,-0.4126984126984127,-0.4656084656084656,-0.5714285714285714,-0.5767195767195767,-0.671957671957672,-0.6613756613756614,-0.7513227513227513,-0.38095238095238093,-0.31216931216931215,-0.5185185185185185,-0.3915343915343915,-0.6137566137566137,-0.4444444444444444,-0.6878306878306878,-0.5026455026455027
2,0.0,0.0,0.10106382978723404,-0.09574468085106383,0.1595744680851064,-0.24468085106382978,0.22872340425531915,-0.39893617021276595,0.30851063829787234,-0.5425531914893617,-0.1702127659574468,-0.5319148936170213,-0.26595744680851063,-0.7446808510638298,-0.34574468085106386,-0.8829787234042553,-0.42021276595744683,-1.0,-0.2765957446808511,-0.4946808510638298,-0.425531914893617,-0.6914893617021277,-0.5372340425531915,-0.8138297872340425,-0.6382978723404256,-0.9148936170212766,-0.35106382978723405,-0.4148936170212766,-0.5,-0.5691489361702128,-0.6063829787234043,-0.6648936170212766,-0.6968085106382979,-0.7446808510638298,-0.39893617021276595,-0.30319148936170215,-0.5425531914893617,-0.3723404255319149,-0.6382978723404256,-0.42021276595744683,-0.7074468085106383,-0.4787234042553192
2,0.0,0.0,0.0918918918918919,-0.11891891891891893,0.13513513513513514,-0.2810810810810811,0.1891891891891892,-0.4540540540540541,0.24324324324324326,-0.6,-0.22162162162162163,-0.5351351351351351,-0.32972972972972975,-0.7513513513513513,-0.41081081081081083,-0.8810810810810811,-0.4810810810810811,-1.0,-0.32432432432432434,-0.4864864864864865,-0.4810810810810811,-0.6810810810810811,-0.6,-0.8,-0.6918918918918919,-0.8972972972972973,-0.3945945945945946,-0.4,-0.5459459459459459,-0.5513513513513514,-0.6594594594594595,-0.6486486486486487,-0.7513513513513513,-0.7243243243243244,-0.43243243243243246,-0.2864864864864865,-0.5783783783783784,-0.34594594594594597,-0.6702702702702703,-0.3891891891891892,-0.7513513513513513,-0.43783783783783786
2,0.0,0.0,0.08379888268156424,-0.13966480446927373,0.12290502793296089,-0.3240223463687151,0.16759776536312848,-0.5083798882681564,0.2122905027932961,-0.659217877094972,-0.2569832402234637,-0.547486033519553,-0.37988826815642457,-0.7597765363128491,-0.4748603351955307,-0.888268156424581,-0.553072625698324,-1.0,-0.36312849162011174,-0.4860335195530726,-0.5363128491620112,-0.6759776536312849,-0.659217877094972,-0.7932960893854749,-0.7597765363128491,-0.88268156424581,-0.4301675977653631,-0.39106145251396646,-0.5921787709497207,-0.5363128491620112,-0.7150837988826816,-0.6312849162011173,-0.8100558659217877,-0.7094972067039106,-0.4581005586592179,-0.2737430167597765,-0.6089385474860335,-0.329608938547486,-0.7094972067039106,-0.3687150837988827,-0.7877094972067039,-0.40782122905027934
2,0.0,0.0,0.07471264367816093,-0.16091954022988506,0.10344827586206896,-0.3563218390804598,0.13793103448275862,-0.5517241379310345,0.1781609195402299,-0.7126436781609196,-0.29310344827586204,-0.5517241379310345,-0.42528735632183906,-0.7586206896551724,-0.5229885057471264,-0.8850574712643678,-0.603448275862069,-1.0,-0.39655172413793105,-0.4827586206896552,-0.5804597701149425,-0.6609195402298851,-0.7011494252873564,-0.7701149425287356,-0.8045977011494253,-0.8620689655172413,-0.45977011494252873,-0.3793103448275862,-0.632183908045977,-0.5172413793103449,-0.7528735632183908,-0.603448275862069,-0.8505747126436781,-0.6839080459770115,-0.4827586206896552,-0.25287356321839083,-0.632183908045977,-0.3045977011494253,-0.735632183908046,-0.3390804597701149,-0.8218390804597702,-0.3793103448275862
2,0.0,0.0,0.059880239520958084,-0.18562874251497005,0.07784431137724551,-0.40718562874251496,0.10179640718562874,-0.6107784431137725,0.1437125748502994,-0.7784431137724551,-0.33532934131736525,-0.5568862275449101,-0.47904191616766467,-0.7664670658682635,-0.5808383233532934,-0.8922155688622755,-0.6706586826347305,-1.0,-0.4431137724550898,-0.47305389221556887,-0.6347305389221557,-0.6526946107784432,-0.7664670658682635,-0.7544910179640718,-0.874251497005988,-0.844311377245509,-0.5029940119760479,-0.3652694610778443,-0.688622754491018,-0.5029940119760479,-0.8083832335329342,-0.5808383233532934,-0.9161676646706587,-0.6586826347305389,-0.5209580838323353,-0.2275449101796407,-0.6766467065868264,-0.2754491017964072,-0.7844311377245509,-0.2994011976047904,-0.8862275449101796,-0.33532934131736525
2,0.0,0.0,0.05625,-0.2125,0.06875,-0.45,0.08125,-0.66875,0.10625,-0.84375,-0.35625,-0.56875,-0.51875,-0.775,-0.625,-0.89375,-0.71875,-1.0,-0.46875,-0.46875,-0.675,-0.64375,-0.8125,-0.7375,-0.93125,-0.81875,-0.525,-0.35,-0.7125,-0.48125,-0.84375,-0.55625,-0.95625,-0.61875,-0.54375,-0.2125,-0.7,-0.25,-0.8125,-0.275,-0.9125,-0.3
2,0.0,0.0,0.05161290322580645,-0.22580645161290322,0.05161290322580645,-0.47096774193548385,0.05161290322580645,-0.7032258064516129,0.07096774193548387,-0.8838709677419355,-0.3870967741935484,-0.5612903225806452,-0.5548387096774193,-0.7677419354838709,-0.6709677419354839,-0.8838709677419355,-0.7677419354838709,-0.9870967741935484,-0.4967741935483871,-0.45806451612903226,-0.7161290322580646,-0.6193548387096774,-0.8580645161290322,-0.7096774193548387,-0.9741935483870968,-0.7870967741935484,-0.5548387096774193,-0.33548387096774196,-0.7548387096774194,-0.45806451612903226,-0.8903225806451613,-0.5225806451612903,-1.0,-0.5870967741935483,-0.5612903225806452,-0.1870967741935484,-0.7290322580645161,-0.2129032258064516,-0.8387096774193549,-0.22580645161290322,-0.9483870967741935,-0.25161290322580643
2,0.0,0.0,0.044585987261146494,-0.24203821656050956,0.03184713375796178,-0.49044585987261147,0.01910828025477707,-0.7261146496815286,0.01910828025477707,-0.9044585987261147,-0.4012738853503185,-0.5477707006369427,-0.5732484076433121,-0.732484076433121,-0.6878980891719745,-0.8471337579617835,-0.7834394904458599,-0.9426751592356688,-0.5031847133757962,-0.43312101910828027,-0.7197452229299363,-0.5732484076433121,-0.8662420382165605,-0.6560509554140127,-0.9872611464968153,-0.7261146496815286,-0.554140127388535,-0.29936305732484075,-0.7515923566878981,-0.40764331210191085,-0.8789808917197452,-0.46496815286624205,-1.0,-0.5222929936305732,-0.554140127388535,-0.1592356687898089,-0.7197452229299363,-0.17197452229299362,-0.8280254777070064,-0.17834394904458598,-0.9299363057324841,-0.19745222929936307
2,0.0,0.0,0.038461538461538464,-0.25,0.01282051282051282,-0.5064102564102564,0.0,-0.7435897435897436,-0.01282051282051282,-0.9294871794871795,-0.4166666666666667,-0.532051282051282,-0.5961538461538461,-0.717948717948718,-0.7115384615384616,-0.8205128205128205,-0.8076923076923077,-0.9102564102564102,-0.5128205128205128,-0.4166666666666667,-0.7371794871794872,-0.5384615384615384,-0.8782051282051282,-0.6153846153846154,-1.0,-0.6730769230769231,-0.5576923076923077,-0.28205128205128205,-0.7628205128205128,-0.3782051282051282,-0.8846153846153846,-0.42948717948717946,-1.0,-0.47435897435897434,-0.5641025641025641,-0.1346153846153846,-0.7243589743589743,-0.14102564102564102,-0.8333333333333334,-0.14743589743589744,-0.9358974358974359,-0.16025641025641027
2,0.0,0.0,0.02564102564102564,-0.2564102564102564,-0.00641025641025641,-0.5192307692307693,-0.03205128205128205,-0.7564102564102564,-0.04487179487179487,-0.9423076923076923,-0.4230769230769231,-0.5192307692307693,-0.6025641025641025,-0.6923076923076923,-0.7243589743589743,-0.7884615384615384,-0.8205128205128205,-0.8717948717948718,-0.5192307692307693,-0.3974358974358974,-0.7371794871794872,-0.5128205128205128,-0.8782051282051282,-0.5769230769230769,-1.0,-0.6346153846153846,-0.5576923076923077,-0.26282051282051283,-0.7628205128205128,-0.34615384615384615,-0.8846153846153846,-0.3974358974358974,-1.0,-0.4423076923076923,-0.5576923076923077,-0.12179487179487179,-0.717948717948718,-0.12179487179487179,-0.8333333333333334,-0.11538461538461539,-0.9358974358974359,-0.12179487179487179
2,0.0,0.0,0.012658227848101266,-0.26582278481012656,-0.0379746835443038,-0.5316455696202531,-0.0759493670886076,-0.7658227848101266,-0.10126582278481013,-0.9430379746835443,-0.43670886075949367,-0.4936708860759494,-0.6139240506329114,-0.6518987341772152,-0.7341772151898734,-0.740506329113924,-0.8354430379746836,-0.8164556962025317,-0.5253164556962026,-0.3670886075949367,-0.7468354430379747,-0.47468354430379744,-0.879746835443038,-0.5316455696202531,-1.0,-0.5759493670886076,-0.5632911392405063,-0.23417721518987342,-0.7658227848101266,-0.310126582278481,-0.8860759493670886,-0.34810126582278483,-1.0,-0.3924050632911392,-0.5569620253164557,-0.0949367088607595,-0.7215189873417721,-0.08860759493670886,-0.8291139240506329,-0.08227848101265822,-0.930379746835443,-0.08227848101265822
2,0.0,0.0,-0.006289308176100629,-0.2641509433962264,-0.06289308176100629,-0.5220125786163522,-0.10062893081761007,-0.7547169811320755,-0.13836477987421383,-0.9245283018867925,-0.44654088050314467,-0.4591194968553459,-0.6289308176100629,-0.6037735849056604,-0.7484276729559748,-0.6855345911949685,-0.8553459119496856,-0.7484276729559748,-0.5283018867924528,-0.3270440251572327,-0.7484276729559748,-0.42138364779874216,-0.8805031446540881,-0.46540880503144655,-1.0,-0.5031446540880503,-0.559748427672956,-0.1949685534591195,-0.7610062893081762,-0.25157232704402516,-0.8805031446540881,-0.2893081761006289,-0.9937106918238994,-0.32075471698113206,-0.5534591194968553,-0.05660377358490566,-0.7169811320754716,-0.0440251572327044,-0.8238993710691824,-0.025157232704402517,-0.9245283018867925,-0.018867924528301886
2,0.0,0.0,-0.01282051282051282,-0.2692307692307692,-0.07051282051282051,-0.5256410256410257,-0.12179487179487179,-0.7564102564102564,-0.16666666666666666,-0.9230769230769231,-0.4551282051282051,-0.4230769230769231,-0.6410256410256411,-0.5641025641025641,-0.7564102564102564,-0.6346153846153846,-0.8653846153846154,-0.6923076923076923,-0.532051282051282,-0.28846153846153844,-0.75,-0.3717948717948718,-0.8782051282051282,-0.40384615384615385,-1.0,-0.42948717948717946,-0.5576923076923077,-0.16025641025641027,-0.7628205128205128,-0.1987179487179487,-0.8846153846153846,-0.23076923076923078,-0.9935897435897436,-0.2564102564102564,-0.5512820512820513,-0.019230769230769232,-0.717948717948718,0.01282051282051282,-0.8269230769230769,0.03205128205128205,-0.9230769230769231,0.05128205128205128
2,0.0,0.0,-0.025477707006369428,-0.267515923566879,-0.10191082802547771,-0.5159235668789809,-0.15286624203821655,-0.7388535031847133,-0.20382165605095542,-0.9044585987261147,-0.4713375796178344,-0.3885350318471338,-0.6496815286624203,-0.5095541401273885,-0.7707006369426752,-0.5796178343949044,-0.8662420382165605,-0.6242038216560509,-0.5414012738853503,-0.2484076433121019,-0.7579617834394905,-0.31210191082802546,-0.8853503184713376,-0.3375796178343949,-1.0,-0.35668789808917195,-0.5668789808917197,-0.12101910828025478,-0.7707006369426752,-0.1464968152866242,-0.8853503184713376,-0.16560509554140126,-0.9936305732484076,-0.18471337579617833,-0.554140127388535,0.006369426751592357,-0.7133757961783439,0.050955414012738856,-0.821656050955414,0.08280254777070063,-0.9171974522292994,0.10828025477707007
2,0.0,0.0,-0.03289473684210526,-0.27631578947368424,-0.10526315789473684,-0.5197368421052632,-0.16447368421052633,-0.743421052631579,-0.21052631578947367,-0.9013157894736842,-0.47368421052631576,-0.3618421052631579,-0.6578947368421053,-0.48026315789473684,-0.7763157894736842,-0.5394736842105263,-0.875,-0.5855263157894737,-0.5394736842105263,-0.21710526315789475,-0.756578947368421,-0.26973684210526316,-0.8881578947368421,-0.28289473684210525,-1.0,-0.2894736842105263,-0.5657894736842105,-0.08552631578947369,-0.7697368421052632,-0.10526315789473684,-0.8881578947368421,-0.11842105263157894,-1.0,-0.13157894736842105,-0.5526315789473685,0.046052631578947366,-0.7236842105263158,0.09868421052631579,-0.8289473684210527,0.13157894736842105,-0.9276315789473685,0.16447368421052633
2,0.0,0.0,-0.04054054054054054,-0.27702702702702703,-0.11486486486486487,-0.5135135135135135,-0.16891891891891891,-0.7364864864864865,-0.22297297297297297,-0.8918918918918919,-0.4797297297297297,-0.33783783783783783,-0.6621621621621622,-0.4391891891891892,-0.7837837837837838,-0.5067567567567568,-0.8783783783783784,-0.5405405405405406,-0.5405405405405406,-0.18243243243243243,-0.7567567567567568,-0.22297297297297297,-0.8851351351351351,-0.22972972972972974,-1.0,-0.22972972972972974,-0.5675675675675675,-0.0472972972972973,-0.777027027027027,-0.060810810810810814,-0.8918918918918919,-0.06756756756756757,-0.9932432432432432,-0.07432432432432433,-0.5608108108108109,0.08783783783783784,-0.7297297297297297,0.14189189189189189,-0.8378378378378378,0.18243243243243243,-0.9324324324324325,0.21621621621621623
2,0.0,0.0,-0.04081632653061224,-0.2857142857142857,-0.12244897959183673,-0.5170068027210885,-0.1836734693877551,-0.7346938775510204,-0.24489795918367346,-0.8843537414965986,-0.48299319727891155,-0.3129251700680272,-0.6598639455782312,-0.41496598639455784,-0.782312925170068,-0.47619047619047616,-0.8775510204081632,-0.5102040816326531,-0.54421768707483,-0.16326530612244897,-0.7551020408163265,-0.19727891156462585,-0.891156462585034,-0.20408163265306123,-1.0,-0.19727891156462585,-0.5714285714285714,-0.034013605442176874,-0.782312925170068,-0.034013605442176874,-0.8979591836734694,-0.04081632653061224,-1.0,-0.034013605442176874,-0.5714285714285714,0.10204081632653061,-0.7414965986394558,0.16326530612244897,-0.8435374149659864,0.20408163265306123,-0.9387755102040817,0.24489795918367346
2,0.0,0.0,-0.041379310344827586,-0.2827586206896552,-0.12413793103448276,-0.5103448275862069,-0.18620689655172415,-0.7172413793103448,-0.2482758620689655,-0.8689655172413793,-0.47586206896551725,-0.296551724137931,-0.6482758620689655,-0.38620689655172413,-0.7724137931034483,-0.4413793103448276,-0.8689655172413793,-0.47586206896551725,-0.5379310344827586,-0.14482758620689656,-0.7517241379310344,-0.16551724137931034,-0.8827586206896552,-0.1724137931034483,-0.993103448275862,-0.15862068965517243,-0.5655172413793104,-0.013793103448275862,-0.7793103448275862,-0.013793103448275862,-0.896551724137931,-0.013793103448275862,-1.0,-0.006896551724137931,-0.5655172413793104,0.11724137931034483,-0.7379310344827587,0.1724137931034483,-0.8413793103448276,0.2206896551724138,-0.9310344827586207,0.2689655172413793
2,0.0,0.0,-0.0547945205479452,-0.2876712328767123,-0.136986301369863,-0.5068493150684932,-0.2054794520547945,-0.7054794520547946,-0.2671232876712329,-0.8424657534246576,-0.4863013698630137,-0.2876712328767123,-0.6506849315068494,-0.3767123287671233,-0.7671232876712328,-0.4246575342465753,-0.863013698630137,-0.4520547945205479,-0.547945205479452,-0.136986301369863,-0.7602739726027398,-0.15753424657534246,-0.8835616438356164,-0.1506849315068493,-0.9931506849315068,-0.136986301369863,-0.5753424657534246,-0.00684931506849315,-0.7876712328767124,0.0,-0.9041095890410958,0.0,-1.0,0.0136986301369863,-0.5753424657534246,0.1232876712328767,-0.7465753424657534,0.1780821917808219,-0.8493150684931506,0.2328767123287671,-0.9383561643835616,0.273972602739726
2,0.0,0.0,-0.04195804195804196,-0.27972027972027974,-0.13286713286713286,-0.4965034965034965,-0.20279720279720279,-0.6993006993006993,-0.26573426573426573,-0.8321678321678322,-0.4825174825174825,-0.26573426573426573,-0.6503496503496503,-0.34965034965034963,-0.7692307692307693,-0.3986013986013986,-0.8531468531468531,-0.4195804195804196,-0.5384615384615384,-0.11188811188811189,-0.7552447552447552,-0.1258741258741259,-0.8811188811188811,-0.11888111888111888,-0.986013986013986,-0.0979020979020979,-0.5664335664335665,0.013986013986013986,-0.7832167832167832,0.027972027972027972,-0.9020979020979021,0.03496503496503497,-1.0,0.04895104895104895,-0.5664335664335665,0.13986013986013987,-0.7412587412587412,0.20279720279720279,-0.8531468531468531,0.25874125874125875,-0.9440559440559441,0.3076923076923077
2,0.0,0.0,-0.04929577464788732,-0.28169014084507044,-0.13380281690140844,-0.49295774647887325,-0.2112676056338028,-0.6830985915492958,-0.2676056338028169,-0.8169014084507042,-0.4788732394366197,-0.2535211267605634,-0.647887323943662,-0.3380281690140845,-0.7676056338028169,-0.38028169014084506,-0.852112676056338,-0.39436619718309857,-0.5492957746478874,-0.09859154929577464,-0.7676056338028169,-0.1056338028169014,-0.8873239436619719,-0.09859154929577464,-0.9859154929577465,-0.07746478873239436,-0.5774647887323944,0.028169014084507043,-0.795774647887324,0.04929577464788732,-0.9084507042253521,0.056338028169014086,-1.0,0.07042253521126761,-0.5774647887323944,0.15492957746478872,-0.7535211267605634,0.21830985915492956,-0.8591549295774648,0.2746478873239437,-0.9436619718309859,0.323943661971831
2,0.0,0.0,-0.043478260869565216,-0.2971014492753623,-0.12318840579710146,-0.5,-0.1956521739130435,-0.6884057971014492,-0.2608695652173913,-0.8115942028985508,-0.47101449275362317,-0.2391304347826087,-0.6376811594202898,-0.3188405797101449,-0.7608695652173914,-0.35507246376811596,-0.8478260869565217,-0.3695652173913043,-0.5362318840579711,-0.07971014492753623,-0.7608695652173914,-0.07971014492753623,-0.8840579710144928,-0.06521739130434782,-0.9927536231884058,-0.043478260869565216,-0.572463768115942,0.050724637681159424,-0.7898550724637681,0.07971014492753623,-0.9057971014492754,0.08695652173913043,-1.0,0.10869565217391304,-0.572463768115942,0.17391304347826086,-0.7536231884057971,0.2463768115942029,-0.8623188405797102,0.2971014492753623,-0.9420289855072463,0.34782608695652173
2,0.0,0.0,-0.05714285714285714,-0.2857142857142857,-0.1357142857142857,-0.4785714285714286,-0.21428571428571427,-0.6571428571428571,-0.2785714285714286,-0.7785714285714286,-0.4714285714285714,-0.21428571428571427,-0.6428571428571429,-0.2857142857142857,-0.7571428571428571,-0.3142857142857143,-0.85,-0.32857142857142857,-0.5357142857142857,-0.05714285714285714,-0.7571428571428571,-0.04285714285714286,-0.8785714285714286,-0.03571428571428571,-0.9857142857142858,-0.007142857142857143,-0.5714285714285714,0.07142857142857142,-0.7857142857142857,0.1,-0.9,0.11428571428571428,-1.0,0.14285714285714285,-0.5714285714285714,0.18571428571428572,-0.75,0.2571428571428571,-0.85,0.3142857142857143,-0.9357142857142857,0.36428571428571427
2,0.0,0.0,-0.05714285714285714,-0.2857142857142857,-0.15,-0.4785714285714286,-0.22857142857142856,-0.6428571428571429,-0.2857142857142857,-0.7571428571428571,-0.4928571428571429,-0.20714285714285716,-0.6571428571428571,-0.2714285714285714,-0.7785714285714286,-0.30714285714285716,-0.8642857142857143,-0.3142857142857143,-0.5571428571428572,-0.05,-0.7642857142857142,-0.03571428571428571,-0.8857142857142857,-0.02142857142857143,-0.9857142857142858,0.007142857142857143,-0.5857142857142857,0.07142857142857142,-0.8,0.11428571428571428,-0.9071428571428571,0.12142857142857143,-1.0,0.15,-0.5928571428571429,0.19285714285714287,-0.7571428571428571,0.2714285714285714,-0.8571428571428571,0.32857142857142857,-0.9357142857142857,0.37857142857142856
2,0.0,0.0,-0.06338028169014084,-0.2746478873239437,-0.18309859154929578,-0.4507042253521127,-0.2605633802816901,-0.6126760563380281,-0.30985915492957744,-0.7323943661971831,-0.5140845070422535,-0.19718309859154928,-0.676056338028169,-0.2535211267605634,-0.795774647887324,-0.28169014084507044,-0.8732394366197183,-0.3028169014084507,-0.5704225352112676,-0.04929577464788732,-0.7746478873239436,-0.02112676056338028,-0.8943661971830986,0.0,-0.9859154929577465,0.028169014084507043,-0.5915492957746479,0.07746478873239436,-0.8028169014084507,0.11971830985915492,-0.9154929577464789,0.13380281690140844,-1.0,0.16901408450704225,-0.5915492957746479,0.19014084507042253,-0.7605633802816901,0.2746478873239437,-0.8591549295774648,0.33098591549295775,-0.9366197183098591,0.38028169014084506
2,0.0,0.0,-0.06382978723404255,-0.2765957446808511,-0.18439716312056736,-0.46099290780141844,-0.2624113475177305,-0.6099290780141844,-0.2978723404255319,-0.7375886524822695,-0.5177304964539007,-0.20567375886524822,-0.6808510638297872,-0.2624113475177305,-0.8014184397163121,-0.2907801418439716,-0.8723404255319149,-0.2978723404255319,-0.574468085106383,-0.04964539007092199,-0.7872340425531915,-0.028368794326241134,-0.900709219858156,-0.0070921985815602835,-0.9929078014184397,0.02127659574468085,-0.5957446808510638,0.07092198581560284,-0.8085106382978723,0.11347517730496454,-0.9148936170212766,0.1347517730496454,-1.0,0.16312056737588654,-0.6028368794326241,0.19148936170212766,-0.7730496453900709,0.2695035460992908,-0.8652482269503546,0.3333333333333333,-0.9432624113475178,0.3829787234042553
2,0.0,0.0,-0.07042253521126761,-0.2676056338028169,-0.19718309859154928,-0.43661971830985913,-0.28169014084507044,-0.5845070422535211,-0.3028169014084507,-0.7112676056338029,-0.5352112676056338,-0.18309859154929578,-0.6971830985915493,-0.23943661971830985,-0.8098591549295775,-0.2605633802816901,-0.8802816901408451,-0.2746478873239437,-0.5915492957746479,-0.035211267605633804,-0.795774647887324,-0.007042253521126761,-0.9014084507042254,0.014084507042253521,-0.9859154929577465,0.04929577464788732,-0.6126760563380281,0.08450704225352113,-0.8169014084507042,0.13380281690140844,-0.9154929577464789,0.15492957746478872,-1.0,0.18309859154929578,-0.6126760563380281,0.19014084507042253,-0.7746478873239436,0.28169014084507044,-0.8661971830985915,0.34507042253521125,-0.9436619718309859,0.39436619718309857
2,0.0,0.0,-0.06944444444444445,-0.2638888888888889,-0.20833333333333334,-0.4166666666666667,-0.2986111111111111,-0.5555555555555556,-0.3125,-0.6666666666666666,-0.5416666666666666,-0.16666666666666666,-0.7013888888888888,-0.20833333333333334,-0.8125,-0.2222222222222222,-0.875,-0.22916666666666666,-0.5972222222222222,-0.020833333333333332,-0.7986111111111112,0.013888888888888888,-0.8958333333333334,0.041666666666666664,-0.9791666666666666,0.06944444444444445,-0.6180555555555556,0.09027777777777778,-0.8194444444444444,0.14583333333333334,-0.9166666666666666,0.16666666666666666,-1.0,0.2013888888888889,-0.6180555555555556,0.19444444444444445,-0.7847222222222222,0.2847222222222222,-0.875,0.3472222222222222,-0.9444444444444444,0.4027777777777778
2,0.0,0.0,-0.06944444444444445,-0.2569444444444444,-0.20833333333333334,-0.4027777777777778,-0.2986111111111111,-0.5208333333333334,-0.3194444444444444,-0.6180555555555556,-0.5416666666666666,-0.1388888888888889,-0.7013888888888888,-0.18055555555555555,-0.8125,-0.1875,-0.8819444444444444,-0.1736111111111111,-0.5972222222222222,0.0,-0.8055555555555556,0.04861111111111111,-0.9097222222222222,0.0763888888888889,-0.9861111111111112,0.11805555555555555,-0.6180555555555556,0.1111111111111111,-0.8194444444444444,0.1736111111111111,-0.9166666666666666,0.19444444444444445,-1.0,0.2361111111111111,-0.6111111111111112,0.2013888888888889,-0.7847222222222222,0.2916666666666667,-0.875,0.3541666666666667,-0.9513888888888888,0.4027777777777778
2,0.0,0.0,-0.06993006993006994,-0.25874125874125875,-0.21678321678321677,-0.3776223776223776,-0.2937062937062937,-0.4755244755244755,-0.32167832167832167,-0.5734265734265734,-0.5454545454545454,-0.1048951048951049,-0.7062937062937062,-0.13286713286713286,-0.8041958041958042,-0.13986013986013987,-0.8671328671328671,-0.1258741258741259,-0.6013986013986014,0.03496503496503497,-0.8041958041958042,0.09090909090909091,-0.9020979020979021,0.11888111888111888,-0.9790209790209791,0.15384615384615385,-0.6223776223776224,0.13986013986013987,-0.8111888111888111,0.20279720279720279,-0.916083916083916,0.23076923076923078,-1.0,0.2727272727272727,-0.6153846153846154,0.21678321678321677,-0.7902097902097902,0.3146853146853147,-0.8881118881118881,0.3706293706293706,-0.965034965034965,0.4195804195804196
2,0.0,0.0,-0.07692307692307693,-0.2517482517482518,-0.2097902097902098,-0.34965034965034963,-0.2867132867132867,-0.42657342657342656,-0.32167832167832167,-0.5174825174825175,-0.5384615384615384,-0.06293706293706294,-0.6923076923076923,-0.07692307692307693,-0.7902097902097902,-0.07692307692307693,-0.8531468531468531,-0.06993006993006994,-0.5874125874125874,0.06993006993006994,-0.7832167832167832,0.13286713286713286,-0.8881118881118881,0.16083916083916083,-0.965034965034965,0.1888111888111888,-0.6153846153846154,0.16083916083916083,-0.8041958041958042,0.23776223776223776,-0.9090909090909091,0.26573426573426573,-1.0,0.32167832167832167,-0.6153846153846154,0.23076923076923078,-0.7902097902097902,0.3356643356643357,-0.8951048951048951,0.3916083916083916,-0.965034965034965,0.4405594405594406
2,0.0,0.0,-0.07746478873239436,-0.23943661971830985,-0.21830985915492956,-0.31690140845070425,-0.29577464788732394,-0.38028169014084506,-0.3380281690140845,-0.45774647887323944,-0.5211267605633803,-0.02112676056338028,-0.6830985915492958,-0.028169014084507043,-0.7816901408450704,-0.028169014084507043,-0.852112676056338,-0.028169014084507043,-0.5774647887323944,0.09859154929577464,-0.7746478873239436,0.176056338028169,-0.8802816901408451,0.20422535211267606,-0.9647887323943662,0.2323943661971831,-0.6056338028169014,0.18309859154929578,-0.7887323943661971,0.2746478873239437,-0.9084507042253521,0.30985915492957744,-1.0,0.36619718309859156,-0.6126760563380281,0.24647887323943662,-0.7887323943661971,0.34507042253521125,-0.8943661971830986,0.4014084507042254,-0.9788732394366197,0.45774647887323944
2,0.0,0.0,-0.07246376811594203,-0.2536231884057971,-0.1956521739130435,-0.3333333333333333,-0.2608695652173913,-0.38405797101449274,-0.3188405797101449,-0.45652173913043476,-0.4927536231884058,-0.014492753623188406,-0.6521739130434783,-0.028985507246376812,-0.7608695652173914,-0.028985507246376812,-0.8333333333333334,-0.021739130434782608,-0.5579710144927537,0.10869565217391304,-0.7536231884057971,0.16666666666666666,-0.8695652173913043,0.1956521739130435,-0.9637681159420289,0.2246376811594203,-0.5942028985507246,0.1956521739130435,-0.7898550724637681,0.2753623188405797,-0.9057971014492754,0.3115942028985507,-1.0,0.35507246376811596,-0.6159420289855072,0.2608695652173913,-0.8043478260869565,0.36231884057971014,-0.9130434782608695,0.41304347826086957,-0.9927536231884058,0.47101449275362317
2,0.0,0.0,-0.06293706293706294,-0.23776223776223776,-0.1958041958041958,-0.3076923076923077,-0.26573426573426573,-0.36363636363636365,-0.32167832167832167,-0.43356643356643354,-0.4965034965034965,-0.013986013986013986,-0.6503496503496503,-0.03496503496503497,-0.7482517482517482,-0.03496503496503497,-0.8251748251748252,-0.04195804195804196,-0.5594405594405595,0.0979020979020979,-0.7622377622377622,0.16083916083916083,-0.8741258741258742,0.1888111888111888,-0.972027972027972,0.2097902097902098,-0.5944055944055944,0.18181818181818182,-0.7902097902097902,0.25874125874125875,-0.9090909090909091,0.2867132867132867,-1.0,0.32867132867132864,-0.6153846153846154,0.2517482517482518,-0.7972027972027972,0.34265734265734266,-0.9020979020979021,0.3916083916083916,-0.9790209790209791,0.4405594405594406
2,0.0,0.0,-0.06756756756756757,-0.22297297297297297,-0.19594594594594594,-0.2972972972972973,-0.2635135135135135,-0.35135135135135137,-0.31756756756756754,-0.4189189189189189,-0.5,-0.013513513513513514,-0.6486486486486487,-0.02702702702702703,-0.7567567567567568,-0.033783783783783786,-0.8243243243243243,-0.04054054054054054,-0.5608108108108109,0.0945945945945946,-0.7702702702702703,0.16216216216216217,-0.8851351351351351,0.18243243243243243,-0.972972972972973,0.1891891891891892,-0.6013513513513513,0.17567567567567569,-0.7972972972972973,0.25,-0.9121621621621622,0.27702702702702703,-1.0,0.30405405405405406,-0.6216216216216216,0.23648648648648649,-0.8040540540540541,0.32432432432432434,-0.9054054054054054,0.3716216216216216,-0.9797297297297297,0.40540540540540543
2,0.0,0.0,-0.05405405405405406,-0.22297297297297297,-0.17567567567567569,-0.2972972972972973,-0.25,-0.35135135135135137,-0.30405405405405406,-0.4189189189189189,-0.49324324324324326,-0.02702702702702703,-0.6554054054054054,-0.04054054054054054,-0.7567567567567568,-0.0472972972972973,-0.8378378378378378,-0.05405405405405406,-0.5608108108108109,0.08108108108108109,-0.7635135135135135,0.14864864864864866,-0.8851351351351351,0.16891891891891891,-0.9797297297297297,0.18243243243243243,-0.6013513513513513,0.16216216216216217,-0.7972972972972973,0.22972972972972974,-0.9121621621621622,0.25675675675675674,-1.0,0.2905405405405405,-0.6283783783783784,0.22297297297297297,-0.8040540540540541,0.30405405405405406,-0.9121621621621622,0.34459459459459457,-0.9864864864864865,0.3783783783783784
2,0.0,0.0,-0.05806451612903226,-0.2129032258064516,-0.1870967741935484,-0.27741935483870966,-0.25161290322580643,-0.3225806451612903,-0.3096774193548387,-0.3870967741935484,-0.49032258064516127,-0.025806451612903226,-0.6516129032258065,-0.04516129032258064,-0.7548387096774194,-0.05161290322580645,-0.8193548387096774,-0.06451612903225806,-0.5548387096774193,0.07096774193548387,-0.7612903225806451,0.12258064516129032,-0.8774193548387097,0.14193548387096774,-0.9612903225806452,0.14838709677419354,-0.5935483870967742,0.14193548387096774,-0.7870967741935484,0.2064516129032258,-0.9096774193548387,0.21935483870967742,-1.0,0.24516129032258063,-0.6193548387096774,0.2,-0.8064516129032258,0.2645161290322581,-0.9096774193548387,0.2967741935483871,-0.9935483870967742,0.3225806451612903
2,0.0,0.0,-0.0440251572327044,-0.1949685534591195,-0.16981132075471697,-0.2641509433962264,-0.25157232704402516,-0.3018867924528302,-0.29559748427672955,-0.36477987421383645,-0.48427672955974843,-0.025157232704402517,-0.6477987421383647,-0.0440251572327044,-0.7484276729559748,-0.050314465408805034,-0.8176100628930818,-0.06289308176100629,-0.5471698113207547,0.05660377358490566,-0.7484276729559748,0.1069182389937107,-0.8616352201257862,0.12578616352201258,-0.949685534591195,0.1320754716981132,-0.5849056603773585,0.11949685534591195,-0.7924528301886793,0.18238993710691823,-0.9119496855345912,0.20125786163522014,-1.0,0.23270440251572327,-0.6037735849056604,0.1761006289308176,-0.7924528301886793,0.23270440251572327,-0.89937106918239,0.2578616352201258,-0.9811320754716981,0.2830188679245283
2,0.0,0.0,-0.054878048780487805,-0.18902439024390244,-0.17682926829268292,-0.25,-0.25,-0.2926829268292683,-0.29878048780487804,-0.35365853658536583,-0.4878048780487805,-0.03048780487804878,-0.6463414634146342,-0.04878048780487805,-0.7439024390243902,-0.054878048780487805,-0.8170731707317073,-0.06707317073170732,-0.5487804878048781,0.04878048780487805,-0.7560975609756098,0.0975609756097561,-0.8719512195121951,0.10975609756097561,-0.9634146341463414,0.11585365853658537,-0.5792682926829268,0.10365853658536585,-0.7804878048780488,0.16463414634146342,-0.9024390243902439,0.18292682926829268,-1.0,0.21341463414634146,-0.5975609756097561,0.1524390243902439,-0.7865853658536586,0.2073170731707317,-0.8963414634146342,0.22560975609756098,-0.9817073170731707,0.25
2,0.0,0.0,-0.05454545454545454,-0.18787878787878787,-0.18181818181818182,-0.24848484848484848,-0.2545454545454545,-0.28484848484848485,-0.30303030303030304,-0.3575757575757576,-0.48484848484848486,-0.04242424242424243,-0.6484848484848484,-0.06060606060606061,-0.7454545454545455,-0.06666666666666667,-0.8181818181818182,-0.07878787878787878,-0.5515151515151515,0.024242424242424242,-0.7393939393939394,0.06060606060606061,-0.8484848484848485,0.07272727272727272,-0.9393939393939394,0.07878787878787878,-0.5878787878787879,0.08484848484848485,-0.7878787878787878,0.12121212121212122,-0.9090909090909091,0.13333333333333333,-1.0,0.15757575757575756,-0.6121212121212121,0.1393939393939394,-0.8,0.17575757575757575,-0.9090909090909091,0.18787878787878787,-0.9939393939393939,0.2
2,0.0,0.0,-0.06936416184971098,-0.18497109826589594,-0.1907514450867052,-0.23699421965317918,-0.26011560693641617,-0.2774566473988439,-0.3063583815028902,-0.3468208092485549,-0.48554913294797686,-0.05202312138728324,-0.6416184971098265,-0.07514450867052024,-0.7341040462427746,-0.08670520231213873,-0.8034682080924855,-0.10404624277456648,-0.5433526011560693,0.005780346820809248,-0.7341040462427746,0.028901734104046242,-0.8439306358381503,0.04046242774566474,-0.9248554913294798,0.03468208092485549,-0.5838150289017341,0.05202312138728324,-0.7803468208092486,0.08670520231213873,-0.9017341040462428,0.09248554913294797,-0.9942196531791907,0.10404624277456648,-0.6069364161849711,0.09248554913294797,-0.791907514450867,0.11560693641618497,-0.9075144508670521,0.12138728323699421,-1.0,0.12716763005780346
2,0.0,0.0,-0.07303370786516854,-0.17415730337078653,-0.19101123595505617,-0.2247191011235955,-0.25842696629213485,-0.2696629213483146,-0.3089887640449438,-0.3202247191011236,-0.4887640449438202,-0.06179775280898876,-0.651685393258427,-0.08426966292134831,-0.7415730337078652,-0.10112359550561797,-0.8146067415730337,-0.11235955056179775,-0.5449438202247191,-0.016853932584269662,-0.7471910112359551,0.0,-0.8651685393258427,0.0,-0.9438202247191011,-0.0056179775280898875,-0.5786516853932584,0.028089887640449437,-0.7808988764044944,0.05056179775280899,-0.9044943820224719,0.056179775280898875,-1.0,0.06741573033707865,-0.5955056179775281,0.06741573033707865,-0.7865168539325843,0.08426966292134831,-0.9044943820224719,0.08426966292134831,-1.0,0.0898876404494382
2,0.0,0.0,-0.07222222222222222,-0.17222222222222222,-0.19444444444444445,-0.23333333333333334,-0.25555555555555554,-0.2722222222222222,-0.3111111111111111,-0.3277777777777778,-0.5,-0.08333333333333333,-0.6555555555555556,-0.12222222222222222,-0.75,-0.14444444444444443,-0.8222222222222222,-0.16111111111111112,-0.55,-0.044444444444444446,-0.75,-0.03888888888888889,-0.8666666666666667,-0.044444444444444446,-0.95,-0.05,-0.5777777777777777,0.0,-0.7833333333333333,0.005555555555555556,-0.9055555555555556,0.0,-1.0,0.005555555555555556,-0.5888888888888889,0.03888888888888889,-0.7833333333333333,0.044444444444444446,-0.9,0.03888888888888889,-0.9944444444444445,0.03333333333333333
2,0.0,0.0,-0.07103825136612021,-0.17486338797814208,-0.1912568306010929,-0.24043715846994534,-0.25136612021857924,-0.28415300546448086,-0.3005464480874317,-0.3333333333333333,-0.4972677595628415,-0.1092896174863388,-0.6612021857923497,-0.15846994535519127,-0.7540983606557377,-0.18032786885245902,-0.825136612021858,-0.19672131147540983,-0.546448087431694,-0.07650273224043716,-0.7540983606557377,-0.08196721311475409,-0.8743169398907104,-0.08743169398907104,-0.9508196721311475,-0.09836065573770492,-0.5737704918032787,-0.03278688524590164,-0.7868852459016393,-0.03278688524590164,-0.907103825136612,-0.04371584699453552,-1.0,-0.04371584699453552,-0.5792349726775956,0.00546448087431694,-0.7759562841530054,0.0,-0.8961748633879781,-0.01092896174863388,-0.994535519125683,-0.02185792349726776
2,0.0,0.0,-0.07526881720430108,-0.1827956989247312,-0.1935483870967742,-0.24731182795698925,-0.25268817204301075,-0.2956989247311828,-0.3118279569892473,-0.34408602150537637,-0.4946236559139785,-0.13440860215053763,-0.6559139784946236,-0.1827956989247312,-0.7473118279569892,-0.21505376344086022,-0.8225806451612904,-0.24193548387096775,-0.5483870967741935,-0.0967741935483871,-0.7526881720430108,-0.10752688172043011,-0.8709677419354839,-0.12365591397849462,-0.9516129032258065,-0.13440860215053763,-0.5752688172043011,-0.053763440860215055,-0.7849462365591398,-0.05913978494623656,-0.9086021505376344,-0.07526881720430108,-1.0,-0.08602150537634409,-0.5860215053763441,-0.021505376344086023,-0.7795698924731183,-0.03225806451612903,-0.9032258064516129,-0.04838709677419355,-1.0,-0.05913978494623656
2,0.0,0.0,-0.06451612903225806,-0.1774193548387097,-0.1774193548387097,-0.25806451612903225,-0.24731182795698925,-0.3118279569892473,-0.2956989247311828,-0.3655913978494624,-0.489247311827957,-0.16129032258064516,-0.6559139784946236,-0.21505376344086022,-0.7473118279569892,-0.25268817204301075,-0.8333333333333334,-0.27956989247311825,-0.5376344086021505,-0.12365591397849462,-0.7526881720430108,-0.13440860215053763,-0.8709677419354839,-0.15053763440860216,-0.956989247311828,-0.16129032258064516,-0.5591397849462365,-0.07526881720430108,-0.7741935483870968,-0.08064516129032258,-0.8978494623655914,-0.0967741935483871,-1.0,-0.10752688172043011,-0.5591397849462365,-0.026881720430107527,-0.7526881720430108,-0.03225806451612903,-0.8655913978494624,-0.04838709677419355,-0.967741935483871,-0.05913978494623656
2,0.0,0.0,-0.05434782608695652,-0.16847826086956522,-0.16847826086956522,-0.2554347826086957,-0.2391304347826087,-0.30978260869565216,-0.2826086956521739,-0.3641304347826087,-0.4891304347826087,-0.17391304347826086,-0.657608695652174,-0.23369565217391305,-0.7554347826086957,-0.2717391304347826,-0.842391304347826,-0.30434782608695654,-0.5380434782608695,-0.125,-0.7554347826086957,-0.14673913043478262,-0.8804347826086957,-0.16304347826086957,-0.9728260869565217,-0.1793478260869565,-0.5543478260869565,-0.07608695652173914,-0.7663043478260869,-0.09782608695652174,-0.8967391304347826,-0.11413043478260869,-1.0,-0.13043478260869565,-0.5434782608695652,-0.016304347826086956,-0.7336956521739131,-0.02717391304347826,-0.8478260869565217,-0.043478260869565216,-0.9510869565217391,-0.05434782608695652
2,0.0,0.0,-0.04918032786885246,-0.17486338797814208,-0.16939890710382513,-0.2677595628415301,-0.24043715846994534,-0.31693989071038253,-0.2786885245901639,-0.37158469945355194,-0.4918032786885246,-0.17486338797814208,-0.6557377049180327,-0.2459016393442623,-0.7540983606557377,-0.2896174863387978,-0.8415300546448088,-0.31693989071038253,-0.5355191256830601,-0.13114754098360656,-0.7540983606557377,-0.15846994535519127,-0.8852459016393442,-0.18032786885245902,-0.9781420765027322,-0.1912568306010929,-0.5519125683060109,-0.07650273224043716,-0.7650273224043715,-0.10382513661202186,-0.8961748633879781,-0.12568306010928962,-1.0,-0.14207650273224043,-0.5355191256830601,-0.01639344262295082,-0.726775956284153,-0.0273224043715847,-0.8415300546448088,-0.03825136612021858,-0.9508196721311475,-0.04918032786885246
2,0.0,0.0,-0.04945054945054945,-0.18681318681318682,-0.16483516483516483,-0.2802197802197802,-0.23626373626373626,-0.34065934065934067,-0.27472527472527475,-0.3956043956043956,-0.489010989010989,-0.1978021978021978,-0.6593406593406593,-0.26373626373626374,-0.7582417582417582,-0.3021978021978022,-0.8461538461538461,-0.33516483516483514,-0.532967032967033,-0.14285714285714285,-0.7582417582417582,-0.17582417582417584,-0.8901098901098901,-0.1978021978021978,-0.989010989010989,-0.21428571428571427,-0.5494505494505495,-0.08241758241758242,-0.7637362637362637,-0.10989010989010989,-0.8901098901098901,-0.13186813186813187,-1.0,-0.14835164835164835,-0.5274725274725275,-0.01098901098901099,-0.7142857142857143,-0.027472527472527472,-0.8241758241758241,-0.03296703296703297,-0.9340659340659341,-0.038461538461538464
2,0.0,0.0,-0.04945054945054945,-0.18681318681318682,-0.17032967032967034,-0.29120879120879123,-0.24175824175824176,-0.3516483516483517,-0.27472527472527475,-0.4175824175824176,-0.489010989010989,-0.21428571428571427,-0.6593406593406593,-0.2857142857142857,-0.7582417582417582,-0.32967032967032966,-0.8461538461538461,-0.3626373626373626,-0.5384615384615384,-0.15384615384615385,-0.7582417582417582,-0.18681318681318682,-0.8901098901098901,-0.21428571428571427,-0.9945054945054945,-0.23626373626373626,-0.5494505494505495,-0.09340659340659341,-0.7637362637362637,-0.12087912087912088,-0.8846153846153846,-0.14835164835164835,-1.0,-0.17582417582417584,-0.5274725274725275,-0.02197802197802198,-0.7087912087912088,-0.03296703296703297,-0.8186813186813187,-0.04395604395604396,-0.9230769230769231,-0.04945054945054945
2,0.0,0.0,-0.04945054945054945,-0.18681318681318682,-0.17032967032967034,-0.2967032967032967,-0.24175824175824176,-0.3626373626373626,-0.2802197802197802,-0.42857142857142855,-0.4945054945054945,-0.21978021978021978,-0.6593406593406593,-0.2967032967032967,-0.7582417582417582,-0.34065934065934067,-0.8516483516483516,-0.37362637362637363,-0.5384615384615384,-0.15934065934065933,-0.7637362637362637,-0.1978021978021978,-0.8956043956043956,-0.22527472527472528,-1.0,-0.24725274725274726,-0.5494505494505495,-0.09340659340659341,-0.7637362637362637,-0.12637362637362637,-0.8846153846153846,-0.15384615384615385,-0.9945054945054945,-0.1813186813186813,-0.5274725274725275,-0.02197802197802198,-0.7087912087912088,-0.03296703296703297,-0.8186813186813187,-0.038461538461538464,-0.9230769230769231,-0.038461538461538464
2,0.0,0.0,-0.04918032786885246,-0.1912568306010929,-0.16939890710382513,-0.30601092896174864,-0.24043715846994534,-0.3879781420765027,-0.273224043715847,-0.45901639344262296,-0.4918032786885246,-0.23497267759562843,-0.6612021857923497,-0.3114754098360656,-0.7650273224043715,-0.3551912568306011,-0.8524590163934426,-0.39344262295081966,-0.5355191256830601,-0.16939890710382513,-0.7595628415300546,-0.21311475409836064,-0.8961748633879781,-0.2459016393442623,-1.0,-0.273224043715847,-0.546448087431694,-0.09836065573770492,-0.7595628415300546,-0.13114754098360656,-0.8852459016393442,-0.16939890710382513,-0.994535519125683,-0.1912568306010929,-0.5191256830601093,-0.02185792349726776,-0.6939890710382514,-0.0273224043715847,-0.8032786885245902,-0.03278688524590164,-0.907103825136612,-0.03825136612021858
2,0.0,0.0,-0.04918032786885246,-0.1912568306010929,-0.16939890710382513,-0.31693989071038253,-0.24043715846994534,-0.40437158469945356,-0.28415300546448086,-0.4808743169398907,-0.4918032786885246,-0.2459016393442623,-0.6612021857923497,-0.3224043715846995,-0.7650273224043715,-0.37158469945355194,-0.8524590163934426,-0.40437158469945356,-0.5409836065573771,-0.17486338797814208,-0.7595628415300546,-0.22404371584699453,-0.8961748633879781,-0.2568306010928962,-1.0,-0.2786885245901639,-0.546448087431694,-0.09836065573770492,-0.7595628415300546,-0.14207650273224043,-0.8852459016393442,-0.17486338797814208,-0.994535519125683,-0.20218579234972678,-0.5191256830601093,-0.01639344262295082,-0.6939890710382514,-0.0273224043715847,-0.8087431693989071,-0.03278688524590164,-0.912568306010929,-0.03825136612021858
2,0.0,0.0,-0.04395604395604396,-0.19230769230769232,-0.16483516483516483,-0.31868131868131866,-0.23626373626373626,-0.41208791208791207,-0.2802197802197802,-0.4945054945054945,-0.4945054945054945,-0.25274725274725274,-0.6648351648351648,-0.33516483516483514,-0.7692307692307693,-0.3791208791208791,-0.8571428571428571,-0.4175824175824176,-0.5384615384615384,-0.1813186813186813,-0.7582417582417582,-0.22527472527472528,-0.8956043956043956,-0.26373626373626374,-1.0,-0.2857142857142857,-0.5494505494505495,-0.1043956043956044,-0.7582417582417582,-0.14835164835164835,-0.8901098901098901,-0.1813186813186813,-1.0,-0.2087912087912088,-0.5164835164835165,-0.02197802197802198,-0.6923076923076923,-0.027472527472527472,-0.8076923076923077,-0.038461538461538464,-0.9120879120879121,-0.04395604395604396
2,0.0,0.0,-0.04371584699453552,-0.19672131147540983,-0.16393442622950818,-0.3333333333333333,-0.24043715846994534,-0.43169398907103823,-0.2786885245901639,-0.5027322404371585,-0.4918032786885246,-0.26229508196721313,-0.6666666666666666,-0.33879781420765026,-0.7650273224043715,-0.3879781420765027,-0.8579234972677595,-0.4262295081967213,-0.5355191256830601,-0.18579234972677597,-0.7540983606557377,-0.23497267759562843,-0.8907103825136612,-0.273224043715847,-1.0,-0.29508196721311475,-0.546448087431694,-0.10382513661202186,-0.7540983606557377,-0.14754098360655737,-0.8797814207650273,-0.18579234972677597,-0.994535519125683,-0.20765027322404372,-0.5191256830601093,-0.01639344262295082,-0.6885245901639344,-0.02185792349726776,-0.8032786885245902,-0.03278688524590164,-0.907103825136612,-0.04371584699453552
2,0.0,0.0,-0.04371584699453552,-0.19672131147540983,-0.15846994535519127,-0.33879781420765026,-0.23497267759562843,-0.4371584699453552,-0.2677595628415301,-0.5191256830601093,-0.48633879781420764,-0.2677595628415301,-0.6666666666666666,-0.3442622950819672,-0.7704918032786885,-0.39344262295081966,-0.8633879781420765,-0.4262295081967213,-0.5355191256830601,-0.18579234972677597,-0.7486338797814208,-0.23497267759562843,-0.8852459016393442,-0.2677595628415301,-1.0,-0.28415300546448086,-0.5409836065573771,-0.10382513661202186,-0.7486338797814208,-0.14754098360655737,-0.8797814207650273,-0.18032786885245902,-0.994535519125683,-0.20218579234972678,-0.5136612021857924,-0.01092896174863388,-0.6830601092896175,-0.01639344262295082,-0.7978142076502732,-0.0273224043715847,-0.8961748633879781,-0.03278688524590164
2,0.0,0.0,-0.03804347826086957,-0.1956521739130435,-0.15760869565217392,-0.3423913043478261,-0.2391304347826087,-0.45108695652173914,-0.266304347826087,-0.532608695652174,-0.4891304347826087,-0.266304347826087,-0.6630434782608695,-0.34782608695652173,-0.7663043478260869,-0.3967391304347826,-0.8586956521739131,-0.42934782608695654,-0.532608695652174,-0.18478260869565216,-0.75,-0.2391304347826087,-0.8913043478260869,-0.2717391304347826,-1.0,-0.28804347826086957,-0.5380434782608695,-0.09782608695652174,-0.75,-0.14673913043478262,-0.8804347826086957,-0.1793478260869565,-0.9945652173913043,-0.1956521739130435,-0.5108695652173914,0.0,-0.6793478260869565,-0.005434782608695652,-0.7934782608695652,-0.010869565217391304,-0.8913043478260869,-0.016304347826086956
2,0.0,0.0,-0.032432432432432434,-0.1945945945945946,-0.15675675675675677,-0.34594594594594597,-0.23783783783783785,-0.4594594594594595,-0.2702702702702703,-0.5405405405405406,-0.4918918918918919,-0.2648648648648649,-0.6594594594594595,-0.34594594594594597,-0.7675675675675676,-0.4,-0.8594594594594595,-0.43783783783783786,-0.5351351351351351,-0.1783783783783784,-0.7513513513513513,-0.23243243243243245,-0.8864864864864865,-0.2648648648648649,-1.0,-0.2810810810810811,-0.5405405405405406,-0.0918918918918919,-0.7513513513513513,-0.14054054054054055,-0.8810810810810811,-0.17297297297297298,-0.9891891891891892,-0.1945945945945946,-0.5135135135135135,0.005405405405405406,-0.6810810810810811,0.0,-0.7945945945945946,-0.005405405405405406,-0.8918918918918919,-0.005405405405405406
2,0.0,0.0,-0.03260869565217391,-0.20108695652173914,-0.15217391304347827,-0.3532608695652174,-0.23369565217391305,-0.483695652173913,-0.266304347826087,-0.5706521739130435,-0.4891304347826087,-0.2717391304347826,-0.657608695652174,-0.358695652173913,-0.7663043478260869,-0.41304347826086957,-0.8586956521739131,-0.45108695652173914,-0.532608695652174,-0.1793478260869565,-0.75,-0.22826086956521738,-0.8913043478260869,-0.2608695652173913,-1.0,-0.27717391304347827,-0.5380434782608695,-0.08695652173913043,-0.7445652173913043,-0.13043478260869565,-0.875,-0.16304347826086957,-0.9891304347826086,-0.18478260869565216,-0.5054347826086957,0.010869565217391304,-0.6739130434782609,0.010869565217391304,-0.7880434782608695,0.010869565217391304,-0.8913043478260869,0.005434782608695652
2,0.0,0.0,-0.02702702702702703,-0.20540540540540542,-0.14594594594594595,-0.3621621621621622,-0.22702702702702704,-0.4918918918918919,-0.2594594594594595,-0.5837837837837838,-0.4810810810810811,-0.2702702702702703,-0.654054054054054,-0.3621621621621622,-0.7621621621621621,-0.41621621621621624,-0.8594594594594595,-0.4594594594594595,-0.5297297297297298,-0.1783783783783784,-0.745945945945946,-0.22702702702702704,-0.8864864864864865,-0.2594594594594595,-1.0,-0.2810810810810811,-0.5351351351351351,-0.08108108108108109,-0.7405405405405405,-0.11891891891891893,-0.8648648648648649,-0.15135135135135136,-0.972972972972973,-0.17297297297297298,-0.5027027027027027,0.016216216216216217,-0.6702702702702703,0.021621621621621623,-0.7837837837837838,0.016216216216216217,-0.8864864864864865,0.010810810810810811
2,0.0,0.0,-0.02702702702702703,-0.21081081081081082,-0.13513513513513514,-0.3675675675675676,-0.21621621621621623,-0.5027027027027027,-0.25405405405405407,-0.6,-0.4702702702702703,-0.2756756756756757,-0.6486486486486487,-0.372972972972973,-0.7567567567567568,-0.42702702702702705,-0.8594594594594595,-0.4648648648648649,-0.518918918918919,-0.17297297297297298,-0.745945945945946,-0.22702702702702704,-0.8864864864864865,-0.2594594594594595,-1.0,-0.2810810810810811,-0.5243243243243243,-0.07567567567567568,-0.7351351351351352,-0.11891891891891893,-0.8648648648648649,-0.15135135135135136,-0.972972972972973,-0.17297297297297298,-0.4972972972972973,0.02702702702702703,-0.6702702702702703,0.02702702702702703,-0.7837837837837838,0.02702702702702703,-0.8864864864864865,0.02702702702702703
2,0.0,0.0,-0.02702702702702703,-0.22162162162162163,-0.12972972972972974,-0.3837837837837838,-0.21081081081081082,-0.518918918918919,-0.25405405405405407,-0.6270270270270271,-0.4702702702702703,-0.2810810810810811,-0.6432432432432432,-0.3837837837837838,-0.7567567567567568,-0.43783783783783786,-0.8594594594594595,-0.4810810810810811,-0.518918918918919,-0.1783783783783784,-0.745945945945946,-0.23243243243243245,-0.8918918918918919,-0.2702702702702703,-1.0,-0.2864864864864865,-0.5297297297297298,-0.08108108108108109,-0.7351351351351352,-0.11891891891891893,-0.8594594594594595,-0.15135135135135136,-0.972972972972973,-0.16756756756756758,-0.5027027027027027,0.021621621621621623,-0.6756756756756757,0.02702702702702703,-0.7837837837837838,0.02702702702702703,-0.8864864864864865,0.02702702702702703
2,0.0,0.0,-0.026881720430107527,-0.22043010752688172,-0.12903225806451613,-0.3870967741935484,-0.20430107526881722,-0.532258064516129,-0.25268817204301075,-0.6397849462365591,-0.46774193548387094,-0.2849462365591398,-0.6451612903225806,-0.3870967741935484,-0.7580645161290323,-0.44623655913978494,-0.8602150537634409,-0.4838709677419355,-0.521505376344086,-0.1827956989247312,-0.7419354838709677,-0.23655913978494625,-0.8870967741935484,-0.26881720430107525,-1.0,-0.2903225806451613,-0.5268817204301075,-0.08064516129032258,-0.7311827956989247,-0.11290322580645161,-0.8602150537634409,-0.14516129032258066,-0.9731182795698925,-0.16666666666666666,-0.5053763440860215,0.026881720430107527,-0.6720430107526881,0.026881720430107527,-0.7795698924731183,0.03225806451612903,-0.8817204301075269,0.03763440860215054
2,0.0,0.0,-0.026737967914438502,-0.21390374331550802,-0.12834224598930483,-0.39037433155080214,-0.20320855614973263,-0.5401069518716578,-0.25133689839572193,-0.6524064171122995,-0.47058823529411764,-0.2887700534759358,-0.6470588235294118,-0.39037433155080214,-0.7593582887700535,-0.44385026737967914,-0.8663101604278075,-0.48663101604278075,-0.5240641711229946,-0.18181818181818182,-0.7433155080213903,-0.24064171122994651,-0.8877005347593583,-0.2727272727272727,-1.0,-0.2887700534759358,-0.5347593582887701,-0.0748663101604278,-0.7379679144385026,-0.11229946524064172,-0.8663101604278075,-0.13903743315508021,-0.983957219251337,-0.15508021390374332,-0.5026737967914439,0.03208556149732621,-0.6684491978609626,0.03208556149732621,-0.7754010695187166,0.0427807486631016,-0.8770053475935828,0.0427807486631016
2,0.0,0.0,-0.02127659574468085,-0.2127659574468085,-0.1276595744680851,-0.39361702127659576,-0.2074468085106383,-0.5425531914893617,-0.25,-0.6595744680851063,-0.4734042553191489,-0.2872340425531915,-0.6436170212765957,-0.3882978723404255,-0.7553191489361702,-0.44680851063829785,-0.8617021276595744,-0.48936170212765956,-0.526595744680851,-0.18085106382978725,-0.7446808510638298,-0.23404255319148937,-0.8829787234042553,-0.2712765957446808,-1.0,-0.2872340425531915,-0.5319148936170213,-0.06914893617021277,-0.7393617021276596,-0.10638297872340426,-0.8670212765957447,-0.1276595744680851,-0.9787234042553191,-0.14361702127659576,-0.5053191489361702,0.03723404255319149,-0.6702127659574468,0.0425531914893617,-0.776595744680851,0.047872340425531915,-0.8776595744680851,0.047872340425531915
2,0.0,0.0,-0.021164021164021163,-0.21693121693121692,-0.12169312169312169,-0.4021164021164021,-0.20105820105820105,-0.5555555555555556,-0.24867724867724866,-0.671957671957672,-0.4656084656084656,-0.2962962962962963,-0.6455026455026455,-0.3968253968253968,-0.7566137566137566,-0.4497354497354497,-0.8624338624338624,-0.4973544973544973,-0.5238095238095238,-0.18518518518518517,-0.746031746031746,-0.24338624338624337,-0.8835978835978836,-0.2751322751322751,-1.0,-0.291005291005291,-0.5343915343915344,-0.07407407407407407,-0.7407407407407407,-0.1111111111111111,-0.8677248677248677,-0.13227513227513227,-0.9788359788359788,-0.14285714285714285,-0.5079365079365079,0.037037037037037035,-0.671957671957672,0.042328042328042326,-0.7777777777777778,0.05291005291005291,-0.8783068783068783,0.05291005291005291
2,0.0,0.0,-0.015873015873015872,-0.21693121693121692,-0.1164021164021164,-0.4074074074074074,-0.19576719576719576,-0.5661375661375662,-0.24338624338624337,-0.6825396825396826,-0.4656084656084656,-0.30158730158730157,-0.6402116402116402,-0.4021164021164021,-0.7566137566137566,-0.4603174603174603,-0.8571428571428571,-0.5026455026455027,-0.5238095238095238,-0.19047619047619047,-0.746031746031746,-0.24867724867724866,-0.8835978835978836,-0.2804232804232804,-1.0,-0.2962962962962963,-0.5343915343915344,-0.07936507936507936,-0.7407407407407407,-0.1164021164021164,-0.8677248677248677,-0.13227513227513227,-0.9788359788359788,-0.14814814814814814,-0.5079365079365079,0.037037037037037035,-0.671957671957672,0.042328042328042326,-0.7777777777777778,0.05291005291005291,-0.8783068783068783,0.05291005291005291
2,0.0,0.0,-0.021052631578947368,-0.21052631578947367,-0.11578947368421053,-0.4052631578947368,-0.19473684210526315,-0.5631578947368421,-0.24736842105263157,-0.6842105263157895,-0.46842105263157896,-0.3,-0.6421052631578947,-0.4,-0.7578947368421053,-0.45789473684210524,-0.8631578947368421,-0.5,-0.5263157894736842,-0.18421052631578946,-0.7473684210526316,-0.24210526315789474,-0.8894736842105263,-0.2736842105263158,-1.0,-0.2894736842105263,-0.5368421052631579,-0.07368421052631578,-0.7421052631578947,-0.10526315789473684,-0.868421052631579,-0.12631578947368421,-0.9789473684210527,-0.1368421052631579,-0.5105263157894737,0.042105263157894736,-0.6736842105263158,0.04736842105263158,-0.7736842105263158,0.05789473684210526,-0.8736842105263158,0.06315789473684211
2,0.0,0.0,-0.020833333333333332,-0.21354166666666666,-0.11979166666666667,-0.4114583333333333,-0.19791666666666666,-0.5677083333333334,-0.25,-0.6927083333333334,-0.4635416666666667,-0.3072916666666667,-0.640625,-0.40625,-0.7552083333333334,-0.4635416666666667,-0.8645833333333334,-0.5052083333333334,-0.5208333333333334,-0.19270833333333334,-0.7447916666666666,-0.25,-0.8854166666666666,-0.2760416666666667,-1.0,-0.2916666666666667,-0.5364583333333334,-0.078125,-0.7395833333333334,-0.11458333333333333,-0.8645833333333334,-0.13020833333333334,-0.9739583333333334,-0.140625,-0.5104166666666666,0.036458333333333336,-0.671875,0.041666666666666664,-0.7708333333333334,0.052083333333333336,-0.8697916666666666,0.0625
2,0.0,0.0,-0.020833333333333332,-0.21354166666666666,-0.11458333333333333,-0.4114583333333333,-0.19270833333333334,-0.5677083333333334,-0.25,-0.6875,-0.4583333333333333,-0.3072916666666667,-0.640625,-0.40625,-0.7552083333333334,-0.4583333333333333,-0.8645833333333334,-0.5052083333333334,-0.5208333333333334,-0.19270833333333334,-0.7395833333333334,-0.24479166666666666,-0.8802083333333334,-0.2760416666666667,-1.0,-0.2864583333333333,-0.53125,-0.078125,-0.734375,-0.109375,-0.859375,-0.125,-0.9739583333333334,-0.13541666666666666,-0.5052083333333334,0.036458333333333336,-0.6666666666666666,0.046875,-0.7708333333333334,0.057291666666666664,-0.8697916666666666,0.0625
2,0.0,0.0,-0.020833333333333332,-0.21354166666666666,-0.11458333333333333,-0.4166666666666667,-0.19791666666666666,-0.5729166666666666,-0.25,-0.6979166666666666,-0.4583333333333333,-0.3072916666666667,-0.640625,-0.40625,-0.7552083333333334,-0.4583333333333333,-0.8645833333333334,-0.5052083333333334,-0.5208333333333334,-0.1875,-0.7395833333333334,-0.24479166666666666,-0.8802083333333334,-0.2708333333333333,-1.0,-0.2864583333333333,-0.53125,-0.078125,-0.734375,-0.109375,-0.859375,-0.125,-0.9739583333333334,-0.13541666666666666,-0.5052083333333334,0.041666666666666664,-0.6666666666666666,0.046875,-0.7708333333333334,0.0625,-0.8697916666666666,0.0625
2,0.0,0.0,-0.015625,-0.21354166666666666,-0.109375,-0.421875,-0.19270833333333334,-0.5833333333333334,-0.24479166666666666,-0.7135416666666666,-0.4583333333333333,-0.3125,-0.6354166666666666,-0.4114583333333333,-0.7552083333333334,-0.46875,-0.8645833333333334,-0.5104166666666666,-0.5208333333333334,-0.19270833333333334,-0.7395833333333334,-0.25,-0.8802083333333334,-0.2760416666666667,-1.0,-0.2916666666666667,-0.53125,-0.078125,-0.734375,-0.11458333333333333,-0.859375,-0.13020833333333334,-0.9739583333333334,-0.140625,-0.5052083333333334,0.036458333333333336,-0.6666666666666666,0.046875,-0.7708333333333334,0.057291666666666664,-0.8697916666666666,0.0625
2,0.0,0.0,-0.015544041450777202,-0.21243523316062177,-0.10362694300518134,-0.41968911917098445,-0.18652849740932642,-0.5906735751295337,-0.23316062176165803,-0.7253886010362695,-0.45595854922279794,-0.31088082901554404,-0.6373056994818653,-0.41450777202072536,-0.7512953367875648,-0.46632124352331605,-0.8601036269430051,-0.5129533678756477,-0.5181347150259067,-0.19170984455958548,-0.7357512953367875,-0.2538860103626943,-0.8808290155440415,-0.27979274611398963,-1.0,-0.29533678756476683,-0.5284974093264249,-0.07772020725388601,-0.7357512953367875,-0.11398963730569948,-0.8652849740932642,-0.12953367875647667,-0.9740932642487047,-0.13989637305699482,-0.5025906735751295,0.03626943005181347,-0.6683937823834197,0.046632124352331605,-0.7772020725388601,0.05699481865284974,-0.8756476683937824,0.06217616580310881
2,0.0,0.0,-0.015384615384615385,-0.2153846153846154,-0.10256410256410256,-0.4256410256410256,-0.1794871794871795,-0.5948717948717949,-0.23076923076923078,-0.7282051282051282,-0.4512820512820513,-0.31794871794871793,-0.6358974358974359,-0.4205128205128205,-0.7538461538461538,-0.47692307692307695,-0.8615384615384616,-0.517948717948718,-0.517948717948718,-0.2,-0.7384615384615385,-0.2564102564102564,-0.882051282051282,-0.28717948717948716,-1.0,-0.30256410256410254,-0.5282051282051282,-0.08205128205128205,-0.7333333333333333,-0.11794871794871795,-0.8615384615384616,-0.13333333333333333,-0.9743589743589743,-0.14871794871794872,-0.5076923076923077,0.035897435897435895,-0.6666666666666666,0.035897435897435895,-0.7692307692307693,0.046153846153846156,-0.8717948717948718,0.05128205128205128
2,0.0,0.0,-0.015306122448979591,-0.21428571428571427,-0.10204081632653061,-0.42346938775510207,-0.17857142857142858,-0.6020408163265306,-0.2193877551020408,-0.7397959183673469,-0.4489795918367347,-0.3163265306122449,-0.6326530612244898,-0.41836734693877553,-0.75,-0.4744897959183674,-0.8571428571428571,-0.5204081632653061,-0.5153061224489796,-0.1989795918367347,-0.7346938775510204,-0.25510204081632654,-0.8826530612244898,-0.28061224489795916,-1.0,-0.3010204081632653,-0.5306122448979592,-0.08163265306122448,-0.7346938775510204,-0.11734693877551021,-0.8571428571428571,-0.1326530612244898,-0.9693877551020408,-0.1377551020408163,-0.5051020408163265,0.030612244897959183,-0.6632653061224489,0.04081632653061224,-0.7653061224489796,0.05102040816326531,-0.8622448979591837,0.05102040816326531
2,0.0,0.0,-0.01015228426395939,-0.2131979695431472,-0.09137055837563451,-0.4213197969543147,-0.16751269035532995,-0.5939086294416244,-0.2131979695431472,-0.7258883248730964,-0.4517766497461929,-0.3147208121827411,-0.6345177664974619,-0.41624365482233505,-0.751269035532995,-0.4720812182741117,-0.8629441624365483,-0.5177664974619289,-0.5126903553299492,-0.19289340101522842,-0.7360406091370558,-0.24873096446700507,-0.883248730964467,-0.27918781725888325,-1.0,-0.29441624365482233,-0.5279187817258884,-0.08121827411167512,-0.7309644670050761,-0.1116751269035533,-0.8578680203045685,-0.12690355329949238,-0.9695431472081218,-0.13705583756345177,-0.5025380710659898,0.03553299492385787,-0.6598984771573604,0.04060913705583756,-0.7614213197969543,0.05583756345177665,-0.8629441624365483,0.05583756345177665
2,0.0,0.0,-0.015,-0.215,-0.095,-0.42,-0.17,-0.6,-0.215,-0.74,-0.45,-0.315,-0.63,-0.415,-0.75,-0.47,-0.86,-0.51,-0.515,-0.195,-0.735,-0.25,-0.88,-0.28,-1.0,-0.295,-0.525,-0.08,-0.73,-0.115,-0.855,-0.13,-0.965,-0.14,-0.5,0.03,-0.655,0.035,-0.76,0.045,-0.855,0.05
2,0.0,0.0,-0.005025125628140704,-0.21105527638190955,-0.08040201005025126,-0.41708542713567837,-0.15577889447236182,-0.592964824120603,-0.20603015075376885,-0.7286432160804021,-0.44221105527638194,-0.31155778894472363,-0.628140703517588,-0.4120603015075377,-0.7487437185929648,-0.4623115577889447,-0.864321608040201,-0.5025125628140703,-0.507537688442211,-0.19597989949748743,-0.7336683417085427,-0.25125628140703515,-0.8793969849246231,-0.27638190954773867,-1.0,-0.2914572864321608,-0.5226130653266332,-0.08040201005025126,-0.7236180904522613,-0.11055276381909548,-0.8492462311557789,-0.12562814070351758,-0.964824120603015,-0.1306532663316583,-0.49748743718592964,0.03015075376884422,-0.6532663316582915,0.04020100502512563,-0.7537688442211056,0.05025125628140704,-0.8542713567839196,0.05527638190954774
2,0.0,0.0,-0.01,-0.205,-0.085,-0.405,-0.15,-0.575,-0.205,-0.715,-0.45,-0.305,-0.63,-0.405,-0.755,-0.455,-0.865,-0.495,-0.51,-0.19,-0.735,-0.245,-0.88,-0.27,-1.0,-0.29,-0.525,-0.08,-0.725,-0.11,-0.85,-0.12,-0.965,-0.125,-0.5,0.035,-0.655,0.04,-0.755,0.05,-0.85,0.055
2,0.0,0.0,-0.010050251256281407,-0.20100502512562815,-0.07537688442211055,-0.39195979899497485,-0.1407035175879397,-0.5577889447236181,-0.20100502512562815,-0.6834170854271356,-0.4472361809045226,-0.2914572864321608,-0.6331658291457286,-0.39195979899497485,-0.7537688442211056,-0.44221105527638194,-0.8693467336683417,-0.4824120603015075,-0.507537688442211,-0.18090452261306533,-0.7336683417085427,-0.23618090452261306,-0.8793969849246231,-0.2613065326633166,-1.0,-0.27638190954773867,-0.5175879396984925,-0.07035175879396985,-0.7236180904522613,-0.10050251256281408,-0.8492462311557789,-0.11055276381909548,-0.964824120603015,-0.11557788944723618,-0.49246231155778897,0.04020100502512563,-0.6482412060301508,0.05025125628140704,-0.7537688442211056,0.06030150753768844,-0.8492462311557789,0.06030150753768844
2,0.0,0.0,-0.005025125628140704,-0.19597989949748743,-0.07035175879396985,-0.3768844221105528,-0.12562814070351758,-0.542713567839196,-0.19095477386934673,-0.6733668341708543,-0.44221105527638194,-0.2864321608040201,-0.6331658291457286,-0.3869346733668342,-0.7587939698492462,-0.4371859296482412,-0.8693467336683417,-0.47738693467336685,-0.49748743718592964,-0.17587939698492464,-0.7286432160804021,-0.23115577889447236,-0.8743718592964824,-0.2562814070351759,-1.0,-0.271356783919598,-0.507537688442211,-0.06532663316582915,-0.7135678391959799,-0.09547738693467336,-0.8442211055276382,-0.10552763819095477,-0.9597989949748744,-0.11055276381909548,-0.48743718592964824,0.04020100502512563,-0.6482412060301508,0.05025125628140704,-0.7487437185929648,0.06532663316582915,-0.8442211055276382,0.06532663316582915
2,0.0,0.0,-0.009950248756218905,-0.1890547263681592,-0.07462686567164178,-0.3582089552238806,-0.13930348258706468,-0.5174129353233831,-0.19900497512437812,-0.6467661691542289,-0.4527363184079602,-0.26865671641791045,-0.6368159203980099,-0.3582089552238806,-0.7611940298507462,-0.4079601990049751,-0.8756218905472637,-0.43781094527363185,-0.5074626865671642,-0.16417910447761194,-0.7313432835820896,-0.21393034825870647,-0.8805970149253731,-0.23880597014925373,-1.0,-0.2537313432835821,-0.5124378109452736,-0.05970149253731343,-0.7164179104477612,-0.0845771144278607,-0.845771144278607,-0.0945273631840796,-0.9601990049751243,-0.09950248756218906,-0.48756218905472637,0.04477611940298507,-0.6467661691542289,0.05472636815920398,-0.746268656716418,0.06965174129353234,-0.845771144278607,0.06965174129353234
2,0.0,0.0,0.0,-0.17587939698492464,-0.06532663316582915,-0.3417085427135678,-0.12562814070351758,-0.49748743718592964,-0.19597989949748743,-0.6381909547738693,-0.4472361809045226,-0.2663316582914573,-0.6381909547738693,-0.35175879396984927,-0.7688442211055276,-0.4020100502512563,-0.8793969849246231,-0.4321608040201005,-0.49748743718592964,-0.16080402010050251,-0.7286432160804021,-0.21608040201005024,-0.8793969849246231,-0.23618090452261306,-1.0,-0.2562814070351759,-0.507537688442211,-0.05527638190954774,-0.7135678391959799,-0.08542713567839195,-0.8492462311557789,-0.09547738693467336,-0.9597989949748744,-0.10050251256281408,-0.48743718592964824,0.04522613065326633,-0.6482412060301508,0.05527638190954774,-0.7537688442211056,0.06532663316582915,-0.8442211055276382,0.07035175879396985
2,0.0,0.0,0.0,-0.16,-0.065,-0.315,-0.135,-0.47,-0.2,-0.61,-0.45,-0.25,-0.64,-0.335,-0.775,-0.38,-0.89,-0.41,-0.5,-0.15,-0.73,-0.2,-0.88,-0.225,-1.0,-0.235,-0.505,-0.05,-0.71,-0.08,-0.845,-0.085,-0.955,-0.09,-0.485,0.045,-0.645,0.055,-0.745,0.065,-0.835,0.07
2,0.0,0.0,0.005,-0.15,-0.06,-0.295,-0.13,-0.445,-0.205,-0.585,-0.445,-0.24,-0.64,-0.32,-0.775,-0.365,-0.89,-0.39,-0.495,-0.145,-0.725,-0.195,-0.875,-0.215,-1.0,-0.23,-0.505,-0.05,-0.705,-0.08,-0.845,-0.085,-0.955,-0.09,-0.49,0.045,-0.65,0.05,-0.75,0.065,-0.84,0.065
2,0.0,0.0,0.01,-0.14,-0.055,-0.285,-0.13,-0.43,-0.205,-0.565,-0.435,-0.235,-0.635,-0.315,-0.77,-0.355,-0.885,-0.385,-0.49,-0.145,-0.72,-0.19,-0.875,-0.21,-1.0,-0.225,-0.5,-0.055,-0.705,-0.08,-0.84,-0.085,-0.95,-0.09,-0.485,0.035,-0.64,0.05,-0.74,0.06,-0.83,0.065
2,0.0,0.0,0.015151515151515152,-0.13636363636363635,-0.045454545454545456,-0.2777777777777778,-0.12121212121212122,-0.42424242424242425,-0.19696969696969696,-0.5606060606060606,-0.43434343434343436,-0.23737373737373738,-0.6313131313131313,-0.3181818181818182,-0.7727272727272727,-0.35858585858585856,-0.8888888888888888,-0.3888888888888889,-0.48484848484848486,-0.15151515151515152,-0.7171717171717171,-0.19696969696969696,-0.8737373737373737,-0.21717171717171718,-1.0,-0.23232323232323232,-0.494949494949495,-0.06565656565656566,-0.702020202020202,-0.08585858585858586,-0.8383838383838383,-0.09090909090909091,-0.9494949494949495,-0.09595959595959595,-0.4797979797979798,0.025252525252525252,-0.6363636363636364,0.04040404040404041,-0.7424242424242424,0.05555555555555555,-0.8333333333333334,0.05555555555555555
2,0.0,0.0,0.020202020202020204,-0.12626262626262627,-0.04040404040404041,-0.25252525252525254,-0.1111111111111111,-0.3888888888888889,-0.19696969696969696,-0.5303030303030303,-0.42424242424242425,-0.22727272727272727,-0.6262626262626263,-0.29292929292929293,-0.7727272727272727,-0.3383838383838384,-0.8939393939393939,-0.36363636363636365,-0.4696969696969697,-0.1414141414141414,-0.7121212121212122,-0.18181818181818182,-0.8686868686868687,-0.19696969696969696,-1.0,-0.21212121212121213,-0.48484848484848486,-0.05555555555555555,-0.6919191919191919,-0.08080808080808081,-0.8333333333333334,-0.08080808080808081,-0.9444444444444444,-0.08585858585858586,-0.47474747474747475,0.030303030303030304,-0.6363636363636364,0.045454545454545456,-0.7424242424242424,0.05555555555555555,-0.8282828282828283,0.050505050505050504
2,0.0,0.0,0.030612244897959183,-0.11734693877551021,-0.025510204081632654,-0.24489795918367346,-0.10204081632653061,-0.37755102040816324,-0.17857142857142858,-0.5204081632653061,-0.41836734693877553,-0.22959183673469388,-0.6224489795918368,-0.29591836734693877,-0.7704081632653061,-0.336734693877551,-0.8928571428571429,-0.3622448979591837,-0.46938775510204084,-0.14795918367346939,-0.7091836734693877,-0.18877551020408162,-0.8673469387755102,-0.20408163265306123,-1.0,-0.2193877551020408,-0.4846938775510204,-0.061224489795918366,-0.6887755102040817,-0.08673469387755102,-0.8316326530612245,-0.09183673469387756,-0.9489795918367347,-0.10204081632653061,-0.4744897959183674,0.025510204081632654,-0.6326530612244898,0.04081632653061224,-0.7397959183673469,0.04591836734693878,-0.826530612244898,0.03571428571428571
2,0.0,0.0,0.041025641025641026,-0.1076923076923077,-0.020512820512820513,-0.2205128205128205,-0.09230769230769231,-0.3487179487179487,-0.17435897435897435,-0.49230769230769234,-0.41025641025641024,-0.2153846153846154,-0.6205128205128205,-0.27692307692307694,-0.7692307692307693,-0.31794871794871793,-0.8923076923076924,-0.3487179487179487,-0.46153846153846156,-0.13846153846153847,-0.7025641025641025,-0.1794871794871795,-0.8666666666666667,-0.19487179487179487,-1.0,-0.21025641025641026,-0.4717948717948718,-0.05641025641025641,-0.6871794871794872,-0.08205128205128205,-0.8307692307692308,-0.08717948717948718,-0.9435897435897436,-0.09743589743589744,-0.4666666666666667,0.02564102564102564,-0.6307692307692307,0.041025641025641026,-0.7333333333333333,0.046153846153846156,-0.8205128205128205,0.035897435897435895
2,0.0,0.0,0.035897435897435895,-0.1076923076923077,-0.015384615384615385,-0.2153846153846154,-0.08717948717948718,-0.3333333333333333,-0.16923076923076924,-0.4717948717948718,-0.4153846153846154,-0.2205128205128205,-0.6205128205128205,-0.28205128205128205,-0.7692307692307693,-0.3230769230769231,-0.8923076923076924,-0.35384615384615387,-0.4666666666666667,-0.14358974358974358,-0.7076923076923077,-0.19487179487179487,-0.8666666666666667,-0.21025641025641026,-1.0,-0.23076923076923078,-0.48205128205128206,-0.06666666666666667,-0.6923076923076923,-0.09743589743589744,-0.8307692307692308,-0.10256410256410256,-0.9435897435897436,-0.11794871794871795,-0.47692307692307695,0.010256410256410256,-0.6307692307692307,0.020512820512820513,-0.7333333333333333,0.02564102564102564,-0.8205128205128205,0.015384615384615385
2,0.0,0.0,0.041025641025641026,-0.10256410256410256,-0.015384615384615385,-0.20512820512820512,-0.08717948717948718,-0.31794871794871793,-0.16923076923076924,-0.4512820512820513,-0.4153846153846154,-0.2153846153846154,-0.6205128205128205,-0.28205128205128205,-0.7692307692307693,-0.31794871794871793,-0.8923076923076924,-0.3435897435897436,-0.4717948717948718,-0.14358974358974358,-0.7076923076923077,-0.19487179487179487,-0.8666666666666667,-0.2153846153846154,-1.0,-0.2358974358974359,-0.48717948717948717,-0.07692307692307693,-0.6923076923076923,-0.10256410256410256,-0.8358974358974359,-0.11282051282051282,-0.9435897435897436,-0.12307692307692308,-0.47692307692307695,-0.005128205128205128,-0.6307692307692307,0.010256410256410256,-0.7333333333333333,0.015384615384615385,-0.8256410256410256,0.010256410256410256
2,0.0,0.0,0.04081632653061224,-0.08673469387755102,-0.015306122448979591,-0.17857142857142858,-0.08673469387755102,-0.2857142857142857,-0.1683673469387755,-0.41836734693877553,-0.40816326530612246,-0.1989795918367347,-0.6173469387755102,-0.2602040816326531,-0.7653061224489796,-0.29591836734693877,-0.8928571428571429,-0.32142857142857145,-0.4642857142857143,-0.1377551020408163,-0.7040816326530612,-0.1836734693877551,-0.8622448979591837,-0.20918367346938777,-1.0,-0.22959183673469388,-0.47959183673469385,-0.07142857142857142,-0.6836734693877551,-0.10204081632653061,-0.826530612244898,-0.11224489795918367,-0.9387755102040817,-0.12755102040816327,-0.46938775510204084,-0.01020408163265306,-0.6275510204081632,0.0,-0.7295918367346939,0.00510204081632653,-0.8214285714285714,0.0
2,0.0,0.0,0.04081632653061224,-0.07142857142857142,-0.015306122448979591,-0.15816326530612246,-0.09183673469387756,-0.2602040816326531,-0.1683673469387755,-0.3877551020408163,-0.3979591836734694,-0.17857142857142858,-0.6122448979591837,-0.23979591836734693,-0.7551020408163265,-0.2755102040816326,-0.8826530612244898,-0.30612244897959184,-0.45918367346938777,-0.12244897959183673,-0.6989795918367347,-0.17346938775510204,-0.8571428571428571,-0.1989795918367347,-1.0,-0.22448979591836735,-0.47959183673469385,-0.0663265306122449,-0.6836734693877551,-0.09693877551020408,-0.826530612244898,-0.10204081632653061,-0.9387755102040817,-0.11734693877551021,-0.4642857142857143,-0.00510204081632653,-0.6224489795918368,0.0,-0.7295918367346939,0.00510204081632653,-0.8214285714285714,0.00510204081632653
2,0.0,0.0,0.04568527918781726,-0.07106598984771574,-0.01015228426395939,-0.14213197969543148,-0.08121827411167512,-0.22842639593908629,-0.16751269035532995,-0.350253807106599,-0.39593908629441626,-0.16751269035532995,-0.6091370558375635,-0.2233502538071066,-0.7563451776649747,-0.25888324873096447,-0.8883248730964467,-0.28426395939086296,-0.4517766497461929,-0.1116751269035533,-0.6954314720812182,-0.15736040609137056,-0.8578680203045685,-0.18274111675126903,-1.0,-0.20304568527918782,-0.467005076142132,-0.06091370558375635,-0.6751269035532995,-0.09137055837563451,-0.8223350253807107,-0.09644670050761421,-0.934010152284264,-0.1065989847715736,-0.4619289340101523,-0.005076142131979695,-0.6192893401015228,0.0,-0.7258883248730964,0.005076142131979695,-0.817258883248731,0.005076142131979695
2,0.0,0.0,0.04568527918781726,-0.07106598984771574,-0.005076142131979695,-0.13705583756345177,-0.07106598984771574,-0.2131979695431472,-0.16243654822335024,-0.3147208121827411,-0.38578680203045684,-0.17258883248730963,-0.6040609137055838,-0.2233502538071066,-0.7461928934010152,-0.25380710659898476,-0.8781725888324873,-0.27918781725888325,-0.4517766497461929,-0.1218274111675127,-0.6903553299492385,-0.16243654822335024,-0.8527918781725888,-0.18781725888324874,-1.0,-0.2131979695431472,-0.467005076142132,-0.07106598984771574,-0.6751269035532995,-0.10152284263959391,-0.8223350253807107,-0.1065989847715736,-0.9390862944162437,-0.1218274111675127,-0.4619289340101523,-0.02030456852791878,-0.6192893401015228,-0.015228426395939087,-0.7258883248730964,-0.01015228426395939,-0.817258883248731,-0.01015228426395939
2,0.0,0.0,0.05154639175257732,-0.061855670103092786,0.010309278350515464,-0.12886597938144329,-0.05670103092783505,-0.1958762886597938,-0.13917525773195877,-0.30412371134020616,-0.38144329896907214,-0.17010309278350516,-0.5979381443298969,-0.22164948453608246,-0.7422680412371134,-0.25257731958762886,-0.8762886597938144,-0.27835051546391754,-0.4484536082474227,-0.12371134020618557,-0.6907216494845361,-0.15979381443298968,-0.8556701030927835,-0.18556701030927836,-1.0,-0.211340206185567,-0.4690721649484536,-0.07731958762886598,-0.6752577319587629,-0.10824742268041238,-0.8298969072164949,-0.11855670103092783,-0.9484536082474226,-0.13402061855670103,-0.4639175257731959,-0.030927835051546393,-0.6237113402061856,-0.02577319587628866,-0.7371134020618557,-0.02577319587628866,-0.8298969072164949,-0.02577319587628866
2,0.0,0.0,0.057291666666666664,-0.057291666666666664,0.015625,-0.125,-0.046875,-0.19270833333333334,-0.125,-0.296875,-0.375,-0.171875,-0.5989583333333334,-0.22395833333333334,-0.7447916666666666,-0.25,-0.8802083333333334,-0.2760416666666667,-0.4427083333333333,-0.13020833333333334,-0.6927083333333334,-0.16666666666666666,-0.859375,-0.1875,-1.0,-0.21875,-0.46875,-0.08333333333333333,-0.6770833333333334,-0.109375,-0.8333333333333334,-0.125,-0.9479166666666666,-0.140625,-0.4635416666666667,-0.036458333333333336,-0.625,-0.03125,-0.734375,-0.03125,-0.828125,-0.036458333333333336
2,0.0,0.0,0.06951871657754011,-0.0374331550802139,0.0374331550802139,-0.0962566844919786,-0.016042780748663103,-0.15508021390374332,-0.10160427807486631,-0.25668449197860965,-0.36363636363636365,-0.15508021390374332,-0.5775401069518716,-0.19786096256684493,-0.732620320855615,-0.22994652406417113,-0.8663101604278075,-0.25668449197860965,-0.43315508021390375,-0.11229946524064172,-0.679144385026738,-0.1497326203208556,-0.8502673796791443,-0.1711229946524064,-1.0,-0.20320855614973263,-0.45989304812834225,-0.0748663101604278,-0.6684491978609626,-0.0962566844919786,-0.8235294117647058,-0.11229946524064172,-0.9411764705882353,-0.12834224598930483,-0.45989304812834225,-0.03208556149732621,-0.6203208556149733,-0.0213903743315508,-0.732620320855615,-0.016042780748663103,-0.8288770053475936,-0.0213903743315508
2,0.0,0.0,0.08791208791208792,-0.03296703296703297,0.07142857142857142,-0.08241758241758242,0.02197802197802198,-0.13186813186813187,-0.07142857142857142,-0.22527472527472528,-0.33516483516483514,-0.13736263736263737,-0.554945054945055,-0.17582417582417584,-0.7197802197802198,-0.2087912087912088,-0.8681318681318682,-0.23626373626373626,-0.41208791208791207,-0.1043956043956044,-0.6593406593406593,-0.13736263736263737,-0.8406593406593407,-0.17032967032967034,-1.0,-0.2032967032967033,-0.44505494505494503,-0.07692307692307693,-0.6538461538461539,-0.09340659340659341,-0.8131868131868132,-0.10989010989010989,-0.9395604395604396,-0.13736263736263737,-0.45604395604395603,-0.04945054945054945,-0.6098901098901099,-0.03296703296703297,-0.7252747252747253,-0.03296703296703297,-0.8241758241758241,-0.038461538461538464
2,0.0,0.0,0.08287292817679558,-0.016574585635359115,0.06077348066298342,-0.055248618784530384,0.016574585635359115,-0.11049723756906077,-0.07734806629834254,-0.20441988950276244,-0.3314917127071823,-0.13259668508287292,-0.5524861878453039,-0.1712707182320442,-0.7182320441988951,-0.19889502762430938,-0.8674033149171271,-0.22099447513812154,-0.4088397790055249,-0.10497237569060773,-0.6629834254143646,-0.143646408839779,-0.8397790055248618,-0.1712707182320442,-1.0,-0.20441988950276244,-0.44751381215469616,-0.07734806629834254,-0.6574585635359116,-0.09944751381215469,-0.8232044198895028,-0.11049723756906077,-0.9502762430939227,-0.13259668508287292,-0.4585635359116022,-0.049723756906077346,-0.6187845303867403,-0.03867403314917127,-0.7348066298342542,-0.03867403314917127,-0.8342541436464088,-0.04419889502762431
2,0.0,0.0,0.1016949152542373,-0.005649717514124294,0.0847457627118644,-0.03389830508474576,0.03954802259887006,-0.07909604519774012,-0.062146892655367235,-0.1694915254237288,-0.2994350282485876,-0.11299435028248588,-0.5254237288135594,-0.14689265536723164,-0.7062146892655368,-0.1694915254237288,-0.864406779661017,-0.1864406779661017,-0.3898305084745763,-0.096045197740113,-0.6440677966101694,-0.12429378531073447,-0.8361581920903954,-0.15819209039548024,-1.0,-0.192090395480226,-0.4293785310734463,-0.07909604519774012,-0.6497175141242938,-0.0903954802259887,-0.8192090395480226,-0.10734463276836158,-0.9548022598870056,-0.13559322033898305,-0.4576271186440678,-0.062146892655367235,-0.6214689265536724,-0.05649717514124294,-0.7457627118644068,-0.062146892655367235,-0.8531073446327684,-0.07344632768361582
2,0.0,0.0,0.09550561797752809,0.0,0.07865168539325842,-0.016853932584269662,0.033707865168539325,-0.06179775280898876,-0.06741573033707865,-0.1348314606741573,-0.29775280898876405,-0.11797752808988764,-0.5168539325842697,-0.1404494382022472,-0.6966292134831461,-0.15730337078651685,-0.8651685393258427,-0.16853932584269662,-0.38202247191011235,-0.09550561797752809,-0.6348314606741573,-0.11797752808988764,-0.8314606741573034,-0.14606741573033707,-1.0,-0.17415730337078653,-0.42696629213483145,-0.07865168539325842,-0.6460674157303371,-0.09550561797752809,-0.8202247191011236,-0.11235955056179775,-0.949438202247191,-0.1404494382022472,-0.4550561797752809,-0.06179775280898876,-0.6123595505617978,-0.06179775280898876,-0.7359550561797753,-0.07303370786516854,-0.8370786516853933,-0.0898876404494382
2,0.0,0.0,0.09090909090909091,0.017045454545454544,0.07386363636363637,0.0,0.03409090909090909,-0.045454545454545456,-0.05113636363636364,-0.11931818181818182,-0.30113636363636365,-0.11931818181818182,-0.5170454545454546,-0.1534090909090909,-0.6988636363636364,-0.16477272727272727,-0.8693181818181818,-0.16477272727272727,-0.38636363636363635,-0.10227272727272728,-0.6363636363636364,-0.125,-0.8352272727272727,-0.14772727272727273,-1.0,-0.17045454545454544,-0.4375,-0.07386363636363637,-0.6477272727272727,-0.09659090909090909,-0.8181818181818182,-0.10795454545454546,-0.9488636363636364,-0.13068181818181818,-0.4602272727272727,-0.05113636363636364,-0.6136363636363636,-0.056818181818181816,-0.7386363636363636,-0.0625,-0.8352272727272727,-0.07386363636363637
2,0.0,0.0,0.08379888268156424,0.00558659217877095,0.0670391061452514,-0.01675977653631285,0.01675977653631285,-0.061452513966480445,-0.07262569832402235,-0.12849162011173185,-0.3128491620111732,-0.12849162011173185,-0.5307262569832403,-0.1564245810055866,-0.7150837988826816,-0.16759776536312848,-0.88268156424581,-0.16759776536312848,-0.39106145251396646,-0.11173184357541899,-0.6368715083798883,-0.1340782122905028,-0.8324022346368715,-0.1564245810055866,-1.0,-0.17318435754189945,-0.43575418994413406,-0.0893854748603352,-0.6536312849162011,-0.11173184357541899,-0.8212290502793296,-0.12849162011173185,-0.9497206703910615,-0.1564245810055866,-0.4581005586592179,-0.07262569832402235,-0.6201117318435754,-0.0893854748603352,-0.7430167597765364,-0.09497206703910614,-0.8435754189944135,-0.10614525139664804
2,0.0,0.0,0.0782122905027933,0.00558659217877095,0.061452513966480445,-0.00558659217877095,0.0223463687150838,-0.0446927374301676,-0.07262569832402235,-0.11173184357541899,-0.31843575418994413,-0.1340782122905028,-0.5418994413407822,-0.16201117318435754,-0.7206703910614525,-0.17318435754189945,-0.888268156424581,-0.18435754189944134,-0.4022346368715084,-0.10614525139664804,-0.6424581005586593,-0.13966480446927373,-0.8379888268156425,-0.16201117318435754,-1.0,-0.18435754189944134,-0.44692737430167595,-0.08379888268156424,-0.6536312849162011,-0.10614525139664804,-0.8212290502793296,-0.12290502793296089,-0.9441340782122905,-0.1452513966480447,-0.4692737430167598,-0.061452513966480445,-0.6201117318435754,-0.07262569832402235,-0.7374301675977654,-0.0782122905027933,-0.8324022346368715,-0.08379888268156424
2,0.0,0.0,0.0481283422459893,0.0374331550802139,0.0213903743315508,0.03208556149732621,-0.026737967914438502,-0.0053475935828877,-0.11229946524064172,-0.0427807486631016,-0.33689839572192515,-0.10695187165775401,-0.5614973262032086,-0.13368983957219252,-0.7433155080213903,-0.1443850267379679,-0.9037433155080213,-0.1443850267379679,-0.40641711229946526,-0.0962566844919786,-0.6524064171122995,-0.12299465240641712,-0.839572192513369,-0.13903743315508021,-1.0,-0.15508021390374332,-0.44385026737967914,-0.08021390374331551,-0.6524064171122995,-0.0962566844919786,-0.8181818181818182,-0.10695187165775401,-0.9411764705882353,-0.12299465240641712,-0.46524064171123,-0.053475935828877004,-0.6149732620320856,-0.06417112299465241,-0.732620320855615,-0.06417112299465241,-0.8288770053475936,-0.06951871657754011
2,0.0,0.0,0.04838709677419355,0.03763440860215054,0.016129032258064516,0.043010752688172046,-0.03225806451612903,0.016129032258064516,-0.12903225806451613,-0.021505376344086023,-0.34946236559139787,-0.10215053763440861,-0.5752688172043011,-0.12903225806451613,-0.7526881720430108,-0.13978494623655913,-0.9139784946236559,-0.13440860215053763,-0.41935483870967744,-0.0913978494623656,-0.6559139784946236,-0.12365591397849462,-0.8440860215053764,-0.14516129032258066,-1.0,-0.16666666666666666,-0.45161290322580644,-0.06451612903225806,-0.6559139784946236,-0.0967741935483871,-0.8172043010752689,-0.10752688172043011,-0.9408602150537635,-0.12365591397849462,-0.46774193548387094,-0.043010752688172046,-0.6129032258064516,-0.053763440860215055,-0.7311827956989247,-0.05913978494623656,-0.8279569892473119,-0.06451612903225806
2,0.0,0.0,0.026737967914438502,0.053475935828877004,-0.0106951871657754,0.06417112299465241,-0.06951871657754011,0.03208556149732621,-0.1657754010695187,-0.0053475935828877,-0.3689839572192513,-0.08021390374331551,-0.5614973262032086,-0.11764705882352941,-0.7112299465240641,-0.13368983957219252,-0.8502673796791443,-0.1443850267379679,-0.43315508021390375,-0.08021390374331551,-0.6631016042780749,-0.11229946524064172,-0.8449197860962567,-0.13368983957219252,-1.0,-0.1657754010695187,-0.45989304812834225,-0.06417112299465241,-0.6684491978609626,-0.0855614973262032,-0.8288770053475936,-0.0962566844919786,-0.9572192513368984,-0.11764705882352941,-0.47058823529411764,-0.0427807486631016,-0.6310160427807486,-0.058823529411764705,-0.7540106951871658,-0.06417112299465241,-0.8609625668449198,-0.0748663101604278
2,0.0,0.0,0.031088082901554404,0.07253886010362694,-0.0051813471502590676,0.10362694300518134,-0.06217616580310881,0.08808290155440414,-0.17098445595854922,0.05699481865284974,-0.37305699481865284,-0.02072538860103627,-0.5751295336787565,-0.046632124352331605,-0.7253886010362695,-0.05699481865284974,-0.8704663212435233,-0.07253886010362694,-0.41968911917098445,-0.046632124352331605,-0.6580310880829016,-0.06735751295336788,-0.8393782383419689,-0.09326424870466321,-1.0,-0.11917098445595854,-0.44041450777202074,-0.05699481865284974,-0.6528497409326425,-0.07253886010362694,-0.8134715025906736,-0.08808290155440414,-0.9481865284974094,-0.10880829015544041,-0.44041450777202074,-0.05699481865284974,-0.6010362694300518,-0.07772020725388601,-0.7253886010362695,-0.08808290155440414,-0.8290155440414507,-0.10362694300518134
2,0.0,0.0,0.03015075376884422,0.07537688442211055,-0.01507537688442211,0.11055276381909548,-0.08542713567839195,0.10552763819095477,-0.20100502512562815,0.08542713567839195,-0.36180904522613067,-0.01507537688442211,-0.592964824120603,-0.035175879396984924,-0.7587939698492462,-0.06030150753768844,-0.9045226130653267,-0.08040201005025126,-0.4120603015075377,-0.05527638190954774,-0.6582914572864321,-0.07035175879396985,-0.8442211055276382,-0.09547738693467336,-1.0,-0.1306532663316583,-0.4321608040201005,-0.07537688442211055,-0.6532663316582915,-0.08542713567839195,-0.8140703517587939,-0.10050251256281408,-0.949748743718593,-0.12562814070351758,-0.4371859296482412,-0.07035175879396985,-0.6030150753768844,-0.08542713567839195,-0.7286432160804021,-0.09547738693467336,-0.8341708542713567,-0.11557788944723618
2,0.0,0.0,0.020202020202020204,0.08585858585858586,-0.020202020202020204,0.12121212121212122,-0.08585858585858586,0.12121212121212122,-0.1919191919191919,0.11616161616161616,-0.398989898989899,-0.015151515151515152,-0.6262626262626263,-0.030303030303030304,-0.7878787878787878,-0.050505050505050504,-0.9292929292929293,-0.0707070707070707,-0.4444444444444444,-0.06060606060606061,-0.6818181818181818,-0.06565656565656566,-0.8535353535353535,-0.09090909090909091,-1.0,-0.12121212121212122,-0.45454545454545453,-0.08080808080808081,-0.6717171717171717,-0.08585858585858586,-0.8232323232323232,-0.10606060606060606,-0.9494949494949495,-0.13131313131313133,-0.45454545454545453,-0.0707070707070707,-0.6161616161616161,-0.08585858585858586,-0.7373737373737373,-0.10101010101010101,-0.8333333333333334,-0.12121212121212122
2,0.0,0.0,0.030612244897959183,0.08163265306122448,-0.015306122448979591,0.12244897959183673,-0.08163265306122448,0.1326530612244898,-0.19387755102040816,0.1326530612244898,-0.37244897959183676,-0.01020408163265306,-0.5918367346938775,-0.02040816326530612,-0.75,-0.030612244897959183,-0.8928571428571429,-0.04081632653061224,-0.42346938775510207,-0.05102040816326531,-0.673469387755102,-0.0663265306122449,-0.8469387755102041,-0.08673469387755102,-1.0,-0.11224489795918367,-0.44387755102040816,-0.07142857142857142,-0.6632653061224489,-0.08673469387755102,-0.8214285714285714,-0.10204081632653061,-0.9438775510204082,-0.12244897959183673,-0.44387755102040816,-0.0663265306122449,-0.6173469387755102,-0.08673469387755102,-0.7346938775510204,-0.09693877551020408,-0.8367346938775511,-0.12244897959183673
2,0.0,0.0,0.015,0.085,-0.035,0.12,-0.1,0.125,-0.215,0.125,-0.38,-0.01,-0.61,-0.015,-0.775,-0.03,-0.92,-0.04,-0.43,-0.055,-0.675,-0.055,-0.855,-0.075,-1.0,-0.105,-0.445,-0.07,-0.66,-0.075,-0.815,-0.085,-0.935,-0.105,-0.45,-0.065,-0.61,-0.07,-0.73,-0.075,-0.83,-0.095
2,0.0,0.0,0.025,0.09,-0.025,0.13,-0.095,0.145,-0.205,0.155,-0.375,0.005,-0.595,0.005,-0.755,-0.005,-0.89,-0.02,-0.43,-0.04,-0.675,-0.045,-0.85,-0.065,-1.0,-0.095,-0.45,-0.055,-0.67,-0.065,-0.825,-0.08,-0.95,-0.1,-0.455,-0.05,-0.625,-0.06,-0.74,-0.07,-0.84,-0.09
2,0.0,0.0,0.020100502512562814,0.08542713567839195,-0.035175879396984924,0.12562814070351758,-0.10552763819095477,0.1507537688442211,-0.21105527638190955,0.17587939698492464,-0.37185929648241206,0.005025125628140704,-0.592964824120603,0.005025125628140704,-0.7537688442211056,0.0,-0.8894472361809045,-0.010050251256281407,-0.4321608040201005,-0.04020100502512563,-0.678391959798995,-0.04522613065326633,-0.8542713567839196,-0.06030150753768844,-1.0,-0.09045226130653267,-0.45226130653266333,-0.05025125628140704,-0.6683417085427136,-0.06532663316582915,-0.8241206030150754,-0.08040201005025126,-0.9447236180904522,-0.10050251256281408,-0.457286432160804,-0.04522613065326633,-0.628140703517588,-0.05527638190954774,-0.7437185929648241,-0.06532663316582915,-0.8442211055276382,-0.08040201005025126
2,0.0,0.0,0.01990049751243781,0.09950248756218906,-0.03980099502487562,0.13930348258706468,-0.11940298507462686,0.16417910447761194,-0.21890547263681592,0.20398009950248755,-0.3781094527363184,0.024875621890547265,-0.5970149253731343,0.029850746268656716,-0.7512437810945274,0.024875621890547265,-0.8855721393034826,0.014925373134328358,-0.43781094527363185,-0.024875621890547265,-0.681592039800995,-0.029850746268656716,-0.8557213930348259,-0.04477611940298507,-1.0,-0.06965174129353234,-0.4577114427860697,-0.03980099502487562,-0.6716417910447762,-0.04477611940298507,-0.8258706467661692,-0.05970149253731343,-0.945273631840796,-0.07960199004975124,-0.4626865671641791,-0.029850746268656716,-0.6318407960199005,-0.029850746268656716,-0.746268656716418,-0.03980099502487562,-0.845771144278607,-0.05472636815920398
2,0.0,0.0,0.009900990099009901,0.10396039603960396,-0.054455445544554455,0.15841584158415842,-0.12871287128712872,0.19306930693069307,-0.22277227722772278,0.23267326732673269,-0.38613861386138615,0.039603960396039604,-0.6089108910891089,0.04950495049504951,-0.7574257425742574,0.04950495049504951,-0.8861386138613861,0.039603960396039604,-0.4405940594059406,-0.01485148514851485,-0.6881188118811881,-0.01485148514851485,-0.8564356435643564,-0.0297029702970297,-1.0,-0.054455445544554455,-0.45544554455445546,-0.034653465346534656,-0.6683168316831684,-0.034653465346534656,-0.8168316831683168,-0.034653465346534656,-0.9306930693069307,-0.04950495049504951,-0.45544554455445546,-0.019801980198019802,-0.6287128712871287,-0.01485148514851485,-0.7425742574257426,-0.01485148514851485,-0.8415841584158416,-0.0297029702970297
2,0.0,0.0,0.0049504950495049506,0.10891089108910891,-0.07425742574257425,0.16831683168316833,-0.1485148514851485,0.21287128712871287,-0.2376237623762376,0.2623762376237624,-0.3910891089108911,0.04455445544554455,-0.6138613861386139,0.0594059405940594,-0.7673267326732673,0.06435643564356436,-0.8960396039603961,0.0594059405940594,-0.4405940594059406,-0.0049504950495049506,-0.693069306930693,-0.009900990099009901,-0.8564356435643564,-0.024752475247524754,-1.0,-0.04455445544554455,-0.4504950495049505,-0.019801980198019802,-0.6633663366336634,-0.024752475247524754,-0.8118811881188119,-0.034653465346534656,-0.9306930693069307,-0.04950495049504951,-0.4504950495049505,-0.0049504950495049506,-0.6237623762376238,0.0,-0.7326732673267327,-0.0049504950495049506,-0.8316831683168316,-0.01485148514851485
2,0.0,0.0,0.005,0.12,-0.08,0.175,-0.16,0.24,-0.25,0.29,-0.4,0.055,-0.63,0.075,-0.79,0.08,-0.915,0.075,-0.445,0.005,-0.695,0.0,-0.86,-0.01,-1.0,-0.035,-0.45,-0.015,-0.66,-0.025,-0.81,-0.03,-0.925,-0.05,-0.445,-0.01,-0.62,-0.005,-0.73,-0.015,-0.825,-0.025
2,0.0,0.0,0.005,0.12,-0.075,0.185,-0.16,0.255,-0.25,0.315,-0.395,0.06,-0.625,0.09,-0.785,0.1,-0.91,0.09,-0.44,0.005,-0.695,0.01,-0.86,0.0,-1.0,-0.025,-0.445,-0.02,-0.655,-0.015,-0.8,-0.02,-0.91,-0.035,-0.44,-0.015,-0.61,-0.01,-0.715,-0.015,-0.805,-0.03
2,0.0,0.0,-0.005,0.135,-0.09,0.205,-0.17,0.27,-0.255,0.34,-0.4,0.07,-0.63,0.105,-0.79,0.12,-0.91,0.115,-0.44,0.02,-0.695,0.015,-0.86,0.005,-1.0,-0.02,-0.445,-0.01,-0.65,-0.015,-0.785,-0.025,-0.89,-0.045,-0.435,-0.01,-0.6,-0.005,-0.7,-0.02,-0.78,-0.035
2,0.0,0.0,-0.005025125628140704,0.1457286432160804,-0.08542713567839195,0.21608040201005024,-0.1658291457286432,0.2914572864321608,-0.25125628140703515,0.36683417085427134,-0.39195979899497485,0.08542713567839195,-0.6180904522613065,0.12562814070351758,-0.7839195979899497,0.1407035175879397,-0.9045226130653267,0.135678391959799,-0.4371859296482412,0.03015075376884422,-0.6884422110552764,0.020100502512562814,-0.8542713567839196,0.010050251256281407,-1.0,-0.01507537688442211,-0.44221105527638194,0.0,-0.6432160804020101,-0.01507537688442211,-0.7738693467336684,-0.03015075376884422,-0.8743718592964824,-0.04522613065326633,-0.4371859296482412,-0.010050251256281407,-0.5979899497487438,-0.01507537688442211,-0.6934673366834171,-0.03015075376884422,-0.7688442211055276,-0.05025125628140704
2,0.0,0.0,0.0,0.15816326530612246,-0.08673469387755102,0.22959183673469388,-0.16326530612244897,0.30612244897959184,-0.25,0.3826530612244898,-0.39285714285714285,0.09183673469387756,-0.6173469387755102,0.1377551020408163,-0.7806122448979592,0.15306122448979592,-0.8979591836734694,0.14795918367346939,-0.4387755102040816,0.030612244897959183,-0.6938775510204082,0.02040816326530612,-0.8571428571428571,0.01020408163265306,-1.0,-0.015306122448979591,-0.4489795918367347,-0.00510204081632653,-0.6530612244897959,-0.025510204081632654,-0.7806122448979592,-0.03571428571428571,-0.8775510204081632,-0.05612244897959184,-0.44387755102040816,-0.02040816326530612,-0.6122448979591837,-0.025510204081632654,-0.7040816326530612,-0.04081632653061224,-0.7857142857142857,-0.061224489795918366
2,0.0,0.0,-0.01020408163265306,0.17346938775510204,-0.09693877551020408,0.25,-0.17346938775510204,0.33163265306122447,-0.25510204081632654,0.4030612244897959,-0.39285714285714285,0.10204081632653061,-0.6122448979591837,0.14285714285714285,-0.7755102040816326,0.16326530612244897,-0.8979591836734694,0.16326530612244897,-0.4387755102040816,0.03571428571428571,-0.6887755102040817,0.015306122448979591,-0.8571428571428571,0.01020408163265306,-1.0,-0.015306122448979591,-0.4489795918367347,-0.00510204081632653,-0.6530612244897959,-0.030612244897959183,-0.7755102040816326,-0.04591836734693878,-0.8775510204081632,-0.0663265306122449,-0.4489795918367347,-0.025510204081632654,-0.6173469387755102,-0.03571428571428571,-0.7091836734693877,-0.05612244897959184,-0.7908163265306123,-0.07142857142857142
2,0.0,0.0,-0.010101010101010102,0.1717171717171717,-0.10606060606060606,0.25757575757575757,-0.18686868686868688,0.3484848484848485,-0.2676767676767677,0.41919191919191917,-0.3838383838383838,0.10101010101010101,-0.6111111111111112,0.15151515151515152,-0.7676767676767676,0.1717171717171717,-0.8939393939393939,0.1717171717171717,-0.4393939393939394,0.020202020202020204,-0.6919191919191919,0.020202020202020204,-0.8636363636363636,0.015151515151515152,-1.0,-0.005050505050505051,-0.45454545454545453,-0.025252525252525252,-0.6565656565656566,-0.03535353535353535,-0.7878787878787878,-0.045454545454545456,-0.8888888888888888,-0.0707070707070707,-0.4494949494949495,-0.04040404040404041,-0.6212121212121212,-0.045454545454545456,-0.7222222222222222,-0.06060606060606061,-0.8131313131313131,-0.08080808080808081
2,0.0,0.0,-0.010101010101010102,0.16666666666666666,-0.10101010101010101,0.25757575757575757,-0.18686868686868688,0.3484848484848485,-0.2727272727272727,0.42424242424242425,-0.3787878787878788,0.10606060606060606,-0.6111111111111112,0.16161616161616163,-0.7676767676767676,0.18686868686868688,-0.8939393939393939,0.18686868686868688,-0.43434343434343436,0.025252525252525252,-0.6919191919191919,0.030303030303030304,-0.8636363636363636,0.025252525252525252,-1.0,0.010101010101010102,-0.45454545454545453,-0.020202020202020204,-0.6616161616161617,-0.025252525252525252,-0.7929292929292929,-0.030303030303030304,-0.8888888888888888,-0.050505050505050504,-0.45454545454545453,-0.03535353535353535,-0.6262626262626263,-0.045454545454545456,-0.7323232323232324,-0.06565656565656566,-0.8232323232323232,-0.08585858585858586
2,0.0,0.0,-0.01507537688442211,0.17587939698492464,-0.11557788944723618,0.271356783919598,-0.20100502512562815,0.36180904522613067,-0.2864321608040201,0.4371859296482412,-0.38190954773869346,0.11055276381909548,-0.6130653266331658,0.1658291457286432,-0.7638190954773869,0.19597989949748743,-0.8894472361809045,0.19597989949748743,-0.4371859296482412,0.02512562814070352,-0.6984924623115578,0.035175879396984924,-0.864321608040201,0.035175879396984924,-1.0,0.020100502512562814,-0.457286432160804,-0.02512562814070352,-0.6683417085427136,-0.020100502512562814,-0.8040201005025126,-0.02512562814070352,-0.9045226130653267,-0.04522613065326633,-0.45226130653266333,-0.035175879396984924,-0.628140703517588,-0.04522613065326633,-0.7336683417085427,-0.06030150753768844,-0.8291457286432161,-0.07537688442211055
2,0.0,0.0,-0.020100502512562814,0.18090452261306533,-0.11557788944723618,0.2814070351758794,-0.20603015075376885,0.3768844221105528,-0.2914572864321608,0.457286432160804,-0.3768844221105528,0.12060301507537688,-0.6130653266331658,0.17587939698492464,-0.7638190954773869,0.20100502512562815,-0.8894472361809045,0.20603015075376885,-0.4371859296482412,0.02512562814070352,-0.6934673366834171,0.04020100502512563,-0.864321608040201,0.04020100502512563,-1.0,0.02512562814070352,-0.45226130653266333,-0.03015075376884422,-0.6683417085427136,-0.02512562814070352,-0.8090452261306532,-0.03015075376884422,-0.9195979899497487,-0.04522613065326633,-0.45226130653266333,-0.05527638190954774,-0.6231155778894473,-0.06030150753768844,-0.7286432160804021,-0.07537688442211055,-0.8241206030150754,-0.09547738693467336
2,0.0,0.0,-0.025252525252525252,0.1919191919191919,-0.12121212121212122,0.29292929292929293,-0.20707070707070707,0.3888888888888889,-0.29292929292929293,0.46464646464646464,-0.3838383838383838,0.12626262626262627,-0.6161616161616161,0.18181818181818182,-0.7727272727272727,0.20707070707070707,-0.8939393939393939,0.21212121212121213,-0.43434343434343436,0.030303030303030304,-0.696969696969697,0.04040404040404041,-0.8636363636363636,0.04040404040404041,-1.0,0.030303030303030304,-0.4494949494949495,-0.030303030303030304,-0.6666666666666666,-0.025252525252525252,-0.8131313131313131,-0.030303030303030304,-0.9242424242424242,-0.045454545454545456,-0.4444444444444444,-0.06060606060606061,-0.6161616161616161,-0.0707070707070707,-0.7222222222222222,-0.08585858585858586,-0.8181818181818182,-0.10101010101010101
2,0.0,0.0,-0.030456852791878174,0.19796954314720813,-0.12690355329949238,0.29949238578680204,-0.20812182741116753,0.39593908629441626,-0.29441624365482233,0.47715736040609136,-0.38578680203045684,0.13705583756345177,-0.6192893401015228,0.18781725888324874,-0.7715736040609137,0.2182741116751269,-0.8984771573604061,0.2182741116751269,-0.4365482233502538,0.04060913705583756,-0.700507614213198,0.04568527918781726,-0.868020304568528,0.04568527918781726,-1.0,0.03553299492385787,-0.4517766497461929,-0.025380710659898477,-0.6751269035532995,-0.02030456852791878,-0.8223350253807107,-0.02030456852791878,-0.9390862944162437,-0.03553299492385787,-0.4467005076142132,-0.06091370558375635,-0.6192893401015228,-0.07106598984771574,-0.7258883248730964,-0.08629441624365482,-0.8223350253807107,-0.10152284263959391
2,0.0,0.0,-0.03553299492385787,0.19796954314720813,-0.1319796954314721,0.30456852791878175,-0.2131979695431472,0.4010152284263959,-0.30456852791878175,0.48223350253807107,-0.39086294416243655,0.13705583756345177,-0.6192893401015228,0.18274111675126903,-0.7715736040609137,0.2131979695431472,-0.8984771573604061,0.2131979695431472,-0.4365482233502538,0.030456852791878174,-0.6954314720812182,0.03553299492385787,-0.868020304568528,0.03553299492385787,-1.0,0.025380710659898477,-0.4467005076142132,-0.03553299492385787,-0.6649746192893401,-0.03553299492385787,-0.817258883248731,-0.04060913705583756,-0.934010152284264,-0.050761421319796954,-0.4416243654822335,-0.07614213197969544,-0.6142131979695431,-0.08629441624365482,-0.7208121827411168,-0.10152284263959391,-0.817258883248731,-0.1116751269035533
2,0.0,0.0,-0.04040404040404041,0.19696969696969696,-0.13636363636363635,0.30808080808080807,-0.22727272727272727,0.40404040404040403,-0.31313131313131315,0.4898989898989899,-0.3888888888888889,0.13636363636363635,-0.6212121212121212,0.18686868686868688,-0.7727272727272727,0.21212121212121213,-0.898989898989899,0.21717171717171718,-0.43434343434343436,0.030303030303030304,-0.696969696969697,0.04040404040404041,-0.8686868686868687,0.04040404040404041,-1.0,0.030303030303030304,-0.4444444444444444,-0.04040404040404041,-0.6666666666666666,-0.03535353535353535,-0.8181818181818182,-0.03535353535353535,-0.9343434343434344,-0.045454545454545456,-0.4393939393939394,-0.08080808080808081,-0.6161616161616161,-0.09090909090909091,-0.7222222222222222,-0.10101010101010101,-0.8181818181818182,-0.11616161616161616
2,0.0,0.0,-0.04522613065326633,0.20100502512562815,-0.15577889447236182,0.3065326633165829,-0.25125628140703515,0.4020100502512563,-0.33668341708542715,0.49246231155778897,-0.4020100502512563,0.135678391959799,-0.6331658291457286,0.18090452261306533,-0.7839195979899497,0.20603015075376885,-0.9095477386934674,0.20603015075376885,-0.4371859296482412,0.03015075376884422,-0.7035175879396985,0.035175879396984924,-0.8693467336683417,0.035175879396984924,-1.0,0.02512562814070352,-0.44221105527638194,-0.04522613065326633,-0.6683417085427136,-0.04020100502512563,-0.8190954773869347,-0.035175879396984924,-0.9296482412060302,-0.04522613065326633,-0.4321608040201005,-0.08542713567839195,-0.6080402010050251,-0.09045226130653267,-0.7185929648241206,-0.10050251256281408,-0.8140703517587939,-0.11055276381909548
2,0.0,0.0,-0.06091370558375635,0.2131979695431472,-0.16751269035532995,0.3147208121827411,-0.25888324873096447,0.40609137055837563,-0.350253807106599,0.49238578680203043,-0.41624365482233505,0.12690355329949238,-0.6446700507614214,0.16243654822335024,-0.8020304568527918,0.18781725888324874,-0.9238578680203046,0.18781725888324874,-0.4467005076142132,0.025380710659898477,-0.7055837563451777,0.015228426395939087,-0.8730964467005076,0.01015228426395939,-1.0,-0.005076142131979695,-0.4467005076142132,-0.050761421319796954,-0.6649746192893401,-0.05583756345177665,-0.8121827411167513,-0.06598984771573604,-0.9238578680203046,-0.08121827411167512,-0.4365482233502538,-0.09644670050761421,-0.6091370558375635,-0.1116751269035533,-0.7106598984771574,-0.12690355329949238,-0.8020304568527918,-0.14213197969543148
2,0.0,0.0,-0.06532663316582915,0.20100502512562815,-0.18090452261306533,0.31155778894472363,-0.2814070351758794,0.40703517587939697,-0.3768844221105528,0.49246231155778897,-0.4221105527638191,0.11557788944723618,-0.6633165829145728,0.1507537688442211,-0.8090452261306532,0.17587939698492464,-0.9296482412060302,0.17587939698492464,-0.4472361809045226,0.005025125628140704,-0.7135678391959799,0.005025125628140704,-0.8793969849246231,0.0,-1.0,-0.020100502512562814,-0.44221105527638194,-0.07035175879396985,-0.6683417085427136,-0.07537688442211055,-0.8140703517587939,-0.08040201005025126,-0.9296482412060302,-0.09547738693467336,-0.4271356783919598,-0.11557788944723618,-0.6030150753768844,-0.1306532663316583,-0.7085427135678392,-0.1457286432160804,-0.7989949748743719,-0.16080402010050251
2,0.0,0.0,-0.08040201005025126,0.21105527638190955,-0.19597989949748743,0.3165829145728643,-0.2964824120603015,0.4120603015075377,-0.3969849246231156,0.49246231155778897,-0.4271356783919598,0.11557788944723618,-0.6683417085427136,0.1457286432160804,-0.8140703517587939,0.16080402010050251,-0.9346733668341709,0.1507537688442211,-0.45226130653266333,0.005025125628140704,-0.7135678391959799,-0.010050251256281407,-0.8793969849246231,-0.020100502512562814,-1.0,-0.04020100502512563,-0.4472361809045226,-0.08040201005025126,-0.6683417085427136,-0.08542713567839195,-0.8140703517587939,-0.09547738693467336,-0.9246231155778895,-0.11055276381909548,-0.4271356783919598,-0.12562814070351758,-0.5979899497487438,-0.1457286432160804,-0.6984924623115578,-0.1658291457286432,-0.7889447236180904,-0.18090452261306533
2,0.0,0.0,-0.09090909090909091,0.21212121212121213,-0.21212121212121213,0.32323232323232326,-0.3181818181818182,0.42424242424242425,-0.41919191919191917,0.5050505050505051,-0.4494949494949495,0.1111111111111111,-0.6919191919191919,0.13636363636363635,-0.8333333333333334,0.15656565656565657,-0.9545454545454546,0.15151515151515152,-0.46464646464646464,0.0,-0.7272727272727273,-0.020202020202020204,-0.8838383838383839,-0.030303030303030304,-1.0,-0.05555555555555555,-0.4494949494949495,-0.08585858585858586,-0.6767676767676768,-0.10101010101010101,-0.8131313131313131,-0.11616161616161616,-0.9191919191919192,-0.13636363636363635,-0.4292929292929293,-0.13131313131313133,-0.5959595959595959,-0.16666666666666666,-0.6919191919191919,-0.18686868686868688,-0.7828282828282829,-0.21717171717171718
2,0.0,0.0,-0.08080808080808081,0.20202020202020202,-0.20707070707070707,0.3181818181818182,-0.3333333333333333,0.42424242424242425,-0.43434343434343436,0.5050505050505051,-0.4444444444444444,0.10606060606060606,-0.6919191919191919,0.1414141414141414,-0.8333333333333334,0.15151515151515152,-0.9545454545454546,0.14646464646464646,-0.4696969696969697,-0.010101010101010102,-0.7323232323232324,-0.025252525252525252,-0.8888888888888888,-0.04040404040404041,-1.0,-0.06060606060606061,-0.45454545454545453,-0.09595959595959595,-0.6868686868686869,-0.1111111111111111,-0.8232323232323232,-0.12121212121212122,-0.9292929292929293,-0.13636363636363635,-0.42424242424242425,-0.14646464646464646,-0.5909090909090909,-0.17676767676767677,-0.696969696969697,-0.20202020202020202,-0.7828282828282829,-0.22727272727272727
2,0.0,0.0,-0.08585858585858586,0.20707070707070707,-0.2222222222222222,0.32323232323232326,-0.35353535353535354,0.4292929292929293,-0.4595959595959596,0.5151515151515151,-0.4494949494949495,0.1111111111111111,-0.6919191919191919,0.13636363636363635,-0.8333333333333334,0.15151515151515152,-0.9545454545454546,0.14646464646464646,-0.4696969696969697,-0.005050505050505051,-0.7323232323232324,-0.025252525252525252,-0.8888888888888888,-0.04040404040404041,-1.0,-0.06060606060606061,-0.45454545454545453,-0.09595959595959595,-0.6818181818181818,-0.10606060606060606,-0.8232323232323232,-0.11616161616161616,-0.9242424242424242,-0.13131313131313133,-0.41919191919191917,-0.14646464646464646,-0.5909090909090909,-0.18181818181818182,-0.6919191919191919,-0.20707070707070707,-0.7828282828282829,-0.23737373737373738
2,0.0,0.0,-0.08163265306122448,0.20408163265306123,-0.21428571428571427,0.33163265306122447,-0.3520408163265306,0.44387755102040816,-0.4642857142857143,0.5306122448979592,-0.44387755102040816,0.10714285714285714,-0.6938775510204082,0.14285714285714285,-0.8418367346938775,0.15816326530612246,-0.9591836734693877,0.15306122448979592,-0.4642857142857143,-0.01020408163265306,-0.7295918367346939,-0.025510204081632654,-0.8826530612244898,-0.04081632653061224,-1.0,-0.0663265306122449,-0.44387755102040816,-0.09693877551020408,-0.6785714285714286,-0.11224489795918367,-0.8163265306122449,-0.12755102040816327,-0.923469387755102,-0.14795918367346939,-0.413265306122449,-0.15306122448979592,-0.5816326530612245,-0.18877551020408162,-0.6836734693877551,-0.22448979591836735,-0.7704081632653061,-0.2602040816326531
2,0.0,0.0,-0.09137055837563451,0.2131979695431472,-0.22842639593908629,0.3350253807106599,-0.3604060913705584,0.4517766497461929,-0.48223350253807107,0.5329949238578681,-0.45685279187817257,0.1116751269035533,-0.700507614213198,0.14720812182741116,-0.8426395939086294,0.16243654822335024,-0.9593908629441624,0.16243654822335024,-0.47715736040609136,-0.01015228426395939,-0.7360406091370558,-0.025380710659898477,-0.8883248730964467,-0.04060913705583756,-1.0,-0.06598984771573604,-0.4517766497461929,-0.09644670050761421,-0.6802030456852792,-0.1116751269035533,-0.817258883248731,-0.1319796954314721,-0.9238578680203046,-0.15228426395939088,-0.41624365482233505,-0.15228426395939088,-0.583756345177665,-0.19289340101522842,-0.6751269035532995,-0.2233502538071066,-0.7614213197969543,-0.2639593908629442
2,0.0,0.0,-0.09644670050761421,0.2131979695431472,-0.233502538071066,0.3401015228426396,-0.37055837563451777,0.4517766497461929,-0.49746192893401014,0.5329949238578681,-0.467005076142132,0.1065989847715736,-0.7106598984771574,0.14213197969543148,-0.8527918781725888,0.16243654822335024,-0.9695431472081218,0.15736040609137056,-0.48223350253807107,-0.01015228426395939,-0.7411167512690355,-0.025380710659898477,-0.8883248730964467,-0.04568527918781726,-1.0,-0.06598984771573604,-0.45685279187817257,-0.09644670050761421,-0.6802030456852792,-0.1116751269035533,-0.817258883248731,-0.1319796954314721,-0.9238578680203046,-0.15228426395939088,-0.41624365482233505,-0.14720812182741116,-0.583756345177665,-0.19289340101522842,-0.6802030456852792,-0.22842639593908629,-0.7614213197969543,-0.2639593908629442
2,0.0,0.0,-0.09693877551020408,0.21428571428571427,-0.23469387755102042,0.34183673469387754,-0.3673469387755102,0.45918367346938777,-0.49489795918367346,0.5408163265306123,-0.4642857142857143,0.11224489795918367,-0.7091836734693877,0.14795918367346939,-0.8520408163265306,0.16326530612244897,-0.9642857142857143,0.15816326530612246,-0.47959183673469385,-0.00510204081632653,-0.7397959183673469,-0.025510204081632654,-0.8928571428571429,-0.04591836734693878,-1.0,-0.0663265306122449,-0.45408163265306123,-0.09693877551020408,-0.6785714285714286,-0.11224489795918367,-0.8163265306122449,-0.1326530612244898,-0.9183673469387755,-0.15306122448979592,-0.41836734693877553,-0.15306122448979592,-0.5816326530612245,-0.1989795918367347,-0.6785714285714286,-0.22959183673469388,-0.7551020408163265,-0.27040816326530615
2,0.0,0.0,-0.09644670050761421,0.2131979695431472,-0.2436548223350254,0.3401015228426396,-0.38071065989847713,0.45685279187817257,-0.49746192893401014,0.5380710659898477,-0.4619289340101523,0.1116751269035533,-0.7106598984771574,0.14720812182741116,-0.8477157360406091,0.15736040609137056,-0.9593908629441624,0.15736040609137056,-0.47715736040609136,-0.01015228426395939,-0.7411167512690355,-0.025380710659898477,-0.8934010152284264,-0.04060913705583756,-1.0,-0.06598984771573604,-0.4517766497461929,-0.10152284263959391,-0.6802030456852792,-0.116751269035533,-0.8121827411167513,-0.13705583756345177,-0.9187817258883249,-0.15736040609137056,-0.41624365482233505,-0.15736040609137056,-0.583756345177665,-0.20304568527918782,-0.6751269035532995,-0.233502538071066,-0.7563451776649747,-0.27411167512690354
2,0.0,0.0,-0.10050251256281408,0.21105527638190955,-0.24623115577889448,0.33668341708542715,-0.3869346733668342,0.45226130653266333,-0.507537688442211,0.5326633165829145,-0.4623115577889447,0.11557788944723618,-0.7135678391959799,0.1457286432160804,-0.8492462311557789,0.16080402010050251,-0.964824120603015,0.16080402010050251,-0.47738693467336685,-0.005025125628140704,-0.7386934673366834,-0.020100502512562814,-0.8894472361809045,-0.04020100502512563,-1.0,-0.06030150753768844,-0.457286432160804,-0.09547738693467336,-0.678391959798995,-0.11055276381909548,-0.8140703517587939,-0.1306532663316583,-0.9195979899497487,-0.15577889447236182,-0.41708542713567837,-0.1507537688442211,-0.5829145728643216,-0.19597989949748743,-0.678391959798995,-0.23115577889447236,-0.7587939698492462,-0.2663316582914573
2,0.0,0.0,-0.1,0.2,-0.24,0.325,-0.385,0.44,-0.5,0.525,-0.455,0.115,-0.705,0.135,-0.84,0.145,-0.955,0.145,-0.47,-0.01,-0.735,-0.025,-0.89,-0.04,-1.0,-0.065,-0.45,-0.1,-0.68,-0.11,-0.815,-0.13,-0.92,-0.155,-0.415,-0.16,-0.58,-0.2,-0.675,-0.235,-0.755,-0.27
2,0.0,0.0,-0.1,0.205,-0.24,0.33,-0.38,0.445,-0.5,0.53,-0.455,0.12,-0.705,0.145,-0.845,0.155,-0.955,0.15,-0.475,0.0,-0.74,-0.02,-0.895,-0.035,-1.0,-0.06,-0.455,-0.095,-0.68,-0.11,-0.82,-0.125,-0.925,-0.145,-0.42,-0.155,-0.585,-0.2,-0.68,-0.235,-0.76,-0.27
2,0.0,0.0,-0.09900990099009901,0.19801980198019803,-0.2376237623762376,0.32673267326732675,-0.37623762376237624,0.4405940594059406,-0.48514851485148514,0.5297029702970297,-0.44554455445544555,0.1188118811881188,-0.693069306930693,0.1485148514851485,-0.8366336633663366,0.15841584158415842,-0.9504950495049505,0.15346534653465346,-0.47029702970297027,0.0,-0.7326732673267327,-0.01485148514851485,-0.8861386138613861,-0.034653465346534656,-1.0,-0.054455445544554455,-0.4504950495049505,-0.09405940594059406,-0.6782178217821783,-0.10891089108910891,-0.8168316831683168,-0.12871287128712872,-0.9207920792079208,-0.1485148514851485,-0.4158415841584158,-0.15841584158415842,-0.5792079207920792,-0.19801980198019803,-0.6782178217821783,-0.23267326732673269,-0.7574257425742574,-0.2722772277227723
2,0.0,0.0,-0.10396039603960396,0.20297029702970298,-0.24257425742574257,0.3316831683168317,-0.3712871287128713,0.4504950495049505,-0.4801980198019802,0.5445544554455446,-0.44554455445544555,0.12871287128712872,-0.693069306930693,0.16831683168316833,-0.8316831683168316,0.18811881188118812,-0.9455445544554455,0.18811881188118812,-0.47029702970297027,0.009900990099009901,-0.7326732673267327,-0.0049504950495049506,-0.8861386138613861,-0.019801980198019802,-1.0,-0.039603960396039604,-0.45544554455445546,-0.08415841584158416,-0.6782178217821783,-0.09900990099009901,-0.8168316831683168,-0.11386138613861387,-0.9207920792079208,-0.13366336633663367,-0.4207920792079208,-0.1485148514851485,-0.5841584158415841,-0.19306930693069307,-0.6831683168316832,-0.23267326732673269,-0.7673267326732673,-0.26732673267326734
2,0.0,0.0,-0.09405940594059406,0.2079207920792079,-0.23267326732673269,0.33663366336633666,-0.36633663366336633,0.4603960396039604,-0.46534653465346537,0.5544554455445545,-0.42574257425742573,0.13861386138613863,-0.6782178217821783,0.18811881188118812,-0.8217821782178217,0.21287128712871287,-0.9405940594059405,0.21782178217821782,-0.45544554455445546,0.01485148514851485,-0.7277227722772277,0.0049504950495049506,-0.8861386138613861,-0.0049504950495049506,-1.0,-0.019801980198019802,-0.4504950495049505,-0.07425742574257425,-0.6782178217821783,-0.0891089108910891,-0.8217821782178217,-0.09900990099009901,-0.9257425742574258,-0.11386138613861387,-0.42574257425742573,-0.13861386138613863,-0.5891089108910891,-0.18811881188118812,-0.6881188118811881,-0.22277227722772278,-0.7722772277227723,-0.25742574257425743
2,0.0,0.0,-0.09405940594059406,0.20297029702970298,-0.22772277227722773,0.3415841584158416,-0.35148514851485146,0.46534653465346537,-0.44554455445544555,0.5643564356435643,-0.4306930693069307,0.1485148514851485,-0.6732673267326733,0.2079207920792079,-0.8118811881188119,0.2376237623762376,-0.9257425742574258,0.24257425742574257,-0.4603960396039604,0.024752475247524754,-0.7277227722772277,0.019801980198019802,-0.8861386138613861,0.01485148514851485,-1.0,0.0,-0.4504950495049505,-0.06930693069306931,-0.6782178217821783,-0.08415841584158416,-0.8217821782178217,-0.09405940594059406,-0.9306930693069307,-0.10396039603960396,-0.4207920792079208,-0.13861386138613863,-0.5891089108910891,-0.18316831683168316,-0.6881188118811881,-0.21782178217821782,-0.7722772277227723,-0.24752475247524752
2,0.0,0.0,-0.09405940594059406,0.20297029702970298,-0.22277227722772278,0.3415841584158416,-0.3415841584158416,0.47029702970297027,-0.4306930693069307,0.5742574257425742,-0.42574257425742573,0.15346534653465346,-0.6683168316831684,0.22277227722772278,-0.806930693069307,0.2524752475247525,-0.9158415841584159,0.2623762376237624,-0.4603960396039604,0.0297029702970297,-0.7277227722772277,0.034653465346534656,-0.8910891089108911,0.034653465346534656,-1.0,0.019801980198019802,-0.45544554455445546,-0.06435643564356436,-0.6782178217821783,-0.07425742574257425,-0.8267326732673267,-0.07920792079207921,-0.9306930693069307,-0.0891089108910891,-0.4306930693069307,-0.13366336633663367,-0.594059405940594,-0.1782178217821782,-0.698019801980198,-0.21287128712871287,-0.7821782178217822,-0.24257425742574257
2,0.0,0.0,-0.0891089108910891,0.19801980198019803,-0.21287128712871287,0.3415841584158416,-0.3316831683168317,0.4752475247524752,-0.41089108910891087,0.5792079207920792,-0.41089108910891087,0.15346534653465346,-0.6584158415841584,0.23267326732673269,-0.7970297029702971,0.2722772277227723,-0.9108910891089109,0.28217821782178215,-0.4504950495049505,0.0297029702970297,-0.7227722772277227,0.04455445544554455,-0.8861386138613861,0.04950495049504951,-1.0,0.039603960396039604,-0.44554455445544555,-0.06435643564356436,-0.6831683168316832,-0.06435643564356436,-0.8267326732673267,-0.06930693069306931,-0.9306930693069307,-0.07425742574257425,-0.42574257425742573,-0.12871287128712872,-0.594059405940594,-0.17326732673267325,-0.698019801980198,-0.20297029702970298,-0.7871287128712872,-0.2376237623762376
2,0.0,0.0,-0.0891089108910891,0.19801980198019803,-0.2079207920792079,0.3465346534653465,-0.3217821782178218,0.4801980198019802,-0.400990099009901,0.5841584158415841,-0.41089108910891087,0.16336633663366337,-0.6485148514851485,0.2524752475247525,-0.7821782178217822,0.297029702970297,-0.8960396039603961,0.31683168316831684,-0.4504950495049505,0.039603960396039604,-0.7178217821782178,0.0594059405940594,-0.8811881188118812,0.06930693069306931,-1.0,0.06930693069306931,-0.44554455445544555,-0.054455445544554455,-0.6782178217821783,-0.054455445544554455,-0.8217821782178217,-0.054455445544554455,-0.9257425742574258,-0.054455445544554455,-0.42574257425742573,-0.1188118811881188,-0.599009900990099,-0.16336633663366337,-0.698019801980198,-0.19306930693069307,-0.7871287128712872,-0.21782178217821782
2,0.0,0.0,-0.07960199004975124,0.19900497512437812,-0.19900497512437812,0.35323383084577115,-0.31343283582089554,0.4925373134328358,-0.3880597014925373,0.6019900497512438,-0.4129353233830846,0.17412935323383086,-0.6417910447761194,0.2736318407960199,-0.7761194029850746,0.31840796019900497,-0.8855721393034826,0.34328358208955223,-0.44776119402985076,0.05472636815920398,-0.7164179104477612,0.0845771144278607,-0.8805970149253731,0.09950248756218906,-1.0,0.1044776119402985,-0.4427860696517413,-0.03980099502487562,-0.681592039800995,-0.03482587064676617,-0.8258706467661692,-0.029850746268656716,-0.9303482587064676,-0.029850746268656716,-0.4228855721393035,-0.10945273631840796,-0.6019900497512438,-0.14925373134328357,-0.7064676616915423,-0.17412935323383086,-0.8009950248756219,-0.19900497512437812
2,0.0,0.0,-0.07537688442211055,0.19597989949748743,-0.19597989949748743,0.35175879396984927,-0.31155778894472363,0.49748743718592964,-0.38190954773869346,0.6080402010050251,-0.40703517587939697,0.18090452261306533,-0.6381909547738693,0.2814070351758794,-0.7688442211055276,0.3316582914572864,-0.8793969849246231,0.36180904522613067,-0.45226130653266333,0.06030150753768844,-0.7135678391959799,0.09547738693467336,-0.8793969849246231,0.11557788944723618,-1.0,0.12060301507537688,-0.45226130653266333,-0.035175879396984924,-0.6834170854271356,-0.02512562814070352,-0.8291457286432161,-0.020100502512562814,-0.9296482412060302,-0.01507537688442211,-0.4271356783919598,-0.11055276381909548,-0.6080402010050251,-0.1457286432160804,-0.7135678391959799,-0.1708542713567839,-0.8040201005025126,-0.19095477386934673
2,0.0,0.0,-0.08080808080808081,0.20202020202020202,-0.19696969696969696,0.35858585858585856,-0.31313131313131315,0.5050505050505051,-0.3888888888888889,0.6161616161616161,-0.41414141414141414,0.18686868686868688,-0.6414141414141414,0.2878787878787879,-0.7727272727272727,0.3383838383838384,-0.8838383838383839,0.3686868686868687,-0.45454545454545453,0.06565656565656566,-0.7171717171717171,0.10101010101010101,-0.8787878787878788,0.12121212121212122,-1.0,0.13131313131313133,-0.45454545454545453,-0.03535353535353535,-0.6868686868686869,-0.025252525252525252,-0.8282828282828283,-0.015151515151515152,-0.9343434343434344,-0.010101010101010102,-0.4292929292929293,-0.10606060606060606,-0.6111111111111112,-0.1414141414141414,-0.7121212121212122,-0.16666666666666666,-0.803030303030303,-0.1919191919191919
2,0.0,0.0,-0.07142857142857142,0.20408163265306123,-0.19387755102040816,0.37244897959183676,-0.30612244897959184,0.5153061224489796,-0.37755102040816324,0.6275510204081632,-0.42346938775510207,0.1989795918367347,-0.6479591836734694,0.3010204081632653,-0.7704081632653061,0.3469387755102041,-0.8775510204081632,0.37244897959183676,-0.45918367346938777,0.07653061224489796,-0.7244897959183674,0.11224489795918367,-0.8826530612244898,0.12755102040816327,-1.0,0.1326530612244898,-0.45408163265306123,-0.025510204081632654,-0.6887755102040817,-0.015306122448979591,-0.8316326530612245,-0.00510204081632653,-0.9336734693877551,-0.00510204081632653,-0.4336734693877551,-0.10204081632653061,-0.6071428571428571,-0.1377551020408163,-0.7142857142857143,-0.16326530612244897,-0.8010204081632653,-0.18877551020408162
2,0.0,0.0,-0.07291666666666667,0.20833333333333334,-0.19270833333333334,0.3802083333333333,-0.3072916666666667,0.53125,-0.3802083333333333,0.640625,-0.4322916666666667,0.20833333333333334,-0.65625,0.3072916666666667,-0.78125,0.3541666666666667,-0.8854166666666666,0.3802083333333333,-0.46875,0.08333333333333333,-0.7291666666666666,0.11979166666666667,-0.8854166666666666,0.140625,-1.0,0.14583333333333334,-0.4635416666666667,-0.020833333333333332,-0.6927083333333334,-0.005208333333333333,-0.8333333333333334,0.0,-0.9375,0.005208333333333333,-0.4375,-0.09895833333333333,-0.609375,-0.13020833333333334,-0.7135416666666666,-0.15625,-0.8020833333333334,-0.18229166666666666
2,0.0,0.0,-0.06878306878306878,0.21164021164021163,-0.19576719576719576,0.3862433862433862,-0.30158730158730157,0.5396825396825397,-0.37566137566137564,0.6507936507936508,-0.4444444444444444,0.21693121693121692,-0.6613756613756614,0.31746031746031744,-0.7777777777777778,0.35978835978835977,-0.8783068783068783,0.38095238095238093,-0.48677248677248675,0.08994708994708994,-0.7354497354497355,0.13227513227513227,-0.8888888888888888,0.15343915343915343,-1.0,0.15873015873015872,-0.47619047619047616,-0.015873015873015872,-0.6984126984126984,0.005291005291005291,-0.8359788359788359,0.010582010582010581,-0.9365079365079365,0.021164021164021163,-0.4444444444444444,-0.10052910052910052,-0.6190476190476191,-0.12698412698412698,-0.7195767195767195,-0.14814814814814814,-0.8042328042328042,-0.1746031746031746
2,0.0,0.0,-0.07103825136612021,0.22404371584699453,-0.19672131147540983,0.40437158469945356,-0.3005464480874317,0.5573770491803278,-0.366120218579235,0.6721311475409836,-0.45901639344262296,0.23497267759562843,-0.6666666666666666,0.32786885245901637,-0.7868852459016393,0.366120218579235,-0.8852459016393442,0.39344262295081966,-0.4972677595628415,0.1092896174863388,-0.7431693989071039,0.14754098360655737,-0.8907103825136612,0.16939890710382513,-1.0,0.17486338797814208,-0.4918032786885246,-0.00546448087431694,-0.7103825136612022,0.01639344262295082,-0.8360655737704918,0.0273224043715847,-0.9344262295081968,0.03825136612021858,-0.45901639344262296,-0.09289617486338798,-0.6284153005464481,-0.11475409836065574,-0.726775956284153,-0.1366120218579235,-0.8142076502732241,-0.15300546448087432
2,0.0,0.0,-0.06818181818181818,0.22727272727272727,-0.19318181818181818,0.42045454545454547,-0.30113636363636365,0.5795454545454546,-0.3693181818181818,0.6988636363636364,-0.4659090909090909,0.24431818181818182,-0.6818181818181818,0.3465909090909091,-0.8011363636363636,0.38636363636363635,-0.9034090909090909,0.4090909090909091,-0.5113636363636364,0.11363636363636363,-0.75,0.1590909090909091,-0.8920454545454546,0.18181818181818182,-1.0,0.1875,-0.5,0.0,-0.7159090909090909,0.028409090909090908,-0.8409090909090909,0.045454545454545456,-0.9318181818181818,0.056818181818181816,-0.4602272727272727,-0.09090909090909091,-0.6306818181818182,-0.10227272727272728,-0.7272727272727273,-0.11363636363636363,-0.8125,-0.13068181818181818
2,0.0,0.0,-0.06470588235294118,0.2411764705882353,-0.19411764705882353,0.43529411764705883,-0.3,0.6,-0.37058823529411766,0.7235294117647059,-0.4764705882352941,0.25882352941176473,-0.6882352941176471,0.3588235294117647,-0.8058823529411765,0.4,-0.9,0.4235294117647059,-0.5176470588235295,0.12941176470588237,-0.7588235294117647,0.17647058823529413,-0.9,0.2,-1.0,0.20588235294117646,-0.5,0.0058823529411764705,-0.7176470588235294,0.041176470588235294,-0.8411764705882353,0.058823529411764705,-0.9294117647058824,0.06470588235294118,-0.4588235294117647,-0.08823529411764706,-0.6235294117647059,-0.09411764705882353,-0.7176470588235294,-0.1,-0.8,-0.11764705882352941
2,0.0,0.0,-0.0625,0.25,-0.1875,0.4625,-0.3,0.6375,-0.38125,0.76875,-0.48125,0.275,-0.69375,0.38125,-0.80625,0.425,-0.90625,0.45625,-0.525,0.1375,-0.7625,0.2,-0.9,0.225,-1.0,0.23125,-0.50625,0.01875,-0.71875,0.05625,-0.8375,0.075,-0.925,0.08125,-0.4625,-0.0875,-0.63125,-0.0875,-0.725,-0.09375,-0.8,-0.1
2,0.0,0.0,-0.05405405405405406,0.27702702702702703,-0.1891891891891892,0.5,-0.3108108108108108,0.6824324324324325,-0.39864864864864863,0.8175675675675675,-0.4864864864864865,0.3108108108108108,-0.7094594594594594,0.4189189189189189,-0.8243243243243243,0.4594594594594595,-0.9256756756756757,0.4864864864864865,-0.527027027027027,0.16216216216216217,-0.7702702702702703,0.22972972972972974,-0.9054054054054054,0.25675675675675674,-1.0,0.2635135135135135,-0.5135135135135135,0.02702702702702703,-0.7162162162162162,0.07432432432432433,-0.8378378378378378,0.0945945945945946,-0.918918918918919,0.10810810810810811,-0.4594594594594595,-0.08108108108108109,-0.6283783783783784,-0.08108108108108109,-0.722972972972973,-0.08108108108108109,-0.8040540540540541,-0.08783783783783784
2,0.0,0.0,-0.05714285714285714,0.30714285714285716,-0.2,0.5357142857142857,-0.32142857142857145,0.7285714285714285,-0.42142857142857143,0.8785714285714286,-0.5142857142857142,0.3357142857142857,-0.7357142857142858,0.45,-0.8428571428571429,0.4928571428571429,-0.9428571428571428,0.5142857142857142,-0.55,0.18571428571428572,-0.7785714285714286,0.2571428571428571,-0.9071428571428571,0.2857142857142857,-1.0,0.29285714285714287,-0.5285714285714286,0.05,-0.7285714285714285,0.09285714285714286,-0.8428571428571429,0.10714285714285714,-0.9214285714285714,0.12142857142857143,-0.4785714285714286,-0.07142857142857142,-0.6428571428571429,-0.07142857142857142,-0.7357142857142858,-0.07857142857142857,-0.8,-0.08571428571428572
2,0.0,0.0,-0.05925925925925926,0.3333333333333333,-0.21481481481481482,0.562962962962963,-0.3333333333333333,0.762962962962963,-0.43703703703703706,0.9185185185185185,-0.5259259259259259,0.37037037037037035,-0.7407407407407407,0.4888888888888889,-0.8518518518518519,0.5333333333333333,-0.9481481481481482,0.562962962962963,-0.562962962962963,0.21481481481481482,-0.7925925925925926,0.2962962962962963,-0.9111111111111111,0.32592592592592595,-1.0,0.34074074074074073,-0.5407407407407407,0.08148148148148149,-0.7333333333333333,0.14074074074074075,-0.8444444444444444,0.16296296296296298,-0.9259259259259259,0.17777777777777778,-0.48148148148148145,-0.044444444444444446,-0.6518518518518519,-0.02962962962962963,-0.7333333333333333,-0.02962962962962963,-0.8,-0.037037037037037035
2,0.0,0.0,-0.06201550387596899,0.34108527131782945,-0.21705426356589147,0.5813953488372093,-0.34108527131782945,0.7829457364341085,-0.4418604651162791,0.9457364341085271,-0.5271317829457365,0.3875968992248062,-0.7364341085271318,0.5193798449612403,-0.8449612403100775,0.5736434108527132,-0.9534883720930233,0.6201550387596899,-0.5658914728682171,0.23255813953488372,-0.7829457364341085,0.3333333333333333,-0.9069767441860465,0.37209302325581395,-1.0,0.3953488372093023,-0.5348837209302325,0.10077519379844961,-0.7209302325581395,0.17054263565891473,-0.8294573643410853,0.20155038759689922,-0.9147286821705426,0.2248062015503876,-0.4806201550387597,-0.023255813953488372,-0.6356589147286822,-0.007751937984496124,-0.7209302325581395,0.0,-0.7906976744186046,-0.007751937984496124
2,0.0,0.0,-0.07258064516129033,0.3467741935483871,-0.22580645161290322,0.6048387096774194,-0.3467741935483871,0.8145161290322581,-0.4596774193548387,0.9758064516129032,-0.532258064516129,0.4112903225806452,-0.7338709677419355,0.5483870967741935,-0.8467741935483871,0.6129032258064516,-0.9435483870967742,0.6532258064516129,-0.5645161290322581,0.2661290322580645,-0.7661290322580645,0.3629032258064516,-0.8951612903225806,0.4112903225806452,-1.0,0.4274193548387097,-0.5403225806451613,0.13709677419354838,-0.717741935483871,0.20161290322580644,-0.8306451612903226,0.23387096774193547,-0.9193548387096774,0.25806451612903225,-0.49193548387096775,0.0,-0.6370967741935484,0.024193548387096774,-0.717741935483871,0.03225806451612903,-0.7903225806451613,0.024193548387096774
2,0.0,0.0,-0.05785123966942149,0.34710743801652894,-0.2231404958677686,0.6198347107438017,-0.34710743801652894,0.8347107438016529,-0.45454545454545453,1.0,-0.5206611570247934,0.4297520661157025,-0.7272727272727273,0.5785123966942148,-0.8429752066115702,0.6363636363636364,-0.9421487603305785,0.6776859504132231,-0.5619834710743802,0.2809917355371901,-0.7603305785123967,0.3884297520661157,-0.8925619834710744,0.4297520661157025,-0.9834710743801653,0.4462809917355372,-0.5371900826446281,0.1487603305785124,-0.7107438016528925,0.2231404958677686,-0.8181818181818182,0.24793388429752067,-0.9090909090909091,0.2727272727272727,-0.48760330578512395,0.01652892561983471,-0.6363636363636364,0.04132231404958678,-0.7024793388429752,0.049586776859504134,-0.768595041322314,0.049586776859504134
2,0.0,0.0,-0.05737704918032787,0.3524590163934426,-0.21311475409836064,0.6229508196721312,-0.32786885245901637,0.8278688524590164,-0.4426229508196721,1.0,-0.5,0.45081967213114754,-0.6967213114754098,0.5983606557377049,-0.8032786885245902,0.6639344262295082,-0.9016393442622951,0.7049180327868853,-0.5327868852459017,0.3114754098360656,-0.7295081967213115,0.4180327868852459,-0.8524590163934426,0.4672131147540984,-0.9508196721311475,0.48360655737704916,-0.5163934426229508,0.18032786885245902,-0.6721311475409836,0.2540983606557377,-0.7786885245901639,0.28688524590163933,-0.860655737704918,0.319672131147541,-0.4672131147540984,0.04918032786885246,-0.6065573770491803,0.08196721311475409,-0.6721311475409836,0.09836065573770492,-0.7377049180327869,0.09836065573770492
2,0.0,0.0,-0.049586776859504134,0.34710743801652894,-0.19008264462809918,0.6198347107438017,-0.30578512396694213,0.8264462809917356,-0.4214876033057851,1.0,-0.4793388429752066,0.4793388429752066,-0.6694214876033058,0.628099173553719,-0.768595041322314,0.6942148760330579,-0.8677685950413223,0.743801652892562,-0.512396694214876,0.33884297520661155,-0.6859504132231405,0.4628099173553719,-0.8099173553719008,0.5206611570247934,-0.9173553719008265,0.5537190082644629,-0.48760330578512395,0.21487603305785125,-0.6363636363636364,0.30578512396694213,-0.743801652892562,0.33884297520661155,-0.8264462809917356,0.371900826446281,-0.4462809917355372,0.09090909090909091,-0.5702479338842975,0.1322314049586777,-0.6363636363636364,0.14049586776859505,-0.71900826446281,0.14049586776859505
2,0.0,0.0,-0.04065040650406504,0.35772357723577236,-0.17886178861788618,0.6178861788617886,-0.2764227642276423,0.8211382113821138,-0.3983739837398374,1.0,-0.44715447154471544,0.5203252032520326,-0.6178861788617886,0.6747967479674797,-0.7154471544715447,0.7479674796747967,-0.7967479674796748,0.7967479674796748,-0.45528455284552843,0.3902439024390244,-0.6260162601626016,0.5203252032520326,-0.7235772357723578,0.5772357723577236,-0.8048780487804879,0.6178861788617886,-0.43089430894308944,0.2764227642276423,-0.5691056910569106,0.36585365853658536,-0.6504065040650406,0.42276422764227645,-0.7154471544715447,0.4634146341463415,-0.3902439024390244,0.17886178861788618,-0.4959349593495935,0.21951219512195122,-0.5609756097560976,0.23577235772357724,-0.6178861788617886,0.24390243902439024
2,0.0,0.0,-0.03225806451612903,0.3790322580645161,-0.16129032258064516,0.6290322580645161,-0.27419354838709675,0.8225806451612904,-0.4032258064516129,1.0,-0.4112903225806452,0.5725806451612904,-0.5725806451612904,0.7419354838709677,-0.6693548387096774,0.8225806451612904,-0.7419354838709677,0.8709677419354839,-0.41935483870967744,0.4435483870967742,-0.5725806451612904,0.5967741935483871,-0.6612903225806451,0.6693548387096774,-0.7338709677419355,0.7258064516129032,-0.3790322580645161,0.3467741935483871,-0.5161290322580645,0.4596774193548387,-0.5967741935483871,0.532258064516129,-0.6370967741935484,0.5887096774193549,-0.3225806451612903,0.2661290322580645,-0.4274193548387097,0.3225806451612903,-0.47580645161290325,0.3629032258064516,-0.5241935483870968,0.3870967741935484
2,0.0,0.0,-0.058823529411764705,0.3445378151260504,-0.21008403361344538,0.6134453781512605,-0.3277310924369748,0.8151260504201681,-0.46218487394957986,1.0,-0.44537815126050423,0.6050420168067226,-0.6050420168067226,0.7899159663865546,-0.7058823529411765,0.8823529411764706,-0.773109243697479,0.9411764705882353,-0.42016806722689076,0.5042016806722689,-0.5798319327731093,0.680672268907563,-0.6638655462184874,0.773109243697479,-0.7310924369747899,0.8403361344537815,-0.3697478991596639,0.4369747899159664,-0.4957983193277311,0.5714285714285714,-0.5798319327731093,0.6638655462184874,-0.6302521008403361,0.7394957983193278,-0.3025210084033613,0.3865546218487395,-0.40336134453781514,0.4789915966386555,-0.453781512605042,0.5462184873949579,-0.5042016806722689,0.6050420168067226
2,0.0,0.0,-0.11304347826086956,0.28695652173913044,-0.28695652173913044,0.5565217391304348,-0.41739130434782606,0.7565217391304347,-0.5478260869565217,0.9304347826086956,-0.5043478260869565,0.5565217391304348,-0.6521739130434783,0.782608695652174,-0.7565217391304347,0.9130434782608695,-0.8173913043478261,1.0,-0.4434782608695652,0.5217391304347826,-0.6,0.7304347826086957,-0.6869565217391305,0.8608695652173913,-0.7565217391304347,0.9652173913043478,-0.3652173913043478,0.4956521739130435,-0.48695652173913045,0.6695652173913044,-0.5652173913043478,0.7913043478260869,-0.6260869565217392,0.8869565217391304,-0.28695652173913044,0.4782608695652174,-0.3739130434782609,0.6173913043478261,-0.4260869565217391,0.7043478260869566,-0.46956521739130436,0.7652173913043478
2,0.0,0.0,-0.11764705882352941,0.24369747899159663,-0.3025210084033613,0.47058823529411764,-0.42857142857142855,0.6386554621848739,-0.5714285714285714,0.7899159663865546,-0.44537815126050423,0.5630252100840336,-0.6134453781512605,0.773109243697479,-0.7142857142857143,0.907563025210084,-0.7815126050420168,1.0,-0.40336134453781514,0.5126050420168067,-0.5546218487394958,0.7226890756302521,-0.6386554621848739,0.8487394957983193,-0.7058823529411765,0.9495798319327731,-0.3445378151260504,0.48739495798319327,-0.47058823529411764,0.6470588235294118,-0.5462184873949579,0.7647058823529411,-0.5966386554621849,0.8487394957983193,-0.29411764705882354,0.46218487394957986,-0.37815126050420167,0.5798319327731093,-0.42857142857142855,0.6470588235294118,-0.4789915966386555,0.7058823529411765
2,0.0,0.0,-0.14166666666666666,0.2,-0.30833333333333335,0.38333333333333336,-0.4166666666666667,0.525,-0.5333333333333333,0.6416666666666667,-0.4,0.5166666666666667,-0.55,0.7416666666666667,-0.6416666666666667,0.875,-0.7333333333333333,0.9583333333333334,-0.38333333333333336,0.5083333333333333,-0.55,0.75,-0.65,0.8916666666666667,-0.75,1.0,-0.35833333333333334,0.48333333333333334,-0.525,0.7083333333333334,-0.6333333333333333,0.8416666666666667,-0.7333333333333333,0.9333333333333333,-0.3416666666666667,0.4583333333333333,-0.45,0.5833333333333334,-0.55,0.6583333333333333,-0.6416666666666667,0.7
2,0.0,0.0,-0.211864406779661,0.19491525423728814,-0.3559322033898305,0.3644067796610169,-0.4576271186440678,0.4830508474576271,-0.5847457627118644,0.576271186440678,-0.3813559322033898,0.5508474576271186,-0.5338983050847458,0.7457627118644068,-0.635593220338983,0.8728813559322034,-0.7288135593220338,0.9576271186440678,-0.3644067796610169,0.5169491525423728,-0.5338983050847458,0.7627118644067796,-0.652542372881356,0.9067796610169492,-0.7627118644067796,1.0,-0.3474576271186441,0.4406779661016949,-0.5084745762711864,0.6864406779661016,-0.6440677966101694,0.8389830508474576,-0.7627118644067796,0.940677966101695,-0.3389830508474576,0.3474576271186441,-0.4745762711864407,0.5,-0.5932203389830508,0.5847457627118644,-0.711864406779661,0.635593220338983
2,0.0,0.0,-0.211864406779661,0.19491525423728814,-0.3813559322033898,0.3474576271186441,-0.5,0.4406779661016949,-0.6440677966101694,0.5423728813559322,-0.3983050847457627,0.559322033898305,-0.5508474576271186,0.7542372881355932,-0.652542372881356,0.8813559322033898,-0.7372881355932204,0.9745762711864406,-0.3813559322033898,0.5169491525423728,-0.5508474576271186,0.7627118644067796,-0.6779661016949152,0.9067796610169492,-0.7796610169491526,1.0,-0.3559322033898305,0.4406779661016949,-0.5169491525423728,0.6779661016949152,-0.6440677966101694,0.8305084745762712,-0.7542372881355932,0.940677966101695,-0.3474576271186441,0.3220338983050847,-0.5,0.4745762711864407,-0.6186440677966102,0.5423728813559322,-0.7288135593220338,0.5847457627118644
2,0.0,0.0,-0.23275862068965517,0.09482758620689655,-0.4224137931034483,0.23275862068965517,-0.5689655172413793,0.3448275862068966,-0.7413793103448276,0.4224137931034483,-0.46551724137931033,0.47413793103448276,-0.6379310344827587,0.7155172413793104,-0.7413793103448276,0.853448275862069,-0.8448275862068966,0.9568965517241379,-0.39655172413793105,0.49137931034482757,-0.5431034482758621,0.7413793103448276,-0.6551724137931034,0.896551724137931,-0.7586206896551724,1.0,-0.33620689655172414,0.47413793103448276,-0.4482758620689655,0.6896551724137931,-0.5431034482758621,0.8448275862068966,-0.6206896551724138,0.9482758620689655,-0.27586206896551724,0.43103448275862066,-0.3448275862068966,0.5775862068965517,-0.41379310344827586,0.6551724137931034,-0.47413793103448276,0.6982758620689655
2,0.0,0.0,-0.20689655172413793,0.04310344827586207,-0.41379310344827586,0.1896551724137931,-0.603448275862069,0.29310344827586204,-0.8017241379310345,0.3448275862068966,-0.5172413793103449,0.4827586206896552,-0.6982758620689655,0.7155172413793104,-0.8189655172413793,0.853448275862069,-0.9137931034482759,0.9396551724137931,-0.43103448275862066,0.5,-0.5775862068965517,0.75,-0.6810344827586207,0.9051724137931034,-0.75,1.0,-0.35344827586206895,0.5,-0.45689655172413796,0.6982758620689655,-0.5431034482758621,0.8362068965517241,-0.603448275862069,0.9224137931034483,-0.27586206896551724,0.4827586206896552,-0.31896551724137934,0.6206896551724138,-0.35344827586206895,0.6982758620689655,-0.3879310344827586,0.7586206896551724
2,0.0,0.0,-0.23333333333333334,0.03333333333333333,-0.44166666666666665,0.16666666666666666,-0.625,0.25833333333333336,-0.8083333333333333,0.3,-0.525,0.48333333333333334,-0.7,0.7,-0.8166666666666667,0.825,-0.9166666666666666,0.9166666666666666,-0.43333333333333335,0.5166666666666667,-0.5833333333333334,0.7583333333333333,-0.6916666666666667,0.9,-0.7583333333333333,1.0,-0.35833333333333334,0.5166666666666667,-0.4666666666666667,0.7083333333333334,-0.5416666666666666,0.8333333333333334,-0.6083333333333333,0.9166666666666666,-0.2833333333333333,0.5083333333333333,-0.325,0.6416666666666667,-0.35833333333333334,0.725,-0.4,0.7833333333333333
2,0.0,0.0,-0.22131147540983606,0.00819672131147541,-0.45901639344262296,0.13934426229508196,-0.6475409836065574,0.22131147540983606,-0.8360655737704918,0.2540983606557377,-0.5491803278688525,0.4672131147540984,-0.7213114754098361,0.680327868852459,-0.8360655737704918,0.8032786885245902,-0.9262295081967213,0.9016393442622951,-0.45901639344262296,0.5081967213114754,-0.6065573770491803,0.7377049180327869,-0.7131147540983607,0.8852459016393442,-0.7786885245901639,1.0,-0.36065573770491804,0.5163934426229508,-0.48360655737704916,0.7131147540983607,-0.5573770491803278,0.8442622950819673,-0.6147540983606558,0.9426229508196722,-0.26229508196721313,0.5081967213114754,-0.32786885245901637,0.6475409836065574,-0.36885245901639346,0.7377049180327869,-0.4180327868852459,0.8032786885245902
2,0.0,0.0,-0.21428571428571427,-0.007936507936507936,-0.4523809523809524,0.09523809523809523,-0.6507936507936508,0.1746031746031746,-0.8412698412698413,0.1984126984126984,-0.5396825396825397,0.4444444444444444,-0.7222222222222222,0.6507936507936508,-0.8333333333333334,0.7777777777777778,-0.9285714285714286,0.8809523809523809,-0.4523809523809524,0.5,-0.6111111111111112,0.7222222222222222,-0.7142857142857143,0.8809523809523809,-0.7857142857142857,1.0,-0.35714285714285715,0.5158730158730159,-0.48412698412698413,0.7142857142857143,-0.5634920634920635,0.8492063492063492,-0.6190476190476191,0.9523809523809523,-0.25396825396825395,0.5158730158730159,-0.3253968253968254,0.6587301587301587,-0.373015873015873,0.753968253968254,-0.42063492063492064,0.8333333333333334
2,0.0,0.0,-0.2204724409448819,-0.023622047244094488,-0.4645669291338583,0.07086614173228346,-0.6771653543307087,0.14173228346456693,-0.8582677165354331,0.16535433070866143,-0.5590551181102362,0.4251968503937008,-0.7401574803149606,0.6377952755905512,-0.8582677165354331,0.7637795275590551,-0.952755905511811,0.8661417322834646,-0.47244094488188976,0.49606299212598426,-0.6299212598425197,0.7165354330708661,-0.7322834645669292,0.8740157480314961,-0.8110236220472441,1.0,-0.3779527559055118,0.5196850393700787,-0.5039370078740157,0.7244094488188977,-0.5826771653543307,0.8582677165354331,-0.6377952755905512,0.968503937007874,-0.2677165354330709,0.5196850393700787,-0.33858267716535434,0.6771653543307087,-0.3858267716535433,0.7716535433070866,-0.4330708661417323,0.8503937007874016
2,0.0,0.0,-0.2222222222222222,-0.031746031746031744,-0.46825396825396826,0.05555555555555555,-0.6904761904761905,0.12698412698412698,-0.873015873015873,0.1349206349206349,-0.5714285714285714,0.42063492063492064,-0.753968253968254,0.626984126984127,-0.873015873015873,0.7619047619047619,-0.9761904761904762,0.8650793650793651,-0.48412698412698413,0.49206349206349204,-0.6428571428571429,0.7222222222222222,-0.746031746031746,0.8809523809523809,-0.8253968253968254,1.0,-0.38095238095238093,0.5238095238095238,-0.5158730158730159,0.7301587301587301,-0.5952380952380952,0.873015873015873,-0.6666666666666666,0.9761904761904762,-0.2698412698412698,0.5238095238095238,-0.3412698412698413,0.6746031746031746,-0.3968253968253968,0.7777777777777778,-0.4523809523809524,0.8650793650793651
2,0.0,0.0,-0.21428571428571427,-0.047619047619047616,-0.46825396825396826,0.031746031746031744,-0.6825396825396826,0.09523809523809523,-0.873015873015873,0.10317460317460317,-0.5714285714285714,0.4126984126984127,-0.7619047619047619,0.6190476190476191,-0.8809523809523809,0.746031746031746,-0.9761904761904762,0.8492063492063492,-0.48412698412698413,0.48412698412698413,-0.6507936507936508,0.7222222222222222,-0.753968253968254,0.873015873015873,-0.8333333333333334,1.0,-0.38095238095238093,0.5158730158730159,-0.5158730158730159,0.7222222222222222,-0.6031746031746031,0.873015873015873,-0.6666666666666666,0.9761904761904762,-0.2698412698412698,0.5238095238095238,-0.3412698412698413,0.6746031746031746,-0.3888888888888889,0.7777777777777778,-0.4444444444444444,0.8650793650793651
2,0.0,0.0,-0.24,-0.056,-0.488,0.008,-0.704,0.064,-0.896,0.064,-0.592,0.408,-0.784,0.608,-0.904,0.744,-1.0,0.848,-0.496,0.48,-0.664,0.72,-0.776,0.88,-0.856,1.0,-0.392,0.52,-0.536,0.728,-0.624,0.88,-0.688,0.992,-0.28,0.536,-0.344,0.696,-0.392,0.8,-0.448,0.888
2,0.0,0.0,-0.24,-0.064,-0.488,-0.008,-0.712,0.04,-0.896,0.04,-0.592,0.408,-0.792,0.608,-0.904,0.736,-1.0,0.84,-0.504,0.488,-0.68,0.72,-0.776,0.88,-0.856,1.0,-0.392,0.536,-0.536,0.736,-0.624,0.88,-0.688,0.984,-0.272,0.544,-0.336,0.712,-0.392,0.808,-0.448,0.896
2,0.0,0.0,-0.232,-0.072,-0.48,-0.024,-0.704,0.032,-0.888,0.024,-0.592,0.4,-0.792,0.6,-0.904,0.728,-1.0,0.832,-0.504,0.496,-0.68,0.72,-0.784,0.88,-0.864,1.0,-0.392,0.536,-0.544,0.744,-0.632,0.888,-0.696,0.992,-0.272,0.544,-0.336,0.712,-0.392,0.816,-0.448,0.904
2,0.0,0.0,-0.2265625,-0.078125,-0.46875,-0.046875,-0.6953125,-0.0078125,-0.875,-0.015625,-0.5859375,0.3828125,-0.7890625,0.5625,-0.90625,0.6875,-1.0,0.7890625,-0.5,0.4765625,-0.6796875,0.6953125,-0.78125,0.8515625,-0.8515625,0.96875,-0.390625,0.5234375,-0.5390625,0.734375,-0.625,0.875,-0.6875,0.984375,-0.265625,0.546875,-0.3359375,0.7109375,-0.390625,0.8203125,-0.4453125,0.90625
2,0.0,0.0,-0.22137404580152673,-0.0916030534351145,-0.46564885496183206,-0.06870229007633588,-0.6946564885496184,-0.03816793893129771,-0.8702290076335878,-0.04580152671755725,-0.5725190839694656,0.35877862595419846,-0.7786259541984732,0.5343511450381679,-0.9007633587786259,0.6564885496183206,-1.0,0.7557251908396947,-0.4961832061068702,0.4580152671755725,-0.6717557251908397,0.6793893129770993,-0.7786259541984732,0.8320610687022901,-0.8549618320610687,0.9465648854961832,-0.3893129770992366,0.5038167938931297,-0.5343511450381679,0.7175572519083969,-0.6183206106870229,0.8625954198473282,-0.6870229007633588,0.9694656488549618,-0.26717557251908397,0.5190839694656488,-0.33587786259541985,0.6946564885496184,-0.3816793893129771,0.8091603053435115,-0.44274809160305345,0.9007633587786259
2,0.0,0.0,-0.22137404580152673,-0.0916030534351145,-0.46564885496183206,-0.07633587786259542,-0.6946564885496184,-0.061068702290076333,-0.8702290076335878,-0.07633587786259542,-0.5725190839694656,0.3511450381679389,-0.7786259541984732,0.5267175572519084,-0.9007633587786259,0.648854961832061,-1.0,0.7480916030534351,-0.4961832061068702,0.45038167938931295,-0.6793893129770993,0.6717557251908397,-0.7862595419847328,0.8320610687022901,-0.8702290076335878,0.9465648854961832,-0.3816793893129771,0.5038167938931297,-0.5343511450381679,0.7175572519083969,-0.6259541984732825,0.8625954198473282,-0.6946564885496184,0.9770992366412213,-0.25190839694656486,0.5267175572519084,-0.33587786259541985,0.7022900763358778,-0.3893129770992366,0.816793893129771,-0.45038167938931295,0.916030534351145
2,0.0,0.0,-0.22962962962962963,-0.0962962962962963,-0.4666666666666667,-0.0962962962962963,-0.6888888888888889,-0.08888888888888889,-0.8592592592592593,-0.1037037037037037,-0.5703703703703704,0.31851851851851853,-0.7777777777777778,0.48148148148148145,-0.8962962962962963,0.5925925925925926,-1.0,0.6888888888888889,-0.4888888888888889,0.42962962962962964,-0.674074074074074,0.6444444444444445,-0.7851851851851852,0.7925925925925926,-0.8666666666666667,0.9037037037037037,-0.37777777777777777,0.4888888888888889,-0.5259259259259259,0.6962962962962963,-0.6222222222222222,0.8296296296296296,-0.6962962962962963,0.9407407407407408,-0.2518518518518518,0.5185185185185185,-0.3333333333333333,0.6814814814814815,-0.3925925925925926,0.8,-0.45185185185185184,0.8962962962962963
2,0.0,0.0,-0.2246376811594203,-0.10869565217391304,-0.463768115942029,-0.11594202898550725,-0.6811594202898551,-0.11594202898550725,-0.8405797101449275,-0.13768115942028986,-0.572463768115942,0.2971014492753623,-0.7753623188405797,0.4492753623188406,-0.8985507246376812,0.5507246376811594,-1.0,0.6376811594202898,-0.4927536231884058,0.4057971014492754,-0.6739130434782609,0.6159420289855072,-0.7898550724637681,0.7536231884057971,-0.8768115942028986,0.8623188405797102,-0.38405797101449274,0.47101449275362317,-0.5434782608695652,0.6739130434782609,-0.6376811594202898,0.7971014492753623,-0.7101449275362319,0.9057971014492754,-0.2608695652173913,0.5072463768115942,-0.34782608695652173,0.6739130434782609,-0.4057971014492754,0.782608695652174,-0.47101449275362317,0.8768115942028986
2,0.0,0.0,-0.22302158273381295,-0.1079136690647482,-0.45323741007194246,-0.12949640287769784,-0.6690647482014388,-0.1366906474820144,-0.8273381294964028,-0.15827338129496402,-0.5683453237410072,0.2805755395683453,-0.7697841726618705,0.4244604316546763,-0.8920863309352518,0.5179856115107914,-1.0,0.60431654676259,-0.49640287769784175,0.39568345323741005,-0.6762589928057554,0.5971223021582733,-0.7913669064748201,0.7266187050359713,-0.8776978417266187,0.841726618705036,-0.38848920863309355,0.460431654676259,-0.539568345323741,0.6546762589928058,-0.6402877697841727,0.7841726618705036,-0.7194244604316546,0.8920863309352518,-0.2589928057553957,0.49640287769784175,-0.34532374100719426,0.6618705035971223,-0.4028776978417266,0.7769784172661871,-0.4676258992805755,0.8776978417266187
2,0.0,0.0,-0.21678321678321677,-0.11188811188811189,-0.44755244755244755,-0.13986013986013987,-0.6573426573426573,-0.16083916083916083,-0.8041958041958042,-0.1888111888111888,-0.5734265734265734,0.2517482517482518,-0.7762237762237763,0.38461538461538464,-0.8951048951048951,0.46853146853146854,-1.0,0.5524475524475524,-0.4965034965034965,0.3706293706293706,-0.6853146853146853,0.5594405594405595,-0.7972027972027972,0.6853146853146853,-0.8881118881118881,0.7902097902097902,-0.3986013986013986,0.4405594405594406,-0.5524475524475524,0.6293706293706294,-0.6503496503496503,0.7482517482517482,-0.7342657342657343,0.8461538461538461,-0.2727272727272727,0.4825174825174825,-0.36363636363636365,0.6433566433566433,-0.4195804195804196,0.7482517482517482,-0.48951048951048953,0.8461538461538461
2,0.0,0.0,-0.20408163265306123,-0.11564625850340136,-0.43537414965986393,-0.1564625850340136,-0.6394557823129252,-0.17687074829931973,-0.782312925170068,-0.2108843537414966,-0.564625850340136,0.2108843537414966,-0.7687074829931972,0.32653061224489793,-0.891156462585034,0.40816326530612246,-1.0,0.48299319727891155,-0.4965986394557823,0.3401360544217687,-0.6870748299319728,0.5102040816326531,-0.8095238095238095,0.6326530612244898,-0.8979591836734694,0.7278911564625851,-0.4013605442176871,0.41496598639455784,-0.564625850340136,0.5850340136054422,-0.6666666666666666,0.7006802721088435,-0.7482993197278912,0.7959183673469388,-0.2857142857142857,0.46258503401360546,-0.3741496598639456,0.6122448979591837,-0.4421768707482993,0.7142857142857143,-0.5034013605442177,0.8027210884353742
2,0.0,0.0,-0.2,-0.11333333333333333,-0.4266666666666667,-0.14666666666666667,-0.6266666666666667,-0.18,-0.7733333333333333,-0.20666666666666667,-0.5733333333333334,0.2,-0.7733333333333333,0.31333333333333335,-0.8933333333333333,0.38666666666666666,-1.0,0.46,-0.5066666666666667,0.32666666666666666,-0.7,0.49333333333333335,-0.82,0.6066666666666667,-0.9066666666666666,0.6933333333333334,-0.4066666666666667,0.4,-0.5666666666666667,0.5666666666666667,-0.6733333333333333,0.6733333333333333,-0.7533333333333333,0.7666666666666667,-0.2866666666666667,0.44666666666666666,-0.38666666666666666,0.5933333333333334,-0.44666666666666666,0.6933333333333334,-0.5133333333333333,0.7866666666666666
2,0.0,0.0,-0.2,-0.12666666666666668,-0.4266666666666667,-0.16666666666666666,-0.62,-0.2,-0.7666666666666667,-0.23333333333333334,-0.5733333333333334,0.18,-0.78,0.2866666666666667,-0.9,0.36,-1.0,0.4266666666666667,-0.5066666666666667,0.3,-0.7066666666666667,0.4666666666666667,-0.8266666666666667,0.58,-0.9133333333333333,0.6666666666666666,-0.41333333333333333,0.38666666666666666,-0.58,0.5466666666666666,-0.68,0.6533333333333333,-0.7666666666666667,0.74,-0.3,0.44,-0.4,0.58,-0.46,0.68,-0.5333333333333333,0.7666666666666667
2,0.0,0.0,-0.1870967741935484,-0.12903225806451613,-0.4129032258064516,-0.17419354838709677,-0.6,-0.2129032258064516,-0.7419354838709677,-0.25161290322580643,-0.567741935483871,0.14838709677419354,-0.7741935483870968,0.23870967741935484,-0.896774193548387,0.3032258064516129,-1.0,0.36129032258064514,-0.5161290322580645,0.2709677419354839,-0.7096774193548387,0.41935483870967744,-0.8387096774193549,0.5225806451612903,-0.9290322580645162,0.6064516129032258,-0.4258064516129032,0.3548387096774194,-0.5935483870967742,0.5032258064516129,-0.7032258064516129,0.6,-0.7870967741935484,0.6838709677419355,-0.3161290322580645,0.4129032258064516,-0.4258064516129032,0.5419354838709678,-0.49032258064516127,0.632258064516129,-0.5612903225806452,0.7161290322580646
2,0.0,0.0,-0.1949685534591195,-0.1320754716981132,-0.4088050314465409,-0.18867924528301888,-0.5911949685534591,-0.22641509433962265,-0.7295597484276729,-0.2641509433962264,-0.5723270440251572,0.12578616352201258,-0.7735849056603774,0.20125786163522014,-0.89937106918239,0.2578616352201258,-1.0,0.31446540880503143,-0.5220125786163522,0.24528301886792453,-0.7232704402515723,0.37735849056603776,-0.8427672955974843,0.4716981132075472,-0.9371069182389937,0.5471698113207547,-0.4339622641509434,0.3333333333333333,-0.6037735849056604,0.46540880503144655,-0.710691823899371,0.5534591194968553,-0.7987421383647799,0.6352201257861635,-0.3270440251572327,0.39622641509433965,-0.44025157232704404,0.5157232704402516,-0.5031446540880503,0.6037735849056604,-0.5786163522012578,0.6792452830188679
2,0.0,0.0,-0.1875,-0.13125,-0.4,-0.1875,-0.58125,-0.23125,-0.7125,-0.275,-0.56875,0.11875,-0.775,0.19375,-0.89375,0.24375,-1.0,0.3,-0.525,0.24375,-0.725,0.36875,-0.85,0.4625,-0.94375,0.5375,-0.44375,0.33125,-0.6125,0.4625,-0.71875,0.55,-0.80625,0.625,-0.3375,0.3875,-0.45,0.5125,-0.51875,0.6,-0.59375,0.675
2,0.0,0.0,-0.17791411042944785,-0.13496932515337423,-0.39263803680981596,-0.20245398773006135,-0.5644171779141104,-0.25766871165644173,-0.6932515337423313,-0.3006134969325153,-0.5705521472392638,0.09815950920245399,-0.7730061349693251,0.15950920245398773,-0.8957055214723927,0.2085889570552147,-1.0,0.25153374233128833,-0.5276073619631901,0.2147239263803681,-0.7361963190184049,0.3374233128834356,-0.8588957055214724,0.4233128834355828,-0.9570552147239264,0.49079754601226994,-0.4539877300613497,0.3067484662576687,-0.6319018404907976,0.4294478527607362,-0.7423312883435583,0.50920245398773,-0.8343558282208589,0.5828220858895705,-0.3496932515337423,0.37423312883435583,-0.4662576687116564,0.49079754601226994,-0.5460122699386503,0.5705521472392638,-0.6257668711656442,0.6380368098159509
2,0.0,0.0,-0.1686746987951807,-0.14457831325301204,-0.3795180722891566,-0.21686746987951808,-0.5542168674698795,-0.27710843373493976,-0.6746987951807228,-0.3253012048192771,-0.5662650602409639,0.06626506024096386,-0.7710843373493976,0.1144578313253012,-0.8975903614457831,0.1566265060240964,-1.0,0.1927710843373494,-0.536144578313253,0.18674698795180722,-0.7469879518072289,0.29518072289156627,-0.8734939759036144,0.3674698795180723,-0.9698795180722891,0.42771084337349397,-0.46987951807228917,0.27710843373493976,-0.6506024096385542,0.39156626506024095,-0.7590361445783133,0.463855421686747,-0.8554216867469879,0.5240963855421686,-0.37349397590361444,0.3493975903614458,-0.5,0.4578313253012048,-0.5783132530120482,0.5301204819277109,-0.6626506024096386,0.5963855421686747
2,0.0,0.0,-0.16568047337278108,-0.14792899408284024,-0.3727810650887574,-0.23076923076923078,-0.5384615384615384,-0.28994082840236685,-0.6568047337278107,-0.3431952662721893,-0.5680473372781065,0.04142011834319527,-0.7751479289940828,0.07100591715976332,-0.8994082840236687,0.10650887573964497,-1.0,0.14201183431952663,-0.5443786982248521,0.15976331360946747,-0.757396449704142,0.25443786982248523,-0.893491124260355,0.31952662721893493,-0.9940828402366864,0.3727810650887574,-0.48520710059171596,0.25443786982248523,-0.6686390532544378,0.34911242603550297,-0.7810650887573964,0.40828402366863903,-0.8757396449704142,0.46153846153846156,-0.39644970414201186,0.3254437869822485,-0.5266272189349113,0.4260355029585799,-0.6094674556213018,0.4970414201183432,-0.6923076923076923,0.5562130177514792
2,0.0,0.0,-0.1569767441860465,-0.1511627906976744,-0.3546511627906977,-0.23837209302325582,-0.5116279069767442,-0.3081395348837209,-0.6337209302325582,-0.36046511627906974,-0.5581395348837209,0.01744186046511628,-0.7616279069767442,0.040697674418604654,-0.8837209302325582,0.06395348837209303,-0.9883720930232558,0.09302325581395349,-0.5406976744186046,0.13953488372093023,-0.7558139534883721,0.21511627906976744,-0.8953488372093024,0.26744186046511625,-1.0,0.313953488372093,-0.48255813953488375,0.23255813953488372,-0.6744186046511628,0.313953488372093,-0.7906976744186046,0.36046511627906974,-0.8895348837209303,0.4011627906976744,-0.4011627906976744,0.3081395348837209,-0.5348837209302325,0.4011627906976744,-0.627906976744186,0.45930232558139533,-0.7151162790697675,0.5116279069767442
2,0.0,0.0,-0.1638418079096045,-0.1638418079096045,-0.3389830508474576,-0.24858757062146894,-0.4915254237288136,-0.3163841807909605,-0.6045197740112994,-0.3728813559322034,-0.5480225988700564,-0.005649717514124294,-0.751412429378531,0.0,-0.8757062146892656,0.01694915254237288,-0.9774011299435028,0.03389830508474576,-0.536723163841808,0.10734463276836158,-0.7570621468926554,0.1694915254237288,-0.8926553672316384,0.20903954802259886,-1.0,0.2542372881355932,-0.4858757062146893,0.1977401129943503,-0.6836158192090396,0.2711864406779661,-0.8022598870056498,0.3050847457627119,-0.8983050847457628,0.3446327683615819,-0.4124293785310734,0.2824858757062147,-0.5480225988700564,0.3615819209039548,-0.6440677966101694,0.4180790960451977,-0.7344632768361582,0.4576271186440678
2,0.0,0.0,-0.15555555555555556,-0.16666666666666666,-0.3277777777777778,-0.25,-0.4777777777777778,-0.31666666666666665,-0.5944444444444444,-0.37777777777777777,-0.5444444444444444,-0.022222222222222223,-0.7444444444444445,-0.016666666666666666,-0.8666666666666667,-0.005555555555555556,-0.9722222222222222,0.011111111111111112,-0.5333333333333333,0.09444444444444444,-0.75,0.15,-0.8944444444444445,0.18333333333333332,-1.0,0.2222222222222222,-0.48333333333333334,0.18888888888888888,-0.6777777777777778,0.25555555555555554,-0.8,0.2833333333333333,-0.9,0.31666666666666665,-0.4111111111111111,0.26666666666666666,-0.55,0.35,-0.6444444444444445,0.4,-0.7388888888888889,0.4388888888888889
2,0.0,0.0,-0.14835164835164835,-0.17032967032967034,-0.3241758241758242,-0.25274725274725274,-0.4725274725274725,-0.31868131868131866,-0.5769230769230769,-0.38461538461538464,-0.5384615384615384,-0.027472527472527472,-0.7362637362637363,-0.027472527472527472,-0.8626373626373627,-0.02197802197802198,-0.967032967032967,-0.01098901098901099,-0.532967032967033,0.08241758241758242,-0.7472527472527473,0.13186813186813187,-0.8901098901098901,0.16483516483516483,-1.0,0.1978021978021978,-0.4835164835164835,0.17582417582417584,-0.6813186813186813,0.23626373626373626,-0.8021978021978022,0.26373626373626374,-0.9065934065934066,0.29120879120879123,-0.41208791208791207,0.25824175824175827,-0.554945054945055,0.32967032967032966,-0.6483516483516484,0.3791208791208791,-0.7417582417582418,0.4175824175824176
2,0.0,0.0,-0.13736263736263737,-0.15934065934065933,-0.3131868131868132,-0.24175824175824176,-0.46153846153846156,-0.3131868131868132,-0.5659340659340659,-0.3791208791208791,-0.532967032967033,-0.03296703296703297,-0.7307692307692307,-0.038461538461538464,-0.8571428571428571,-0.038461538461538464,-0.9615384615384616,-0.027472527472527472,-0.532967032967033,0.07692307692307693,-0.7417582417582418,0.11538461538461539,-0.8901098901098901,0.14285714285714285,-1.0,0.17032967032967034,-0.4835164835164835,0.16483516483516483,-0.6813186813186813,0.21978021978021978,-0.8076923076923077,0.24175824175824176,-0.9120879120879121,0.2692307692307692,-0.4065934065934066,0.24725274725274726,-0.5494505494505495,0.31868131868131866,-0.6538461538461539,0.36813186813186816,-0.7472527472527473,0.4065934065934066
2,0.0,0.0,-0.1358695652173913,-0.16304347826086957,-0.30978260869565216,-0.2391304347826087,-0.45652173913043476,-0.30978260869565216,-0.5597826086956522,-0.375,-0.532608695652174,-0.03804347826086957,-0.7228260869565217,-0.04891304347826087,-0.8478260869565217,-0.04891304347826087,-0.9565217391304348,-0.043478260869565216,-0.5271739130434783,0.07065217391304347,-0.7391304347826086,0.09782608695652174,-0.8858695652173914,0.11956521739130435,-1.0,0.14673913043478262,-0.4782608695652174,0.15760869565217392,-0.6739130434782609,0.20652173913043478,-0.7989130434782609,0.22826086956521738,-0.9021739130434783,0.24456521739130435,-0.3967391304347826,0.23369565217391305,-0.5380434782608695,0.30434782608695654,-0.6413043478260869,0.34782608695652173,-0.7391304347826086,0.3858695652173913
2,0.0,0.0,-0.12568306010928962,-0.15846994535519127,-0.3114754098360656,-0.24043715846994534,-0.45901639344262296,-0.30601092896174864,-0.5573770491803278,-0.37158469945355194,-0.5355191256830601,-0.04371584699453552,-0.726775956284153,-0.060109289617486336,-0.8524590163934426,-0.06557377049180328,-0.9617486338797814,-0.06557377049180328,-0.5300546448087432,0.060109289617486336,-0.7431693989071039,0.08196721311475409,-0.8797814207650273,0.09836065573770492,-1.0,0.12021857923497267,-0.48633879781420764,0.14754098360655737,-0.6775956284153005,0.18579234972677597,-0.8032786885245902,0.20765027322404372,-0.912568306010929,0.22404371584699453,-0.40437158469945356,0.2185792349726776,-0.5409836065573771,0.2896174863387978,-0.644808743169399,0.3333333333333333,-0.7377049180327869,0.366120218579235
2,0.0,0.0,-0.13043478260869565,-0.16304347826086957,-0.32065217391304346,-0.24456521739130435,-0.45652173913043476,-0.30978260869565216,-0.5597826086956522,-0.375,-0.5380434782608695,-0.059782608695652176,-0.7336956521739131,-0.08695652173913043,-0.8586956521739131,-0.09782608695652174,-0.967391304347826,-0.10326086956521739,-0.532608695652174,0.03804347826086957,-0.7445652173913043,0.04891304347826087,-0.8858695652173914,0.059782608695652176,-1.0,0.07608695652173914,-0.483695652173913,0.125,-0.6793478260869565,0.15760869565217392,-0.8097826086956522,0.16847826086956522,-0.9184782608695652,0.1793478260869565,-0.4076086956521739,0.20108695652173914,-0.5489130434782609,0.2608695652173913,-0.6467391304347826,0.29891304347826086,-0.7445652173913043,0.33695652173913043
2,0.0,0.0,-0.13114754098360656,-0.16393442622950818,-0.31693989071038253,-0.25136612021857924,-0.45901639344262296,-0.3224043715846995,-0.5628415300546448,-0.3825136612021858,-0.5355191256830601,-0.08196721311475409,-0.73224043715847,-0.1092896174863388,-0.8579234972677595,-0.12568306010928962,-0.9672131147540983,-0.13114754098360656,-0.5300546448087432,0.02185792349726776,-0.7377049180327869,0.0273224043715847,-0.8852459016393442,0.03278688524590164,-1.0,0.04371584699453552,-0.4808743169398907,0.1092896174863388,-0.6721311475409836,0.1366120218579235,-0.8032786885245902,0.14754098360655737,-0.912568306010929,0.15300546448087432,-0.3989071038251366,0.18579234972677597,-0.5409836065573771,0.24043715846994534,-0.644808743169399,0.273224043715847,-0.7377049180327869,0.30601092896174864
2,0.0,0.0,-0.12568306010928962,-0.16393442622950818,-0.3224043715846995,-0.25136612021857924,-0.45901639344262296,-0.3333333333333333,-0.5628415300546448,-0.39344262295081966,-0.5300546448087432,-0.09836065573770492,-0.726775956284153,-0.13114754098360656,-0.8524590163934426,-0.15300546448087432,-0.9672131147540983,-0.16939890710382513,-0.5245901639344263,0.0,-0.73224043715847,0.00546448087431694,-0.8743169398907104,0.0,-1.0,0.0,-0.47540983606557374,0.08743169398907104,-0.6612021857923497,0.11475409836065574,-0.7923497267759563,0.11475409836065574,-0.907103825136612,0.11475409836065574,-0.3879781420765027,0.15846994535519127,-0.5245901639344263,0.21311475409836064,-0.6284153005464481,0.24043715846994534,-0.726775956284153,0.273224043715847
2,0.0,0.0,-0.12777777777777777,-0.17777777777777778,-0.32222222222222224,-0.26666666666666666,-0.46111111111111114,-0.35555555555555557,-0.5666666666666667,-0.4222222222222222,-0.5333333333333333,-0.11666666666666667,-0.7277777777777777,-0.16111111111111112,-0.8555555555555555,-0.18888888888888888,-0.9722222222222222,-0.2111111111111111,-0.5222222222222223,-0.022222222222222223,-0.7333333333333333,-0.027777777777777776,-0.8777777777777778,-0.03888888888888889,-1.0,-0.05,-0.4666666666666667,0.06111111111111111,-0.6611111111111111,0.07777777777777778,-0.7944444444444444,0.07222222222222222,-0.9111111111111111,0.06666666666666667,-0.37777777777777777,0.1388888888888889,-0.5222222222222223,0.18333333333333332,-0.6222222222222222,0.20555555555555555,-0.7277777777777777,0.22777777777777777
2,0.0,0.0,-0.13068181818181818,-0.19886363636363635,-0.32386363636363635,-0.29545454545454547,-0.45454545454545453,-0.3806818181818182,-0.5681818181818182,-0.45454545454545453,-0.5227272727272727,-0.14772727272727273,-0.7272727272727273,-0.19886363636363635,-0.8579545454545454,-0.23295454545454544,-0.9772727272727273,-0.26136363636363635,-0.5113636363636364,-0.05113636363636364,-0.7329545454545454,-0.0625,-0.875,-0.08522727272727272,-1.0,-0.09659090909090909,-0.4602272727272727,0.045454545454545456,-0.6534090909090909,0.05113636363636364,-0.7840909090909091,0.03977272727272727,-0.9034090909090909,0.022727272727272728,-0.3693181818181818,0.125,-0.5170454545454546,0.16477272727272727,-0.6193181818181818,0.1875,-0.7215909090909091,0.20454545454545456
2,0.0,0.0,-0.1206896551724138,-0.20114942528735633,-0.3218390804597701,-0.2988505747126437,-0.4540229885057471,-0.39655172413793105,-0.5689655172413793,-0.47701149425287354,-0.5172413793103449,-0.16091954022988506,-0.7241379310344828,-0.21839080459770116,-0.8563218390804598,-0.25862068965517243,-0.9712643678160919,-0.29310344827586204,-0.5057471264367817,-0.06321839080459771,-0.7241379310344828,-0.07471264367816093,-0.867816091954023,-0.10344827586206896,-1.0,-0.1206896551724138,-0.4482758620689655,0.034482758620689655,-0.6379310344827587,0.04597701149425287,-0.7701149425287356,0.028735632183908046,-0.8908045977011494,0.011494252873563218,-0.3505747126436782,0.1206896551724138,-0.5,0.16091954022988506,-0.5977011494252874,0.1781609195402299,-0.6954022988505747,0.20114942528735633
2,0.0,0.0,-0.1242603550295858,-0.22485207100591717,-0.33136094674556216,-0.3254437869822485,-0.46745562130177515,-0.42011834319526625,-0.591715976331361,-0.5029585798816568,-0.514792899408284,-0.1952662721893491,-0.7218934911242604,-0.26627218934911245,-0.8579881656804734,-0.3136094674556213,-0.9763313609467456,-0.34911242603550297,-0.4970414201183432,-0.09467455621301775,-0.7159763313609467,-0.11834319526627218,-0.863905325443787,-0.14201183431952663,-1.0,-0.16568047337278108,-0.4378698224852071,0.005917159763313609,-0.621301775147929,0.011834319526627219,-0.757396449704142,-0.011834319526627219,-0.8757396449704142,-0.029585798816568046,-0.33727810650887574,0.10059171597633136,-0.48520710059171596,0.13609467455621302,-0.591715976331361,0.15976331360946747,-0.6923076923076923,0.17751479289940827
2,0.0,0.0,-0.12345679012345678,-0.2345679012345679,-0.3395061728395062,-0.3395061728395062,-0.48148148148148145,-0.43209876543209874,-0.6234567901234568,-0.5185185185185185,-0.5123456790123457,-0.20987654320987653,-0.7283950617283951,-0.29012345679012347,-0.8641975308641975,-0.3395061728395062,-0.9876543209876543,-0.38271604938271603,-0.49382716049382713,-0.09876543209876543,-0.7160493827160493,-0.12345679012345678,-0.8580246913580247,-0.15432098765432098,-1.0,-0.18518518518518517,-0.42592592592592593,0.006172839506172839,-0.6049382716049383,0.012345679012345678,-0.7407407407407407,-0.012345679012345678,-0.8580246913580247,-0.037037037037037035,-0.32098765432098764,0.1111111111111111,-0.4691358024691358,0.14814814814814814,-0.5679012345679012,0.1728395061728395,-0.6666666666666666,0.19135802469135801
2,0.0,0.0,-0.11764705882352941,-0.26143790849673204,-0.33986928104575165,-0.3790849673202614,-0.48366013071895425,-0.49019607843137253,-0.6209150326797386,-0.6013071895424836,-0.5098039215686274,-0.23529411764705882,-0.7254901960784313,-0.32679738562091504,-0.869281045751634,-0.3790849673202614,-1.0,-0.42483660130718953,-0.48366013071895425,-0.1111111111111111,-0.7058823529411765,-0.13725490196078433,-0.8496732026143791,-0.16339869281045752,-0.9869281045751634,-0.1895424836601307,-0.4117647058823529,0.013071895424836602,-0.5947712418300654,0.0196078431372549,-0.7254901960784313,-0.006535947712418301,-0.8366013071895425,-0.026143790849673203,-0.3006535947712418,0.11764705882352941,-0.4444444444444444,0.16993464052287582,-0.5424836601307189,0.19607843137254902,-0.6339869281045751,0.2222222222222222
2,0.0,0.0,-0.12837837837837837,-0.23648648648648649,-0.35135135135135137,-0.3783783783783784,-0.5067567567567568,-0.5067567567567568,-0.6418918918918919,-0.6351351351351351,-0.5067567567567568,-0.22297297297297297,-0.722972972972973,-0.3108108108108108,-0.8648648648648649,-0.36486486486486486,-1.0,-0.41216216216216217,-0.49324324324324326,-0.08783783783783784,-0.6959459459459459,-0.12162162162162163,-0.8445945945945946,-0.14189189189189189,-0.9932432432432432,-0.16891891891891891,-0.4189189189189189,0.033783783783783786,-0.5945945945945946,0.05405405405405406,-0.7162162162162162,0.04054054054054054,-0.8378378378378378,0.02702702702702703,-0.30405405405405406,0.14864864864864866,-0.44594594594594594,0.20270270270270271,-0.5405405405405406,0.24324324324324326,-0.6351351351351351,0.2702702702702703
2,0.0,0.0,-0.12142857142857143,-0.2785714285714286,-0.34285714285714286,-0.42142857142857143,-0.5071428571428571,-0.5571428571428572,-0.65,-0.6928571428571428,-0.4928571428571429,-0.25,-0.7142857142857143,-0.34285714285714286,-0.8642857142857143,-0.4,-1.0,-0.4642857142857143,-0.4714285714285714,-0.1,-0.6785714285714286,-0.12142857142857143,-0.8285714285714286,-0.15,-0.9857142857142858,-0.17142857142857143,-0.4,0.03571428571428571,-0.5642857142857143,0.06428571428571428,-0.6928571428571428,0.04285714285714286,-0.8071428571428572,0.03571428571428571,-0.29285714285714287,0.15714285714285714,-0.4142857142857143,0.22142857142857142,-0.5,0.2642857142857143,-0.5928571428571429,0.30714285714285716
2,0.0,0.0,-0.12686567164179105,-0.2835820895522388,-0.3582089552238806,-0.4253731343283582,-0.5149253731343284,-0.5671641791044776,-0.6716417910447762,-0.7164179104477612,-0.4925373134328358,-0.23880597014925373,-0.7089552238805971,-0.3283582089552239,-0.8656716417910447,-0.3880597014925373,-1.0,-0.4552238805970149,-0.4701492537313433,-0.07462686567164178,-0.6716417910447762,-0.09701492537313433,-0.8283582089552238,-0.11194029850746269,-0.9776119402985075,-0.13432835820895522,-0.3880597014925373,0.07462686567164178,-0.5597014925373134,0.1044776119402985,-0.6940298507462687,0.1044776119402985,-0.8059701492537313,0.1044776119402985,-0.26865671641791045,0.208955223880597,-0.40298507462686567,0.2835820895522388,-0.5,0.3358208955223881,-0.5895522388059702,0.3805970149253731
2,0.0,0.0,-0.13076923076923078,-0.24615384615384617,-0.36153846153846153,-0.4153846153846154,-0.5384615384615384,-0.5692307692307692,-0.6692307692307692,-0.7307692307692307,-0.5,-0.2153846153846154,-0.7230769230769231,-0.3076923076923077,-0.8615384615384616,-0.36153846153846153,-1.0,-0.4153846153846154,-0.4846153846153846,-0.046153846153846156,-0.6846153846153846,-0.06153846153846154,-0.8384615384615385,-0.06153846153846154,-0.9846153846153847,-0.06153846153846154,-0.4076923076923077,0.1076923076923077,-0.5769230769230769,0.15384615384615385,-0.7076923076923077,0.16153846153846155,-0.8307692307692308,0.17692307692307693,-0.2846153846153846,0.24615384615384617,-0.4230769230769231,0.3384615384615385,-0.5076923076923077,0.4,-0.6,0.46153846153846156
2,0.0,0.0,-0.128,-0.256,-0.36,-0.44,-0.544,-0.6,-0.68,-0.768,-0.48,-0.216,-0.712,-0.304,-0.856,-0.36,-1.0,-0.408,-0.464,-0.04,-0.672,-0.04,-0.832,-0.032,-0.984,-0.024,-0.392,0.12,-0.568,0.184,-0.696,0.208,-0.824,0.224,-0.264,0.264,-0.408,0.368,-0.496,0.44,-0.584,0.504
2,0.0,0.0,-0.11965811965811966,-0.27350427350427353,-0.3504273504273504,-0.47863247863247865,-0.5299145299145299,-0.6581196581196581,-0.6752136752136753,-0.8290598290598291,-0.46153846153846156,-0.23076923076923078,-0.6923076923076923,-0.3076923076923077,-0.8461538461538461,-0.36752136752136755,-1.0,-0.4188034188034188,-0.4358974358974359,-0.03418803418803419,-0.6410256410256411,-0.017094017094017096,-0.811965811965812,-0.008547008547008548,-0.9658119658119658,0.02564102564102564,-0.358974358974359,0.1452991452991453,-0.5299145299145299,0.21367521367521367,-0.6752136752136753,0.2564102564102564,-0.8205128205128205,0.2905982905982906,-0.23076923076923078,0.2905982905982906,-0.37606837606837606,0.4188034188034188,-0.46153846153846156,0.5042735042735043,-0.5555555555555556,0.5811965811965812
2,0.0,0.0,-0.13043478260869565,-0.2608695652173913,-0.3739130434782609,-0.4782608695652174,-0.5565217391304348,-0.6608695652173913,-0.6956521739130435,-0.8347826086956521,-0.46956521739130436,-0.20869565217391303,-0.6956521739130435,-0.28695652173913044,-0.8434782608695652,-0.3391304347826087,-1.0,-0.391304347826087,-0.45217391304347826,-0.008695652173913044,-0.6434782608695652,0.017391304347826087,-0.8,0.034782608695652174,-0.9565217391304348,0.06086956521739131,-0.3652173913043478,0.16521739130434782,-0.5304347826086957,0.25217391304347825,-0.6608695652173913,0.2956521739130435,-0.8,0.3391304347826087,-0.24347826086956523,0.3130434782608696,-0.3739130434782609,0.45217391304347826,-0.4608695652173913,0.5478260869565217,-0.5478260869565217,0.6347826086956522
2,0.0,0.0,-0.1415929203539823,-0.26548672566371684,-0.3805309734513274,-0.48672566371681414,-0.5663716814159292,-0.6814159292035398,-0.7079646017699115,-0.8495575221238938,-0.4690265486725664,-0.22123893805309736,-0.6902654867256637,-0.3008849557522124,-0.8407079646017699,-0.35398230088495575,-1.0,-0.3893805309734513,-0.4424778761061947,-0.008849557522123894,-0.6371681415929203,0.017699115044247787,-0.7876106194690266,0.035398230088495575,-0.9469026548672567,0.07964601769911504,-0.35398230088495575,0.168141592920354,-0.5221238938053098,0.25663716814159293,-0.6460176991150443,0.3008849557522124,-0.7964601769911505,0.35398230088495575,-0.23893805309734514,0.3185840707964602,-0.37168141592920356,0.4690265486725664,-0.46017699115044247,0.5663716814159292,-0.5486725663716814,0.6548672566371682
2,0.0,0.0,-0.14678899082568808,-0.27522935779816515,-0.3944954128440367,-0.5045871559633027,-0.5871559633027523,-0.7064220183486238,-0.7339449541284404,-0.8807339449541285,-0.47706422018348627,-0.22018348623853212,-0.6972477064220184,-0.28440366972477066,-0.8440366972477065,-0.3394495412844037,-1.0,-0.3853211009174312,-0.44954128440366975,0.0,-0.6330275229357798,0.03669724770642202,-0.7981651376146789,0.06422018348623854,-0.963302752293578,0.11926605504587157,-0.3577981651376147,0.1926605504587156,-0.5321100917431193,0.28440366972477066,-0.6513761467889908,0.3486238532110092,-0.7889908256880734,0.4036697247706422,-0.23853211009174313,0.3486238532110092,-0.3761467889908257,0.5045871559633027,-0.44954128440366975,0.6055045871559633,-0.5412844036697247,0.7064220183486238
2,0.0,0.0,-0.14423076923076922,-0.28846153846153844,-0.3942307692307692,-0.5384615384615384,-0.5865384615384616,-0.75,-0.7307692307692307,-0.9326923076923077,-0.47115384615384615,-0.22115384615384615,-0.6923076923076923,-0.28846153846153844,-0.8365384615384616,-0.33653846153846156,-1.0,-0.375,-0.4423076923076923,0.009615384615384616,-0.6346153846153846,0.057692307692307696,-0.7884615384615384,0.08653846153846154,-0.9519230769230769,0.14423076923076922,-0.3557692307692308,0.21153846153846154,-0.5288461538461539,0.3076923076923077,-0.6442307692307693,0.38461538461538464,-0.7692307692307693,0.46153846153846156,-0.2403846153846154,0.375,-0.36538461538461536,0.5480769230769231,-0.4423076923076923,0.6634615384615384,-0.5192307692307693,0.7692307692307693
2,0.0,0.0,-0.15,-0.31,-0.4,-0.57,-0.6,-0.79,-0.74,-0.99,-0.48,-0.23,-0.69,-0.29,-0.84,-0.33,-1.0,-0.36,-0.45,0.03,-0.62,0.08,-0.76,0.12,-0.92,0.18,-0.36,0.24,-0.52,0.35,-0.62,0.42,-0.73,0.5,-0.23,0.4,-0.35,0.58,-0.41,0.71,-0.49,0.84
2,0.0,0.0,-0.15306122448979592,-0.30612244897959184,-0.40816326530612246,-0.5714285714285714,-0.6020408163265306,-0.7857142857142857,-0.7448979591836735,-1.0,-0.4897959183673469,-0.21428571428571427,-0.6836734693877551,-0.2653061224489796,-0.826530612244898,-0.30612244897959184,-0.9693877551020408,-0.3469387755102041,-0.4489795918367347,0.05102040816326531,-0.6326530612244898,0.10204081632653061,-0.7551020408163265,0.16326530612244897,-0.8775510204081632,0.22448979591836735,-0.35714285714285715,0.2653061224489796,-0.5102040816326531,0.3877551020408163,-0.5918367346938775,0.46938775510204084,-0.6632653061224489,0.5612244897959183,-0.22448979591836735,0.4387755102040816,-0.32653061224489793,0.6122448979591837,-0.37755102040816324,0.7653061224489796,-0.42857142857142855,0.8979591836734694
2,0.0,0.0,-0.15463917525773196,-0.29896907216494845,-0.4020618556701031,-0.5567010309278351,-0.5876288659793815,-0.7835051546391752,-0.7216494845360825,-0.9896907216494846,-0.4742268041237113,-0.17525773195876287,-0.6597938144329897,-0.2268041237113402,-0.7835051546391752,-0.26804123711340205,-0.9175257731958762,-0.29896907216494845,-0.4329896907216495,0.10309278350515463,-0.6288659793814433,0.18556701030927836,-0.7010309278350515,0.24742268041237114,-0.7628865979381443,0.29896907216494845,-0.3402061855670103,0.31958762886597936,-0.4845360824742268,0.4639175257731959,-0.5360824742268041,0.5463917525773195,-0.5773195876288659,0.6185567010309279,-0.20618556701030927,0.4742268041237113,-0.29896907216494845,0.6701030927835051,-0.3402061855670103,0.845360824742268,-0.38144329896907214,1.0
2,0.0,0.0,-0.14,-0.29,-0.37,-0.52,-0.54,-0.74,-0.68,-0.94,-0.43,-0.14,-0.6,-0.18,-0.7,-0.2,-0.83,-0.2,-0.38,0.13,-0.55,0.23,-0.61,0.3,-0.67,0.36,-0.29,0.34,-0.42,0.5,-0.46,0.57,-0.5,0.63,-0.17,0.49,-0.26,0.7,-0.3,0.86,-0.34,1.0
2,0.0,0.0,-0.1262135922330097,-0.2815533980582524,-0.3300970873786408,-0.5145631067961165,-0.4854368932038835,-0.7475728155339806,-0.6019417475728155,-0.941747572815534,-0.36893203883495146,-0.14563106796116504,-0.5145631067961165,-0.1650485436893204,-0.6116504854368932,-0.1650485436893204,-0.7281553398058253,-0.13592233009708737,-0.3106796116504854,0.1262135922330097,-0.46601941747572817,0.23300970873786409,-0.5339805825242718,0.30097087378640774,-0.5922330097087378,0.3786407766990291,-0.23300970873786409,0.33980582524271846,-0.3592233009708738,0.49514563106796117,-0.4077669902912621,0.5922330097087378,-0.46601941747572817,0.6893203883495146,-0.13592233009708737,0.49514563106796117,-0.22330097087378642,0.6990291262135923,-0.2621359223300971,0.8543689320388349,-0.30097087378640774,1.0
2,0.0,0.0,-0.10377358490566038,-0.27358490566037735,-0.3018867924528302,-0.5,-0.4528301886792453,-0.7169811320754716,-0.5660377358490566,-0.9056603773584906,-0.32075471698113206,-0.1509433962264151,-0.44339622641509435,-0.14150943396226415,-0.5377358490566038,-0.12264150943396226,-0.6320754716981132,-0.08490566037735849,-0.2641509433962264,0.12264150943396226,-0.4056603773584906,0.27358490566037735,-0.44339622641509435,0.3584905660377358,-0.5,0.42452830188679247,-0.18867924528301888,0.330188679245283,-0.29245283018867924,0.5188679245283019,-0.33962264150943394,0.6415094339622641,-0.39622641509433965,0.7358490566037735,-0.09433962264150944,0.4811320754716981,-0.16981132075471697,0.6981132075471698,-0.19811320754716982,0.8679245283018868,-0.2358490566037736,1.0
2,0.0,0.0,-0.10909090909090909,-0.2545454545454545,-0.2818181818181818,-0.4727272727272727,-0.41818181818181815,-0.6727272727272727,-0.5363636363636364,-0.8545454545454545,-0.3090909090909091,-0.10909090909090909,-0.41818181818181815,-0.08181818181818182,-0.5,-0.05454545454545454,-0.5909090909090909,0.0,-0.2545454545454545,0.14545454545454545,-0.37272727272727274,0.2909090909090909,-0.42727272727272725,0.38181818181818183,-0.4818181818181818,0.4727272727272727,-0.19090909090909092,0.34545454545454546,-0.2727272727272727,0.5272727272727272,-0.32727272727272727,0.6363636363636364,-0.38181818181818183,0.7363636363636363,-0.1,0.4818181818181818,-0.15454545454545454,0.7,-0.18181818181818182,0.8545454545454545,-0.21818181818181817,1.0
2,0.0,0.0,-0.08181818181818182,-0.2727272727272727,-0.2545454545454545,-0.4818181818181818,-0.39090909090909093,-0.6909090909090909,-0.509090909090909,-0.8636363636363636,-0.2727272727272727,-0.11818181818181818,-0.38181818181818183,-0.09090909090909091,-0.45454545454545453,-0.045454545454545456,-0.5363636363636364,0.01818181818181818,-0.22727272727272727,0.14545454545454545,-0.32727272727272727,0.2909090909090909,-0.37272727272727274,0.4,-0.42727272727272725,0.509090909090909,-0.15454545454545454,0.34545454545454546,-0.22727272727272727,0.5181818181818182,-0.2818181818181818,0.6545454545454545,-0.34545454545454546,0.7727272727272727,-0.07272727272727272,0.4909090909090909,-0.12727272727272726,0.7,-0.15454545454545454,0.8545454545454545,-0.19090909090909092,1.0
2,0.0,0.0,-0.06086956521739131,-0.26956521739130435,-0.22608695652173913,-0.4608695652173913,-0.3565217391304348,-0.6347826086956522,-0.46956521739130436,-0.808695652173913,-0.25217391304347825,-0.09565217391304348,-0.34782608695652173,-0.034782608695652174,-0.41739130434782606,0.02608695652173913,-0.4956521739130435,0.11304347826086956,-0.20869565217391303,0.1565217391304348,-0.2956521739130435,0.3217391304347826,-0.3391304347826087,0.4434782608695652,-0.4,0.5739130434782609,-0.14782608695652175,0.3565217391304348,-0.20869565217391303,0.5391304347826087,-0.26956521739130435,0.6782608695652174,-0.33043478260869563,0.8,-0.06956521739130435,0.4956521739130435,-0.13043478260869565,0.6956521739130435,-0.16521739130434782,0.8521739130434782,-0.20869565217391303,1.0
2,0.0,0.0,-0.04918032786885246,-0.2786885245901639,-0.1557377049180328,-0.4262295081967213,-0.2786885245901639,-0.6065573770491803,-0.4098360655737705,-0.7377049180327869,-0.20491803278688525,-0.08196721311475409,-0.29508196721311475,0.0,-0.3524590163934426,0.08196721311475409,-0.4098360655737705,0.1721311475409836,-0.1557377049180328,0.16393442622950818,-0.22950819672131148,0.3442622950819672,-0.2786885245901639,0.47540983606557374,-0.3524590163934426,0.6311475409836066,-0.11475409836065574,0.3524590163934426,-0.1721311475409836,0.5491803278688525,-0.22950819672131148,0.6967213114754098,-0.2786885245901639,0.8278688524590164,-0.06557377049180328,0.5,-0.12295081967213115,0.7049180327868853,-0.1557377049180328,0.8524590163934426,-0.18032786885245902,1.0
2,0.0,0.0,-0.047619047619047616,-0.2777777777777778,-0.11904761904761904,-0.40476190476190477,-0.21428571428571427,-0.5634920634920635,-0.3253968253968254,-0.6746031746031746,-0.15873015873015872,-0.05555555555555555,-0.24603174603174602,0.047619047619047616,-0.29365079365079366,0.14285714285714285,-0.3333333333333333,0.23809523809523808,-0.11904761904761904,0.1746031746031746,-0.19047619047619047,0.35714285714285715,-0.23809523809523808,0.5079365079365079,-0.2777777777777778,0.6507936507936508,-0.0873015873015873,0.35714285714285715,-0.14285714285714285,0.5634920634920635,-0.19047619047619047,0.746031746031746,-0.20634920634920634,0.8968253968253969,-0.03968253968253968,0.48412698412698413,-0.09523809523809523,0.6984126984126984,-0.1111111111111111,0.8571428571428571,-0.10317460317460317,1.0
2,0.0,0.0,-0.046511627906976744,-0.2713178294573643,-0.09302325581395349,-0.3953488372093023,-0.16279069767441862,-0.5116279069767442,-0.2248062015503876,-0.5891472868217055,-0.13178294573643412,-0.007751937984496124,-0.20155038759689922,0.09302325581395349,-0.24806201550387597,0.18604651162790697,-0.29457364341085274,0.29457364341085274,-0.10852713178294573,0.20930232558139536,-0.17054263565891473,0.3875968992248062,-0.20155038759689922,0.5271317829457365,-0.2248062015503876,0.6666666666666666,-0.08527131782945736,0.3875968992248062,-0.12403100775193798,0.5813953488372093,-0.17054263565891473,0.7596899224806202,-0.1937984496124031,0.9069767441860465,-0.05426356589147287,0.5116279069767442,-0.08527131782945736,0.7131782945736435,-0.11627906976744186,0.8682170542635659,-0.13178294573643412,1.0
2,0.0,0.0,-0.030303030303030304,-0.2727272727272727,-0.06060606060606061,-0.4015151515151515,-0.12121212121212122,-0.5151515151515151,-0.1590909090909091,-0.5606060606060606,-0.08333333333333333,0.007575757575757576,-0.14393939393939395,0.12121212121212122,-0.18181818181818182,0.23484848484848486,-0.22727272727272727,0.3333333333333333,-0.07575757575757576,0.22727272727272727,-0.12121212121212122,0.4166666666666667,-0.1590909090909091,0.553030303030303,-0.20454545454545456,0.696969696969697,-0.06818181818181818,0.38636363636363635,-0.10606060606060606,0.5833333333333334,-0.15151515151515152,0.75,-0.17424242424242425,0.8787878787878788,-0.06060606060606061,0.5075757575757576,-0.07575757575757576,0.7045454545454546,-0.10606060606060606,0.8636363636363636,-0.12121212121212122,1.0
2,0.0,0.0,-0.031007751937984496,-0.2868217054263566,-0.06201550387596899,-0.4186046511627907,-0.11627906976744186,-0.5348837209302325,-0.15503875968992248,-0.5813953488372093,-0.046511627906976744,0.023255813953488372,-0.11627906976744186,0.17829457364341086,-0.16279069767441862,0.2868217054263566,-0.20930232558139536,0.40310077519379844,-0.046511627906976744,0.24031007751937986,-0.08527131782945736,0.4496124031007752,-0.13178294573643412,0.6046511627906976,-0.18604651162790697,0.7596899224806202,-0.05426356589147287,0.3953488372093023,-0.08527131782945736,0.6201550387596899,-0.12403100775193798,0.813953488372093,-0.16279069767441862,0.9534883720930233,-0.05426356589147287,0.5038759689922481,-0.08527131782945736,0.7131782945736435,-0.12403100775193798,0.8682170542635659,-0.16279069767441862,1.0
2,0.0,0.0,-0.045112781954887216,-0.2631578947368421,-0.07518796992481203,-0.38345864661654133,-0.12781954887218044,-0.46616541353383456,-0.14285714285714285,-0.5037593984962406,-0.06015037593984962,0.05263157894736842,-0.12781954887218044,0.21052631578947367,-0.17293233082706766,0.3308270676691729,-0.21804511278195488,0.45112781954887216,-0.05263157894736842,0.2631578947368421,-0.09774436090225563,0.46616541353383456,-0.13533834586466165,0.6165413533834586,-0.18045112781954886,0.7744360902255639,-0.05263157894736842,0.41353383458646614,-0.10526315789473684,0.6240601503759399,-0.15037593984962405,0.8195488721804511,-0.20300751879699247,0.9624060150375939,-0.06015037593984962,0.5112781954887218,-0.09774436090225563,0.7218045112781954,-0.14285714285714285,0.8721804511278195,-0.18796992481203006,1.0
2,0.0,0.0,-0.03816793893129771,-0.25190839694656486,-0.061068702290076333,-0.37404580152671757,-0.11450381679389313,-0.4580152671755725,-0.1297709923664122,-0.5038167938931297,-0.03816793893129771,0.05343511450381679,-0.12213740458015267,0.21374045801526717,-0.17557251908396945,0.3282442748091603,-0.20610687022900764,0.45038167938931295,-0.030534351145038167,0.26717557251908397,-0.0916030534351145,0.48091603053435117,-0.13740458015267176,0.6412213740458015,-0.183206106870229,0.8015267175572519,-0.04580152671755725,0.4122137404580153,-0.11450381679389313,0.6259541984732825,-0.16793893129770993,0.8244274809160306,-0.22137404580152673,0.9694656488549618,-0.06870229007633588,0.5038167938931297,-0.11450381679389313,0.7175572519083969,-0.16030534351145037,0.8702290076335878,-0.21374045801526717,1.0
2,0.0,0.0,-0.038461538461538464,-0.23076923076923078,-0.05384615384615385,-0.35384615384615387,-0.08461538461538462,-0.45384615384615384,-0.11538461538461539,-0.5153846153846153,-0.03076923076923077,0.07692307692307693,-0.13076923076923078,0.25384615384615383,-0.17692307692307693,0.36923076923076925,-0.19230769230769232,0.49230769230769234,-0.023076923076923078,0.2692307692307692,-0.09230769230769231,0.5153846153846153,-0.13846153846153847,0.6923076923076923,-0.18461538461538463,0.8615384615384616,-0.038461538461538464,0.4076923076923077,-0.1076923076923077,0.6384615384615384,-0.16153846153846155,0.8384615384615385,-0.2076923076923077,1.0,-0.06153846153846154,0.49230769230769234,-0.12307692307692308,0.7076923076923077,-0.16923076923076924,0.8615384615384616,-0.2153846153846154,1.0
2,0.0,0.0,-0.023622047244094488,-0.2440944881889764,-0.03937007874015748,-0.3858267716535433,-0.07874015748031496,-0.49606299212598426,-0.11811023622047244,-0.5669291338582677,-0.023622047244094488,0.015748031496062992,-0.12598425196850394,0.1889763779527559,-0.1889763779527559,0.3228346456692913,-0.2283464566929134,0.4645669291338583,-0.023622047244094488,0.2283464566929134,-0.08661417322834646,0.4566929133858268,-0.14173228346456693,0.6141732283464567,-0.18110236220472442,0.7716535433070866,-0.031496062992125984,0.3858267716535433,-0.11023622047244094,0.6141732283464567,-0.16535433070866143,0.8031496062992126,-0.2204724409448819,0.952755905511811,-0.06299212598425197,0.4881889763779528,-0.13385826771653545,0.7086614173228346,-0.18110236220472442,0.8661417322834646,-0.23622047244094488,1.0
2,0.0,0.0,-0.023622047244094488,-0.23622047244094488,-0.047244094488188976,-0.3779527559055118,-0.08661417322834646,-0.4881889763779528,-0.11023622047244094,-0.5905511811023622,-0.047244094488188976,0.03937007874015748,-0.13385826771653545,0.2125984251968504,-0.1968503937007874,0.33858267716535434,-0.2283464566929134,0.47244094488188976,-0.03937007874015748,0.25196850393700787,-0.10236220472440945,0.4645669291338583,-0.14960629921259844,0.6220472440944882,-0.18110236220472442,0.7716535433070866,-0.03937007874015748,0.4015748031496063,-0.12598425196850394,0.6299212598425197,-0.18110236220472442,0.8110236220472441,-0.2283464566929134,0.9606299212598425,-0.07086614173228346,0.49606299212598426,-0.14173228346456693,0.7165354330708661,-0.1889763779527559,0.8661417322834646,-0.23622047244094488,1.0
2,0.0,0.0,-0.04878048780487805,-0.2601626016260163,-0.056910569105691054,-0.3821138211382114,-0.07317073170731707,-0.5121951219512195,-0.056910569105691054,-0.6178861788617886,-0.016260162601626018,0.04878048780487805,-0.08130081300813008,0.22764227642276422,-0.13821138211382114,0.34959349593495936,-0.17886178861788618,0.4796747967479675,-0.032520325203252036,0.23577235772357724,-0.07317073170731707,0.4878048780487805,-0.11382113821138211,0.6504065040650406,-0.17073170731707318,0.8373983739837398,-0.056910569105691054,0.3902439024390244,-0.12195121951219512,0.6341463414634146,-0.16260162601626016,0.8373983739837398,-0.21951219512195122,1.0,-0.0975609756097561,0.4878048780487805,-0.14634146341463414,0.7073170731707317,-0.1951219512195122,0.8536585365853658,-0.23577235772357724,0.991869918699187
2,0.0,0.0,-0.024193548387096774,-0.24193548387096775,-0.03225806451612903,-0.3709677419354839,-0.04838709677419355,-0.5080645161290323,-0.06451612903225806,-0.6048387096774194,-0.016129032258064516,0.04838709677419355,-0.08870967741935484,0.22580645161290322,-0.13709677419354838,0.3467741935483871,-0.1693548387096774,0.47580645161290325,-0.03225806451612903,0.24193548387096775,-0.08064516129032258,0.4838709677419355,-0.12096774193548387,0.6612903225806451,-0.1532258064516129,0.8387096774193549,-0.056451612903225805,0.3951612903225806,-0.12096774193548387,0.6370967741935484,-0.16129032258064516,0.8387096774193549,-0.20161290322580644,1.0,-0.08870967741935484,0.49193548387096775,-0.14516129032258066,0.7016129032258065,-0.1774193548387097,0.8548387096774194,-0.21774193548387097,0.9919354838709677
2,0.0,0.0,-0.016129032258064516,-0.25806451612903225,-0.016129032258064516,-0.3870967741935484,-0.04838709677419355,-0.5080645161290323,-0.04838709677419355,-0.6129032258064516,-0.024193548387096774,0.03225806451612903,-0.08870967741935484,0.18548387096774194,-0.12903225806451613,0.3387096774193548,-0.16129032258064516,0.5080645161290323,-0.04032258064516129,0.23387096774193547,-0.08870967741935484,0.46774193548387094,-0.13709677419354838,0.6532258064516129,-0.1774193548387097,0.8467741935483871,-0.06451612903225806,0.3951612903225806,-0.12096774193548387,0.6290322580645161,-0.16129032258064516,0.8387096774193549,-0.20161290322580644,1.0,-0.0967741935483871,0.5,-0.14516129032258066,0.7096774193548387,-0.1774193548387097,0.8709677419354839,-0.21774193548387097,1.0
2,0.0,0.0,-0.007874015748031496,-0.2283464566929134,0.0,-0.3543307086614173,-0.023622047244094488,-0.48031496062992124,-0.023622047244094488,-0.5748031496062992,-0.031496062992125984,0.03937007874015748,-0.07086614173228346,0.1889763779527559,-0.11811023622047244,0.33858267716535434,-0.16535433070866143,0.49606299212598426,-0.05511811023622047,0.23622047244094488,-0.09448818897637795,0.4645669291338583,-0.12598425196850394,0.6377952755905512,-0.1732283464566929,0.8188976377952756,-0.07086614173228346,0.3937007874015748,-0.11811023622047244,0.6377952755905512,-0.14960629921259844,0.8346456692913385,-0.1889763779527559,1.0,-0.10236220472440945,0.5039370078740157,-0.13385826771653545,0.7165354330708661,-0.16535433070866143,0.8582677165354331,-0.1968503937007874,0.9921259842519685
2,0.0,0.0,0.015873015873015872,-0.23809523809523808,0.015873015873015872,-0.36507936507936506,-0.007936507936507936,-0.48412698412698413,-0.007936507936507936,-0.5873015873015873,-0.03968253968253968,0.05555555555555555,-0.0873015873015873,0.20634920634920634,-0.12698412698412698,0.35714285714285715,-0.1746031746031746,0.5238095238095238,-0.06349206349206349,0.25396825396825395,-0.1111111111111111,0.5,-0.15079365079365079,0.6904761904761905,-0.19047619047619047,0.8888888888888888,-0.0873015873015873,0.40476190476190477,-0.1349206349206349,0.6428571428571429,-0.15873015873015872,0.8412698412698413,-0.19047619047619047,1.0,-0.1111111111111111,0.5,-0.1349206349206349,0.7063492063492064,-0.15873015873015872,0.8571428571428571,-0.18253968253968253,0.9920634920634921
2,0.0,0.0,0.0,-0.2222222222222222,-0.014814814814814815,-0.3333333333333333,-0.044444444444444446,-0.4148148148148148,-0.007407407407407408,-0.4740740740740741,-0.08148148148148149,0.08148148148148149,-0.11851851851851852,0.24444444444444444,-0.14074074074074075,0.4,-0.16296296296296298,0.562962962962963,-0.0962962962962963,0.25925925925925924,-0.14074074074074075,0.5111111111111111,-0.17037037037037037,0.7037037037037037,-0.2,0.8962962962962963,-0.1037037037037037,0.4,-0.14074074074074075,0.6296296296296297,-0.16296296296296298,0.8296296296296296,-0.1925925925925926,1.0,-0.11851851851851852,0.48148148148148145,-0.14074074074074075,0.6888888888888889,-0.15555555555555556,0.8444444444444444,-0.17037037037037037,0.9777777777777777
2,0.0,0.0,0.0,-0.2222222222222222,-0.02962962962962963,-0.34074074074074073,-0.06666666666666667,-0.4222222222222222,-0.014814814814814815,-0.4740740740740741,-0.1259259259259259,0.06666666666666667,-0.13333333333333333,0.24444444444444444,-0.14814814814814814,0.4148148148148148,-0.16296296296296298,0.5851851851851851,-0.1259259259259259,0.25925925925925924,-0.16296296296296298,0.5185185185185185,-0.18518518518518517,0.725925925925926,-0.2074074074074074,0.9259259259259259,-0.13333333333333333,0.4,-0.16296296296296298,0.6370370370370371,-0.17777777777777778,0.837037037037037,-0.18518518518518517,1.0,-0.1259259259259259,0.48148148148148145,-0.14814814814814814,0.674074074074074,-0.16296296296296298,0.8296296296296296,-0.17037037037037037,0.9703703703703703
2,0.0,0.0,0.014492753623188406,-0.2246376811594203,0.0,-0.32608695652173914,-0.021739130434782608,-0.41304347826086957,0.036231884057971016,-0.463768115942029,-0.09420289855072464,0.07246376811594203,-0.07971014492753623,0.2753623188405797,-0.08695652173913043,0.4492753623188406,-0.10144927536231885,0.6231884057971014,-0.10869565217391304,0.2608695652173913,-0.13043478260869565,0.5362318840579711,-0.14492753623188406,0.7246376811594203,-0.15942028985507245,0.9130434782608695,-0.11594202898550725,0.391304347826087,-0.13768115942028986,0.644927536231884,-0.13768115942028986,0.8405797101449275,-0.14492753623188406,1.0,-0.10869565217391304,0.47101449275362317,-0.12318840579710146,0.6739130434782609,-0.13043478260869565,0.8115942028985508,-0.14492753623188406,0.9420289855072463
2,0.0,0.0,0.013986013986013986,-0.20279720279720279,0.013986013986013986,-0.2937062937062937,0.006993006993006993,-0.35664335664335667,0.06293706293706294,-0.3916083916083916,-0.06993006993006994,0.1258741258741259,-0.06293706293706294,0.32167832167832167,-0.06293706293706294,0.48951048951048953,-0.07692307692307693,0.6573426573426573,-0.0979020979020979,0.3076923076923077,-0.11188811188811189,0.5804195804195804,-0.1258741258741259,0.7762237762237763,-0.13986013986013987,0.9790209790209791,-0.1048951048951049,0.4195804195804196,-0.1258741258741259,0.6573426573426573,-0.13286713286713286,0.8531468531468531,-0.14685314685314685,1.0,-0.1048951048951049,0.4825174825174825,-0.11888111888111888,0.6713286713286714,-0.1258741258741259,0.8041958041958042,-0.13986013986013987,0.9300699300699301
2,0.0,0.0,0.006711409395973154,-0.18791946308724833,0.013422818791946308,-0.2550335570469799,0.020134228187919462,-0.30201342281879195,0.06711409395973154,-0.31543624161073824,-0.087248322147651,0.1610738255033557,-0.08053691275167785,0.3691275167785235,-0.0738255033557047,0.5234899328859061,-0.0738255033557047,0.6845637583892618,-0.10738255033557047,0.3221476510067114,-0.12751677852348994,0.5973154362416108,-0.14093959731543623,0.7986577181208053,-0.15436241610738255,1.0,-0.10738255033557047,0.4161073825503356,-0.14093959731543623,0.6510067114093959,-0.15436241610738255,0.8456375838926175,-0.174496644295302,1.0,-0.10738255033557047,0.46308724832214765,-0.12751677852348994,0.6442953020134228,-0.14093959731543623,0.785234899328859,-0.1610738255033557,0.9060402684563759
2,0.0,0.0,0.03125,-0.15625,0.05625,-0.20625,0.09375,-0.23125,0.1625,-0.21875,-0.04375,0.20625,-0.01875,0.4,-0.01875,0.55625,-0.025,0.70625,-0.0625,0.3375,-0.06875,0.6125,-0.08125,0.80625,-0.1,1.0,-0.06875,0.40625,-0.09375,0.6375,-0.1,0.825,-0.11875,0.975,-0.0625,0.4375,-0.075,0.6,-0.0875,0.725,-0.1,0.8375
2,0.0,0.0,0.05421686746987952,-0.12650602409638553,0.09036144578313253,-0.16265060240963855,0.15060240963855423,-0.1746987951807229,0.25301204819277107,-0.1686746987951807,-0.030120481927710843,0.24096385542168675,0.006024096385542169,0.43373493975903615,0.012048192771084338,0.5963855421686747,0.018072289156626505,0.7530120481927711,-0.05421686746987952,0.3614457831325301,-0.05421686746987952,0.6265060240963856,-0.06626506024096386,0.8192771084337349,-0.07228915662650602,1.0,-0.05421686746987952,0.42168674698795183,-0.07228915662650602,0.6506024096385542,-0.0783132530120482,0.8373493975903614,-0.09036144578313253,0.9759036144578314,-0.03614457831325301,0.45180722891566266,-0.04216867469879518,0.6325301204819277,-0.04819277108433735,0.7590361445783133,-0.060240963855421686,0.8734939759036144
2,0.0,0.0,0.08620689655172414,-0.10919540229885058,0.14367816091954022,-0.13218390804597702,0.22413793103448276,-0.1206896551724138,0.3333333333333333,-0.06321839080459771,0.011494252873563218,0.28735632183908044,0.040229885057471264,0.4827586206896552,0.04597701149425287,0.6379310344827587,0.05172413793103448,0.7931034482758621,-0.017241379310344827,0.3850574712643678,-0.017241379310344827,0.6436781609195402,-0.028735632183908046,0.8275862068965517,-0.034482758620689655,1.0,-0.028735632183908046,0.43103448275862066,-0.05172413793103448,0.6551724137931034,-0.05172413793103448,0.8275862068965517,-0.06321839080459771,0.9540229885057471,-0.022988505747126436,0.4482758620689655,-0.040229885057471264,0.6206896551724138,-0.04597701149425287,0.7413793103448276,-0.05747126436781609,0.8448275862068966
2,0.0,0.0,0.1111111111111111,-0.1111111111111111,0.17777777777777778,-0.11666666666666667,0.26666666666666666,-0.09444444444444444,0.37777777777777777,-0.022222222222222223,0.022222222222222223,0.28888888888888886,0.044444444444444446,0.5,0.05,0.6611111111111111,0.05555555555555555,0.8111111111111111,-0.011111111111111112,0.38333333333333336,-0.011111111111111112,0.6444444444444445,-0.016666666666666666,0.8333333333333334,-0.027777777777777776,1.0,-0.016666666666666666,0.4222222222222222,-0.027777777777777776,0.65,-0.03333333333333333,0.8166666666666667,-0.044444444444444446,0.95,0.0,0.4444444444444444,-0.005555555555555556,0.6222222222222222,-0.011111111111111112,0.7444444444444445,-0.027777777777777776,0.8444444444444444
2,0.0,0.0,0.1164021164021164,-0.09523809523809523,0.20105820105820105,-0.08465608465608465,0.2962962962962963,-0.031746031746031744,0.4126984126984127,0.037037037037037035,0.026455026455026454,0.30158730158730157,0.05291005291005291,0.5132275132275133,0.06349206349206349,0.671957671957672,0.06349206349206349,0.8148148148148148,-0.010582010582010581,0.3915343915343915,0.0,0.6507936507936508,0.0,0.8359788359788359,-0.005291005291005291,1.0,-0.021164021164021163,0.42857142857142855,-0.031746031746031744,0.656084656084656,-0.031746031746031744,0.8201058201058201,-0.042328042328042326,0.9470899470899471,-0.010582010582010581,0.4444444444444444,-0.021164021164021163,0.6243386243386243,-0.026455026455026454,0.746031746031746,-0.042328042328042326,0.8518518518518519
2,0.0,0.0,0.13020833333333334,-0.08333333333333333,0.20833333333333334,-0.0625,0.296875,-0.005208333333333333,0.4114583333333333,0.08854166666666667,0.020833333333333332,0.328125,0.041666666666666664,0.5572916666666666,0.041666666666666664,0.7291666666666666,0.036458333333333336,0.8645833333333334,0.0,0.4010416666666667,-0.010416666666666666,0.671875,-0.015625,0.8489583333333334,-0.041666666666666664,1.0,-0.010416666666666666,0.4270833333333333,-0.03125,0.65625,-0.041666666666666664,0.8125,-0.057291666666666664,0.9322916666666666,-0.005208333333333333,0.4375,-0.015625,0.625,-0.026041666666666668,0.734375,-0.041666666666666664,0.8333333333333334
2,0.0,0.0,0.1319796954314721,-0.06598984771573604,0.2131979695431472,-0.03553299492385787,0.30456852791878175,0.025380710659898477,0.43147208121827413,0.12690355329949238,0.030456852791878174,0.350253807106599,0.04568527918781726,0.5786802030456852,0.03553299492385787,0.751269035532995,0.015228426395939087,0.883248730964467,0.01015228426395939,0.41116751269035534,0.0,0.6751269035532995,-0.01015228426395939,0.8477157360406091,-0.04060913705583756,1.0,0.0,0.43147208121827413,-0.02030456852791878,0.649746192893401,-0.03553299492385787,0.8020304568527918,-0.05583756345177665,0.9137055837563451,0.0,0.4365482233502538,-0.01015228426395939,0.6243654822335025,-0.025380710659898477,0.7309644670050761,-0.04568527918781726,0.817258883248731
2,0.0,0.0,0.135,-0.06,0.225,-0.015,0.32,0.055,0.44,0.165,0.02,0.345,0.035,0.575,0.035,0.74,0.02,0.875,-0.005,0.405,-0.015,0.67,-0.025,0.85,-0.05,1.0,-0.015,0.425,-0.035,0.65,-0.045,0.8,-0.07,0.915,-0.005,0.43,-0.015,0.615,-0.03,0.725,-0.05,0.82
2,0.0,0.0,0.13930348258706468,-0.05472636815920398,0.22885572139303484,0.0,0.3283582089552239,0.07960199004975124,0.44776119402985076,0.18407960199004975,0.024875621890547265,0.35323383084577115,0.03482587064676617,0.5920398009950248,0.024875621890547265,0.7611940298507462,0.0,0.900497512437811,-0.009950248756218905,0.4129353233830846,-0.014925373134328358,0.6766169154228856,-0.024875621890547265,0.8557213930348259,-0.05472636815920398,1.0,-0.01990049751243781,0.43283582089552236,-0.03980099502487562,0.6467661691542289,-0.05472636815920398,0.7960199004975125,-0.07960199004975124,0.9054726368159204,-0.01990049751243781,0.43283582089552236,-0.029850746268656716,0.6169154228855721,-0.04975124378109453,0.7263681592039801,-0.06965174129353234,0.8159203980099502
2,0.0,0.0,0.13861386138613863,-0.04455445544554455,0.22772277227722773,0.01485148514851485,0.32673267326732675,0.09405940594059406,0.44554455445544555,0.20297029702970298,0.01485148514851485,0.3613861386138614,0.024752475247524754,0.594059405940594,0.01485148514851485,0.7722772277227723,-0.0049504950495049506,0.905940594059406,-0.0049504950495049506,0.4158415841584158,-0.019801980198019802,0.6782178217821783,-0.034653465346534656,0.8514851485148515,-0.06930693069306931,1.0,-0.01485148514851485,0.4306930693069307,-0.039603960396039604,0.6485148514851485,-0.054455445544554455,0.7970297029702971,-0.08415841584158416,0.905940594059406,-0.009900990099009901,0.43564356435643564,-0.0297029702970297,0.6138613861386139,-0.04950495049504951,0.7227722772277227,-0.07425742574257425,0.8118811881188119
2,0.0,0.0,0.15048543689320387,-0.019417475728155338,0.23300970873786409,0.04854368932038835,0.32038834951456313,0.13106796116504854,0.4368932038834951,0.23786407766990292,0.014563106796116505,0.3786407766990291,0.009708737864077669,0.616504854368932,-0.0048543689320388345,0.7961165048543689,-0.02912621359223301,0.9223300970873787,-0.019417475728155338,0.4223300970873786,-0.043689320388349516,0.6796116504854369,-0.06310679611650485,0.8495145631067961,-0.09223300970873786,1.0,-0.038834951456310676,0.4320388349514563,-0.06310679611650485,0.6407766990291263,-0.07766990291262135,0.7815533980582524,-0.10194174757281553,0.8883495145631068,-0.038834951456310676,0.4320388349514563,-0.05339805825242718,0.6067961165048543,-0.07281553398058252,0.7087378640776699,-0.09223300970873786,0.7912621359223301
2,0.0,0.0,0.15121951219512195,-0.014634146341463415,0.23414634146341465,0.06829268292682927,0.3170731707317073,0.15609756097560976,0.4195121951219512,0.2682926829268293,0.0,0.3902439024390244,-0.00975609756097561,0.624390243902439,-0.02926829268292683,0.8048780487804879,-0.05853658536585366,0.9317073170731708,-0.03414634146341464,0.4292682926829268,-0.06829268292682927,0.6878048780487804,-0.09268292682926829,0.8536585365853658,-0.13170731707317074,1.0,-0.05365853658536585,0.43414634146341463,-0.08780487804878048,0.6487804878048781,-0.11219512195121951,0.7853658536585366,-0.14146341463414633,0.8878048780487805,-0.05365853658536585,0.43414634146341463,-0.08292682926829269,0.6048780487804878,-0.1073170731707317,0.7073170731707317,-0.13658536585365855,0.7853658536585366
2,0.0,0.0,0.16019417475728157,0.009708737864077669,0.23786407766990292,0.11165048543689321,0.32038834951456313,0.21359223300970873,0.4077669902912621,0.33980582524271846,-0.0048543689320388345,0.41262135922330095,-0.024271844660194174,0.6456310679611651,-0.05339805825242718,0.8252427184466019,-0.08737864077669903,0.941747572815534,-0.043689320388349516,0.4368932038834951,-0.09223300970873786,0.6941747572815534,-0.1262135922330097,0.8592233009708737,-0.1650485436893204,1.0,-0.06796116504854369,0.4368932038834951,-0.11165048543689321,0.6407766990291263,-0.13592233009708737,0.7766990291262136,-0.16019417475728157,0.8737864077669902,-0.07281553398058252,0.42718446601941745,-0.11165048543689321,0.5922330097087378,-0.1407766990291262,0.6844660194174758,-0.16990291262135923,0.7621359223300971
2,0.0,0.0,0.1642512077294686,0.028985507246376812,0.23671497584541062,0.14009661835748793,0.3140096618357488,0.25120772946859904,0.3961352657004831,0.391304347826087,-0.01932367149758454,0.42995169082125606,-0.043478260869565216,0.6570048309178744,-0.07729468599033816,0.8309178743961353,-0.11594202898550725,0.9516908212560387,-0.057971014492753624,0.4444444444444444,-0.11594202898550725,0.6956521739130435,-0.1497584541062802,0.8599033816425121,-0.19806763285024154,1.0,-0.0821256038647343,0.4396135265700483,-0.13043478260869565,0.642512077294686,-0.15458937198067632,0.7681159420289855,-0.178743961352657,0.8647342995169082,-0.08695652173913043,0.4251207729468599,-0.13043478260869565,0.5845410628019324,-0.1642512077294686,0.6714975845410628,-0.19806763285024154,0.7439613526570048
2,0.0,0.0,0.1650485436893204,0.06796116504854369,0.22815533980582525,0.20388349514563106,0.30097087378640774,0.32524271844660196,0.3592233009708738,0.46601941747572817,-0.04854368932038835,0.4563106796116505,-0.0825242718446602,0.6796116504854369,-0.12135922330097088,0.8495145631067961,-0.16019417475728157,0.9660194174757282,-0.09223300970873786,0.4563106796116505,-0.16019417475728157,0.7038834951456311,-0.19902912621359223,0.8640776699029126,-0.24757281553398058,1.0,-0.11165048543689321,0.441747572815534,-0.16990291262135923,0.6407766990291263,-0.1941747572815534,0.7621359223300971,-0.22330097087378642,0.8495145631067961,-0.11650485436893204,0.42718446601941745,-0.16990291262135923,0.5825242718446602,-0.20388349514563106,0.6601941747572816,-0.24271844660194175,0.7330097087378641
2,0.0,0.0,0.16417910447761194,0.09950248756218906,0.21890547263681592,0.2537313432835821,0.2835820895522388,0.39303482587064675,0.3482587064676617,0.5472636815920398,-0.07462686567164178,0.48756218905472637,-0.12437810945273632,0.7213930348258707,-0.16417910447761194,0.8855721393034826,-0.21393034825870647,0.9950248756218906,-0.11442786069651742,0.48258706467661694,-0.19900497512437812,0.7263681592039801,-0.24378109452736318,0.8756218905472637,-0.29850746268656714,1.0,-0.13930348258706468,0.4577114427860697,-0.20398009950248755,0.6517412935323383,-0.23880597014925373,0.7711442786069652,-0.263681592039801,0.8606965174129353,-0.13930348258706468,0.43781094527363185,-0.19402985074626866,0.582089552238806,-0.23383084577114427,0.6616915422885572,-0.2736318407960199,0.7263681592039801
2,0.0,0.0,0.145,0.125,0.195,0.29,0.265,0.435,0.315,0.605,-0.11,0.505,-0.165,0.735,-0.215,0.89,-0.26,1.0,-0.145,0.49,-0.235,0.725,-0.285,0.865,-0.345,0.98,-0.155,0.46,-0.23,0.65,-0.27,0.765,-0.305,0.85,-0.15,0.44,-0.21,0.58,-0.245,0.655,-0.29,0.715
2,0.0,0.0,0.13432835820895522,0.14925373134328357,0.1791044776119403,0.3283582089552239,0.24378109452736318,0.48258706467661694,0.2935323383084577,0.6567164179104478,-0.13432835820895522,0.5223880597014925,-0.19900497512437812,0.7512437810945274,-0.24378109452736318,0.900497512437811,-0.2935323383084577,1.0,-0.16417910447761194,0.4975124378109453,-0.25870646766169153,0.7263681592039801,-0.31343283582089554,0.8606965174129353,-0.3681592039800995,0.9701492537313433,-0.17412935323383086,0.4626865671641791,-0.2537313432835821,0.6467661691542289,-0.2935323383084577,0.7611940298507462,-0.3283582089552239,0.8507462686567164,-0.16417910447761194,0.43283582089552236,-0.22388059701492538,0.5771144278606966,-0.25870646766169153,0.6467661691542289,-0.2935323383084577,0.7064676616915423
2,0.0,0.0,0.11557788944723618,0.1708542713567839,0.1507537688442211,0.37185929648241206,0.20100502512562815,0.5376884422110553,0.23618090452261306,0.7185929648241206,-0.16080402010050251,0.542713567839196,-0.24120603015075376,0.7638190954773869,-0.2964824120603015,0.9045226130653267,-0.35175879396984927,1.0,-0.19597989949748743,0.507537688442211,-0.3015075376884422,0.7185929648241206,-0.36683417085427134,0.8442211055276382,-0.4271356783919598,0.9346733668341709,-0.20100502512562815,0.4623115577889447,-0.2914572864321608,0.6331658291457286,-0.33668341708542715,0.7386934673366834,-0.3768844221105528,0.8190954773869347,-0.19095477386934673,0.4321608040201005,-0.2562814070351759,0.5577889447236181,-0.2964824120603015,0.6180904522613065,-0.3316582914572864,0.6733668341708543
2,0.0,0.0,0.11458333333333333,0.203125,0.14583333333333334,0.4114583333333333,0.19270833333333334,0.5833333333333334,0.20833333333333334,0.765625,-0.18229166666666666,0.5520833333333334,-0.2760416666666667,0.7708333333333334,-0.34375,0.9114583333333334,-0.4114583333333333,1.0,-0.21875,0.5052083333333334,-0.34375,0.7083333333333334,-0.4166666666666667,0.8229166666666666,-0.4947916666666667,0.9166666666666666,-0.22395833333333334,0.4583333333333333,-0.328125,0.6145833333333334,-0.390625,0.7135416666666666,-0.4427083333333333,0.796875,-0.21875,0.421875,-0.296875,0.5364583333333334,-0.3489583333333333,0.5885416666666666,-0.40625,0.6458333333333334
2,0.0,0.0,0.10582010582010581,0.2222222222222222,0.13227513227513227,0.43915343915343913,0.1746031746031746,0.6137566137566137,0.18518518518518517,0.798941798941799,-0.20634920634920634,0.5608465608465608,-0.30687830687830686,0.783068783068783,-0.37566137566137564,0.9153439153439153,-0.4444444444444444,1.0,-0.23809523809523808,0.5079365079365079,-0.37037037037037035,0.7037037037037037,-0.455026455026455,0.8201058201058201,-0.5343915343915344,0.9047619047619048,-0.24338624338624337,0.455026455026455,-0.3492063492063492,0.6031746031746031,-0.4126984126984127,0.6984126984126984,-0.4656084656084656,0.7777777777777778,-0.2328042328042328,0.41798941798941797,-0.31746031746031744,0.5238095238095238,-0.37037037037037035,0.5714285714285714,-0.42857142857142855,0.6243386243386243
2,0.0,0.0,0.09944751381215469,0.24861878453038674,0.12154696132596685,0.47513812154696133,0.14917127071823205,0.6574585635359116,0.15469613259668508,0.8453038674033149,-0.23756906077348067,0.574585635359116,-0.34806629834254144,0.7900552486187845,-0.430939226519337,0.9171270718232044,-0.5027624309392266,1.0,-0.27071823204419887,0.5082872928176796,-0.4088397790055249,0.7016574585635359,-0.4972375690607735,0.8121546961325967,-0.580110497237569,0.8950276243093923,-0.27624309392265195,0.44751381215469616,-0.39226519337016574,0.5966850828729282,-0.46408839779005523,0.6850828729281768,-0.5248618784530387,0.7569060773480663,-0.27071823204419887,0.40331491712707185,-0.35911602209944754,0.5027624309392266,-0.4143646408839779,0.5469613259668509,-0.47513812154696133,0.5966850828729282
2,0.0,0.0,0.09411764705882353,0.27058823529411763,0.10588235294117647,0.5058823529411764,0.12941176470588237,0.7,0.12941176470588237,0.9,-0.27647058823529413,0.5882352941176471,-0.40588235294117647,0.8,-0.49411764705882355,0.9235294117647059,-0.5764705882352941,1.0,-0.3058823529411765,0.5117647058823529,-0.4588235294117647,0.7058823529411765,-0.5588235294117647,0.8117647058823529,-0.6529411764705882,0.888235294117647,-0.3058823529411765,0.4411764705882353,-0.43529411764705883,0.5882352941176471,-0.5176470588235295,0.6705882352941176,-0.5941176470588235,0.7411764705882353,-0.29411764705882354,0.38823529411764707,-0.40588235294117647,0.4764705882352941,-0.4647058823529412,0.5235294117647059,-0.5352941176470588,0.5588235294117647
2,0.0,0.0,0.07878787878787878,0.296969696969697,0.09090909090909091,0.5393939393939394,0.11515151515151516,0.7393939393939394,0.10303030303030303,0.9393939393939394,-0.30303030303030304,0.593939393939394,-0.4484848484848485,0.806060606060606,-0.5393939393939394,0.9212121212121213,-0.6242424242424243,1.0,-0.3333333333333333,0.509090909090909,-0.49696969696969695,0.703030303030303,-0.6,0.8,-0.696969696969697,0.8727272727272727,-0.3333333333333333,0.43636363636363634,-0.4666666666666667,0.5757575757575758,-0.5575757575757576,0.6606060606060606,-0.6363636363636364,0.7212121212121212,-0.3212121212121212,0.37575757575757573,-0.43636363636363634,0.45454545454545453,-0.503030303030303,0.49696969696969695,-0.5818181818181818,0.5333333333333333
2,0.0,0.0,0.08227848101265822,0.31645569620253167,0.08227848101265822,0.5569620253164557,0.0949367088607595,0.759493670886076,0.08227848101265822,0.9683544303797469,-0.3291139240506329,0.5949367088607594,-0.4810126582278481,0.8037974683544303,-0.5759493670886076,0.9240506329113924,-0.6645569620253164,1.0,-0.35443037974683544,0.5063291139240507,-0.5379746835443038,0.6962025316455697,-0.6455696202531646,0.7911392405063291,-0.7468354430379747,0.8607594936708861,-0.35443037974683544,0.43037974683544306,-0.5,0.569620253164557,-0.5949367088607594,0.6518987341772152,-0.6772151898734177,0.7151898734177216,-0.34177215189873417,0.3670886075949367,-0.4620253164556962,0.4430379746835443,-0.5316455696202531,0.4810126582278481,-0.6139240506329114,0.5126582278481012
2,0.0,0.0,0.05844155844155844,0.33116883116883117,0.05844155844155844,0.5844155844155844,0.06493506493506493,0.7922077922077922,0.045454545454545456,1.0,-0.36363636363636365,0.5974025974025974,-0.5194805194805194,0.8051948051948052,-0.6233766233766234,0.922077922077922,-0.7142857142857143,0.9935064935064936,-0.38961038961038963,0.5064935064935064,-0.5714285714285714,0.6883116883116883,-0.6818181818181818,0.7792207792207793,-0.7857142857142857,0.8441558441558441,-0.38311688311688313,0.42207792207792205,-0.525974025974026,0.5584415584415584,-0.6233766233766234,0.6298701298701299,-0.7077922077922078,0.6883116883116883,-0.35714285714285715,0.35714285714285715,-0.487012987012987,0.42857142857142855,-0.551948051948052,0.4675324675324675,-0.6298701298701299,0.487012987012987
2,0.0,0.0,0.05333333333333334,0.32666666666666666,0.04666666666666667,0.5866666666666667,0.04666666666666667,0.8,0.02666666666666667,1.0,-0.38,0.58,-0.5466666666666666,0.78,-0.6533333333333333,0.8866666666666667,-0.7466666666666667,0.9533333333333334,-0.41333333333333333,0.48,-0.6066666666666667,0.6533333333333333,-0.72,0.74,-0.8266666666666667,0.8,-0.4066666666666667,0.3933333333333333,-0.56,0.52,-0.6666666666666666,0.5866666666666667,-0.76,0.6333333333333333,-0.38666666666666666,0.32,-0.5133333333333333,0.38666666666666666,-0.5866666666666667,0.42,-0.6666666666666666,0.44
2,0.0,0.0,0.040268456375838924,0.33557046979865773,0.026845637583892617,0.5906040268456376,0.020134228187919462,0.8053691275167785,-0.006711409395973154,1.0,-0.40268456375838924,0.5570469798657718,-0.5771812080536913,0.7516778523489933,-0.6845637583892618,0.8523489932885906,-0.7785234899328859,0.912751677852349,-0.42953020134228187,0.4563758389261745,-0.6308724832214765,0.6174496644295302,-0.7516778523489933,0.697986577181208,-0.8590604026845637,0.7583892617449665,-0.4161073825503356,0.3624161073825503,-0.5838926174496645,0.48322147651006714,-0.6912751677852349,0.5436241610738255,-0.785234899328859,0.5838926174496645,-0.38926174496644295,0.28859060402684567,-0.5234899328859061,0.348993288590604,-0.6040268456375839,0.3691275167785235,-0.6845637583892618,0.38926174496644295
2,0.0,0.0,0.020134228187919462,0.3422818791946309,-0.006711409395973154,0.5906040268456376,-0.026845637583892617,0.7986577181208053,-0.06711409395973154,1.0,-0.42953020134228187,0.5436241610738255,-0.610738255033557,0.7181208053691275,-0.7181208053691275,0.8120805369127517,-0.8187919463087249,0.87248322147651,-0.44966442953020136,0.436241610738255,-0.6577181208053692,0.5838926174496645,-0.7785234899328859,0.6577181208053692,-0.8926174496644296,0.7046979865771812,-0.436241610738255,0.33557046979865773,-0.6040268456375839,0.44966442953020136,-0.7181208053691275,0.4966442953020134,-0.8187919463087249,0.5302013422818792,-0.40939597315436244,0.2550335570469799,-0.5436241610738255,0.3087248322147651,-0.6241610738255033,0.3288590604026846,-0.7114093959731543,0.3288590604026846
2,0.0,0.0,-0.006802721088435374,0.3333333333333333,-0.047619047619047616,0.5986394557823129,-0.07482993197278912,0.8095238095238095,-0.12244897959183673,1.0,-0.4557823129251701,0.5170068027210885,-0.6530612244897959,0.6870748299319728,-0.7755102040816326,0.7687074829931972,-0.8775510204081632,0.8163265306122449,-0.47619047619047616,0.4013605442176871,-0.6938775510204082,0.5374149659863946,-0.8299319727891157,0.5986394557823129,-0.9523809523809523,0.6394557823129252,-0.46938775510204084,0.29931972789115646,-0.6394557823129252,0.4013605442176871,-0.7687074829931972,0.43537414965986393,-0.8707482993197279,0.46258503401360546,-0.42857142857142855,0.2108843537414966,-0.5782312925170068,0.25170068027210885,-0.6530612244897959,0.2653061224489796,-0.7482993197278912,0.2653061224489796
2,0.0,0.0,-0.0136986301369863,0.3424657534246575,-0.0684931506849315,0.6027397260273972,-0.0958904109589041,0.8082191780821918,-0.1506849315068493,1.0,-0.4726027397260274,0.5,-0.684931506849315,0.6575342465753424,-0.8013698630136986,0.7397260273972602,-0.910958904109589,0.7876712328767124,-0.5068493150684932,0.3767123287671233,-0.726027397260274,0.5,-0.863013698630137,0.5547945205479452,-0.9863013698630136,0.589041095890411,-0.4863013698630137,0.273972602739726,-0.6712328767123288,0.363013698630137,-0.7945205479452054,0.3904109589041096,-0.9041095890410958,0.410958904109589,-0.4452054794520548,0.1780821917808219,-0.5958904109589042,0.2191780821917808,-0.678082191780822,0.22602739726027396,-0.7671232876712328,0.2191780821917808
2,0.0,0.0,-0.034013605442176874,0.3197278911564626,-0.09523809523809523,0.5782312925170068,-0.14285714285714285,0.782312925170068,-0.19727891156462585,0.9523809523809523,-0.48299319727891155,0.4557823129251701,-0.6938775510204082,0.5986394557823129,-0.8163265306122449,0.6666666666666666,-0.9319727891156463,0.7142857142857143,-0.5102040816326531,0.3401360544217687,-0.7278911564625851,0.43537414965986393,-0.8775510204081632,0.48299319727891155,-1.0,0.5102040816326531,-0.4897959183673469,0.23129251700680273,-0.6802721088435374,0.30612244897959184,-0.8095238095238095,0.32653061224489793,-0.9183673469387755,0.3469387755102041,-0.4421768707482993,0.12244897959183673,-0.5986394557823129,0.14965986394557823,-0.6802721088435374,0.16326530612244897,-0.7755102040816326,0.1564625850340136
2,0.0,0.0,-0.06040268456375839,0.31543624161073824,-0.14093959731543623,0.5637583892617449,-0.19463087248322147,0.7583892617449665,-0.26174496644295303,0.912751677852349,-0.4966442953020134,0.40939597315436244,-0.7114093959731543,0.5369127516778524,-0.8322147651006712,0.5906040268456376,-0.9395973154362416,0.6308724832214765,-0.5234899328859061,0.2953020134228188,-0.738255033557047,0.37583892617449666,-0.8791946308724832,0.40939597315436244,-1.0,0.42953020134228187,-0.5033557046979866,0.18120805369127516,-0.6912751677852349,0.24161073825503357,-0.8187919463087249,0.2550335570469799,-0.9261744966442953,0.2684563758389262,-0.44966442953020136,0.08053691275167785,-0.6040268456375839,0.09395973154362416,-0.6845637583892618,0.10067114093959731,-0.7785234899328859,0.087248322147651
2,0.0,0.0,-0.046052631578947366,0.3026315789473684,-0.14473684210526316,0.5394736842105263,-0.21052631578947367,0.7302631578947368,-0.28289473684210525,0.868421052631579,-0.4934210526315789,0.3815789473684211,-0.7105263157894737,0.4934210526315789,-0.8289473684210527,0.5394736842105263,-0.9407894736842105,0.5723684210526315,-0.5197368421052632,0.2565789473684211,-0.743421052631579,0.3223684210526316,-0.8881578947368421,0.34868421052631576,-1.0,0.3618421052631579,-0.5,0.14473684210526316,-0.6907894736842105,0.19078947368421054,-0.8092105263157895,0.19736842105263158,-0.9144736842105263,0.19736842105263158,-0.4407894736842105,0.046052631578947366,-0.5986842105263158,0.05263157894736842,-0.6776315789473685,0.046052631578947366,-0.756578947368421,0.02631578947368421
2,0.0,0.0,-0.05194805194805195,0.2922077922077922,-0.15584415584415584,0.5194805194805194,-0.23376623376623376,0.7012987012987013,-0.3051948051948052,0.8441558441558441,-0.4935064935064935,0.35064935064935066,-0.7207792207792207,0.44155844155844154,-0.8376623376623377,0.4805194805194805,-0.948051948051948,0.5064935064935064,-0.525974025974026,0.22077922077922077,-0.7467532467532467,0.2727272727272727,-0.8896103896103896,0.2922077922077922,-1.0,0.2987012987012987,-0.5,0.11038961038961038,-0.6883116883116883,0.14285714285714285,-0.8116883116883117,0.14935064935064934,-0.9090909090909091,0.14935064935064934,-0.44155844155844154,0.006493506493506494,-0.5909090909090909,0.012987012987012988,-0.6753246753246753,0.0,-0.7532467532467533,-0.01948051948051948
2,0.0,0.0,-0.05128205128205128,0.2948717948717949,-0.17307692307692307,0.5064102564102564,-0.2692307692307692,0.6730769230769231,-0.3525641025641026,0.8012820512820513,-0.5,0.32051282051282054,-0.7371794871794872,0.3974358974358974,-0.8525641025641025,0.4230769230769231,-0.9551282051282052,0.4358974358974359,-0.5256410256410257,0.1794871794871795,-0.7564102564102564,0.21794871794871795,-0.8974358974358975,0.23076923076923078,-1.0,0.22435897435897437,-0.4935897435897436,0.0641025641025641,-0.6858974358974359,0.08974358974358974,-0.8076923076923077,0.08333333333333333,-0.9038461538461539,0.07692307692307693,-0.42948717948717946,-0.03205128205128205,-0.5833333333333334,-0.038461538461538464,-0.6666666666666666,-0.057692307692307696,-0.7435897435897436,-0.08333333333333333
2,0.0,0.0,-0.050955414012738856,0.2802547770700637,-0.18471337579617833,0.47770700636942676,-0.2929936305732484,0.643312101910828,-0.37579617834394907,0.7643312101910829,-0.5031847133757962,0.28662420382165604,-0.732484076433121,0.3503184713375796,-0.8535031847133758,0.36942675159235666,-0.9617834394904459,0.37579617834394907,-0.5222929936305732,0.1464968152866242,-0.7515923566878981,0.16560509554140126,-0.8980891719745223,0.17197452229299362,-1.0,0.16560509554140126,-0.4840764331210191,0.025477707006369428,-0.6815286624203821,0.044585987261146494,-0.802547770700637,0.03184713375796178,-0.8980891719745223,0.01910828025477707,-0.42038216560509556,-0.07006369426751592,-0.5732484076433121,-0.08280254777070063,-0.6624203821656051,-0.10191082802547771,-0.7452229299363057,-0.12738853503184713
2,0.0,0.0,-0.06875,0.28125,-0.20625,0.46875,-0.31875,0.625,-0.40625,0.7375,-0.50625,0.26875,-0.74375,0.3125,-0.8625,0.33125,-0.9625,0.3375,-0.51875,0.125,-0.75625,0.1375,-0.9,0.1375,-1.0,0.13125,-0.48125,0.0125,-0.675,0.01875,-0.8,0.0,-0.89375,-0.01875,-0.4125,-0.08125,-0.56875,-0.1,-0.65625,-0.125,-0.73125,-0.15625
2,0.0,0.0,-0.07407407407407407,0.2716049382716049,-0.22839506172839505,0.4444444444444444,-0.35802469135802467,0.5864197530864198,-0.4567901234567901,0.6975308641975309,-0.5123456790123457,0.24074074074074073,-0.7530864197530864,0.2716049382716049,-0.8703703703703703,0.2777777777777778,-0.9753086419753086,0.2839506172839506,-0.5185185185185185,0.09259259259259259,-0.7592592592592593,0.09259259259259259,-0.9012345679012346,0.09259259259259259,-1.0,0.07407407407407407,-0.47530864197530864,-0.018518518518518517,-0.6728395061728395,-0.018518518518518517,-0.7962962962962963,-0.043209876543209874,-0.8888888888888888,-0.06172839506172839,-0.4012345679012346,-0.10493827160493827,-0.5555555555555556,-0.13580246913580246,-0.6481481481481481,-0.16049382716049382,-0.7283950617283951,-0.19753086419753085
2,0.0,0.0,-0.09090909090909091,0.2606060606060606,-0.2606060606060606,0.41818181818181815,-0.4,0.5454545454545454,-0.503030303030303,0.6545454545454545,-0.5151515151515151,0.21818181818181817,-0.7575757575757576,0.23030303030303031,-0.8787878787878788,0.23636363636363636,-0.9878787878787879,0.23030303030303031,-0.5212121212121212,0.07272727272727272,-0.7575757575757576,0.06060606060606061,-0.896969696969697,0.048484848484848485,-1.0,0.024242424242424242,-0.4727272727272727,-0.03636363636363636,-0.6727272727272727,-0.05454545454545454,-0.8,-0.07878787878787878,-0.8909090909090909,-0.10909090909090909,-0.4,-0.12121212121212122,-0.5575757575757576,-0.15757575757575756,-0.6484848484848484,-0.19393939393939394,-0.7333333333333333,-0.22424242424242424
2,0.0,0.0,-0.10240963855421686,0.25903614457831325,-0.2710843373493976,0.4036144578313253,-0.42771084337349397,0.5180722891566265,-0.536144578313253,0.6204819277108434,-0.5180722891566265,0.20481927710843373,-0.7590361445783133,0.20481927710843373,-0.8855421686746988,0.19879518072289157,-0.9879518072289156,0.18674698795180722,-0.5180722891566265,0.060240963855421686,-0.7590361445783133,0.030120481927710843,-0.8975903614457831,0.006024096385542169,-1.0,-0.018072289156626505,-0.463855421686747,-0.05421686746987952,-0.6686746987951807,-0.08433734939759036,-0.7951807228915663,-0.12048192771084337,-0.8855421686746988,-0.14457831325301204,-0.39759036144578314,-0.13855421686746988,-0.5481927710843374,-0.18674698795180722,-0.6385542168674698,-0.22289156626506024,-0.7168674698795181,-0.25903614457831325
2,0.0,0.0,-0.10119047619047619,0.23809523809523808,-0.27976190476190477,0.38095238095238093,-0.44642857142857145,0.47619047619047616,-0.5595238095238095,0.5714285714285714,-0.5178571428571429,0.17261904761904762,-0.7619047619047619,0.16071428571428573,-0.8869047619047619,0.14285714285714285,-0.9880952380952381,0.125,-0.5059523809523809,0.02976190476190476,-0.7559523809523809,-0.017857142857142856,-0.8988095238095238,-0.041666666666666664,-1.0,-0.07738095238095238,-0.4583333333333333,-0.08333333333333333,-0.6666666666666666,-0.125,-0.7916666666666666,-0.16666666666666666,-0.8869047619047619,-0.19642857142857142,-0.3869047619047619,-0.16666666666666666,-0.5416666666666666,-0.2261904761904762,-0.6309523809523809,-0.26785714285714285,-0.7083333333333334,-0.30952380952380953
2,0.0,0.0,-0.12209302325581395,0.23255813953488372,-0.3023255813953488,0.3546511627906977,-0.47093023255813954,0.4476744186046512,-0.5872093023255814,0.5348837209302325,-0.5232558139534884,0.1511627906976744,-0.7616279069767442,0.13372093023255813,-0.8895348837209303,0.11627906976744186,-0.9941860465116279,0.09883720930232558,-0.5174418604651163,0.005813953488372093,-0.7616279069767442,-0.040697674418604654,-0.9011627906976745,-0.06976744186046512,-1.0,-0.09883720930232558,-0.46511627906976744,-0.10465116279069768,-0.6686046511627907,-0.1569767441860465,-0.7906976744186046,-0.19767441860465115,-0.8837209302325582,-0.22674418604651161,-0.3953488372093023,-0.18023255813953487,-0.5465116279069767,-0.2441860465116279,-0.6337209302325582,-0.29651162790697677,-0.7034883720930233,-0.3372093023255814
2,0.0,0.0,-0.11494252873563218,0.22413793103448276,-0.3045977011494253,0.3448275862068966,-0.4827586206896552,0.42528735632183906,-0.5977011494252874,0.5114942528735632,-0.5229885057471264,0.1206896551724138,-0.764367816091954,0.10344827586206896,-0.8908045977011494,0.08045977011494253,-0.9942528735632183,0.05747126436781609,-0.5114942528735632,-0.017241379310344827,-0.7528735632183908,-0.06896551724137931,-0.9022988505747126,-0.10344827586206896,-1.0,-0.14367816091954022,-0.4540229885057471,-0.1206896551724138,-0.6609195402298851,-0.1781609195402299,-0.7873563218390804,-0.22413793103448276,-0.8793103448275862,-0.25862068965517243,-0.3793103448275862,-0.20114942528735633,-0.5344827586206896,-0.26436781609195403,-0.6206896551724138,-0.3160919540229885,-0.6896551724137931,-0.3563218390804598
2,0.0,0.0,-0.1206896551724138,0.22413793103448276,-0.3160919540229885,0.3448275862068966,-0.4942528735632184,0.42528735632183906,-0.6091954022988506,0.5114942528735632,-0.5229885057471264,0.11494252873563218,-0.7701149425287356,0.08620689655172414,-0.896551724137931,0.06321839080459771,-1.0,0.034482758620689655,-0.5114942528735632,-0.022988505747126436,-0.7528735632183908,-0.08620689655172414,-0.9022988505747126,-0.12643678160919541,-1.0,-0.16666666666666666,-0.4482758620689655,-0.13218390804597702,-0.6609195402298851,-0.19540229885057472,-0.7873563218390804,-0.2471264367816092,-0.8793103448275862,-0.28160919540229884,-0.3735632183908046,-0.20689655172413793,-0.5287356321839081,-0.28160919540229884,-0.6149425287356322,-0.3333333333333333,-0.6839080459770115,-0.3735632183908046
2,0.0,0.0,-0.13068181818181818,0.2215909090909091,-0.32386363636363635,0.3352272727272727,-0.5056818181818182,0.4090909090909091,-0.625,0.48863636363636365,-0.5227272727272727,0.10227272727272728,-0.7670454545454546,0.0625,-0.8977272727272727,0.03977272727272727,-1.0,0.011363636363636364,-0.5056818181818182,-0.03409090909090909,-0.75,-0.10795454545454546,-0.8977272727272727,-0.14772727272727273,-0.9943181818181818,-0.1875,-0.44886363636363635,-0.14204545454545456,-0.6534090909090909,-0.21022727272727273,-0.7784090909090909,-0.26136363636363635,-0.875,-0.30113636363636365,-0.375,-0.2159090909090909,-0.5284090909090909,-0.2897727272727273,-0.6136363636363636,-0.3409090909090909,-0.6818181818181818,-0.38636363636363635
2,0.0,0.0,-0.13559322033898305,0.21468926553672316,-0.3333333333333333,0.3220338983050847,-0.5141242937853108,0.3898305084745763,-0.632768361581921,0.4632768361581921,-0.5254237288135594,0.0847457627118644,-0.768361581920904,0.03954802259887006,-0.8983050847457628,0.01694915254237288,-1.0,-0.011299435028248588,-0.5028248587570622,-0.05084745762711865,-0.7457627118644068,-0.12994350282485875,-0.8926553672316384,-0.1751412429378531,-0.9943502824858758,-0.21468926553672316,-0.4463276836158192,-0.15254237288135594,-0.6497175141242938,-0.22598870056497175,-0.7740112994350282,-0.2768361581920904,-0.8700564971751412,-0.3220338983050847,-0.3728813559322034,-0.22598870056497175,-0.519774011299435,-0.2994350282485876,-0.6045197740112994,-0.3502824858757062,-0.672316384180791,-0.4011299435028249
2,0.0,0.0,-0.14204545454545456,0.21022727272727273,-0.3465909090909091,0.3125,-0.5340909090909091,0.3693181818181818,-0.6534090909090909,0.4431818181818182,-0.5284090909090909,0.0625,-0.7670454545454546,0.017045454545454544,-0.8977272727272727,-0.011363636363636364,-1.0,-0.045454545454545456,-0.5,-0.06818181818181818,-0.7443181818181818,-0.1534090909090909,-0.8920454545454546,-0.20454545454545456,-0.9886363636363636,-0.25,-0.4431818181818182,-0.17045454545454544,-0.6477272727272727,-0.25,-0.7727272727272727,-0.3068181818181818,-0.8636363636363636,-0.3522727272727273,-0.36363636363636365,-0.23863636363636365,-0.5113636363636364,-0.3181818181818182,-0.5965909090909091,-0.375,-0.6647727272727273,-0.42613636363636365
2,0.0,0.0,-0.14772727272727273,0.21022727272727273,-0.3465909090909091,0.30113636363636365,-0.5340909090909091,0.35795454545454547,-0.6590909090909091,0.42613636363636365,-0.5227272727272727,0.05113636363636364,-0.7670454545454546,0.0,-0.8977272727272727,-0.03409090909090909,-1.0,-0.06818181818181818,-0.5,-0.07954545454545454,-0.7386363636363636,-0.17045454545454544,-0.8806818181818182,-0.2215909090909091,-0.9772727272727273,-0.2727272727272727,-0.4318181818181818,-0.17613636363636365,-0.6420454545454546,-0.26136363636363635,-0.7613636363636364,-0.3181818181818182,-0.8579545454545454,-0.3693181818181818,-0.36363636363636365,-0.24431818181818182,-0.5056818181818182,-0.32954545454545453,-0.5852272727272727,-0.38636363636363635,-0.6534090909090909,-0.4375
2,0.0,0.0,-0.15517241379310345,0.20114942528735633,-0.3563218390804598,0.28735632183908044,-0.5517241379310345,0.3448275862068966,-0.6724137931034483,0.40804597701149425,-0.5287356321839081,0.034482758620689655,-0.7701149425287356,-0.022988505747126436,-0.896551724137931,-0.06321839080459771,-1.0,-0.09770114942528736,-0.4942528735632184,-0.09770114942528736,-0.7413793103448276,-0.19540229885057472,-0.8850574712643678,-0.25862068965517243,-0.9827586206896551,-0.3103448275862069,-0.43103448275862066,-0.19540229885057472,-0.6379310344827587,-0.28160919540229884,-0.764367816091954,-0.3448275862068966,-0.8563218390804598,-0.39655172413793105,-0.3563218390804598,-0.25862068965517243,-0.5,-0.3505747126436782,-0.5804597701149425,-0.40804597701149425,-0.6494252873563219,-0.46551724137931033
2,0.0,0.0,-0.16279069767441862,0.20348837209302326,-0.36627906976744184,0.28488372093023256,-0.5581395348837209,0.3313953488372093,-0.6802325581395349,0.3953488372093023,-0.5232558139534884,0.023255813953488372,-0.7674418604651163,-0.040697674418604654,-0.8953488372093024,-0.08139534883720931,-1.0,-0.12209302325581395,-0.4941860465116279,-0.11046511627906977,-0.7325581395348837,-0.21511627906976744,-0.877906976744186,-0.27906976744186046,-0.9709302325581395,-0.3372093023255814,-0.42441860465116277,-0.20348837209302326,-0.627906976744186,-0.3023255813953488,-0.75,-0.36627906976744184,-0.8430232558139535,-0.42441860465116277,-0.3488372093023256,-0.26744186046511625,-0.4883720930232558,-0.36046511627906974,-0.5697674418604651,-0.42441860465116277,-0.6337209302325582,-0.48255813953488375
2,0.0,0.0,-0.16470588235294117,0.19411764705882353,-0.3764705882352941,0.2823529411764706,-0.5705882352941176,0.3235294117647059,-0.7,0.3764705882352941,-0.5235294117647059,0.011764705882352941,-0.7647058823529411,-0.058823529411764705,-0.9,-0.10588235294117647,-1.0,-0.14705882352941177,-0.48823529411764705,-0.11764705882352941,-0.7294117647058823,-0.23529411764705882,-0.8764705882352941,-0.3,-0.9705882352941176,-0.36470588235294116,-0.4235294117647059,-0.21176470588235294,-0.6235294117647059,-0.3176470588235294,-0.7529411764705882,-0.38823529411764707,-0.8411764705882353,-0.4470588235294118,-0.34705882352941175,-0.27647058823529413,-0.48823529411764705,-0.37058823529411766,-0.5647058823529412,-0.43529411764705883,-0.6294117647058823,-0.5
2,0.0,0.0,-0.17261904761904762,0.19047619047619047,-0.3869047619047619,0.27380952380952384,-0.5833333333333334,0.30357142857142855,-0.7142857142857143,0.35714285714285715,-0.5297619047619048,0.0,-0.7678571428571429,-0.08333333333333333,-0.8988095238095238,-0.13095238095238096,-1.0,-0.17857142857142858,-0.4880952380952381,-0.13690476190476192,-0.7261904761904762,-0.25595238095238093,-0.8690476190476191,-0.3333333333333333,-0.9642857142857143,-0.39880952380952384,-0.4166666666666667,-0.2261904761904762,-0.6190476190476191,-0.3273809523809524,-0.7440476190476191,-0.40476190476190477,-0.8333333333333334,-0.4642857142857143,-0.3392857142857143,-0.2857142857142857,-0.48214285714285715,-0.38095238095238093,-0.5595238095238095,-0.4523809523809524,-0.625,-0.5119047619047619
2,0.0,0.0,-0.18072289156626506,0.18674698795180722,-0.39759036144578314,0.25903614457831325,-0.5963855421686747,0.2891566265060241,-0.7289156626506024,0.3313253012048193,-0.536144578313253,-0.018072289156626505,-0.7710843373493976,-0.1144578313253012,-0.8975903614457831,-0.16265060240963855,-1.0,-0.21686746987951808,-0.4879518072289157,-0.15060240963855423,-0.7228915662650602,-0.28313253012048195,-0.8614457831325302,-0.3614457831325301,-0.9518072289156626,-0.43373493975903615,-0.41566265060240964,-0.24096385542168675,-0.608433734939759,-0.3493975903614458,-0.7289156626506024,-0.42771084337349397,-0.8192771084337349,-0.4939759036144578,-0.3313253012048193,-0.29518072289156627,-0.4759036144578313,-0.39759036144578314,-0.5481927710843374,-0.46987951807228917,-0.6144578313253012,-0.536144578313253
2,0.0,0.0,-0.18787878787878787,0.18181818181818182,-0.4121212121212121,0.23636363636363636,-0.6060606060606061,0.2606060606060606,-0.7454545454545455,0.296969696969697,-0.5393939393939394,-0.04242424242424243,-0.7696969696969697,-0.1393939393939394,-0.896969696969697,-0.19393939393939394,-1.0,-0.24848484848484848,-0.4909090909090909,-0.1696969696969697,-0.7151515151515152,-0.3090909090909091,-0.8484848484848485,-0.3939393939393939,-0.9393939393939394,-0.4666666666666667,-0.4121212121212121,-0.2545454545454545,-0.6,-0.3696969696969697,-0.7151515151515152,-0.45454545454545453,-0.806060606060606,-0.5212121212121212,-0.32727272727272727,-0.3090909090909091,-0.4666666666666667,-0.4121212121212121,-0.5393939393939394,-0.48484848484848486,-0.6060606060606061,-0.5515151515151515
2,0.0,0.0,-0.19753086419753085,0.17901234567901234,-0.42592592592592593,0.22839506172839505,-0.6234567901234568,0.24074074074074073,-0.7654320987654321,0.2716049382716049,-0.5432098765432098,-0.06172839506172839,-0.7716049382716049,-0.16666666666666666,-0.9012345679012346,-0.22839506172839505,-1.0,-0.29012345679012347,-0.4876543209876543,-0.18518518518518517,-0.7160493827160493,-0.3333333333333333,-0.8518518518518519,-0.42592592592592593,-0.9444444444444444,-0.5061728395061729,-0.41358024691358025,-0.2716049382716049,-0.5987654320987654,-0.3950617283950617,-0.7160493827160493,-0.48148148148148145,-0.8024691358024691,-0.5555555555555556,-0.3271604938271605,-0.32098765432098764,-0.46296296296296297,-0.43209876543209874,-0.5370370370370371,-0.5061728395061729,-0.5987654320987654,-0.5802469135802469
2,0.0,0.0,-0.20496894409937888,0.17391304347826086,-0.43478260869565216,0.2111801242236025,-0.6273291925465838,0.21739130434782608,-0.7763975155279503,0.2422360248447205,-0.546583850931677,-0.07453416149068323,-0.7701863354037267,-0.19254658385093168,-0.8944099378881988,-0.2608695652173913,-1.0,-0.32298136645962733,-0.4906832298136646,-0.20496894409937888,-0.7142857142857143,-0.35403726708074534,-0.84472049689441,-0.453416149068323,-0.9316770186335404,-0.5341614906832298,-0.40372670807453415,-0.2795031055900621,-0.5962732919254659,-0.40993788819875776,-0.7080745341614907,-0.5031055900621118,-0.7950310559006211,-0.577639751552795,-0.32298136645962733,-0.32919254658385094,-0.45962732919254656,-0.4409937888198758,-0.5279503105590062,-0.5217391304347826,-0.5900621118012422,-0.5962732919254659
2,0.0,0.0,-0.21739130434782608,0.16770186335403728,-0.4472049689440994,0.19254658385093168,-0.639751552795031,0.19875776397515527,-0.7950310559006211,0.21739130434782608,-0.546583850931677,-0.09937888198757763,-0.7701863354037267,-0.21739130434782608,-0.9006211180124224,-0.2857142857142857,-1.0,-0.34782608695652173,-0.4906832298136646,-0.21739130434782608,-0.7080745341614907,-0.36024844720496896,-0.84472049689441,-0.45962732919254656,-0.9316770186335404,-0.5403726708074534,-0.40993788819875776,-0.2857142857142857,-0.5962732919254659,-0.40993788819875776,-0.7080745341614907,-0.5031055900621118,-0.7950310559006211,-0.577639751552795,-0.33540372670807456,-0.32298136645962733,-0.4658385093167702,-0.43478260869565216,-0.5341614906832298,-0.5093167701863354,-0.5900621118012422,-0.5900621118012422
2,0.0,0.0,-0.21656050955414013,0.16560509554140126,-0.45222929936305734,0.18471337579617833,-0.6496815286624203,0.17834394904458598,-0.8089171974522293,0.17834394904458598,-0.5414012738853503,-0.11464968152866242,-0.7707006369426752,-0.2611464968152866,-0.8980891719745223,-0.3375796178343949,-1.0,-0.40764331210191085,-0.47770700636942676,-0.22929936305732485,-0.7006369426751592,-0.39490445859872614,-0.8343949044585988,-0.4968152866242038,-0.9235668789808917,-0.5859872611464968,-0.4012738853503185,-0.29936305732484075,-0.5859872611464968,-0.4394904458598726,-0.6942675159235668,-0.535031847133758,-0.7770700636942676,-0.6178343949044586,-0.3248407643312102,-0.33121019108280253,-0.45222929936305734,-0.445859872611465,-0.5222929936305732,-0.5286624203821656,-0.5732484076433121,-0.6114649681528662
2,0.0,0.0,-0.22727272727272727,0.15584415584415584,-0.45454545454545453,0.16883116883116883,-0.6558441558441559,0.15584415584415584,-0.8181818181818182,0.14935064935064934,-0.5324675324675324,-0.13636363636363635,-0.7662337662337663,-0.2857142857142857,-0.8961038961038961,-0.36363636363636365,-1.0,-0.44155844155844154,-0.474025974025974,-0.24675324675324675,-0.7012987012987013,-0.4155844155844156,-0.8376623376623377,-0.5194805194805194,-0.922077922077922,-0.6103896103896104,-0.38961038961038963,-0.3116883116883117,-0.5844155844155844,-0.45454545454545453,-0.6948051948051948,-0.551948051948052,-0.7792207792207793,-0.6298701298701299,-0.3181818181818182,-0.34415584415584416,-0.44805194805194803,-0.461038961038961,-0.512987012987013,-0.5454545454545454,-0.564935064935065,-0.6298701298701299
2,0.0,0.0,-0.2251655629139073,0.1456953642384106,-0.46357615894039733,0.1456953642384106,-0.6688741721854304,0.13245033112582782,-0.8278145695364238,0.09933774834437085,-0.5298013245033113,-0.15894039735099338,-0.7682119205298014,-0.31788079470198677,-0.9006622516556292,-0.40397350993377484,-1.0,-0.48344370860927155,-0.47019867549668876,-0.26490066225165565,-0.7086092715231788,-0.423841059602649,-0.847682119205298,-0.5364238410596026,-0.9337748344370861,-0.6225165562913907,-0.39072847682119205,-0.32450331125827814,-0.5960264900662252,-0.46357615894039733,-0.7086092715231788,-0.5562913907284768,-0.7880794701986755,-0.6357615894039735,-0.32450331125827814,-0.3509933774834437,-0.45695364238410596,-0.46357615894039733,-0.5298013245033113,-0.543046357615894,-0.5827814569536424,-0.6225165562913907
2,0.0,0.0,-0.2483221476510067,0.14093959731543623,-0.48322147651006714,0.12080536912751678,-0.6644295302013423,0.10067114093959731,-0.8322147651006712,0.053691275167785234,-0.5503355704697986,-0.18791946308724833,-0.7718120805369127,-0.348993288590604,-0.9060402684563759,-0.4429530201342282,-1.0,-0.5302013422818792,-0.48322147651006714,-0.2751677852348993,-0.697986577181208,-0.4429530201342282,-0.825503355704698,-0.5570469798657718,-0.9060402684563759,-0.6510067114093959,-0.40939597315436244,-0.3288590604026846,-0.5838926174496645,-0.46308724832214765,-0.6912751677852349,-0.5570469798657718,-0.7651006711409396,-0.6375838926174496,-0.348993288590604,-0.348993288590604,-0.46308724832214765,-0.4563758389261745,-0.5234899328859061,-0.5302013422818792,-0.5771812080536913,-0.6040268456375839
2,0.0,0.0,-0.2602739726027397,0.136986301369863,-0.4931506849315068,0.10273972602739725,-0.6712328767123288,0.06164383561643835,-0.8493150684931506,0.00684931506849315,-0.5547945205479452,-0.19863013698630136,-0.773972602739726,-0.3698630136986301,-0.910958904109589,-0.4726027397260274,-1.0,-0.5684931506849316,-0.4863013698630137,-0.2808219178082192,-0.7054794520547946,-0.4589041095890411,-0.8356164383561644,-0.5684931506849316,-0.910958904109589,-0.6643835616438356,-0.4178082191780822,-0.3219178082191781,-0.5958904109589042,-0.4520547945205479,-0.7054794520547946,-0.5342465753424658,-0.7808219178082192,-0.6027397260273972,-0.3698630136986301,-0.3493150684931507,-0.4794520547945205,-0.4520547945205479,-0.5342465753424658,-0.5273972602739726,-0.589041095890411,-0.5958904109589042
2,0.0,0.0,-0.2620689655172414,0.11724137931034483,-0.4896551724137931,0.07586206896551724,-0.6758620689655173,0.027586206896551724,-0.8482758620689655,-0.041379310344827586,-0.5586206896551724,-0.22758620689655173,-0.7862068965517242,-0.3931034482758621,-0.9172413793103448,-0.496551724137931,-1.0,-0.593103448275862,-0.4896551724137931,-0.296551724137931,-0.7034482758620689,-0.4827586206896552,-0.8344827586206897,-0.593103448275862,-0.9172413793103448,-0.6827586206896552,-0.42758620689655175,-0.3310344827586207,-0.593103448275862,-0.46206896551724136,-0.7034482758620689,-0.5310344827586206,-0.7793103448275862,-0.5862068965517241,-0.38620689655172413,-0.3448275862068966,-0.4896551724137931,-0.4482758620689655,-0.5517241379310345,-0.5103448275862069,-0.6,-0.5724137931034483
2,0.0,0.0,-0.26573426573426573,0.11188811188811189,-0.4965034965034965,0.06293706293706294,-0.6783216783216783,0.0,-0.8461538461538461,-0.07692307692307693,-0.5664335664335665,-0.23776223776223776,-0.7832167832167832,-0.4195804195804196,-0.916083916083916,-0.5244755244755245,-1.0,-0.6293706293706294,-0.4965034965034965,-0.3076923076923077,-0.7062937062937062,-0.4965034965034965,-0.8321678321678322,-0.6083916083916084,-0.9230769230769231,-0.6993006993006993,-0.42657342657342656,-0.34265734265734266,-0.5944055944055944,-0.4755244755244755,-0.7132867132867133,-0.5454545454545454,-0.7902097902097902,-0.5944055944055944,-0.38461538461538464,-0.3356643356643357,-0.5104895104895105,-0.4405594405594406,-0.5734265734265734,-0.4965034965034965,-0.6293706293706294,-0.5454545454545454
2,0.0,0.0,-0.24475524475524477,0.1048951048951049,-0.46853146853146854,0.04195804195804196,-0.6503496503496503,-0.02097902097902098,-0.8251748251748252,-0.0979020979020979,-0.5594405594405595,-0.2517482517482518,-0.7832167832167832,-0.42657342657342656,-0.916083916083916,-0.5314685314685315,-1.0,-0.6293706293706294,-0.5034965034965035,-0.3076923076923077,-0.7202797202797203,-0.4965034965034965,-0.8461538461538461,-0.6013986013986014,-0.9370629370629371,-0.6923076923076923,-0.44755244755244755,-0.32167832167832167,-0.6083916083916084,-0.46153846153846156,-0.7202797202797203,-0.5314685314685315,-0.8041958041958042,-0.5944055944055944,-0.4195804195804196,-0.3006993006993007,-0.5314685314685315,-0.40559440559440557,-0.6013986013986014,-0.46853146853146854,-0.6573426573426573,-0.5174825174825175
2,0.0,0.0,-0.2318840579710145,0.10144927536231885,-0.4492753623188406,0.028985507246376812,-0.6304347826086957,-0.043478260869565216,-0.7971014492753623,-0.12318840579710146,-0.5507246376811594,-0.2753623188405797,-0.782608695652174,-0.4492753623188406,-0.9130434782608695,-0.5652173913043478,-1.0,-0.6666666666666666,-0.5,-0.3188405797101449,-0.7246376811594203,-0.5144927536231884,-0.8478260869565217,-0.6159420289855072,-0.9420289855072463,-0.717391304347826,-0.4492753623188406,-0.32608695652173914,-0.6159420289855072,-0.463768115942029,-0.7246376811594203,-0.5434782608695652,-0.8115942028985508,-0.6086956521739131,-0.42028985507246375,-0.30434782608695654,-0.5507246376811594,-0.39855072463768115,-0.6159420289855072,-0.463768115942029,-0.6739130434782609,-0.5217391304347826
2,0.0,0.0,-0.23529411764705882,0.09558823529411764,-0.45588235294117646,0.0,-0.625,-0.07352941176470588,-0.7867647058823529,-0.16176470588235295,-0.5588235294117647,-0.3088235294117647,-0.7867647058823529,-0.4852941176470588,-0.9191176470588235,-0.6029411764705882,-1.0,-0.6985294117647058,-0.5073529411764706,-0.35294117647058826,-0.7426470588235294,-0.5441176470588235,-0.8676470588235294,-0.6470588235294118,-0.9632352941176471,-0.75,-0.4632352941176471,-0.3602941176470588,-0.6397058823529411,-0.5073529411764706,-0.7573529411764706,-0.5882352941176471,-0.8455882352941176,-0.6544117647058824,-0.4264705882352941,-0.3382352941176471,-0.5661764705882353,-0.4485294117647059,-0.6397058823529411,-0.5220588235294118,-0.6985294117647058,-0.5808823529411765
2,0.0,0.0,-0.20454545454545456,0.08333333333333333,-0.42424242424242425,-0.022727272727272728,-0.6136363636363636,-0.12121212121212122,-0.7651515151515151,-0.2196969696969697,-0.5378787878787878,-0.3333333333333333,-0.7727272727272727,-0.5151515151515151,-0.9090909090909091,-0.6439393939393939,-1.0,-0.75,-0.5,-0.3939393939393939,-0.7424242424242424,-0.5757575757575758,-0.8787878787878788,-0.6893939393939394,-0.9772727272727273,-0.803030303030303,-0.4696969696969697,-0.4015151515151515,-0.6742424242424242,-0.5454545454545454,-0.8106060606060606,-0.6439393939393939,-0.9090909090909091,-0.7348484848484849,-0.4621212121212121,-0.3712121212121212,-0.6287878787878788,-0.5,-0.7272727272727273,-0.5833333333333334,-0.803030303030303,-0.6590909090909091
2,0.0,0.0,-0.1968503937007874,0.07874015748031496,-0.4094488188976378,-0.047244094488188976,-0.5826771653543307,-0.15748031496062992,-0.7322834645669292,-0.2677165354330709,-0.5275590551181102,-0.3464566929133858,-0.7559055118110236,-0.5511811023622047,-0.8976377952755905,-0.6929133858267716,-1.0,-0.8110236220472441,-0.5039370078740157,-0.3937007874015748,-0.7322834645669292,-0.5826771653543307,-0.8740157480314961,-0.7165354330708661,-0.9763779527559056,-0.84251968503937,-0.4881889763779528,-0.3937007874015748,-0.6850393700787402,-0.5511811023622047,-0.8267716535433071,-0.6614173228346457,-0.9212598425196851,-0.7716535433070866,-0.47244094488188976,-0.3543307086614173,-0.6299212598425197,-0.49606299212598426,-0.7322834645669292,-0.5984251968503937,-0.8188976377952756,-0.6850393700787402
2,0.0,0.0,-0.1652892561983471,0.0743801652892562,-0.371900826446281,-0.04132231404958678,-0.5454545454545454,-0.18181818181818182,-0.71900826446281,-0.30578512396694213,-0.48760330578512395,-0.35537190082644626,-0.7272727272727273,-0.5619834710743802,-0.8760330578512396,-0.7107438016528925,-0.9917355371900827,-0.8512396694214877,-0.48760330578512395,-0.4132231404958678,-0.7272727272727273,-0.6115702479338843,-0.8842975206611571,-0.7603305785123967,-1.0,-0.9008264462809917,-0.48760330578512395,-0.4214876033057851,-0.7024793388429752,-0.5867768595041323,-0.8429752066115702,-0.7107438016528925,-0.9504132231404959,-0.8347107438016529,-0.48760330578512395,-0.4049586776859504,-0.6528925619834711,-0.5454545454545454,-0.7603305785123967,-0.6446280991735537,-0.859504132231405,-0.7520661157024794
2,0.0,0.0,-0.1271186440677966,0.07627118644067797,-0.3220338983050847,-0.03389830508474576,-0.5,-0.1864406779661017,-0.6949152542372882,-0.3220338983050847,-0.4322033898305085,-0.3559322033898305,-0.6694915254237288,-0.559322033898305,-0.8220338983050848,-0.7203389830508474,-0.9576271186440678,-0.864406779661017,-0.4661016949152542,-0.4152542372881356,-0.7033898305084746,-0.6186440677966102,-0.8728813559322034,-0.788135593220339,-1.0,-0.940677966101695,-0.4830508474576271,-0.423728813559322,-0.6864406779661016,-0.5932203389830508,-0.8389830508474576,-0.7288135593220338,-0.940677966101695,-0.864406779661017,-0.4915254237288136,-0.3983050847457627,-0.6440677966101694,-0.5254237288135594,-0.7372881355932204,-0.635593220338983,-0.8220338983050848,-0.7542372881355932
2,0.0,0.0,-0.11403508771929824,0.08771929824561403,-0.2894736842105263,0.0,-0.45614035087719296,-0.14035087719298245,-0.6842105263157895,-0.2894736842105263,-0.39473684210526316,-0.32456140350877194,-0.6491228070175439,-0.5614035087719298,-0.8245614035087719,-0.7456140350877193,-0.9649122807017544,-0.9298245614035088,-0.43859649122807015,-0.40350877192982454,-0.6754385964912281,-0.6140350877192983,-0.8596491228070176,-0.7982456140350878,-1.0,-0.9824561403508771,-0.45614035087719296,-0.41228070175438597,-0.6578947368421053,-0.5789473684210527,-0.8245614035087719,-0.7105263157894737,-0.9210526315789473,-0.8421052631578947,-0.47368421052631576,-0.39473684210526316,-0.6228070175438597,-0.5,-0.7105263157894737,-0.6052631578947368,-0.7719298245614035,-0.7192982456140351
2,0.0,0.0,-0.12280701754385964,0.10526315789473684,-0.2807017543859649,-0.017543859649122806,-0.4298245614035088,-0.13157894736842105,-0.631578947368421,-0.2807017543859649,-0.37719298245614036,-0.3684210526315789,-0.6140350877192983,-0.5877192982456141,-0.7807017543859649,-0.7719298245614035,-0.9035087719298246,-0.9298245614035088,-0.39473684210526316,-0.4298245614035088,-0.631578947368421,-0.6578947368421053,-0.8070175438596491,-0.8421052631578947,-0.9298245614035088,-1.0,-0.40350877192982454,-0.4473684210526316,-0.6052631578947368,-0.6491228070175439,-0.7543859649122807,-0.7982456140350878,-0.868421052631579,-0.9385964912280702,-0.41228070175438597,-0.43859649122807015,-0.5701754385964912,-0.6052631578947368,-0.6666666666666666,-0.7368421052631579,-0.7543859649122807,-0.8508771929824561
2,0.0,0.0,-0.09917355371900827,0.10743801652892562,-0.2396694214876033,0.01652892561983471,-0.38016528925619836,-0.09917355371900827,-0.5537190082644629,-0.24793388429752067,-0.33884297520661155,-0.3305785123966942,-0.5702479338842975,-0.5537190082644629,-0.7272727272727273,-0.7355371900826446,-0.8429752066115702,-0.8925619834710744,-0.35537190082644626,-0.4214876033057851,-0.5867768595041323,-0.6528925619834711,-0.7520661157024794,-0.8347107438016529,-0.8677685950413223,-1.0,-0.36363636363636365,-0.45454545454545453,-0.5619834710743802,-0.6528925619834711,-0.7107438016528925,-0.8016528925619835,-0.8181818181818182,-0.9338842975206612,-0.38016528925619836,-0.4462809917355372,-0.5206611570247934,-0.6115702479338843,-0.6198347107438017,-0.7355371900826446,-0.7024793388429752,-0.8512396694214877
2,0.0,0.0,-0.088,0.104,-0.216,0.04,-0.344,-0.064,-0.52,-0.2,-0.328,-0.304,-0.552,-0.544,-0.704,-0.736,-0.824,-0.904,-0.328,-0.416,-0.56,-0.64,-0.728,-0.832,-0.84,-1.0,-0.336,-0.456,-0.528,-0.656,-0.672,-0.8,-0.776,-0.936,-0.352,-0.464,-0.488,-0.624,-0.592,-0.744,-0.664,-0.856
2,0.0,0.0,-0.06299212598425197,0.11811023622047244,-0.18110236220472442,0.07086614173228346,-0.2992125984251969,-0.03937007874015748,-0.47244094488188976,-0.1889763779527559,-0.30708661417322836,-0.28346456692913385,-0.5275590551181102,-0.5275590551181102,-0.6850393700787402,-0.7244094488188977,-0.8110236220472441,-0.8976377952755905,-0.31496062992125984,-0.3937007874015748,-0.5433070866141733,-0.6220472440944882,-0.7007874015748031,-0.8188976377952756,-0.8188976377952756,-1.0,-0.3228346456692913,-0.4409448818897638,-0.5118110236220472,-0.6377952755905512,-0.6614173228346457,-0.7952755905511811,-0.7559055118110236,-0.937007874015748,-0.33858267716535434,-0.4566929133858268,-0.47244094488188976,-0.6141732283464567,-0.5669291338582677,-0.7401574803149606,-0.6456692913385826,-0.8582677165354331
2,0.0,0.0,-0.0859375,0.109375,-0.21875,0.0703125,-0.3359375,-0.0390625,-0.4921875,-0.1640625,-0.3515625,-0.296875,-0.5703125,-0.53125,-0.7265625,-0.7265625,-0.84375,-0.890625,-0.34375,-0.40625,-0.578125,-0.6328125,-0.734375,-0.8203125,-0.8515625,-1.0,-0.3359375,-0.453125,-0.5390625,-0.6484375,-0.6875,-0.8046875,-0.78125,-0.953125,-0.3359375,-0.453125,-0.484375,-0.6171875,-0.5859375,-0.75,-0.6640625,-0.859375
2,0.0,0.0,-0.05426356589147287,0.14728682170542637,-0.17054263565891473,0.11627906976744186,-0.2868217054263566,0.007751937984496124,-0.46511627906976744,-0.13953488372093023,-0.3023255813953488,-0.2558139534883721,-0.5271317829457365,-0.49612403100775193,-0.6821705426356589,-0.6976744186046512,-0.7984496124031008,-0.8682170542635659,-0.32558139534883723,-0.37209302325581395,-0.5503875968992248,-0.6201550387596899,-0.7054263565891473,-0.8217054263565892,-0.8217054263565892,-1.0,-0.3333333333333333,-0.4263565891472868,-0.5193798449612403,-0.6356589147286822,-0.6666666666666666,-0.7984496124031008,-0.751937984496124,-0.9457364341085271,-0.34108527131782945,-0.4418604651162791,-0.4806201550387597,-0.6046511627906976,-0.5658914728682171,-0.7364341085271318,-0.6434108527131783,-0.8527131782945736
2,0.0,0.0,-0.08396946564885496,0.1297709923664122,-0.20610687022900764,0.09923664122137404,-0.3282442748091603,0.007633587786259542,-0.48854961832061067,-0.10687022900763359,-0.3511450381679389,-0.3053435114503817,-0.5801526717557252,-0.5267175572519084,-0.732824427480916,-0.7099236641221374,-0.8396946564885496,-0.8702290076335878,-0.3435114503816794,-0.4122137404580153,-0.5877862595419847,-0.6412213740458015,-0.7480916030534351,-0.8320610687022901,-0.8625954198473282,-1.0,-0.33587786259541985,-0.45038167938931295,-0.549618320610687,-0.648854961832061,-0.6946564885496184,-0.8015267175572519,-0.7862595419847328,-0.9465648854961832,-0.33587786259541985,-0.45038167938931295,-0.48854961832061067,-0.6106870229007634,-0.5877862595419847,-0.7404580152671756,-0.6564885496183206,-0.8549618320610687
2,0.0,0.0,-0.09848484848484848,0.12878787878787878,-0.23484848484848486,0.09848484848484848,-0.3712121212121212,0.015151515151515152,-0.5303030303030303,-0.11363636363636363,-0.3939393939393939,-0.3181818181818182,-0.6363636363636364,-0.5378787878787878,-0.7803030303030303,-0.7121212121212122,-0.8863636363636364,-0.8712121212121212,-0.3712121212121212,-0.42424242424242425,-0.6287878787878788,-0.6590909090909091,-0.7803030303030303,-0.8333333333333334,-0.8787878787878788,-1.0,-0.3484848484848485,-0.45454545454545453,-0.5606060606060606,-0.6515151515151515,-0.7045454545454546,-0.7954545454545454,-0.7878787878787878,-0.9318181818181818,-0.3484848484848485,-0.45454545454545453,-0.5075757575757576,-0.6060606060606061,-0.6060606060606061,-0.7196969696969697,-0.6818181818181818,-0.8333333333333334
2,0.0,0.0,-0.11450381679389313,0.1450381679389313,-0.25190839694656486,0.12213740458015267,-0.3969465648854962,0.030534351145038167,-0.5572519083969466,-0.08396946564885496,-0.4351145038167939,-0.3053435114503817,-0.6717557251908397,-0.5267175572519084,-0.816793893129771,-0.6870229007633588,-0.9236641221374046,-0.8396946564885496,-0.40458015267175573,-0.42748091603053434,-0.6641221374045801,-0.648854961832061,-0.816793893129771,-0.8320610687022901,-0.9236641221374046,-1.0,-0.37404580152671757,-0.4732824427480916,-0.5801526717557252,-0.648854961832061,-0.7099236641221374,-0.7786259541984732,-0.8015267175572519,-0.8931297709923665,-0.35877862595419846,-0.4732824427480916,-0.5190839694656488,-0.6183206106870229,-0.6183206106870229,-0.7251908396946565,-0.6946564885496184,-0.8396946564885496
2,0.0,0.0,-0.11811023622047244,0.14960629921259844,-0.2755905511811024,0.13385826771653545,-0.4330708661417323,0.047244094488188976,-0.5905511811023622,-0.07086614173228346,-0.44881889763779526,-0.2992125984251969,-0.7165354330708661,-0.5196850393700787,-0.8740157480314961,-0.6850393700787402,-0.984251968503937,-0.8346456692913385,-0.4251968503937008,-0.41732283464566927,-0.7086614173228346,-0.6535433070866141,-0.8740157480314961,-0.8267716535433071,-1.0,-0.9921259842519685,-0.4015748031496063,-0.4645669291338583,-0.6220472440944882,-0.6614173228346457,-0.7716535433070866,-0.7874015748031497,-0.8661417322834646,-0.905511811023622,-0.3937007874015748,-0.4645669291338583,-0.5669291338582677,-0.6220472440944882,-0.6692913385826772,-0.7322834645669292,-0.7480314960629921,-0.84251968503937
2,0.0,0.0,-0.12408759124087591,0.16058394160583941,-0.2846715328467153,0.145985401459854,-0.4306569343065693,0.06569343065693431,-0.5693430656934306,-0.014598540145985401,-0.45985401459854014,-0.24087591240875914,-0.7372262773722628,-0.43795620437956206,-0.8905109489051095,-0.5766423357664233,-1.0,-0.7007299270072993,-0.4306569343065693,-0.35766423357664234,-0.708029197080292,-0.5620437956204379,-0.8832116788321168,-0.708029197080292,-1.0,-0.8394160583941606,-0.40145985401459855,-0.40145985401459855,-0.6204379562043796,-0.5693430656934306,-0.7591240875912408,-0.6715328467153284,-0.8540145985401459,-0.7664233576642335,-0.39416058394160586,-0.40145985401459855,-0.5693430656934306,-0.5401459854014599,-0.6715328467153284,-0.635036496350365,-0.7591240875912408,-0.7299270072992701
2,0.0,0.0,-0.11564625850340136,0.14965986394557823,-0.272108843537415,0.1360544217687075,-0.41496598639455784,0.06802721088435375,-0.54421768707483,0.013605442176870748,-0.4557823129251701,-0.20408163265306123,-0.7278911564625851,-0.3673469387755102,-0.8775510204081632,-0.47619047619047616,-0.9863945578231292,-0.5850340136054422,-0.4421768707482993,-0.30612244897959184,-0.7142857142857143,-0.47619047619047616,-0.8775510204081632,-0.5986394557823129,-1.0,-0.7142857142857143,-0.41496598639455784,-0.35374149659863946,-0.6326530612244898,-0.4897959183673469,-0.7687074829931972,-0.5782312925170068,-0.8639455782312925,-0.6598639455782312,-0.40816326530612246,-0.3469387755102041,-0.5714285714285714,-0.46938775510204084,-0.673469387755102,-0.5510204081632653,-0.7551020408163265,-0.6326530612244898
2,0.0,0.0,-0.09433962264150944,0.1320754716981132,-0.23270440251572327,0.12578616352201258,-0.3710691823899371,0.07547169811320754,-0.4968553459119497,0.03773584905660377,-0.44654088050314467,-0.15723270440251572,-0.6918238993710691,-0.27044025157232704,-0.8427672955974843,-0.36477987421383645,-0.949685534591195,-0.4528301886792453,-0.4528301886792453,-0.2389937106918239,-0.710691823899371,-0.3522012578616352,-0.8742138364779874,-0.44654088050314467,-1.0,-0.5408805031446541,-0.44025157232704404,-0.27672955974842767,-0.660377358490566,-0.3836477987421384,-0.8050314465408805,-0.4591194968553459,-0.9182389937106918,-0.5408805031446541,-0.4276729559748428,-0.27672955974842767,-0.5849056603773585,-0.36477987421383645,-0.6855345911949685,-0.4339622641509434,-0.7672955974842768,-0.5031446540880503
2,0.0,0.0,-0.0658682634730539,0.11976047904191617,-0.19760479041916168,0.11976047904191617,-0.32934131736526945,0.08982035928143713,-0.46706586826347307,0.05389221556886228,-0.4491017964071856,-0.08982035928143713,-0.6766467065868264,-0.16766467065868262,-0.8263473053892215,-0.23952095808383234,-0.9520958083832335,-0.31137724550898205,-0.46706586826347307,-0.1437125748502994,-0.7065868263473054,-0.2215568862275449,-0.8682634730538922,-0.2994011976047904,-1.0,-0.38323353293413176,-0.46706586826347307,-0.17365269461077845,-0.6766467065868264,-0.24550898203592814,-0.8203592814371258,-0.31137724550898205,-0.9341317365269461,-0.3772455089820359,-0.4550898203592814,-0.17365269461077845,-0.6047904191616766,-0.24550898203592814,-0.7065868263473054,-0.30538922155688625,-0.7904191616766467,-0.3652694610778443
2,0.0,0.0,-0.09411764705882353,0.047058823529411764,-0.2235294117647059,0.011764705882352941,-0.34705882352941175,-0.047058823529411764,-0.4647058823529412,-0.08823529411764706,-0.45294117647058824,-0.08823529411764706,-0.6588235294117647,-0.15294117647058825,-0.8058823529411765,-0.2,-0.9294117647058824,-0.24705882352941178,-0.4764705882352941,-0.10588235294117647,-0.6882352941176471,-0.16470588235294117,-0.8529411764705882,-0.21176470588235294,-1.0,-0.2647058823529412,-0.4764705882352941,-0.10588235294117647,-0.6764705882352942,-0.16470588235294117,-0.8176470588235294,-0.20588235294117646,-0.9411764705882353,-0.24705882352941178,-0.47058823529411764,-0.09411764705882353,-0.6176470588235294,-0.1411764705882353,-0.7235294117647059,-0.17647058823529413,-0.8176470588235294,-0.20588235294117646
2,0.0,0.0,-0.03592814371257485,-0.09580838323353294,-0.1377245508982036,-0.16766467065868262,-0.2634730538922156,-0.2275449101796407,-0.38323353293413176,-0.2994011976047904,-0.437125748502994,-0.1497005988023952,-0.6526946107784432,-0.20359281437125748,-0.8023952095808383,-0.23353293413173654,-0.9281437125748503,-0.2634730538922156,-0.48502994011976047,-0.10179640718562874,-0.7005988023952096,-0.1497005988023952,-0.8622754491017964,-0.17964071856287425,-1.0,-0.2155688622754491,-0.49101796407185627,-0.059880239520958084,-0.688622754491018,-0.08383233532934131,-0.8263473053892215,-0.08982035928143713,-0.9341317365269461,-0.11976047904191617,-0.46706586826347307,-0.017964071856287425,-0.5868263473053892,-0.005988023952095809,-0.6766467065868264,-0.011976047904191617,-0.7485029940119761,-0.017964071856287425
2,0.0,0.0,-0.05202312138728324,-0.10982658959537572,-0.1791907514450867,-0.19653179190751446,-0.3179190751445087,-0.27167630057803466,-0.4508670520231214,-0.36416184971098264,-0.5086705202312138,-0.10404624277456648,-0.7225433526011561,-0.10982658959537572,-0.861271676300578,-0.11560693641618497,-0.976878612716763,-0.10982658959537572,-0.5144508670520231,-0.017341040462427744,-0.7341040462427746,-0.011560693641618497,-0.884393063583815,0.0,-1.0,0.0,-0.4913294797687861,0.05202312138728324,-0.6820809248554913,0.06358381502890173,-0.8092485549132948,0.08092485549132948,-0.9017341040462428,0.08670520231213873,-0.4508670520231214,0.11560693641618497,-0.5780346820809249,0.15606936416184972,-0.6647398843930635,0.17341040462427745,-0.7283236994219653,0.18497109826589594
2,0.0,0.0,-0.08045977011494253,-0.13793103448275862,-0.21839080459770116,-0.2413793103448276,-0.3563218390804598,-0.3333333333333333,-0.4942528735632184,-0.41954022988505746,-0.5287356321839081,-0.08620689655172414,-0.7471264367816092,-0.09195402298850575,-0.8850574712643678,-0.08620689655172414,-0.9885057471264368,-0.08045977011494253,-0.5229885057471264,0.011494252873563218,-0.7471264367816092,0.028735632183908046,-0.8908045977011494,0.05172413793103448,-1.0,0.06896551724137931,-0.4942528735632184,0.09195402298850575,-0.6896551724137931,0.11494252873563218,-0.8160919540229885,0.14942528735632185,-0.9137931034482759,0.16666666666666666,-0.4367816091954023,0.16666666666666666,-0.5689655172413793,0.21839080459770116,-0.6551724137931034,0.25287356321839083,-0.7298850574712644,0.27586206896551724
2,0.0,0.0,-0.09550561797752809,-0.15168539325842698,-0.24157303370786518,-0.25842696629213485,-0.38764044943820225,-0.34831460674157305,-0.5224719101123596,-0.42696629213483145,-0.5393258426966292,-0.07303370786516854,-0.7528089887640449,-0.07865168539325842,-0.8876404494382022,-0.06741573033707865,-0.9943820224719101,-0.05056179775280899,-0.5337078651685393,0.028089887640449437,-0.7528089887640449,0.06179775280898876,-0.898876404494382,0.09550561797752809,-1.0,0.11797752808988764,-0.5,0.11797752808988764,-0.6966292134831461,0.15730337078651685,-0.8202247191011236,0.19662921348314608,-0.9157303370786517,0.2303370786516854,-0.43820224719101125,0.19101123595505617,-0.5730337078651685,0.25280898876404495,-0.6629213483146067,0.29775280898876405,-0.7415730337078652,0.33146067415730335
2,0.0,0.0,-0.1043956043956044,-0.15384615384615385,-0.26373626373626374,-0.2692307692307692,-0.41208791208791207,-0.35714285714285715,-0.532967032967033,-0.4340659340659341,-0.5439560439560439,-0.06043956043956044,-0.7472527472527473,-0.054945054945054944,-0.8736263736263736,-0.038461538461538464,-0.978021978021978,-0.02197802197802198,-0.5384615384615384,0.04945054945054945,-0.7582417582417582,0.09340659340659341,-0.8901098901098901,0.13736263736263737,-1.0,0.17032967032967034,-0.5,0.14285714285714285,-0.6923076923076923,0.19230769230769232,-0.8131868131868132,0.23626373626373626,-0.9120879120879121,0.2692307692307692,-0.4340659340659341,0.21978021978021978,-0.5659340659340659,0.2802197802197802,-0.6538461538461539,0.32967032967032966,-0.7362637362637363,0.36813186813186816
2,0.0,0.0,-0.11475409836065574,-0.16393442622950818,-0.28415300546448086,-0.28415300546448086,-0.43169398907103823,-0.3770491803278688,-0.546448087431694,-0.45901639344262296,-0.546448087431694,-0.06557377049180328,-0.7486338797814208,-0.060109289617486336,-0.8743169398907104,-0.04371584699453552,-0.9781420765027322,-0.0273224043715847,-0.546448087431694,0.0546448087431694,-0.7595628415300546,0.1092896174863388,-0.8961748633879781,0.15300546448087432,-1.0,0.1912568306010929,-0.5027322404371585,0.14754098360655737,-0.6939890710382514,0.20765027322404372,-0.8142076502732241,0.2568306010928962,-0.912568306010929,0.29508196721311475,-0.43169398907103823,0.23497267759562843,-0.5628415300546448,0.30601092896174864,-0.6502732240437158,0.36065573770491804,-0.73224043715847,0.40437158469945356
2,0.0,0.0,-0.11956521739130435,-0.16847826086956522,-0.28804347826086957,-0.28804347826086957,-0.43478260869565216,-0.375,-0.5489130434782609,-0.45108695652173914,-0.5489130434782609,-0.059782608695652176,-0.75,-0.05434782608695652,-0.875,-0.03804347826086957,-0.9836956521739131,-0.016304347826086956,-0.5434782608695652,0.059782608695652176,-0.7608695652173914,0.125,-0.8967391304347826,0.16847826086956522,-1.0,0.21195652173913043,-0.5,0.16304347826086957,-0.6902173913043478,0.22282608695652173,-0.8097826086956522,0.2717391304347826,-0.907608695652174,0.31521739130434784,-0.42391304347826086,0.25,-0.5597826086956522,0.32065217391304346,-0.6413043478260869,0.3804347826086957,-0.7282608695652174,0.42391304347826086
2,0.0,0.0,-0.12365591397849462,-0.16666666666666666,-0.3064516129032258,-0.27956989247311825,-0.45698924731182794,-0.3655913978494624,-0.5591397849462365,-0.44623655913978494,-0.553763440860215,-0.053763440860215055,-0.7580645161290323,-0.043010752688172046,-0.8763440860215054,-0.026881720430107527,-0.9838709677419355,-0.005376344086021506,-0.5483870967741935,0.06989247311827956,-0.7634408602150538,0.12903225806451613,-0.8978494623655914,0.1774193548387097,-1.0,0.22043010752688172,-0.5053763440860215,0.16666666666666666,-0.6935483870967742,0.23655913978494625,-0.8172043010752689,0.27956989247311825,-0.9193548387096774,0.3225806451612903,-0.42473118279569894,0.25268817204301075,-0.5591397849462365,0.3279569892473118,-0.6505376344086021,0.3870967741935484,-0.7365591397849462,0.43548387096774194
2,0.0,0.0,-0.12365591397849462,-0.16666666666666666,-0.3010752688172043,-0.27956989247311825,-0.45161290322580644,-0.3602150537634409,-0.5591397849462365,-0.43010752688172044,-0.543010752688172,-0.04838709677419355,-0.7473118279569892,-0.04838709677419355,-0.8709677419354839,-0.03763440860215054,-0.978494623655914,-0.021505376344086023,-0.5376344086021505,0.07526881720430108,-0.7580645161290323,0.13440860215053763,-0.8924731182795699,0.1827956989247312,-1.0,0.22580645161290322,-0.4946236559139785,0.17204301075268819,-0.6881720430107527,0.24193548387096775,-0.8118279569892473,0.2849462365591398,-0.9139784946236559,0.3279569892473118,-0.41397849462365593,0.25268817204301075,-0.553763440860215,0.3279569892473118,-0.6451612903225806,0.3870967741935484,-0.7311827956989247,0.43548387096774194
2,0.0,0.0,-0.12299465240641712,-0.1711229946524064,-0.2994652406417112,-0.2727272727272727,-0.44919786096256686,-0.35294117647058826,-0.5454545454545454,-0.42245989304812837,-0.5401069518716578,-0.0481283422459893,-0.7379679144385026,-0.058823529411764705,-0.8609625668449198,-0.053475935828877004,-0.9679144385026738,-0.0427807486631016,-0.5347593582887701,0.06951871657754011,-0.7540106951871658,0.12299465240641712,-0.893048128342246,0.1657754010695187,-1.0,0.20320855614973263,-0.4919786096256685,0.1657754010695187,-0.6844919786096256,0.23529411764705882,-0.8074866310160428,0.2727272727272727,-0.9144385026737968,0.31016042780748665,-0.4117647058823529,0.24598930481283424,-0.5508021390374331,0.32620320855614976,-0.6417112299465241,0.37967914438502676,-0.732620320855615,0.42780748663101603
2,0.0,0.0,-0.12299465240641712,-0.1711229946524064,-0.2994652406417112,-0.2727272727272727,-0.44385026737967914,-0.34759358288770054,-0.5401069518716578,-0.42245989304812837,-0.5347593582887701,-0.053475935828877004,-0.732620320855615,-0.06951871657754011,-0.8609625668449198,-0.06417112299465241,-0.9679144385026738,-0.053475935828877004,-0.5294117647058824,0.06417112299465241,-0.7433155080213903,0.11229946524064172,-0.8877005347593583,0.1497326203208556,-1.0,0.18181818181818182,-0.48128342245989303,0.16042780748663102,-0.6737967914438503,0.2192513368983957,-0.8021390374331551,0.25668449197860965,-0.9090909090909091,0.2887700534759358,-0.40641711229946526,0.24064171122994651,-0.5401069518716578,0.3155080213903743,-0.6363636363636364,0.3689839572192513,-0.7272727272727273,0.41711229946524064
2,0.0,0.0,-0.11827956989247312,-0.16666666666666666,-0.3010752688172043,-0.26881720430107525,-0.44086021505376344,-0.3548387096774194,-0.5376344086021505,-0.43010752688172044,-0.5268817204301075,-0.05913978494623656,-0.7258064516129032,-0.08064516129032258,-0.8602150537634409,-0.08064516129032258,-0.967741935483871,-0.06989247311827956,-0.521505376344086,0.06451612903225806,-0.7419354838709677,0.10215053763440861,-0.8870967741935484,0.13440860215053763,-1.0,0.16666666666666666,-0.478494623655914,0.16129032258064516,-0.6666666666666666,0.21505376344086022,-0.7956989247311828,0.24193548387096775,-0.9032258064516129,0.26881720430107525,-0.3978494623655914,0.24193548387096775,-0.532258064516129,0.3118279569892473,-0.6290322580645161,0.3655913978494624,-0.7204301075268817,0.40860215053763443
2,0.0,0.0,-0.12432432432432433,-0.16756756756756758,-0.3081081081081081,-0.2756756756756757,-0.4486486486486487,-0.3675675675675676,-0.5405405405405406,-0.4486486486486487,-0.518918918918919,-0.07027027027027027,-0.7189189189189189,-0.0918918918918919,-0.8540540540540541,-0.0972972972972973,-0.9675675675675676,-0.0918918918918919,-0.5135135135135135,0.05405405405405406,-0.7297297297297297,0.08648648648648649,-0.8756756756756757,0.11351351351351352,-1.0,0.14054054054054055,-0.4648648648648649,0.15135135135135136,-0.654054054054054,0.2,-0.7837837837837838,0.22702702702702704,-0.8918918918918919,0.24864864864864866,-0.3837837837837838,0.23243243243243245,-0.518918918918919,0.3081081081081081,-0.6216216216216216,0.3567567567567568,-0.7135135135135136,0.4
2,0.0,0.0,-0.12290502793296089,-0.17318435754189945,-0.30726256983240224,-0.2905027932960894,-0.44692737430167595,-0.39106145251396646,-0.5418994413407822,-0.48044692737430167,-0.5195530726256983,-0.0893854748603352,-0.7262569832402235,-0.11731843575418995,-0.8603351955307262,-0.12290502793296089,-0.9776536312849162,-0.12290502793296089,-0.5083798882681564,0.03910614525139665,-0.7262569832402235,0.07262569832402235,-0.8770949720670391,0.09497206703910614,-1.0,0.12290502793296089,-0.45251396648044695,0.13966480446927373,-0.6424581005586593,0.18994413407821228,-0.770949720670391,0.2122905027932961,-0.88268156424581,0.24022346368715083,-0.3687150837988827,0.22905027932960895,-0.5083798882681564,0.3016759776536313,-0.6033519553072626,0.35195530726256985,-0.6983240223463687,0.39664804469273746
2,0.0,0.0,-0.12138728323699421,-0.1907514450867052,-0.31213872832369943,-0.3179190751445087,-0.4508670520231214,-0.4277456647398844,-0.5491329479768786,-0.5260115606936416,-0.5144508670520231,-0.12716763005780346,-0.7167630057803468,-0.1676300578034682,-0.8554913294797688,-0.18497109826589594,-0.976878612716763,-0.1907514450867052,-0.5086705202312138,0.005780346820809248,-0.7225433526011561,0.028901734104046242,-0.8728323699421965,0.046242774566473986,-1.0,0.06936416184971098,-0.4508670520231214,0.11560693641618497,-0.6416184971098265,0.15028901734104047,-0.7687861271676301,0.1676300578034682,-0.8786127167630058,0.1907514450867052,-0.36416184971098264,0.2138728323699422,-0.5086705202312138,0.2774566473988439,-0.6011560693641619,0.3236994219653179,-0.6994219653179191,0.36416184971098264
2,0.0,0.0,-0.12048192771084337,-0.19879518072289157,-0.3192771084337349,-0.3313253012048193,-0.463855421686747,-0.4457831325301205,-0.572289156626506,-0.5481927710843374,-0.5120481927710844,-0.15060240963855423,-0.7228915662650602,-0.1927710843373494,-0.8614457831325302,-0.22289156626506024,-0.9879518072289156,-0.24096385542168675,-0.5060240963855421,-0.012048192771084338,-0.7168674698795181,0.006024096385542169,-0.8674698795180723,0.012048192771084338,-1.0,0.030120481927710843,-0.4457831325301205,0.10843373493975904,-0.6325301204819277,0.13855421686746988,-0.7590361445783133,0.1566265060240964,-0.8734939759036144,0.1746987951807229,-0.35542168674698793,0.21084337349397592,-0.5,0.27710843373493976,-0.6024096385542169,0.3253012048192771,-0.6927710843373494,0.3674698795180723
2,0.0,0.0,-0.11875,-0.2125,-0.3125,-0.35625,-0.45625,-0.48125,-0.575,-0.59375,-0.50625,-0.16875,-0.71875,-0.21875,-0.8625,-0.25625,-0.99375,-0.2875,-0.5,-0.025,-0.7125,-0.0125,-0.86875,-0.00625,-1.0,0.0,-0.4375,0.1,-0.61875,0.13125,-0.75625,0.15,-0.875,0.16875,-0.3375,0.2125,-0.4875,0.26875,-0.5875,0.31875,-0.6875,0.36875
2,0.0,0.0,-0.1038961038961039,-0.23376623376623376,-0.2922077922077922,-0.38311688311688313,-0.43506493506493504,-0.5324675324675324,-0.551948051948052,-0.6623376623376623,-0.4935064935064935,-0.19480519480519481,-0.7077922077922078,-0.2597402597402597,-0.8506493506493507,-0.2987012987012987,-0.987012987012987,-0.33766233766233766,-0.487012987012987,-0.045454545454545456,-0.7012987012987013,-0.03896103896103896,-0.8571428571428571,-0.045454545454545456,-1.0,-0.045454545454545456,-0.42207792207792205,0.09090909090909091,-0.6038961038961039,0.11688311688311688,-0.7402597402597403,0.12987012987012986,-0.8571428571428571,0.14285714285714285,-0.3181818181818182,0.2012987012987013,-0.4675324675324675,0.2662337662337662,-0.564935064935065,0.3246753246753247,-0.6623376623376623,0.37012987012987014
2,0.0,0.0,-0.11564625850340136,-0.22448979591836735,-0.3129251700680272,-0.4013605442176871,-0.4421768707482993,-0.564625850340136,-0.54421768707483,-0.7142857142857143,-0.4965986394557823,-0.20408163265306123,-0.7142857142857143,-0.2789115646258503,-0.8571428571428571,-0.3197278911564626,-0.9931972789115646,-0.35374149659863946,-0.48299319727891155,-0.047619047619047616,-0.6938775510204082,-0.047619047619047616,-0.8503401360544217,-0.047619047619047616,-1.0,-0.047619047619047616,-0.41496598639455784,0.08843537414965986,-0.5986394557823129,0.1292517006802721,-0.7278911564625851,0.1360544217687075,-0.8503401360544217,0.14965986394557823,-0.3129251700680272,0.2108843537414966,-0.4557823129251701,0.2925170068027211,-0.5510204081632653,0.3469387755102041,-0.6462585034013606,0.4013605442176871
2,0.0,0.0,-0.10948905109489052,-0.24087591240875914,-0.29927007299270075,-0.44525547445255476,-0.43795620437956206,-0.635036496350365,-0.5328467153284672,-0.7956204379562044,-0.48905109489051096,-0.22627737226277372,-0.708029197080292,-0.29927007299270075,-0.8467153284671532,-0.35036496350364965,-0.9854014598540146,-0.39416058394160586,-0.4744525547445255,-0.051094890510948905,-0.6934306569343066,-0.051094890510948905,-0.8467153284671532,-0.058394160583941604,-1.0,-0.051094890510948905,-0.40875912408759124,0.0948905109489051,-0.5912408759124088,0.145985401459854,-0.7226277372262774,0.16058394160583941,-0.8467153284671532,0.17518248175182483,-0.30656934306569344,0.23357664233576642,-0.44525547445255476,0.32116788321167883,-0.5328467153284672,0.38686131386861317,-0.6277372262773723,0.45255474452554745
2,0.0,0.0,-0.109375,-0.2578125,-0.3046875,-0.484375,-0.4453125,-0.6875,-0.546875,-0.8671875,-0.484375,-0.234375,-0.703125,-0.3203125,-0.8515625,-0.375,-1.0,-0.421875,-0.4765625,-0.0546875,-0.6875,-0.046875,-0.84375,-0.046875,-1.0,-0.0234375,-0.40625,0.109375,-0.59375,0.171875,-0.7265625,0.1953125,-0.859375,0.21875,-0.296875,0.2578125,-0.4375,0.359375,-0.53125,0.4375,-0.625,0.5078125
2,0.0,0.0,-0.1111111111111111,-0.26495726495726496,-0.3076923076923077,-0.5213675213675214,-0.4444444444444444,-0.7521367521367521,-0.5470085470085471,-0.9572649572649573,-0.4700854700854701,-0.23931623931623933,-0.6837606837606838,-0.3247863247863248,-0.8376068376068376,-0.38461538461538464,-0.9914529914529915,-0.42735042735042733,-0.46153846153846156,-0.03418803418803419,-0.6752136752136753,-0.017094017094017096,-0.8290598290598291,-0.008547008547008548,-1.0,0.008547008547008548,-0.39316239316239315,0.15384615384615385,-0.5641025641025641,0.23076923076923078,-0.7008547008547008,0.27350427350427353,-0.8461538461538461,0.3162393162393162,-0.27350427350427353,0.3076923076923077,-0.41025641025641024,0.4444444444444444,-0.49572649572649574,0.5299145299145299,-0.5982905982905983,0.6153846153846154
2,0.0,0.0,-0.08695652173913043,-0.2782608695652174,-0.26956521739130435,-0.5478260869565217,-0.391304347826087,-0.8,-0.48695652173913045,-1.0,-0.4260869565217391,-0.24347826086956523,-0.6260869565217392,-0.3130434782608696,-0.7565217391304347,-0.3652173913043478,-0.8956521739130435,-0.40869565217391307,-0.41739130434782606,-0.02608695652173913,-0.6086956521739131,0.0,-0.7478260869565218,0.02608695652173913,-0.8956521739130435,0.06956521739130435,-0.34782608695652173,0.16521739130434782,-0.5130434782608696,0.25217391304347825,-0.6260869565217392,0.3130434782608696,-0.7478260869565218,0.3739130434782609,-0.24347826086956523,0.33043478260869563,-0.3652173913043478,0.46956521739130436,-0.43478260869565216,0.5739130434782609,-0.5304347826086957,0.6695652173913044
2,0.0,0.0,-0.09482758620689655,-0.2672413793103448,-0.25862068965517243,-0.5431034482758621,-0.3706896551724138,-0.7931034482758621,-0.45689655172413796,-1.0,-0.4224137931034483,-0.21551724137931033,-0.5948275862068966,-0.27586206896551724,-0.7068965517241379,-0.31896551724137934,-0.8275862068965517,-0.3620689655172414,-0.4051724137931034,0.017241379310344827,-0.5775862068965517,0.05172413793103448,-0.6982758620689655,0.09482758620689655,-0.8103448275862069,0.15517241379310345,-0.3448275862068966,0.20689655172413793,-0.5,0.29310344827586204,-0.5862068965517241,0.3706896551724138,-0.6724137931034483,0.4482758620689655,-0.23275862068965517,0.3620689655172414,-0.3448275862068966,0.5172413793103449,-0.4051724137931034,0.6293103448275862,-0.46551724137931033,0.7413793103448276
2,0.0,0.0,-0.09565217391304348,-0.2782608695652174,-0.2608695652173913,-0.5391304347826087,-0.3652173913043478,-0.7913043478260869,-0.4434782608695652,-1.0,-0.4,-0.19130434782608696,-0.5565217391304348,-0.22608695652173913,-0.6521739130434783,-0.2608695652173913,-0.7739130434782608,-0.28695652173913044,-0.3826086956521739,0.043478260869565216,-0.5478260869565217,0.11304347826086956,-0.6434782608695652,0.16521739130434782,-0.7304347826086957,0.22608695652173913,-0.3217391304347826,0.24347826086956523,-0.46956521739130436,0.3565217391304348,-0.5391304347826087,0.4434782608695652,-0.6086956521739131,0.5217391304347826,-0.22608695652173913,0.4,-0.3391304347826087,0.5739130434782609,-0.391304347826087,0.7043478260869566,-0.4434782608695652,0.8260869565217391
2,0.0,0.0,-0.08849557522123894,-0.2831858407079646,-0.23008849557522124,-0.5221238938053098,-0.3008849557522124,-0.7787610619469026,-0.3805309734513274,-1.0,-0.336283185840708,-0.168141592920354,-0.4778761061946903,-0.17699115044247787,-0.5663716814159292,-0.19469026548672566,-0.672566371681416,-0.21238938053097345,-0.3185840707964602,0.08849557522123894,-0.49557522123893805,0.18584070796460178,-0.5398230088495575,0.23008849557522124,-0.584070796460177,0.26548672566371684,-0.26548672566371684,0.2920353982300885,-0.40707964601769914,0.4336283185840708,-0.45132743362831856,0.5221238938053098,-0.504424778761062,0.5929203539823009,-0.18584070796460178,0.4424778761061947,-0.2920353982300885,0.6194690265486725,-0.3274336283185841,0.7699115044247787,-0.37168141592920356,0.8938053097345132
2,0.0,0.0,-0.04424778761061947,-0.3008849557522124,-0.12389380530973451,-0.5398230088495575,-0.1592920353982301,-0.7876106194690266,-0.22123893805309736,-1.0,-0.20353982300884957,-0.20353982300884957,-0.3185840707964602,-0.168141592920354,-0.35398230088495575,-0.08849557522123894,-0.37168141592920356,0.008849557522123894,-0.17699115044247787,0.05309734513274336,-0.30973451327433627,0.168141592920354,-0.34513274336283184,0.26548672566371684,-0.3805309734513274,0.36283185840707965,-0.1415929203539823,0.2743362831858407,-0.24778761061946902,0.4247787610619469,-0.2920353982300885,0.5309734513274337,-0.336283185840708,0.6283185840707964,-0.08849557522123894,0.4336283185840708,-0.168141592920354,0.6283185840707964,-0.21238938053097345,0.7610619469026548,-0.25663716814159293,0.8938053097345132
2,0.0,0.0,-0.04504504504504504,-0.2972972972972973,-0.12612612612612611,-0.5405405405405406,-0.16216216216216217,-0.7927927927927928,-0.18018018018018017,-1.0,-0.22522522522522523,-0.1891891891891892,-0.2972972972972973,-0.12612612612612611,-0.2972972972972973,-0.009009009009009009,-0.2702702702702703,0.16216216216216217,-0.1891891891891892,0.07207207207207207,-0.27927927927927926,0.1981981981981982,-0.2702702702702703,0.32432432432432434,-0.23423423423423423,0.44144144144144143,-0.15315315315315314,0.2882882882882883,-0.24324324324324326,0.45045045045045046,-0.24324324324324326,0.5675675675675675,-0.21621621621621623,0.6756756756756757,-0.0990990990990991,0.45045045045045046,-0.18018018018018017,0.6576576576576577,-0.2072072072072072,0.8288288288288288,-0.21621621621621623,0.9819819819819819
2,0.0,0.0,-0.026785714285714284,-0.2767857142857143,-0.11607142857142858,-0.5089285714285714,-0.13392857142857142,-0.7589285714285714,-0.14285714285714285,-0.9821428571428571,-0.3125,-0.15178571428571427,-0.32142857142857145,-0.0625,-0.26785714285714285,0.07142857142857142,-0.19642857142857142,0.23214285714285715,-0.2857142857142857,0.11607142857142858,-0.3125,0.2767857142857143,-0.25892857142857145,0.4375,-0.20535714285714285,0.5892857142857143,-0.24107142857142858,0.32142857142857145,-0.26785714285714285,0.5089285714285714,-0.23214285714285715,0.6517857142857143,-0.19642857142857142,0.7857142857142857,-0.16071428571428573,0.4642857142857143,-0.19642857142857142,0.6785714285714286,-0.1875,0.8571428571428571,-0.1875,1.0
2,0.0,0.0,-0.008547008547008548,-0.2564102564102564,-0.08547008547008547,-0.49572649572649574,-0.08547008547008547,-0.7264957264957265,-0.07692307692307693,-0.9230769230769231,-0.27350427350427353,-0.1452991452991453,-0.27350427350427353,-0.05982905982905983,-0.17094017094017094,0.02564102564102564,-0.05128205128205128,0.11965811965811966,-0.26495726495726496,0.1282051282051282,-0.29914529914529914,0.2905982905982906,-0.20512820512820512,0.4358974358974359,-0.1282051282051282,0.5811965811965812,-0.23931623931623933,0.3333333333333333,-0.26495726495726496,0.5128205128205128,-0.19658119658119658,0.6752136752136753,-0.1282051282051282,0.811965811965812,-0.17094017094017094,0.47863247863247865,-0.19658119658119658,0.6837606837606838,-0.1794871794871795,0.8461538461538461,-0.15384615384615385,1.0
2,0.0,0.0,0.02654867256637168,-0.2743362831858407,-0.04424778761061947,-0.5132743362831859,-0.035398230088495575,-0.7345132743362832,0.0,-0.911504424778761,-0.23893805309734514,-0.18584070796460178,-0.20353982300884957,-0.07079646017699115,-0.10619469026548672,0.008849557522123894,0.017699115044247787,0.11504424778761062,-0.26548672566371684,0.09734513274336283,-0.25663716814159293,0.30973451327433627,-0.1592920353982301,0.4690265486725664,-0.07964601769911504,0.6371681415929203,-0.25663716814159293,0.3185840707964602,-0.25663716814159293,0.5486725663716814,-0.18584070796460178,0.7433628318584071,-0.10619469026548672,0.9203539823008849,-0.21238938053097345,0.4690265486725664,-0.22123893805309736,0.6902654867256637,-0.17699115044247787,0.8495575221238938,-0.12389380530973451,1.0
2,0.0,0.0,0.017094017094017096,-0.23931623931623933,-0.05128205128205128,-0.46153846153846156,0.0,-0.6495726495726496,0.08547008547008547,-0.8034188034188035,-0.24786324786324787,-0.13675213675213677,-0.17094017094017094,0.008547008547008548,-0.05128205128205128,0.1111111111111111,0.08547008547008547,0.24786324786324787,-0.27350427350427353,0.1282051282051282,-0.21367521367521367,0.37606837606837606,-0.09401709401709402,0.5726495726495726,-0.008547008547008548,0.7692307692307693,-0.27350427350427353,0.3333333333333333,-0.21367521367521367,0.5726495726495726,-0.11965811965811966,0.7863247863247863,-0.02564102564102564,0.9658119658119658,-0.23076923076923078,0.46153846153846156,-0.19658119658119658,0.6837606837606838,-0.11965811965811966,0.8461538461538461,-0.05128205128205128,1.0
2,0.0,0.0,0.056,-0.224,0.008,-0.384,0.04,-0.544,0.136,-0.664,-0.216,-0.08,-0.104,0.104,-0.008,0.24,0.104,0.392,-0.256,0.168,-0.152,0.424,-0.048,0.616,0.032,0.808,-0.264,0.352,-0.184,0.592,-0.088,0.792,0.008,0.968,-0.232,0.472,-0.192,0.696,-0.12,0.848,-0.056,1.0
2,0.0,0.0,0.06153846153846154,-0.23076923076923078,0.038461538461538464,-0.35384615384615387,0.08461538461538462,-0.47692307692307695,0.14615384615384616,-0.5692307692307692,-0.19230769230769232,0.007692307692307693,-0.05384615384615385,0.19230769230769232,0.038461538461538464,0.3230769230769231,0.12307692307692308,0.45384615384615384,-0.23076923076923078,0.2230769230769231,-0.13846153846153847,0.5153846153846153,-0.046153846153846156,0.7153846153846154,0.015384615384615385,0.9,-0.23846153846153847,0.3769230769230769,-0.16923076923076924,0.6384615384615384,-0.06923076923076923,0.8307692307692308,0.023076923076923078,1.0,-0.19230769230769232,0.46153846153846156,-0.14615384615384616,0.6461538461538462,-0.06923076923076923,0.7846153846153846,0.023076923076923078,0.9153846153846154
2,0.0,0.0,0.05970149253731343,-0.23880597014925373,0.06716417910447761,-0.3358208955223881,0.1044776119402985,-0.43283582089552236,0.17164179104477612,-0.47761194029850745,-0.14925373134328357,0.06716417910447761,0.0,0.26865671641791045,0.1044776119402985,0.3880597014925373,0.19402985074626866,0.5074626865671642,-0.19402985074626866,0.26865671641791045,-0.11940298507462686,0.5671641791044776,-0.04477611940298507,0.7835820895522388,0.0,0.9776119402985075,-0.19402985074626866,0.41044776119402987,-0.1417910447761194,0.6791044776119403,-0.05970149253731343,0.8656716417910447,0.029850746268656716,1.0,-0.15671641791044777,0.4925373134328358,-0.11194029850746269,0.6716417910447762,-0.04477611940298507,0.7985074626865671,0.029850746268656716,0.9029850746268657
2,0.0,0.0,0.07407407407407407,-0.23703703703703705,0.08888888888888889,-0.3333333333333333,0.1259259259259259,-0.4222222222222222,0.22962962962962963,-0.45925925925925926,-0.1037037037037037,0.05925925925925926,0.044444444444444446,0.28888888888888886,0.15555555555555556,0.43703703703703706,0.25925925925925924,0.5851851851851851,-0.14074074074074075,0.2740740740740741,-0.06666666666666667,0.5703703703703704,-0.014814814814814815,0.7703703703703704,0.037037037037037035,0.9703703703703703,-0.14814814814814814,0.4222222222222222,-0.08888888888888889,0.6814814814814815,-0.044444444444444446,0.8666666666666667,0.007407407407407408,1.0,-0.1259259259259259,0.5185185185185185,-0.13333333333333333,0.7185185185185186,-0.1259259259259259,0.8592592592592593,-0.11851851851851852,0.9555555555555556
2,0.0,0.0,0.08088235294117647,-0.22794117647058823,0.1323529411764706,-0.33088235294117646,0.19852941176470587,-0.4117647058823529,0.3161764705882353,-0.40441176470588236,-0.10294117647058823,0.03676470588235294,0.04411764705882353,0.27205882352941174,0.16911764705882354,0.4485294117647059,0.2647058823529412,0.6323529411764706,-0.125,0.2426470588235294,-0.029411764705882353,0.5514705882352942,0.029411764705882353,0.7647058823529411,0.058823529411764705,0.9632352941176471,-0.125,0.3897058823529412,-0.0661764705882353,0.6470588235294118,-0.029411764705882353,0.8529411764705882,-0.007352941176470588,1.0,-0.11029411764705882,0.4852941176470588,-0.11029411764705882,0.6838235294117647,-0.11764705882352941,0.8161764705882353,-0.125,0.9117647058823529
2,0.0,0.0,0.0763888888888889,-0.18055555555555555,0.13194444444444445,-0.2569444444444444,0.20833333333333334,-0.3055555555555556,0.3125,-0.2708333333333333,-0.08333333333333333,0.11805555555555555,0.04861111111111111,0.3611111111111111,0.125,0.5347222222222222,0.18055555555555555,0.7083333333333334,-0.11805555555555555,0.2986111111111111,-0.041666666666666664,0.6041666666666666,-0.006944444444444444,0.8055555555555556,0.006944444444444444,1.0,-0.125,0.4097222222222222,-0.0763888888888889,0.6597222222222222,-0.05555555555555555,0.8541666666666666,-0.034722222222222224,1.0,-0.10416666666666667,0.4652777777777778,-0.09722222222222222,0.6458333333333334,-0.09027777777777778,0.7777777777777778,-0.09027777777777778,0.8819444444444444
2,0.0,0.0,0.10119047619047619,-0.10119047619047619,0.16071428571428573,-0.1130952380952381,0.23214285714285715,-0.09523809523809523,0.31547619047619047,-0.011904761904761904,-0.07738095238095238,0.24404761904761904,0.011904761904761904,0.47023809523809523,0.07142857142857142,0.6369047619047619,0.11904761904761904,0.7916666666666666,-0.1130952380952381,0.3630952380952381,-0.07738095238095238,0.6428571428571429,-0.06547619047619048,0.8333333333333334,-0.05357142857142857,1.0,-0.1130952380952381,0.4226190476190476,-0.1130952380952381,0.6607142857142857,-0.10714285714285714,0.8392857142857143,-0.1130952380952381,0.9642857142857143,-0.09523809523809523,0.44642857142857145,-0.1130952380952381,0.625,-0.11904761904761904,0.75,-0.13690476190476192,0.8452380952380952
2,0.0,0.0,0.10674157303370786,-0.0449438202247191,0.15730337078651685,-0.011235955056179775,0.21348314606741572,0.056179775280898875,0.29213483146067415,0.17415730337078653,-0.10674157303370786,0.33146067415730335,-0.0449438202247191,0.5617977528089888,-0.0056179775280898875,0.7359550561797753,0.02247191011235955,0.8764044943820225,-0.12359550561797752,0.398876404494382,-0.1348314606741573,0.6685393258426966,-0.1348314606741573,0.8539325842696629,-0.1348314606741573,1.0,-0.11797752808988764,0.42696629213483145,-0.15730337078651685,0.651685393258427,-0.16853932584269662,0.8146067415730337,-0.1853932584269663,0.9325842696629213,-0.10674157303370786,0.43820224719101125,-0.15168539325842698,0.6067415730337079,-0.17415730337078653,0.7191011235955056,-0.19662921348314608,0.8089887640449438
2,0.0,0.0,0.0967741935483871,-0.010752688172043012,0.13978494623655913,0.06451612903225806,0.1881720430107527,0.16129032258064516,0.23655913978494625,0.3010752688172043,-0.15591397849462366,0.3602150537634409,-0.10752688172043011,0.6075268817204301,-0.07526881720430108,0.7903225806451613,-0.05913978494623656,0.9301075268817204,-0.1774193548387097,0.40860215053763443,-0.1935483870967742,0.6774193548387096,-0.1989247311827957,0.8548387096774194,-0.20967741935483872,1.0,-0.17204301075268819,0.43010752688172044,-0.21505376344086022,0.6451612903225806,-0.23655913978494625,0.8010752688172043,-0.25268817204301075,0.9086021505376344,-0.15591397849462366,0.43548387096774194,-0.20967741935483872,0.5913978494623656,-0.23655913978494625,0.6935483870967742,-0.26344086021505375,0.7795698924731183
2,0.0,0.0,0.08021390374331551,0.03208556149732621,0.10695187165775401,0.13903743315508021,0.1443850267379679,0.27807486631016043,0.18716577540106952,0.4385026737967914,-0.20320855614973263,0.40641711229946526,-0.17647058823529413,0.6631016042780749,-0.16042780748663102,0.8449197860962567,-0.16042780748663102,0.9786096256684492,-0.22459893048128343,0.43315508021390375,-0.25668449197860965,0.7005347593582888,-0.2727272727272727,0.8716577540106952,-0.29411764705882354,1.0,-0.2192513368983957,0.4385026737967914,-0.26737967914438504,0.6577540106951871,-0.2994652406417112,0.7967914438502673,-0.32085561497326204,0.9037433155080213,-0.19786096256684493,0.4385026737967914,-0.25133689839572193,0.5935828877005348,-0.2887700534759358,0.6844919786096256,-0.3155080213903743,0.7593582887700535
2,0.0,0.0,0.09836065573770492,0.09836065573770492,0.11475409836065574,0.25136612021857924,0.15300546448087432,0.3989071038251366,0.18579234972677597,0.5628415300546448,-0.20765027322404372,0.453551912568306,-0.2185792349726776,0.6994535519125683,-0.22950819672131148,0.8797814207650273,-0.2459016393442623,1.0,-0.22404371584699453,0.453551912568306,-0.29508196721311475,0.7158469945355191,-0.3224043715846995,0.8688524590163934,-0.3551912568306011,0.994535519125683,-0.21311475409836064,0.44808743169398907,-0.29508196721311475,0.6612021857923497,-0.3333333333333333,0.7868852459016393,-0.36065573770491804,0.8907103825136612,-0.19672131147540983,0.44808743169398907,-0.26229508196721313,0.5901639344262295,-0.3005464480874317,0.6721311475409836,-0.33879781420765026,0.7431693989071039
2,0.0,0.0,0.06629834254143646,0.143646408839779,0.08839779005524862,0.3314917127071823,0.13812154696132597,0.49171270718232046,0.16022099447513813,0.6740331491712708,-0.2430939226519337,0.4585635359116022,-0.281767955801105,0.7016574585635359,-0.30939226519337015,0.8784530386740331,-0.3314917127071823,1.0,-0.24861878453038674,0.4530386740331492,-0.3425414364640884,0.6906077348066298,-0.3867403314917127,0.8453038674033149,-0.425414364640884,0.9613259668508287,-0.23756906077348067,0.4419889502762431,-0.3314917127071823,0.6243093922651933,-0.3756906077348066,0.7513812154696132,-0.40331491712707185,0.8453038674033149,-0.20994475138121546,0.430939226519337,-0.287292817679558,0.5580110497237569,-0.3259668508287293,0.6353591160220995,-0.36464088397790057,0.6961325966850829
2,0.0,0.0,0.054945054945054944,0.1978021978021978,0.06043956043956044,0.41208791208791207,0.09340659340659341,0.5934065934065934,0.11538461538461539,0.7857142857142857,-0.27472527472527475,0.510989010989011,-0.33516483516483514,0.7417582417582418,-0.37362637362637363,0.8956043956043956,-0.4065934065934066,1.0,-0.27472527472527475,0.47802197802197804,-0.38461538461538464,0.6923076923076923,-0.43956043956043955,0.8186813186813187,-0.489010989010989,0.9175824175824175,-0.25824175824175827,0.44505494505494503,-0.35714285714285715,0.6043956043956044,-0.41208791208791207,0.7142857142857143,-0.45054945054945056,0.7967032967032966,-0.23076923076923078,0.4175824175824176,-0.3131868131868132,0.5274725274725275,-0.35714285714285715,0.5879120879120879,-0.4010989010989011,0.6428571428571429
2,0.0,0.0,0.03409090909090909,0.24431818181818182,0.028409090909090908,0.4772727272727273,0.0625,0.6761363636363636,0.07954545454545454,0.8636363636363636,-0.3352272727272727,0.5340909090909091,-0.4034090909090909,0.7670454545454546,-0.44886363636363635,0.9034090909090909,-0.48295454545454547,1.0,-0.3352272727272727,0.48295454545454547,-0.45454545454545453,0.6818181818181818,-0.5113636363636364,0.7954545454545454,-0.5625,0.8806818181818182,-0.3125,0.4375,-0.4147727272727273,0.5909090909090909,-0.4659090909090909,0.6818181818181818,-0.4943181818181818,0.7613636363636364,-0.2727272727272727,0.4090909090909091,-0.35795454545454547,0.5170454545454546,-0.39204545454545453,0.5681818181818182,-0.42045454545454547,0.6136363636363636
2,0.0,0.0,0.03614457831325301,0.3072289156626506,0.024096385542168676,0.5481927710843374,0.05421686746987952,0.7530120481927711,0.060240963855421686,0.9457831325301205,-0.37349397590361444,0.5602409638554217,-0.46987951807228917,0.7831325301204819,-0.5301204819277109,0.9096385542168675,-0.5843373493975904,1.0,-0.37349397590361444,0.4879518072289157,-0.5120481927710844,0.6746987951807228,-0.5843373493975904,0.7710843373493976,-0.6506024096385542,0.8554216867469879,-0.3433734939759036,0.42771084337349397,-0.4578313253012048,0.5662650602409639,-0.5240963855421686,0.6566265060240963,-0.572289156626506,0.7289156626506024,-0.30120481927710846,0.3855421686746988,-0.39759036144578314,0.46987951807228917,-0.4457831325301205,0.5120481927710844,-0.5,0.5481927710843374
2,0.0,0.0,0.03289473684210526,0.34210526315789475,0.019736842105263157,0.5921052631578947,0.039473684210526314,0.8026315789473685,0.046052631578947366,1.0,-0.4144736842105263,0.5789473684210527,-0.5328947368421053,0.7960526315789473,-0.6118421052631579,0.9144736842105263,-0.6776315789473685,0.993421052631579,-0.4276315789473684,0.48026315789473684,-0.5921052631578947,0.6578947368421053,-0.6776315789473685,0.75,-0.756578947368421,0.8223684210526315,-0.40131578947368424,0.40131578947368424,-0.5394736842105263,0.5263157894736842,-0.6118421052631579,0.6052631578947368,-0.6644736842105263,0.6710526315789473,-0.3618421052631579,0.34868421052631576,-0.47368421052631576,0.4144736842105263,-0.5197368421052632,0.45394736842105265,-0.5723684210526315,0.4868421052631579
2,0.0,0.0,0.02054794520547945,0.3493150684931507,0.00684931506849315,0.5958904109589042,0.0273972602739726,0.8082191780821918,0.02054794520547945,1.0,-0.4383561643835616,0.5547945205479452,-0.5821917808219178,0.7534246575342466,-0.6712328767123288,0.863013698630137,-0.7465753424657534,0.9383561643835616,-0.4452054794520548,0.4520547945205479,-0.6301369863013698,0.6027397260273972,-0.7328767123287672,0.678082191780822,-0.8287671232876712,0.7397260273972602,-0.4178082191780822,0.363013698630137,-0.5684931506849316,0.4726027397260274,-0.6575342465753424,0.5273972602739726,-0.726027397260274,0.5821917808219178,-0.3767123287671233,0.3013698630136986,-0.5,0.3424657534246575,-0.5684931506849316,0.3698630136986301,-0.6438356164383562,0.3835616438356164
2,0.0,0.0,0.006896551724137931,0.3586206896551724,-0.020689655172413793,0.6068965517241379,0.0,0.8137931034482758,-0.006896551724137931,1.0,-0.46206896551724136,0.5310344827586206,-0.6137931034482759,0.7103448275862069,-0.7103448275862069,0.8068965517241379,-0.7931034482758621,0.8689655172413793,-0.46206896551724136,0.42758620689655175,-0.6482758620689655,0.5586206896551724,-0.7517241379310344,0.6275862068965518,-0.8551724137931035,0.6758620689655173,-0.42758620689655175,0.3310344827586207,-0.5793103448275863,0.42758620689655175,-0.6758620689655173,0.47586206896551725,-0.7586206896551724,0.5172413793103449,-0.3793103448275862,0.25517241379310346,-0.5103448275862069,0.2896551724137931,-0.5724137931034483,0.30344827586206896,-0.6482758620689655,0.30344827586206896
2,0.0,0.0,-0.02097902097902098,0.36363636363636365,-0.04895104895104895,0.6153846153846154,-0.03496503496503497,0.8251748251748252,-0.04195804195804196,1.0,-0.48951048951048953,0.4965034965034965,-0.6713286713286714,0.6573426573426573,-0.7902097902097902,0.7342657342657343,-0.8811188811188811,0.7832167832167832,-0.48951048951048953,0.38461538461538464,-0.6923076923076923,0.5034965034965035,-0.8041958041958042,0.5524475524475524,-0.9090909090909091,0.5804195804195804,-0.45454545454545453,0.2867132867132867,-0.6223776223776224,0.3706293706293706,-0.7202797202797203,0.40559440559440557,-0.8111888111888111,0.42657342657342656,-0.40559440559440557,0.20279720279720279,-0.5524475524475524,0.23076923076923078,-0.6153846153846154,0.23076923076923078,-0.6993006993006993,0.22377622377622378
2,0.0,0.0,-0.050359712230215826,0.3669064748201439,-0.08633093525179857,0.6115107913669064,-0.07194244604316546,0.8273381294964028,-0.07194244604316546,1.0,-0.5323741007194245,0.460431654676259,-0.7266187050359713,0.6115107913669064,-0.8489208633093526,0.6834532374100719,-0.9496402877697842,0.7266187050359713,-0.5251798561151079,0.34532374100719426,-0.7410071942446043,0.4460431654676259,-0.8705035971223022,0.48201438848920863,-0.9856115107913669,0.5035971223021583,-0.4892086330935252,0.23741007194244604,-0.6690647482014388,0.30935251798561153,-0.7841726618705036,0.3237410071942446,-0.8848920863309353,0.3381294964028777,-0.4316546762589928,0.1510791366906475,-0.5755395683453237,0.16546762589928057,-0.6474820143884892,0.15827338129496402,-0.7338129496402878,0.14388489208633093
2,0.0,0.0,-0.05755395683453238,0.3669064748201439,-0.1079136690647482,0.60431654676259,-0.09352517985611511,0.8057553956834532,-0.10071942446043165,0.9712230215827338,-0.539568345323741,0.4244604316546763,-0.7338129496402878,0.5539568345323741,-0.8633093525179856,0.6187050359712231,-0.9640287769784173,0.6474820143884892,-0.5323741007194245,0.302158273381295,-0.7482014388489209,0.381294964028777,-0.8848920863309353,0.4172661870503597,-1.0,0.4244604316546763,-0.4892086330935252,0.19424460431654678,-0.6690647482014388,0.2446043165467626,-0.7913669064748201,0.2517985611510791,-0.8992805755395683,0.2517985611510791,-0.4244604316546763,0.10071942446043165,-0.5755395683453237,0.10071942446043165,-0.6474820143884892,0.08633093525179857,-0.7410071942446043,0.05755395683453238
2,0.0,0.0,-0.07692307692307693,0.3146853146853147,-0.1258741258741259,0.5454545454545454,-0.11188811188811189,0.7412587412587412,-0.1258741258741259,0.8951048951048951,-0.5314685314685315,0.34965034965034963,-0.7482517482517482,0.44755244755244755,-0.8741258741258742,0.48951048951048953,-0.986013986013986,0.5104895104895105,-0.5244755244755245,0.23076923076923078,-0.7482517482517482,0.2867132867132867,-0.8811188811188811,0.3006993006993007,-1.0,0.3006993006993007,-0.4755244755244755,0.11888111888111888,-0.6573426573426573,0.15384615384615385,-0.7902097902097902,0.13986013986013987,-0.8951048951048951,0.13286713286713286,-0.40559440559440557,0.02097902097902098,-0.5524475524475524,0.013986013986013986,-0.6363636363636364,-0.006993006993006993,-0.7272727272727273,-0.03496503496503497
2,0.0,0.0,-0.060810810810810814,0.2702702702702703,-0.13513513513513514,0.4797297297297297,-0.14189189189189189,0.668918918918919,-0.16216216216216217,0.8108108108108109,-0.5135135135135135,0.27702702702702703,-0.75,0.34459459459459457,-0.8783783783783784,0.36486486486486486,-0.9932432432432432,0.3716216216216216,-0.5135135135135135,0.14189189189189189,-0.7432432432432432,0.17567567567567569,-0.8918918918918919,0.18243243243243243,-1.0,0.16891891891891891,-0.47297297297297297,0.033783783783783786,-0.668918918918919,0.05405405405405406,-0.7972972972972973,0.033783783783783786,-0.8986486486486487,0.02027027027027027,-0.39864864864864863,-0.060810810810810814,-0.5405405405405406,-0.08108108108108109,-0.6216216216216216,-0.10810810810810811,-0.7027027027027027,-0.14189189189189189
2,0.0,0.0,-0.06493506493506493,0.2662337662337662,-0.17532467532467533,0.44805194805194803,-0.19480519480519481,0.6298701298701299,-0.22077922077922077,0.7532467532467533,-0.512987012987013,0.24025974025974026,-0.7467532467532467,0.2922077922077922,-0.8831168831168831,0.2987012987012987,-0.9935064935064936,0.2987012987012987,-0.5194805194805194,0.1038961038961039,-0.7597402597402597,0.11038961038961038,-0.9025974025974026,0.11038961038961038,-1.0,0.09090909090909091,-0.4675324675324675,-0.012987012987012988,-0.6753246753246753,-0.012987012987012988,-0.7987012987012987,-0.03896103896103896,-0.8896103896103896,-0.05844155844155844,-0.38961038961038963,-0.09090909090909091,-0.5324675324675324,-0.12337662337662338,-0.6168831168831169,-0.16233766233766234,-0.6883116883116883,-0.19480519480519481
2,0.0,0.0,-0.08695652173913043,0.2484472049689441,-0.19875776397515527,0.40372670807453415,-0.2484472049689441,0.5652173913043478,-0.2795031055900621,0.6708074534161491,-0.5093167701863354,0.19254658385093168,-0.7453416149068323,0.21739130434782608,-0.8819875776397516,0.2111801242236025,-0.9875776397515528,0.19875776397515527,-0.5093167701863354,0.055900621118012424,-0.7577639751552795,0.031055900621118012,-0.9006211180124224,0.018633540372670808,-1.0,0.0,-0.45962732919254656,-0.055900621118012424,-0.6645962732919255,-0.08695652173913043,-0.7888198757763976,-0.11180124223602485,-0.8757763975155279,-0.13664596273291926,-0.391304347826087,-0.13664596273291926,-0.5341614906832298,-0.18633540372670807,-0.6149068322981367,-0.22981366459627328,-0.6894409937888198,-0.2670807453416149
2,0.0,0.0,-0.10493827160493827,0.24074074074074073,-0.22839506172839505,0.3888888888888889,-0.2962962962962963,0.5370370370370371,-0.345679012345679,0.6358024691358025,-0.5185185185185185,0.15432098765432098,-0.7592592592592593,0.16049382716049382,-0.8950617283950617,0.14814814814814814,-1.0,0.13580246913580246,-0.5061728395061729,0.018518518518518517,-0.7530864197530864,-0.018518518518518517,-0.8950617283950617,-0.04938271604938271,-1.0,-0.07407407407407407,-0.4444444444444444,-0.09259259259259259,-0.6604938271604939,-0.12962962962962962,-0.7777777777777778,-0.16666666666666666,-0.8703703703703703,-0.19753086419753085,-0.37037037037037035,-0.1728395061728395,-0.5123456790123457,-0.22839506172839505,-0.5925925925925926,-0.2777777777777778,-0.6666666666666666,-0.3271604938271605
2,0.0,0.0,-0.12574850299401197,0.23353293413173654,-0.2634730538922156,0.3532934131736527,-0.3473053892215569,0.48502994011976047,-0.41317365269461076,0.562874251497006,-0.5209580838323353,0.10778443113772455,-0.7604790419161677,0.08982035928143713,-0.8982035928143712,0.0718562874251497,-1.0,0.04790419161676647,-0.5029940119760479,-0.023952095808383235,-0.7485029940119761,-0.08982035928143713,-0.8922155688622755,-0.12574850299401197,-0.9880239520958084,-0.16167664670658682,-0.437125748502994,-0.1317365269461078,-0.6467065868263473,-0.18562874251497005,-0.7664670658682635,-0.23353293413173654,-0.8502994011976048,-0.2694610778443114,-0.3592814371257485,-0.20359281437125748,-0.5029940119760479,-0.2754491017964072,-0.5748502994011976,-0.32335329341317365,-0.6467065868263473,-0.3772455089820359
2,0.0,0.0,-0.13529411764705881,0.20588235294117646,-0.29411764705882354,0.3176470588235294,-0.4,0.4294117647058823,-0.47058823529411764,0.5,-0.5294117647058824,0.07058823529411765,-0.7588235294117647,0.023529411764705882,-0.9,-0.0058823529411764705,-1.0,-0.041176470588235294,-0.5,-0.06470588235294118,-0.7352941176470589,-0.15294117647058825,-0.8764705882352941,-0.20588235294117646,-0.9764705882352941,-0.2529411764705882,-0.4294117647058823,-0.16470588235294117,-0.6352941176470588,-0.2411764705882353,-0.7529411764705882,-0.3,-0.8411764705882353,-0.34705882352941175,-0.35294117647058826,-0.22941176470588234,-0.48823529411764705,-0.3176470588235294,-0.5647058823529412,-0.3764705882352941,-0.6235294117647059,-0.43529411764705883
2,0.0,0.0,-0.15028901734104047,0.19653179190751446,-0.3179190751445087,0.2947976878612717,-0.44508670520231214,0.3930635838150289,-0.5202312138728323,0.45664739884393063,-0.5260115606936416,0.046242774566473986,-0.7630057803468208,-0.017341040462427744,-0.9017341040462428,-0.057803468208092484,-1.0,-0.09826589595375723,-0.4913294797687861,-0.08670520231213873,-0.7283236994219653,-0.1907514450867052,-0.8728323699421965,-0.26011560693641617,-0.9653179190751445,-0.3179190751445087,-0.42196531791907516,-0.18497109826589594,-0.6242774566473989,-0.2774566473988439,-0.7398843930635838,-0.3468208092485549,-0.8323699421965318,-0.3988439306358382,-0.3468208092485549,-0.24277456647398843,-0.48554913294797686,-0.3352601156069364,-0.5549132947976878,-0.41040462427745666,-0.6127167630057804,-0.4797687861271676
2,0.0,0.0,-0.15606936416184972,0.1907514450867052,-0.34104046242774566,0.2774566473988439,-0.48554913294797686,0.3583815028901734,-0.5722543352601156,0.42196531791907516,-0.5260115606936416,0.017341040462427744,-0.7572254335260116,-0.06936416184971098,-0.8959537572254336,-0.12138728323699421,-1.0,-0.1676300578034682,-0.48554913294797686,-0.11560693641618497,-0.7167630057803468,-0.23699421965317918,-0.861271676300578,-0.3179190751445087,-0.953757225433526,-0.3815028901734104,-0.42196531791907516,-0.20809248554913296,-0.6184971098265896,-0.3179190751445087,-0.7341040462427746,-0.3930635838150289,-0.815028901734104,-0.45664739884393063,-0.3468208092485549,-0.26011560693641617,-0.47398843930635837,-0.3699421965317919,-0.5433526011560693,-0.44508670520231214,-0.5953757225433526,-0.5202312138728323
2,0.0,0.0,-0.1695906432748538,0.18128654970760233,-0.3684210526315789,0.2573099415204678,-0.5263157894736842,0.32748538011695905,-0.631578947368421,0.38011695906432746,-0.5380116959064327,-0.023391812865497075,-0.7660818713450293,-0.12280701754385964,-0.9005847953216374,-0.18128654970760233,-1.0,-0.23976608187134502,-0.49122807017543857,-0.15204678362573099,-0.7134502923976608,-0.29239766081871343,-0.8538011695906432,-0.38011695906432746,-0.9473684210526315,-0.4619883040935672,-0.4152046783625731,-0.23976608187134502,-0.6081871345029239,-0.3567251461988304,-0.7192982456140351,-0.4444444444444444,-0.8011695906432749,-0.52046783625731,-0.3391812865497076,-0.28654970760233917,-0.4678362573099415,-0.39766081871345027,-0.5263157894736842,-0.47953216374269003,-0.5730994152046783,-0.5555555555555556
2,0.0,0.0,-0.18235294117647058,0.18235294117647058,-0.3941176470588235,0.2529411764705882,-0.5647058823529412,0.3058823529411765,-0.6823529411764706,0.34705882352941175,-0.5352941176470588,-0.047058823529411764,-0.7588235294117647,-0.16470588235294117,-0.9,-0.23529411764705882,-1.0,-0.3,-0.4823529411764706,-0.17647058823529413,-0.7,-0.32941176470588235,-0.8352941176470589,-0.4294117647058823,-0.9294117647058824,-0.5176470588235295,-0.40588235294117647,-0.25882352941176473,-0.5941176470588235,-0.38823529411764707,-0.7058823529411765,-0.4823529411764706,-0.788235294117647,-0.5647058823529412,-0.32941176470588235,-0.3058823529411765,-0.45294117647058824,-0.4235294117647059,-0.5117647058823529,-0.5058823529411764,-0.5588235294117647,-0.5882352941176471
2,0.0,0.0,-0.1927710843373494,0.1746987951807229,-0.41566265060240964,0.23493975903614459,-0.6024096385542169,0.27710843373493976,-0.7349397590361446,0.3072289156626506,-0.5421686746987951,-0.08433734939759036,-0.7650602409638554,-0.21686746987951808,-0.9036144578313253,-0.30120481927710846,-1.0,-0.3795180722891566,-0.4819277108433735,-0.21084337349397592,-0.6987951807228916,-0.39156626506024095,-0.8373493975903614,-0.5,-0.9216867469879518,-0.5963855421686747,-0.4036144578313253,-0.2891566265060241,-0.5963855421686747,-0.4397590361445783,-0.7048192771084337,-0.5421686746987951,-0.7831325301204819,-0.6265060240963856,-0.3313253012048193,-0.3313253012048193,-0.45180722891566266,-0.4578313253012048,-0.5060240963855421,-0.5481927710843374,-0.5481927710843374,-0.6385542168674698
2,0.0,0.0,-0.21739130434782608,0.17391304347826086,-0.4472049689440994,0.21739130434782608,-0.6521739130434783,0.2546583850931677,-0.8012422360248447,0.2795031055900621,-0.5527950310559007,-0.12422360248447205,-0.7763975155279503,-0.2795031055900621,-0.906832298136646,-0.36645962732919257,-1.0,-0.45962732919254656,-0.4906832298136646,-0.2484472049689441,-0.7018633540372671,-0.4409937888198758,-0.8385093167701864,-0.5652173913043478,-0.9316770186335404,-0.6708074534161491,-0.40993788819875776,-0.32298136645962733,-0.5900621118012422,-0.484472049689441,-0.7018633540372671,-0.5962732919254659,-0.7763975155279503,-0.6894409937888198,-0.32919254658385094,-0.35403726708074534,-0.45962732919254656,-0.4906832298136646,-0.515527950310559,-0.577639751552795,-0.5652173913043478,-0.6708074534161491
2,0.0,0.0,-0.23225806451612904,0.16774193548387098,-0.4838709677419355,0.2,-0.7032258064516129,0.2129032258064516,-0.864516129032258,0.22580645161290322,-0.5548387096774193,-0.15483870967741936,-0.7741935483870968,-0.33548387096774196,-0.9032258064516129,-0.44516129032258067,-1.0,-0.5483870967741935,-0.4838709677419355,-0.2838709677419355,-0.7032258064516129,-0.4967741935483871,-0.8387096774193549,-0.6387096774193548,-0.9225806451612903,-0.7612903225806451,-0.4064516129032258,-0.36129032258064514,-0.5935483870967742,-0.5419354838709678,-0.7096774193548387,-0.6580645161290323,-0.7806451612903226,-0.7612903225806451,-0.33548387096774196,-0.3870967741935484,-0.45806451612903226,-0.535483870967742,-0.5290322580645161,-0.632258064516129,-0.5741935483870968,-0.7225806451612903
2,0.0,0.0,-0.24,0.16666666666666666,-0.49333333333333335,0.18,-0.7133333333333334,0.18666666666666668,-0.8866666666666667,0.18,-0.5466666666666666,-0.19333333333333333,-0.7666666666666667,-0.38666666666666666,-0.9066666666666666,-0.5066666666666667,-1.0,-0.62,-0.48,-0.32,-0.6933333333333334,-0.5533333333333333,-0.8333333333333334,-0.7,-0.92,-0.8266666666666667,-0.4,-0.3933333333333333,-0.5866666666666667,-0.5866666666666667,-0.7,-0.7133333333333334,-0.7733333333333333,-0.8266666666666667,-0.3333333333333333,-0.42,-0.46,-0.5666666666666667,-0.5266666666666666,-0.6666666666666666,-0.58,-0.7666666666666667
2,0.0,0.0,-0.24305555555555555,0.1597222222222222,-0.5,0.1597222222222222,-0.7291666666666666,0.1388888888888889,-0.9097222222222222,0.125,-0.5555555555555556,-0.22916666666666666,-0.7847222222222222,-0.4444444444444444,-0.9166666666666666,-0.5763888888888888,-1.0,-0.7013888888888888,-0.4791666666666667,-0.3611111111111111,-0.7013888888888888,-0.6111111111111112,-0.8402777777777778,-0.7708333333333334,-0.9166666666666666,-0.9097222222222222,-0.4027777777777778,-0.4236111111111111,-0.5902777777777778,-0.6388888888888888,-0.7083333333333334,-0.7777777777777778,-0.7777777777777778,-0.9027777777777778,-0.3402777777777778,-0.4444444444444444,-0.4722222222222222,-0.6111111111111112,-0.5416666666666666,-0.7152777777777778,-0.5902777777777778,-0.8194444444444444
2,0.0,0.0,-0.2426470588235294,0.16176470588235295,-0.5073529411764706,0.13970588235294118,-0.7426470588235294,0.09558823529411764,-0.9117647058823529,0.0661764705882353,-0.5588235294117647,-0.25,-0.7867647058823529,-0.49264705882352944,-0.9117647058823529,-0.6470588235294118,-1.0,-0.7867647058823529,-0.4852941176470588,-0.38235294117647056,-0.7132352941176471,-0.6544117647058824,-0.8529411764705882,-0.8382352941176471,-0.9411764705882353,-0.9926470588235294,-0.4117647058823529,-0.45588235294117646,-0.6102941176470589,-0.6838235294117647,-0.7279411764705882,-0.8382352941176471,-0.8014705882352942,-0.9779411764705882,-0.34558823529411764,-0.47058823529411764,-0.4852941176470588,-0.6544117647058824,-0.5588235294117647,-0.7720588235294118,-0.6102941176470589,-0.8823529411764706
2,0.0,0.0,-0.2127659574468085,0.1276595744680851,-0.4326241134751773,0.09219858156028368,-0.624113475177305,0.02127659574468085,-0.7730496453900709,-0.0425531914893617,-0.48936170212765956,-0.2907801418439716,-0.7021276595744681,-0.5319148936170213,-0.8156028368794326,-0.6879432624113475,-0.8936170212765957,-0.8297872340425532,-0.425531914893617,-0.41843971631205673,-0.6312056737588653,-0.6808510638297872,-0.7588652482269503,-0.851063829787234,-0.8439716312056738,-1.0,-0.36879432624113473,-0.46808510638297873,-0.524822695035461,-0.6879432624113475,-0.6312056737588653,-0.8297872340425532,-0.6950354609929078,-0.950354609929078,-0.3333333333333333,-0.46808510638297873,-0.44680851063829785,-0.6382978723404256,-0.5177304964539007,-0.7588652482269503,-0.5602836879432624,-0.8581560283687943
2,0.0,0.0,-0.14864864864864866,0.10810810810810811,-0.31756756756756754,0.06756756756756757,-0.4594594594594595,-0.02027027027027027,-0.5945945945945946,-0.08108108108108109,-0.41216216216216217,-0.32432432432432434,-0.5945945945945946,-0.5472972972972973,-0.6824324324324325,-0.6959459459459459,-0.75,-0.8378378378378378,-0.36486486486486486,-0.43243243243243246,-0.5405405405405406,-0.668918918918919,-0.6554054054054054,-0.8445945945945946,-0.7297297297297297,-1.0,-0.3310810810810811,-0.47297297297297297,-0.47297297297297297,-0.668918918918919,-0.581081081081081,-0.8040540540540541,-0.6554054054054054,-0.9256756756756757,-0.31756756756756754,-0.46621621621621623,-0.43243243243243246,-0.6283783783783784,-0.5135135135135135,-0.7432432432432432,-0.5675675675675675,-0.8581081081081081
2,0.0,0.0,-0.0851063829787234,0.1276595744680851,-0.19858156028368795,0.11347517730496454,-0.2978723404255319,0.0070921985815602835,-0.4326241134751773,-0.11347517730496454,-0.3333333333333333,-0.28368794326241137,-0.46099290780141844,-0.5319148936170213,-0.5673758865248227,-0.7092198581560284,-0.6453900709219859,-0.8723404255319149,-0.3404255319148936,-0.3971631205673759,-0.49645390070921985,-0.6382978723404256,-0.6170212765957447,-0.8297872340425532,-0.7092198581560284,-1.0,-0.3475177304964539,-0.45390070921985815,-0.48936170212765956,-0.6666666666666666,-0.5957446808510638,-0.8297872340425532,-0.6737588652482269,-0.9787234042553191,-0.3475177304964539,-0.475177304964539,-0.46808510638297873,-0.6453900709219859,-0.5390070921985816,-0.7730496453900709,-0.5957446808510638,-0.8936170212765957
