0.567506 0.231271 0.179158 3.47442 0.0651086 -2.33422 0.0 0.0 0.0
0.567506 0.231271 0.179158 3.47442 0.0651086 -2.33422 0.0 0.0 0.0
0.567506 0.231271 0.179158 3.47442 0.0651086 -2.33422 0.0 0.0 0.0
0.567506 0.231271 0.179158 3.47442 0.0651086 -2.33422 0.0 0.0 0.0
0.567506 0.231271 0.179158 3.47442 0.0651086 -2.33422 0.0 0.0 0.0
0.567506 0.231271 0.179158 3.47442 0.0651086 -2.33422 0.0 0.0 0.0
0.567506 0.231271 0.179158 3.47442 0.0651086 -2.33422 0.0 0.0 0.0
0.567506 0.231271 0.179158 3.47442 0.0651086 -2.33422 0.0 0.0 0.0
0.567506 0.231271 0.179158 3.47442 0.0651086 -2.33422 0.0 0.0 0.0
0.567506 0.231271 0.179158 3.47442 0.0651086 -2.33422 0.0 0.0 0.0
0.567506 0.231271 0.179158 3.47442 0.0651086 -2.33422 0.0 0.0 0.0
0.567506 0.231271 0.179158 3.47442 0.0651086 -2.33422 0.0 0.0 0.0
0.567506 0.231271 0.179158 3.47442 0.0651086 -2.33422 0.0 0.0 0.0
0.567506 0.231271 0.179158 3.47442 0.0651086 -2.33422 0.0 0.0 0.0
0.567506 0.231271 0.179158 3.47442 0.0651086 -2.33422 0.0 0.0 0.0
0.567506 0.231271 0.179158 3.47442 0.0651086 -2.33422 0.0 0.0 0.0
0.567506 0.231271 0.179158 3.47442 0.0651086 -2.33422 0.0 0.0 0.0
0.567506 0.231271 0.179158 3.47442 0.0651086 -2.33422 0.0 0.0 0.0
0.567506 0.231271 0.179158 3.47442 0.0651086 -2.33422 0.0 0.0 0.0
0.567506 0.231271 0.179158 3.47442 0.0651086 -2.33422 0.0 0.0 0.0
0.567506 0.231271 0.179158 3.47442 0.0651086 -2.33422 0.0 0.0 0.0
0.567506 0.231271 0.179158 3.47442 0.0651086 -2.33422 0.0 0.0 0.0
0.567506 0.231271 0.179158 3.47442 0.0651086 -2.33422 0.0 0.0 0.0
0.567506 0.231271 0.179158 3.47442 0.0651086 -2.33422 0.0 0.0 0.0
0.567506 0.231271 0.179158 3.47442 0.0651086 -2.33422 0.0 0.0 0.0
0.567506 0.231271 0.179158 3.47442 0.0651086 -2.33422 0.0 0.0 0.0
0.567506 0.231271 0.179158 3.47442 0.0651086 -2.33422 0.0 0.0 0.0
0.567506 0.231271 0.179158 3.47442 0.0651086 -2.33422 0.0 0.0 0.0
0.567506 0.231271 0.179158 3.47442 0.0651086 -2.33422 0.0 0.0 0.0
0.567506 0.231271 0.179158 3.47442 0.0651086 -2.33422 0.0 0.0 0.0
0.567506 0.231271 0.179158 3.47442 0.0651086 -2.33422 0.0 0.0 0.0
0.567506 0.231271 0.179158 3.47442 0.0651086 -2.33422 0.0 0.0 0.0
0.567506 0.231271 0.179158 3.47442 0.0651086 -2.33422 0.0 0.0 0.0
0.567506 0.231271 0.179158 3.47442 0.0651086 -2.33422 0.0 0.0 0.0
0.567506 0.231271 0.179158 3.47442 0.0651086 -2.33422 0.0 0.0 0.0
0.567506 0.231271 0.179158 3.47442 0.0651086 -2.33422 0.0 0.0 0.0
0.567506 0.231271 0.179158 3.47442 0.0651086 -2.33422 0.0 0.0 0.0
0.567506 0.231271 0.179158 3.47442 0.0651086 -2.33422 0.0 0.0 0.0
0.567506 0.231271 0.179158 3.47442 0.0651086 -2.33422 0.0 0.0 0.0
0.567506 0.231271 0.179158 3.47442 0.0651086 -2.33422 0.0 0.0 0.0
0.567506 0.231271 0.179158 3.47442 0.0651086 -2.33422 0.0 0.0 0.0
0.567506 0.231271 0.179158 3.47442 0.0651086 -2.33422 0.0 0.0 0.0
0.567506 0.231271 0.179158 3.47442 0.0651086 -2.33422 0.0 0.0 0.0
0.567506 0.231271 0.179158 3.47442 0.0651086 -2.33422 0.0 0.0 0.0
0.567506 0.231271 0.179158 3.47442 0.0651086 -2.33422 0.0 0.0 0.0
0.567506 0.231271 0.179158 3.47442 0.0651086 -2.33422 0.0 0.0 0.0
0.567506 0.231271 0.179158 3.47442 0.0651086 -2.33422 0.0 0.0 0.0
0.567506 0.231271 0.179158 3.47442 0.0651086 -2.33422 0.0 0.0 0.0
0.567506 0.231271 0.179158 3.47442 0.0651086 -2.33422 0.0 0.0 0.0
0.567506 0.231271 0.179158 3.47442 0.0651086 -2.33422 0.0 0.0 0.0
0.567506 0.231271 0.179158 3.47442 0.0651086 -2.33422 0.0 0.0 0.0
0.567506 0.231271 0.179158 3.47442 0.0651086 -2.33422 0.0 0.0 0.0
0.567506 0.231271 0.179158 3.47442 0.0651086 -2.33422 0.0 0.0 0.0
0.567506 0.231271 0.179158 3.47442 0.0651086 -2.33422 0.0 0.0 0.0
0.567506 0.231271 0.179158 3.47442 0.0651086 -2.33422 0.0 0.0 0.0
0.567506 0.231271 0.179158 3.47442 0.0651086 -2.33422 0.0 0.0 0.0
0.567506 0.231271 0.179158 3.47442 0.0651086 -2.33422 0.0 0.0 0.0
0.567506 0.231271 0.179158 3.47442 0.0651086 -2.33422 0.0 0.0 0.0
0.567506 0.231271 0.179158 3.47442 0.0651086 -2.33422 0.0 0.0 0.0
0.567506 0.231271 0.179158 3.47442 0.0651086 -2.33422 0.0 0.0 0.0
0.567506 0.231271 0.179158 3.47442 0.0651086 -2.33422 0.0 0.0 0.0
0.567506 0.231271 0.179158 3.47442 0.0651086 -2.33422 0.0 0.0 0.0
0.567506 0.231271 0.179158 3.47442 0.0651086 -2.33422 0.0 0.0 0.0
0.567506 0.231271 0.179158 3.47442 0.0651086 -2.33422 0.0 0.0 0.0
0.567506 0.231271 0.179158 3.47442 0.0651086 -2.33422 0.0 0.0 0.0
0.567506 0.231271 0.179158 3.47442 0.0651086 -2.33422 0.0 0.0 0.0
0.567506 0.231271 0.179158 3.47442 0.0651086 -2.33422 0.0 0.0 0.0
0.567506 0.231271 0.179158 3.47442 0.0651086 -2.33422 0.0 0.0 0.0
0.567506 0.231271 0.179158 3.47442 0.0651086 -2.33422 0.0 0.0 0.0
0.567506 0.231271 0.179158 3.47442 0.0651086 -2.33422 0.0 0.0 0.0
0.567506 0.231271 0.179158 3.47442 0.0651086 -2.33422 0.0 0.0 0.0
0.567506 0.231271 0.179158 3.47442 0.0651086 -2.33422 0.0 0.0 0.0
0.567506 0.231271 0.179158 3.47442 0.0651086 -2.33422 0.0 0.0 0.0
0.567506 0.231271 0.179158 3.47442 0.0651086 -2.33422 0.0 0.0 0.0
0.567506 0.231271 0.179158 3.47442 0.0651086 -2.33422 0.0 0.0 0.0
0.567506 0.231271 0.179158 3.47442 0.0651086 -2.33422 0.0 0.0 0.0
0.567506 0.231271 0.179158 3.47442 0.0651086 -2.33422 0.0 0.0 0.0
0.567506 0.231271 0.179158 3.47442 0.0651086 -2.33422 0.0 0.0 0.0
0.567506 0.231271 0.179158 3.47442 0.0651086 -2.33422 0.0 0.0 0.0
0.567506 0.231271 0.179158 3.47442 0.0651086 -2.33422 0.0 0.0 0.0
0.567506 0.231271 0.179158 3.47442 0.0651086 -2.33422 0.0 0.0 0.0
0.567506 0.231271 0.179158 3.47442 0.0651086 -2.33422 0.0 0.0 0.0
0.567506 0.231271 0.179158 3.47442 0.0651086 -2.33422 0.0 0.0 0.0
0.567506 0.231271 0.179158 3.47442 0.0651086 -2.33422 0.0 0.0 0.0
0.567506 0.231271 0.179158 3.47442 0.0651086 -2.33422 0.0 0.0 0.0
0.567506 0.231271 0.179158 3.47442 0.0651086 -2.33422 0.0 0.0 0.0
0.567506 0.231271 0.179158 3.47442 0.0651086 -2.33422 0.0 0.0 0.0
0.567506 0.231271 0.179158 3.47442 0.0651086 -2.33422 0.0 0.0 0.0
0.567506 0.231271 0.179158 3.47442 0.0651086 -2.33422 0.0 0.0 0.0
0.567506 0.231271 0.179158 3.47442 0.0651086 -2.33422 0.0 0.0 0.0
0.567506 0.231271 0.179158 3.47442 0.0651086 -2.33422 0.0 0.0 0.0
0.567506 0.231271 0.179158 3.47442 0.0651086 -2.33422 0.0 0.0 0.0
0.567506 0.231271 0.179158 3.47442 0.0651086 -2.33422 0.0 0.0 0.0
0.567506 0.231271 0.179158 3.47442 0.0651086 -2.33422 0.0 0.0 0.0
0.567506 0.231271 0.179158 3.47442 0.0651086 -2.33422 0.0 0.0 0.0
0.567506 0.231271 0.179158 3.47442 0.0651086 -2.33422 0.0 0.0 0.0
0.567506 0.231271 0.179158 3.47442 0.0651086 -2.33422 0.0 0.0 0.0
0.567506 0.231271 0.179158 3.47442 0.0651086 -2.33422 0.0 0.0 0.0
0.567506 0.231271 0.179158 3.47442 0.0651086 -2.33422 0.0 0.0 0.0
0.567506 0.231271 0.179158 3.47442 0.0651086 -2.33422 0.0 0.0 10.0
0.567506 0.231271 0.179158 3.47442 0.0651086 -2.33422 0.0 0.0 10.0
0.567506 0.231271 0.179158 3.47442 0.0651086 -2.33422 0.0 0.0 10.0
0.567506 0.231271 0.179158 3.47442 0.0651086 -2.33422 0.0 0.0 10.0
0.567506 0.231271 0.179158 3.47442 0.0651086 -2.33422 0.0 0.0 10.0
0.567506 0.231271 0.179158 3.47442 0.0651086 -2.33422 0.0 0.0 10.0
0.567506 0.231271 0.179158 3.47442 0.0651086 -2.33422 0.0 0.0 10.0
0.567506 0.231271 0.179158 3.47442 0.0651086 -2.33422 0.0 0.0 10.0
0.567506 0.231271 0.179158 3.47442 0.0651086 -2.33422 0.0 0.0 10.0
0.567506 0.231271 0.179158 3.47442 0.0651086 -2.33422 0.0 0.0 10.0
0.567506 0.231271 0.179158 3.47442 0.0651086 -2.33422 0.0 0.0 10.0
0.567506 0.231271 0.179158 3.47442 0.0651086 -2.33422 0.0 0.0 10.0
0.567506 0.231271 0.179158 3.47442 0.0651086 -2.33422 0.0 0.0 10.0
0.567506 0.231271 0.179158 3.47442 0.0651086 -2.33422 0.0 0.0 10.0
0.567506 0.231271 0.179158 3.47442 0.0651086 -2.33422 0.0 0.0 10.0
0.567506 0.231271 0.179158 3.47442 0.0651086 -2.33422 0.0 0.0 10.0
0.567506 0.231271 0.179158 3.47442 0.0651086 -2.33422 0.0 0.0 10.0
0.567506 0.231271 0.179158 3.47442 0.0651086 -2.33422 0.0 0.0 10.0
0.567506 0.231271 0.179158 3.47442 0.0651086 -2.33422 0.0 0.0 10.0
0.567506 0.231271 0.179158 3.47442 0.0651086 -2.33422 0.0 0.0 10.0
0.567506 0.231271 0.179158 3.47442 0.0651086 -2.33422 0.0 0.0 10.0
0.567506 0.231271 0.179158 3.47442 0.0651086 -2.33422 0.0 0.0 10.0
0.567506 0.231271 0.179158 3.47442 0.0651086 -2.33422 0.0 0.0 10.0
0.567506 0.231271 0.179158 3.47442 0.0651086 -2.33422 0.0 0.0 10.0
0.567506 0.231271 0.179158 3.47442 0.0651086 -2.33422 0.0 0.0 10.0
0.567506 0.231271 0.179158 3.47442 0.0651086 -2.33422 0.0 0.0 10.0
0.567506 0.231271 0.179158 3.47442 0.0651086 -2.33422 0.0 0.0 10.0
0.567506 0.231271 0.179158 3.47442 0.0651086 -2.33422 0.0 0.0 10.0
0.567506 0.231271 0.179158 3.47442 0.0651086 -2.33422 0.0 0.0 10.0
0.567506 0.231271 0.179158 3.47442 0.0651086 -2.33422 0.0 0.0 10.0
0.567506 0.231271 0.179158 3.47442 0.0651086 -2.33422 0.0 0.0 10.0
0.567506 0.231271 0.179158 3.47442 0.0651086 -2.33422 0.0 0.0 10.0
0.567506 0.231271 0.179158 3.47442 0.0651086 -2.33422 0.0 0.0 10.0
0.567506 0.231271 0.179158 3.47442 0.0651086 -2.33422 0.0 0.0 10.0
0.567506 0.231271 0.179158 3.47442 0.0651086 -2.33422 0.0 0.0 10.0
0.567506 0.231271 0.179158 3.47442 0.0651086 -2.33422 0.0 0.0 10.0
0.567506 0.231271 0.179158 3.47442 0.0651086 -2.33422 0.0 0.0 10.0
0.567506 0.231271 0.179158 3.47442 0.0651086 -2.33422 0.0 0.0 10.0
0.567506 0.231271 0.179158 3.47442 0.0651086 -2.33422 0.0 0.0 10.0
0.567506 0.231271 0.179158 3.47442 0.0651086 -2.33422 0.0 0.0 10.0
0.567506 0.231271 0.179158 3.47442 0.0651086 -2.33422 0.0 0.0 10.0
0.567506 0.231271 0.179158 3.47442 0.0651086 -2.33422 0.0 0.0 10.0
0.567506 0.231271 0.179158 3.47442 0.0651086 -2.33422 0.0 0.0 10.0
0.567506 0.231271 0.179158 3.47442 0.0651086 -2.33422 0.0 0.0 10.0
0.567506 0.231271 0.179158 3.47442 0.0651086 -2.33422 0.0 0.0 10.0
0.567506 0.231271 0.179158 3.47442 0.0651086 -2.33422 0.0 0.0 10.0
0.567506 0.231271 0.179158 3.47442 0.0651086 -2.33422 0.0 0.0 10.0
0.567506 0.231271 0.179158 3.47442 0.0651086 -2.33422 0.0 0.0 10.0
0.567506 0.231271 0.179158 3.47442 0.0651086 -2.33422 0.0 0.0 10.0
0.567506 0.231271 0.179158 3.47442 0.0651086 -2.33422 0.0 0.0 10.0
0.567506 0.231271 0.179158 3.47442 0.0651086 -2.33422 0.0 0.0 10.0
0.567506 0.231271 0.179158 3.47442 0.0651086 -2.33422 0.0 0.0 10.0
0.567506 0.231271 0.179158 3.47442 0.0651086 -2.33422 0.0 0.0 10.0
0.567506 0.231271 0.179158 3.47442 0.0651086 -2.33422 0.0 0.0 10.0
0.567506 0.231271 0.179158 3.47442 0.0651086 -2.33422 0.0 0.0 10.0
0.567506 0.231271 0.179158 3.47442 0.0651086 -2.33422 0.0 0.0 10.0
0.567506 0.231271 0.179158 3.47442 0.0651086 -2.33422 0.0 0.0 10.0
0.567506 0.231271 0.179158 3.47442 0.0651086 -2.33422 0.0 0.0 10.0
0.567506 0.231271 0.179158 3.47442 0.0651086 -2.33422 0.0 0.0 10.0
0.567506 0.231271 0.179158 3.47442 0.0651086 -2.33422 0.0 0.0 10.0
0.567506 0.231271 0.179158 3.47442 0.0651086 -2.33422 0.0 0.0 10.0
0.567506 0.231271 0.179158 3.47442 0.0651086 -2.33422 0.0 0.0 10.0
0.567506 0.231271 0.179158 3.47442 0.0651086 -2.33422 0.0 0.0 10.0
0.567506 0.231271 0.179158 3.47442 0.0651086 -2.33422 0.0 0.0 10.0
0.567506 0.231271 0.179158 3.47442 0.0651086 -2.33422 0.0 0.0 10.0
0.567506 0.231271 0.179158 3.47442 0.0651086 -2.33422 0.0 0.0 10.0
0.567506 0.231271 0.179158 3.47442 0.0651086 -2.33422 0.0 0.0 10.0
0.567506 0.231271 0.179158 3.47442 0.0651086 -2.33422 0.0 0.0 10.0
0.567506 0.231271 0.179158 3.47442 0.0651086 -2.33422 0.0 0.0 10.0
0.567506 0.231271 0.179158 3.47442 0.0651086 -2.33422 0.0 0.0 10.0
0.567506 0.231271 0.179158 3.47442 0.0651086 -2.33422 0.0 0.0 10.0
0.567506 0.231271 0.179158 3.47442 0.0651086 -2.33422 0.0 0.0 10.0
0.567506 0.231271 0.179158 3.47442 0.0651086 -2.33422 0.0 0.0 10.0
0.567506 0.231271 0.179158 3.47442 0.0651086 -2.33422 0.0 0.0 10.0
0.567506 0.231271 0.179158 3.47442 0.0651086 -2.33422 0.0 0.0 10.0
0.567506 0.231271 0.179158 3.47442 0.0651086 -2.33422 0.0 0.0 10.0
0.567506 0.231271 0.179158 3.47442 0.0651086 -2.33422 0.0 0.0 10.0
0.567506 0.231271 0.179158 3.47442 0.0651086 -2.33422 0.0 0.0 10.0
0.567506 0.231271 0.179158 3.47442 0.0651086 -2.33422 0.0 0.0 10.0
0.567506 0.231271 0.179158 3.47442 0.0651086 -2.33422 0.0 0.0 10.0
0.567506 0.231271 0.179158 3.47442 0.0651086 -2.33422 0.0 0.0 10.0
0.567506 0.231271 0.179158 3.47442 0.0651086 -2.33422 0.0 0.0 10.0
0.567506 0.231271 0.179158 3.47442 0.0651086 -2.33422 0.0 0.0 10.0
0.567506 0.231271 0.179158 3.47442 0.0651086 -2.33422 0.0 0.0 10.0
0.567506 0.231271 0.179158 3.47442 0.0651086 -2.33422 0.0 0.0 10.0
0.567506 0.231271 0.179158 3.47442 0.0651086 -2.33422 0.0 0.0 10.0
0.567506 0.231271 0.179158 3.47442 0.0651086 -2.33422 0.0 0.0 10.0
0.567506 0.231271 0.179158 3.47442 0.0651086 -2.33422 0.0 0.0 10.0
0.567506 0.231271 0.179158 3.47442 0.0651086 -2.33422 0.0 0.0 10.0
0.567506 0.231271 0.179158 3.47442 0.0651086 -2.33422 0.0 0.0 10.0
0.567506 0.231271 0.179158 3.47442 0.0651086 -2.33422 0.0 0.0 10.0
0.567506 0.231271 0.179158 3.47442 0.0651086 -2.33422 0.0 0.0 10.0
0.567506 0.231271 0.179158 3.47442 0.0651086 -2.33422 0.0 0.0 10.0
0.567506 0.231271 0.179158 3.47442 0.0651086 -2.33422 0.0 0.0 10.0
0.567506 0.231271 0.179158 3.47442 0.0651086 -2.33422 0.0 0.0 10.0
0.567506 0.231271 0.179158 3.47442 0.0651086 -2.33422 0.0 0.0 10.0
0.567506 0.231271 0.179158 3.47442 0.0651086 -2.33422 0.0 0.0 10.0
0.567506 0.231271 0.179158 3.47442 0.0651086 -2.33422 0.0 0.0 10.0
0.567506 0.231271 0.179158 3.47442 0.0651086 -2.33422 0.0 0.0 10.0
0.567506 0.231271 0.179158 3.47442 0.0651086 -2.33422 0.0 0.0 10.0
0.567506 0.231271 0.179158 3.47442 0.0651086 -2.33422 0.0 0.0 10.0
0.567506 0.231271 0.179158 3.47442 0.0651086 -2.33422 0.0 0.0 10.0
0.567506 0.231271 0.179158 3.47442 0.0651086 -2.33422 0.0 0.0 10.0
0.567506 0.231271 0.179158 3.47442 0.0651086 -2.33422 0.0 0.0 10.0
0.567506 0.231271 0.179158 3.47442 0.0651086 -2.33422 0.0 0.0 10.0
0.567506 0.231271 0.179158 3.47442 0.0651086 -2.33422 0.0 0.0 10.0
0.567506 0.231271 0.179158 3.47442 0.0651086 -2.33422 0.0 0.0 10.0
0.567506 0.231271 0.179158 3.47442 0.0651086 -2.33422 0.0 0.0 10.0
0.567506 0.231271 0.179158 3.47442 0.0651086 -2.33422 0.0 0.0 10.0
0.567506 0.231271 0.179158 3.47442 0.0651086 -2.33422 0.0 0.0 10.0
0.567506 0.231271 0.179158 3.47442 0.0651086 -2.33422 0.0 0.0 10.0
0.567506 0.231271 0.179158 3.47442 0.0651086 -2.33422 0.0 0.0 10.0
0.567506 0.231271 0.179158 3.47442 0.0651086 -2.33422 0.0 0.0 10.0
0.567506 0.231271 0.179158 3.47442 0.0651086 -2.33422 0.0 0.0 10.0
0.567506 0.231271 0.179158 3.47442 0.0651086 -2.33422 0.0 0.0 10.0
0.567506 0.231271 0.179158 3.47442 0.0651086 -2.33422 0.0 0.0 10.0
0.567506 0.231271 0.179158 3.47442 0.0651086 -2.33422 0.0 0.0 10.0
0.567506 0.231271 0.179158 3.47442 0.0651086 -2.33422 0.0 0.0 10.0
0.567506 0.231271 0.179158 3.47442 0.0651086 -2.33422 0.0 0.0 10.0
0.567506 0.231271 0.179158 3.47442 0.0651086 -2.33422 0.0 0.0 10.0
0.567506 0.231271 0.179158 3.47442 0.0651086 -2.33422 0.0 0.0 10.0
0.567506 0.231271 0.179158 3.47442 0.0651086 -2.33422 0.0 0.0 10.0
0.567506 0.231271 0.179158 3.47442 0.0651086 -2.33422 0.0 0.0 10.0
0.567506 0.231271 0.179158 3.47442 0.0651086 -2.33422 0.0 0.0 10.0
0.567506 0.231271 0.179158 3.47442 0.0651086 -2.33422 0.0 0.0 10.0
0.567506 0.231271 0.179158 3.47442 0.0651086 -2.33422 0.0 0.0 10.0
0.567506 0.231271 0.179158 3.47442 0.0651086 -2.33422 0.0 0.0 10.0
0.567506 0.231271 0.179158 3.47442 0.0651086 -2.33422 0.0 0.0 10.0
0.567506 0.231271 0.179158 3.47442 0.0651086 -2.33422 0.0 0.0 10.0
0.567506 0.231271 0.179158 3.47442 0.0651086 -2.33422 0.0 0.0 10.0
0.567506 0.231271 0.179158 3.47442 0.0651086 -2.33422 0.0 0.0 10.0
0.567506 0.231271 0.179158 3.47442 0.0651086 -2.33422 0.0 0.0 10.0
0.567506 0.231271 0.179158 3.47442 0.0651086 -2.33422 0.0 0.0 10.0
0.567506 0.231271 0.179158 3.47442 0.0651086 -2.33422 0.0 0.0 10.0
0.567506 0.231271 0.179158 3.47442 0.0651086 -2.33422 0.0 0.0 10.0
0.567506 0.231271 0.179158 3.47442 0.0651086 -2.33422 0.0 0.0 10.0
0.567506 0.231271 0.179158 3.47442 0.0651086 -2.33422 0.0 0.0 10.0
0.567506 0.231271 0.179158 3.47442 0.0651086 -2.33422 0.0 0.0 10.0
0.567506 0.231271 0.179158 3.47442 0.0651086 -2.33422 0.0 0.0 10.0
0.567506 0.231271 0.179158 3.47442 0.0651086 -2.33422 0.0 0.0 10.0
0.567506 0.231271 0.179158 3.47442 0.0651086 -2.33422 0.0 0.0 10.0
0.567506 0.231271 0.179158 3.47442 0.0651086 -2.33422 0.0 0.0 10.0
0.567506 0.231271 0.179158 3.47442 0.0651086 -2.33422 0.0 0.0 10.0
0.567506 0.231271 0.179158 3.47442 0.0651086 -2.33422 0.0 0.0 10.0
0.567506 0.231271 0.179158 3.47442 0.0651086 -2.33422 0.0 0.0 10.0
0.567506 0.231271 0.179158 3.47442 0.0651086 -2.33422 0.0 0.0 10.0
0.567506 0.231271 0.179158 3.47442 0.0651086 -2.33422 0.0 0.0 10.0
0.567506 0.231271 0.179158 3.47442 0.0651086 -2.33422 0.0 0.0 10.0
0.567506 0.231271 0.179158 3.47442 0.0651086 -2.33422 0.0 0.0 10.0
0.567506 0.231271 0.179158 3.47442 0.0651086 -2.33422 0.0 0.0 10.0
0.567506 0.231271 0.179158 3.47442 0.0651086 -2.33422 0.0 0.0 10.0
0.567506 0.231271 0.179158 3.47442 0.0651086 -2.33422 0.0 0.0 10.0
0.567506 0.231271 0.179158 3.47442 0.0651086 -2.33422 0.0 0.0 10.0
0.567506 0.231271 0.179158 3.47442 0.0651086 -2.33422 0.0 0.0 10.0
0.567506 0.231271 0.179158 3.47442 0.0651086 -2.33422 0.0 0.0 10.0
0.567506 0.231271 0.179158 3.47442 0.0651086 -2.33422 0.0 0.0 10.0
0.567506 0.231271 0.179158 3.47442 0.0651086 -2.33422 0.0 0.0 10.0
0.567506 0.231271 0.179158 3.47442 0.0651086 -2.33422 0.0 0.0 10.0
0.567506 0.231271 0.179158 3.47442 0.0651086 -2.33422 0.0 0.0 10.0
0.567506 0.231271 0.179158 3.47442 0.0651086 -2.33422 0.0 0.0 10.0
0.567506 0.231271 0.179158 3.47442 0.0651086 -2.33422 0.0 0.0 10.0
0.567506 0.231271 0.179158 3.47442 0.0651086 -2.33422 0.0 0.0 10.0
0.567506 0.231271 0.179158 3.47442 0.0651086 -2.33422 0.0 0.0 10.0
0.567506 0.231271 0.179158 3.47442 0.0651086 -2.33422 0.0 0.0 10.0
0.567506 0.231271 0.179158 3.47442 0.0651086 -2.33422 0.0 0.0 10.0
0.567506 0.231271 0.179158 3.47442 0.0651086 -2.33422 0.0 0.0 10.0
0.567506 0.231271 0.179158 3.47442 0.0651086 -2.33422 0.0 0.0 10.0
0.567506 0.231271 0.179158 3.47442 0.0651086 -2.33422 0.0 0.0 10.0
0.567506 0.231271 0.179158 3.47442 0.0651086 -2.33422 0.0 0.0 10.0
0.567506 0.231271 0.179158 3.47442 0.0651086 -2.33422 0.0 0.0 10.0
0.567506 0.231271 0.179158 3.47442 0.0651086 -2.33422 0.0 0.0 10.0
0.567506 0.231271 0.179158 3.47442 0.0651086 -2.33422 0.0 0.0 10.0
0.567506 0.231271 0.179158 3.47442 0.0651086 -2.33422 0.0 0.0 10.0
0.567506 0.231271 0.179158 3.47442 0.0651086 -2.33422 0.0 0.0 10.0
0.567506 0.231271 0.179158 3.47442 0.0651086 -2.33422 0.0 0.0 10.0
0.567506 0.231271 0.179158 3.47442 0.0651086 -2.33422 0.0 0.0 10.0
0.567506 0.231271 0.179158 3.47442 0.0651086 -2.33422 0.0 0.0 10.0
0.567506 0.231271 0.179158 3.47442 0.0651086 -2.33422 0.0 0.0 10.0
0.567506 0.231271 0.179158 3.47442 0.0651086 -2.33422 0.0 0.0 10.0
0.567506 0.231271 0.179158 3.47442 0.0651086 -2.33422 0.0 0.0 10.0
0.567506 0.231271 0.179158 3.47442 0.0651086 -2.33422 0.0 0.0 10.0
0.567506 0.231271 0.179158 3.47442 0.0651086 -2.33422 0.0 0.0 10.0
0.567506 0.231271 0.179158 3.47442 0.0651086 -2.33422 0.0 0.0 10.0
0.567506 0.231271 0.179158 3.47442 0.0651086 -2.33422 0.0 0.0 10.0
0.567506 0.231271 0.179158 3.47442 0.0651086 -2.33422 0.0 0.0 10.0
0.567506 0.231271 0.179158 3.47442 0.0651086 -2.33422 0.0 0.0 10.0
0.567506 0.231271 0.179158 3.47442 0.0651086 -2.33422 0.0 0.0 10.0
0.567506 0.231271 0.179158 3.47442 0.0651086 -2.33422 0.0 0.0 10.0
0.567506 0.231271 0.179158 3.47442 0.0651086 -2.33422 0.0 0.0 10.0
0.567506 0.231271 0.179158 3.47442 0.0651086 -2.33422 0.0 0.0 10.0
0.567506 0.231271 0.179158 3.47442 0.0651086 -2.33422 0.0 0.0 10.0
0.567506 0.231271 0.179158 3.47442 0.0651086 -2.33422 0.0 0.0 10.0
0.567506 0.231271 0.179158 3.47442 0.0651086 -2.33422 0.0 0.0 10.0
0.567506 0.231271 0.179158 3.47442 0.0651086 -2.33422 0.0 0.0 10.0
0.567506 0.231271 0.179158 3.47442 0.0651086 -2.33422 0.0 0.0 10.0
0.567506 0.231271 0.179158 3.47442 0.0651086 -2.33422 0.0 0.0 10.0
0.567506 0.231271 0.179158 3.47442 0.0651086 -2.33422 0.0 0.0 10.0
0.567506 0.231271 0.179158 3.47442 0.0651086 -2.33422 0.0 0.0 10.0
0.567506 0.231271 0.179158 3.47442 0.0651086 -2.33422 0.0 0.0 10.0
0.567506 0.231271 0.179158 3.47442 0.0651086 -2.33422 0.0 0.0 10.0
0.567506 0.231271 0.179158 3.47442 0.0651086 -2.33422 0.0 0.0 10.0
0.567506 0.231271 0.179158 3.47442 0.0651086 -2.33422 0.0 0.0 10.0
0.567506 0.231271 0.179158 3.47442 0.0651086 -2.33422 0.0 0.0 10.0
0.567506 0.231271 0.179158 3.47442 0.0651086 -2.33422 0.0 0.0 10.0
0.567506 0.231271 0.179158 3.47442 0.0651086 -2.33422 0.0 0.0 10.0
0.567506 0.231271 0.179158 3.47442 0.0651086 -2.33422 0.0 0.0 10.0
0.567506 0.231271 0.179158 3.47442 0.0651086 -2.33422 0.0 0.0 10.0
0.567506 0.231271 0.179158 3.47442 0.0651086 -2.33422 0.0 0.0 10.0
0.567506 0.231271 0.179158 3.47442 0.0651086 -2.33422 0.0 0.0 10.0
0.567506 0.231271 0.179158 3.47442 0.0651086 -2.33422 0.0 0.0 10.0
0.567506 0.231271 0.179158 3.47442 0.0651086 -2.33422 0.0 0.0 10.0
0.567506 0.231271 0.179158 3.47442 0.0651086 -2.33422 0.0 0.0 10.0
0.567506 0.231271 0.179158 3.47442 0.0651086 -2.33422 0.0 0.0 10.0
0.567506 0.231271 0.179158 3.47442 0.0651086 -2.33422 0.0 0.0 10.0
0.567506 0.231271 0.179158 3.47442 0.0651086 -2.33422 0.0 0.0 10.0
0.567506 0.231271 0.179158 3.47442 0.0651086 -2.33422 0.0 0.0 10.0
0.567506 0.231271 0.179158 3.47442 0.0651086 -2.33422 0.0 0.0 10.0
0.567506 0.231271 0.179158 3.47442 0.0651086 -2.33422 0.0 0.0 10.0
0.567506 0.231271 0.179158 3.47442 0.0651086 -2.33422 0.0 0.0 10.0
0.567506 0.231271 0.179158 3.47442 0.0651086 -2.33422 0.0 0.0 10.0
0.567506 0.231271 0.179158 3.47442 0.0651086 -2.33422 0.0 0.0 10.0
0.567506 0.231271 0.179158 3.47442 0.0651086 -2.33422 0.0 0.0 10.0
0.567506 0.231271 0.179158 3.47442 0.0651086 -2.33422 0.0 0.0 10.0
0.567506 0.231271 0.179158 3.47442 0.0651086 -2.33422 0.0 0.0 10.0
0.567506 0.231271 0.179158 3.47442 0.0651086 -2.33422 0.0 0.0 10.0
0.567506 0.231271 0.179158 3.47442 0.0651086 -2.33422 0.0 0.0 10.0
0.567506 0.231271 0.179158 3.47442 0.0651086 -2.33422 0.0 0.0 10.0
0.567506 0.231271 0.179158 3.47442 0.0651086 -2.33422 0.0 0.0 10.0
0.567506 0.231271 0.179158 3.47442 0.0651086 -2.33422 0.0 0.0 10.0
0.567506 0.231271 0.179158 3.47442 0.0651086 -2.33422 0.0 0.0 10.0
0.567506 0.231271 0.179158 3.47442 0.0651086 -2.33422 0.0 0.0 10.0
0.567506 0.231271 0.179158 3.47442 0.0651086 -2.33422 0.0 0.0 10.0
0.567506 0.231271 0.179158 3.47442 0.0651086 -2.33422 0.0 0.0 10.0
0.567506 0.231271 0.179158 3.47442 0.0651086 -2.33422 0.0 0.0 10.0
0.567506 0.231271 0.179158 3.47442 0.0651086 -2.33422 0.0 0.0 10.0
0.567506 0.231271 0.179158 3.47442 0.0651086 -2.33422 0.0 0.0 10.0
0.567506 0.231271 0.179158 3.47442 0.0651086 -2.33422 0.0 0.0 10.0
0.567506 0.231271 0.179158 3.47442 0.0651086 -2.33422 0.0 0.0 10.0
0.567506 0.231271 0.179158 3.47442 0.0651086 -2.33422 0.0 0.0 10.0
0.567506 0.231271 0.179158 3.47442 0.0651086 -2.33422 0.0 0.0 10.0
0.567506 0.231271 0.179158 3.47442 0.0651086 -2.33422 0.0 0.0 10.0
0.567506 0.231271 0.179158 3.47442 0.0651086 -2.33422 0.0 0.0 10.0
0.567506 0.231271 0.179158 3.47442 0.0651086 -2.33422 0.0 0.0 10.0
0.567506 0.231271 0.179158 3.47442 0.0651086 -2.33422 0.0 0.0 10.0
0.567506 0.231271 0.179158 3.47442 0.0651086 -2.33422 0.0 0.0 10.0
0.567506 0.231271 0.179158 3.47442 0.0651086 -2.33422 0.0 0.0 10.0
0.567506 0.231271 0.179158 3.47442 0.0651086 -2.33422 0.0 0.0 10.0
0.567506 0.231271 0.179158 3.47442 0.0651086 -2.33422 0.0 0.0 10.0
0.567506 0.231271 0.179158 3.47442 0.0651086 -2.33422 0.0 0.0 10.0
0.567506 0.231271 0.179158 3.47442 0.0651086 -2.33422 0.0 0.0 10.0
0.567506 0.231271 0.179158 3.47442 0.0651086 -2.33422 0.0 0.0 10.0
0.567506 0.231271 0.179158 3.47442 0.0651086 -2.33422 0.0 0.0 10.0
0.567506 0.231271 0.179158 3.47442 0.0651086 -2.33422 0.0 0.0 10.0
0.567506 0.231271 0.179158 3.47442 0.0651086 -2.33422 0.0 0.0 10.0
0.567506 0.231271 0.179158 3.47442 0.0651086 -2.33422 0.0 0.0 10.0
0.567506 0.231271 0.179158 3.47442 0.0651086 -2.33422 0.0 0.0 10.0
0.567506 0.231271 0.179158 3.47442 0.0651086 -2.33422 0.0 0.0 10.0
0.567506 0.231271 0.179158 3.47442 0.0651086 -2.33422 0.0 0.0 10.0
0.567506 0.231271 0.179158 3.47442 0.0651086 -2.33422 0.0 0.0 10.0
0.567506 0.231271 0.179158 3.47442 0.0651086 -2.33422 0.0 0.0 10.0
0.567506 0.231271 0.179158 3.47442 0.0651086 -2.33422 0.0 0.0 10.0
0.567506 0.231271 0.179158 3.47442 0.0651086 -2.33422 0.0 0.0 10.0
0.567506 0.231271 0.179158 3.47442 0.0651086 -2.33422 0.0 0.0 10.0
0.567506 0.231271 0.179158 3.47442 0.0651086 -2.33422 0.0 0.0 10.0
0.567506 0.231271 0.179158 3.47442 0.0651086 -2.33422 0.0 0.0 10.0
0.567506 0.231271 0.179158 3.47442 0.0651086 -2.33422 0.0 0.0 10.0
0.567506 0.231271 0.179158 3.47442 0.0651086 -2.33422 0.0 0.0 10.0
0.567506 0.231271 0.179158 3.47442 0.0651086 -2.33422 0.0 0.0 10.0
0.567506 0.231271 0.179158 3.47442 0.0651086 -2.33422 0.0 0.0 10.0
0.567506 0.231271 0.179158 3.47442 0.0651086 -2.33422 0.0 0.0 10.0
0.567506 0.231271 0.179158 3.47442 0.0651086 -2.33422 0.0 0.0 10.0
0.567506 0.231271 0.179158 3.47442 0.0651086 -2.33422 0.0 0.0 10.0
0.567506 0.231271 0.179158 3.47442 0.0651086 -2.33422 0.0 0.0 10.0
0.567506 0.231271 0.179158 3.47442 0.0651086 -2.33422 0.0 0.0 10.0
0.567506 0.231271 0.179158 3.47442 0.0651086 -2.33422 0.0 0.0 10.0
0.567506 0.231271 0.179158 3.47442 0.0651086 -2.33422 0.0 0.0 10.0
0.567506 0.231271 0.179158 3.47442 0.0651086 -2.33422 0.0 0.0 10.0
0.567506 0.231271 0.179158 3.47442 0.0651086 -2.33422 0.0 0.0 10.0
0.567506 0.231271 0.179158 3.47442 0.0651086 -2.33422 0.0 0.0 10.0
0.567506 0.231271 0.179158 3.47442 0.0651086 -2.33422 0.0 0.0 10.0
0.567506 0.231271 0.179158 3.47442 0.0651086 -2.33422 0.0 0.0 10.0
0.567506 0.231271 0.179158 3.47442 0.0651086 -2.33422 0.0 0.0 10.0
0.567506 0.231271 0.179158 3.47442 0.0651086 -2.33422 0.0 0.0 10.0
0.567506 0.231271 0.179158 3.47442 0.0651086 -2.33422 0.0 0.0 10.0
0.567506 0.231271 0.179158 3.47442 0.0651086 -2.33422 0.0 0.0 10.0
0.567506 0.231271 0.179158 3.47442 0.0651086 -2.33422 0.0 0.0 10.0
0.567506 0.231271 0.179158 3.47442 0.0651086 -2.33422 0.0 0.0 10.0
0.567506 0.231271 0.179158 3.47442 0.0651086 -2.33422 0.0 0.0 10.0
0.567506 0.231271 0.179158 3.47442 0.0651086 -2.33422 0.0 0.0 10.0
0.567506 0.231271 0.179158 3.47442 0.0651086 -2.33422 0.0 0.0 10.0
0.567506 0.231271 0.179158 3.47442 0.0651086 -2.33422 0.0 0.0 10.0
0.567506 0.231271 0.179158 3.47442 0.0651086 -2.33422 0.0 0.0 10.0
0.567506 0.231271 0.179158 3.47442 0.0651086 -2.33422 0.0 0.0 10.0
0.567506 0.231271 0.179158 3.47442 0.0651086 -2.33422 0.0 0.0 10.0
0.567506 0.231271 0.179158 3.47442 0.0651086 -2.33422 0.0 0.0 10.0
0.567506 0.231271 0.179158 3.47442 0.0651086 -2.33422 0.0 0.0 10.0
0.567506 0.231271 0.179158 3.47442 0.0651086 -2.33422 0.0 0.0 10.0
0.567506 0.231271 0.179158 3.47442 0.0651086 -2.33422 0.0 0.0 10.0
0.567506 0.231271 0.179158 3.47442 0.0651086 -2.33422 0.0 0.0 10.0
0.567506 0.231271 0.179158 3.47442 0.0651086 -2.33422 0.0 0.0 10.0
0.567506 0.231271 0.179158 3.47442 0.0651086 -2.33422 0.0 0.0 10.0
0.567506 0.231271 0.179158 3.47442 0.0651086 -2.33422 0.0 0.0 10.0
0.567506 0.231271 0.179158 3.47442 0.0651086 -2.33422 0.0 0.0 10.0
0.567506 0.231271 0.179158 3.47442 0.0651086 -2.33422 0.0 0.0 10.0
0.567506 0.231271 0.179158 3.47442 0.0651086 -2.33422 0.0 0.0 10.0
0.567506 0.231271 0.179158 3.47442 0.0651086 -2.33422 0.0 0.0 10.0
0.567506 0.231271 0.179158 3.47442 0.0651086 -2.33422 0.0 0.0 10.0
0.567506 0.231271 0.179158 3.47442 0.0651086 -2.33422 0.0 0.0 10.0
0.567506 0.231271 0.179158 3.47442 0.0651086 -2.33422 0.0 0.0 10.0
0.567506 0.231271 0.179158 3.47442 0.0651086 -2.33422 0.0 0.0 10.0
0.567506 0.231271 0.179158 3.47442 0.0651086 -2.33422 0.0 0.0 10.0
0.567506 0.231271 0.179158 3.47442 0.0651086 -2.33422 0.0 0.0 10.0
0.567506 0.231271 0.179158 3.47442 0.0651086 -2.33422 0.0 0.0 10.0
0.567506 0.231271 0.179158 3.47442 0.0651086 -2.33422 0.0 0.0 10.0
0.567506 0.231271 0.179158 3.47442 0.0651086 -2.33422 0.0 0.0 10.0
0.567506 0.231271 0.179158 3.47442 0.0651086 -2.33422 0.0 0.0 10.0
0.567506 0.231271 0.179158 3.47442 0.0651086 -2.33422 0.0 0.0 10.0
0.567506 0.231271 0.179158 3.47442 0.0651086 -2.33422 0.0 0.0 10.0
0.567506 0.231271 0.179158 3.47442 0.0651086 -2.33422 0.0 0.0 10.0
0.567506 0.231271 0.179158 3.47442 0.0651086 -2.33422 0.0 0.0 10.0
0.567506 0.231271 0.179158 3.47442 0.0651086 -2.33422 0.0 0.0 10.0
0.567506 0.231271 0.179158 3.47442 0.0651086 -2.33422 0.0 0.0 10.0
0.567506 0.231271 0.179158 3.47442 0.0651086 -2.33422 0.0 0.0 10.0
0.567506 0.231271 0.179158 3.47442 0.0651086 -2.33422 0.0 0.0 10.0
0.567506 0.231271 0.179158 3.47442 0.0651086 -2.33422 0.0 0.0 10.0
0.567506 0.231271 0.179158 3.47442 0.0651086 -2.33422 0.0 0.0 10.0
0.567506 0.231271 0.179158 3.47442 0.0651086 -2.33422 0.0 0.0 10.0
0.567506 0.231271 0.179158 3.47442 0.0651086 -2.33422 0.0 0.0 10.0
0.567506 0.231271 0.179158 3.47442 0.0651086 -2.33422 0.0 0.0 10.0
0.567506 0.231271 0.179158 3.47442 0.0651086 -2.33422 0.0 0.0 10.0
0.567506 0.231271 0.179158 3.47442 0.0651086 -2.33422 0.0 0.0 10.0
0.567506 0.231271 0.179158 3.47442 0.0651086 -2.33422 0.0 0.0 10.0
0.567506 0.231271 0.179158 3.47442 0.0651086 -2.33422 0.0 0.0 10.0
0.567506 0.231271 0.179158 3.47442 0.0651086 -2.33422 0.0 0.0 10.0
0.567506 0.231271 0.179158 3.47442 0.0651086 -2.33422 0.0 0.0 10.0
0.567506 0.231271 0.179158 3.47442 0.0651086 -2.33422 0.0 0.0 10.0
0.567506 0.231271 0.179158 3.47442 0.0651086 -2.33422 0.0 0.0 10.0
0.567506 0.231271 0.179158 3.47442 0.0651086 -2.33422 0.0 0.0 10.0
0.567506 0.231271 0.179158 3.47442 0.0651086 -2.33422 0.0 0.0 10.0
0.567506 0.231271 0.179158 3.47442 0.0651086 -2.33422 0.0 0.0 10.0
0.567506 0.231271 0.179158 3.47442 0.0651086 -2.33422 0.0 0.0 10.0
0.567506 0.231271 0.179158 3.47442 0.0651086 -2.33422 0.0 0.0 10.0
0.567506 0.231271 0.179158 3.47442 0.0651086 -2.33422 0.0 0.0 10.0
0.567506 0.231271 0.179158 3.47442 0.0651086 -2.33422 0.0 0.0 10.0
0.567506 0.231271 0.179158 3.47442 0.0651086 -2.33422 0.0 0.0 10.0
0.567506 0.231271 0.179158 3.47442 0.0651086 -2.33422 0.0 0.0 10.0
0.567506 0.231271 0.179158 3.47442 0.0651086 -2.33422 0.0 0.0 10.0
0.567506 0.231271 0.179158 3.47442 0.0651086 -2.33422 0.0 0.0 10.0
0.567506 0.231271 0.179158 3.47442 0.0651086 -2.33422 0.0 0.0 10.0
0.567506 0.231271 0.179158 3.47442 0.0651086 -2.33422 0.0 0.0 10.0
0.567506 0.231271 0.179158 3.47442 0.0651086 -2.33422 0.0 0.0 10.0
0.567506 0.231271 0.179158 3.47442 0.0651086 -2.33422 0.0 0.0 10.0
0.567506 0.231271 0.179158 3.47442 0.0651086 -2.33422 0.0 0.0 10.0
0.567506 0.231271 0.179158 3.47442 0.0651086 -2.33422 0.0 0.0 10.0
0.567506 0.231271 0.179158 3.47442 0.0651086 -2.33422 0.0 0.0 10.0
0.567506 0.231271 0.179158 3.47442 0.0651086 -2.33422 0.0 0.0 10.0
0.567506 0.231271 0.179158 3.47442 0.0651086 -2.33422 0.0 0.0 10.0
0.567506 0.231271 0.179158 3.47442 0.0651086 -2.33422 0.0 0.0 10.0
0.567506 0.231271 0.179158 3.47442 0.0651086 -2.33422 0.0 0.0 10.0
0.567506 0.231271 0.179158 3.47442 0.0651086 -2.33422 0.0 0.0 10.0
0.567506 0.231271 0.179158 3.47442 0.0651086 -2.33422 0.0 0.0 10.0
0.567506 0.231271 0.179158 3.47442 0.0651086 -2.33422 0.0 0.0 10.0
0.567506 0.231271 0.179158 3.47442 0.0651086 -2.33422 0.0 0.0 10.0
0.567506 0.231271 0.179158 3.47442 0.0651086 -2.33422 0.0 0.0 10.0
0.567506 0.231271 0.179158 3.47442 0.0651086 -2.33422 0.0 0.0 10.0
0.567506 0.231271 0.179158 3.47442 0.0651086 -2.33422 0.0 0.0 10.0
0.567506 0.231271 0.179158 3.47442 0.0651086 -2.33422 0.0 0.0 10.0
0.567506 0.231271 0.179158 3.47442 0.0651086 -2.33422 0.0 0.0 10.0
0.567506 0.231271 0.179158 3.47442 0.0651086 -2.33422 0.0 0.0 10.0
0.567506 0.231271 0.179158 3.47442 0.0651086 -2.33422 0.0 0.0 10.0
0.567506 0.231271 0.179158 3.47442 0.0651086 -2.33422 0.0 0.0 10.0
0.567506 0.231271 0.179158 3.47442 0.0651086 -2.33422 0.0 0.0 10.0
0.567506 0.231271 0.179158 3.47442 0.0651086 -2.33422 0.0 0.0 10.0
0.567506 0.231271 0.179158 3.47442 0.0651086 -2.33422 0.0 0.0 10.0
0.567506 0.231271 0.179158 3.47442 0.0651086 -2.33422 0.0 0.0 10.0
0.567506 0.231271 0.179158 3.47442 0.0651086 -2.33422 0.0 0.0 10.0
0.567506 0.231271 0.179158 3.47442 0.0651086 -2.33422 0.0 0.0 10.0
0.567506 0.231271 0.179158 3.47442 0.0651086 -2.33422 0.0 0.0 10.0
0.567506 0.231271 0.179158 3.47442 0.0651086 -2.33422 0.0 0.0 10.0
0.567506 0.231271 0.179158 3.47442 0.0651086 -2.33422 0.0 0.0 10.0
0.567506 0.231271 0.179158 3.47442 0.0651086 -2.33422 0.0 0.0 10.0
0.567506 0.231271 0.179158 3.47442 0.0651086 -2.33422 0.0 0.0 10.0
0.567506 0.231271 0.179158 3.47442 0.0651086 -2.33422 0.0 0.0 10.0
0.567506 0.231271 0.179158 3.47442 0.0651086 -2.33422 0.0 0.0 10.0
0.567506 0.231271 0.179158 3.47442 0.0651086 -2.33422 0.0 0.0 10.0
0.567506 0.231271 0.179158 3.47442 0.0651086 -2.33422 0.0 0.0 10.0
0.567506 0.231271 0.179158 3.47442 0.0651086 -2.33422 0.0 0.0 10.0
0.567506 0.231271 0.179158 3.47442 0.0651086 -2.33422 0.0 0.0 10.0
0.567506 0.231271 0.179158 3.47442 0.0651086 -2.33422 0.0 0.0 10.0
0.567506 0.231271 0.179158 3.47442 0.0651086 -2.33422 0.0 0.0 10.0
0.567506 0.231271 0.179158 3.47442 0.0651086 -2.33422 0.0 0.0 10.0
0.567506 0.231271 0.179158 3.47442 0.0651086 -2.33422 0.0 0.0 10.0
0.567506 0.231271 0.179158 3.47442 0.0651086 -2.33422 0.0 0.0 10.0
0.567506 0.231271 0.179158 3.47442 0.0651086 -2.33422 0.0 0.0 10.0
0.567506 0.231271 0.179158 3.47442 0.0651086 -2.33422 0.0 0.0 10.0
0.567506 0.231271 0.179158 3.47442 0.0651086 -2.33422 0.0 0.0 10.0
0.567506 0.231271 0.179158 3.47442 0.0651086 -2.33422 0.0 0.0 10.0
0.567506 0.231271 0.179158 3.47442 0.0651086 -2.33422 0.0 0.0 10.0
0.567506 0.231271 0.179158 3.47442 0.0651086 -2.33422 0.0 0.0 10.0
0.567506 0.231271 0.179158 3.47442 0.0651086 -2.33422 0.0 0.0 10.0
0.567506 0.231271 0.179158 3.47442 0.0651086 -2.33422 0.0 0.0 10.0
0.567506 0.231271 0.179158 3.47442 0.0651086 -2.33422 0.0 0.0 10.0
0.567506 0.231271 0.179158 3.47442 0.0651086 -2.33422 0.0 0.0 10.0
0.567506 0.231271 0.179158 3.47442 0.0651086 -2.33422 0.0 0.0 10.0
0.567506 0.231271 0.179158 3.47442 0.0651086 -2.33422 0.0 0.0 10.0
0.567506 0.231271 0.179158 3.47442 0.0651086 -2.33422 0.0 0.0 10.0
0.567506 0.231271 0.179158 3.47442 0.0651086 -2.33422 0.0 0.0 10.0
0.567506 0.231271 0.179158 3.47442 0.0651086 -2.33422 0.0 0.0 10.0
0.567506 0.231271 0.179158 3.47442 0.0651086 -2.33422 0.0 0.0 10.0
0.567506 0.231271 0.179158 3.47442 0.0651086 -2.33422 0.0 0.0 10.0
0.567506 0.231271 0.179158 3.47442 0.0651086 -2.33422 0.0 0.0 10.0
0.567506 0.231271 0.179158 3.47442 0.0651086 -2.33422 0.0 0.0 10.0
0.567506 0.231271 0.179158 3.47442 0.0651086 -2.33422 0.0 0.0 10.0
0.567506 0.231271 0.179158 3.47442 0.0651086 -2.33422 0.0 0.0 10.0
0.567506 0.231271 0.179158 3.47442 0.0651086 -2.33422 0.0 0.0 10.0
0.567506 0.231271 0.179158 3.47442 0.0651086 -2.33422 0.0 0.0 10.0
0.567506 0.231271 0.179158 3.47442 0.0651086 -2.33422 0.0 0.0 10.0
0.567506 0.231271 0.179158 3.47442 0.0651086 -2.33422 0.0 0.0 10.0
0.567506 0.231271 0.179158 3.47442 0.0651086 -2.33422 0.0 0.0 10.0
0.567506 0.231271 0.179158 3.47442 0.0651086 -2.33422 0.0 0.0 10.0
0.567506 0.231271 0.179158 3.47442 0.0651086 -2.33422 0.0 0.0 10.0
0.567506 0.231271 0.179158 3.47442 0.0651086 -2.33422 0.0 0.0 10.0
0.567506 0.231271 0.179158 3.47442 0.0651086 -2.33422 0.0 0.0 10.0
0.567506 0.231271 0.179158 3.47442 0.0651086 -2.33422 0.0 0.0 10.0
0.567506 0.231271 0.179158 3.47442 0.0651086 -2.33422 0.0 0.0 10.0
0.567506 0.231271 0.179158 3.47442 0.0651086 -2.33422 0.0 0.0 10.0
0.567506 0.231271 0.179158 3.47442 0.0651086 -2.33422 0.0 0.0 10.0
0.567506 0.231271 0.179158 3.47442 0.0651086 -2.33422 0.0 0.0 10.0
0.567506 0.231271 0.179158 3.47442 0.0651086 -2.33422 0.0 0.0 10.0
0.567506 0.231271 0.179158 3.47442 0.0651086 -2.33422 0.0 0.0 10.0
0.567506 0.231271 0.179158 3.47442 0.0651086 -2.33422 0.0 0.0 10.0
0.567506 0.231271 0.179158 3.47442 0.0651086 -2.33422 0.0 0.0 10.0
0.567506 0.231271 0.179158 3.47442 0.0651086 -2.33422 0.0 0.0 10.0
0.567506 0.231271 0.179158 3.47442 0.0651086 -2.33422 0.0 0.0 10.0
0.567506 0.231271 0.179158 3.47442 0.0651086 -2.33422 0.0 0.0 10.0
0.567506 0.231271 0.179158 3.47442 0.0651086 -2.33422 0.0 0.0 10.0
0.567506 0.231271 0.179158 3.47442 0.0651086 -2.33422 0.0 0.0 10.0
0.567506 0.231271 0.179158 3.47442 0.0651086 -2.33422 0.0 0.0 10.0
0.567506 0.231271 0.179158 3.47442 0.0651086 -2.33422 0.0 0.0 10.0
0.567506 0.231271 0.179158 3.47442 0.0651086 -2.33422 0.0 0.0 10.0
0.567506 0.231271 0.179158 3.47442 0.0651086 -2.33422 0.0 0.0 10.0
0.567506 0.231271 0.179158 3.47442 0.0651086 -2.33422 0.0 0.0 10.0
0.567506 0.231271 0.179158 3.47442 0.0651086 -2.33422 0.0 0.0 10.0
0.567506 0.231271 0.179158 3.47442 0.0651086 -2.33422 0.0 0.0 10.0
0.567506 0.231271 0.179158 3.47442 0.0651086 -2.33422 0.0 0.0 10.0
0.567506 0.231271 0.179158 3.47442 0.0651086 -2.33422 0.0 0.0 10.0
0.567506 0.231271 0.179158 3.47442 0.0651086 -2.33422 0.0 0.0 10.0
0.567506 0.231271 0.179158 3.47442 0.0651086 -2.33422 0.0 0.0 10.0
0.567506 0.231271 0.179158 3.47442 0.0651086 -2.33422 0.0 0.0 10.0
0.567506 0.231271 0.179158 3.47442 0.0651086 -2.33422 0.0 0.0 10.0
0.567506 0.231271 0.179158 3.47442 0.0651086 -2.33422 0.0 0.0 10.0
0.567506 0.231271 0.179158 3.47442 0.0651086 -2.33422 0.0 0.0 10.0
0.567506 0.231271 0.179158 3.47442 0.0651086 -2.33422 0.0 0.0 10.0
0.567506 0.231271 0.179158 3.47442 0.0651086 -2.33422 0.0 0.0 10.0
0.567506 0.231271 0.179158 3.47442 0.0651086 -2.33422 0.0 0.0 10.0
0.567506 0.231271 0.179158 3.47442 0.0651086 -2.33422 0.0 0.0 10.0
0.567506 0.231271 0.179158 3.47442 0.0651086 -2.33422 0.0 0.0 10.0
0.567506 0.231271 0.179158 3.47442 0.0651086 -2.33422 0.0 0.0 10.0
0.567506 0.231271 0.179158 3.47442 0.0651086 -2.33422 0.0 0.0 10.0
0.567506 0.231271 0.179158 3.47442 0.0651086 -2.33422 0.0 0.0 10.0
0.567506 0.231271 0.179158 3.47442 0.0651086 -2.33422 0.0 0.0 10.0
0.567506 0.231271 0.179158 3.47442 0.0651086 -2.33422 0.0 0.0 10.0
0.567506 0.231271 0.179158 3.47442 0.0651086 -2.33422 0.0 0.0 10.0
0.567506 0.231271 0.179158 3.47442 0.0651086 -2.33422 0.0 0.0 10.0
0.567506 0.231271 0.179158 3.47442 0.0651086 -2.33422 0.0 0.0 10.0
0.567506 0.231271 0.179158 3.47442 0.0651086 -2.33422 0.0 0.0 10.0
0.567506 0.231271 0.179158 3.47442 0.0651086 -2.33422 0.0 0.0 10.0
0.567506 0.231271 0.179158 3.47442 0.0651086 -2.33422 0.0 0.0 10.0
0.567506 0.231271 0.179158 3.47442 0.0651086 -2.33422 0.0 0.0 10.0
0.567506 0.231271 0.179158 3.47442 0.0651086 -2.33422 0.0 0.0 10.0
0.567506 0.231271 0.179158 3.47442 0.0651086 -2.33422 0.0 0.0 10.0
0.567506 0.231271 0.179158 3.47442 0.0651086 -2.33422 0.0 0.0 10.0
0.567506 0.231271 0.179158 3.47442 0.0651086 -2.33422 0.0 0.0 10.0
0.567506 0.231271 0.179158 3.47442 0.0651086 -2.33422 0.0 0.0 10.0
0.567506 0.231271 0.179158 3.47442 0.0651086 -2.33422 0.0 0.0 10.0
0.567506 0.231271 0.179158 3.47442 0.0651086 -2.33422 0.0 0.0 10.0
0.567506 0.231271 0.179158 3.47442 0.0651086 -2.33422 0.0 0.0 10.0
0.567506 0.231271 0.179158 3.47442 0.0651086 -2.33422 0.0 0.0 10.0
0.567506 0.231271 0.179158 3.47442 0.0651086 -2.33422 0.0 0.0 10.0
0.567506 0.231271 0.179158 3.47442 0.0651086 -2.33422 0.0 0.0 10.0
0.567506 0.231271 0.179158 3.47442 0.0651086 -2.33422 0.0 0.0 10.0
0.567506 0.231271 0.179158 3.47442 0.0651086 -2.33422 0.0 0.0 10.0
0.567506 0.231271 0.179158 3.47442 0.0651086 -2.33422 0.0 0.0 10.0
0.567506 0.231271 0.179158 3.47442 0.0651086 -2.33422 0.0 0.0 10.0
0.567506 0.231271 0.179158 3.47442 0.0651086 -2.33422 0.0 0.0 10.0
0.567506 0.231271 0.179158 3.47442 0.0651086 -2.33422 0.0 0.0 10.0
0.567506 0.231271 0.179158 3.47442 0.0651086 -2.33422 0.0 0.0 10.0
0.567506 0.231271 0.179158 3.47442 0.0651086 -2.33422 0.0 0.0 10.0
0.567506 0.231271 0.179158 3.47442 0.0651086 -2.33422 0.0 0.0 10.0
0.567506 0.231271 0.179158 3.47442 0.0651086 -2.33422 0.0 0.0 10.0
0.567506 0.231271 0.179158 3.47442 0.0651086 -2.33422 0.0 0.0 10.0
0.567506 0.231271 0.179158 3.47442 0.0651086 -2.33422 0.0 0.0 10.0
0.567506 0.231271 0.179158 3.47442 0.0651086 -2.33422 0.0 0.0 10.0
0.567506 0.231271 0.179158 3.47442 0.0651086 -2.33422 0.0 0.0 10.0
0.567506 0.231271 0.179158 3.47442 0.0651086 -2.33422 0.0 0.0 10.0
0.567506 0.231271 0.179158 3.47442 0.0651086 -2.33422 0.0 0.0 10.0
0.567506 0.231271 0.179158 3.47442 0.0651086 -2.33422 0.0 0.0 10.0
0.567506 0.231271 0.179158 3.47442 0.0651086 -2.33422 0.0 0.0 10.0
0.567506 0.231271 0.179158 3.47442 0.0651086 -2.33422 0.0 0.0 10.0
0.567506 0.231271 0.179158 3.47442 0.0651086 -2.33422 0.0 0.0 10.0
0.567506 0.231271 0.179158 3.47442 0.0651086 -2.33422 0.0 0.0 10.0
0.567506 0.231271 0.179158 3.47442 0.0651086 -2.33422 0.0 0.0 10.0
0.567506 0.231271 0.179158 3.47442 0.0651086 -2.33422 0.0 0.0 10.0
0.567506 0.231271 0.179158 3.47442 0.0651086 -2.33422 0.0 0.0 10.0
0.567506 0.231271 0.179158 3.47442 0.0651086 -2.33422 0.0 0.0 10.0
0.567506 0.231271 0.179158 3.47442 0.0651086 -2.33422 0.0 0.0 10.0
0.567506 0.231271 0.179158 3.47442 0.0651086 -2.33422 0.0 0.0 10.0
0.567506 0.231271 0.179158 3.47442 0.0651086 -2.33422 0.0 0.0 10.0
0.567506 0.231271 0.179158 3.47442 0.0651086 -2.33422 0.0 0.0 10.0
0.567506 0.231271 0.179158 3.47442 0.0651086 -2.33422 0.0 0.0 10.0
0.567506 0.231271 0.179158 3.47442 0.0651086 -2.33422 0.0 0.0 10.0
0.567506 0.231271 0.179158 3.47442 0.0651086 -2.33422 0.0 0.0 10.0
0.567506 0.231271 0.179158 3.47442 0.0651086 -2.33422 0.0 0.0 10.0
0.567506 0.231271 0.179158 3.47442 0.0651086 -2.33422 0.0 0.0 10.0
0.567506 0.231271 0.179158 3.47442 0.0651086 -2.33422 0.0 0.0 10.0
0.567506 0.231271 0.179158 3.47442 0.0651086 -2.33422 0.0 0.0 10.0
0.567506 0.231271 0.179158 3.47442 0.0651086 -2.33422 0.0 0.0 10.0
0.567506 0.231271 0.179158 3.47442 0.0651086 -2.33422 0.0 0.0 10.0
0.567506 0.231271 0.179158 3.47442 0.0651086 -2.33422 0.0 0.0 10.0
0.567506 0.231271 0.179158 3.47442 0.0651086 -2.33422 0.0 0.0 10.0
0.567506 0.231271 0.179158 3.47442 0.0651086 -2.33422 0.0 0.0 10.0
0.567506 0.231271 0.179158 3.47442 0.0651086 -2.33422 0.0 0.0 10.0
0.567506 0.231271 0.179158 3.47442 0.0651086 -2.33422 0.0 0.0 10.0
0.567506 0.231271 0.179158 3.47442 0.0651086 -2.33422 0.0 0.0 10.0
0.567506 0.231271 0.179158 3.47442 0.0651086 -2.33422 0.0 0.0 10.0
0.567506 0.231271 0.179158 3.47442 0.0651086 -2.33422 0.0 0.0 10.0
0.567506 0.231271 0.179158 3.47442 0.0651086 -2.33422 0.0 0.0 10.0
0.567506 0.231271 0.179158 3.47442 0.0651086 -2.33422 0.0 0.0 10.0
0.567506 0.231271 0.179158 3.47442 0.0651086 -2.33422 0.0 0.0 10.0
0.567506 0.231271 0.179158 3.47442 0.0651086 -2.33422 0.0 0.0 10.0
0.567506 0.231271 0.179158 3.47442 0.0651086 -2.33422 0.0 0.0 10.0
0.567506 0.231271 0.179158 3.47442 0.0651086 -2.33422 0.0 0.0 10.0
0.567506 0.231271 0.179158 3.47442 0.0651086 -2.33422 0.0 0.0 10.0
0.567506 0.231271 0.179158 3.47442 0.0651086 -2.33422 0.0 0.0 10.0
0.567506 0.231271 0.179158 3.47442 0.0651086 -2.33422 0.0 0.0 10.0
0.567506 0.231271 0.179158 3.47442 0.0651086 -2.33422 0.0 0.0 10.0
0.567506 0.231271 0.179158 3.47442 0.0651086 -2.33422 0.0 0.0 10.0
0.567506 0.231271 0.179158 3.47442 0.0651086 -2.33422 0.0 0.0 10.0
0.567506 0.231271 0.179158 3.47442 0.0651086 -2.33422 0.0 0.0 10.0
0.567506 0.231271 0.179158 3.47442 0.0651086 -2.33422 0.0 0.0 10.0
0.567506 0.231271 0.179158 3.47442 0.0651086 -2.33422 0.0 0.0 10.0
0.567506 0.231271 0.179158 3.47442 0.0651086 -2.33422 0.0 0.0 10.0
0.567506 0.231271 0.179158 3.47442 0.0651086 -2.33422 0.0 0.0 10.0
0.567506 0.231271 0.179158 3.47442 0.0651086 -2.33422 0.0 0.0 10.0
0.567506 0.231271 0.179158 3.47442 0.0651086 -2.33422 0.0 0.0 10.0
0.567506 0.231271 0.179158 3.47442 0.0651086 -2.33422 0.0 0.0 10.0
0.567506 0.231271 0.179158 3.47442 0.0651086 -2.33422 0.0 0.0 10.0
0.567506 0.231271 0.179158 3.47442 0.0651086 -2.33422 0.0 0.0 10.0
0.567506 0.231271 0.179158 3.47442 0.0651086 -2.33422 0.0 0.0 10.0
0.567506 0.231271 0.179158 3.47442 0.0651086 -2.33422 0.0 0.0 10.0
0.567506 0.231271 0.179158 3.47442 0.0651086 -2.33422 0.0 0.0 10.0
0.567506 0.231271 0.179158 3.47442 0.0651086 -2.33422 0.0 0.0 10.0
0.567506 0.231271 0.179158 3.47442 0.0651086 -2.33422 0.0 0.0 10.0
0.567506 0.231271 0.179158 3.47442 0.0651086 -2.33422 0.0 0.0 10.0
0.567506 0.231271 0.179158 3.47442 0.0651086 -2.33422 0.0 0.0 10.0
0.567506 0.231271 0.179158 3.47442 0.0651086 -2.33422 0.0 0.0 10.0
0.567506 0.231271 0.179158 3.47442 0.0651086 -2.33422 0.0 0.0 10.0
0.567506 0.231271 0.179158 3.47442 0.0651086 -2.33422 0.0 0.0 10.0
0.567506 0.231271 0.179158 3.47442 0.0651086 -2.33422 0.0 0.0 10.0
0.567506 0.231271 0.179158 3.47442 0.0651086 -2.33422 0.0 0.0 10.0
0.567506 0.231271 0.179158 3.47442 0.0651086 -2.33422 0.0 0.0 10.0
0.567506 0.231271 0.179158 3.47442 0.0651086 -2.33422 0.0 0.0 10.0
0.567506 0.231271 0.179158 3.47442 0.0651086 -2.33422 0.0 0.0 10.0
0.567506 0.231271 0.179158 3.47442 0.0651086 -2.33422 0.0 0.0 10.0
0.567506 0.231271 0.179158 3.47442 0.0651086 -2.33422 0.0 0.0 10.0
0.567506 0.231271 0.179158 3.47442 0.0651086 -2.33422 0.0 0.0 10.0
0.567506 0.231271 0.179158 3.47442 0.0651086 -2.33422 0.0 0.0 10.0
0.567506 0.231271 0.179158 3.47442 0.0651086 -2.33422 0.0 0.0 10.0
0.567506 0.231271 0.179158 3.47442 0.0651086 -2.33422 0.0 0.0 10.0
0.567506 0.231271 0.179158 3.47442 0.0651086 -2.33422 0.0 0.0 10.0
0.567506 0.231271 0.179158 3.47442 0.0651086 -2.33422 0.0 0.0 10.0
0.567506 0.231271 0.179158 3.47442 0.0651086 -2.33422 0.0 0.0 10.0
0.567506 0.231271 0.179158 3.47442 0.0651086 -2.33422 0.0 0.0 10.0
0.567506 0.231271 0.179158 3.47442 0.0651086 -2.33422 0.0 0.0 10.0
0.567506 0.231271 0.179158 3.47442 0.0651086 -2.33422 0.0 0.0 10.0
0.567506 0.231271 0.179158 3.47442 0.0651086 -2.33422 0.0 0.0 10.0
0.567506 0.231271 0.179158 3.47442 0.0651086 -2.33422 0.0 0.0 10.0
0.567506 0.231271 0.179158 3.47442 0.0651086 -2.33422 0.0 0.0 10.0
0.567506 0.231271 0.179158 3.47442 0.0651086 -2.33422 0.0 0.0 10.0
0.567506 0.231271 0.179158 3.47442 0.0651086 -2.33422 0.0 0.0 10.0
0.567506 0.231271 0.179158 3.47442 0.0651086 -2.33422 0.0 0.0 10.0
0.567506 0.231271 0.179158 3.47442 0.0651086 -2.33422 0.0 0.0 10.0
0.567506 0.231271 0.179158 3.47442 0.0651086 -2.33422 0.0 0.0 10.0
0.567506 0.231271 0.179158 3.47442 0.0651086 -2.33422 0.0 0.0 10.0
0.567506 0.231271 0.179158 3.47442 0.0651086 -2.33422 0.0 0.0 10.0
0.567506 0.231271 0.179158 3.47442 0.0651086 -2.33422 0.0 0.0 10.0
0.567506 0.231271 0.179158 3.47442 0.0651086 -2.33422 0.0 0.0 10.0
0.567506 0.231271 0.179158 3.47442 0.0651086 -2.33422 0.0 0.0 10.0
0.567506 0.231271 0.179158 3.47442 0.0651086 -2.33422 0.0 0.0 10.0
0.567506 0.231271 0.179158 3.47442 0.0651086 -2.33422 0.0 0.0 10.0
0.567506 0.231271 0.179158 3.47442 0.0651086 -2.33422 0.0 0.0 10.0
0.567506 0.231271 0.179158 3.47442 0.0651086 -2.33422 0.0 0.0 10.0
0.567506 0.231271 0.179158 3.47442 0.0651086 -2.33422 0.0 0.0 10.0
0.567506 0.231271 0.179158 3.47442 0.0651086 -2.33422 0.0 0.0 10.0
0.567506 0.231271 0.179158 3.47442 0.0651086 -2.33422 0.0 0.0 10.0
0.567506 0.231271 0.179158 3.47442 0.0651086 -2.33422 0.0 0.0 10.0
0.567506 0.231271 0.179158 3.47442 0.0651086 -2.33422 0.0 0.0 10.0
0.567506 0.231271 0.179158 3.47442 0.0651086 -2.33422 0.0 0.0 10.0
0.567506 0.231271 0.179158 3.47442 0.0651086 -2.33422 0.0 0.0 10.0
0.567506 0.231271 0.179158 3.47442 0.0651086 -2.33422 0.0 0.0 10.0
0.567506 0.231271 0.179158 3.47442 0.0651086 -2.33422 0.0 0.0 10.0
0.567506 0.231271 0.179158 3.47442 0.0651086 -2.33422 0.0 0.0 10.0
0.567506 0.231271 0.179158 3.47442 0.0651086 -2.33422 0.0 0.0 10.0
0.567506 0.231271 0.179158 3.47442 0.0651086 -2.33422 0.0 0.0 10.0
0.567506 0.231271 0.179158 3.47442 0.0651086 -2.33422 0.0 0.0 10.0
0.567506 0.231271 0.179158 3.47442 0.0651086 -2.33422 0.0 0.0 10.0
0.567506 0.231271 0.179158 3.47442 0.0651086 -2.33422 0.0 0.0 10.0
0.567506 0.231271 0.179158 3.47442 0.0651086 -2.33422 0.0 0.0 10.0
0.567506 0.231271 0.179158 3.47442 0.0651086 -2.33422 0.0 0.0 10.0
0.567506 0.231271 0.179158 3.47442 0.0651086 -2.33422 0.0 0.0 10.0
0.567506 0.231271 0.179158 3.47442 0.0651086 -2.33422 0.0 0.0 10.0
0.567506 0.231271 0.179158 3.47442 0.0651086 -2.33422 0.0 0.0 10.0
0.567506 0.231271 0.179158 3.47442 0.0651086 -2.33422 0.0 0.0 10.0
0.567506 0.231271 0.179158 3.47442 0.0651086 -2.33422 0.0 0.0 10.0
0.567506 0.231271 0.179158 3.47442 0.0651086 -2.33422 0.0 0.0 10.0
0.567506 0.231271 0.179158 3.47442 0.0651086 -2.33422 0.0 0.0 10.0
0.567506 0.231271 0.179158 3.47442 0.0651086 -2.33422 0.0 0.0 10.0
0.567506 0.231271 0.179158 3.47442 0.0651086 -2.33422 0.0 0.0 10.0
0.567506 0.231271 0.179158 3.47442 0.0651086 -2.33422 0.0 0.0 10.0
0.567506 0.231271 0.179158 3.47442 0.0651086 -2.33422 0.0 0.0 10.0
0.567506 0.231271 0.179158 3.47442 0.0651086 -2.33422 0.0 0.0 10.0
0.567506 0.231271 0.179158 3.47442 0.0651086 -2.33422 0.0 0.0 10.0
0.567506 0.231271 0.179158 3.47442 0.0651086 -2.33422 0.0 0.0 10.0
0.567506 0.231271 0.179158 3.47442 0.0651086 -2.33422 0.0 0.0 10.0
0.567506 0.231271 0.179158 3.47442 0.0651086 -2.33422 0.0 0.0 10.0
0.567506 0.231271 0.179158 3.47442 0.0651086 -2.33422 0.0 0.0 10.0
0.567506 0.231271 0.179158 3.47442 0.0651086 -2.33422 0.0 0.0 10.0
0.567506 0.231271 0.179158 3.47442 0.0651086 -2.33422 0.0 0.0 10.0
0.567506 0.231271 0.179158 3.47442 0.0651086 -2.33422 0.0 0.0 10.0
0.567506 0.231271 0.179158 3.47442 0.0651086 -2.33422 0.0 0.0 10.0
0.567506 0.231271 0.179158 3.47442 0.0651086 -2.33422 0.0 0.0 10.0
0.567506 0.231271 0.179158 3.47442 0.0651086 -2.33422 0.0 0.0 10.0
0.567506 0.231271 0.179158 3.47442 0.0651086 -2.33422 0.0 0.0 10.0
0.567506 0.231271 0.179158 3.47442 0.0651086 -2.33422 0.0 0.0 10.0
0.567506 0.231271 0.179158 3.47442 0.0651086 -2.33422 0.0 0.0 10.0
0.567506 0.231271 0.179158 3.47442 0.0651086 -2.33422 0.0 0.0 10.0
0.567506 0.231271 0.179158 3.47442 0.0651086 -2.33422 0.0 0.0 10.0
0.567506 0.231271 0.179158 3.47442 0.0651086 -2.33422 0.0 0.0 10.0
0.567506 0.231271 0.179158 3.47442 0.0651086 -2.33422 0.0 0.0 10.0
0.567506 0.231271 0.179158 3.47442 0.0651086 -2.33422 0.0 0.0 10.0
0.567506 0.231271 0.179158 3.47442 0.0651086 -2.33422 0.0 0.0 10.0
0.567506 0.231271 0.179158 3.47442 0.0651086 -2.33422 0.0 0.0 10.0
0.567506 0.231271 0.179158 3.47442 0.0651086 -2.33422 0.0 0.0 10.0
0.567506 0.231271 0.179158 3.47442 0.0651086 -2.33422 0.0 0.0 10.0
0.567506 0.231271 0.179158 3.47442 0.0651086 -2.33422 0.0 0.0 10.0
0.567506 0.231271 0.179158 3.47442 0.0651086 -2.33422 0.0 0.0 10.0
0.567506 0.231271 0.179158 3.47442 0.0651086 -2.33422 0.0 0.0 10.0
0.567506 0.231271 0.179158 3.47442 0.0651086 -2.33422 0.0 0.0 10.0
0.567506 0.231271 0.179158 3.47442 0.0651086 -2.33422 0.0 0.0 10.0
0.567506 0.231271 0.179158 3.47442 0.0651086 -2.33422 0.0 0.0 0.0
0.567506 0.231271 0.179158 3.47442 0.0651086 -2.33422 0.0 0.0 0.0
0.567506 0.231271 0.179158 3.47442 0.0651086 -2.33422 0.0 0.0 0.0
0.567506 0.231271 0.179158 3.47442 0.0651086 -2.33422 0.0 0.0 0.0
0.567506 0.231271 0.179158 3.47442 0.0651086 -2.33422 0.0 0.0 0.0
0.567506 0.231271 0.179158 3.47442 0.0651086 -2.33422 0.0 0.0 0.0
0.567506 0.231271 0.179158 3.47442 0.0651086 -2.33422 0.0 0.0 0.0
0.567506 0.231271 0.179158 3.47442 0.0651086 -2.33422 0.0 0.0 0.0
0.567506 0.231271 0.179158 3.47442 0.0651086 -2.33422 0.0 0.0 0.0
0.567506 0.231271 0.179158 3.47442 0.0651086 -2.33422 0.0 0.0 0.0
0.567506 0.231271 0.179158 3.47442 0.0651086 -2.33422 0.0 0.0 0.0
0.567506 0.231271 0.179158 3.47442 0.0651086 -2.33422 0.0 0.0 0.0
0.567506 0.231271 0.179158 3.47442 0.0651086 -2.33422 0.0 0.0 0.0
0.567506 0.231271 0.179158 3.47442 0.0651086 -2.33422 0.0 0.0 0.0
0.567506 0.231271 0.179158 3.47442 0.0651086 -2.33422 0.0 0.0 0.0
0.567506 0.231271 0.179158 3.47442 0.0651086 -2.33422 0.0 0.0 0.0
0.567506 0.231271 0.179158 3.47442 0.0651086 -2.33422 0.0 0.0 0.0
0.567506 0.231271 0.179158 3.47442 0.0651086 -2.33422 0.0 0.0 0.0
0.567506 0.231271 0.179158 3.47442 0.0651086 -2.33422 0.0 0.0 0.0
0.567506 0.231271 0.179158 3.47442 0.0651086 -2.33422 0.0 0.0 0.0
0.567506 0.231271 0.179158 3.47442 0.0651086 -2.33422 0.0 0.0 0.0
0.567506 0.231271 0.179158 3.47442 0.0651086 -2.33422 0.0 0.0 0.0
0.567506 0.231271 0.179158 3.47442 0.0651086 -2.33422 0.0 0.0 0.0
0.567506 0.231271 0.179158 3.47442 0.0651086 -2.33422 0.0 0.0 0.0
0.567506 0.231271 0.179158 3.47442 0.0651086 -2.33422 0.0 0.0 0.0
0.567506 0.231271 0.179158 3.47442 0.0651086 -2.33422 0.0 0.0 0.0
0.567506 0.231271 0.179158 3.47442 0.0651086 -2.33422 0.0 0.0 0.0
0.567506 0.231271 0.179158 3.47442 0.0651086 -2.33422 0.0 0.0 0.0
0.567506 0.231271 0.179158 3.47442 0.0651086 -2.33422 0.0 0.0 0.0
0.567506 0.231271 0.179158 3.47442 0.0651086 -2.33422 0.0 0.0 0.0
0.567506 0.231271 0.179158 3.47442 0.0651086 -2.33422 0.0 0.0 0.0
0.567506 0.231271 0.179158 3.47442 0.0651086 -2.33422 0.0 0.0 0.0
0.567506 0.231271 0.179158 3.47442 0.0651086 -2.33422 0.0 0.0 0.0
0.567506 0.231271 0.179158 3.47442 0.0651086 -2.33422 0.0 0.0 0.0
0.567506 0.231271 0.179158 3.47442 0.0651086 -2.33422 0.0 0.0 0.0
0.567506 0.231271 0.179158 3.47442 0.0651086 -2.33422 0.0 0.0 0.0
0.567506 0.231271 0.179158 3.47442 0.0651086 -2.33422 0.0 0.0 0.0
0.567506 0.231271 0.179158 3.47442 0.0651086 -2.33422 0.0 0.0 0.0
0.567506 0.231271 0.179158 3.47442 0.0651086 -2.33422 0.0 0.0 0.0
0.567506 0.231271 0.179158 3.47442 0.0651086 -2.33422 0.0 0.0 0.0
0.567506 0.231271 0.179158 3.47442 0.0651086 -2.33422 0.0 0.0 0.0
0.567506 0.231271 0.179158 3.47442 0.0651086 -2.33422 0.0 0.0 0.0
0.567506 0.231271 0.179158 3.47442 0.0651086 -2.33422 0.0 0.0 0.0
0.567506 0.231271 0.179158 3.47442 0.0651086 -2.33422 0.0 0.0 0.0
0.567506 0.231271 0.179158 3.47442 0.0651086 -2.33422 0.0 0.0 0.0
0.567506 0.231271 0.179158 3.47442 0.0651086 -2.33422 0.0 0.0 0.0
0.567506 0.231271 0.179158 3.47442 0.0651086 -2.33422 0.0 0.0 0.0
0.567506 0.231271 0.179158 3.47442 0.0651086 -2.33422 0.0 0.0 0.0
0.567506 0.231271 0.179158 3.47442 0.0651086 -2.33422 0.0 0.0 0.0
0.567506 0.231271 0.179158 3.47442 0.0651086 -2.33422 0.0 0.0 0.0
0.567506 0.231271 0.179158 3.47442 0.0651086 -2.33422 0.0 0.0 0.0
0.567506 0.231271 0.179158 3.47442 0.0651086 -2.33422 0.0 0.0 0.0
0.567506 0.231271 0.179158 3.47442 0.0651086 -2.33422 0.0 0.0 0.0
0.567506 0.231271 0.179158 3.47442 0.0651086 -2.33422 0.0 0.0 0.0
0.567506 0.231271 0.179158 3.47442 0.0651086 -2.33422 0.0 0.0 0.0
0.567506 0.231271 0.179158 3.47442 0.0651086 -2.33422 0.0 0.0 0.0
0.567506 0.231271 0.179158 3.47442 0.0651086 -2.33422 0.0 0.0 0.0
0.567506 0.231271 0.179158 3.47442 0.0651086 -2.33422 0.0 0.0 0.0
0.567506 0.231271 0.179158 3.47442 0.0651086 -2.33422 0.0 0.0 0.0
0.567506 0.231271 0.179158 3.47442 0.0651086 -2.33422 0.0 0.0 0.0
0.567506 0.231271 0.179158 3.47442 0.0651086 -2.33422 0.0 0.0 0.0
0.567506 0.231271 0.179158 3.47442 0.0651086 -2.33422 0.0 0.0 0.0
0.567506 0.231271 0.179158 3.47442 0.0651086 -2.33422 0.0 0.0 0.0
0.567506 0.231271 0.179158 3.47442 0.0651086 -2.33422 0.0 0.0 0.0
0.567506 0.231271 0.179158 3.47442 0.0651086 -2.33422 0.0 0.0 0.0
0.567506 0.231271 0.179158 3.47442 0.0651086 -2.33422 0.0 0.0 0.0
0.567506 0.231271 0.179158 3.47442 0.0651086 -2.33422 0.0 0.0 0.0
0.567506 0.231271 0.179158 3.47442 0.0651086 -2.33422 0.0 0.0 0.0
0.567506 0.231271 0.179158 3.47442 0.0651086 -2.33422 0.0 0.0 0.0
0.567506 0.231271 0.179158 3.47442 0.0651086 -2.33422 0.0 0.0 0.0
0.567506 0.231271 0.179158 3.47442 0.0651086 -2.33422 0.0 0.0 0.0
0.567506 0.231271 0.179158 3.47442 0.0651086 -2.33422 0.0 0.0 0.0
0.567506 0.231271 0.179158 3.47442 0.0651086 -2.33422 0.0 0.0 0.0
0.567506 0.231271 0.179158 3.47442 0.0651086 -2.33422 0.0 0.0 0.0
0.567506 0.231271 0.179158 3.47442 0.0651086 -2.33422 0.0 0.0 0.0
0.567506 0.231271 0.179158 3.47442 0.0651086 -2.33422 0.0 0.0 0.0
0.567506 0.231271 0.179158 3.47442 0.0651086 -2.33422 0.0 0.0 0.0
0.567506 0.231271 0.179158 3.47442 0.0651086 -2.33422 0.0 0.0 0.0
0.567506 0.231271 0.179158 3.47442 0.0651086 -2.33422 0.0 0.0 0.0
0.567506 0.231271 0.179158 3.47442 0.0651086 -2.33422 0.0 0.0 0.0
0.567506 0.231271 0.179158 3.47442 0.0651086 -2.33422 0.0 0.0 0.0
0.567506 0.231271 0.179158 3.47442 0.0651086 -2.33422 0.0 0.0 0.0
0.567506 0.231271 0.179158 3.47442 0.0651086 -2.33422 0.0 0.0 0.0
0.567506 0.231271 0.179158 3.47442 0.0651086 -2.33422 0.0 0.0 0.0
0.567506 0.231271 0.179158 3.47442 0.0651086 -2.33422 0.0 0.0 0.0
0.567506 0.231271 0.179158 3.47442 0.0651086 -2.33422 0.0 0.0 0.0
0.567506 0.231271 0.179158 3.47442 0.0651086 -2.33422 0.0 0.0 0.0
0.567506 0.231271 0.179158 3.47442 0.0651086 -2.33422 0.0 0.0 0.0
0.567506 0.231271 0.179158 3.47442 0.0651086 -2.33422 0.0 0.0 0.0
0.567506 0.231271 0.179158 3.47442 0.0651086 -2.33422 0.0 0.0 0.0
0.567506 0.231271 0.179158 3.47442 0.0651086 -2.33422 0.0 0.0 0.0
0.567506 0.231271 0.179158 3.47442 0.0651086 -2.33422 0.0 0.0 0.0
0.567506 0.231271 0.179158 3.47442 0.0651086 -2.33422 0.0 0.0 0.0
0.567506 0.231271 0.179158 3.47442 0.0651086 -2.33422 0.0 0.0 0.0
0.567506 0.231271 0.179158 3.47442 0.0651086 -2.33422 0.0 0.0 0.0
0.567506 0.231271 0.179158 3.47442 0.0651086 -2.33422 0.0 0.0 0.0
0.567506 0.231271 0.179158 3.47442 0.0651086 -2.33422 0.0 0.0 0.0
0.567506 0.231271 0.179158 3.47442 0.0651086 -2.33422 0.0 0.0 0.0
0.567506 0.231271 0.179158 3.47442 0.0651086 -2.33422 0.0 0.0 0.0
0.567506 0.231271 0.179158 3.47442 0.0651086 -2.33422 0.0 0.0 0.0
0.567506 0.231271 0.179158 3.47442 0.0651086 -2.33422 0.0 0.0 0.0
0.567506 0.231271 0.179158 3.47442 0.0651086 -2.33422 0.0 0.0 0.0
0.567506 0.231271 0.179158 3.47442 0.0651086 -2.33422 0.0 0.0 0.0
0.567506 0.231271 0.179158 3.47442 0.0651086 -2.33422 0.0 0.0 0.0
0.567506 0.231271 0.179158 3.47442 0.0651086 -2.33422 0.0 0.0 0.0
0.567506 0.231271 0.179158 3.47442 0.0651086 -2.33422 0.0 0.0 0.0
0.567506 0.231271 0.179158 3.47442 0.0651086 -2.33422 0.0 0.0 0.0
0.567506 0.231271 0.179158 3.47442 0.0651086 -2.33422 0.0 0.0 0.0
0.567506 0.231271 0.179158 3.47442 0.0651086 -2.33422 0.0 0.0 0.0
0.567506 0.231271 0.179158 3.47442 0.0651086 -2.33422 0.0 0.0 0.0
0.567506 0.231271 0.179158 3.47442 0.0651086 -2.33422 0.0 0.0 0.0
0.567506 0.231271 0.179158 3.47442 0.0651086 -2.33422 0.0 0.0 0.0
0.567506 0.231271 0.179158 3.47442 0.0651086 -2.33422 0.0 0.0 0.0
0.567506 0.231271 0.179158 3.47442 0.0651086 -2.33422 0.0 0.0 0.0
0.567506 0.231271 0.179158 3.47442 0.0651086 -2.33422 0.0 0.0 0.0
0.567506 0.231271 0.179158 3.47442 0.0651086 -2.33422 0.0 0.0 0.0
0.567506 0.231271 0.179158 3.47442 0.0651086 -2.33422 0.0 0.0 0.0
0.567506 0.231271 0.179158 3.47442 0.0651086 -2.33422 0.0 0.0 0.0
0.567506 0.231271 0.179158 3.47442 0.0651086 -2.33422 0.0 0.0 0.0
0.567506 0.231271 0.179158 3.47442 0.0651086 -2.33422 0.0 0.0 0.0
0.567506 0.231271 0.179158 3.47442 0.0651086 -2.33422 0.0 0.0 0.0
0.567506 0.231271 0.179158 3.47442 0.0651086 -2.33422 0.0 0.0 0.0
0.567506 0.231271 0.179158 3.47442 0.0651086 -2.33422 0.0 0.0 0.0
0.567506 0.231271 0.179158 3.47442 0.0651086 -2.33422 0.0 0.0 0.0
0.567506 0.231271 0.179158 3.47442 0.0651086 -2.33422 0.0 0.0 0.0
0.567506 0.231271 0.179158 3.47442 0.0651086 -2.33422 0.0 0.0 0.0
0.567506 0.231271 0.179158 3.47442 0.0651086 -2.33422 0.0 0.0 0.0
0.567506 0.231271 0.179158 3.47442 0.0651086 -2.33422 0.0 0.0 0.0
0.567506 0.231271 0.179158 3.47442 0.0651086 -2.33422 0.0 0.0 0.0
0.567506 0.231271 0.179158 3.47442 0.0651086 -2.33422 0.0 0.0 0.0
0.567506 0.231271 0.179158 3.47442 0.0651086 -2.33422 0.0 0.0 0.0
0.567506 0.231271 0.179158 3.47442 0.0651086 -2.33422 0.0 0.0 0.0
0.567506 0.231271 0.179158 3.47442 0.0651086 -2.33422 0.0 0.0 0.0
0.567506 0.231271 0.179158 3.47442 0.0651086 -2.33422 0.0 0.0 0.0
0.567506 0.231271 0.179158 3.47442 0.0651086 -2.33422 0.0 0.0 0.0
0.567506 0.231271 0.179158 3.47442 0.0651086 -2.33422 0.0 0.0 0.0
0.567506 0.231271 0.179158 3.47442 0.0651086 -2.33422 0.0 0.0 0.0
0.567506 0.231271 0.179158 3.47442 0.0651086 -2.33422 0.0 0.0 0.0
0.567506 0.231271 0.179158 3.47442 0.0651086 -2.33422 0.0 0.0 0.0
0.567506 0.231271 0.179158 3.47442 0.0651086 -2.33422 0.0 0.0 0.0
0.567506 0.231271 0.179158 3.47442 0.0651086 -2.33422 0.0 0.0 0.0
0.567506 0.231271 0.179158 3.47442 0.0651086 -2.33422 0.0 0.0 0.0
0.567506 0.231271 0.179158 3.47442 0.0651086 -2.33422 0.0 0.0 0.0
0.567506 0.231271 0.179158 3.47442 0.0651086 -2.33422 0.0 0.0 0.0
0.567506 0.231271 0.179158 3.47442 0.0651086 -2.33422 0.0 0.0 0.0
0.567506 0.231271 0.179158 3.47442 0.0651086 -2.33422 0.0 0.0 0.0
0.567506 0.231271 0.179158 3.47442 0.0651086 -2.33422 0.0 0.0 0.0
0.567506 0.231271 0.179158 3.47442 0.0651086 -2.33422 0.0 0.0 0.0
0.567506 0.231271 0.179158 3.47442 0.0651086 -2.33422 0.0 0.0 0.0
0.567506 0.231271 0.179158 3.47442 0.0651086 -2.33422 0.0 0.0 0.0
0.567506 0.231271 0.179158 3.47442 0.0651086 -2.33422 0.0 0.0 0.0
0.567506 0.231271 0.179158 3.47442 0.0651086 -2.33422 0.0 0.0 0.0
0.567506 0.231271 0.179158 3.47442 0.0651086 -2.33422 0.0 0.0 0.0
0.567506 0.231271 0.179158 3.47442 0.0651086 -2.33422 0.0 0.0 0.0
0.567506 0.231271 0.179158 3.47442 0.0651086 -2.33422 0.0 0.0 0.0
0.567506 0.231271 0.179158 3.47442 0.0651086 -2.33422 0.0 0.0 0.0
0.567506 0.231271 0.179158 3.47442 0.0651086 -2.33422 0.0 0.0 0.0
0.567506 0.231271 0.179158 3.47442 0.0651086 -2.33422 0.0 0.0 0.0
0.567506 0.231271 0.179158 3.47442 0.0651086 -2.33422 0.0 0.0 0.0
0.567506 0.231271 0.179158 3.47442 0.0651086 -2.33422 0.0 0.0 0.0
0.567506 0.231271 0.179158 3.47442 0.0651086 -2.33422 0.0 0.0 0.0
0.567506 0.231271 0.179158 3.47442 0.0651086 -2.33422 0.0 0.0 0.0
0.567506 0.231271 0.179158 3.47442 0.0651086 -2.33422 0.0 0.0 0.0
0.567506 0.231271 0.179158 3.47442 0.0651086 -2.33422 0.0 0.0 0.0
0.567506 0.231271 0.179158 3.47442 0.0651086 -2.33422 0.0 0.0 0.0
0.567506 0.231271 0.179158 3.47442 0.0651086 -2.33422 0.0 0.0 0.0
0.567506 0.231271 0.179158 3.47442 0.0651086 -2.33422 0.0 0.0 0.0
0.567506 0.231271 0.179158 3.47442 0.0651086 -2.33422 0.0 0.0 0.0
0.567506 0.231271 0.179158 3.47442 0.0651086 -2.33422 0.0 0.0 0.0
0.567506 0.231271 0.179158 3.47442 0.0651086 -2.33422 0.0 0.0 0.0
0.567506 0.231271 0.179158 3.47442 0.0651086 -2.33422 0.0 0.0 0.0
0.567506 0.231271 0.179158 3.47442 0.0651086 -2.33422 0.0 0.0 0.0
0.567506 0.231271 0.179158 3.47442 0.0651086 -2.33422 0.0 0.0 0.0
0.567506 0.231271 0.179158 3.47442 0.0651086 -2.33422 0.0 0.0 0.0
0.567506 0.231271 0.179158 3.47442 0.0651086 -2.33422 0.0 0.0 0.0
0.567506 0.231271 0.179158 3.47442 0.0651086 -2.33422 0.0 0.0 0.0
0.567506 0.231271 0.179158 3.47442 0.0651086 -2.33422 0.0 0.0 0.0
0.567506 0.231271 0.179158 3.47442 0.0651086 -2.33422 0.0 0.0 0.0
0.567506 0.231271 0.179158 3.47442 0.0651086 -2.33422 0.0 0.0 0.0
0.567506 0.231271 0.179158 3.47442 0.0651086 -2.33422 0.0 0.0 0.0
0.567506 0.231271 0.179158 3.47442 0.0651086 -2.33422 0.0 0.0 0.0
0.567506 0.231271 0.179158 3.47442 0.0651086 -2.33422 0.0 0.0 0.0
0.567506 0.231271 0.179158 3.47442 0.0651086 -2.33422 0.0 0.0 0.0
0.567506 0.231271 0.179158 3.47442 0.0651086 -2.33422 0.0 0.0 0.0
0.567506 0.231271 0.179158 3.47442 0.0651086 -2.33422 0.0 0.0 0.0
0.567506 0.231271 0.179158 3.47442 0.0651086 -2.33422 0.0 0.0 0.0
0.567506 0.231271 0.179158 3.47442 0.0651086 -2.33422 0.0 0.0 0.0
0.567506 0.231271 0.179158 3.47442 0.0651086 -2.33422 0.0 0.0 0.0
0.567506 0.231271 0.179158 3.47442 0.0651086 -2.33422 0.0 0.0 0.0
0.567506 0.231271 0.179158 3.47442 0.0651086 -2.33422 0.0 0.0 0.0
0.567506 0.231271 0.179158 3.47442 0.0651086 -2.33422 0.0 0.0 0.0
0.567506 0.231271 0.179158 3.47442 0.0651086 -2.33422 0.0 0.0 0.0
0.567506 0.231271 0.179158 3.47442 0.0651086 -2.33422 0.0 0.0 0.0
0.567506 0.231271 0.179158 3.47442 0.0651086 -2.33422 0.0 0.0 0.0
0.567506 0.231271 0.179158 3.47442 0.0651086 -2.33422 0.0 0.0 0.0
0.567506 0.231271 0.179158 3.47442 0.0651086 -2.33422 0.0 0.0 0.0
0.567506 0.231271 0.179158 3.47442 0.0651086 -2.33422 0.0 0.0 0.0
0.567506 0.231271 0.179158 3.47442 0.0651086 -2.33422 0.0 0.0 0.0
0.567506 0.231271 0.179158 3.47442 0.0651086 -2.33422 0.0 0.0 0.0
0.567506 0.231271 0.179158 3.47442 0.0651086 -2.33422 0.0 0.0 0.0
0.567506 0.231271 0.179158 3.47442 0.0651086 -2.33422 0.0 0.0 0.0
0.567506 0.231271 0.179158 3.47442 0.0651086 -2.33422 0.0 0.0 0.0
0.567506 0.231271 0.179158 3.47442 0.0651086 -2.33422 0.0 0.0 0.0
0.567506 0.231271 0.179158 3.47442 0.0651086 -2.33422 0.0 0.0 0.0
0.567506 0.231271 0.179158 3.47442 0.0651086 -2.33422 0.0 0.0 0.0
0.567506 0.231271 0.179158 3.47442 0.0651086 -2.33422 0.0 0.0 0.0
0.567506 0.231271 0.179158 3.47442 0.0651086 -2.33422 0.0 0.0 0.0
0.567506 0.231271 0.179158 3.47442 0.0651086 -2.33422 0.0 0.0 0.0
0.567506 0.231271 0.179158 3.47442 0.0651086 -2.33422 0.0 0.0 0.0
0.567506 0.231271 0.179158 3.47442 0.0651086 -2.33422 0.0 0.0 0.0
0.567506 0.231271 0.179158 3.47442 0.0651086 -2.33422 0.0 0.0 0.0
0.567506 0.231271 0.179158 3.47442 0.0651086 -2.33422 0.0 0.0 0.0
0.567506 0.231271 0.179158 3.47442 0.0651086 -2.33422 0.0 0.0 0.0
0.567506 0.231271 0.179158 3.47442 0.0651086 -2.33422 0.0 0.0 0.0
0.567506 0.231271 0.179158 3.47442 0.0651086 -2.33422 0.0 0.0 0.0
0.567506 0.231271 0.179158 3.47442 0.0651086 -2.33422 0.0 0.0 0.0
0.567506 0.231271 0.179158 3.47442 0.0651086 -2.33422 0.0 0.0 0.0
0.567506 0.231271 0.179158 3.47442 0.0651086 -2.33422 0.0 0.0 0.0
0.567506 0.231271 0.179158 3.47442 0.0651086 -2.33422 0.0 0.0 0.0
0.567506 0.231271 0.179158 3.47442 0.0651086 -2.33422 0.0 0.0 0.0
0.567506 0.231271 0.179158 3.47442 0.0651086 -2.33422 0.0 0.0 0.0
0.567506 0.231271 0.179158 3.47442 0.0651086 -2.33422 0.0 0.0 0.0
0.567506 0.231271 0.179158 3.47442 0.0651086 -2.33422 0.0 0.0 0.0
0.567506 0.231271 0.179158 3.47442 0.0651086 -2.33422 0.0 0.0 0.0
0.567506 0.231271 0.179158 3.47442 0.0651086 -2.33422 0.0 0.0 0.0
0.567506 0.231271 0.179158 3.47442 0.0651086 -2.33422 0.0 0.0 0.0
0.567506 0.231271 0.179158 3.47442 0.0651086 -2.33422 0.0 0.0 0.0
0.567506 0.231271 0.179158 3.47442 0.0651086 -2.33422 0.0 0.0 0.0
0.567506 0.231271 0.179158 3.47442 0.0651086 -2.33422 0.0 0.0 0.0
0.567506 0.231271 0.179158 3.47442 0.0651086 -2.33422 0.0 0.0 0.0
0.567506 0.231271 0.179158 3.47442 0.0651086 -2.33422 0.0 0.0 0.0
0.567506 0.231271 0.179158 3.47442 0.0651086 -2.33422 0.0 0.0 0.0
0.567506 0.231271 0.179158 3.47442 0.0651086 -2.33422 0.0 0.0 0.0
0.567506 0.231271 0.179158 3.47442 0.0651086 -2.33422 0.0 0.0 0.0
0.567506 0.231271 0.179158 3.47442 0.0651086 -2.33422 0.0 0.0 0.0
0.567506 0.231271 0.179158 3.47442 0.0651086 -2.33422 0.0 0.0 0.0
0.567506 0.231271 0.179158 3.47442 0.0651086 -2.33422 0.0 0.0 0.0
0.567506 0.231271 0.179158 3.47442 0.0651086 -2.33422 0.0 0.0 0.0
0.567506 0.231271 0.179158 3.47442 0.0651086 -2.33422 0.0 0.0 0.0
0.567506 0.231271 0.179158 3.47442 0.0651086 -2.33422 0.0 0.0 0.0
0.567506 0.231271 0.179158 3.47442 0.0651086 -2.33422 0.0 0.0 0.0
0.567506 0.231271 0.179158 3.47442 0.0651086 -2.33422 0.0 0.0 0.0
0.567506 0.231271 0.179158 3.47442 0.0651086 -2.33422 0.0 0.0 0.0
0.567506 0.231271 0.179158 3.47442 0.0651086 -2.33422 0.0 0.0 0.0
0.567506 0.231271 0.179158 3.47442 0.0651086 -2.33422 0.0 0.0 0.0
0.567506 0.231271 0.179158 3.47442 0.0651086 -2.33422 0.0 0.0 0.0
0.567506 0.231271 0.179158 3.47442 0.0651086 -2.33422 0.0 0.0 0.0
0.567506 0.231271 0.179158 3.47442 0.0651086 -2.33422 0.0 0.0 0.0
0.567506 0.231271 0.179158 3.47442 0.0651086 -2.33422 0.0 0.0 0.0
0.567506 0.231271 0.179158 3.47442 0.0651086 -2.33422 0.0 0.0 0.0
0.567506 0.231271 0.179158 3.47442 0.0651086 -2.33422 0.0 0.0 0.0
0.567506 0.231271 0.179158 3.47442 0.0651086 -2.33422 0.0 0.0 0.0
0.567506 0.231271 0.179158 3.47442 0.0651086 -2.33422 0.0 0.0 0.0
0.567506 0.231271 0.179158 3.47442 0.0651086 -2.33422 0.0 0.0 0.0
0.567506 0.231271 0.179158 3.47442 0.0651086 -2.33422 0.0 0.0 0.0
0.567506 0.231271 0.179158 3.47442 0.0651086 -2.33422 0.0 0.0 0.0
0.567506 0.231271 0.179158 3.47442 0.0651086 -2.33422 0.0 0.0 0.0
0.567506 0.231271 0.179158 3.47442 0.0651086 -2.33422 0.0 0.0 0.0
0.567506 0.231271 0.179158 3.47442 0.0651086 -2.33422 0.0 0.0 0.0
0.567506 0.231271 0.179158 3.47442 0.0651086 -2.33422 0.0 0.0 0.0
0.567506 0.231271 0.179158 3.47442 0.0651086 -2.33422 0.0 0.0 0.0
0.567506 0.231271 0.179158 3.47442 0.0651086 -2.33422 0.0 0.0 0.0
0.567506 0.231271 0.179158 3.47442 0.0651086 -2.33422 0.0 0.0 0.0
0.567506 0.231271 0.179158 3.47442 0.0651086 -2.33422 0.0 0.0 0.0
0.567506 0.231271 0.179158 3.47442 0.0651086 -2.33422 0.0 0.0 0.0
0.567506 0.231271 0.179158 3.47442 0.0651086 -2.33422 0.0 0.0 0.0
0.567506 0.231271 0.179158 3.47442 0.0651086 -2.33422 0.0 0.0 0.0
0.567506 0.231271 0.179158 3.47442 0.0651086 -2.33422 0.0 0.0 0.0
0.567506 0.231271 0.179158 3.47442 0.0651086 -2.33422 0.0 0.0 0.0
0.567506 0.231271 0.179158 3.47442 0.0651086 -2.33422 0.0 0.0 0.0
0.567506 0.231271 0.179158 3.47442 0.0651086 -2.33422 0.0 0.0 0.0
0.567506 0.231271 0.179158 3.47442 0.0651086 -2.33422 0.0 0.0 0.0
0.567506 0.231271 0.179158 3.47442 0.0651086 -2.33422 0.0 0.0 0.0
0.567506 0.231271 0.179158 3.47442 0.0651086 -2.33422 0.0 0.0 0.0
0.567506 0.231271 0.179158 3.47442 0.0651086 -2.33422 0.0 0.0 0.0
0.567506 0.231271 0.179158 3.47442 0.0651086 -2.33422 0.0 0.0 0.0
0.567506 0.231271 0.179158 3.47442 0.0651086 -2.33422 0.0 0.0 0.0
0.567506 0.231271 0.179158 3.47442 0.0651086 -2.33422 0.0 0.0 0.0
0.567506 0.231271 0.179158 3.47442 0.0651086 -2.33422 0.0 0.0 0.0
0.567506 0.231271 0.179158 3.47442 0.0651086 -2.33422 0.0 0.0 0.0
0.567506 0.231271 0.179158 3.47442 0.0651086 -2.33422 0.0 0.0 0.0
0.567506 0.231271 0.179158 3.47442 0.0651086 -2.33422 0.0 0.0 0.0
0.567506 0.231271 0.179158 3.47442 0.0651086 -2.33422 0.0 0.0 0.0
0.567506 0.231271 0.179158 3.47442 0.0651086 -2.33422 0.0 0.0 0.0
0.567506 0.231271 0.179158 3.47442 0.0651086 -2.33422 0.0 0.0 0.0
0.567506 0.231271 0.179158 3.47442 0.0651086 -2.33422 0.0 0.0 0.0
0.567506 0.231271 0.179158 3.47442 0.0651086 -2.33422 0.0 0.0 0.0
0.567506 0.231271 0.179158 3.47442 0.0651086 -2.33422 0.0 0.0 0.0
0.567506 0.231271 0.179158 3.47442 0.0651086 -2.33422 0.0 0.0 0.0
0.567506 0.231271 0.179158 3.47442 0.0651086 -2.33422 0.0 0.0 0.0
0.567506 0.231271 0.179158 3.47442 0.0651086 -2.33422 0.0 0.0 0.0
0.567506 0.231271 0.179158 3.47442 0.0651086 -2.33422 0.0 0.0 0.0
0.567506 0.231271 0.179158 3.47442 0.0651086 -2.33422 0.0 0.0 0.0
0.567506 0.231271 0.179158 3.47442 0.0651086 -2.33422 0.0 0.0 0.0
0.567506 0.231271 0.179158 3.47442 0.0651086 -2.33422 0.0 0.0 0.0
0.567506 0.231271 0.179158 3.47442 0.0651086 -2.33422 0.0 0.0 0.0
0.567506 0.231271 0.179158 3.47442 0.0651086 -2.33422 0.0 0.0 0.0
0.567506 0.231271 0.179158 3.47442 0.0651086 -2.33422 0.0 0.0 0.0
0.567506 0.231271 0.179158 3.47442 0.0651086 -2.33422 0.0 0.0 0.0
0.567506 0.231271 0.179158 3.47442 0.0651086 -2.33422 0.0 0.0 0.0
0.567506 0.231271 0.179158 3.47442 0.0651086 -2.33422 0.0 0.0 0.0
0.567506 0.231271 0.179158 3.47442 0.0651086 -2.33422 0.0 0.0 0.0
0.567506 0.231271 0.179158 3.47442 0.0651086 -2.33422 0.0 0.0 0.0
0.567506 0.231271 0.179158 3.47442 0.0651086 -2.33422 0.0 0.0 0.0
0.567506 0.231271 0.179158 3.47442 0.0651086 -2.33422 0.0 0.0 0.0
0.567506 0.231271 0.179158 3.47442 0.0651086 -2.33422 0.0 0.0 0.0
0.567506 0.231271 0.179158 3.47442 0.0651086 -2.33422 0.0 0.0 0.0
0.567506 0.231271 0.179158 3.47442 0.0651086 -2.33422 0.0 0.0 0.0
0.567506 0.231271 0.179158 3.47442 0.0651086 -2.33422 0.0 0.0 0.0
0.567506 0.231271 0.179158 3.47442 0.0651086 -2.33422 0.0 0.0 0.0
0.567506 0.231271 0.179158 3.47442 0.0651086 -2.33422 0.0 0.0 0.0
0.567506 0.231271 0.179158 3.47442 0.0651086 -2.33422 0.0 0.0 0.0
0.567506 0.231271 0.179158 3.47442 0.0651086 -2.33422 0.0 0.0 0.0
0.567506 0.231271 0.179158 3.47442 0.0651086 -2.33422 0.0 0.0 0.0
0.567506 0.231271 0.179158 3.47442 0.0651086 -2.33422 0.0 0.0 0.0
0.567506 0.231271 0.179158 3.47442 0.0651086 -2.33422 0.0 0.0 0.0
0.567506 0.231271 0.179158 3.47442 0.0651086 -2.33422 0.0 0.0 0.0
0.567506 0.231271 0.179158 3.47442 0.0651086 -2.33422 0.0 0.0 0.0
0.567506 0.231271 0.179158 3.47442 0.0651086 -2.33422 0.0 0.0 0.0
0.567506 0.231271 0.179158 3.47442 0.0651086 -2.33422 0.0 0.0 0.0
0.567506 0.231271 0.179158 3.47442 0.0651086 -2.33422 0.0 0.0 0.0
0.567506 0.231271 0.179158 3.47442 0.0651086 -2.33422 0.0 0.0 0.0
0.567506 0.231271 0.179158 3.47442 0.0651086 -2.33422 0.0 0.0 0.0
0.567506 0.231271 0.179158 3.47442 0.0651086 -2.33422 0.0 0.0 0.0
0.567506 0.231271 0.179158 3.47442 0.0651086 -2.33422 0.0 0.0 0.0
0.567506 0.231271 0.179158 3.47442 0.0651086 -2.33422 0.0 0.0 0.0
0.567506 0.231271 0.179158 3.47442 0.0651086 -2.33422 0.0 0.0 0.0
0.567506 0.231271 0.179158 3.47442 0.0651086 -2.33422 0.0 0.0 0.0
0.567506 0.231271 0.179158 3.47442 0.0651086 -2.33422 0.0 0.0 0.0
0.567506 0.231271 0.179158 3.47442 0.0651086 -2.33422 0.0 0.0 0.0
0.567506 0.231271 0.179158 3.47442 0.0651086 -2.33422 0.0 0.0 0.0
0.567506 0.231271 0.179158 3.47442 0.0651086 -2.33422 0.0 0.0 0.0
0.567506 0.231271 0.179158 3.47442 0.0651086 -2.33422 0.0 0.0 0.0
0.567506 0.231271 0.179158 3.47442 0.0651086 -2.33422 0.0 0.0 0.0
0.567506 0.231271 0.179158 3.47442 0.0651086 -2.33422 0.0 0.0 0.0
0.567506 0.231271 0.179158 3.47442 0.0651086 -2.33422 0.0 0.0 0.0
0.567506 0.231271 0.179158 3.47442 0.0651086 -2.33422 0.0 0.0 0.0
0.567506 0.231271 0.179158 3.47442 0.0651086 -2.33422 0.0 0.0 0.0
0.567506 0.231271 0.179158 3.47442 0.0651086 -2.33422 0.0 0.0 0.0
0.567506 0.231271 0.179158 3.47442 0.0651086 -2.33422 0.0 0.0 0.0
0.567506 0.231271 0.179158 3.47442 0.0651086 -2.33422 0.0 0.0 0.0
0.567506 0.231271 0.179158 3.47442 0.0651086 -2.33422 0.0 0.0 0.0
0.567506 0.231271 0.179158 3.47442 0.0651086 -2.33422 0.0 0.0 0.0
0.567506 0.231271 0.179158 3.47442 0.0651086 -2.33422 0.0 0.0 0.0
0.567506 0.231271 0.179158 3.47442 0.0651086 -2.33422 0.0 0.0 0.0
0.567506 0.231271 0.179158 3.47442 0.0651086 -2.33422 0.0 0.0 0.0
0.567506 0.231271 0.179158 3.47442 0.0651086 -2.33422 0.0 0.0 0.0
0.567506 0.231271 0.179158 3.47442 0.0651086 -2.33422 0.0 0.0 0.0
0.567506 0.231271 0.179158 3.47442 0.0651086 -2.33422 0.0 0.0 0.0
0.567506 0.231271 0.179158 3.47442 0.0651086 -2.33422 0.0 0.0 0.0
0.567506 0.231271 0.179158 3.47442 0.0651086 -2.33422 0.0 0.0 0.0
0.567506 0.231271 0.179158 3.47442 0.0651086 -2.33422 0.0 0.0 0.0
0.567506 0.231271 0.179158 3.47442 0.0651086 -2.33422 0.0 0.0 0.0
0.567506 0.231271 0.179158 3.47442 0.0651086 -2.33422 0.0 0.0 0.0
0.567506 0.231271 0.179158 3.47442 0.0651086 -2.33422 0.0 0.0 0.0
0.567506 0.231271 0.179158 3.47442 0.0651086 -2.33422 0.0 0.0 0.0
0.567506 0.231271 0.179158 3.47442 0.0651086 -2.33422 0.0 0.0 0.0
0.567506 0.231271 0.179158 3.47442 0.0651086 -2.33422 0.0 0.0 0.0
0.567506 0.231271 0.179158 3.47442 0.0651086 -2.33422 0.0 0.0 0.0
0.567506 0.231271 0.179158 3.47442 0.0651086 -2.33422 0.0 0.0 0.0
0.567506 0.231271 0.179158 3.47442 0.0651086 -2.33422 0.0 0.0 0.0
0.567506 0.231271 0.179158 3.47442 0.0651086 -2.33422 0.0 0.0 0.0
0.567506 0.231271 0.179158 3.47442 0.0651086 -2.33422 0.0 0.0 0.0
0.567506 0.231271 0.179158 3.47442 0.0651086 -2.33422 0.0 0.0 0.0
0.567506 0.231271 0.179158 3.47442 0.0651086 -2.33422 0.0 0.0 0.0
0.567506 0.231271 0.179158 3.47442 0.0651086 -2.33422 0.0 0.0 0.0
0.567506 0.231271 0.179158 3.47442 0.0651086 -2.33422 0.0 0.0 0.0
0.567506 0.231271 0.179158 3.47442 0.0651086 -2.33422 0.0 0.0 0.0
0.567506 0.231271 0.179158 3.47442 0.0651086 -2.33422 0.0 0.0 0.0
0.567506 0.231271 0.179158 3.47442 0.0651086 -2.33422 0.0 0.0 0.0
0.567506 0.231271 0.179158 3.47442 0.0651086 -2.33422 0.0 0.0 0.0
0.567506 0.231271 0.179158 3.47442 0.0651086 -2.33422 0.0 0.0 0.0
0.567506 0.231271 0.179158 3.47442 0.0651086 -2.33422 0.0 0.0 0.0
0.567506 0.231271 0.179158 3.47442 0.0651086 -2.33422 0.0 0.0 0.0
0.567506 0.231271 0.179158 3.47442 0.0651086 -2.33422 0.0 0.0 0.0
0.567506 0.231271 0.179158 3.47442 0.0651086 -2.33422 0.0 0.0 0.0
0.567506 0.231271 0.179158 3.47442 0.0651086 -2.33422 0.0 0.0 0.0
0.567506 0.231271 0.179158 3.47442 0.0651086 -2.33422 0.0 0.0 0.0
0.567506 0.231271 0.179158 3.47442 0.0651086 -2.33422 0.0 0.0 0.0
0.567506 0.231271 0.179158 3.47442 0.0651086 -2.33422 0.0 0.0 0.0
0.567506 0.231271 0.179158 3.47442 0.0651086 -2.33422 0.0 0.0 0.0
0.567506 0.231271 0.179158 3.47442 0.0651086 -2.33422 0.0 0.0 0.0
0.567506 0.231271 0.179158 3.47442 0.0651086 -2.33422 0.0 0.0 0.0
0.567506 0.231271 0.179158 3.47442 0.0651086 -2.33422 0.0 0.0 0.0
0.567506 0.231271 0.179158 3.47442 0.0651086 -2.33422 0.0 0.0 0.0
0.567506 0.231271 0.179158 3.47442 0.0651086 -2.33422 0.0 0.0 0.0
0.567506 0.231271 0.179158 3.47442 0.0651086 -2.33422 0.0 0.0 0.0
0.567506 0.231271 0.179158 3.47442 0.0651086 -2.33422 0.0 0.0 0.0
0.567506 0.231271 0.179158 3.47442 0.0651086 -2.33422 0.0 0.0 0.0
0.567506 0.231271 0.179158 3.47442 0.0651086 -2.33422 0.0 0.0 0.0
0.567506 0.231271 0.179158 3.47442 0.0651086 -2.33422 0.0 0.0 0.0
0.567506 0.231271 0.179158 3.47442 0.0651086 -2.33422 0.0 0.0 0.0
0.567506 0.231271 0.179158 3.47442 0.0651086 -2.33422 0.0 0.0 0.0
0.567506 0.231271 0.179158 3.47442 0.0651086 -2.33422 0.0 0.0 0.0
0.567506 0.231271 0.179158 3.47442 0.0651086 -2.33422 0.0 0.0 0.0
0.567506 0.231271 0.179158 3.47442 0.0651086 -2.33422 0.0 0.0 0.0
0.567506 0.231271 0.179158 3.47442 0.0651086 -2.33422 0.0 0.0 0.0
0.567506 0.231271 0.179158 3.47442 0.0651086 -2.33422 0.0 0.0 0.0
0.567506 0.231271 0.179158 3.47442 0.0651086 -2.33422 0.0 0.0 0.0
0.567506 0.231271 0.179158 3.47442 0.0651086 -2.33422 0.0 0.0 0.0
0.567506 0.231271 0.179158 3.47442 0.0651086 -2.33422 0.0 0.0 0.0
0.567506 0.231271 0.179158 3.47442 0.0651086 -2.33422 0.0 0.0 0.0
0.567506 0.231271 0.179158 3.47442 0.0651086 -2.33422 0.0 0.0 0.0
0.567506 0.231271 0.179158 3.47442 0.0651086 -2.33422 0.0 0.0 0.0
0.567506 0.231271 0.179158 3.47442 0.0651086 -2.33422 0.0 0.0 0.0
0.567506 0.231271 0.179158 3.47442 0.0651086 -2.33422 0.0 0.0 0.0
0.567506 0.231271 0.179158 3.47442 0.0651086 -2.33422 0.0 0.0 0.0
0.567506 0.231271 0.179158 3.47442 0.0651086 -2.33422 0.0 0.0 0.0
0.567506 0.231271 0.179158 3.47442 0.0651086 -2.33422 0.0 0.0 0.0
0.567506 0.231271 0.179158 3.47442 0.0651086 -2.33422 0.0 0.0 0.0
0.567506 0.231271 0.179158 3.47442 0.0651086 -2.33422 0.0 0.0 0.0
0.567506 0.231271 0.179158 3.47442 0.0651086 -2.33422 0.0 0.0 0.0
0.567506 0.231271 0.179158 3.47442 0.0651086 -2.33422 0.0 0.0 0.0
0.567506 0.231271 0.179158 3.47442 0.0651086 -2.33422 0.0 0.0 0.0
0.567506 0.231271 0.179158 3.47442 0.0651086 -2.33422 0.0 0.0 0.0
0.567506 0.231271 0.179158 3.47442 0.0651086 -2.33422 0.0 0.0 0.0
0.567506 0.231271 0.179158 3.47442 0.0651086 -2.33422 0.0 0.0 0.0
0.567506 0.231271 0.179158 3.47442 0.0651086 -2.33422 0.0 0.0 0.0
0.567506 0.231271 0.179158 3.47442 0.0651086 -2.33422 0.0 0.0 0.0
0.567506 0.231271 0.179158 3.47442 0.0651086 -2.33422 0.0 0.0 0.0
0.567506 0.231271 0.179158 3.47442 0.0651086 -2.33422 0.0 0.0 0.0
0.567506 0.231271 0.179158 3.47442 0.0651086 -2.33422 0.0 0.0 0.0
0.567506 0.231271 0.179158 3.47442 0.0651086 -2.33422 0.0 0.0 0.0
0.567506 0.231271 0.179158 3.47442 0.0651086 -2.33422 0.0 0.0 0.0
0.567506 0.231271 0.179158 3.47442 0.0651086 -2.33422 0.0 0.0 0.0
0.567506 0.231271 0.179158 3.47442 0.0651086 -2.33422 0.0 0.0 0.0
0.567506 0.231271 0.179158 3.47442 0.0651086 -2.33422 0.0 0.0 0.0
0.567506 0.231271 0.179158 3.47442 0.0651086 -2.33422 0.0 0.0 0.0
0.567506 0.231271 0.179158 3.47442 0.0651086 -2.33422 0.0 0.0 0.0
0.567506 0.231271 0.179158 3.47442 0.0651086 -2.33422 0.0 0.0 0.0
0.567506 0.231271 0.179158 3.47442 0.0651086 -2.33422 0.0 0.0 0.0
0.567506 0.231271 0.179158 3.47442 0.0651086 -2.33422 0.0 0.0 0.0
0.567506 0.231271 0.179158 3.47442 0.0651086 -2.33422 0.0 0.0 0.0
0.567506 0.231271 0.179158 3.47442 0.0651086 -2.33422 0.0 0.0 0.0
0.567506 0.231271 0.179158 3.47442 0.0651086 -2.33422 0.0 0.0 0.0
0.567506 0.231271 0.179158 3.47442 0.0651086 -2.33422 0.0 0.0 0.0
0.567506 0.231271 0.179158 3.47442 0.0651086 -2.33422 0.0 0.0 0.0
0.567506 0.231271 0.179158 3.47442 0.0651086 -2.33422 0.0 0.0 0.0
0.567506 0.231271 0.179158 3.47442 0.0651086 -2.33422 0.0 0.0 0.0
0.567506 0.231271 0.179158 3.47442 0.0651086 -2.33422 0.0 0.0 0.0
0.567506 0.231271 0.179158 3.47442 0.0651086 -2.33422 0.0 0.0 0.0
0.567506 0.231271 0.179158 3.47442 0.0651086 -2.33422 0.0 0.0 0.0
0.567506 0.231271 0.179158 3.47442 0.0651086 -2.33422 0.0 0.0 0.0
0.567506 0.231271 0.179158 3.47442 0.0651086 -2.33422 0.0 0.0 0.0
0.567506 0.231271 0.179158 3.47442 0.0651086 -2.33422 0.0 0.0 0.0
0.567506 0.231271 0.179158 3.47442 0.0651086 -2.33422 0.0 0.0 0.0
0.567506 0.231271 0.179158 3.47442 0.0651086 -2.33422 0.0 0.0 0.0
0.567506 0.231271 0.179158 3.47442 0.0651086 -2.33422 0.0 0.0 0.0
0.567506 0.231271 0.179158 3.47442 0.0651086 -2.33422 0.0 0.0 0.0
0.567506 0.231271 0.179158 3.47442 0.0651086 -2.33422 0.0 0.0 0.0
0.567506 0.231271 0.179158 3.47442 0.0651086 -2.33422 0.0 0.0 0.0
0.567506 0.231271 0.179158 3.47442 0.0651086 -2.33422 0.0 0.0 0.0
0.567506 0.231271 0.179158 3.47442 0.0651086 -2.33422 0.0 0.0 0.0
0.567506 0.231271 0.179158 3.47442 0.0651086 -2.33422 0.0 0.0 0.0
0.567506 0.231271 0.179158 3.47442 0.0651086 -2.33422 0.0 0.0 0.0
0.567506 0.231271 0.179158 3.47442 0.0651086 -2.33422 0.0 0.0 0.0
0.567506 0.231271 0.179158 3.47442 0.0651086 -2.33422 0.0 0.0 0.0
0.567506 0.231271 0.179158 3.47442 0.0651086 -2.33422 0.0 0.0 0.0
0.567506 0.231271 0.179158 3.47442 0.0651086 -2.33422 0.0 0.0 0.0
0.567506 0.231271 0.179158 3.47442 0.0651086 -2.33422 0.0 0.0 0.0
0.567506 0.231271 0.179158 3.47442 0.0651086 -2.33422 0.0 0.0 0.0
0.567506 0.231271 0.179158 3.47442 0.0651086 -2.33422 0.0 0.0 0.0
0.567506 0.231271 0.179158 3.47442 0.0651086 -2.33422 0.0 0.0 0.0
0.567506 0.231271 0.179158 3.47442 0.0651086 -2.33422 0.0 0.0 0.0
0.567506 0.231271 0.179158 3.47442 0.0651086 -2.33422 0.0 0.0 0.0
0.567506 0.231271 0.179158 3.47442 0.0651086 -2.33422 0.0 0.0 0.0
0.567506 0.231271 0.179158 3.47442 0.0651086 -2.33422 0.0 0.0 0.0
0.567506 0.231271 0.179158 3.47442 0.0651086 -2.33422 0.0 0.0 0.0
0.567506 0.231271 0.179158 3.47442 0.0651086 -2.33422 0.0 0.0 0.0
0.567506 0.231271 0.179158 3.47442 0.0651086 -2.33422 0.0 0.0 0.0
0.567506 0.231271 0.179158 3.47442 0.0651086 -2.33422 0.0 0.0 0.0
0.567506 0.231271 0.179158 3.47442 0.0651086 -2.33422 0.0 0.0 0.0
0.567506 0.231271 0.179158 3.47442 0.0651086 -2.33422 0.0 0.0 0.0
0.567506 0.231271 0.179158 3.47442 0.0651086 -2.33422 0.0 0.0 0.0
0.567506 0.231271 0.179158 3.47442 0.0651086 -2.33422 0.0 0.0 0.0
0.567506 0.231271 0.179158 3.47442 0.0651086 -2.33422 0.0 0.0 0.0
0.567506 0.231271 0.179158 3.47442 0.0651086 -2.33422 0.0 0.0 0.0
0.567506 0.231271 0.179158 3.47442 0.0651086 -2.33422 0.0 0.0 0.0
0.567506 0.231271 0.179158 3.47442 0.0651086 -2.33422 0.0 0.0 0.0
0.567506 0.231271 0.179158 3.47442 0.0651086 -2.33422 0.0 0.0 0.0
0.567506 0.231271 0.179158 3.47442 0.0651086 -2.33422 0.0 0.0 0.0
0.567506 0.231271 0.179158 3.47442 0.0651086 -2.33422 0.0 0.0 0.0
0.567506 0.231271 0.179158 3.47442 0.0651086 -2.33422 0.0 0.0 0.0
0.567506 0.231271 0.179158 3.47442 0.0651086 -2.33422 0.0 0.0 0.0
0.567506 0.231271 0.179158 3.47442 0.0651086 -2.33422 0.0 0.0 0.0
0.567506 0.231271 0.179158 3.47442 0.0651086 -2.33422 0.0 0.0 0.0
0.567506 0.231271 0.179158 3.47442 0.0651086 -2.33422 0.0 0.0 0.0
0.567506 0.231271 0.179158 3.47442 0.0651086 -2.33422 0.0 0.0 0.0
0.567506 0.231271 0.179158 3.47442 0.0651086 -2.33422 0.0 0.0 0.0
0.567506 0.231271 0.179158 3.47442 0.0651086 -2.33422 0.0 0.0 0.0
0.567506 0.231271 0.179158 3.47442 0.0651086 -2.33422 0.0 0.0 0.0
0.567506 0.231271 0.179158 3.47442 0.0651086 -2.33422 0.0 0.0 0.0
0.567506 0.231271 0.179158 3.47442 0.0651086 -2.33422 0.0 0.0 0.0
0.567506 0.231271 0.179158 3.47442 0.0651086 -2.33422 0.0 0.0 0.0
0.567506 0.231271 0.179158 3.47442 0.0651086 -2.33422 0.0 0.0 0.0
0.567506 0.231271 0.179158 3.47442 0.0651086 -2.33422 0.0 0.0 0.0
0.567506 0.231271 0.179158 3.47442 0.0651086 -2.33422 0.0 0.0 0.0
0.567506 0.231271 0.179158 3.47442 0.0651086 -2.33422 0.0 0.0 0.0
0.567506 0.231271 0.179158 3.47442 0.0651086 -2.33422 0.0 0.0 0.0
0.567506 0.231271 0.179158 3.47442 0.0651086 -2.33422 0.0 0.0 0.0
0.567506 0.231271 0.179158 3.47442 0.0651086 -2.33422 0.0 0.0 0.0
0.567506 0.231271 0.179158 3.47442 0.0651086 -2.33422 0.0 0.0 0.0
0.567506 0.231271 0.179158 3.47442 0.0651086 -2.33422 0.0 0.0 0.0
0.567506 0.231271 0.179158 3.47442 0.0651086 -2.33422 0.0 0.0 0.0
0.567506 0.231271 0.179158 3.47442 0.0651086 -2.33422 0.0 0.0 0.0
0.567506 0.231271 0.179158 3.47442 0.0651086 -2.33422 0.0 0.0 0.0
0.567506 0.231271 0.179158 3.47442 0.0651086 -2.33422 0.0 0.0 0.0
0.567506 0.231271 0.179158 3.47442 0.0651086 -2.33422 0.0 0.0 0.0
0.567506 0.231271 0.179158 3.47442 0.0651086 -2.33422 0.0 0.0 0.0
0.567506 0.231271 0.179158 3.47442 0.0651086 -2.33422 0.0 0.0 0.0
0.567506 0.231271 0.179158 3.47442 0.0651086 -2.33422 0.0 0.0 0.0
0.567506 0.231271 0.179158 3.47442 0.0651086 -2.33422 0.0 0.0 0.0
0.567506 0.231271 0.179158 3.47442 0.0651086 -2.33422 0.0 0.0 0.0
0.567506 0.231271 0.179158 3.47442 0.0651086 -2.33422 0.0 0.0 0.0
0.567506 0.231271 0.179158 3.47442 0.0651086 -2.33422 0.0 0.0 0.0
0.567506 0.231271 0.179158 3.47442 0.0651086 -2.33422 0.0 0.0 0.0
0.567506 0.231271 0.179158 3.47442 0.0651086 -2.33422 0.0 0.0 0.0
0.567506 0.231271 0.179158 3.47442 0.0651086 -2.33422 0.0 0.0 0.0
0.567506 0.231271 0.179158 3.47442 0.0651086 -2.33422 0.0 0.0 0.0
0.567506 0.231271 0.179158 3.47442 0.0651086 -2.33422 0.0 0.0 0.0
0.567506 0.231271 0.179158 3.47442 0.0651086 -2.33422 0.0 0.0 0.0
0.567506 0.231271 0.179158 3.47442 0.0651086 -2.33422 0.0 0.0 0.0
0.567506 0.231271 0.179158 3.47442 0.0651086 -2.33422 0.0 0.0 0.0
0.567506 0.231271 0.179158 3.47442 0.0651086 -2.33422 0.0 0.0 0.0
0.567506 0.231271 0.179158 3.47442 0.0651086 -2.33422 0.0 0.0 0.0
0.567506 0.231271 0.179158 3.47442 0.0651086 -2.33422 0.0 0.0 0.0
0.567506 0.231271 0.179158 3.47442 0.0651086 -2.33422 0.0 0.0 0.0
0.567506 0.231271 0.179158 3.47442 0.0651086 -2.33422 0.0 0.0 0.0
0.567506 0.231271 0.179158 3.47442 0.0651086 -2.33422 0.0 0.0 0.0
0.567506 0.231271 0.179158 3.47442 0.0651086 -2.33422 0.0 0.0 0.0
0.567506 0.231271 0.179158 3.47442 0.0651086 -2.33422 0.0 0.0 0.0
0.567506 0.231271 0.179158 3.47442 0.0651086 -2.33422 0.0 0.0 0.0
0.567506 0.231271 0.179158 3.47442 0.0651086 -2.33422 0.0 0.0 0.0
0.567506 0.231271 0.179158 3.47442 0.0651086 -2.33422 0.0 0.0 0.0
0.567506 0.231271 0.179158 3.47442 0.0651086 -2.33422 0.0 0.0 0.0
0.567506 0.231271 0.179158 3.47442 0.0651086 -2.33422 0.0 0.0 0.0
0.567506 0.231271 0.179158 3.47442 0.0651086 -2.33422 0.0 0.0 0.0
0.567506 0.231271 0.179158 3.47442 0.0651086 -2.33422 0.0 0.0 0.0
0.567506 0.231271 0.179158 3.47442 0.0651086 -2.33422 0.0 0.0 0.0
0.567506 0.231271 0.179158 3.47442 0.0651086 -2.33422 0.0 0.0 0.0
0.567506 0.231271 0.179158 3.47442 0.0651086 -2.33422 0.0 0.0 0.0
0.567506 0.231271 0.179158 3.47442 0.0651086 -2.33422 0.0 0.0 0.0
0.567506 0.231271 0.179158 3.47442 0.0651086 -2.33422 0.0 0.0 0.0
0.567506 0.231271 0.179158 3.47442 0.0651086 -2.33422 0.0 0.0 0.0
0.567506 0.231271 0.179158 3.47442 0.0651086 -2.33422 0.0 0.0 0.0
0.567506 0.231271 0.179158 3.47442 0.0651086 -2.33422 0.0 0.0 0.0
0.567506 0.231271 0.179158 3.47442 0.0651086 -2.33422 0.0 0.0 0.0
0.567506 0.231271 0.179158 3.47442 0.0651086 -2.33422 0.0 0.0 0.0
0.567506 0.231271 0.179158 3.47442 0.0651086 -2.33422 0.0 0.0 0.0
0.567506 0.231271 0.179158 3.47442 0.0651086 -2.33422 0.0 0.0 0.0
0.567506 0.231271 0.179158 3.47442 0.0651086 -2.33422 0.0 0.0 0.0
0.567506 0.231271 0.179158 3.47442 0.0651086 -2.33422 0.0 0.0 0.0
0.567506 0.231271 0.179158 3.47442 0.0651086 -2.33422 0.0 0.0 0.0
0.567506 0.231271 0.179158 3.47442 0.0651086 -2.33422 0.0 0.0 0.0
0.567506 0.231271 0.179158 3.47442 0.0651086 -2.33422 0.0 0.0 0.0
0.567506 0.231271 0.179158 3.47442 0.0651086 -2.33422 0.0 0.0 0.0
0.567506 0.231271 0.179158 3.47442 0.0651086 -2.33422 0.0 0.0 0.0
0.567506 0.231271 0.179158 3.47442 0.0651086 -2.33422 0.0 0.0 0.0
0.567506 0.231271 0.179158 3.47442 0.0651086 -2.33422 0.0 0.0 0.0
0.567506 0.231271 0.179158 3.47442 0.0651086 -2.33422 0.0 0.0 0.0
0.567506 0.231271 0.179158 3.47442 0.0651086 -2.33422 0.0 0.0 0.0
0.567506 0.231271 0.179158 3.47442 0.0651086 -2.33422 0.0 0.0 0.0
0.567506 0.231271 0.179158 3.47442 0.0651086 -2.33422 0.0 0.0 0.0
0.567506 0.231271 0.179158 3.47442 0.0651086 -2.33422 0.0 0.0 0.0
0.567506 0.231271 0.179158 3.47442 0.0651086 -2.33422 0.0 0.0 0.0
0.567506 0.231271 0.179158 3.47442 0.0651086 -2.33422 0.0 0.0 0.0
0.567506 0.231271 0.179158 3.47442 0.0651086 -2.33422 0.0 0.0 0.0
0.567506 0.231271 0.179158 3.47442 0.0651086 -2.33422 0.0 0.0 0.0
0.567506 0.231271 0.179158 3.47442 0.0651086 -2.33422 0.0 0.0 0.0
0.567506 0.231271 0.179158 3.47442 0.0651086 -2.33422 0.0 0.0 0.0
0.567506 0.231271 0.179158 3.47442 0.0651086 -2.33422 0.0 0.0 0.0
0.567506 0.231271 0.179158 3.47442 0.0651086 -2.33422 0.0 0.0 0.0
0.567506 0.231271 0.179158 3.47442 0.0651086 -2.33422 0.0 0.0 0.0
0.567506 0.231271 0.179158 3.47442 0.0651086 -2.33422 0.0 0.0 0.0
0.567506 0.231271 0.179158 3.47442 0.0651086 -2.33422 0.0 0.0 0.0
0.567506 0.231271 0.179158 3.47442 0.0651086 -2.33422 0.0 0.0 0.0
0.567506 0.231271 0.179158 3.47442 0.0651086 -2.33422 0.0 0.0 0.0
0.567506 0.231271 0.179158 3.47442 0.0651086 -2.33422 0.0 0.0 0.0
0.567506 0.231271 0.179158 3.47442 0.0651086 -2.33422 0.0 0.0 0.0
0.567506 0.231271 0.179158 3.47442 0.0651086 -2.33422 0.0 0.0 0.0
0.567506 0.231271 0.179158 3.47442 0.0651086 -2.33422 0.0 0.0 0.0
0.567506 0.231271 0.179158 3.47442 0.0651086 -2.33422 0.0 0.0 0.0
0.567506 0.231271 0.179158 3.47442 0.0651086 -2.33422 0.0 0.0 0.0
0.567506 0.231271 0.179158 3.47442 0.0651086 -2.33422 0.0 0.0 0.0
0.567506 0.231271 0.179158 3.47442 0.0651086 -2.33422 0.0 0.0 0.0
0.567506 0.231271 0.179158 3.47442 0.0651086 -2.33422 0.0 0.0 0.0
0.567506 0.231271 0.179158 3.47442 0.0651086 -2.33422 0.0 0.0 0.0
0.567506 0.231271 0.179158 3.47442 0.0651086 -2.33422 0.0 0.0 0.0
0.567506 0.231271 0.179158 3.47442 0.0651086 -2.33422 0.0 0.0 0.0
0.567506 0.231271 0.179158 3.47442 0.0651086 -2.33422 0.0 0.0 0.0
0.567506 0.231271 0.179158 3.47442 0.0651086 -2.33422 0.0 0.0 0.0
0.567506 0.231271 0.179158 3.47442 0.0651086 -2.33422 0.0 0.0 0.0
0.567506 0.231271 0.179158 3.47442 0.0651086 -2.33422 0.0 0.0 0.0
0.567506 0.231271 0.179158 3.47442 0.0651086 -2.33422 0.0 0.0 0.0
0.567506 0.231271 0.179158 3.47442 0.0651086 -2.33422 0.0 0.0 0.0
0.567506 0.231271 0.179158 3.47442 0.0651086 -2.33422 0.0 0.0 0.0
0.567506 0.231271 0.179158 3.47442 0.0651086 -2.33422 0.0 0.0 0.0
0.567506 0.231271 0.179158 3.47442 0.0651086 -2.33422 0.0 0.0 0.0
0.567506 0.231271 0.179158 3.47442 0.0651086 -2.33422 0.0 0.0 0.0
0.567506 0.231271 0.179158 3.47442 0.0651086 -2.33422 0.0 0.0 0.0
0.567506 0.231271 0.179158 3.47442 0.0651086 -2.33422 0.0 0.0 0.0
0.567506 0.231271 0.179158 3.47442 0.0651086 -2.33422 0.0 0.0 0.0
0.567506 0.231271 0.179158 3.47442 0.0651086 -2.33422 0.0 0.0 0.0
0.567506 0.231271 0.179158 3.47442 0.0651086 -2.33422 0.0 0.0 0.0
0.567506 0.231271 0.179158 3.47442 0.0651086 -2.33422 0.0 0.0 0.0
0.567506 0.231271 0.179158 3.47442 0.0651086 -2.33422 0.0 0.0 0.0
0.567506 0.231271 0.179158 3.47442 0.0651086 -2.33422 0.0 0.0 0.0
0.567506 0.231271 0.179158 3.47442 0.0651086 -2.33422 0.0 0.0 0.0
0.567506 0.231271 0.179158 3.47442 0.0651086 -2.33422 0.0 0.0 0.0
0.567506 0.231271 0.179158 3.47442 0.0651086 -2.33422 0.0 0.0 0.0
0.567506 0.231271 0.179158 3.47442 0.0651086 -2.33422 0.0 0.0 0.0
0.567506 0.231271 0.179158 3.47442 0.0651086 -2.33422 0.0 0.0 0.0
0.567506 0.231271 0.179158 3.47442 0.0651086 -2.33422 0.0 0.0 0.0
0.567506 0.231271 0.179158 3.47442 0.0651086 -2.33422 0.0 0.0 0.0
0.567506 0.231271 0.179158 3.47442 0.0651086 -2.33422 0.0 0.0 0.0
0.567506 0.231271 0.179158 3.47442 0.0651086 -2.33422 0.0 0.0 0.0
0.567506 0.231271 0.179158 3.47442 0.0651086 -2.33422 0.0 0.0 0.0
0.567506 0.231271 0.179158 3.47442 0.0651086 -2.33422 0.0 0.0 0.0
0.567506 0.231271 0.179158 3.47442 0.0651086 -2.33422 0.0 0.0 0.0
0.567506 0.231271 0.179158 3.47442 0.0651086 -2.33422 0.0 0.0 0.0
0.567506 0.231271 0.179158 3.47442 0.0651086 -2.33422 0.0 0.0 0.0
0.567506 0.231271 0.179158 3.47442 0.0651086 -2.33422 0.0 0.0 0.0
0.567506 0.231271 0.179158 3.47442 0.0651086 -2.33422 0.0 0.0 0.0
0.567506 0.231271 0.179158 3.47442 0.0651086 -2.33422 0.0 0.0 0.0
0.567506 0.231271 0.179158 3.47442 0.0651086 -2.33422 0.0 0.0 0.0
0.567506 0.231271 0.179158 3.47442 0.0651086 -2.33422 0.0 0.0 0.0
0.567506 0.231271 0.179158 3.47442 0.0651086 -2.33422 0.0 0.0 0.0
0.567506 0.231271 0.179158 3.47442 0.0651086 -2.33422 0.0 0.0 0.0
0.567506 0.231271 0.179158 3.47442 0.0651086 -2.33422 0.0 0.0 0.0
0.567506 0.231271 0.179158 3.47442 0.0651086 -2.33422 0.0 0.0 0.0
0.567506 0.231271 0.179158 3.47442 0.0651086 -2.33422 0.0 0.0 0.0
0.567506 0.231271 0.179158 3.47442 0.0651086 -2.33422 0.0 0.0 0.0
0.567506 0.231271 0.179158 3.47442 0.0651086 -2.33422 0.0 0.0 0.0
0.567506 0.231271 0.179158 3.47442 0.0651086 -2.33422 0.0 0.0 0.0
0.567506 0.231271 0.179158 3.47442 0.0651086 -2.33422 0.0 0.0 0.0
0.567506 0.231271 0.179158 3.47442 0.0651086 -2.33422 0.0 0.0 0.0
0.567506 0.231271 0.179158 3.47442 0.0651086 -2.33422 0.0 0.0 0.0
0.567506 0.231271 0.179158 3.47442 0.0651086 -2.33422 0.0 0.0 0.0
0.567506 0.231271 0.179158 3.47442 0.0651086 -2.33422 0.0 0.0 0.0
0.567506 0.231271 0.179158 3.47442 0.0651086 -2.33422 0.0 0.0 0.0
0.567506 0.231271 0.179158 3.47442 0.0651086 -2.33422 0.0 0.0 0.0
0.567506 0.231271 0.179158 3.47442 0.0651086 -2.33422 0.0 0.0 0.0
0.567506 0.231271 0.179158 3.47442 0.0651086 -2.33422 0.0 0.0 0.0
0.567506 0.231271 0.179158 3.47442 0.0651086 -2.33422 0.0 0.0 0.0
0.567506 0.231271 0.179158 3.47442 0.0651086 -2.33422 0.0 0.0 0.0
0.567506 0.231271 0.179158 3.47442 0.0651086 -2.33422 0.0 0.0 0.0
0.567506 0.231271 0.179158 3.47442 0.0651086 -2.33422 0.0 0.0 0.0
0.567506 0.231271 0.179158 3.47442 0.0651086 -2.33422 0.0 0.0 0.0
0.567506 0.231271 0.179158 3.47442 0.0651086 -2.33422 0.0 0.0 0.0
0.567506 0.231271 0.179158 3.47442 0.0651086 -2.33422 0.0 0.0 0.0
0.567506 0.231271 0.179158 3.47442 0.0651086 -2.33422 0.0 0.0 0.0
0.567506 0.231271 0.179158 3.47442 0.0651086 -2.33422 0.0 0.0 0.0
0.567506 0.231271 0.179158 3.47442 0.0651086 -2.33422 0.0 0.0 0.0
0.567506 0.231271 0.179158 3.47442 0.0651086 -2.33422 0.0 0.0 0.0
0.567506 0.231271 0.179158 3.47442 0.0651086 -2.33422 0.0 0.0 0.0
0.567506 0.231271 0.179158 3.47442 0.0651086 -2.33422 0.0 0.0 0.0
0.567506 0.231271 0.179158 3.47442 0.0651086 -2.33422 0.0 0.0 0.0
0.567506 0.231271 0.179158 3.47442 0.0651086 -2.33422 0.0 0.0 0.0
0.567506 0.231271 0.179158 3.47442 0.0651086 -2.33422 0.0 0.0 0.0
0.567506 0.231271 0.179158 3.47442 0.0651086 -2.33422 0.0 0.0 0.0
0.567506 0.231271 0.179158 3.47442 0.0651086 -2.33422 0.0 0.0 0.0
0.567506 0.231271 0.179158 3.47442 0.0651086 -2.33422 0.0 0.0 0.0
0.567506 0.231271 0.179158 3.47442 0.0651086 -2.33422 0.0 0.0 0.0
0.567506 0.231271 0.179158 3.47442 0.0651086 -2.33422 0.0 0.0 0.0
0.567506 0.231271 0.179158 3.47442 0.0651086 -2.33422 0.0 0.0 0.0
0.567506 0.231271 0.179158 3.47442 0.0651086 -2.33422 0.0 0.0 0.0
0.567506 0.231271 0.179158 3.47442 0.0651086 -2.33422 0.0 0.0 0.0
0.567506 0.231271 0.179158 3.47442 0.0651086 -2.33422 0.0 0.0 0.0
0.567506 0.231271 0.179158 3.47442 0.0651086 -2.33422 0.0 0.0 0.0
0.567506 0.231271 0.179158 3.47442 0.0651086 -2.33422 0.0 0.0 0.0
0.567506 0.231271 0.179158 3.47442 0.0651086 -2.33422 0.0 0.0 0.0
0.567506 0.231271 0.179158 3.47442 0.0651086 -2.33422 0.0 0.0 0.0
0.567506 0.231271 0.179158 3.47442 0.0651086 -2.33422 0.0 0.0 0.0
0.567506 0.231271 0.179158 3.47442 0.0651086 -2.33422 0.0 0.0 0.0
0.567506 0.231271 0.179158 3.47442 0.0651086 -2.33422 0.0 0.0 0.0
0.567506 0.231271 0.179158 3.47442 0.0651086 -2.33422 0.0 0.0 0.0
0.567506 0.231271 0.179158 3.47442 0.0651086 -2.33422 0.0 0.0 0.0
0.567506 0.231271 0.179158 3.47442 0.0651086 -2.33422 0.0 0.0 0.0
0.567506 0.231271 0.179158 3.47442 0.0651086 -2.33422 0.0 0.0 0.0
0.567506 0.231271 0.179158 3.47442 0.0651086 -2.33422 0.0 0.0 0.0
0.567506 0.231271 0.179158 3.47442 0.0651086 -2.33422 0.0 0.0 0.0
0.567506 0.231271 0.179158 3.47442 0.0651086 -2.33422 0.0 0.0 0.0
0.567506 0.231271 0.179158 3.47442 0.0651086 -2.33422 0.0 0.0 0.0
0.567506 0.231271 0.179158 3.47442 0.0651086 -2.33422 0.0 0.0 0.0
0.567506 0.231271 0.179158 3.47442 0.0651086 -2.33422 0.0 0.0 0.0
0.567506 0.231271 0.179158 3.47442 0.0651086 -2.33422 0.0 0.0 0.0
0.567506 0.231271 0.179158 3.47442 0.0651086 -2.33422 0.0 0.0 0.0
0.567506 0.231271 0.179158 3.47442 0.0651086 -2.33422 0.0 0.0 0.0
0.567506 0.231271 0.179158 3.47442 0.0651086 -2.33422 0.0 0.0 0.0
0.567506 0.231271 0.179158 3.47442 0.0651086 -2.33422 0.0 0.0 0.0
0.567506 0.231271 0.179158 3.47442 0.0651086 -2.33422 0.0 0.0 0.0
0.567506 0.231271 0.179158 3.47442 0.0651086 -2.33422 0.0 0.0 0.0
0.567506 0.231271 0.179158 3.47442 0.0651086 -2.33422 0.0 0.0 0.0
0.567506 0.231271 0.179158 3.47442 0.0651086 -2.33422 0.0 0.0 0.0
0.567506 0.231271 0.179158 3.47442 0.0651086 -2.33422 0.0 0.0 0.0
0.567506 0.231271 0.179158 3.47442 0.0651086 -2.33422 0.0 0.0 0.0
0.567506 0.231271 0.179158 3.47442 0.0651086 -2.33422 0.0 0.0 0.0
0.567506 0.231271 0.179158 3.47442 0.0651086 -2.33422 0.0 0.0 0.0
0.567506 0.231271 0.179158 3.47442 0.0651086 -2.33422 0.0 0.0 0.0
0.567506 0.231271 0.179158 3.47442 0.0651086 -2.33422 0.0 0.0 0.0
0.567506 0.231271 0.179158 3.47442 0.0651086 -2.33422 0.0 0.0 0.0
0.567506 0.231271 0.179158 3.47442 0.0651086 -2.33422 0.0 0.0 0.0
0.567506 0.231271 0.179158 3.47442 0.0651086 -2.33422 0.0 0.0 0.0
0.567506 0.231271 0.179158 3.47442 0.0651086 -2.33422 0.0 0.0 0.0
0.567506 0.231271 0.179158 3.47442 0.0651086 -2.33422 0.0 0.0 0.0
0.567506 0.231271 0.179158 3.47442 0.0651086 -2.33422 0.0 0.0 0.0
0.567506 0.231271 0.179158 3.47442 0.0651086 -2.33422 0.0 0.0 0.0
0.567506 0.231271 0.179158 3.47442 0.0651086 -2.33422 0.0 0.0 0.0
0.567506 0.231271 0.179158 3.47442 0.0651086 -2.33422 0.0 0.0 0.0
0.567506 0.231271 0.179158 3.47442 0.0651086 -2.33422 0.0 0.0 0.0
0.567506 0.231271 0.179158 3.47442 0.0651086 -2.33422 0.0 0.0 0.0
0.567506 0.231271 0.179158 3.47442 0.0651086 -2.33422 0.0 0.0 0.0
0.567506 0.231271 0.179158 3.47442 0.0651086 -2.33422 0.0 0.0 0.0
0.567506 0.231271 0.179158 3.47442 0.0651086 -2.33422 0.0 0.0 0.0
0.567506 0.231271 0.179158 3.47442 0.0651086 -2.33422 0.0 0.0 0.0
0.567506 0.231271 0.179158 3.47442 0.0651086 -2.33422 0.0 0.0 0.0
0.567506 0.231271 0.179158 3.47442 0.0651086 -2.33422 0.0 0.0 0.0
0.567506 0.231271 0.179158 3.47442 0.0651086 -2.33422 0.0 0.0 0.0
0.567506 0.231271 0.179158 3.47442 0.0651086 -2.33422 0.0 0.0 0.0
0.567506 0.231271 0.179158 3.47442 0.0651086 -2.33422 0.0 0.0 0.0
0.567506 0.231271 0.179158 3.47442 0.0651086 -2.33422 0.0 0.0 0.0
0.567506 0.231271 0.179158 3.47442 0.0651086 -2.33422 0.0 0.0 0.0
0.567506 0.231271 0.179158 3.47442 0.0651086 -2.33422 0.0 0.0 0.0
0.567506 0.231271 0.179158 3.47442 0.0651086 -2.33422 0.0 0.0 0.0
0.567506 0.231271 0.179158 3.47442 0.0651086 -2.33422 0.0 0.0 0.0
0.567506 0.231271 0.179158 3.47442 0.0651086 -2.33422 0.0 0.0 0.0
0.567506 0.231271 0.179158 3.47442 0.0651086 -2.33422 0.0 0.0 0.0
0.567506 0.231271 0.179158 3.47442 0.0651086 -2.33422 0.0 0.0 0.0
0.567506 0.231271 0.179158 3.47442 0.0651086 -2.33422 0.0 0.0 0.0
0.567506 0.231271 0.179158 3.47442 0.0651086 -2.33422 0.0 0.0 0.0
0.567506 0.231271 0.179158 3.47442 0.0651086 -2.33422 0.0 0.0 0.0
0.567506 0.231271 0.179158 3.47442 0.0651086 -2.33422 0.0 0.0 0.0
0.567506 0.231271 0.179158 3.47442 0.0651086 -2.33422 0.0 0.0 0.0
0.567506 0.231271 0.179158 3.47442 0.0651086 -2.33422 0.0 0.0 0.0
0.567506 0.231271 0.179158 3.47442 0.0651086 -2.33422 0.0 0.0 0.0
0.567506 0.231271 0.179158 3.47442 0.0651086 -2.33422 0.0 0.0 0.0
0.567506 0.231271 0.179158 3.47442 0.0651086 -2.33422 0.0 0.0 0.0
0.567506 0.231271 0.179158 3.47442 0.0651086 -2.33422 0.0 0.0 0.0
0.567506 0.231271 0.179158 3.47442 0.0651086 -2.33422 0.0 0.0 0.0
0.567506 0.231271 0.179158 3.47442 0.0651086 -2.33422 0.0 0.0 0.0
0.567506 0.231271 0.179158 3.47442 0.0651086 -2.33422 0.0 0.0 0.0
0.567506 0.231271 0.179158 3.47442 0.0651086 -2.33422 0.0 0.0 0.0
0.567506 0.231271 0.179158 3.47442 0.0651086 -2.33422 0.0 0.0 0.0
0.567506 0.231271 0.179158 3.47442 0.0651086 -2.33422 0.0 0.0 0.0
0.567506 0.231271 0.179158 3.47442 0.0651086 -2.33422 0.0 0.0 0.0
0.567506 0.231271 0.179158 3.47442 0.0651086 -2.33422 0.0 0.0 0.0
0.567506 0.231271 0.179158 3.47442 0.0651086 -2.33422 0.0 0.0 0.0
0.567506 0.231271 0.179158 3.47442 0.0651086 -2.33422 0.0 0.0 0.0
0.567506 0.231271 0.179158 3.47442 0.0651086 -2.33422 0.0 0.0 0.0
0.567506 0.231271 0.179158 3.47442 0.0651086 -2.33422 0.0 0.0 0.0
0.567506 0.231271 0.179158 3.47442 0.0651086 -2.33422 0.0 0.0 0.0
0.567506 0.231271 0.179158 3.47442 0.0651086 -2.33422 0.0 0.0 0.0
0.567506 0.231271 0.179158 3.47442 0.0651086 -2.33422 0.0 0.0 0.0
0.567506 0.231271 0.179158 3.47442 0.0651086 -2.33422 0.0 0.0 0.0
0.567511 0.231267 0.179139 3.47442 0.0651086 -2.33422 0.0 0.0 0.0
0.567522 0.23126 0.179102 3.47442 0.0651086 -2.33422 0.0 0.0 0.0
0.567539 0.231249 0.179045 3.47442 0.0651086 -2.33422 0.0 0.0 0.0
0.567561 0.231235 0.17897 3.47442 0.0651086 -2.33422 0.0 0.0 0.0
0.567589 0.231216 0.178875 3.47442 0.0651086 -2.33422 0.0 0.0 0.0
0.567623 0.231195 0.178762 3.47442 0.0651086 -2.33422 0.0 0.0 0.0
0.567662 0.231169 0.17863 3.47442 0.0651086 -2.33422 0.0 0.0 0.0
0.567706 0.23114 0.178479 3.47442 0.0651086 -2.33422 0.0 0.0 0.0
0.567756 0.231107 0.178309 3.47442 0.0651086 -2.33422 0.0 0.0 0.0
0.567812 0.231071 0.178121 3.47442 0.0651086 -2.33422 0.0 0.0 0.0
0.567873 0.231031 0.177913 3.47442 0.0651086 -2.33422 0.0 0.0 0.0
0.56794 0.230987 0.177687 3.47442 0.0651086 -2.33422 0.0 0.0 0.0
0.568013 0.23094 0.177442 3.47442 0.0651086 -2.33422 0.0 0.0 0.0
0.568091 0.230889 0.177178 3.47442 0.0651086 -2.33422 0.0 0.0 0.0
0.568174 0.230835 0.176895 3.47442 0.0651086 -2.33422 0.0 0.0 0.0
0.568264 0.230777 0.176593 3.47442 0.0651086 -2.33422 0.0 0.0 0.0
0.568358 0.230715 0.176272 3.47442 0.0651086 -2.33422 0.0 0.0 0.0
0.568459 0.23065 0.175933 3.47442 0.0651086 -2.33422 0.0 0.0 0.0
0.568564 0.23058 0.175575 3.47442 0.0651086 -2.33422 0.0 0.0 0.0
0.568676 0.230508 0.175197 3.47442 0.0651086 -2.33422 0.0 0.0 0.0
0.568793 0.230432 0.174801 3.47442 0.0651086 -2.33422 0.0 0.0 0.0
0.568915 0.230352 0.174386 3.47442 0.0651086 -2.33422 0.0 0.0 0.0
0.569044 0.230268 0.173952 3.47442 0.0651086 -2.33422 0.0 0.0 0.0
0.569177 0.230181 0.1735 3.47442 0.0651086 -2.33422 0.0 0.0 0.0
0.569317 0.23009 0.173028 3.47442 0.0651086 -2.33422 0.0 0.0 0.0
0.569461 0.229995 0.172538 3.47442 0.0651086 -2.33422 0.0 0.0 0.0
0.569612 0.229897 0.172029 3.47442 0.0651086 -2.33422 0.0 0.0 0.0
0.569768 0.229796 0.171501 3.47442 0.0651086 -2.33422 0.0 0.0 0.0
0.56993 0.22969 0.170954 3.47442 0.0651086 -2.33422 0.0 0.0 0.0
0.570097 0.229581 0.170388 3.47442 0.0651086 -2.33422 0.0 0.0 0.0
0.570269 0.229469 0.169803 3.47442 0.0651086 -2.33422 0.0 0.0 0.0
0.570448 0.229352 0.169199 3.47442 0.0651086 -2.33422 0.0 0.0 0.0
0.570632 0.229232 0.168577 3.47442 0.0651086 -2.33422 0.0 0.0 0.0
0.570821 0.229109 0.167936 3.47442 0.0651086 -2.33422 0.0 0.0 0.0
0.571016 0.228982 0.167276 3.47442 0.0651086 -2.33422 0.0 0.0 0.0
0.571217 0.228851 0.166597 3.47442 0.0651086 -2.33422 0.0 0.0 0.0
0.571423 0.228717 0.165899 3.47442 0.0651086 -2.33422 0.0 0.0 0.0
0.571635 0.228578 0.165182 3.47442 0.0651086 -2.33422 0.0 0.0 0.0
0.571852 0.228437 0.164446 3.47442 0.0651086 -2.33422 0.0 0.0 0.0
0.572075 0.228291 0.163692 3.47442 0.0651086 -2.33422 0.0 0.0 0.0
0.572303 0.228142 0.162919 3.47442 0.0651086 -2.33422 0.0 0.0 0.0
0.572537 0.22799 0.162126 3.47442 0.0651086 -2.33422 0.0 0.0 0.0
0.572777 0.227834 0.161315 3.47442 0.0651086 -2.33422 0.0 0.0 0.0
0.573022 0.227674 0.160485 3.47442 0.0651086 -2.33422 0.0 0.0 0.0
0.573273 0.22751 0.159637 3.47442 0.0651086 -2.33422 0.0 0.0 0.0
0.573529 0.227343 0.158769 3.47442 0.0651086 -2.33422 0.0 0.0 0.0
0.573791 0.227172 0.157883 3.47442 0.0651086 -2.33422 0.0 0.0 0.0
0.574058 0.226998 0.156977 3.47442 0.0651086 -2.33422 0.0 0.0 0.0
0.574331 0.22682 0.156053 3.47442 0.0651086 -2.33422 0.0 0.0 0.0
0.57461 0.226638 0.15511 3.47442 0.0651086 -2.33422 0.0 0.0 0.0
0.574889 0.226456 0.154167 3.47442 0.0651086 -2.33422 0.0 0.0 0.0
0.575167 0.226275 0.153224 3.47442 0.0651086 -2.33422 0.0 0.0 0.0
0.575446 0.226093 0.152281 3.47442 0.0651086 -2.33422 0.0 0.0 0.0
0.575724 0.225911 0.151338 3.47442 0.0651086 -2.33422 0.0 0.0 0.0
0.576003 0.22573 0.150395 3.47442 0.0651086 -2.33422 0.0 0.0 0.0
0.576282 0.225548 0.149452 3.47442 0.0651086 -2.33422 0.0 0.0 0.0
0.57656 0.225366 0.148509 3.47442 0.0651086 -2.33422 0.0 0.0 0.0
0.576839 0.225185 0.147565 3.47442 0.0651086 -2.33422 0.0 0.0 0.0
0.577117 0.225003 0.146622 3.47442 0.0651086 -2.33422 0.0 0.0 0.0
0.577396 0.224821 0.145679 3.47442 0.0651086 -2.33422 0.0 0.0 0.0
0.577675 0.22464 0.144736 3.47442 0.0651086 -2.33422 0.0 0.0 0.0
0.577953 0.224458 0.143793 3.47442 0.0651086 -2.33422 0.0 0.0 0.0
0.578232 0.224276 0.14285 3.47442 0.0651086 -2.33422 0.0 0.0 0.0
0.57851 0.224095 0.141907 3.47442 0.0651086 -2.33422 0.0 0.0 0.0
0.578789 0.223913 0.140964 3.47442 0.0651086 -2.33422 0.0 0.0 0.0
0.579068 0.223731 0.140021 3.47442 0.0651086 -2.33422 0.0 0.0 0.0
0.579346 0.22355 0.139078 3.47442 0.0651086 -2.33422 0.0 0.0 0.0
0.579625 0.223368 0.138135 3.47442 0.0651086 -2.33422 0.0 0.0 0.0
0.579903 0.223186 0.137192 3.47442 0.0651086 -2.33422 0.0 0.0 0.0
0.580182 0.223005 0.136249 3.47442 0.0651086 -2.33422 0.0 0.0 0.0
0.580461 0.222823 0.135306 3.47442 0.0651086 -2.33422 0.0 0.0 0.0
0.580739 0.222641 0.134362 3.47442 0.0651086 -2.33422 0.0 0.0 0.0
0.581018 0.22246 0.133419 3.47442 0.0651086 -2.33422 0.0 0.0 0.0
0.581296 0.222278 0.132476 3.47442 0.0651086 -2.33422 0.0 0.0 0.0
0.581575 0.222096 0.131533 3.47442 0.0651086 -2.33422 0.0 0.0 0.0
0.581854 0.221915 0.13059 3.47442 0.0651086 -2.33422 0.0 0.0 0.0
0.582132 0.221733 0.129647 3.47442 0.0651086 -2.33422 0.0 0.0 0.0
0.582411 0.221551 0.128704 3.47442 0.0651086 -2.33422 0.0 0.0 0.0
0.582689 0.22137 0.127761 3.47442 0.0651086 -2.33422 0.0 0.0 0.0
0.582968 0.221188 0.126818 3.47442 0.0651086 -2.33422 0.0 0.0 0.0
0.583247 0.221006 0.125875 3.47442 0.0651086 -2.33422 0.0 0.0 0.0
0.583525 0.220825 0.124932 3.47442 0.0651086 -2.33422 0.0 0.0 0.0
0.583804 0.220643 0.123989 3.47442 0.0651086 -2.33422 0.0 0.0 0.0
0.584082 0.220461 0.123046 3.47442 0.0651086 -2.33422 0.0 0.0 0.0
0.584361 0.22028 0.122103 3.47442 0.0651086 -2.33422 0.0 0.0 0.0
0.58464 0.220098 0.12116 3.47442 0.0651086 -2.33422 0.0 0.0 0.0
0.584918 0.219916 0.120216 3.47442 0.0651086 -2.33422 0.0 0.0 0.0
0.585197 0.219734 0.119273 3.47442 0.0651086 -2.33422 0.0 0.0 0.0
0.585475 0.219553 0.11833 3.47442 0.0651086 -2.33422 0.0 0.0 0.0
0.585754 0.219371 0.117387 3.47442 0.0651086 -2.33422 0.0 0.0 0.0
0.586033 0.219189 0.116444 3.47442 0.0651086 -2.33422 0.0 0.0 0.0
0.586311 0.219008 0.115501 3.47442 0.0651086 -2.33422 0.0 0.0 0.0
0.58659 0.218826 0.114558 3.47442 0.0651086 -2.33422 0.0 0.0 0.0
0.586868 0.218644 0.113615 3.47442 0.0651086 -2.33422 0.0 0.0 0.0
0.587147 0.218463 0.112672 3.47442 0.0651086 -2.33422 0.0 0.0 0.0
0.587426 0.218281 0.111729 3.47442 0.0651086 -2.33422 0.0 0.0 0.0
0.587704 0.218099 0.110786 3.47442 0.0651086 -2.33422 0.0 0.0 0.0
0.587983 0.217918 0.109843 3.47442 0.0651086 -2.33422 0.0 0.0 0.0
0.588275 0.217723 0.108906 3.47407 0.0649623 -2.33429 0.0 0.0 0.0
0.588574 0.217518 0.107995 3.47347 0.0647861 -2.33439 0.0 0.0 0.0
0.588881 0.217303 0.107109 3.47262 0.0645796 -2.33451 0.0 0.0 0.0
0.589196 0.217078 0.106249 3.47153 0.0643427 -2.33466 0.0 0.0 0.0
0.589519 0.216843 0.105413 3.47018 0.064075 -2.33483 0.0 0.0 0.0
0.58985 0.216598 0.104601 3.46862 0.063781 -2.33503 0.0 0.0 0.0
0.590189 0.216343 0.103812 3.46681 0.0634944 -2.33524 0.0 0.0 0.0
0.590536 0.216078 0.103046 3.4647 0.0632377 -2.33545 0.0 0.0 0.0
0.590891 0.215802 0.102302 3.46229 0.0630105 -2.33568 0.0 0.0 0.0
0.591255 0.215515 0.101581 3.45958 0.0628128 -2.33592 0.0 0.0 0.0
0.591626 0.215219 0.100883 3.45658 0.0626441 -2.33616 0.0 0.0 0.0
0.592006 0.214912 0.100207 3.45329 0.0625041 -2.33642 0.0 0.0 0.0
0.592394 0.214595 0.0995544 3.4497 0.0623903 -2.33669 0.0 0.0 0.0
0.592791 0.214267 0.0989229 3.44588 0.0622786 -2.33698 0.0 0.0 0.0
0.593196 0.213928 0.0983125 3.44183 0.0621688 -2.33728 0.0 0.0 0.0
0.593609 0.213579 0.0977233 3.43755 0.062078 -2.33758 0.0 0.0 0.0
0.59403 0.21322 0.097155 3.43305 0.062018 -2.3379 0.0 0.0 0.0
0.59446 0.21285 0.0966079 3.42832 0.0619887 -2.33822 0.0 0.0 0.0
0.594899 0.212469 0.0960818 3.42337 0.0619898 -2.33855 0.0 0.0 0.0
0.595345 0.212078 0.0955762 3.41821 0.0619767 -2.3389 0.0 0.0 0.0
0.5958 0.211676 0.0950909 3.41285 0.0619139 -2.33927 0.0 0.0 0.0
0.596264 0.211264 0.0946259 3.40728 0.0618011 -2.33966 0.0 0.0 0.0
0.596736 0.210841 0.0941807 3.4015 0.0616337 -2.34007 0.0 0.0 0.0
0.597216 0.210408 0.093755 3.39549 0.0614071 -2.34049 0.0 0.0 0.0
0.597705 0.209964 0.093349 3.38925 0.0611209 -2.34094 0.0 0.0 0.0
0.598202 0.209509 0.0929622 3.38279 0.0607744 -2.34141 0.0 0.0 0.0
0.598708 0.209043 0.0925943 3.37613 0.0604122 -2.34188 0.0 0.0 0.0
0.599222 0.208567 0.0922447 3.3693 0.0600412 -2.34236 0.0 0.0 0.0
0.599745 0.208081 0.0919137 3.36228 0.0596611 -2.34285 0.0 0.0 0.0
0.600276 0.207584 0.091601 3.35508 0.0592717 -2.34335 0.0 0.0 0.0
0.600816 0.207076 0.0913068 3.3477 0.0588726 -2.34385 0.0 0.0 0.0
0.601364 0.206557 0.0910309 3.34015 0.0584669 -2.34436 0.0 0.0 0.0
0.60192 0.206028 0.0907732 3.33243 0.0580618 -2.34487 0.0 0.0 0.0
0.602485 0.205488 0.0905334 3.32456 0.0576573 -2.34539 0.0 0.0 0.0
0.603058 0.204938 0.090311 3.31654 0.0572398 -2.34592 0.0 0.0 0.0
0.60364 0.204377 0.0901056 3.30838 0.056802 -2.34645 0.0 0.0 0.0
0.60423 0.203806 0.089917 3.30007 0.0563436 -2.34698 0.0 0.0 0.0
0.604829 0.203224 0.0897454 3.29162 0.0558645 -2.34751 0.0 0.0 0.0
0.605435 0.202631 0.0895907 3.28303 0.0553644 -2.34805 0.0 0.0 0.0
0.606051 0.202028 0.0894528 3.2743 0.0548431 -2.34859 0.0 0.0 0.0
0.606674 0.201415 0.0893319 3.26542 0.0543004 -2.34914 0.0 0.0 0.0
0.607306 0.200791 0.0892279 3.25641 0.0537362 -2.34968 0.0 0.0 0.0
0.607947 0.200156 0.0891404 3.24725 0.0531534 -2.35023 0.0 0.0 0.0
0.608595 0.199511 0.0890692 3.23794 0.0525531 -2.35077 0.0 0.0 0.0
0.609252 0.198855 0.0890143 3.22851 0.0519414 -2.35132 0.0 0.0 0.0
0.609918 0.198189 0.0889755 3.21896 0.0513223 -2.35187 0.0 0.0 0.0
0.610591 0.197512 0.0889529 3.20929 0.0506957 -2.35241 0.0 0.0 0.0
0.611273 0.196825 0.0889465 3.1995 0.0500614 -2.35295 0.0 0.0 0.0
0.611964 0.196127 0.0889559 3.18959 0.0494095 -2.3535 0.0 0.0 0.0
0.612662 0.195419 0.0889804 3.17953 0.0487249 -2.35404 0.0 0.0 0.0
0.613356 0.194714 0.0890137 3.16968 0.0481664 -2.35453 0.0 0.0 0.0
0.61405 0.194009 0.0890367 3.15994 0.0476114 -2.35499 0.0 0.0 0.0
0.614744 0.193303 0.0890495 3.15029 0.0470604 -2.35544 0.0 0.0 0.0
0.615439 0.192596 0.089052 3.14076 0.0465129 -2.35587 0.0 0.0 0.0
0.616135 0.191889 0.0890443 3.13138 0.0459573 -2.35627 0.0 0.0 0.0
0.61683 0.191182 0.0890279 3.12211 0.0453886 -2.35666 0.0 0.0 0.0
0.617525 0.190475 0.0890033 3.11301 0.0447732 -2.35702 0.0 0.0 0.0
0.618221 0.189769 0.0889705 3.10411 0.0440888 -2.35736 0.0 0.0 0.0
0.618916 0.189062 0.0889296 3.09539 0.0433366 -2.35769 0.0 0.0 0.0
0.619611 0.188355 0.0888798 3.08682 0.0425188 -2.35799 0.0 0.0 0.0
0.620306 0.187649 0.0888212 3.07839 0.041636 -2.35827 0.0 0.0 0.0
0.621001 0.186942 0.0887539 3.0701 0.0406887 -2.35853 0.0 0.0 0.0
0.621696 0.186236 0.0886782 3.06196 0.0396796 -2.35876 0.0 0.0 0.0
0.62239 0.18553 0.088595 3.05389 0.0386324 -2.35898 0.0 0.0 0.0
0.623084 0.184825 0.0885045 3.04591 0.0375474 -2.35916 0.0 0.0 0.0
0.623778 0.18412 0.0884069 3.038 0.0364072 -2.35933 0.0 0.0 0.0
0.624471 0.183415 0.0883022 3.03014 0.0352036 -2.35947 0.0 0.0 0.0
0.625164 0.182711 0.08819 3.02227 0.0339584 -2.35959 0.0 0.0 0.0
0.625857 0.182007 0.0880703 3.01436 0.0326708 -2.35969 0.0 0.0 0.0
0.626548 0.181304 0.0879419 3.00637 0.0313616 -2.35977 0.0 0.0 0.0
0.627239 0.180601 0.0878051 2.99828 0.0300663 -2.35982 0.0 0.0 0.0
0.627929 0.1799 0.0876599 2.99009 0.0287855 -2.35986 0.0 0.0 0.0
0.628618 0.1792 0.0875067 2.98181 0.0275237 -2.35987 0.0 0.0 0.0
0.629306 0.1785 0.0873457 2.97346 0.0262858 -2.35985 0.0 0.0 0.0
0.629993 0.177801 0.0871771 2.96504 0.0250768 -2.35982 0.0 0.0 0.0
0.63068 0.177104 0.0870011 2.95654 0.0238985 -2.35977 0.0 0.0 0.0
0.631365 0.176407 0.0868183 2.94793 0.0227055 -2.35969 0.0 0.0 0.0
0.63205 0.175711 0.0866283 2.93921 0.0214925 -2.35959 0.0 0.0 0.0
0.632733 0.175016 0.0864301 2.93043 0.0202661 -2.35947 0.0 0.0 0.0
0.633415 0.174323 0.0862232 2.92158 0.0190269 -2.35932 0.0 0.0 0.0
0.634094 0.173633 0.0860066 2.91262 0.0177821 -2.35915 0.0 0.0 0.0
0.634772 0.172944 0.0857803 2.90354 0.0165293 -2.35896 0.0 0.0 0.0
0.635448 0.172257 0.0855443 2.89432 0.0152612 -2.35875 0.0 0.0 0.0
0.636121 0.171572 0.0852988 2.88497 0.0139782 -2.35851 0.0 0.0 0.0
0.636793 0.170889 0.0850444 2.87547 0.0126939 -2.35825 0.0 0.0 0.0
0.637463 0.170209 0.0847816 2.86582 0.0114156 -2.35797 0.0 0.0 0.0
0.63813 0.16953 0.0845103 2.85602 0.0101438 -2.35767 0.0 0.0 0.0
0.638796 0.168853 0.0842307 2.84606 0.00887914 -2.35735 0.0 0.0 0.0
0.63946 0.168178 0.0839426 2.83595 0.00762212 -2.357 0.0 0.0 0.0
0.640122 0.167506 0.0836461 2.82568 0.00637334 -2.35664 0.0 0.0 0.0
0.640783 0.166837 0.0833399 2.81517 0.0051019 -2.35623 0.0 0.0 0.0
0.641442 0.16619 0.0830311 2.80458 0.00375901 -2.35576 0.0 0.0 0.0
0.642101 0.165572 0.082725 2.79408 0.00232535 -2.35522 0.0 0.0 0.0
0.642758 0.164984 0.0824218 2.78368 0.00080069 -2.3546 0.0 0.0 0.0
0.643414 0.164426 0.0821216 2.77336 -0.000820118 -2.3539 0.0 0.0 0.0
0.644069 0.163897 0.0818244 2.76311 -0.00253996 -2.35312 0.0 0.0 0.0
0.644723 0.163398 0.0815302 2.75294 -0.00435794 -2.35226 0.0 0.0 0.0
0.645375 0.162928 0.0812387 2.74281 -0.00627344 -2.35132 0.0 0.0 0.0
0.646026 0.162488 0.0809504 2.73276 -0.00827593 -2.35029 0.0 0.0 0.0
0.646676 0.162078 0.0806655 2.72278 -0.0103499 -2.34919 0.0 0.0 0.0
0.647325 0.161697 0.0803839 2.7129 -0.0124864 -2.34801 0.0 0.0 0.0
0.647972 0.161345 0.0801049 2.70316 -0.0146596 -2.34677 0.0 0.0 0.0
0.648619 0.161023 0.079828 2.69355 -0.0168798 -2.34546 0.0 0.0 0.0
0.649264 0.160731 0.079553 2.68404 -0.0191456 -2.34409 0.0 0.0 0.0
0.649908 0.160467 0.0792803 2.67461 -0.0214455 -2.34266 0.0 0.0 0.0
0.650551 0.160233 0.07901 2.66526 -0.0237789 -2.34116 0.0 0.0 0.0
0.651193 0.160029 0.078742 2.65597 -0.0261454 -2.3396 0.0 0.0 0.0
0.651833 0.159854 0.0784763 2.64676 -0.0285445 -2.33798 0.0 0.0 0.0
0.652473 0.159708 0.0782132 2.63763 -0.0309739 -2.3363 0.0 0.0 0.0
0.653111 0.159592 0.0779531 2.62864 -0.0333995 -2.33458 0.0 0.0 0.0
0.653749 0.159504 0.0776961 2.61978 -0.0358213 -2.33283 0.0 0.0 0.0
0.654385 0.159447 0.0774419 2.61106 -0.0382392 -2.33103 0.0 0.0 0.0
0.655021 0.159418 0.0771903 2.60249 -0.0406726 -2.32919 0.0 0.0 0.0
0.655655 0.159418 0.0769411 2.59407 -0.0431229 -2.32731 0.0 0.0 0.0
0.656289 0.159448 0.0766943 2.58581 -0.0455903 -2.32537 0.0 0.0 0.0
0.656921 0.159507 0.0764499 2.57769 -0.0480748 -2.32339 0.0 0.0 0.0
0.657552 0.159595 0.076208 2.56974 -0.0505804 -2.32137 0.0 0.0 0.0
0.658183 0.159712 0.0759689 2.56203 -0.0531259 -2.31929 0.0 0.0 0.0
0.658812 0.159858 0.0757334 2.55452 -0.0556976 -2.31717 0.0 0.0 0.0
0.659441 0.160033 0.0755029 2.54727 -0.0582746 -2.31501 0.0 0.0 0.0
0.660069 0.160237 0.0752774 2.54027 -0.0608578 -2.31282 0.0 0.0 0.0
0.660697 0.16047 0.0750572 2.53353 -0.0634478 -2.3106 0.0 0.0 0.0
0.661324 0.160732 0.0748419 2.52704 -0.0660455 -2.30834 0.0 0.0 0.0
0.66195 0.161022 0.0746311 2.52073 -0.0686275 -2.30607 0.0 0.0 0.0
0.662576 0.161341 0.0744246 2.5146 -0.0711772 -2.30378 0.0 0.0 0.0
0.663201 0.161688 0.0742231 2.5088 -0.0736653 -2.30153 0.0 0.0 0.0
0.663826 0.162065 0.0740259 2.50323 -0.0760902 -2.29931 0.0 0.0 0.0
0.66445 0.16247 0.0738332 2.49789 -0.0784548 -2.29712 0.0 0.0 0.0
0.665071 0.162905 0.0736496 2.49283 -0.0807528 -2.29498 0.0 0.0 0.0
0.665673 0.163366 0.0734848 2.48834 -0.0829712 -2.29295 0.0 0.0 0.0
0.666253 0.163852 0.0733426 2.48454 -0.0851187 -2.29104 0.0 0.0 0.0
0.666811 0.164362 0.0732232 2.48144 -0.0871966 -2.28926 0.0 0.0 0.0
0.667346 0.164895 0.0731263 2.479 -0.0892037 -2.28761 0.0 0.0 0.0
0.667858 0.165453 0.0730514 2.47719 -0.0911386 -2.28607 0.0 0.0 0.0
0.668347 0.166036 0.072998 2.476 -0.0930015 -2.28466 0.0 0.0 0.0
0.668813 0.166643 0.0729653 2.47541 -0.0948035 -2.28335 0.0 0.0 0.0
0.669255 0.167276 0.0729524 2.4754 -0.0965484 -2.28216 0.0 0.0 0.0
0.669673 0.167934 0.0729598 2.47596 -0.0982573 -2.28105 0.0 0.0 0.0
0.670068 0.168617 0.0729875 2.47708 -0.099932 -2.28003 0.0 0.0 0.0
0.670439 0.169325 0.0730355 2.47876 -0.101573 -2.27911 0.0 0.0 0.0
0.670786 0.170055 0.0731052 2.48109 -0.103155 -2.27831 0.0 0.0 0.0
0.671108 0.170792 0.0731895 2.48392 -0.104627 -2.27765 0.0 0.0 0.0
0.671406 0.171527 0.0732833 2.48707 -0.105965 -2.27713 0.0 0.0 0.0
0.67168 0.172258 0.0733867 2.49054 -0.107168 -2.27676 0.0 0.0 0.0
0.671929 0.172988 0.0734989 2.49434 -0.108261 -2.27652 0.0 0.0 0.0
0.672154 0.173716 0.0736189 2.49849 -0.109269 -2.27639 0.0 0.0 0.0
0.672353 0.174441 0.0737467 2.50298 -0.110192 -2.27638 0.0 0.0 0.0
0.672528 0.175165 0.0738826 2.50785 -0.111028 -2.27649 0.0 0.0 0.0
0.672678 0.175887 0.0740266 2.51308 -0.111775 -2.27672 0.0 0.0 0.0
0.672803 0.176608 0.0741785 2.51865 -0.11243 -2.27707 0.0 0.0 0.0
0.672903 0.177326 0.0743385 2.52454 -0.112994 -2.27752 0.0 0.0 0.0
0.672978 0.178043 0.0745066 2.53068 -0.113465 -2.27808 0.0 0.0 0.0
0.673028 0.178759 0.0746828 2.53703 -0.113792 -2.27875 0.0 0.0 0.0
0.673053 0.179474 0.074867 2.54361 -0.113974 -2.27954 0.0 0.0 0.0
0.673052 0.180187 0.0750595 2.5504 -0.114008 -2.28044 0.0 0.0 0.0
0.673026 0.180898 0.0752604 2.5574 -0.113888 -2.28145 0.0 0.0 0.0
0.672975 0.181609 0.0754699 2.56461 -0.113612 -2.28258 0.0 0.0 0.0
0.672899 0.182318 0.0756876 2.57201 -0.113179 -2.28382 0.0 0.0 0.0
0.672797 0.183026 0.075913 2.57963 -0.112627 -2.28514 0.0 0.0 0.0
0.67267 0.183732 0.0761458 2.58746 -0.11199 -2.28653 0.0 0.0 0.0
0.672518 0.184438 0.076386 2.59549 -0.111266 -2.28798 0.0 0.0 0.0
0.67234 0.185143 0.0766337 2.60371 -0.11045 -2.28949 0.0 0.0 0.0
0.672137 0.185846 0.0768891 2.61209 -0.10952 -2.29106 0.0 0.0 0.0
0.671908 0.186549 0.0771525 2.62063 -0.108474 -2.2927 0.0 0.0 0.0
0.671654 0.18725 0.0774238 2.62935 -0.10731 -2.2944 0.0 0.0 0.0
0.671375 0.18795 0.0777023 2.63824 -0.106025 -2.29617 0.0 0.0 0.0
0.67107 0.18865 0.077988 2.64733 -0.104617 -2.298 0.0 0.0 0.0
0.67074 0.189349 0.0782807 2.65661 -0.103086 -2.2999 0.0 0.0 0.0
0.670384 0.190047 0.07858 2.66611 -0.101446 -2.30184 0.0 0.0 0.0
0.670002 0.190744 0.0788846 2.67579 -0.0997428 -2.30382 0.0 0.0 0.0
0.669595 0.19144 0.0791944 2.68565 -0.0979753 -2.30582 0.0 0.0 0.0
0.669161 0.192136 0.0795094 2.69567 -0.0961429 -2.30785 0.0 0.0 0.0
0.668702 0.19283 0.0798297 2.70587 -0.0942446 -2.30991 0.0 0.0 0.0
0.668218 0.193525 0.0801561 2.71631 -0.092304 -2.312 0.0 0.0 0.0
0.667708 0.194218 0.0804883 2.72699 -0.0903428 -2.31409 0.0 0.0 0.0
0.667172 0.194911 0.0808257 2.73777 -0.0883957 -2.31615 0.0 0.0 0.0
0.66661 0.195603 0.0811688 2.74874 -0.0864455 -2.31819 0.0 0.0 0.0
0.666023 0.196295 0.0815179 2.75991 -0.0844908 -2.32021 0.0 0.0 0.0
0.665413 0.196984 0.0818695 2.77117 -0.0825482 -2.32219 0.0 0.0 0.0
0.664796 0.197674 0.0822144 2.78224 -0.0806448 -2.32407 0.0 0.0 0.0
0.664176 0.198367 0.0825495 2.79307 -0.0787634 -2.32586 0.0 0.0 0.0
0.663553 0.199063 0.0828747 2.80368 -0.076899 -2.32754 0.0 0.0 0.0
0.662928 0.199762 0.0831904 2.8141 -0.0750555 -2.32914 0.0 0.0 0.0
0.6623 0.200464 0.083497 2.82437 -0.0732361 -2.33066 0.0 0.0 0.0
0.66167 0.201168 0.0837947 2.83449 -0.0714453 -2.33209 0.0 0.0 0.0
0.661038 0.201874 0.0840832 2.84454 -0.0697169 -2.33345 0.0 0.0 0.0
0.660404 0.202582 0.084363 2.85453 -0.0680485 -2.33474 0.0 0.0 0.0
0.659769 0.203292 0.0846338 2.86449 -0.0664171 -2.33597 0.0 0.0 0.0
0.659132 0.204004 0.0848954 2.8744 -0.0648226 -2.33716 0.0 0.0 0.0
0.658493 0.204718 0.0851479 2.88429 -0.0632649 -2.33828 0.0 0.0 0.0
0.657853 0.205434 0.0853912 2.89414 -0.0617382 -2.33936 0.0 0.0 0.0
0.65721 0.206152 0.0856254 2.90395 -0.0602436 -2.34039 0.0 0.0 0.0
0.656566 0.206872 0.0858495 2.91373 -0.0587786 -2.34138 0.0 0.0 0.0
0.65592 0.207594 0.0860632 2.92348 -0.0573432 -2.34232 0.0 0.0 0.0
0.655273 0.208317 0.0862671 2.93318 -0.0559103 -2.34322 0.0 0.0 0.0
0.654625 0.209042 0.0864624 2.94282 -0.0544523 -2.34409 0.0 0.0 0.0
0.653975 0.209768 0.0866488 2.95239 -0.0529587 -2.34493 0.0 0.0 0.0
0.653324 0.210495 0.0868266 2.96188 -0.0514304 -2.34575 0.0 0.0 0.0
0.652673 0.211224 0.0869955 2.9713 -0.0498683 -2.34653 0.0 0.0 0.0
0.65202 0.211953 0.0871558 2.98067 -0.0482758 -2.34728 0.0 0.0 0.0
0.651366 0.212684 0.0873063 2.99001 -0.0467055 -2.34801 0.0 0.0 0.0
0.650711 0.213416 0.0874472 2.99936 -0.045187 -2.34869 0.0 0.0 0.0
0.650056 0.214148 0.0875792 3.00875 -0.0437597 -2.34934 0.0 0.0 0.0
0.6494 0.214881 0.0877024 3.01819 -0.0424045 -2.34996 0.0 0.0 0.0
0.648744 0.215614 0.0878167 3.02769 -0.0411056 -2.35054 0.0 0.0 0.0
0.648087 0.216349 0.0879219 3.03725 -0.0398667 -2.35108 0.0 0.0 0.0
0.647429 0.217084 0.088018 3.04688 -0.0386885 -2.35159 0.0 0.0 0.0
0.646771 0.217819 0.0881051 3.05658 -0.0375713 -2.35208 0.0 0.0 0.0
0.646112 0.218555 0.0881828 3.06636 -0.0365051 -2.35254 0.0 0.0 0.0
0.645454 0.219292 0.0882507 3.07626 -0.0355128 -2.35298 0.0 0.0 0.0
0.644795 0.220028 0.0883089 3.08627 -0.0345954 -2.35341 0.0 0.0 0.0
0.644135 0.220765 0.0883573 3.09643 -0.0337558 -2.35383 0.0 0.0 0.0
0.643476 0.221502 0.0883958 3.10672 -0.0329943 -2.35423 0.0 0.0 0.0
0.642816 0.222239 0.088424 3.1172 -0.0322909 -2.35463 0.0 0.0 0.0
0.642157 0.222976 0.088441 3.12784 -0.0316301 -2.35501 0.0 0.0 0.0
0.641498 0.223713 0.0884469 3.13858 -0.0309995 -2.35538 0.0 0.0 0.0
0.640839 0.224449 0.0884417 3.14941 -0.0303996 -2.35574 0.0 0.0 0.0
0.64018 0.225185 0.0884254 3.16033 -0.0298306 -2.35608 0.0 0.0 0.0
0.639522 0.225921 0.0883981 3.17134 -0.0292928 -2.3564 0.0 0.0 0.0
0.638865 0.226656 0.088361 3.1825 -0.0287334 -2.35672 0.0 0.0 0.0
0.638208 0.22739 0.0883141 3.1938 -0.0281521 -2.35703 0.0 0.0 0.0
0.637551 0.228124 0.0882574 3.20525 -0.0275467 -2.35733 0.0 0.0 0.0
0.636903 0.228858 0.0881925 3.21683 -0.0269422 -2.35763 0.0 0.0 0.0
0.636284 0.229588 0.0881252 3.22827 -0.0263422 -2.35792 0.0 0.0 0.0
0.635696 0.230314 0.0880555 3.23958 -0.0257469 -2.35819 0.0 0.0 0.0
0.635138 0.231035 0.0879836 3.25075 -0.0251593 -2.35846 0.0 0.0 0.0
0.63461 0.231753 0.0879095 3.26179 -0.0245984 -2.35872 0.0 0.0 0.0
0.634112 0.232467 0.0878335 3.27268 -0.0240646 -2.35897 0.0 0.0 0.0
0.633644 0.233176 0.0877554 3.28344 -0.023558 -2.35922 0.0 0.0 0.0
0.633206 0.233882 0.0876753 3.29406 -0.0230788 -2.35945 0.0 0.0 0.0
0.632798 0.234583 0.0875935 3.30451 -0.0226532 -2.35968 0.0 0.0 0.0
0.63242 0.23528 0.0875101 3.31476 -0.0222832 -2.35991 0.0 0.0 0.0
0.632073 0.235973 0.0874251 3.32478 -0.0219631 -2.36012 0.0 0.0 0.0
0.631755 0.236662 0.0873385 3.33458 -0.0216931 -2.36032 0.0 0.0 0.0
0.631468 0.237347 0.0872509 3.34416 -0.021472 -2.36052 0.0 0.0 0.0
0.631211 0.238028 0.087164 3.35352 -0.0212583 -2.36071 0.0 0.0 0.0
0.630984 0.238704 0.087078 3.36267 -0.0210524 -2.3609 0.0 0.0 0.0
0.630787 0.239376 0.0869924 3.37155 -0.0208822 -2.36108 0.0 0.0 0.0
0.63062 0.240044 0.0869067 3.38014 -0.0207646 -2.36127 0.0 0.0 0.0
0.630484 0.240708 0.0868206 3.38844 -0.0207007 -2.36147 0.0 0.0 0.0
0.630378 0.241368 0.0867344 3.39645 -0.020698 -2.36168 0.0 0.0 0.0
0.630302 0.242023 0.0866478 3.40417 -0.0207564 -2.3619 0.0 0.0 0.0
0.630256 0.242674 0.0865621 3.4116 -0.0208795 -2.36213 0.0 0.0 0.0
0.630241 0.243321 0.0864779 3.4186 -0.0210582 -2.36236 0.0 0.0 0.0
0.630255 0.243963 0.0863951 3.42514 -0.0212913 -2.3626 0.0 0.0 0.0
0.6303 0.244601 0.086314 3.43125 -0.0215793 -2.36284 0.0 0.0 0.0
0.630375 0.245236 0.0862343 3.43691 -0.0219331 -2.36309 0.0 0.0 0.0
0.630481 0.245865 0.0861558 3.44223 -0.0223555 -2.36335 0.0 0.0 0.0
0.630617 0.246491 0.0860777 3.44729 -0.0228495 -2.36362 0.0 0.0 0.0
0.630783 0.247113 0.0860005 3.45209 -0.023415 -2.36391 0.0 0.0 0.0
0.630979 0.24773 0.0859257 3.45663 -0.0239604 -2.36419 0.0 0.0 0.0
0.631205 0.248343 0.085854 3.46092 -0.0244708 -2.36446 0.0 0.0 0.0
0.631461 0.248952 0.0857853 3.46496 -0.0249465 -2.36472 0.0 0.0 0.0
0.631748 0.249557 0.0857196 3.46874 -0.025407 -2.36496 0.0 0.0 0.0
0.632064 0.250158 0.0856569 3.47227 -0.0258692 -2.36521 0.0 0.0 0.0
0.632411 0.250755 0.0855971 3.47555 -0.0263331 -2.36544 0.0 0.0 0.0
0.632788 0.251345 0.0855411 3.47853 -0.0267997 -2.36567 0.0 0.0 0.0
0.633195 0.251911 0.0854925 3.48104 -0.0272633 -2.36589 0.0 0.0 0.0
0.633629 0.252448 0.0854529 3.483 -0.027708 -2.36608 0.0 0.0 0.0
0.63409 0.252958 0.085423 3.48437 -0.0281127 -2.36624 0.0 0.0 0.0
0.634577 0.25344 0.0854029 3.48517 -0.0284776 -2.36638 0.0 0.0 0.0
0.635091 0.253893 0.0853924 3.48539 -0.0288028 -2.36649 0.0 0.0 0.0
0.635632 0.254319 0.0853918 3.48503 -0.0290886 -2.36656 0.0 0.0 0.0
0.636199 0.254716 0.0854006 3.48397 -0.0293752 -2.36662 0.0 0.0 0.0
0.636793 0.255085 0.0854181 3.48218 -0.0297066 -2.36666 0.0 0.0 0.0
0.637414 0.255426 0.0854449 3.4797 -0.0300972 -2.36669 0.0 0.0 0.0
0.638062 0.255739 0.085481 3.47655 -0.0305229 -2.36671 0.0 0.0 0.0
0.638736 0.256024 0.0855257 3.4728 -0.0309411 -2.36671 0.0 0.0 0.0
0.639437 0.256281 0.0855793 3.46845 -0.0313514 -2.36669 0.0 0.0 0.0
0.640165 0.25651 0.0856415 3.46349 -0.0317531 -2.36664 0.0 0.0 0.0
0.64092 0.25671 0.0857125 3.45794 -0.0321459 -2.36658 0.0 0.0 0.0
0.641701 0.256883 0.0857922 3.45178 -0.0325314 -2.36649 0.0 0.0 0.0
0.642501 0.257026 0.0858792 3.44504 -0.0328849 -2.36637 0.0 0.0 0.0
0.643299 0.257145 0.0859661 3.438 -0.0332098 -2.36624 0.0 0.0 0.0
0.644094 0.25724 0.0860514 3.43069 -0.0335309 -2.36609 0.0 0.0 0.0
0.644886 0.257309 0.0861353 3.42312 -0.0338477 -2.36593 0.0 0.0 0.0
0.645675 0.257354 0.0862176 3.41528 -0.0341601 -2.36576 0.0 0.0 0.0
0.646462 0.257374 0.0862984 3.40717 -0.0344677 -2.36557 0.0 0.0 0.0
0.647246 0.257369 0.0863777 3.3988 -0.03477 -2.36537 0.0 0.0 0.0
0.648028 0.25734 0.0864555 3.39016 -0.0350669 -2.36515 0.0 0.0 0.0
0.648807 0.257286 0.0865318 3.38125 -0.0353578 -2.36492 0.0 0.0 0.0
0.649583 0.257207 0.0866065 3.3721 -0.0356496 -2.36467 0.0 0.0 0.0
0.650356 0.257103 0.0866787 3.36272 -0.0359427 -2.36442 0.0 0.0 0.0
0.651127 0.256975 0.0867479 3.35312 -0.0362329 -2.36415 0.0 0.0 0.0
0.651895 0.256822 0.0868138 3.34329 -0.0365194 -2.36388 0.0 0.0 0.0
0.65266 0.256644 0.0868754 3.33322 -0.0368432 -2.3636 0.0 0.0 0.0
0.653422 0.256442 0.0869326 3.32293 -0.0372239 -2.36331 0.0 0.0 0.0
0.654182 0.256215 0.0869859 3.31247 -0.0376334 -2.363 0.0 0.0 0.0
0.654938 0.255964 0.0870359 3.30187 -0.0380544 -2.36267 0.0 0.0 0.0
0.655692 0.255688 0.0870826 3.29112 -0.0384863 -2.36231 0.0 0.0 0.0
0.656443 0.255387 0.0871261 3.28023 -0.0389284 -2.36193 0.0 0.0 0.0
0.657191 0.255062 0.0871651 3.26919 -0.0393623 -2.36153 0.0 0.0 0.0
0.657936 0.254713 0.0871993 3.25797 -0.0397796 -2.3611 0.0 0.0 0.0
0.658679 0.254339 0.0872284 3.24671 -0.0402006 -2.36066 0.0 0.0 0.0
0.659418 0.25394 0.0872523 3.23541 -0.0406261 -2.3602 0.0 0.0 0.0
0.660154 0.253517 0.087271 3.22407 -0.0410555 -2.35971 0.0 0.0 0.0
0.660887 0.25307 0.0872846 3.2127 -0.0414885 -2.35921 0.0 0.0 0.0
0.661617 0.252598 0.0872936 3.20121 -0.0419211 -2.35869 0.0 0.0 0.0
0.662344 0.252102 0.0872978 3.18951 -0.042355 -2.35814 0.0 0.0 0.0
0.663067 0.251582 0.0872963 3.17763 -0.0428228 -2.35756 0.0 0.0 0.0
0.663787 0.251038 0.0872886 3.16557 -0.0433567 -2.35695 0.0 0.0 0.0
0.664504 0.250469 0.0872747 3.15331 -0.0439652 -2.35633 0.0 0.0 0.0
0.665218 0.249877 0.0872545 3.14086 -0.0446475 -2.35567 0.0 0.0 0.0
0.665928 0.24926 0.087228 3.12822 -0.0454026 -2.35499 0.0 0.0 0.0
0.666635 0.248619 0.0871953 3.11538 -0.0462296 -2.35428 0.0 0.0 0.0
0.667339 0.247954 0.0871557 3.10237 -0.0471175 -2.35354 0.0 0.0 0.0
0.668039 0.247268 0.087108 3.0892 -0.0480365 -2.35277 0.0 0.0 0.0
0.668735 0.246578 0.0870478 3.07605 -0.0489951 -2.35198 0.0 0.0 0.0
0.669431 0.245888 0.0869746 3.06297 -0.0499793 -2.35118 0.0 0.0 0.0
0.670126 0.245199 0.0868886 3.04996 -0.0509889 -2.35035 0.0 0.0 0.0
0.67082 0.24451 0.0867896 3.03701 -0.0520235 -2.34951 0.0 0.0 0.0
0.671515 0.243822 0.0866777 3.02413 -0.0530828 -2.34864 0.0 0.0 0.0
0.672208 0.243134 0.086553 3.0113 -0.0541664 -2.34775 0.0 0.0 0.0
0.672901 0.242447 0.0864161 2.99859 -0.0552695 -2.34684 0.0 0.0 0.0
0.673593 0.241762 0.0862675 2.98608 -0.0563701 -2.3459 0.0 0.0 0.0
0.674284 0.241077 0.0861072 2.97379 -0.0574681 -2.34493 0.0 0.0 0.0
0.674973 0.240394 0.0859354 2.96167 -0.0585876 -2.34394 0.0 0.0 0.0
0.675661 0.239712 0.0857525 2.94966 -0.0597709 -2.34293 0.0 0.0 0.0
0.676347 0.239031 0.0855585 2.93777 -0.0610175 -2.34188 0.0 0.0 0.0
0.677032 0.238352 0.0853534 2.92599 -0.062327 -2.34079 0.0 0.0 0.0
0.677716 0.237674 0.085137 2.91433 -0.0637086 -2.33967 0.0 0.0 0.0
0.678398 0.236998 0.0849089 2.90282 -0.0651779 -2.33851 0.0 0.0 0.0
0.679079 0.236323 0.0846692 2.89146 -0.0667342 -2.3373 0.0 0.0 0.0
0.679758 0.23565 0.0844188 2.88017 -0.06837 -2.33604 0.0 0.0 0.0
0.680435 0.234979 0.0841584 2.86883 -0.070065 -2.33471 0.0 0.0 0.0
0.681109 0.234311 0.0838878 2.85744 -0.0718173 -2.33332 0.0 0.0 0.0
0.681781 0.233644 0.0836071 2.846 -0.0736246 -2.33184 0.0 0.0 0.0
0.682451 0.23298 0.0833161 2.83448 -0.0754622 -2.33031 0.0 0.0 0.0
0.683119 0.232318 0.0830146 2.82287 -0.0773001 -2.32871 0.0 0.0 0.0
0.683784 0.231659 0.0827024 2.81117 -0.0791445 -2.32705 0.0 0.0 0.0
0.684447 0.231002 0.0823787 2.79938 -0.0810432 -2.3253 0.0 0.0 0.0
0.685106 0.230349 0.0820434 2.78752 -0.0829936 -2.32347 0.0 0.0 0.0
0.685762 0.229698 0.0816973 2.77557 -0.0849979 -2.32155 0.0 0.0 0.0
0.686416 0.22905 0.0813412 2.76355 -0.0870566 -2.31953 0.0 0.0 0.0
0.687067 0.228405 0.080975 2.75144 -0.0891666 -2.31741 0.0 0.0 0.0
0.687714 0.227763 0.0805982 2.73923 -0.0912218 -2.31523 0.0 0.0 0.0
0.688358 0.227125 0.0802105 2.72689 -0.0931378 -2.31305 0.0 0.0 0.0
0.688999 0.226492 0.0798121 2.71444 -0.0949122 -2.31086 0.0 0.0 0.0
0.68964 0.225882 0.0794093 2.70202 -0.0965368 -2.3087 0.0 0.0 0.0
0.690279 0.225302 0.0790084 2.68977 -0.0980356 -2.30657 0.0 0.0 0.0
0.690916 0.224752 0.078609 2.67774 -0.0994435 -2.30448 0.0 0.0 0.0
0.691551 0.224232 0.0782116 2.66597 -0.100791 -2.30241 0.0 0.0 0.0
0.692183 0.223742 0.077817 2.65448 -0.102087 -2.30036 0.0 0.0 0.0
0.692814 0.223281 0.0774247 2.64327 -0.103357 -2.29832 0.0 0.0 0.0
0.693443 0.222851 0.0770347 2.63231 -0.104639 -2.29625 0.0 0.0 0.0
0.694069 0.22245 0.0766469 2.62162 -0.105933 -2.29417 0.0 0.0 0.0
0.694694 0.222079 0.0762614 2.61118 -0.107241 -2.29206 0.0 0.0 0.0
0.695316 0.221738 0.0758781 2.601 -0.108564 -2.28993 0.0 0.0 0.0
0.695936 0.221427 0.075498 2.59099 -0.109744 -2.28788 0.0 0.0 0.0
0.696555 0.221145 0.0751221 2.58113 -0.110731 -2.28594 0.0 0.0 0.0
0.697172 0.220892 0.0747504 2.5714 -0.111537 -2.2841 0.0 0.0 0.0
0.697787 0.220669 0.0743828 2.56183 -0.112215 -2.28233 0.0 0.0 0.0
0.6984 0.220476 0.0740189 2.55243 -0.112812 -2.2806 0.0 0.0 0.0
0.699011 0.220312 0.0736589 2.5432 -0.113328 -2.27893 0.0 0.0 0.0
0.699621 0.220178 0.0733026 2.53414 -0.113767 -2.2773 0.0 0.0 0.0
0.700229 0.220073 0.0729506 2.52524 -0.114136 -2.27572 0.0 0.0 0.0
0.700836 0.219997 0.0726038 2.51656 -0.114501 -2.27415 0.0 0.0 0.0
0.701441 0.21995 0.072263 2.50814 -0.114901 -2.27258 0.0 0.0 0.0
0.702045 0.219932 0.071928 2.49999 -0.115336 -2.271 0.0 0.0 0.0
0.702647 0.219944 0.0715988 2.4921 -0.115808 -2.26941 0.0 0.0 0.0
0.703248 0.219985 0.0712756 2.48448 -0.116318 -2.26781 0.0 0.0 0.0
0.703848 0.220054 0.0709583 2.47713 -0.116866 -2.26621 0.0 0.0 0.0
0.704446 0.220153 0.0706468 2.47004 -0.117454 -2.26461 0.0 0.0 0.0
0.705043 0.220281 0.0703414 2.46323 -0.11807 -2.263 0.0 0.0 0.0
0.70564 0.220438 0.0700428 2.45669 -0.118714 -2.2614 0.0 0.0 0.0
0.706235 0.220623 0.0697509 2.45045 -0.119403 -2.2598 0.0 0.0 0.0
0.706829 0.220837 0.0694659 2.44445 -0.12008 -2.25822 0.0 0.0 0.0
0.707422 0.22108 0.0691873 2.4386 -0.120702 -2.25669 0.0 0.0 0.0
0.708014 0.221351 0.0689147 2.43286 -0.121257 -2.25522 0.0 0.0 0.0
0.708602 0.22165 0.0686509 2.42728 -0.121754 -2.2538 0.0 0.0 0.0
0.709167 0.221973 0.0684094 2.42216 -0.122235 -2.25247 0.0 0.0 0.0
0.709709 0.222319 0.0681906 2.41747 -0.122687 -2.25123 0.0 0.0 0.0
0.710228 0.222688 0.0679947 2.41321 -0.12311 -2.25009 0.0 0.0 0.0
0.710724 0.22308 0.0678219 2.40941 -0.123507 -2.24905 0.0 0.0 0.0
0.711198 0.223495 0.0676725 2.40618 -0.123828 -2.24818 0.0 0.0 0.0
0.711649 0.223932 0.0675463 2.4035 -0.124075 -2.24746 0.0 0.0 0.0
0.712077 0.224393 0.0674435 2.40138 -0.124249 -2.24691 0.0 0.0 0.0
0.712482 0.224877 0.067364 2.39983 -0.124371 -2.24651 0.0 0.0 0.0
0.712864 0.225385 0.0673072 2.39892 -0.124435 -2.24628 0.0 0.0 0.0
0.713223 0.225915 0.0672735 2.39864 -0.124433 -2.24622 0.0 0.0 0.0
0.71356 0.226469 0.0672634 2.39897 -0.124321 -2.24637 0.0 0.0 0.0
0.713873 0.227045 0.0672771 2.39993 -0.124098 -2.24673 0.0 0.0 0.0
0.714165 0.227645 0.0673147 2.40152 -0.123771 -2.24729 0.0 0.0 0.0
0.714433 0.228267 0.0673758 2.40373 -0.123393 -2.24802 0.0 0.0 0.0
0.714678 0.228913 0.0674594 2.40652 -0.123033 -2.24885 0.0 0.0 0.0
0.714901 0.229581 0.0675664 2.40988 -0.122744 -2.24973 0.0 0.0 0.0
0.715101 0.230273 0.0676973 2.41379 -0.122579 -2.25063 0.0 0.0 0.0
0.715279 0.230985 0.067852 2.41824 -0.12254 -2.25154 0.0 0.0 0.0
0.71543 0.231701 0.0680239 2.42308 -0.122627 -2.25242 0.0 0.0 0.0
0.715556 0.232412 0.0682067 2.42818 -0.122812 -2.25327 0.0 0.0 0.0
0.715659 0.233121 0.0684006 2.43346 -0.123026 -2.25413 0.0 0.0 0.0
0.715738 0.233826 0.0686049 2.43889 -0.123218 -2.25502 0.0 0.0 0.0
0.715792 0.234528 0.0688197 2.44447 -0.123386 -2.25595 0.0 0.0 0.0
0.715822 0.235226 0.0690453 2.45022 -0.123496 -2.25695 0.0 0.0 0.0
0.715828 0.235922 0.0692818 2.45616 -0.123512 -2.25805 0.0 0.0 0.0
0.715809 0.236614 0.0695293 2.46228 -0.123434 -2.25924 0.0 0.0 0.0
0.715766 0.237303 0.0697877 2.4686 -0.12326 -2.26052 0.0 0.0 0.0
0.715699 0.237989 0.070057 2.47509 -0.122988 -2.2619 0.0 0.0 0.0
0.715608 0.238672 0.070337 2.48185 -0.122763 -2.26327 0.0 0.0 0.0
0.715493 0.239351 0.0706272 2.48889 -0.122608 -2.26461 0.0 0.0 0.0
0.715352 0.240028 0.0709265 2.49624 -0.122531 -2.26593 0.0 0.0 0.0
0.715187 0.240702 0.0712351 2.50388 -0.122483 -2.26725 0.0 0.0 0.0
0.714997 0.241374 0.0715532 2.51181 -0.12242 -2.26862 0.0 0.0 0.0
0.714783 0.242042 0.0718808 2.52002 -0.12234 -2.27003 0.0 0.0 0.0
0.714543 0.242708 0.0722176 2.52854 -0.122225 -2.27149 0.0 0.0 0.0
0.714279 0.243372 0.0725634 2.53738 -0.122067 -2.273 0.0 0.0 0.0
0.71399 0.244033 0.0729179 2.54648 -0.121828 -2.27459 0.0 0.0 0.0
0.713676 0.244691 0.0732797 2.55586 -0.121486 -2.27626 0.0 0.0 0.0
0.713337 0.245348 0.0736481 2.56547 -0.121037 -2.27802 0.0 0.0 0.0
0.712972 0.246002 0.0740231 2.57531 -0.120474 -2.27986 0.0 0.0 0.0
0.712582 0.246654 0.0744046 2.58538 -0.119795 -2.28177 0.0 0.0 0.0
0.712166 0.247304 0.0747927 2.59568 -0.118997 -2.28376 0.0 0.0 0.0
0.711725 0.247952 0.0751873 2.6062 -0.118078 -2.28582 0.0 0.0 0.0
0.711259 0.248598 0.0755885 2.61694 -0.117035 -2.28795 0.0 0.0 0.0
0.710768 0.249241 0.0759963 2.62789 -0.115858 -2.29015 0.0 0.0 0.0
0.710251 0.249883 0.076411 2.63902 -0.114529 -2.29241 0.0 0.0 0.0
0.709709 0.250522 0.0768312 2.65039 -0.113145 -2.2947 0.0 0.0 0.0
0.709141 0.25116 0.0772564 2.66206 -0.11176 -2.297 0.0 0.0 0.0
0.708548 0.251796 0.0776871 2.67408 -0.110384 -2.2993 0.0 0.0 0.0
0.707933 0.252431 0.0781206 2.6864 -0.109011 -2.30159 0.0 0.0 0.0
0.707314 0.25307 0.0785432 2.6988 -0.107601 -2.30386 0.0 0.0 0.0
0.706691 0.253712 0.0789548 2.71133 -0.106156 -2.30612 0.0 0.0 0.0
0.706065 0.254357 0.0793553 2.724 -0.104675 -2.30835 0.0 0.0 0.0
0.705435 0.255006 0.0797448 2.7368 -0.103158 -2.31055 0.0 0.0 0.0
0.704803 0.255659 0.0801234 2.74976 -0.101661 -2.31271 0.0 0.0 0.0
0.704167 0.256314 0.0804897 2.76283 -0.100212 -2.31481 0.0 0.0 0.0
0.703528 0.256973 0.0808431 2.77604 -0.0988162 -2.31685 0.0 0.0 0.0
0.702886 0.257635 0.0811839 2.78938 -0.0974776 -2.31883 0.0 0.0 0.0
0.702241 0.2583 0.0815126 2.80281 -0.0962375 -2.32073 0.0 0.0 0.0
0.701594 0.258967 0.0818293 2.81635 -0.0950976 -2.32256 0.0 0.0 0.0
0.700944 0.259637 0.0821342 2.82999 -0.0940598 -2.32431 0.0 0.0 0.0
0.700292 0.26031 0.0824267 2.84374 -0.0931255 -2.326 0.0 0.0 0.0
0.699637 0.260985 0.0827058 2.85763 -0.0922635 -2.32762 0.0 0.0 0.0
0.69898 0.261663 0.0829708 2.8717 -0.0914052 -2.32922 0.0 0.0 0.0
0.698321 0.262342 0.0832226 2.88598 -0.0904682 -2.33084 0.0 0.0 0.0
0.69766 0.263024 0.0834614 2.90048 -0.089451 -2.33246 0.0 0.0 0.0
0.696997 0.263708 0.0836871 2.91518 -0.0883525 -2.33409 0.0 0.0 0.0
0.696332 0.264393 0.0838994 2.93011 -0.087173 -2.33572 0.0 0.0 0.0
0.695666 0.26508 0.0840972 2.94538 -0.0858786 -2.33736 0.0 0.0 0.0
0.694998 0.265769 0.0842794 2.96098 -0.0844962 -2.33901 0.0 0.0 0.0
0.694329 0.266458 0.0844463 2.97689 -0.0831026 -2.34064 0.0 0.0 0.0
0.693661 0.26715 0.084599 2.99308 -0.081753 -2.34226 0.0 0.0 0.0
0.693013 0.267845 0.0847394 3.00915 -0.0805301 -2.34383 0.0 0.0 0.0
0.692393 0.26854 0.0848695 3.02485 -0.0794521 -2.34535 0.0 0.0 0.0
0.691801 0.269235 0.0849896 3.04028 -0.078485 -2.34682 0.0 0.0 0.0
0.691237 0.269929 0.0850999 3.05551 -0.0775907 -2.34825 0.0 0.0 0.0
0.690701 0.270624 0.0852004 3.07054 -0.0767708 -2.34964 0.0 0.0 0.0
0.690192 0.271318 0.0852912 3.08538 -0.0760268 -2.35099 0.0 0.0 0.0
0.689712 0.272012 0.0853723 3.10002 -0.0753602 -2.35231 0.0 0.0 0.0
0.689259 0.272707 0.085444 3.11445 -0.0747693 -2.35359 0.0 0.0 0.0
0.688835 0.2734 0.085507 3.12865 -0.0742539 -2.35484 0.0 0.0 0.0
0.688439 0.274093 0.0855607 3.14262 -0.0738342 -2.35607 0.0 0.0 0.0
0.688071 0.274785 0.0856048 3.15636 -0.0735116 -2.35727 0.0 0.0 0.0
0.687732 0.275476 0.0856396 3.16987 -0.0732871 -2.35845 0.0 0.0 0.0
0.687421 0.276167 0.0856656 3.18306 -0.0731448 -2.3596 0.0 0.0 0.0
0.687138 0.276857 0.0856833 3.1959 -0.0730867 -2.36071 0.0 0.0 0.0
0.686884 0.277547 0.0856929 3.20839 -0.0731144 -2.36179 0.0 0.0 0.0
0.686658 0.278235 0.0856955 3.22048 -0.0732111 -2.36283 0.0 0.0 0.0
0.686462 0.278922 0.0856918 3.23221 -0.0733796 -2.36384 0.0 0.0 0.0
0.686294 0.279608 0.0856818 3.24357 -0.073624 -2.36483 0.0 0.0 0.0
0.686155 0.280292 0.0856658 3.25463 -0.0739335 -2.36579 0.0 0.0 0.0
0.686045 0.280976 0.0856441 3.26551 -0.0742809 -2.36674 0.0 0.0 0.0
0.685964 0.281658 0.085616 3.27621 -0.0746727 -2.36767 0.0 0.0 0.0
0.685912 0.282339 0.0855807 3.28679 -0.0751633 -2.36861 0.0 0.0 0.0
0.685889 0.283019 0.0855377 3.29727 -0.0757528 -2.36955 0.0 0.0 0.0
0.685894 0.283697 0.0854877 3.30763 -0.0764409 -2.37052 0.0 0.0 0.0
0.685928 0.284374 0.0854324 3.31774 -0.0771442 -2.37146 0.0 0.0 0.0
0.685992 0.285049 0.0853734 3.3275 -0.0778316 -2.37239 0.0 0.0 0.0
0.686085 0.285723 0.0853108 3.33692 -0.078504 -2.37329 0.0 0.0 0.0
0.686207 0.286395 0.0852447 3.34601 -0.0791625 -2.37416 0.0 0.0 0.0
0.686359 0.287066 0.0851751 3.35466 -0.0798112 -2.375 0.0 0.0 0.0
0.686539 0.287735 0.0851023 3.36285 -0.0804533 -2.37581 0.0 0.0 0.0
0.686749 0.288403 0.0850262 3.37056 -0.0810902 -2.37658 0.0 0.0 0.0
0.686988 0.289069 0.0849469 3.3778 -0.0817235 -2.37731 0.0 0.0 0.0
0.687257 0.289733 0.0848649 3.38453 -0.0823668 -2.37801 0.0 0.0 0.0
0.687555 0.290383 0.0847833 3.39064 -0.0830153 -2.37867 0.0 0.0 0.0
0.68788 0.291005 0.0847052 3.39583 -0.0836976 -2.37925 0.0 0.0 0.0
0.688234 0.291598 0.0846309 3.4001 -0.0844165 -2.37977 0.0 0.0 0.0
0.688615 0.292163 0.0845604 3.40345 -0.0851725 -2.38022 0.0 0.0 0.0
0.689024 0.292699 0.0844936 3.40588 -0.0859656 -2.3806 0.0 0.0 0.0
0.68946 0.293207 0.0844305 3.40738 -0.0867957 -2.3809 0.0 0.0 0.0
0.689925 0.293686 0.0843716 3.40797 -0.0876622 -2.38113 0.0 0.0 0.0
0.690417 0.294137 0.0843177 3.40758 -0.0885933 -2.38128 0.0 0.0 0.0
0.690936 0.29456 0.0842683 3.40622 -0.089583 -2.38134 0.0 0.0 0.0
0.691484 0.294954 0.0842212 3.40395 -0.0906174 -2.38133 0.0 0.0 0.0
0.692059 0.29532 0.0841765 3.40074 -0.0916955 -2.38124 0.0 0.0 0.0
0.692662 0.295657 0.084134 3.39661 -0.0928161 -2.38107 0.0 0.0 0.0
0.693293 0.295966 0.0840939 3.39156 -0.0939668 -2.38082 0.0 0.0 0.0
0.693951 0.296246 0.0840568 3.38556 -0.0951538 -2.38048 0.0 0.0 0.0
0.694637 0.296499 0.0840238 3.37859 -0.0963478 -2.38006 0.0 0.0 0.0
0.69535 0.296723 0.083995 3.37071 -0.0975064 -2.37955 0.0 0.0 0.0
0.696088 0.296919 0.0839698 3.36197 -0.0986153 -2.37894 0.0 0.0 0.0
0.696832 0.297084 0.0839451 3.35272 -0.0996743 -2.37825 0.0 0.0 0.0
0.697575 0.297222 0.0839181 3.34322 -0.10068 -2.37749 0.0 0.0 0.0
0.698317 0.297334 0.0838885 3.33336 -0.101666 -2.37666 0.0 0.0 0.0
0.699056 0.297418 0.083856 3.32307 -0.102673 -2.37576 0.0 0.0 0.0
0.699794 0.297477 0.0838204 3.31235 -0.103697 -2.37479 0.0 0.0 0.0
0.70053 0.297508 0.083781 3.30128 -0.104703 -2.37376 0.0 0.0 0.0
0.701264 0.297513 0.0837371 3.2899 -0.105676 -2.37268 0.0 0.0 0.0
0.701997 0.297492 0.0836886 3.27822 -0.106614 -2.37153 0.0 0.0 0.0
0.702727 0.297444 0.083636 3.26623 -0.107508 -2.37033 0.0 0.0 0.0
0.703455 0.297369 0.0835794 3.25397 -0.108334 -2.36907 0.0 0.0 0.0
0.704182 0.297269 0.0835182 3.24147 -0.109083 -2.36776 0.0 0.0 0.0
0.704906 0.297142 0.0834524 3.22873 -0.109756 -2.3664 0.0 0.0 0.0
0.705628 0.29699 0.0833815 3.21584 -0.110385 -2.365 0.0 0.0 0.0
0.706348 0.296811 0.0833054 3.20281 -0.110978 -2.36358 0.0 0.0 0.0
0.707065 0.296606 0.083224 3.18964 -0.111533 -2.36212 0.0 0.0 0.0
0.707781 0.296374 0.0831374 3.17633 -0.112048 -2.36063 0.0 0.0 0.0
0.708494 0.296117 0.0830446 3.16284 -0.112542 -2.35911 0.0 0.0 0.0
0.709205 0.295834 0.0829452 3.14916 -0.113021 -2.35755 0.0 0.0 0.0
0.709913 0.295525 0.082839 3.13523 -0.113496 -2.35594 0.0 0.0 0.0
0.710618 0.29519 0.0827258 3.12093 -0.113991 -2.35428 0.0 0.0 0.0
0.711321 0.29483 0.0826056 3.10623 -0.1145 -2.35257 0.0 0.0 0.0
0.712021 0.294444 0.0824785 3.09096 -0.114965 -2.35076 0.0 0.0 0.0
0.712718 0.294033 0.0823448 3.07513 -0.11538 -2.34886 0.0 0.0 0.0
0.713412 0.293597 0.0822043 3.05874 -0.115743 -2.34688 0.0 0.0 0.0
0.714103 0.293135 0.0820561 3.04195 -0.116096 -2.34483 0.0 0.0 0.0
0.714791 0.292649 0.0818984 3.02498 -0.116438 -2.34276 0.0 0.0 0.0
0.715475 0.292137 0.0817308 3.00787 -0.116764 -2.34066 0.0 0.0 0.0
0.716156 0.291601 0.0815535 2.99063 -0.117072 -2.33854 0.0 0.0 0.0
0.716833 0.29104 0.0813663 2.97324 -0.117361 -2.3364 0.0 0.0 0.0
0.717506 0.290455 0.0811688 2.95565 -0.117638 -2.33423 0.0 0.0 0.0
0.718175 0.289845 0.0809608 2.93788 -0.117899 -2.33203 0.0 0.0 0.0
0.71884 0.289211 0.0807425 2.91991 -0.118144 -2.3298 0.0 0.0 0.0
0.719501 0.288553 0.0805137 2.90178 -0.118358 -2.32754 0.0 0.0 0.0
0.720159 0.287882 0.0802727 2.88372 -0.118541 -2.32528 0.0 0.0 0.0
0.720813 0.287215 0.0800166 2.86603 -0.118681 -2.32303 0.0 0.0 0.0
0.721466 0.28655 0.0797452 2.84871 -0.11878 -2.32082 0.0 0.0 0.0
0.722116 0.285887 0.0794587 2.83176 -0.11884 -2.31863 0.0 0.0 0.0
0.722763 0.285227 0.0791566 2.81519 -0.118861 -2.31647 0.0 0.0 0.0
0.723407 0.28457 0.0788388 2.799 -0.118841 -2.31435 0.0 0.0 0.0
0.724049 0.283915 0.0785052 2.78321 -0.118784 -2.31227 0.0 0.0 0.0
0.724688 0.283264 0.078156 2.7678 -0.118692 -2.31023 0.0 0.0 0.0
0.725324 0.282615 0.077792 2.75264 -0.118605 -2.3082 0.0 0.0 0.0
0.725959 0.281976 0.0774156 2.73772 -0.118539 -2.30617 0.0 0.0 0.0
0.726591 0.281365 0.0770374 2.72325 -0.118483 -2.30418 0.0 0.0 0.0
0.72722 0.280786 0.07666 2.7093 -0.118436 -2.30224 0.0 0.0 0.0
0.727845 0.280237 0.0762833 2.69584 -0.118412 -2.30035 0.0 0.0 0.0
0.728466 0.27972 0.0759074 2.68272 -0.118449 -2.29847 0.0 0.0 0.0
0.729084 0.279235 0.075533 2.66999 -0.118544 -2.2966 0.0 0.0 0.0
0.729698 0.27878 0.0751604 2.65767 -0.118696 -2.29476 0.0 0.0 0.0
0.730308 0.278358 0.0747893 2.6457 -0.118908 -2.29293 0.0 0.0 0.0
0.730915 0.277966 0.0744206 2.63412 -0.119097 -2.29114 0.0 0.0 0.0
0.731519 0.277606 0.0740552 2.62294 -0.11925 -2.28939 0.0 0.0 0.0
0.732118 0.277277 0.073693 2.61217 -0.11937 -2.28769 0.0 0.0 0.0
0.732715 0.276979 0.0733341 2.6018 -0.11946 -2.28603 0.0 0.0 0.0
0.733308 0.276712 0.0729794 2.59189 -0.119526 -2.28444 0.0 0.0 0.0
0.733897 0.276476 0.0726298 2.58236 -0.119591 -2.28288 0.0 0.0 0.0
0.734484 0.276271 0.0722861 2.57315 -0.119669 -2.28136 0.0 0.0 0.0
0.735067 0.276097 0.0719481 2.56428 -0.119761 -2.27986 0.0 0.0 0.0
0.735647 0.275954 0.0716158 2.55574 -0.119867 -2.2784 0.0 0.0 0.0
0.736224 0.275842 0.0712895 2.54748 -0.119973 -2.27697 0.0 0.0 0.0
0.736798 0.27576 0.0709695 2.53947 -0.120082 -2.27557 0.0 0.0 0.0
0.737369 0.275709 0.070656 2.53169 -0.120194 -2.2742 0.0 0.0 0.0
0.737937 0.275688 0.070349 2.52416 -0.120311 -2.27286 0.0 0.0 0.0
0.738502 0.275699 0.0700484 2.51687 -0.120434 -2.27154 0.0 0.0 0.0
0.739064 0.27574 0.0697542 2.50983 -0.120546 -2.27027 0.0 0.0 0.0
0.739623 0.275811 0.0694663 2.50302 -0.120641 -2.26905 0.0 0.0 0.0
0.74018 0.275913 0.0691856 2.4965 -0.120707 -2.26788 0.0 0.0 0.0
0.740734 0.276045 0.0689126 2.49029 -0.120737 -2.26678 0.0 0.0 0.0
0.741285 0.276208 0.0686472 2.48437 -0.120735 -2.26575 0.0 0.0 0.0
0.741834 0.276401 0.0683897 2.47876 -0.120717 -2.26477 0.0 0.0 0.0
0.742381 0.276623 0.068141 2.47347 -0.120688 -2.26386 0.0 0.0 0.0
0.742925 0.276876 0.067902 2.46861 -0.120656 -2.26301 0.0 0.0 0.0
0.743467 0.277159 0.067673 2.46418 -0.120623 -2.26223 0.0 0.0 0.0
0.744007 0.277471 0.0674537 2.46018 -0.120591 -2.26153 0.0 0.0 0.0
0.744545 0.277813 0.0672444 2.45661 -0.120562 -2.2609 0.0 0.0 0.0
0.745081 0.278184 0.067046 2.45333 -0.120545 -2.26031 0.0 0.0 0.0
0.745616 0.278585 0.0668589 2.45029 -0.120541 -2.25975 0.0 0.0 0.0
0.746149 0.279015 0.0666831 2.44753 -0.120565 -2.25922 0.0 0.0 0.0
0.746662 0.27947 0.0665279 2.44524 -0.120659 -2.25873 0.0 0.0 0.0
0.747154 0.27995 0.0663956 2.44351 -0.12083 -2.25828 0.0 0.0 0.0
0.747623 0.280454 0.0662863 2.44236 -0.12108 -2.25789 0.0 0.0 0.0
0.748071 0.280982 0.0661999 2.44177 -0.121408 -2.25754 0.0 0.0 0.0
0.748496 0.281533 0.0661366 2.44175 -0.121815 -2.25724 0.0 0.0 0.0
0.748899 0.282109 0.0660965 2.44222 -0.122283 -2.25699 0.0 0.0 0.0
0.74928 0.282709 0.0660791 2.44317 -0.122786 -2.25682 0.0 0.0 0.0
0.749639 0.283334 0.0660838 2.44461 -0.12329 -2.25673 0.0 0.0 0.0
0.749975 0.283984 0.0661104 2.44653 -0.123797 -2.25674 0.0 0.0 0.0
0.750288 0.284658 0.0661592 2.44894 -0.124306 -2.25683 0.0 0.0 0.0
0.75058 0.285356 0.0662304 2.45179 -0.124838 -2.257 0.0 0.0 0.0
0.750849 0.286078 0.0663242 2.45508 -0.125393 -2.25724 0.0 0.0 0.0
0.751096 0.286825 0.0664401 2.45886 -0.125963 -2.25756 0.0 0.0 0.0
0.751321 0.287597 0.0665784 2.46332 -0.126518 -2.25801 0.0 0.0 0.0
0.75152 0.288387 0.0667381 2.46843 -0.127073 -2.2586 0.0 0.0 0.0
0.751697 0.289177 0.0669083 2.47395 -0.127633 -2.25925 0.0 0.0 0.0
0.751851 0.289964 0.0670866 2.47982 -0.128196 -2.25998 0.0 0.0 0.0
0.751983 0.290748 0.0672731 2.48606 -0.128759 -2.26076 0.0 0.0 0.0
0.752093 0.291529 0.0674679 2.49267 -0.129337 -2.26162 0.0 0.0 0.0
0.752181 0.292307 0.0676698 2.49958 -0.129951 -2.26251 0.0 0.0 0.0
0.752246 0.293081 0.0678783 2.50676 -0.130602 -2.26343 0.0 0.0 0.0
0.752288 0.293853 0.0680944 2.51429 -0.131288 -2.26441 0.0 0.0 0.0
0.752308 0.294622 0.0683166 2.52212 -0.132009 -2.26542 0.0 0.0 0.0
0.752305 0.295389 0.0685447 2.53023 -0.132764 -2.26648 0.0 0.0 0.0
0.75228 0.296153 0.0687787 2.53864 -0.133551 -2.26758 0.0 0.0 0.0
0.752231 0.296915 0.0690184 2.54734 -0.13437 -2.26873 0.0 0.0 0.0
0.75216 0.297674 0.0692632 2.55627 -0.135216 -2.26992 0.0 0.0 0.0
0.752066 0.298431 0.0695129 2.56542 -0.13609 -2.27114 0.0 0.0 0.0
0.751949 0.299185 0.0697673 2.57483 -0.136967 -2.27241 0.0 0.0 0.0
0.751809 0.299937 0.070025 2.58469 -0.137839 -2.27377 0.0 0.0 0.0
0.751646 0.300687 0.0702857 2.59517 -0.138686 -2.27526 0.0 0.0 0.0
0.75146 0.301435 0.0705498 2.60626 -0.139511 -2.27686 0.0 0.0 0.0
0.751251 0.30218 0.0708173 2.61798 -0.140305 -2.27857 0.0 0.0 0.0
0.751018 0.302924 0.0710872 2.6303 -0.141072 -2.28039 0.0 0.0 0.0
0.750763 0.303665 0.071358 2.64309 -0.14187 -2.28229 0.0 0.0 0.0
0.750484 0.304405 0.0716293 2.65635 -0.142693 -2.28425 0.0 0.0 0.0
0.750181 0.305142 0.071901 2.6701 -0.143555 -2.28628 0.0 0.0 0.0
0.749856 0.305878 0.0721732 2.68435 -0.144474 -2.28837 0.0 0.0 0.0
0.749507 0.306612 0.0724457 2.69911 -0.145454 -2.29053 0.0 0.0 0.0
0.749135 0.307344 0.0727185 2.7144 -0.146489 -2.29276 0.0 0.0 0.0
0.748739 0.308073 0.0729917 2.73021 -0.147575 -2.29507 0.0 0.0 0.0
0.74832 0.308801 0.0732641 2.74654 -0.148689 -2.29746 0.0 0.0 0.0
0.747879 0.309527 0.0735331 2.76407 -0.150145 -2.30002 0.0 0.0 0.0
0.747432 0.310247 0.0737983 2.78194 -0.151701 -2.30266 0.0 0.0 0.0
0.746995 0.310955 0.0740616 2.79927 -0.153097 -2.30523 0.0 0.0 0.0
0.746567 0.311648 0.0743232 2.81603 -0.154328 -2.30774 0.0 0.0 0.0
0.746149 0.312329 0.0745831 2.8322 -0.155396 -2.31017 0.0 0.0 0.0
0.745739 0.312995 0.07484 2.848 -0.156397 -2.31255 0.0 0.0 0.0
0.745339 0.313649 0.0750935 2.86348 -0.157372 -2.31489 0.0 0.0 0.0
0.744949 0.314288 0.0753436 2.87864 -0.158307 -2.31719 0.0 0.0 0.0
0.744585 0.314918 0.075581 2.89326 -0.15917 -2.31944 0.0 0.0 0.0
0.744251 0.315539 0.0758039 2.90729 -0.159951 -2.32162 0.0 0.0 0.0
0.743947 0.316152 0.0760125 2.92071 -0.160648 -2.32372 0.0 0.0 0.0
0.743674 0.316756 0.0762068 2.93354 -0.161263 -2.32575 0.0 0.0 0.0
0.74343 0.317351 0.0763866 2.94576 -0.161801 -2.3277 0.0 0.0 0.0
0.743216 0.317938 0.0765521 2.95737 -0.162263 -2.32958 0.0 0.0 0.0
0.743033 0.318515 0.076704 2.96837 -0.162678 -2.33135 0.0 0.0 0.0
0.74288 0.319083 0.076843 2.97876 -0.163087 -2.33303 0.0 0.0 0.0
0.742758 0.319642 0.076969 2.98854 -0.163492 -2.33459 0.0 0.0 0.0
0.742667 0.320191 0.0770808 2.99769 -0.163945 -2.33604 0.0 0.0 0.0
0.742605 0.320731 0.0771772 3.00623 -0.164495 -2.33738 0.0 0.0 0.0
0.742574 0.321261 0.0772583 3.01415 -0.165146 -2.33861 0.0 0.0 0.0
0.742573 0.321781 0.0773244 3.0214 -0.165911 -2.33971 0.0 0.0 0.0
0.742603 0.322292 0.0773762 3.02789 -0.166818 -2.34067 0.0 0.0 0.0
0.742663 0.322792 0.0774142 3.03364 -0.167841 -2.34149 0.0 0.0 0.0
0.742754 0.323282 0.0774386 3.03866 -0.168975 -2.34217 0.0 0.0 0.0
0.742876 0.323762 0.0774494 3.04294 -0.170223 -2.34271 0.0 0.0 0.0
0.743028 0.324231 0.077446 3.04654 -0.171553 -2.34313 0.0 0.0 0.0
0.743211 0.32469 0.0774281 3.04957 -0.172892 -2.34345 0.0 0.0 0.0
0.743425 0.325138 0.0773961 3.05205 -0.174219 -2.34368 0.0 0.0 0.0
0.743669 0.325576 0.0773504 3.05398 -0.175503 -2.34383 0.0 0.0 0.0
0.743944 0.326003 0.0772914 3.05536 -0.176702 -2.34389 0.0 0.0 0.0
0.74425 0.326419 0.0772204 3.05624 -0.177812 -2.34387 0.0 0.0 0.0
0.744588 0.326823 0.0771381 3.05663 -0.178922 -2.34377 0.0 0.0 0.0
0.744957 0.327217 0.0770445 3.05653 -0.180055 -2.34357 0.0 0.0 0.0
0.745356 0.327599 0.0769389 3.05594 -0.181206 -2.34328 0.0 0.0 0.0
0.745787 0.32797 0.0768206 3.05486 -0.182367 -2.34289 0.0 0.0 0.0
0.746249 0.32833 0.0766894 3.05327 -0.183538 -2.3424 0.0 0.0 0.0
0.746741 0.328679 0.0765458 3.05115 -0.184744 -2.34181 0.0 0.0 0.0
0.747255 0.329012 0.076416 3.0489 -0.185802 -2.34122 0.0 0.0 0.0
0.74779 0.329328 0.0763013 3.046 -0.186897 -2.34051 0.0 0.0 0.0
0.748345 0.329628 0.0762016 3.04245 -0.188041 -2.33967 0.0 0.0 0.0
0.748921 0.329911 0.0761171 3.03824 -0.189236 -2.33871 0.0 0.0 0.0
0.749517 0.330178 0.0760486 3.03339 -0.19047 -2.33763 0.0 0.0 0.0
0.750134 0.330428 0.0759976 3.02804 -0.191674 -2.33646 0.0 0.0 0.0
0.750772 0.330661 0.0759648 3.02216 -0.192846 -2.33519 0.0 0.0 0.0
0.75143 0.330878 0.07595 3.01578 -0.193988 -2.33382 0.0 0.0 0.0
0.752109 0.331078 0.0759535 3.00885 -0.195086 -2.33236 0.0 0.0 0.0
0.752809 0.331262 0.0759752 3.00136 -0.196133 -2.33079 0.0 0.0 0.0
0.753529 0.331429 0.0760152 2.99332 -0.197128 -2.32911 0.0 0.0 0.0
0.75427 0.331579 0.0760734 2.98473 -0.19807 -2.32732 0.0 0.0 0.0
0.755032 0.331712 0.0761508 2.97557 -0.198957 -2.32543 0.0 0.0 0.0
0.755814 0.331829 0.0762496 2.96518 -0.199485 -2.32329 0.0 0.0 0.0
0.756598 0.331933 0.0763701 2.95441 -0.199863 -2.32107 0.0 0.0 0.0
0.757371 0.332031 0.0765102 2.94421 -0.200331 -2.31896 0.0 0.0 0.0
0.758131 0.332124 0.0766699 2.9346 -0.200902 -2.31696 0.0 0.0 0.0
0.758879 0.332212 0.0768492 2.92555 -0.201581 -2.31505 0.0 0.0 0.0
0.759616 0.332295 0.0770493 2.91688 -0.202279 -2.31321 0.0 0.0 0.0
0.760341 0.332373 0.0772707 2.90849 -0.20296 -2.31141 0.0 0.0 0.0
0.761054 0.332446 0.0775132 2.90039 -0.203626 -2.30966 0.0 0.0 0.0
0.761755 0.332513 0.077777 2.89257 -0.204279 -2.30796 0.0 0.0 0.0
0.762444 0.332576 0.078062 2.88505 -0.204928 -2.30631 0.0 0.0 0.0
0.763122 0.332633 0.078368 2.87784 -0.205581 -2.30471 0.0 0.0 0.0
0.763787 0.332685 0.0786951 2.87094 -0.20624 -2.30317 0.0 0.0 0.0
0.764441 0.332732 0.0790434 2.86435 -0.206906 -2.30168 0.0 0.0 0.0
0.765083 0.332774 0.0794127 2.85807 -0.207582 -2.30024 0.0 0.0 0.0
0.765714 0.332811 0.0798031 2.8521 -0.208269 -2.29885 0.0 0.0 0.0
0.766332 0.332842 0.0802145 2.84644 -0.20897 -2.29752 0.0 0.0 0.0
0.766939 0.332869 0.0806471 2.84109 -0.209686 -2.29624 0.0 0.0 0.0
0.767534 0.332891 0.0811022 2.83605 -0.210372 -2.29502 0.0 0.0 0.0
0.768118 0.332907 0.0815808 2.83136 -0.210963 -2.29388 0.0 0.0 0.0
0.768691 0.332919 0.082083 2.82701 -0.21146 -2.29282 0.0 0.0 0.0
0.769252 0.332925 0.0826088 2.823 -0.211864 -2.29185 0.0 0.0 0.0
0.769802 0.332926 0.0831582 2.81935 -0.212178 -2.29097 0.0 0.0 0.0
0.77034 0.332923 0.0837311 2.81604 -0.212404 -2.29018 0.0 0.0 0.0
0.770867 0.332914 0.0843277 2.81308 -0.212545 -2.28948 0.0 0.0 0.0
0.771383 0.3329 0.0849478 2.81047 -0.212602 -2.28887 0.0 0.0 0.0
0.771888 0.332882 0.0855924 2.80816 -0.212607 -2.28835 0.0 0.0 0.0
0.772382 0.332858 0.0862621 2.80609 -0.212595 -2.28788 0.0 0.0 0.0
0.772866 0.33283 0.0869571 2.80426 -0.212566 -2.28747 0.0 0.0 0.0
0.773338 0.332796 0.087677 2.80267 -0.212552 -2.2871 0.0 0.0 0.0
0.773799 0.332758 0.0884215 2.80131 -0.212595 -2.28678 0.0 0.0 0.0
0.77425 0.332714 0.0891905 2.8002 -0.212696 -2.2865 0.0 0.0 0.0
0.774689 0.332666 0.0899838 2.79933 -0.212769 -2.28628 0.0 0.0 0.0
0.775117 0.332612 0.0908015 2.7987 -0.212791 -2.28613 0.0 0.0 0.0
0.775534 0.332554 0.0916441 2.79831 -0.212768 -2.28604 0.0 0.0 0.0
0.775941 0.332491 0.0925125 2.79817 -0.212707 -2.28603 0.0 0.0 0.0
0.776337 0.332423 0.0934066 2.79828 -0.212611 -2.28608 0.0 0.0 0.0
0.776722 0.33235 0.0943265 2.79864 -0.212479 -2.28621 0.0 0.0 0.0
0.777106 0.332276 0.095247 2.79864 -0.212479 -2.28621 0.0 0.0 0.0
0.777489 0.332203 0.0961676 2.79864 -0.212479 -2.28621 0.0 0.0 0.0
0.777873 0.33213 0.0970881 2.79864 -0.212479 -2.28621 0.0 0.0 0.0
0.778257 0.332056 0.0980087 2.79864 -0.212479 -2.28621 0.0 0.0 0.0
0.77864 0.331983 0.0989292 2.79864 -0.212479 -2.28621 0.0 0.0 0.0
0.779024 0.33191 0.0998498 2.79864 -0.212479 -2.28621 0.0 0.0 0.0
0.779408 0.331836 0.10077 2.79864 -0.212479 -2.28621 0.0 0.0 0.0
0.779791 0.331763 0.101691 2.79864 -0.212479 -2.28621 0.0 0.0 0.0
0.780175 0.331689 0.102611 2.79864 -0.212479 -2.28621 0.0 0.0 0.0
0.780559 0.331616 0.103532 2.79864 -0.212479 -2.28621 0.0 0.0 0.0
0.780942 0.331543 0.104453 2.79864 -0.212479 -2.28621 0.0 0.0 0.0
0.781326 0.331469 0.105373 2.79864 -0.212479 -2.28621 0.0 0.0 0.0
0.78171 0.331396 0.106294 2.79864 -0.212479 -2.28621 0.0 0.0 0.0
0.782093 0.331323 0.107214 2.79864 -0.212479 -2.28621 0.0 0.0 0.0
0.782477 0.331249 0.108135 2.79864 -0.212479 -2.28621 0.0 0.0 0.0
0.782861 0.331176 0.109055 2.79864 -0.212479 -2.28621 0.0 0.0 0.0
0.783245 0.331103 0.109976 2.79864 -0.212479 -2.28621 0.0 0.0 0.0
0.783628 0.331029 0.110896 2.79864 -0.212479 -2.28621 0.0 0.0 0.0
0.784012 0.330956 0.111817 2.79864 -0.212479 -2.28621 0.0 0.0 0.0
0.784396 0.330883 0.112737 2.79864 -0.212479 -2.28621 0.0 0.0 0.0
0.784779 0.330809 0.113658 2.79864 -0.212479 -2.28621 0.0 0.0 0.0
0.785163 0.330736 0.114579 2.79864 -0.212479 -2.28621 0.0 0.0 0.0
0.785547 0.330663 0.115499 2.79864 -0.212479 -2.28621 0.0 0.0 0.0
0.78593 0.330589 0.11642 2.79864 -0.212479 -2.28621 0.0 0.0 0.0
0.786314 0.330516 0.11734 2.79864 -0.212479 -2.28621 0.0 0.0 0.0
0.786698 0.330443 0.118261 2.79864 -0.212479 -2.28621 0.0 0.0 0.0
0.787081 0.330369 0.119181 2.79864 -0.212479 -2.28621 0.0 0.0 0.0
0.787465 0.330296 0.120102 2.79864 -0.212479 -2.28621 0.0 0.0 0.0
0.787849 0.330222 0.121022 2.79864 -0.212479 -2.28621 0.0 0.0 0.0
0.788232 0.330149 0.121943 2.79864 -0.212479 -2.28621 0.0 0.0 0.0
0.788616 0.330076 0.122863 2.79864 -0.212479 -2.28621 0.0 0.0 0.0
0.789 0.330002 0.123784 2.79864 -0.212479 -2.28621 0.0 0.0 0.0
0.789383 0.329929 0.124705 2.79864 -0.212479 -2.28621 0.0 0.0 0.0
0.789767 0.329856 0.125625 2.79864 -0.212479 -2.28621 0.0 0.0 0.0
0.790151 0.329782 0.126546 2.79864 -0.212479 -2.28621 0.0 0.0 0.0
0.790534 0.329709 0.127466 2.79864 -0.212479 -2.28621 0.0 0.0 0.0
0.790918 0.329636 0.128387 2.79864 -0.212479 -2.28621 0.0 0.0 0.0
0.791302 0.329562 0.129307 2.79864 -0.212479 -2.28621 0.0 0.0 0.0
0.791686 0.329489 0.130228 2.79864 -0.212479 -2.28621 0.0 0.0 0.0
0.792069 0.329416 0.131148 2.79864 -0.212479 -2.28621 0.0 0.0 0.0
0.792453 0.329342 0.132069 2.79864 -0.212479 -2.28621 0.0 0.0 0.0
0.792837 0.329269 0.132989 2.79864 -0.212479 -2.28621 0.0 0.0 0.0
0.79322 0.329196 0.13391 2.79864 -0.212479 -2.28621 0.0 0.0 0.0
0.793604 0.329122 0.134831 2.79864 -0.212479 -2.28621 0.0 0.0 0.0
0.793988 0.329049 0.135751 2.79864 -0.212479 -2.28621 0.0 0.0 0.0
0.794371 0.328976 0.136672 2.79864 -0.212479 -2.28621 0.0 0.0 0.0
0.794755 0.328902 0.137592 2.79864 -0.212479 -2.28621 0.0 0.0 0.0
0.795139 0.328829 0.138513 2.79864 -0.212479 -2.28621 0.0 0.0 0.0
0.795522 0.328756 0.139433 2.79864 -0.212479 -2.28621 0.0 0.0 0.0
0.795898 0.328684 0.140335 2.79864 -0.212479 -2.28621 0.0 0.0 0.0
0.796267 0.328613 0.141219 2.79864 -0.212479 -2.28621 0.0 0.0 0.0
0.796627 0.328544 0.142084 2.79864 -0.212479 -2.28621 0.0 0.0 0.0
0.79698 0.328477 0.142931 2.79864 -0.212479 -2.28621 0.0 0.0 0.0
0.797326 0.328411 0.14376 2.79864 -0.212479 -2.28621 0.0 0.0 0.0
0.797663 0.328346 0.14457 2.79864 -0.212479 -2.28621 0.0 0.0 0.0
0.797993 0.328283 0.145362 2.79864 -0.212479 -2.28621 0.0 0.0 0.0
0.798316 0.328222 0.146135 2.79864 -0.212479 -2.28621 0.0 0.0 0.0
0.79863 0.328161 0.14689 2.79864 -0.212479 -2.28621 0.0 0.0 0.0
0.798937 0.328103 0.147626 2.79864 -0.212479 -2.28621 0.0 0.0 0.0
0.799236 0.328045 0.148344 2.79864 -0.212479 -2.28621 0.0 0.0 0.0
0.799528 0.32799 0.149044 2.79864 -0.212479 -2.28621 0.0 0.0 0.0
0.799812 0.327935 0.149725 2.79864 -0.212479 -2.28621 0.0 0.0 0.0
0.800088 0.327883 0.150388 2.79864 -0.212479 -2.28621 0.0 0.0 0.0
0.800357 0.327831 0.151032 2.79864 -0.212479 -2.28621 0.0 0.0 0.0
0.800618 0.327781 0.151658 2.79864 -0.212479 -2.28621 0.0 0.0 0.0
0.800871 0.327733 0.152266 2.79864 -0.212479 -2.28621 0.0 0.0 0.0
0.801116 0.327686 0.152855 2.79864 -0.212479 -2.28621 0.0 0.0 0.0
0.801354 0.327641 0.153426 2.79864 -0.212479 -2.28621 0.0 0.0 0.0
0.801585 0.327597 0.153978 2.79864 -0.212479 -2.28621 0.0 0.0 0.0
0.801807 0.327554 0.154512 2.79864 -0.212479 -2.28621 0.0 0.0 0.0
0.802022 0.327513 0.155027 2.79864 -0.212479 -2.28621 0.0 0.0 0.0
0.802229 0.327473 0.155524 2.79864 -0.212479 -2.28621 0.0 0.0 0.0
0.802429 0.327435 0.156003 2.79864 -0.212479 -2.28621 0.0 0.0 0.0
0.80262 0.327399 0.156463 2.79864 -0.212479 -2.28621 0.0 0.0 0.0
0.802805 0.327363 0.156905 2.79864 -0.212479 -2.28621 0.0 0.0 0.0
0.802981 0.32733 0.157329 2.79864 -0.212479 -2.28621 0.0 0.0 0.0
0.80315 0.327297 0.157734 2.79864 -0.212479 -2.28621 0.0 0.0 0.0
0.803311 0.327267 0.15812 2.79864 -0.212479 -2.28621 0.0 0.0 0.0
0.803465 0.327237 0.158489 2.79864 -0.212479 -2.28621 0.0 0.0 0.0
0.80361 0.327209 0.158838 2.79864 -0.212479 -2.28621 0.0 0.0 0.0
0.803748 0.327183 0.15917 2.79864 -0.212479 -2.28621 0.0 0.0 0.0
0.803879 0.327158 0.159483 2.79864 -0.212479 -2.28621 0.0 0.0 0.0
0.804002 0.327134 0.159777 2.79864 -0.212479 -2.28621 0.0 0.0 0.0
0.804117 0.327112 0.160054 2.79864 -0.212479 -2.28621 0.0 0.0 0.0
0.804224 0.327092 0.160311 2.79864 -0.212479 -2.28621 0.0 0.0 0.0
0.804324 0.327073 0.160551 2.79864 -0.212479 -2.28621 0.0 0.0 0.0
0.804416 0.327055 0.160772 2.79864 -0.212479 -2.28621 0.0 0.0 0.0
0.804501 0.327039 0.160974 2.79864 -0.212479 -2.28621 0.0 0.0 0.0
0.804577 0.327024 0.161158 2.79864 -0.212479 -2.28621 0.0 0.0 0.0
0.804646 0.327011 0.161324 2.79864 -0.212479 -2.28621 0.0 0.0 0.0
0.804708 0.327 0.161471 2.79864 -0.212479 -2.28621 0.0 0.0 0.0
0.804761 0.326989 0.1616 2.79864 -0.212479 -2.28621 0.0 0.0 0.0
0.804807 0.32698 0.161711 2.79864 -0.212479 -2.28621 0.0 0.0 0.0
0.804846 0.326973 0.161803 2.79864 -0.212479 -2.28621 0.0 0.0 0.0
0.804877 0.326967 0.161876 2.79864 -0.212479 -2.28621 0.0 0.0 0.0
0.8049 0.326963 0.161931 2.79864 -0.212479 -2.28621 0.0 0.0 0.0
0.804915 0.32696 0.161968 2.79864 -0.212479 -2.28621 0.0 0.0 0.0
0.804923 0.326958 0.161987 2.79864 -0.212479 -2.28621 0.0 0.0 0.0
0.804923 0.326958 0.161987 2.79864 -0.212479 -2.28621 0.0 0.0 0.0
0.804923 0.326958 0.161987 2.79864 -0.212479 -2.28621 0.0 0.0 0.0
0.804923 0.326958 0.161987 2.79864 -0.212479 -2.28621 0.0 0.0 0.0
0.804923 0.326958 0.161987 2.79864 -0.212479 -2.28621 0.0 0.0 0.0
0.804923 0.326958 0.161987 2.79864 -0.212479 -2.28621 0.0 0.0 0.0
0.804923 0.326958 0.161987 2.79864 -0.212479 -2.28621 0.0 0.0 0.0
0.804923 0.326958 0.161987 2.79864 -0.212479 -2.28621 0.0 0.0 0.0
0.804923 0.326958 0.161987 2.79864 -0.212479 -2.28621 0.0 0.0 0.0
0.804923 0.326958 0.161987 2.79864 -0.212479 -2.28621 0.0 0.0 0.0
0.804923 0.326958 0.161987 2.79864 -0.212479 -2.28621 0.0 0.0 0.0
0.804923 0.326958 0.161987 2.79864 -0.212479 -2.28621 0.0 0.0 0.0
0.804923 0.326958 0.161987 2.79864 -0.212479 -2.28621 0.0 0.0 0.0
0.804923 0.326958 0.161987 2.79864 -0.212479 -2.28621 0.0 0.0 0.0
0.804923 0.326958 0.161987 2.79864 -0.212479 -2.28621 0.0 0.0 0.0
0.804923 0.326958 0.161987 2.79864 -0.212479 -2.28621 0.0 0.0 0.0
0.804923 0.326958 0.161987 2.79864 -0.212479 -2.28621 0.0 0.0 0.0
0.804923 0.326958 0.161987 2.79864 -0.212479 -2.28621 0.0 0.0 0.0
0.804923 0.326958 0.161987 2.79864 -0.212479 -2.28621 0.0 0.0 0.0
0.804923 0.326958 0.161987 2.79864 -0.212479 -2.28621 0.0 0.0 0.0
0.804923 0.326958 0.161987 2.79864 -0.212479 -2.28621 0.0 0.0 0.0
0.804923 0.326958 0.161987 2.79864 -0.212479 -2.28621 0.0 0.0 0.0
0.804923 0.326958 0.161987 2.79864 -0.212479 -2.28621 0.0 0.0 0.0
0.804923 0.326958 0.161987 2.79864 -0.212479 -2.28621 0.0 0.0 0.0
0.804923 0.326958 0.161987 2.79864 -0.212479 -2.28621 0.0 0.0 0.0
0.804923 0.326958 0.161987 2.79864 -0.212479 -2.28621 0.0 0.0 0.0
0.804923 0.326958 0.161987 2.79864 -0.212479 -2.28621 0.0 0.0 0.0
0.804923 0.326958 0.161987 2.79864 -0.212479 -2.28621 0.0 0.0 0.0
0.804923 0.326958 0.161987 2.79864 -0.212479 -2.28621 0.0 0.0 0.0
0.804923 0.326958 0.161987 2.79864 -0.212479 -2.28621 0.0 0.0 0.0
0.804923 0.326958 0.161987 2.79864 -0.212479 -2.28621 0.0 0.0 0.0
0.804923 0.326958 0.161987 2.79864 -0.212479 -2.28621 0.0 0.0 0.0
0.804923 0.326958 0.161987 2.79864 -0.212479 -2.28621 0.0 0.0 0.0
0.804923 0.326958 0.161987 2.79864 -0.212479 -2.28621 0.0 0.0 0.0
0.804923 0.326958 0.161987 2.79864 -0.212479 -2.28621 0.0 0.0 0.0
0.804923 0.326958 0.161987 2.79864 -0.212479 -2.28621 0.0 0.0 0.0
0.804923 0.326958 0.161987 2.79864 -0.212479 -2.28621 0.0 0.0 0.0
0.804923 0.326958 0.161987 2.79864 -0.212479 -2.28621 0.0 0.0 0.0
0.804923 0.326958 0.161987 2.79864 -0.212479 -2.28621 0.0 0.0 0.0
0.804923 0.326958 0.161987 2.79864 -0.212479 -2.28621 0.0 0.0 0.0
0.804923 0.326958 0.161987 2.79864 -0.212479 -2.28621 0.0 0.0 0.0
0.804923 0.326958 0.161987 2.79864 -0.212479 -2.28621 0.0 0.0 0.0
0.804923 0.326958 0.161987 2.79864 -0.212479 -2.28621 0.0 0.0 0.0
0.804923 0.326958 0.161987 2.79864 -0.212479 -2.28621 0.0 0.0 0.0
0.804923 0.326958 0.161987 2.79864 -0.212479 -2.28621 0.0 0.0 0.0
0.804923 0.326958 0.161987 2.79864 -0.212479 -2.28621 0.0 0.0 0.0
0.804923 0.326958 0.161987 2.79864 -0.212479 -2.28621 0.0 0.0 0.0
0.804923 0.326958 0.161987 2.79864 -0.212479 -2.28621 0.0 0.0 0.0
0.804923 0.326958 0.161987 2.79864 -0.212479 -2.28621 0.0 0.0 0.0
0.804923 0.326958 0.161987 2.79864 -0.212479 -2.28621 0.0 0.0 0.0
0.804923 0.326958 0.161987 2.79864 -0.212479 -2.28621 0.0 0.0 0.0
0.804923 0.326958 0.161987 2.79864 -0.212479 -2.28621 0.0 0.0 0.0
0.804923 0.326958 0.161987 2.79864 -0.212479 -2.28621 0.0 0.0 0.0
0.804923 0.326958 0.161987 2.79864 -0.212479 -2.28621 0.0 0.0 0.0
0.804923 0.326958 0.161987 2.79864 -0.212479 -2.28621 0.0 0.0 0.0
0.804923 0.326958 0.161987 2.79864 -0.212479 -2.28621 0.0 0.0 0.0
0.804923 0.326958 0.161987 2.79864 -0.212479 -2.28621 0.0 0.0 0.0
0.804923 0.326958 0.161987 2.79864 -0.212479 -2.28621 0.0 0.0 0.0
0.804923 0.326958 0.161987 2.79864 -0.212479 -2.28621 0.0 0.0 0.0
0.804923 0.326958 0.161987 2.79864 -0.212479 -2.28621 0.0 0.0 0.0
0.804923 0.326958 0.161987 2.79864 -0.212479 -2.28621 0.0 0.0 0.0
0.804923 0.326958 0.161987 2.79864 -0.212479 -2.28621 0.0 0.0 0.0
0.804923 0.326958 0.161987 2.79864 -0.212479 -2.28621 0.0 0.0 0.0
0.804923 0.326958 0.161987 2.79864 -0.212479 -2.28621 0.0 0.0 0.0
0.804923 0.326958 0.161987 2.79864 -0.212479 -2.28621 0.0 0.0 0.0
0.804923 0.326958 0.161987 2.79864 -0.212479 -2.28621 0.0 0.0 0.0
0.804923 0.326958 0.161987 2.79864 -0.212479 -2.28621 0.0 0.0 0.0
0.804923 0.326958 0.161987 2.79864 -0.212479 -2.28621 0.0 0.0 0.0
0.804923 0.326958 0.161987 2.79864 -0.212479 -2.28621 0.0 0.0 0.0
0.804923 0.326958 0.161987 2.79864 -0.212479 -2.28621 0.0 0.0 0.0
0.804923 0.326958 0.161987 2.79864 -0.212479 -2.28621 0.0 0.0 0.0
0.804923 0.326958 0.161987 2.79864 -0.212479 -2.28621 0.0 0.0 0.0
0.804923 0.326958 0.161987 2.79864 -0.212479 -2.28621 0.0 0.0 0.0
0.804923 0.326958 0.161987 2.79864 -0.212479 -2.28621 0.0 0.0 0.0
0.804923 0.326958 0.161987 2.79864 -0.212479 -2.28621 0.0 0.0 0.0
0.804923 0.326958 0.161987 2.79864 -0.212479 -2.28621 0.0 0.0 0.0
0.804923 0.326958 0.161987 2.79864 -0.212479 -2.28621 0.0 0.0 0.0
0.804923 0.326958 0.161987 2.79864 -0.212479 -2.28621 0.0 0.0 0.0
0.804923 0.326958 0.161987 2.79864 -0.212479 -2.28621 0.0 0.0 0.0
0.804923 0.326958 0.161987 2.79864 -0.212479 -2.28621 0.0 0.0 0.0
0.804923 0.326958 0.161987 2.79864 -0.212479 -2.28621 0.0 0.0 0.0
0.804923 0.326958 0.161987 2.79864 -0.212479 -2.28621 0.0 0.0 0.0
0.804923 0.326958 0.161987 2.79864 -0.212479 -2.28621 0.0 0.0 0.0
0.804923 0.326958 0.161987 2.79864 -0.212479 -2.28621 0.0 0.0 0.0
0.804923 0.326958 0.161987 2.79864 -0.212479 -2.28621 0.0 0.0 0.0
0.804923 0.326958 0.161987 2.79864 -0.212479 -2.28621 0.0 0.0 0.0
0.804923 0.326958 0.161987 2.79864 -0.212479 -2.28621 0.0 0.0 0.0
0.804923 0.326958 0.161987 2.79864 -0.212479 -2.28621 0.0 0.0 0.0
0.804923 0.326958 0.161987 2.79864 -0.212479 -2.28621 0.0 0.0 0.0
0.804923 0.326958 0.161987 2.79864 -0.212479 -2.28621 0.0 0.0 0.0
0.804923 0.326958 0.161987 2.79864 -0.212479 -2.28621 0.0 0.0 0.0
0.804923 0.326958 0.161987 2.79864 -0.212479 -2.28621 0.0 0.0 0.0
0.804923 0.326958 0.161987 2.79864 -0.212479 -2.28621 0.0 0.0 0.0
0.804923 0.326958 0.161987 2.79864 -0.212479 -2.28621 0.0 0.0 0.0
0.804923 0.326958 0.161987 2.79864 -0.212479 -2.28621 0.0 0.0 0.0
0.804923 0.326958 0.161987 2.79864 -0.212479 -2.28621 0.0 0.0 0.0
0.804923 0.326958 0.161987 2.79864 -0.212479 -2.28621 0.0 0.0 0.0
0.804923 0.326958 0.161987 2.79864 -0.212479 -2.28621 0.0 0.0 0.0
0.804923 0.326958 0.161987 2.79864 -0.212479 -2.28621 0.0 0.0 0.0
0.804923 0.326958 0.161987 2.79864 -0.212479 -2.28621 0.0 0.0 0.0
0.804923 0.326958 0.161987 2.79864 -0.212479 -2.28621 0.0 0.0 0.0
0.804923 0.326958 0.161987 2.79864 -0.212479 -2.28621 0.0 0.0 0.0
0.804923 0.326958 0.161987 2.79864 -0.212479 -2.28621 0.0 0.0 0.0
0.804923 0.326958 0.161987 2.79864 -0.212479 -2.28621 0.0 0.0 0.0
0.804923 0.326958 0.161987 2.79864 -0.212479 -2.28621 0.0 0.0 0.0
0.804923 0.326958 0.161987 2.79864 -0.212479 -2.28621 0.0 0.0 0.0
0.804923 0.326958 0.161987 2.79864 -0.212479 -2.28621 0.0 0.0 0.0
0.804923 0.326958 0.161987 2.79864 -0.212479 -2.28621 0.0 0.0 0.0
0.804923 0.326958 0.161987 2.79864 -0.212479 -2.28621 0.0 0.0 0.0
0.804923 0.326958 0.161987 2.79864 -0.212479 -2.28621 0.0 0.0 0.0
0.804923 0.326958 0.161987 2.79864 -0.212479 -2.28621 0.0 0.0 0.0
0.804923 0.326958 0.161987 2.79864 -0.212479 -2.28621 0.0 0.0 0.0
0.804923 0.326958 0.161987 2.79864 -0.212479 -2.28621 0.0 0.0 0.0
0.804923 0.326958 0.161987 2.79864 -0.212479 -2.28621 0.0 0.0 0.0
0.804923 0.326958 0.161987 2.79864 -0.212479 -2.28621 0.0 0.0 0.0
0.804923 0.326958 0.161987 2.79864 -0.212479 -2.28621 0.0 0.0 0.0
0.804923 0.326958 0.161987 2.79864 -0.212479 -2.28621 0.0 0.0 0.0
0.804923 0.326958 0.161987 2.79864 -0.212479 -2.28621 0.0 0.0 0.0
0.804923 0.326958 0.161987 2.79864 -0.212479 -2.28621 0.0 0.0 0.0
0.804923 0.326958 0.161987 2.79864 -0.212479 -2.28621 0.0 0.0 0.0
0.804923 0.326958 0.161987 2.79864 -0.212479 -2.28621 0.0 0.0 0.0
0.804923 0.326958 0.161987 2.79864 -0.212479 -2.28621 0.0 0.0 0.0
0.804923 0.326958 0.161987 2.79864 -0.212479 -2.28621 0.0 0.0 0.0
0.804923 0.326958 0.161987 2.79864 -0.212479 -2.28621 0.0 0.0 0.0
0.804923 0.326958 0.161987 2.79864 -0.212479 -2.28621 0.0 0.0 0.0
0.804923 0.326958 0.161987 2.79864 -0.212479 -2.28621 0.0 0.0 0.0
0.804923 0.326958 0.161987 2.79864 -0.212479 -2.28621 0.0 0.0 0.0
0.804923 0.326958 0.161987 2.79864 -0.212479 -2.28621 0.0 0.0 0.0
0.804923 0.326958 0.161987 2.79864 -0.212479 -2.28621 0.0 0.0 0.0
0.804923 0.326958 0.161987 2.79864 -0.212479 -2.28621 0.0 0.0 0.0
0.804923 0.326958 0.161987 2.79864 -0.212479 -2.28621 0.0 0.0 0.0
0.804923 0.326958 0.161987 2.79864 -0.212479 -2.28621 0.0 0.0 0.0
0.804923 0.326958 0.161987 2.79864 -0.212479 -2.28621 0.0 0.0 0.0
0.804923 0.326958 0.161987 2.79864 -0.212479 -2.28621 0.0 0.0 0.0
0.804923 0.326958 0.161987 2.79864 -0.212479 -2.28621 0.0 0.0 0.0
0.804923 0.326958 0.161987 2.79864 -0.212479 -2.28621 0.0 0.0 0.0
0.804923 0.326958 0.161987 2.79864 -0.212479 -2.28621 0.0 0.0 0.0
0.804923 0.326958 0.161987 2.79864 -0.212479 -2.28621 0.0 0.0 0.0
0.804923 0.326958 0.161987 2.79864 -0.212479 -2.28621 0.0 0.0 0.0
0.804923 0.326958 0.161987 2.79864 -0.212479 -2.28621 0.0 0.0 0.0
0.804923 0.326958 0.161987 2.79864 -0.212479 -2.28621 0.0 0.0 0.0
0.804923 0.326958 0.161987 2.79864 -0.212479 -2.28621 0.0 0.0 0.0
0.804923 0.326958 0.161987 2.79864 -0.212479 -2.28621 0.0 0.0 0.0
0.804923 0.326958 0.161987 2.79864 -0.212479 -2.28621 0.0 0.0 0.0
0.804923 0.326958 0.161987 2.79864 -0.212479 -2.28621 0.0 0.0 0.0
0.804923 0.326958 0.161987 2.79864 -0.212479 -2.28621 0.0 0.0 0.0
0.804923 0.326958 0.161987 2.79864 -0.212479 -2.28621 0.0 0.0 0.0
0.804923 0.326958 0.161987 2.79864 -0.212479 -2.28621 0.0 0.0 0.0
0.804923 0.326958 0.161987 2.79864 -0.212479 -2.28621 0.0 0.0 0.0
0.804923 0.326958 0.161987 2.79864 -0.212479 -2.28621 0.0 0.0 0.0
0.804923 0.326958 0.161987 2.79864 -0.212479 -2.28621 0.0 0.0 0.0
0.804923 0.326958 0.161987 2.79864 -0.212479 -2.28621 0.0 0.0 0.0
0.804923 0.326958 0.161987 2.79864 -0.212479 -2.28621 0.0 0.0 0.0
0.804923 0.326958 0.161987 2.79864 -0.212479 -2.28621 0.0 0.0 0.0
0.804923 0.326958 0.161987 2.79864 -0.212479 -2.28621 0.0 0.0 0.0
0.804923 0.326958 0.161987 2.79864 -0.212479 -2.28621 0.0 0.0 0.0
0.804923 0.326958 0.161987 2.79864 -0.212479 -2.28621 0.0 0.0 0.0
0.804923 0.326958 0.161987 2.79864 -0.212479 -2.28621 0.0 0.0 0.0
0.804923 0.326958 0.161987 2.79864 -0.212479 -2.28621 0.0 0.0 0.0
0.804923 0.326958 0.161987 2.79864 -0.212479 -2.28621 0.0 0.0 0.0
0.804923 0.326958 0.161987 2.79864 -0.212479 -2.28621 0.0 0.0 0.0
0.804923 0.326958 0.161987 2.79864 -0.212479 -2.28621 0.0 0.0 0.0
0.804923 0.326958 0.161987 2.79864 -0.212479 -2.28621 0.0 0.0 0.0
0.804923 0.326958 0.161987 2.79864 -0.212479 -2.28621 0.0 0.0 0.0
0.804923 0.326958 0.161987 2.79864 -0.212479 -2.28621 0.0 0.0 0.0
0.804923 0.326958 0.161987 2.79864 -0.212479 -2.28621 0.0 0.0 0.0
0.804923 0.326958 0.161987 2.79864 -0.212479 -2.28621 0.0 0.0 0.0
0.804923 0.326958 0.161987 2.79864 -0.212479 -2.28621 0.0 0.0 0.0
0.804923 0.326958 0.161987 2.79864 -0.212479 -2.28621 0.0 0.0 0.0
0.804923 0.326958 0.161987 2.79864 -0.212479 -2.28621 0.0 0.0 0.0
0.804923 0.326958 0.161987 2.79864 -0.212479 -2.28621 0.0 0.0 0.0
0.804923 0.326958 0.161987 2.79864 -0.212479 -2.28621 0.0 0.0 0.0
0.804923 0.326958 0.161987 2.79864 -0.212479 -2.28621 0.0 0.0 0.0
0.804923 0.326958 0.161987 2.79864 -0.212479 -2.28621 0.0 0.0 0.0
0.804923 0.326958 0.161987 2.79864 -0.212479 -2.28621 0.0 0.0 0.0
0.804923 0.326958 0.161987 2.79864 -0.212479 -2.28621 0.0 0.0 0.0
0.804923 0.326958 0.161987 2.79864 -0.212479 -2.28621 0.0 0.0 0.0
0.804923 0.326958 0.161987 2.79864 -0.212479 -2.28621 0.0 0.0 0.0
0.804923 0.326958 0.161987 2.79864 -0.212479 -2.28621 0.0 0.0 0.0
0.804923 0.326958 0.161987 2.79864 -0.212479 -2.28621 0.0 0.0 0.0
0.804923 0.326958 0.161987 2.79864 -0.212479 -2.28621 0.0 0.0 0.0
0.804923 0.326958 0.161987 2.79864 -0.212479 -2.28621 0.0 0.0 0.0
0.804923 0.326958 0.161987 2.79864 -0.212479 -2.28621 0.0 0.0 0.0
0.804923 0.326958 0.161987 2.79864 -0.212479 -2.28621 0.0 0.0 0.0
0.804923 0.326958 0.161987 2.79864 -0.212479 -2.28621 0.0 0.0 0.0
0.804923 0.326958 0.161987 2.79864 -0.212479 -2.28621 0.0 0.0 0.0
0.804923 0.326958 0.161987 2.79864 -0.212479 -2.28621 0.0 0.0 0.0
0.804923 0.326958 0.161987 2.79864 -0.212479 -2.28621 0.0 0.0 0.0
0.804923 0.326958 0.161987 2.79864 -0.212479 -2.28621 0.0 0.0 0.0
0.804923 0.326958 0.161987 2.79864 -0.212479 -2.28621 0.0 0.0 0.0
0.804923 0.326958 0.161987 2.79864 -0.212479 -2.28621 0.0 0.0 0.0
0.804923 0.326958 0.161987 2.79864 -0.212479 -2.28621 0.0 0.0 0.0
0.804923 0.326958 0.161987 2.79864 -0.212479 -2.28621 0.0 0.0 0.0
0.804923 0.326958 0.161987 2.79864 -0.212479 -2.28621 0.0 0.0 0.0
0.804923 0.326958 0.161987 2.79864 -0.212479 -2.28621 0.0 0.0 0.0
0.804923 0.326958 0.161987 2.79864 -0.212479 -2.28621 0.0 0.0 0.0
0.804923 0.326958 0.161987 2.79864 -0.212479 -2.28621 0.0 0.0 0.0
0.804923 0.326958 0.161987 2.79864 -0.212479 -2.28621 0.0 0.0 0.0
0.804923 0.326958 0.161987 2.79864 -0.212479 -2.28621 0.0 0.0 0.0
0.804923 0.326958 0.161987 2.79864 -0.212479 -2.28621 0.0 0.0 0.0
0.804923 0.326958 0.161987 2.79864 -0.212479 -2.28621 0.0 0.0 0.0
0.804923 0.326958 0.161987 2.79864 -0.212479 -2.28621 0.0 0.0 0.0
0.804923 0.326958 0.161987 2.79864 -0.212479 -2.28621 0.0 0.0 0.0
0.804923 0.326958 0.161987 2.79864 -0.212479 -2.28621 0.0 0.0 0.0
0.804923 0.326958 0.161987 2.79864 -0.212479 -2.28621 0.0 0.0 0.0
0.804923 0.326958 0.161987 2.79864 -0.212479 -2.28621 0.0 0.0 0.0
0.804923 0.326958 0.161987 2.79864 -0.212479 -2.28621 0.0 0.0 0.0
0.804923 0.326958 0.161987 2.79864 -0.212479 -2.28621 0.0 0.0 0.0
0.804923 0.326958 0.161987 2.79864 -0.212479 -2.28621 0.0 0.0 0.0
0.804923 0.326958 0.161987 2.79864 -0.212479 -2.28621 0.0 0.0 0.0
0.804923 0.326958 0.161987 2.79864 -0.212479 -2.28621 0.0 0.0 0.0
0.804923 0.326958 0.161987 2.79864 -0.212479 -2.28621 0.0 0.0 0.0
0.804923 0.326958 0.161987 2.79864 -0.212479 -2.28621 0.0 0.0 0.0
0.804923 0.326958 0.161987 2.79864 -0.212479 -2.28621 0.0 0.0 0.0
0.804923 0.326958 0.161987 2.79864 -0.212479 -2.28621 0.0 0.0 0.0
0.804923 0.326958 0.161987 2.79864 -0.212479 -2.28621 0.0 0.0 0.0
0.804923 0.326958 0.161987 2.79864 -0.212479 -2.28621 0.0 0.0 0.0
0.804923 0.326958 0.161987 2.79864 -0.212479 -2.28621 0.0 0.0 0.0
0.804923 0.326958 0.161987 2.79864 -0.212479 -2.28621 0.0 0.0 0.0
0.804923 0.326958 0.161987 2.79864 -0.212479 -2.28621 0.0 0.0 0.0
0.804923 0.326958 0.161987 2.79864 -0.212479 -2.28621 0.0 0.0 0.0
0.804923 0.326958 0.161987 2.79864 -0.212479 -2.28621 0.0 0.0 0.0
0.804923 0.326958 0.161987 2.79864 -0.212479 -2.28621 0.0 0.0 0.0
0.804923 0.326958 0.161987 2.79864 -0.212479 -2.28621 0.0 0.0 0.0
0.804923 0.326958 0.161987 2.79864 -0.212479 -2.28621 0.0 0.0 0.0
0.804923 0.326958 0.161987 2.79864 -0.212479 -2.28621 0.0 0.0 0.0
0.804923 0.326958 0.161987 2.79864 -0.212479 -2.28621 0.0 0.0 0.0
0.804923 0.326958 0.161987 2.79864 -0.212479 -2.28621 0.0 0.0 0.0
0.804923 0.326958 0.161987 2.79864 -0.212479 -2.28621 0.0 0.0 0.0
0.804923 0.326958 0.161987 2.79864 -0.212479 -2.28621 0.0 0.0 0.0
0.804923 0.326958 0.161987 2.79864 -0.212479 -2.28621 0.0 0.0 0.0
0.804923 0.326958 0.161987 2.79864 -0.212479 -2.28621 0.0 0.0 0.0
0.804923 0.326958 0.161987 2.79864 -0.212479 -2.28621 0.0 0.0 0.0
0.804923 0.326958 0.161987 2.79864 -0.212479 -2.28621 0.0 0.0 0.0
0.804923 0.326958 0.161987 2.79864 -0.212479 -2.28621 0.0 0.0 0.0
0.804923 0.326958 0.161987 2.79864 -0.212479 -2.28621 0.0 0.0 0.0
0.804923 0.326958 0.161987 2.79864 -0.212479 -2.28621 0.0 0.0 0.0
0.804923 0.326958 0.161987 2.79864 -0.212479 -2.28621 0.0 0.0 0.0
0.804923 0.326958 0.161987 2.79864 -0.212479 -2.28621 0.0 0.0 0.0
0.804923 0.326958 0.161987 2.79864 -0.212479 -2.28621 0.0 0.0 0.0
0.804923 0.326958 0.161987 2.79864 -0.212479 -2.28621 0.0 0.0 0.0
0.804923 0.326958 0.161987 2.79864 -0.212479 -2.28621 0.0 0.0 0.0
0.804923 0.326958 0.161987 2.79864 -0.212479 -2.28621 0.0 0.0 0.0
0.804923 0.326958 0.161987 2.79864 -0.212479 -2.28621 0.0 0.0 0.0
0.804923 0.326958 0.161987 2.79864 -0.212479 -2.28621 0.0 0.0 0.0
0.804923 0.326958 0.161987 2.79864 -0.212479 -2.28621 0.0 0.0 0.0
0.804923 0.326958 0.161987 2.79864 -0.212479 -2.28621 0.0 0.0 0.0
0.804923 0.326958 0.161987 2.79864 -0.212479 -2.28621 0.0 0.0 0.0
0.804923 0.326958 0.161987 2.79864 -0.212479 -2.28621 0.0 0.0 0.0
0.804923 0.326958 0.161987 2.79864 -0.212479 -2.28621 0.0 0.0 0.0
0.804923 0.326958 0.161987 2.79864 -0.212479 -2.28621 0.0 0.0 0.0
0.804923 0.326958 0.161987 2.79864 -0.212479 -2.28621 0.0 0.0 0.0
0.804923 0.326958 0.161987 2.79864 -0.212479 -2.28621 0.0 0.0 0.0
0.804923 0.326958 0.161987 2.79864 -0.212479 -2.28621 0.0 0.0 0.0
0.804923 0.326958 0.161987 2.79864 -0.212479 -2.28621 0.0 0.0 0.0
0.804923 0.326958 0.161987 2.79864 -0.212479 -2.28621 0.0 0.0 0.0
0.804923 0.326958 0.161987 2.79864 -0.212479 -2.28621 0.0 0.0 0.0
0.804923 0.326958 0.161987 2.79864 -0.212479 -2.28621 0.0 0.0 0.0
0.804923 0.326958 0.161987 2.79864 -0.212479 -2.28621 0.0 0.0 0.0
0.804923 0.326958 0.161987 2.79864 -0.212479 -2.28621 0.0 0.0 0.0
0.804923 0.326958 0.161987 2.79864 -0.212479 -2.28621 0.0 0.0 0.0
0.804923 0.326958 0.161987 2.79864 -0.212479 -2.28621 0.0 0.0 0.0
0.804923 0.326958 0.161987 2.79864 -0.212479 -2.28621 0.0 0.0 0.0
0.804923 0.326958 0.161987 2.79864 -0.212479 -2.28621 0.0 0.0 0.0
0.804923 0.326958 0.161987 2.79864 -0.212479 -2.28621 0.0 0.0 0.0
0.804923 0.326958 0.161987 2.79864 -0.212479 -2.28621 0.0 0.0 0.0
0.804923 0.326958 0.161987 2.79864 -0.212479 -2.28621 0.0 0.0 0.0
0.804923 0.326958 0.161987 2.79864 -0.212479 -2.28621 0.0 0.0 0.0
0.804923 0.326958 0.161987 2.79864 -0.212479 -2.28621 0.0 0.0 0.0
0.804923 0.326958 0.161987 2.79864 -0.212479 -2.28621 0.0 0.0 0.0
0.804923 0.326958 0.161987 2.79864 -0.212479 -2.28621 0.0 0.0 0.0
0.804923 0.326958 0.161987 2.79864 -0.212479 -2.28621 0.0 0.0 0.0
0.804923 0.326958 0.161987 2.79864 -0.212479 -2.28621 0.0 0.0 0.0
0.804923 0.326958 0.161987 2.79864 -0.212479 -2.28621 0.0 0.0 0.0
0.804923 0.326958 0.161987 2.79864 -0.212479 -2.28621 0.0 0.0 0.0
0.804923 0.326958 0.161987 2.79864 -0.212479 -2.28621 0.0 0.0 0.0
0.804923 0.326958 0.161987 2.79864 -0.212479 -2.28621 0.0 0.0 0.0
0.804923 0.326958 0.161987 2.79864 -0.212479 -2.28621 0.0 0.0 0.0
0.804923 0.326958 0.161987 2.79864 -0.212479 -2.28621 0.0 0.0 0.0
0.804923 0.326958 0.161987 2.79864 -0.212479 -2.28621 0.0 0.0 0.0
0.804923 0.326958 0.161987 2.79864 -0.212479 -2.28621 0.0 0.0 0.0
0.804923 0.326958 0.161987 2.79864 -0.212479 -2.28621 0.0 0.0 0.0
0.804923 0.326958 0.161987 2.79864 -0.212479 -2.28621 0.0 0.0 0.0
0.804923 0.326958 0.161987 2.79864 -0.212479 -2.28621 0.0 0.0 0.0
0.804923 0.326958 0.161987 2.79864 -0.212479 -2.28621 0.0 0.0 0.0
0.804923 0.326958 0.161987 2.79864 -0.212479 -2.28621 0.0 0.0 0.0
0.804923 0.326958 0.161987 2.79864 -0.212479 -2.28621 0.0 0.0 0.0
0.804923 0.326958 0.161987 2.79864 -0.212479 -2.28621 0.0 0.0 0.0
0.804923 0.326958 0.161987 2.79864 -0.212479 -2.28621 0.0 0.0 0.0
0.804923 0.326958 0.161987 2.79864 -0.212479 -2.28621 0.0 0.0 0.0
0.804923 0.326958 0.161987 2.79864 -0.212479 -2.28621 0.0 0.0 0.0
0.804923 0.326958 0.161987 2.79864 -0.212479 -2.28621 0.0 0.0 0.0
0.804923 0.326958 0.161987 2.79864 -0.212479 -2.28621 0.0 0.0 0.0
0.804923 0.326958 0.161987 2.79864 -0.212479 -2.28621 0.0 0.0 0.0
0.804923 0.326958 0.161987 2.79864 -0.212479 -2.28621 0.0 0.0 0.0
0.804923 0.326958 0.161987 2.79864 -0.212479 -2.28621 0.0 0.0 0.0
0.804923 0.326958 0.161987 2.79864 -0.212479 -2.28621 0.0 0.0 0.0
0.804923 0.326958 0.161987 2.79864 -0.212479 -2.28621 0.0 0.0 0.0
0.804923 0.326958 0.161987 2.79864 -0.212479 -2.28621 0.0 0.0 0.0
0.804923 0.326958 0.161987 2.79864 -0.212479 -2.28621 0.0 0.0 0.0
0.804923 0.326958 0.161987 2.79864 -0.212479 -2.28621 0.0 0.0 0.0
0.804923 0.326958 0.161987 2.79864 -0.212479 -2.28621 0.0 0.0 0.0
0.804923 0.326958 0.161987 2.79864 -0.212479 -2.28621 0.0 0.0 0.0
0.804923 0.326958 0.161987 2.79864 -0.212479 -2.28621 0.0 0.0 0.0
0.804923 0.326958 0.161987 2.79864 -0.212479 -2.28621 0.0 0.0 0.0
0.804923 0.326958 0.161987 2.79864 -0.212479 -2.28621 0.0 0.0 0.0
0.804923 0.326958 0.161987 2.79864 -0.212479 -2.28621 0.0 0.0 0.0
0.804923 0.326958 0.161987 2.79864 -0.212479 -2.28621 0.0 0.0 0.0
0.804923 0.326958 0.161987 2.79864 -0.212479 -2.28621 0.0 0.0 0.0
0.804923 0.326958 0.161987 2.79864 -0.212479 -2.28621 0.0 0.0 0.0
0.804923 0.326958 0.161987 2.79864 -0.212479 -2.28621 0.0 0.0 0.0
0.804923 0.326958 0.161987 2.79864 -0.212479 -2.28621 0.0 0.0 0.0
0.804923 0.326958 0.161987 2.79864 -0.212479 -2.28621 0.0 0.0 0.0
0.804923 0.326958 0.161987 2.79864 -0.212479 -2.28621 0.0 0.0 0.0
0.804923 0.326958 0.161987 2.79864 -0.212479 -2.28621 0.0 0.0 0.0
0.804923 0.326958 0.161987 2.79864 -0.212479 -2.28621 0.0 0.0 0.0
0.804923 0.326958 0.161987 2.79864 -0.212479 -2.28621 0.0 0.0 0.0
0.804923 0.326958 0.161987 2.79864 -0.212479 -2.28621 0.0 0.0 0.0
0.804923 0.326958 0.161987 2.79864 -0.212479 -2.28621 0.0 0.0 0.0
0.804923 0.326958 0.161987 2.79864 -0.212479 -2.28621 0.0 0.0 0.0
0.804923 0.326958 0.161987 2.79864 -0.212479 -2.28621 0.0 0.0 0.0
0.804923 0.326958 0.161987 2.79864 -0.212479 -2.28621 0.0 0.0 0.0
0.804923 0.326958 0.161987 2.79864 -0.212479 -2.28621 0.0 0.0 0.0
0.804923 0.326958 0.161987 2.79864 -0.212479 -2.28621 0.0 0.0 0.0
0.804923 0.326958 0.161987 2.79864 -0.212479 -2.28621 0.0 0.0 0.0
0.804923 0.326958 0.161987 2.79864 -0.212479 -2.28621 0.0 0.0 0.0
0.804923 0.326958 0.161987 2.79864 -0.212479 -2.28621 0.0 0.0 0.0
0.804923 0.326958 0.161987 2.79864 -0.212479 -2.28621 0.0 0.0 0.0
0.804923 0.326958 0.161987 2.79864 -0.212479 -2.28621 0.0 0.0 0.0
0.804923 0.326958 0.161987 2.79864 -0.212479 -2.28621 0.0 0.0 0.0
0.804923 0.326958 0.161987 2.79864 -0.212479 -2.28621 0.0 0.0 0.0
0.804923 0.326958 0.161987 2.79864 -0.212479 -2.28621 0.0 0.0 0.0
0.804923 0.326958 0.161987 2.79864 -0.212479 -2.28621 0.0 0.0 0.0
0.804923 0.326958 0.161987 2.79864 -0.212479 -2.28621 0.0 0.0 0.0
0.804923 0.326958 0.161987 2.79864 -0.212479 -2.28621 0.0 0.0 0.0
0.804923 0.326958 0.161987 2.79864 -0.212479 -2.28621 0.0 0.0 0.0
0.804923 0.326958 0.161987 2.79864 -0.212479 -2.28621 0.0 0.0 0.0
0.804923 0.326958 0.161987 2.79864 -0.212479 -2.28621 0.0 0.0 0.0
0.804923 0.326958 0.161987 2.79864 -0.212479 -2.28621 0.0 0.0 0.0
0.804923 0.326958 0.161987 2.79864 -0.212479 -2.28621 0.0 0.0 0.0
0.804923 0.326958 0.161987 2.79864 -0.212479 -2.28621 0.0 0.0 0.0
0.804923 0.326958 0.161987 2.79864 -0.212479 -2.28621 0.0 0.0 0.0
0.804923 0.326958 0.161987 2.79864 -0.212479 -2.28621 0.0 0.0 0.0
0.804923 0.326958 0.161987 2.79864 -0.212479 -2.28621 0.0 0.0 0.0
0.804923 0.326958 0.161987 2.79864 -0.212479 -2.28621 0.0 0.0 0.0
0.804923 0.326958 0.161987 2.79864 -0.212479 -2.28621 0.0 0.0 0.0
0.804923 0.326958 0.161987 2.79864 -0.212479 -2.28621 0.0 0.0 0.0
0.804923 0.326958 0.161987 2.79864 -0.212479 -2.28621 0.0 0.0 0.0
0.804923 0.326958 0.161987 2.79864 -0.212479 -2.28621 0.0 0.0 0.0
0.804923 0.326958 0.161987 2.79864 -0.212479 -2.28621 0.0 0.0 0.0
0.804923 0.326958 0.161987 2.79864 -0.212479 -2.28621 0.0 0.0 0.0
0.804923 0.326958 0.161987 2.79864 -0.212479 -2.28621 0.0 0.0 0.0
0.804923 0.326958 0.161987 2.79864 -0.212479 -2.28621 0.0 0.0 0.0
0.804923 0.326958 0.161987 2.79864 -0.212479 -2.28621 0.0 0.0 0.0
0.804923 0.326958 0.161987 2.79864 -0.212479 -2.28621 0.0 0.0 0.0
0.804923 0.326958 0.161987 2.79864 -0.212479 -2.28621 0.0 0.0 0.0
0.804923 0.326958 0.161987 2.79864 -0.212479 -2.28621 0.0 0.0 0.0
0.804923 0.326958 0.161987 2.79864 -0.212479 -2.28621 0.0 0.0 0.0
0.804923 0.326958 0.161987 2.79864 -0.212479 -2.28621 0.0 0.0 0.0
0.804923 0.326958 0.161987 2.79864 -0.212479 -2.28621 0.0 0.0 0.0
0.804923 0.326958 0.161987 2.79864 -0.212479 -2.28621 0.0 0.0 0.0
0.804923 0.326958 0.161987 2.79864 -0.212479 -2.28621 0.0 0.0 0.0
0.804923 0.326958 0.161987 2.79864 -0.212479 -2.28621 0.0 0.0 0.0
0.804923 0.326958 0.161987 2.79864 -0.212479 -2.28621 0.0 0.0 0.0
0.804923 0.326958 0.161987 2.79864 -0.212479 -2.28621 0.0 0.0 0.0
0.804923 0.326958 0.161987 2.79864 -0.212479 -2.28621 0.0 0.0 0.0
0.804923 0.326958 0.161987 2.79864 -0.212479 -2.28621 0.0 0.0 0.0
0.804923 0.326958 0.161987 2.79864 -0.212479 -2.28621 0.0 0.0 0.0
0.804923 0.326958 0.161987 2.79864 -0.212479 -2.28621 0.0 0.0 0.0
0.804923 0.326958 0.161987 2.79864 -0.212479 -2.28621 0.0 0.0 0.0
0.804923 0.326958 0.161987 2.79864 -0.212479 -2.28621 0.0 0.0 0.0
0.804923 0.326958 0.161987 2.79864 -0.212479 -2.28621 0.0 0.0 0.0
0.804923 0.326958 0.161987 2.79864 -0.212479 -2.28621 0.0 0.0 0.0
0.804923 0.326958 0.161987 2.79864 -0.212479 -2.28621 0.0 0.0 0.0
0.804923 0.326958 0.161987 2.79864 -0.212479 -2.28621 0.0 0.0 0.0
0.804923 0.326958 0.161987 2.79864 -0.212479 -2.28621 0.0 0.0 0.0
0.804923 0.326958 0.161987 2.79864 -0.212479 -2.28621 0.0 0.0 0.0
0.804923 0.326958 0.161987 2.79864 -0.212479 -2.28621 0.0 0.0 0.0
0.804923 0.326958 0.161987 2.79864 -0.212479 -2.28621 0.0 0.0 0.0
0.804923 0.326958 0.161987 2.79864 -0.212479 -2.28621 0.0 0.0 0.0
0.804923 0.326958 0.161987 2.79864 -0.212479 -2.28621 0.0 0.0 0.0
0.804923 0.326958 0.161987 2.79864 -0.212479 -2.28621 0.0 0.0 0.0
0.804923 0.326958 0.161987 2.79864 -0.212479 -2.28621 0.0 0.0 0.0
0.804923 0.326958 0.161987 2.79864 -0.212479 -2.28621 0.0 0.0 0.0
0.804923 0.326958 0.161987 2.79864 -0.212479 -2.28621 0.0 0.0 0.0
0.804923 0.326958 0.161987 2.79864 -0.212479 -2.28621 0.0 0.0 0.0
0.804923 0.326958 0.161987 2.79864 -0.212479 -2.28621 0.0 0.0 0.0
0.804923 0.326958 0.161987 2.79864 -0.212479 -2.28621 0.0 0.0 0.0
0.804923 0.326958 0.161987 2.79864 -0.212479 -2.28621 0.0 0.0 0.0
0.804923 0.326958 0.161987 2.79864 -0.212479 -2.28621 0.0 0.0 0.0
0.804923 0.326958 0.161987 2.79864 -0.212479 -2.28621 0.0 0.0 0.0
0.804923 0.326958 0.161987 2.79864 -0.212479 -2.28621 0.0 0.0 0.0
0.804923 0.326958 0.161987 2.79864 -0.212479 -2.28621 0.0 0.0 0.0
0.804923 0.326958 0.161987 2.79864 -0.212479 -2.28621 0.0 0.0 0.0
0.804923 0.326958 0.161987 2.79864 -0.212479 -2.28621 0.0 0.0 0.0
0.804923 0.326958 0.161987 2.79864 -0.212479 -2.28621 0.0 0.0 0.0
0.804923 0.326958 0.161987 2.79864 -0.212479 -2.28621 0.0 0.0 0.0
0.804923 0.326958 0.161987 2.79864 -0.212479 -2.28621 0.0 0.0 0.0
0.804923 0.326958 0.161987 2.79864 -0.212479 -2.28621 0.0 0.0 0.0
0.804923 0.326958 0.161987 2.79864 -0.212479 -2.28621 0.0 0.0 0.0
0.804923 0.326958 0.161987 2.79864 -0.212479 -2.28621 0.0 0.0 0.0
0.804923 0.326958 0.161987 2.79864 -0.212479 -2.28621 0.0 0.0 0.0
0.804923 0.326958 0.161987 2.79864 -0.212479 -2.28621 0.0 0.0 0.0
0.804923 0.326958 0.161987 2.79864 -0.212479 -2.28621 0.0 0.0 0.0
0.804923 0.326958 0.161987 2.79864 -0.212479 -2.28621 0.0 0.0 0.0
0.804923 0.326958 0.161987 2.79864 -0.212479 -2.28621 0.0 0.0 0.0
0.804923 0.326958 0.161987 2.79864 -0.212479 -2.28621 0.0 0.0 0.0
0.804923 0.326958 0.161987 2.79864 -0.212479 -2.28621 0.0 0.0 0.0
0.804923 0.326958 0.161987 2.79864 -0.212479 -2.28621 0.0 0.0 0.0
0.804923 0.326958 0.161987 2.79864 -0.212479 -2.28621 0.0 0.0 0.0
0.804923 0.326958 0.161987 2.79864 -0.212479 -2.28621 0.0 0.0 0.0
0.804923 0.326958 0.161987 2.79864 -0.212479 -2.28621 0.0 0.0 0.0
0.804923 0.326958 0.161987 2.79864 -0.212479 -2.28621 0.0 0.0 0.0
0.804923 0.326958 0.161987 2.79864 -0.212479 -2.28621 0.0 0.0 0.0
0.804923 0.326958 0.161987 2.79864 -0.212479 -2.28621 0.0 0.0 0.0
0.804923 0.326958 0.161987 2.79864 -0.212479 -2.28621 0.0 0.0 0.0
0.804923 0.326958 0.161987 2.79864 -0.212479 -2.28621 0.0 0.0 0.0
0.804923 0.326958 0.161987 2.79864 -0.212479 -2.28621 0.0 0.0 0.0
0.804923 0.326958 0.161987 2.79864 -0.212479 -2.28621 0.0 0.0 0.0
0.804923 0.326958 0.161987 2.79864 -0.212479 -2.28621 0.0 0.0 0.0
0.804923 0.326958 0.161987 2.79864 -0.212479 -2.28621 0.0 0.0 0.0
0.804923 0.326958 0.161987 2.79864 -0.212479 -2.28621 0.0 0.0 0.0
0.804923 0.326958 0.161987 2.79864 -0.212479 -2.28621 0.0 0.0 0.0
0.804923 0.326958 0.161987 2.79864 -0.212479 -2.28621 0.0 0.0 0.0
0.804923 0.326958 0.161987 2.79864 -0.212479 -2.28621 0.0 0.0 0.0
0.804923 0.326958 0.161987 2.79864 -0.212479 -2.28621 0.0 0.0 0.0
0.804923 0.326958 0.161987 2.79864 -0.212479 -2.28621 0.0 0.0 0.0
0.804923 0.326958 0.161987 2.79864 -0.212479 -2.28621 0.0 0.0 0.0
0.804923 0.326958 0.161987 2.79864 -0.212479 -2.28621 0.0 0.0 0.0
0.804923 0.326958 0.161987 2.79864 -0.212479 -2.28621 0.0 0.0 0.0
0.804923 0.326958 0.161987 2.79864 -0.212479 -2.28621 0.0 0.0 0.0
0.804923 0.326958 0.161987 2.79864 -0.212479 -2.28621 0.0 0.0 0.0
0.804923 0.326958 0.161987 2.79864 -0.212479 -2.28621 0.0 0.0 0.0
0.804923 0.326958 0.161987 2.79864 -0.212479 -2.28621 0.0 0.0 0.0
0.804923 0.326958 0.161987 2.79864 -0.212479 -2.28621 0.0 0.0 0.0
0.804923 0.326958 0.161987 2.79864 -0.212479 -2.28621 0.0 0.0 0.0
0.804923 0.326958 0.161987 2.79864 -0.212479 -2.28621 0.0 0.0 0.0
0.804923 0.326958 0.161987 2.79864 -0.212479 -2.28621 0.0 0.0 0.0
0.804923 0.326958 0.161987 2.79864 -0.212479 -2.28621 0.0 0.0 0.0
0.804923 0.326958 0.161987 2.79864 -0.212479 -2.28621 0.0 0.0 0.0
0.804923 0.326958 0.161987 2.79864 -0.212479 -2.28621 0.0 0.0 0.0
0.804923 0.326958 0.161987 2.79864 -0.212479 -2.28621 0.0 0.0 0.0
0.804923 0.326958 0.161987 2.79864 -0.212479 -2.28621 0.0 0.0 0.0
0.804923 0.326958 0.161987 2.79864 -0.212479 -2.28621 0.0 0.0 0.0
0.804923 0.326958 0.161987 2.79864 -0.212479 -2.28621 0.0 0.0 0.0
0.804923 0.326958 0.161987 2.79864 -0.212479 -2.28621 0.0 0.0 0.0
0.804923 0.326958 0.161987 2.79864 -0.212479 -2.28621 0.0 0.0 0.0
0.804923 0.326958 0.161987 2.79864 -0.212479 -2.28621 0.0 0.0 0.0
0.804923 0.326958 0.161987 2.79864 -0.212479 -2.28621 0.0 0.0 0.0
0.804923 0.326958 0.161987 2.79864 -0.212479 -2.28621 0.0 0.0 0.0
0.804923 0.326958 0.161987 2.79864 -0.212479 -2.28621 0.0 0.0 0.0
0.804923 0.326958 0.161987 2.79864 -0.212479 -2.28621 0.0 0.0 0.0
0.804923 0.326958 0.161987 2.79864 -0.212479 -2.28621 0.0 0.0 0.0
0.804923 0.326958 0.161987 2.79864 -0.212479 -2.28621 0.0 0.0 0.0
0.804923 0.326958 0.161987 2.79864 -0.212479 -2.28621 0.0 0.0 0.0
0.804923 0.326958 0.161987 2.79864 -0.212479 -2.28621 0.0 0.0 0.0
0.804923 0.326958 0.161987 2.79864 -0.212479 -2.28621 0.0 0.0 0.0
0.804923 0.326958 0.161987 2.79864 -0.212479 -2.28621 0.0 0.0 0.0
0.804923 0.326958 0.161987 2.79864 -0.212479 -2.28621 0.0 0.0 0.0
0.804923 0.326958 0.161987 2.79864 -0.212479 -2.28621 0.0 0.0 0.0
0.804923 0.326958 0.161987 2.79864 -0.212479 -2.28621 0.0 0.0 0.0
0.804923 0.326958 0.161987 2.79864 -0.212479 -2.28621 0.0 0.0 0.0
0.804923 0.326958 0.161987 2.79864 -0.212479 -2.28621 0.0 0.0 0.0
0.804923 0.326958 0.161987 2.79864 -0.212479 -2.28621 0.0 0.0 0.0
0.804923 0.326958 0.161987 2.79864 -0.212479 -2.28621 0.0 0.0 0.0
0.804923 0.326958 0.161987 2.79864 -0.212479 -2.28621 0.0 0.0 0.0
0.804923 0.326958 0.161987 2.79864 -0.212479 -2.28621 0.0 0.0 0.0
0.804923 0.326958 0.161987 2.79864 -0.212479 -2.28621 0.0 0.0 0.0
0.804923 0.326958 0.161987 2.79864 -0.212479 -2.28621 0.0 0.0 0.0
0.804923 0.326958 0.161987 2.79864 -0.212479 -2.28621 0.0 0.0 0.0
0.804923 0.326958 0.161987 2.79864 -0.212479 -2.28621 0.0 0.0 0.0
0.804923 0.326958 0.161987 2.79864 -0.212479 -2.28621 0.0 0.0 0.0
0.804923 0.326958 0.161987 2.79864 -0.212479 -2.28621 0.0 0.0 0.0
0.804923 0.326958 0.161987 2.79864 -0.212479 -2.28621 0.0 0.0 0.0
0.804923 0.326958 0.161987 2.79864 -0.212479 -2.28621 0.0 0.0 0.0
0.804923 0.326958 0.161987 2.79864 -0.212479 -2.28621 0.0 0.0 0.0
0.804923 0.326958 0.161987 2.79864 -0.212479 -2.28621 0.0 0.0 0.0
0.804923 0.326958 0.161987 2.79864 -0.212479 -2.28621 0.0 0.0 0.0
0.804923 0.326958 0.161987 2.79864 -0.212479 -2.28621 0.0 0.0 0.0
0.804923 0.326958 0.161987 2.79864 -0.212479 -2.28621 0.0 0.0 0.0
0.804923 0.326958 0.161987 2.79864 -0.212479 -2.28621 0.0 0.0 0.0
0.804923 0.326958 0.161987 2.79864 -0.212479 -2.28621 0.0 0.0 0.0
0.804923 0.326958 0.161987 2.79864 -0.212479 -2.28621 0.0 0.0 0.0
0.804923 0.326958 0.161987 2.79864 -0.212479 -2.28621 0.0 0.0 0.0
0.804923 0.326958 0.161987 2.79864 -0.212479 -2.28621 0.0 0.0 0.0
0.804923 0.326958 0.161987 2.79864 -0.212479 -2.28621 0.0 0.0 0.0
0.804923 0.326958 0.161987 2.79864 -0.212479 -2.28621 0.0 0.0 0.0
0.804923 0.326958 0.161987 2.79864 -0.212479 -2.28621 0.0 0.0 0.0
0.804923 0.326958 0.161987 2.79864 -0.212479 -2.28621 0.0 0.0 0.0
0.804923 0.326958 0.161987 2.79864 -0.212479 -2.28621 0.0 0.0 0.0
0.804923 0.326958 0.161987 2.79864 -0.212479 -2.28621 0.0 0.0 0.0
0.804923 0.326958 0.161987 2.79864 -0.212479 -2.28621 0.0 0.0 0.0
0.804923 0.326958 0.161987 2.79864 -0.212479 -2.28621 0.0 0.0 0.0
0.804923 0.326958 0.161987 2.79864 -0.212479 -2.28621 0.0 0.0 0.0
0.804923 0.326958 0.161987 2.79864 -0.212479 -2.28621 0.0 0.0 0.0
0.804923 0.326958 0.161987 2.79864 -0.212479 -2.28621 0.0 0.0 0.0
0.804923 0.326958 0.161987 2.79864 -0.212479 -2.28621 0.0 0.0 0.0
0.804923 0.326958 0.161987 2.79864 -0.212479 -2.28621 0.0 0.0 0.0
0.804923 0.326958 0.161987 2.79864 -0.212479 -2.28621 0.0 0.0 0.0
0.804923 0.326958 0.161987 2.79864 -0.212479 -2.28621 0.0 0.0 0.0
0.804923 0.326958 0.161987 2.79864 -0.212479 -2.28621 0.0 0.0 0.0
0.804923 0.326958 0.161987 2.79864 -0.212479 -2.28621 0.0 0.0 0.0
0.804923 0.326958 0.161987 2.79864 -0.212479 -2.28621 0.0 0.0 0.0
0.804923 0.326958 0.161987 2.79864 -0.212479 -2.28621 0.0 0.0 0.0
0.804923 0.326958 0.161987 2.79864 -0.212479 -2.28621 0.0 0.0 0.0
0.804923 0.326958 0.161987 2.79864 -0.212479 -2.28621 0.0 0.0 0.0
0.804923 0.326958 0.161987 2.79864 -0.212479 -2.28621 0.0 0.0 0.0
0.804923 0.326958 0.161987 2.79864 -0.212479 -2.28621 0.0 0.0 0.0
0.804923 0.326958 0.161987 2.79864 -0.212479 -2.28621 0.0 0.0 0.0
0.804923 0.326958 0.161987 2.79864 -0.212479 -2.28621 0.0 0.0 0.0
0.804923 0.326958 0.161987 2.79864 -0.212479 -2.28621 0.0 0.0 0.0
0.804923 0.326958 0.161987 2.79864 -0.212479 -2.28621 0.0 0.0 0.0
0.804923 0.326958 0.161987 2.79864 -0.212479 -2.28621 0.0 0.0 0.0
0.804923 0.326958 0.161987 2.79864 -0.212479 -2.28621 0.0 0.0 0.0
0.804923 0.326958 0.161987 2.79864 -0.212479 -2.28621 0.0 0.0 0.0
0.804923 0.326958 0.161987 2.79864 -0.212479 -2.28621 0.0 0.0 0.0
0.804923 0.326958 0.161987 2.79864 -0.212479 -2.28621 0.0 0.0 0.0
0.804923 0.326958 0.161987 2.79864 -0.212479 -2.28621 0.0 0.0 0.0
0.804923 0.326958 0.161987 2.79864 -0.212479 -2.28621 0.0 0.0 0.0
0.804923 0.326958 0.161987 2.79864 -0.212479 -2.28621 0.0 0.0 0.0
0.804923 0.326958 0.161987 2.79864 -0.212479 -2.28621 0.0 0.0 0.0
0.804923 0.326958 0.161987 2.79864 -0.212479 -2.28621 0.0 0.0 0.0
0.804923 0.326958 0.161987 2.79864 -0.212479 -2.28621 0.0 0.0 0.0
0.804923 0.326958 0.161987 2.79864 -0.212479 -2.28621 0.0 0.0 0.0
0.804923 0.326958 0.161987 2.79864 -0.212479 -2.28621 0.0 0.0 0.0
0.804923 0.326958 0.161987 2.79864 -0.212479 -2.28621 0.0 0.0 0.0
0.804923 0.326958 0.161987 2.79864 -0.212479 -2.28621 0.0 0.0 0.0
0.804923 0.326958 0.161987 2.79864 -0.212479 -2.28621 0.0 0.0 0.0
0.804923 0.326958 0.161987 2.79864 -0.212479 -2.28621 0.0 0.0 0.0
0.804923 0.326958 0.161987 2.79864 -0.212479 -2.28621 0.0 0.0 0.0
0.804923 0.326958 0.161987 2.79864 -0.212479 -2.28621 0.0 0.0 0.0
0.804923 0.326958 0.161987 2.79864 -0.212479 -2.28621 0.0 0.0 0.0
0.804923 0.326958 0.161987 2.79864 -0.212479 -2.28621 0.0 0.0 0.0
0.804923 0.326958 0.161987 2.79864 -0.212479 -2.28621 0.0 0.0 0.0
0.804923 0.326958 0.161987 2.79864 -0.212479 -2.28621 0.0 0.0 0.0
0.804923 0.326958 0.161987 2.79864 -0.212479 -2.28621 0.0 0.0 0.0
0.804923 0.326958 0.161987 2.79864 -0.212479 -2.28621 0.0 0.0 0.0
0.804923 0.326958 0.161987 2.79864 -0.212479 -2.28621 0.0 0.0 0.0
0.804923 0.326958 0.161987 2.79864 -0.212479 -2.28621 0.0 0.0 0.0
0.804923 0.326958 0.161987 2.79864 -0.212479 -2.28621 0.0 0.0 0.0
0.804923 0.326958 0.161987 2.79864 -0.212479 -2.28621 0.0 0.0 0.0
0.804923 0.326958 0.161987 2.79864 -0.212479 -2.28621 0.0 0.0 0.0
0.804923 0.326958 0.161987 2.79864 -0.212479 -2.28621 0.0 0.0 0.0
0.804923 0.326958 0.161987 2.79864 -0.212479 -2.28621 0.0 0.0 0.0
0.804923 0.326958 0.161987 2.79864 -0.212479 -2.28621 0.0 0.0 0.0
0.804923 0.326958 0.161987 2.79864 -0.212479 -2.28621 0.0 0.0 0.0
0.804923 0.326958 0.161987 2.79864 -0.212479 -2.28621 0.0 0.0 0.0
0.804923 0.326958 0.161987 2.79864 -0.212479 -2.28621 0.0 0.0 0.0
0.804923 0.326958 0.161987 2.79864 -0.212479 -2.28621 0.0 0.0 0.0
0.804923 0.326958 0.161987 2.79864 -0.212479 -2.28621 0.0 0.0 0.0
0.804923 0.326958 0.161987 2.79864 -0.212479 -2.28621 0.0 0.0 0.0
0.804923 0.326958 0.161987 2.79864 -0.212479 -2.28621 0.0 0.0 0.0
0.804923 0.326958 0.161987 2.79864 -0.212479 -2.28621 0.0 0.0 0.0
0.804923 0.326958 0.161987 2.79864 -0.212479 -2.28621 0.0 0.0 0.0
0.804923 0.326958 0.161987 2.79864 -0.212479 -2.28621 0.0 0.0 0.0
0.804923 0.326958 0.161987 2.79864 -0.212479 -2.28621 0.0 0.0 0.0
0.804923 0.326958 0.161987 2.79864 -0.212479 -2.28621 0.0 0.0 0.0
0.804923 0.326958 0.161987 2.79864 -0.212479 -2.28621 0.0 0.0 0.0
0.804923 0.326958 0.161987 2.79864 -0.212479 -2.28621 0.0 0.0 0.0
0.804923 0.326958 0.161987 2.79864 -0.212479 -2.28621 0.0 0.0 0.0
0.804923 0.326958 0.161987 2.79864 -0.212479 -2.28621 0.0 0.0 0.0
0.804923 0.326958 0.161987 2.79864 -0.212479 -2.28621 0.0 0.0 0.0
0.804923 0.326958 0.161987 2.79864 -0.212479 -2.28621 0.0 0.0 0.0
0.804923 0.326958 0.161987 2.79864 -0.212479 -2.28621 0.0 0.0 0.0
0.804923 0.326958 0.161987 2.79864 -0.212479 -2.28621 0.0 0.0 0.0
0.804923 0.326958 0.161987 2.79864 -0.212479 -2.28621 0.0 0.0 0.0
0.804923 0.326958 0.161987 2.79864 -0.212479 -2.28621 0.0 0.0 0.0
0.804923 0.326958 0.161987 2.79864 -0.212479 -2.28621 0.0 0.0 0.0
0.804923 0.326958 0.161987 2.79864 -0.212479 -2.28621 0.0 0.0 0.0
0.804923 0.326958 0.161987 2.79864 -0.212479 -2.28621 0.0 0.0 0.0
0.804923 0.326958 0.161987 2.79864 -0.212479 -2.28621 0.0 0.0 0.0
0.804923 0.326958 0.161987 2.79864 -0.212479 -2.28621 0.0 0.0 0.0
0.804923 0.326958 0.161987 2.79864 -0.212479 -2.28621 0.0 0.0 0.0
0.804923 0.326958 0.161987 2.79864 -0.212479 -2.28621 0.0 0.0 0.0
0.804923 0.326958 0.161987 2.79864 -0.212479 -2.28621 0.0 0.0 0.0
0.804923 0.326958 0.161987 2.79864 -0.212479 -2.28621 0.0 0.0 0.0
0.804923 0.326958 0.161987 2.79864 -0.212479 -2.28621 0.0 0.0 0.0
0.804923 0.326958 0.161987 2.79864 -0.212479 -2.28621 0.0 0.0 0.0
0.804923 0.326958 0.161987 2.79864 -0.212479 -2.28621 0.0 0.0 0.0
0.804923 0.326958 0.161987 2.79864 -0.212479 -2.28621 0.0 0.0 0.0
0.804923 0.326958 0.161987 2.79864 -0.212479 -2.28621 0.0 0.0 0.0
0.804923 0.326958 0.161987 2.79864 -0.212479 -2.28621 0.0 0.0 0.0
0.804923 0.326958 0.161987 2.79864 -0.212479 -2.28621 0.0 0.0 0.0
0.804923 0.326958 0.161987 2.79864 -0.212479 -2.28621 0.0 0.0 0.0
0.804923 0.326958 0.161987 2.79864 -0.212479 -2.28621 0.0 0.0 0.0
0.804923 0.326958 0.161987 2.79864 -0.212479 -2.28621 0.0 0.0 0.0
0.804923 0.326958 0.161987 2.79864 -0.212479 -2.28621 0.0 0.0 0.0
0.804923 0.326958 0.161987 2.79864 -0.212479 -2.28621 0.0 0.0 0.0
0.804923 0.326958 0.161987 2.79864 -0.212479 -2.28621 0.0 0.0 0.0
0.804923 0.326958 0.161987 2.79864 -0.212479 -2.28621 0.0 0.0 0.0
0.804923 0.326958 0.161987 2.79864 -0.212479 -2.28621 0.0 0.0 0.0
0.804923 0.326958 0.161987 2.79864 -0.212479 -2.28621 0.0 0.0 0.0
0.804923 0.326958 0.161987 2.79864 -0.212479 -2.28621 0.0 0.0 0.0
0.804923 0.326958 0.161987 2.79864 -0.212479 -2.28621 0.0 0.0 0.0
0.804923 0.326958 0.161987 2.79864 -0.212479 -2.28621 0.0 0.0 0.0
0.804923 0.326958 0.161987 2.79864 -0.212479 -2.28621 0.0 0.0 0.0
0.804923 0.326958 0.161987 2.79864 -0.212479 -2.28621 0.0 0.0 0.0
0.804923 0.326958 0.161987 2.79864 -0.212479 -2.28621 0.0 0.0 0.0
0.804923 0.326958 0.161987 2.79864 -0.212479 -2.28621 0.0 0.0 0.0
0.804923 0.326958 0.161987 2.79864 -0.212479 -2.28621 0.0 0.0 0.0
0.804923 0.326958 0.161987 2.79864 -0.212479 -2.28621 0.0 0.0 0.0
0.804923 0.326958 0.161987 2.79864 -0.212479 -2.28621 0.0 0.0 0.0
0.804923 0.326958 0.161987 2.79864 -0.212479 -2.28621 0.0 0.0 0.0
0.804923 0.326958 0.161987 2.79864 -0.212479 -2.28621 0.0 0.0 0.0
0.804923 0.326958 0.161987 2.79864 -0.212479 -2.28621 0.0 0.0 0.0
0.804923 0.326958 0.161987 2.79864 -0.212479 -2.28621 0.0 0.0 0.0
0.804923 0.326958 0.161987 2.79864 -0.212479 -2.28621 0.0 0.0 0.0
0.804923 0.326958 0.161987 2.79864 -0.212479 -2.28621 0.0 0.0 0.0
0.804923 0.326958 0.161987 2.79864 -0.212479 -2.28621 0.0 0.0 0.0
0.804923 0.326958 0.161987 2.79864 -0.212479 -2.28621 0.0 0.0 0.0
0.804923 0.326958 0.161987 2.79864 -0.212479 -2.28621 0.0 0.0 0.0
0.804923 0.326958 0.161987 2.79864 -0.212479 -2.28621 0.0 0.0 0.0
0.804923 0.326958 0.161987 2.79864 -0.212479 -2.28621 0.0 0.0 0.0
0.804923 0.326958 0.161987 2.79864 -0.212479 -2.28621 0.0 0.0 0.0
0.804923 0.326958 0.161987 2.79864 -0.212479 -2.28621 0.0 0.0 0.0
0.804923 0.326958 0.161987 2.79864 -0.212479 -2.28621 0.0 0.0 0.0
0.804923 0.326958 0.161987 2.79864 -0.212479 -2.28621 0.0 0.0 0.0
0.804923 0.326958 0.161987 2.79864 -0.212479 -2.28621 0.0 0.0 0.0
0.804923 0.326958 0.161987 2.79864 -0.212479 -2.28621 0.0 0.0 0.0
0.804923 0.326958 0.161987 2.79864 -0.212479 -2.28621 0.0 0.0 0.0
0.804923 0.326958 0.161987 2.79864 -0.212479 -2.28621 0.0 0.0 0.0
0.804923 0.326958 0.161987 2.79864 -0.212479 -2.28621 0.0 0.0 0.0
0.804923 0.326958 0.161987 2.79864 -0.212479 -2.28621 0.0 0.0 0.0
0.804923 0.326958 0.161987 2.79864 -0.212479 -2.28621 0.0 0.0 0.0
0.804923 0.326958 0.161987 2.79864 -0.212479 -2.28621 0.0 0.0 0.0
0.804923 0.326958 0.161987 2.79864 -0.212479 -2.28621 0.0 0.0 0.0
0.804923 0.326958 0.161987 2.79864 -0.212479 -2.28621 0.0 0.0 0.0
0.804923 0.326958 0.161987 2.79864 -0.212479 -2.28621 0.0 0.0 0.0
0.804923 0.326958 0.161987 2.79864 -0.212479 -2.28621 0.0 0.0 0.0
0.804923 0.326958 0.161987 2.79864 -0.212479 -2.28621 0.0 0.0 0.0
0.804923 0.326958 0.161987 2.79864 -0.212479 -2.28621 0.0 0.0 0.0
0.804923 0.326958 0.161987 2.79864 -0.212479 -2.28621 0.0 0.0 0.0
0.804923 0.326958 0.161987 2.79864 -0.212479 -2.28621 0.0 0.0 0.0
0.804923 0.326958 0.161987 2.79864 -0.212479 -2.28621 0.0 0.0 0.0
0.804923 0.326958 0.161987 2.79864 -0.212479 -2.28621 0.0 0.0 0.0
0.804923 0.326958 0.161987 2.79864 -0.212479 -2.28621 0.0 0.0 0.0
0.804923 0.326958 0.161987 2.79864 -0.212479 -2.28621 0.0 0.0 0.0
0.804923 0.326958 0.161987 2.79864 -0.212479 -2.28621 0.0 0.0 0.0
0.804923 0.326958 0.161987 2.79864 -0.212479 -2.28621 0.0 0.0 0.0
0.804923 0.326958 0.161987 2.79864 -0.212479 -2.28621 0.0 0.0 0.0
0.804923 0.326958 0.161987 2.79864 -0.212479 -2.28621 0.0 0.0 0.0
0.804923 0.326958 0.161987 2.79864 -0.212479 -2.28621 0.0 0.0 0.0
0.804923 0.326958 0.161987 2.79864 -0.212479 -2.28621 0.0 0.0 0.0
0.804923 0.326958 0.161987 2.79864 -0.212479 -2.28621 0.0 0.0 0.0
0.804923 0.326958 0.161987 2.79864 -0.212479 -2.28621 0.0 0.0 0.0
0.804923 0.326958 0.161987 2.79864 -0.212479 -2.28621 0.0 0.0 0.0
0.804923 0.326958 0.161987 2.79864 -0.212479 -2.28621 0.0 0.0 0.0
0.804923 0.326958 0.161987 2.79864 -0.212479 -2.28621 0.0 0.0 0.0
0.804923 0.326958 0.161987 2.79864 -0.212479 -2.28621 0.0 0.0 0.0
0.804923 0.326958 0.161987 2.79864 -0.212479 -2.28621 0.0 0.0 0.0
0.804923 0.326958 0.161987 2.79864 -0.212479 -2.28621 0.0 0.0 0.0
0.804923 0.326958 0.161987 2.79864 -0.212479 -2.28621 0.0 0.0 0.0
0.804923 0.326958 0.161987 2.79864 -0.212479 -2.28621 0.0 0.0 0.0
0.804923 0.326958 0.161987 2.79864 -0.212479 -2.28621 0.0 0.0 0.0
0.804923 0.326958 0.161987 2.79864 -0.212479 -2.28621 0.0 0.0 0.0
0.804923 0.326958 0.161987 2.79864 -0.212479 -2.28621 0.0 0.0 0.0
0.804923 0.326958 0.161987 2.79864 -0.212479 -2.28621 0.0 0.0 0.0
0.804923 0.326958 0.161987 2.79864 -0.212479 -2.28621 0.0 0.0 0.0
0.804923 0.326958 0.161987 2.79864 -0.212479 -2.28621 0.0 0.0 0.0
0.804923 0.326958 0.161987 2.79864 -0.212479 -2.28621 0.0 0.0 0.0
0.804923 0.326958 0.161987 2.79864 -0.212479 -2.28621 0.0 0.0 0.0
0.804923 0.326958 0.161987 2.79864 -0.212479 -2.28621 0.0 0.0 0.0
0.804923 0.326958 0.161987 2.79864 -0.212479 -2.28621 0.0 0.0 0.0
0.804923 0.326958 0.161987 2.79864 -0.212479 -2.28621 0.0 0.0 0.0
0.804923 0.326958 0.161987 2.79864 -0.212479 -2.28621 0.0 0.0 0.0
0.804923 0.326958 0.161987 2.79864 -0.212479 -2.28621 0.0 0.0 0.0
0.804923 0.326958 0.161987 2.79864 -0.212479 -2.28621 0.0 0.0 0.0
0.804923 0.326958 0.161987 2.79864 -0.212479 -2.28621 0.0 0.0 0.0
0.804923 0.326958 0.161987 2.79864 -0.212479 -2.28621 0.0 0.0 0.0
0.804923 0.326958 0.161987 2.79864 -0.212479 -2.28621 0.0 0.0 0.0
0.804923 0.326958 0.161987 2.79864 -0.212479 -2.28621 0.0 0.0 0.0
0.804923 0.326958 0.161987 2.79864 -0.212479 -2.28621 0.0 0.0 0.0
0.804923 0.326958 0.161987 2.79864 -0.212479 -2.28621 0.0 0.0 0.0
0.804923 0.326958 0.161987 2.79864 -0.212479 -2.28621 0.0 0.0 0.0
0.804923 0.326958 0.161987 2.79864 -0.212479 -2.28621 0.0 0.0 0.0
0.804923 0.326958 0.161987 2.79864 -0.212479 -2.28621 0.0 0.0 0.0
0.804923 0.326958 0.161987 2.79864 -0.212479 -2.28621 0.0 0.0 0.0
0.804923 0.326958 0.161987 2.79864 -0.212479 -2.28621 0.0 0.0 0.0
0.804923 0.326958 0.161987 2.79864 -0.212479 -2.28621 0.0 0.0 0.0
0.804923 0.326958 0.161987 2.79864 -0.212479 -2.28621 0.0 0.0 0.0
0.804923 0.326958 0.161987 2.79864 -0.212479 -2.28621 0.0 0.0 0.0
0.804923 0.326958 0.161987 2.79864 -0.212479 -2.28621 0.0 0.0 0.0
0.804923 0.326958 0.161987 2.79864 -0.212479 -2.28621 0.0 0.0 0.0
0.804923 0.326958 0.161987 2.79864 -0.212479 -2.28621 0.0 0.0 0.0
0.804923 0.326958 0.161987 2.79864 -0.212479 -2.28621 0.0 0.0 0.0
0.804923 0.326958 0.161987 2.79864 -0.212479 -2.28621 0.0 0.0 0.0
0.804923 0.326958 0.161987 2.79864 -0.212479 -2.28621 0.0 0.0 0.0
0.804923 0.326958 0.161987 2.79864 -0.212479 -2.28621 0.0 0.0 0.0
0.804923 0.326958 0.161987 2.79864 -0.212479 -2.28621 0.0 0.0 0.0
0.804923 0.326958 0.161987 2.79864 -0.212479 -2.28621 0.0 0.0 0.0
0.804923 0.326958 0.161987 2.79864 -0.212479 -2.28621 0.0 0.0 0.0
0.804923 0.326958 0.161987 2.79864 -0.212479 -2.28621 0.0 0.0 0.0
0.804923 0.326958 0.161987 2.79864 -0.212479 -2.28621 0.0 0.0 0.0
0.804923 0.326958 0.161987 2.79864 -0.212479 -2.28621 0.0 0.0 0.0
0.804923 0.326958 0.161987 2.79864 -0.212479 -2.28621 0.0 0.0 0.0
0.804923 0.326958 0.161987 2.79864 -0.212479 -2.28621 0.0 0.0 0.0
0.804923 0.326958 0.161987 2.79864 -0.212479 -2.28621 0.0 0.0 0.0
0.804923 0.326958 0.161987 2.79864 -0.212479 -2.28621 0.0 0.0 0.0
0.804923 0.326958 0.161987 2.79864 -0.212479 -2.28621 0.0 0.0 0.0
0.804923 0.326958 0.161987 2.79864 -0.212479 -2.28621 0.0 0.0 0.0
0.804923 0.326958 0.161987 2.79864 -0.212479 -2.28621 0.0 0.0 0.0
0.804923 0.326958 0.161987 2.79864 -0.212479 -2.28621 0.0 0.0 0.0
0.804923 0.326958 0.161987 2.79864 -0.212479 -2.28621 0.0 0.0 0.0
0.804923 0.326958 0.161987 2.79864 -0.212479 -2.28621 0.0 0.0 0.0
0.804923 0.326958 0.161987 2.79864 -0.212479 -2.28621 0.0 0.0 0.0
0.804923 0.326958 0.161987 2.79864 -0.212479 -2.28621 0.0 0.0 0.0
0.804923 0.326958 0.161987 2.79864 -0.212479 -2.28621 0.0 0.0 0.0
0.804923 0.326958 0.161987 2.79864 -0.212479 -2.28621 0.0 0.0 0.0
0.804923 0.326958 0.161987 2.79864 -0.212479 -2.28621 0.0 0.0 0.0
0.804923 0.326958 0.161987 2.79864 -0.212479 -2.28621 0.0 0.0 0.0
0.804923 0.326958 0.161987 2.79864 -0.212479 -2.28621 0.0 0.0 0.0
0.804923 0.326958 0.161987 2.79864 -0.212479 -2.28621 0.0 0.0 0.0
0.804923 0.326958 0.161987 2.79864 -0.212479 -2.28621 0.0 0.0 0.0
0.804923 0.326958 0.161987 2.79864 -0.212479 -2.28621 0.0 0.0 0.0
0.804923 0.326958 0.161987 2.79864 -0.212479 -2.28621 0.0 0.0 0.0
0.804923 0.326958 0.161987 2.79864 -0.212479 -2.28621 0.0 0.0 0.0
0.804923 0.326958 0.161987 2.79864 -0.212479 -2.28621 0.0 0.0 0.0
0.804923 0.326958 0.161987 2.79864 -0.212479 -2.28621 0.0 0.0 0.0
0.804923 0.326958 0.161987 2.79864 -0.212479 -2.28621 0.0 0.0 0.0
0.804923 0.326958 0.161987 2.79864 -0.212479 -2.28621 0.0 0.0 0.0
0.804923 0.326958 0.161987 2.79864 -0.212479 -2.28621 0.0 0.0 0.0
0.804923 0.326958 0.161987 2.79864 -0.212479 -2.28621 0.0 0.0 0.0
0.804923 0.326958 0.161987 2.79864 -0.212479 -2.28621 0.0 0.0 0.0
0.804923 0.326958 0.161987 2.79864 -0.212479 -2.28621 0.0 0.0 0.0
0.804923 0.326958 0.161987 2.79864 -0.212479 -2.28621 0.0 0.0 0.0
0.804923 0.326958 0.161987 2.79864 -0.212479 -2.28621 0.0 0.0 0.0
0.804923 0.326958 0.161987 2.79864 -0.212479 -2.28621 0.0 0.0 0.0
0.804923 0.326958 0.161987 2.79864 -0.212479 -2.28621 0.0 0.0 0.0
0.804923 0.326958 0.161987 2.79864 -0.212479 -2.28621 0.0 0.0 0.0
0.804923 0.326958 0.161987 2.79864 -0.212479 -2.28621 0.0 0.0 0.0
0.804923 0.326958 0.161987 2.79864 -0.212479 -2.28621 0.0 0.0 0.0
0.804923 0.326958 0.161987 2.79864 -0.212479 -2.28621 0.0 0.0 0.0
0.804923 0.326958 0.161987 2.79864 -0.212479 -2.28621 0.0 0.0 0.0
0.804923 0.326958 0.161987 2.79864 -0.212479 -2.28621 0.0 0.0 0.0
0.804923 0.326958 0.161987 2.79864 -0.212479 -2.28621 0.0 0.0 0.0
0.804923 0.326958 0.161987 2.79864 -0.212479 -2.28621 0.0 0.0 0.0
0.804923 0.326958 0.161987 2.79864 -0.212479 -2.28621 0.0 0.0 0.0
0.804923 0.326958 0.161987 2.79864 -0.212479 -2.28621 0.0 0.0 0.0
0.804923 0.326958 0.161987 2.79864 -0.212479 -2.28621 0.0 0.0 0.0
0.804923 0.326958 0.161987 2.79864 -0.212479 -2.28621 0.0 0.0 0.0
0.804923 0.326958 0.161987 2.79864 -0.212479 -2.28621 0.0 0.0 0.0
0.804923 0.326958 0.161987 2.79864 -0.212479 -2.28621 0.0 0.0 0.0
0.804923 0.326958 0.161987 2.79864 -0.212479 -2.28621 0.0 0.0 0.0
0.804923 0.326958 0.161987 2.79864 -0.212479 -2.28621 0.0 0.0 0.0
0.804923 0.326958 0.161987 2.79864 -0.212479 -2.28621 0.0 0.0 0.0
0.804923 0.326958 0.161987 2.79864 -0.212479 -2.28621 0.0 0.0 0.0
0.804923 0.326958 0.161987 2.79864 -0.212479 -2.28621 0.0 0.0 0.0
0.804923 0.326958 0.161987 2.79864 -0.212479 -2.28621 0.0 0.0 0.0
0.804923 0.326958 0.161987 2.79864 -0.212479 -2.28621 0.0 0.0 0.0
0.804923 0.326958 0.161987 2.79864 -0.212479 -2.28621 0.0 0.0 0.0
0.804923 0.326958 0.161987 2.79864 -0.212479 -2.28621 0.0 0.0 0.0
0.804923 0.326958 0.161987 2.79864 -0.212479 -2.28621 0.0 0.0 0.0
0.804923 0.326958 0.161987 2.79864 -0.212479 -2.28621 0.0 0.0 0.0
0.804923 0.326958 0.161987 2.79864 -0.212479 -2.28621 0.0 0.0 0.0
0.804923 0.326958 0.161987 2.79864 -0.212479 -2.28621 0.0 0.0 0.0
0.804923 0.326958 0.161987 2.79864 -0.212479 -2.28621 0.0 0.0 0.0
0.804923 0.326958 0.161987 2.79864 -0.212479 -2.28621 0.0 0.0 0.0
0.804923 0.326958 0.161987 2.79864 -0.212479 -2.28621 0.0 0.0 0.0
0.804923 0.326958 0.161987 2.79864 -0.212479 -2.28621 0.0 0.0 0.0
0.804923 0.326958 0.161987 2.79864 -0.212479 -2.28621 0.0 0.0 0.0
0.804923 0.326958 0.161987 2.79864 -0.212479 -2.28621 0.0 0.0 0.0
0.804923 0.326958 0.161987 2.79864 -0.212479 -2.28621 0.0 0.0 0.0
0.804923 0.326958 0.161987 2.79864 -0.212479 -2.28621 0.0 0.0 0.0
0.804923 0.326958 0.161987 2.79864 -0.212479 -2.28621 0.0 0.0 0.0
0.804923 0.326958 0.161987 2.79864 -0.212479 -2.28621 0.0 0.0 0.0
0.804923 0.326958 0.161987 2.79864 -0.212479 -2.28621 0.0 0.0 0.0
0.804923 0.326958 0.161987 2.79864 -0.212479 -2.28621 0.0 0.0 0.0
0.804923 0.326958 0.161987 2.79864 -0.212479 -2.28621 0.0 0.0 0.0
0.804923 0.326958 0.161987 2.79864 -0.212479 -2.28621 0.0 0.0 0.0
0.804923 0.326958 0.161987 2.79864 -0.212479 -2.28621 0.0 0.0 0.0
0.804923 0.326958 0.161987 2.79864 -0.212479 -2.28621 0.0 0.0 0.0
0.804923 0.326958 0.161987 2.79864 -0.212479 -2.28621 0.0 0.0 0.0
0.804923 0.326958 0.161987 2.79864 -0.212479 -2.28621 0.0 0.0 0.0
0.804923 0.326958 0.161987 2.79864 -0.212479 -2.28621 0.0 0.0 0.0
0.804923 0.326958 0.161987 2.79864 -0.212479 -2.28621 0.0 0.0 0.0
0.804923 0.326958 0.161987 2.79864 -0.212479 -2.28621 0.0 0.0 0.0
0.804923 0.326958 0.161987 2.79864 -0.212479 -2.28621 0.0 0.0 0.0
0.804923 0.326958 0.161987 2.79864 -0.212479 -2.28621 0.0 0.0 0.0
0.804923 0.326958 0.161987 2.79864 -0.212479 -2.28621 0.0 0.0 0.0
0.804923 0.326958 0.161987 2.79864 -0.212479 -2.28621 0.0 0.0 0.0
0.804923 0.326958 0.161987 2.79864 -0.212479 -2.28621 0.0 0.0 0.0
0.804923 0.326958 0.161987 2.79864 -0.212479 -2.28621 0.0 0.0 0.0
0.804923 0.326958 0.161987 2.79864 -0.212479 -2.28621 0.0 0.0 0.0
0.804923 0.326958 0.161987 2.79864 -0.212479 -2.28621 0.0 0.0 0.0
0.804923 0.326958 0.161987 2.79864 -0.212479 -2.28621 0.0 0.0 0.0
0.804923 0.326958 0.161987 2.79864 -0.212479 -2.28621 0.0 0.0 0.0
0.804923 0.326958 0.161987 2.79864 -0.212479 -2.28621 0.0 0.0 0.0
0.804923 0.326958 0.161987 2.79864 -0.212479 -2.28621 0.0 0.0 0.0
0.804923 0.326958 0.161987 2.79864 -0.212479 -2.28621 0.0 0.0 0.0
0.804923 0.326958 0.161987 2.79864 -0.212479 -2.28621 0.0 0.0 0.0
0.804923 0.326958 0.161987 2.79864 -0.212479 -2.28621 0.0 0.0 0.0
0.804923 0.326958 0.161987 2.79864 -0.212479 -2.28621 0.0 0.0 0.0
0.804923 0.326958 0.161987 2.79864 -0.212479 -2.28621 0.0 0.0 0.0
0.804923 0.326958 0.161987 2.79864 -0.212479 -2.28621 0.0 0.0 0.0
0.804923 0.326958 0.161987 2.79864 -0.212479 -2.28621 0.0 0.0 0.0
0.804923 0.326958 0.161987 2.79864 -0.212479 -2.28621 0.0 0.0 0.0
0.804923 0.326958 0.161987 2.79864 -0.212479 -2.28621 0.0 0.0 0.0
0.804923 0.326958 0.161987 2.79864 -0.212479 -2.28621 0.0 0.0 0.0
0.804923 0.326958 0.161987 2.79864 -0.212479 -2.28621 0.0 0.0 0.0
0.804923 0.326958 0.161987 2.79864 -0.212479 -2.28621 0.0 0.0 0.0
0.804923 0.326958 0.161987 2.79864 -0.212479 -2.28621 0.0 0.0 0.0
0.804923 0.326958 0.161987 2.79864 -0.212479 -2.28621 0.0 0.0 0.0
0.804923 0.326958 0.161987 2.79864 -0.212479 -2.28621 0.0 0.0 0.0
0.804923 0.326958 0.161987 2.79864 -0.212479 -2.28621 0.0 0.0 0.0
0.804923 0.326958 0.161987 2.79864 -0.212479 -2.28621 0.0 0.0 0.0
0.804923 0.326958 0.161987 2.79864 -0.212479 -2.28621 0.0 0.0 0.0
0.804923 0.326958 0.161987 2.79864 -0.212479 -2.28621 0.0 0.0 0.0
0.804923 0.326958 0.161987 2.79864 -0.212479 -2.28621 0.0 0.0 0.0
0.804923 0.326958 0.161987 2.79864 -0.212479 -2.28621 0.0 0.0 0.0
0.804923 0.326958 0.161987 2.79864 -0.212479 -2.28621 0.0 0.0 0.0
0.804923 0.326958 0.161987 2.79864 -0.212479 -2.28621 0.0 0.0 0.0
0.804923 0.326958 0.161987 2.79864 -0.212479 -2.28621 0.0 0.0 0.0
0.804923 0.326958 0.161987 2.79864 -0.212479 -2.28621 0.0 0.0 0.0
0.804923 0.326958 0.161987 2.79864 -0.212479 -2.28621 0.0 0.0 0.0
0.804923 0.326958 0.161987 2.79864 -0.212479 -2.28621 0.0 0.0 0.0
0.804923 0.326958 0.161987 2.79864 -0.212479 -2.28621 0.0 0.0 0.0
0.804923 0.326958 0.161987 2.79864 -0.212479 -2.28621 0.0 0.0 0.0
0.804923 0.326958 0.161987 2.79864 -0.212479 -2.28621 0.0 0.0 0.0
0.804923 0.326958 0.161987 2.79864 -0.212479 -2.28621 0.0 0.0 0.0
0.804923 0.326958 0.161987 2.79864 -0.212479 -2.28621 0.0 0.0 0.0
0.804923 0.326958 0.161987 2.79864 -0.212479 -2.28621 0.0 0.0 0.0
0.804923 0.326958 0.161987 2.79864 -0.212479 -2.28621 0.0 0.0 0.0
0.804923 0.326958 0.161987 2.79864 -0.212479 -2.28621 0.0 0.0 0.0
0.804923 0.326958 0.161987 2.79864 -0.212479 -2.28621 0.0 0.0 0.0
0.804923 0.326958 0.161987 2.79864 -0.212479 -2.28621 0.0 0.0 0.0
0.804923 0.326958 0.161987 2.79864 -0.212479 -2.28621 0.0 0.0 0.0
0.804923 0.326958 0.161987 2.79864 -0.212479 -2.28621 0.0 0.0 0.0
0.804923 0.326958 0.161987 2.79864 -0.212479 -2.28621 0.0 0.0 0.0
0.804923 0.326958 0.161987 2.79864 -0.212479 -2.28621 0.0 0.0 0.0
0.804923 0.326958 0.161987 2.79864 -0.212479 -2.28621 0.0 0.0 0.0
0.804923 0.326958 0.161987 2.79864 -0.212479 -2.28621 0.0 0.0 0.0
0.804923 0.326958 0.161987 2.79864 -0.212479 -2.28621 0.0 0.0 0.0
0.804923 0.326958 0.161987 2.79864 -0.212479 -2.28621 0.0 0.0 0.0
0.804923 0.326958 0.161987 2.79864 -0.212479 -2.28621 0.0 0.0 0.0
0.804923 0.326958 0.161987 2.79864 -0.212479 -2.28621 0.0 0.0 0.0
0.804923 0.326958 0.161987 2.79864 -0.212479 -2.28621 0.0 0.0 0.0
0.804923 0.326958 0.161987 2.79864 -0.212479 -2.28621 0.0 0.0 0.0
0.804923 0.326958 0.161987 2.79864 -0.212479 -2.28621 0.0 0.0 0.0
0.804923 0.326958 0.161987 2.79864 -0.212479 -2.28621 0.0 0.0 0.0
0.804923 0.326958 0.161987 2.79864 -0.212479 -2.28621 0.0 0.0 0.0
0.804923 0.326958 0.161987 2.79864 -0.212479 -2.28621 0.0 0.0 0.0
0.804923 0.326958 0.161987 2.79864 -0.212479 -2.28621 0.0 0.0 0.0
0.804923 0.326958 0.161987 2.79864 -0.212479 -2.28621 0.0 0.0 0.0
0.804923 0.326958 0.161987 2.79864 -0.212479 -2.28621 0.0 0.0 0.0
0.804923 0.326958 0.161987 2.79864 -0.212479 -2.28621 0.0 0.0 0.0
0.804923 0.326958 0.161987 2.79864 -0.212479 -2.28621 0.0 0.0 0.0
0.804923 0.326958 0.161987 2.79864 -0.212479 -2.28621 0.0 0.0 0.0
0.804923 0.326958 0.161987 2.79864 -0.212479 -2.28621 0.0 0.0 0.0
0.804923 0.326958 0.161987 2.79864 -0.212479 -2.28621 0.0 0.0 0.0
0.804923 0.326958 0.161987 2.79864 -0.212479 -2.28621 0.0 0.0 0.0
0.804923 0.326958 0.161987 2.79864 -0.212479 -2.28621 0.0 0.0 0.0
0.804923 0.326958 0.161987 2.79864 -0.212479 -2.28621 0.0 0.0 0.0
0.804923 0.326958 0.161987 2.79864 -0.212479 -2.28621 0.0 0.0 0.0
0.804923 0.326958 0.161987 2.79864 -0.212479 -2.28621 0.0 0.0 0.0
0.804923 0.326958 0.161987 2.79864 -0.212479 -2.28621 0.0 0.0 0.0
0.804923 0.326958 0.161987 2.79864 -0.212479 -2.28621 0.0 0.0 0.0
0.804923 0.326958 0.161987 2.79864 -0.212479 -2.28621 0.0 0.0 0.0
0.804923 0.326958 0.161987 2.79864 -0.212479 -2.28621 0.0 0.0 0.0
0.804923 0.326958 0.161987 2.79864 -0.212479 -2.28621 0.0 0.0 0.0
0.804923 0.326958 0.161987 2.79864 -0.212479 -2.28621 0.0 0.0 0.0
0.804923 0.326958 0.161987 2.79864 -0.212479 -2.28621 0.0 0.0 0.0
0.804923 0.326958 0.161987 2.79864 -0.212479 -2.28621 0.0 0.0 0.0
0.804923 0.326958 0.161987 2.79864 -0.212479 -2.28621 0.0 0.0 0.0
0.804923 0.326958 0.161987 2.79864 -0.212479 -2.28621 0.0 0.0 0.0
0.804923 0.326958 0.161987 2.79864 -0.212479 -2.28621 0.0 0.0 0.0
0.804923 0.326958 0.161987 2.79864 -0.212479 -2.28621 0.0 0.0 0.0
0.804923 0.326958 0.161987 2.79864 -0.212479 -2.28621 0.0 0.0 0.0
0.804923 0.326958 0.161987 2.79864 -0.212479 -2.28621 0.0 0.0 0.0
0.804923 0.326958 0.161987 2.79864 -0.212479 -2.28621 0.0 0.0 0.0
0.804923 0.326958 0.161987 2.79864 -0.212479 -2.28621 0.0 0.0 0.0
0.804923 0.326958 0.161987 2.79864 -0.212479 -2.28621 0.0 0.0 0.0
0.804923 0.326958 0.161987 2.79864 -0.212479 -2.28621 0.0 0.0 0.0
0.804923 0.326958 0.161987 2.79864 -0.212479 -2.28621 0.0 0.0 0.0
0.804923 0.326958 0.161987 2.79864 -0.212479 -2.28621 0.0 0.0 0.0
0.804923 0.326958 0.161987 2.79864 -0.212479 -2.28621 0.0 0.0 0.0
0.804923 0.326958 0.161987 2.79864 -0.212479 -2.28621 0.0 0.0 0.0
0.804923 0.326958 0.161987 2.79864 -0.212479 -2.28621 0.0 0.0 0.0
0.804923 0.326958 0.161987 2.79864 -0.212479 -2.28621 0.0 0.0 0.0
0.804923 0.326958 0.161987 2.79864 -0.212479 -2.28621 0.0 0.0 0.0
0.804923 0.326958 0.161987 2.79864 -0.212479 -2.28621 0.0 0.0 0.0
0.804923 0.326958 0.161987 2.79864 -0.212479 -2.28621 0.0 0.0 0.0
0.804923 0.326958 0.161987 2.79864 -0.212479 -2.28621 0.0 0.0 0.0
0.804923 0.326958 0.161987 2.79864 -0.212479 -2.28621 0.0 0.0 0.0
0.804923 0.326958 0.161987 2.79864 -0.212479 -2.28621 0.0 0.0 0.0
0.804923 0.326958 0.161987 2.79864 -0.212479 -2.28621 0.0 0.0 0.0
0.804923 0.326958 0.161987 2.79864 -0.212479 -2.28621 0.0 0.0 0.0
0.804923 0.326958 0.161987 2.79864 -0.212479 -2.28621 0.0 0.0 0.0
0.804923 0.326958 0.161987 2.79864 -0.212479 -2.28621 0.0 0.0 0.0
0.804923 0.326958 0.161987 2.79864 -0.212479 -2.28621 0.0 0.0 0.0
0.804923 0.326958 0.161987 2.79864 -0.212479 -2.28621 0.0 0.0 0.0
0.804923 0.326958 0.161987 2.79864 -0.212479 -2.28621 0.0 0.0 0.0
0.804923 0.326958 0.161987 2.79864 -0.212479 -2.28621 0.0 0.0 0.0
0.804923 0.326958 0.161987 2.79864 -0.212479 -2.28621 0.0 0.0 0.0
0.804923 0.326958 0.161987 2.79864 -0.212479 -2.28621 0.0 0.0 0.0
0.804923 0.326958 0.161987 2.79864 -0.212479 -2.28621 0.0 0.0 0.0
0.804923 0.326958 0.161987 2.79864 -0.212479 -2.28621 0.0 0.0 0.0
0.804923 0.326958 0.161987 2.79864 -0.212479 -2.28621 0.0 0.0 0.0
0.804923 0.326958 0.161987 2.79864 -0.212479 -2.28621 0.0 0.0 0.0
0.804923 0.326958 0.161987 2.79864 -0.212479 -2.28621 0.0 0.0 0.0
0.804923 0.326958 0.161987 2.79864 -0.212479 -2.28621 0.0 0.0 0.0
0.804923 0.326958 0.161987 2.79864 -0.212479 -2.28621 0.0 0.0 0.0
0.804923 0.326958 0.161987 2.79864 -0.212479 -2.28621 0.0 0.0 0.0
0.804923 0.326958 0.161987 2.79864 -0.212479 -2.28621 0.0 0.0 0.0
0.804923 0.326958 0.161987 2.79864 -0.212479 -2.28621 0.0 0.0 0.0
0.804923 0.326958 0.161987 2.79864 -0.212479 -2.28621 0.0 0.0 0.0
0.804923 0.326958 0.161987 2.79864 -0.212479 -2.28621 0.0 0.0 0.0
0.804923 0.326958 0.161987 2.79864 -0.212479 -2.28621 0.0 0.0 0.0
0.804923 0.326958 0.161987 2.79864 -0.212479 -2.28621 0.0 0.0 0.0
0.804923 0.326958 0.161987 2.79864 -0.212479 -2.28621 0.0 0.0 0.0
0.804923 0.326958 0.161987 2.79864 -0.212479 -2.28621 0.0 0.0 0.0
0.804923 0.326958 0.161987 2.79864 -0.212479 -2.28621 0.0 0.0 0.0
0.804923 0.326958 0.161987 2.79864 -0.212479 -2.28621 0.0 0.0 0.0
0.804923 0.326958 0.161987 2.79864 -0.212479 -2.28621 0.0 0.0 0.0
0.804923 0.326958 0.161987 2.79864 -0.212479 -2.28621 0.0 0.0 0.0
0.804923 0.326958 0.161987 2.79864 -0.212479 -2.28621 0.0 0.0 0.0
0.804923 0.326958 0.161987 2.79864 -0.212479 -2.28621 0.0 0.0 0.0
0.804923 0.326958 0.161987 2.79864 -0.212479 -2.28621 0.0 0.0 0.0
0.804923 0.326958 0.161987 2.79864 -0.212479 -2.28621 0.0 0.0 0.0
0.804923 0.326958 0.161987 2.79864 -0.212479 -2.28621 0.0 0.0 0.0
0.804923 0.326958 0.161987 2.79864 -0.212479 -2.28621 0.0 0.0 0.0
0.804923 0.326958 0.161987 2.79864 -0.212479 -2.28621 0.0 0.0 0.0
0.804923 0.326958 0.161987 2.79864 -0.212479 -2.28621 0.0 0.0 0.0
0.804923 0.326958 0.161987 2.79864 -0.212479 -2.28621 0.0 0.0 0.0
0.804923 0.326958 0.161987 2.79864 -0.212479 -2.28621 0.0 0.0 0.0
0.804923 0.326958 0.161987 2.79864 -0.212479 -2.28621 0.0 0.0 0.0
0.804923 0.326958 0.161987 2.79864 -0.212479 -2.28621 0.0 0.0 0.0
0.804923 0.326958 0.161987 2.79864 -0.212479 -2.28621 0.0 0.0 0.0
0.804923 0.326958 0.161987 2.79864 -0.212479 -2.28621 0.0 0.0 0.0
0.804923 0.326958 0.161987 2.79864 -0.212479 -2.28621 0.0 0.0 0.0
0.804923 0.326958 0.161987 2.79864 -0.212479 -2.28621 0.0 0.0 0.0
0.804923 0.326958 0.161987 2.79864 -0.212479 -2.28621 0.0 0.0 0.0
0.804923 0.326958 0.161987 2.79864 -0.212479 -2.28621 0.0 0.0 0.0
0.804923 0.326958 0.161987 2.79864 -0.212479 -2.28621 0.0 0.0 0.0
0.804923 0.326958 0.161987 2.79864 -0.212479 -2.28621 0.0 0.0 0.0
0.804923 0.326958 0.161987 2.79864 -0.212479 -2.28621 0.0 0.0 0.0
0.804923 0.326958 0.161987 2.79864 -0.212479 -2.28621 0.0 0.0 0.0
0.804923 0.326958 0.161987 2.79864 -0.212479 -2.28621 0.0 0.0 0.0
0.804923 0.326958 0.161987 2.79864 -0.212479 -2.28621 0.0 0.0 0.0
0.804923 0.326958 0.161987 2.79864 -0.212479 -2.28621 0.0 0.0 0.0
0.804923 0.326958 0.161987 2.79864 -0.212479 -2.28621 0.0 0.0 0.0
0.804923 0.326958 0.161987 2.79864 -0.212479 -2.28621 0.0 0.0 0.0
0.804923 0.326958 0.161987 2.79864 -0.212479 -2.28621 0.0 0.0 0.0
0.804923 0.326958 0.161987 2.79864 -0.212479 -2.28621 0.0 0.0 0.0
0.804923 0.326958 0.161987 2.79864 -0.212479 -2.28621 0.0 0.0 0.0
0.804923 0.326958 0.161987 2.79864 -0.212479 -2.28621 0.0 0.0 0.0
0.804923 0.326958 0.161987 2.79864 -0.212479 -2.28621 0.0 0.0 0.0
0.804923 0.326958 0.161987 2.79864 -0.212479 -2.28621 0.0 0.0 0.0
0.804923 0.326958 0.161987 2.79864 -0.212479 -2.28621 0.0 0.0 0.0
0.804923 0.326958 0.161987 2.79864 -0.212479 -2.28621 0.0 0.0 0.0
0.804923 0.326958 0.161987 2.79864 -0.212479 -2.28621 0.0 0.0 0.0
0.804923 0.326958 0.161987 2.79864 -0.212479 -2.28621 0.0 0.0 0.0
0.804923 0.326958 0.161987 2.79864 -0.212479 -2.28621 0.0 0.0 0.0
0.804923 0.326958 0.161987 2.79864 -0.212479 -2.28621 0.0 0.0 0.0
0.804923 0.326958 0.161987 2.79864 -0.212479 -2.28621 0.0 0.0 0.0
0.804923 0.326958 0.161987 2.79864 -0.212479 -2.28621 0.0 0.0 0.0
0.804923 0.326958 0.161987 2.79864 -0.212479 -2.28621 0.0 0.0 0.0
0.804923 0.326958 0.161987 2.79864 -0.212479 -2.28621 0.0 0.0 0.0
0.804923 0.326958 0.161987 2.79864 -0.212479 -2.28621 0.0 0.0 0.0
0.804923 0.326958 0.161987 2.79864 -0.212479 -2.28621 0.0 0.0 0.0
0.804923 0.326958 0.161987 2.79864 -0.212479 -2.28621 0.0 0.0 0.0
0.804923 0.326958 0.161987 2.79864 -0.212479 -2.28621 0.0 0.0 0.0
0.804923 0.326958 0.161987 2.79864 -0.212479 -2.28621 0.0 0.0 0.0
0.804923 0.326958 0.161987 2.79864 -0.212479 -2.28621 0.0 0.0 0.0
0.804923 0.326958 0.161987 2.79864 -0.212479 -2.28621 0.0 0.0 0.0
0.804923 0.326958 0.161987 2.79864 -0.212479 -2.28621 0.0 0.0 0.0
0.804923 0.326958 0.161987 2.79864 -0.212479 -2.28621 0.0 0.0 0.0
0.804923 0.326958 0.161987 2.79864 -0.212479 -2.28621 0.0 0.0 0.0
0.804923 0.326958 0.161987 2.79864 -0.212479 -2.28621 0.0 0.0 0.0
0.804923 0.326958 0.161987 2.79864 -0.212479 -2.28621 0.0 0.0 0.0
0.804923 0.326958 0.161987 2.79864 -0.212479 -2.28621 0.0 0.0 0.0
0.804923 0.326958 0.161987 2.79864 -0.212479 -2.28621 0.0 0.0 0.0
0.804923 0.326958 0.161987 2.79864 -0.212479 -2.28621 0.0 0.0 0.0
0.804923 0.326958 0.161987 2.79864 -0.212479 -2.28621 0.0 0.0 0.0
0.804923 0.326958 0.161987 2.79864 -0.212479 -2.28621 0.0 0.0 0.0
0.804923 0.326958 0.161987 2.79864 -0.212479 -2.28621 0.0 0.0 0.0
0.804923 0.326958 0.161987 2.79864 -0.212479 -2.28621 0.0 0.0 0.0
0.804923 0.326958 0.161987 2.79864 -0.212479 -2.28621 0.0 0.0 0.0
0.804923 0.326958 0.161987 2.79864 -0.212479 -2.28621 0.0 0.0 0.0
0.804923 0.326958 0.161987 2.79864 -0.212479 -2.28621 0.0 0.0 0.0
0.804923 0.326958 0.161987 2.79864 -0.212479 -2.28621 0.0 0.0 0.0
0.804923 0.326958 0.161987 2.79864 -0.212479 -2.28621 0.0 0.0 0.0
0.804923 0.326958 0.161987 2.79864 -0.212479 -2.28621 0.0 0.0 0.0
0.804923 0.326958 0.161987 2.79864 -0.212479 -2.28621 0.0 0.0 0.0
0.804923 0.326958 0.161987 2.79864 -0.212479 -2.28621 0.0 0.0 0.0
0.804923 0.326958 0.161987 2.79864 -0.212479 -2.28621 0.0 0.0 0.0
0.804923 0.326958 0.161987 2.79864 -0.212479 -2.28621 0.0 0.0 0.0
0.804923 0.326958 0.161987 2.79864 -0.212479 -2.28621 0.0 0.0 0.0
0.804923 0.326958 0.161987 2.79864 -0.212479 -2.28621 0.0 0.0 0.0
0.804923 0.326958 0.161987 2.79864 -0.212479 -2.28621 0.0 0.0 0.0
0.804923 0.326958 0.161987 2.79864 -0.212479 -2.28621 0.0 0.0 0.0
0.804923 0.326958 0.161987 2.79864 -0.212479 -2.28621 0.0 0.0 0.0
0.804923 0.326958 0.161987 2.79864 -0.212479 -2.28621 0.0 0.0 0.0
0.804923 0.326958 0.161987 2.79864 -0.212479 -2.28621 0.0 0.0 0.0
0.804923 0.326958 0.161987 2.79864 -0.212479 -2.28621 0.0 0.0 0.0
0.804923 0.326958 0.161987 2.79864 -0.212479 -2.28621 0.0 0.0 0.0
0.804923 0.326958 0.161987 2.79864 -0.212479 -2.28621 0.0 0.0 0.0
0.804923 0.326958 0.161987 2.79864 -0.212479 -2.28621 0.0 0.0 0.0
0.804923 0.326958 0.161987 2.79864 -0.212479 -2.28621 0.0 0.0 0.0
0.804923 0.326958 0.161987 2.79864 -0.212479 -2.28621 0.0 0.0 0.0
0.804923 0.326958 0.161987 2.79864 -0.212479 -2.28621 0.0 0.0 0.0
0.804923 0.326958 0.161987 2.79864 -0.212479 -2.28621 0.0 0.0 0.0
0.804923 0.326958 0.161987 2.79864 -0.212479 -2.28621 0.0 0.0 0.0
0.804923 0.326958 0.161987 2.79864 -0.212479 -2.28621 0.0 0.0 0.0
0.804923 0.326958 0.161987 2.79864 -0.212479 -2.28621 0.0 0.0 0.0
0.804923 0.326958 0.161987 2.79864 -0.212479 -2.28621 0.0 0.0 0.0
0.804923 0.326958 0.161987 2.79864 -0.212479 -2.28621 0.0 0.0 0.0
0.804923 0.326958 0.161987 2.79864 -0.212479 -2.28621 0.0 0.0 0.0
0.804923 0.326958 0.161987 2.79864 -0.212479 -2.28621 0.0 0.0 0.0
0.804923 0.326958 0.161987 2.79864 -0.212479 -2.28621 0.0 0.0 0.0
0.804923 0.326958 0.161987 2.79864 -0.212479 -2.28621 0.0 0.0 0.0
0.804923 0.326958 0.161987 2.79864 -0.212479 -2.28621 0.0 0.0 0.0
0.804923 0.326958 0.161987 2.79864 -0.212479 -2.28621 0.0 0.0 0.0
0.804923 0.326958 0.161987 2.79864 -0.212479 -2.28621 0.0 0.0 0.0
0.804923 0.326958 0.161987 2.79864 -0.212479 -2.28621 0.0 0.0 0.0
0.804923 0.326958 0.161987 2.79864 -0.212479 -2.28621 0.0 0.0 0.0
0.804923 0.326958 0.161987 2.79864 -0.212479 -2.28621 0.0 0.0 0.0
0.804923 0.326958 0.161987 2.79864 -0.212479 -2.28621 0.0 0.0 0.0
0.804923 0.326958 0.161987 2.79864 -0.212479 -2.28621 0.0 0.0 0.0
0.804923 0.326958 0.161987 2.79864 -0.212479 -2.28621 0.0 0.0 0.0
0.804923 0.326958 0.161987 2.79864 -0.212479 -2.28621 0.0 0.0 0.0
0.804923 0.326958 0.161987 2.79864 -0.212479 -2.28621 0.0 0.0 0.0
0.804923 0.326958 0.161987 2.79864 -0.212479 -2.28621 0.0 0.0 0.0
0.804923 0.326958 0.161987 2.79864 -0.212479 -2.28621 0.0 0.0 0.0
0.804923 0.326958 0.161987 2.79864 -0.212479 -2.28621 0.0 0.0 0.0
0.804923 0.326958 0.161987 2.79864 -0.212479 -2.28621 0.0 0.0 0.0
0.804923 0.326958 0.161987 2.79864 -0.212479 -2.28621 0.0 0.0 0.0
0.804923 0.326958 0.161987 2.79864 -0.212479 -2.28621 0.0 0.0 0.0
0.804923 0.326958 0.161987 2.79864 -0.212479 -2.28621 0.0 0.0 0.0
0.804923 0.326958 0.161987 2.79864 -0.212479 -2.28621 0.0 0.0 0.0
0.804923 0.326958 0.161987 2.79864 -0.212479 -2.28621 0.0 0.0 0.0
0.804923 0.326958 0.161987 2.79864 -0.212479 -2.28621 0.0 0.0 0.0
0.804923 0.326958 0.161987 2.79864 -0.212479 -2.28621 0.0 0.0 0.0
0.804923 0.326958 0.161987 2.79864 -0.212479 -2.28621 0.0 0.0 0.0
0.804923 0.326958 0.161987 2.79864 -0.212479 -2.28621 0.0 0.0 0.0
0.804923 0.326958 0.161987 2.79864 -0.212479 -2.28621 0.0 0.0 0.0
0.804923 0.326958 0.161987 2.79864 -0.212479 -2.28621 0.0 0.0 0.0
0.804923 0.326958 0.161987 2.79864 -0.212479 -2.28621 0.0 0.0 0.0
0.804923 0.326958 0.161987 2.79864 -0.212479 -2.28621 0.0 0.0 0.0
0.804923 0.326958 0.161987 2.79864 -0.212479 -2.28621 0.0 0.0 0.0
0.804923 0.326958 0.161987 2.79864 -0.212479 -2.28621 0.0 0.0 0.0
0.804923 0.326958 0.161987 2.79864 -0.212479 -2.28621 0.0 0.0 0.0
0.804923 0.326958 0.161987 2.79864 -0.212479 -2.28621 0.0 0.0 0.0
0.804923 0.326958 0.161987 2.79864 -0.212479 -2.28621 0.0 0.0 0.0
0.804923 0.326958 0.161987 2.79864 -0.212479 -2.28621 0.0 0.0 0.0
0.804923 0.326958 0.161987 2.79864 -0.212479 -2.28621 0.0 0.0 0.0
0.804923 0.326958 0.161987 2.79864 -0.212479 -2.28621 0.0 0.0 0.0
0.804923 0.326958 0.161987 2.79864 -0.212479 -2.28621 0.0 0.0 0.0
0.804923 0.326958 0.161987 2.79864 -0.212479 -2.28621 0.0 0.0 0.0
0.804923 0.326958 0.161987 2.79864 -0.212479 -2.28621 0.0 0.0 0.0
0.804923 0.326958 0.161987 2.79864 -0.212479 -2.28621 0.0 0.0 0.0
0.804923 0.326958 0.161987 2.79864 -0.212479 -2.28621 0.0 0.0 0.0
0.804923 0.326958 0.161987 2.79864 -0.212479 -2.28621 0.0 0.0 0.0
0.804923 0.326958 0.161987 2.79864 -0.212479 -2.28621 0.0 0.0 0.0
0.804923 0.326958 0.161987 2.79864 -0.212479 -2.28621 0.0 0.0 0.0
0.804923 0.326958 0.161987 2.79864 -0.212479 -2.28621 0.0 0.0 0.0
0.804923 0.326958 0.161987 2.79864 -0.212479 -2.28621 0.0 0.0 0.0
0.804923 0.326958 0.161987 2.79864 -0.212479 -2.28621 0.0 0.0 0.0
0.804923 0.326958 0.161987 2.79864 -0.212479 -2.28621 0.0 0.0 0.0
0.804923 0.326958 0.161987 2.79864 -0.212479 -2.28621 0.0 0.0 0.0
0.804923 0.326958 0.161987 2.79864 -0.212479 -2.28621 0.0 0.0 0.0
0.804923 0.326958 0.161987 2.79864 -0.212479 -2.28621 0.0 0.0 0.0
0.804923 0.326958 0.161987 2.79864 -0.212479 -2.28621 0.0 0.0 0.0
0.804923 0.326958 0.161987 2.79864 -0.212479 -2.28621 0.0 0.0 0.0
0.804923 0.326958 0.161987 2.79864 -0.212479 -2.28621 0.0 0.0 0.0
0.804923 0.326958 0.161987 2.79864 -0.212479 -2.28621 0.0 0.0 0.0
0.804923 0.326958 0.161987 2.79864 -0.212479 -2.28621 0.0 0.0 0.0
0.804923 0.326958 0.161987 2.79864 -0.212479 -2.28621 0.0 0.0 0.0
0.804923 0.326958 0.161987 2.79864 -0.212479 -2.28621 0.0 0.0 0.0
0.804923 0.326958 0.161987 2.79864 -0.212479 -2.28621 0.0 0.0 0.0
0.804923 0.326958 0.161987 2.79864 -0.212479 -2.28621 0.0 0.0 0.0
0.804923 0.326958 0.161987 2.79864 -0.212479 -2.28621 0.0 0.0 0.0
0.804923 0.326958 0.161987 2.79864 -0.212479 -2.28621 0.0 0.0 0.0
0.804923 0.326958 0.161987 2.79864 -0.212479 -2.28621 0.0 0.0 0.0
0.804923 0.326958 0.161987 2.79864 -0.212479 -2.28621 0.0 0.0 0.0
0.804923 0.326958 0.161987 2.79864 -0.212479 -2.28621 0.0 0.0 0.0
0.804923 0.326958 0.161987 2.79864 -0.212479 -2.28621 0.0 0.0 0.0
0.804923 0.326958 0.161987 2.79864 -0.212479 -2.28621 0.0 0.0 0.0
0.804923 0.326958 0.161987 2.79864 -0.212479 -2.28621 0.0 0.0 0.0
0.804923 0.326958 0.161987 2.79864 -0.212479 -2.28621 0.0 0.0 0.0
0.804923 0.326958 0.161987 2.79864 -0.212479 -2.28621 0.0 0.0 0.0
0.804923 0.326958 0.161987 2.79864 -0.212479 -2.28621 0.0 0.0 0.0
0.804923 0.326958 0.161987 2.79864 -0.212479 -2.28621 0.0 0.0 0.0
0.804923 0.326958 0.161987 2.79864 -0.212479 -2.28621 0.0 0.0 0.0
0.804923 0.326958 0.161987 2.79864 -0.212479 -2.28621 0.0 0.0 0.0
0.804923 0.326958 0.161987 2.79864 -0.212479 -2.28621 0.0 0.0 0.0
0.804923 0.326958 0.161987 2.79864 -0.212479 -2.28621 0.0 0.0 0.0
0.804923 0.326958 0.161987 2.79864 -0.212479 -2.28621 0.0 0.0 0.0
0.804923 0.326958 0.161987 2.79864 -0.212479 -2.28621 0.0 0.0 0.0
0.804923 0.326958 0.161987 2.79864 -0.212479 -2.28621 0.0 0.0 0.0
0.804923 0.326958 0.161987 2.79864 -0.212479 -2.28621 0.0 0.0 0.0
0.804923 0.326958 0.161987 2.79864 -0.212479 -2.28621 0.0 0.0 0.0
0.804923 0.326958 0.161987 2.79864 -0.212479 -2.28621 0.0 0.0 0.0
0.804923 0.326958 0.161987 2.79864 -0.212479 -2.28621 0.0 0.0 0.0
0.804923 0.326958 0.161987 2.79864 -0.212479 -2.28621 0.0 0.0 0.0
0.804923 0.326958 0.161987 2.79864 -0.212479 -2.28621 0.0 0.0 0.0
0.804923 0.326958 0.161987 2.79864 -0.212479 -2.28621 0.0 0.0 0.0
0.804923 0.326958 0.161987 2.79864 -0.212479 -2.28621 0.0 0.0 0.0
0.804923 0.326958 0.161987 2.79864 -0.212479 -2.28621 0.0 0.0 0.0
0.804923 0.326958 0.161987 2.79864 -0.212479 -2.28621 0.0 0.0 0.0
0.804923 0.326958 0.161987 2.79864 -0.212479 -2.28621 0.0 0.0 0.0
0.804923 0.326958 0.161987 2.79864 -0.212479 -2.28621 0.0 0.0 0.0
0.804923 0.326958 0.161987 2.79864 -0.212479 -2.28621 0.0 0.0 0.0
0.804923 0.326958 0.161987 2.79864 -0.212479 -2.28621 0.0 0.0 0.0
0.804923 0.326958 0.161987 2.79864 -0.212479 -2.28621 0.0 0.0 0.0
0.804923 0.326958 0.161987 2.79864 -0.212479 -2.28621 0.0 0.0 0.0
0.804923 0.326958 0.161987 2.79864 -0.212479 -2.28621 0.0 0.0 0.0
0.804923 0.326958 0.161987 2.79864 -0.212479 -2.28621 0.0 0.0 0.0
0.804923 0.326958 0.161987 2.79864 -0.212479 -2.28621 0.0 0.0 0.0
0.804923 0.326958 0.161987 2.79864 -0.212479 -2.28621 0.0 0.0 0.0
0.804923 0.326958 0.161987 2.79864 -0.212479 -2.28621 0.0 0.0 0.0
0.804923 0.326958 0.161987 2.79864 -0.212479 -2.28621 0.0 0.0 0.0
0.804923 0.326958 0.161987 2.79864 -0.212479 -2.28621 0.0 0.0 0.0
0.804923 0.326958 0.161987 2.79864 -0.212479 -2.28621 0.0 0.0 0.0
0.804923 0.326958 0.161987 2.79864 -0.212479 -2.28621 0.0 0.0 0.0
0.804923 0.326958 0.161987 2.79864 -0.212479 -2.28621 0.0 0.0 0.0
0.804923 0.326958 0.161987 2.79864 -0.212479 -2.28621 0.0 0.0 0.0
0.804923 0.326958 0.161987 2.79864 -0.212479 -2.28621 0.0 0.0 0.0
0.804923 0.326958 0.161987 2.79864 -0.212479 -2.28621 0.0 0.0 0.0
0.804923 0.326958 0.161987 2.79864 -0.212479 -2.28621 0.0 0.0 0.0
0.804923 0.326958 0.161987 2.79864 -0.212479 -2.28621 0.0 0.0 0.0
0.804923 0.326958 0.161987 2.79864 -0.212479 -2.28621 0.0 0.0 0.0
0.804923 0.326958 0.161987 2.79864 -0.212479 -2.28621 0.0 0.0 0.0
0.804923 0.326958 0.161987 2.79864 -0.212479 -2.28621 0.0 0.0 0.0
0.804923 0.326958 0.161987 2.79864 -0.212479 -2.28621 0.0 0.0 0.0
0.804923 0.326958 0.161987 2.79864 -0.212479 -2.28621 0.0 0.0 0.0
0.804923 0.326958 0.161987 2.79864 -0.212479 -2.28621 0.0 0.0 0.0
0.804923 0.326958 0.161987 2.79864 -0.212479 -2.28621 0.0 0.0 0.0
0.804923 0.326958 0.161987 2.79864 -0.212479 -2.28621 0.0 0.0 0.0
0.804923 0.326958 0.161987 2.79864 -0.212479 -2.28621 0.0 0.0 0.0
0.804923 0.326958 0.161987 2.79864 -0.212479 -2.28621 0.0 0.0 0.0
0.804923 0.326958 0.161987 2.79864 -0.212479 -2.28621 0.0 0.0 0.0
0.804923 0.326958 0.161987 2.79864 -0.212479 -2.28621 0.0 0.0 0.0
0.804923 0.326958 0.161987 2.79864 -0.212479 -2.28621 0.0 0.0 0.0
0.804923 0.326958 0.161987 2.79864 -0.212479 -2.28621 0.0 0.0 0.0
0.804923 0.326958 0.161987 2.79864 -0.212479 -2.28621 0.0 0.0 0.0
0.804923 0.326958 0.161987 2.79864 -0.212479 -2.28621 0.0 0.0 0.0
0.804923 0.326958 0.161987 2.79864 -0.212479 -2.28621 0.0 0.0 0.0
0.804923 0.326958 0.161987 2.79864 -0.212479 -2.28621 0.0 0.0 0.0
0.804923 0.326958 0.161987 2.79864 -0.212479 -2.28621 0.0 0.0 0.0
0.804923 0.326958 0.161987 2.79864 -0.212479 -2.28621 0.0 0.0 0.0
0.804923 0.326958 0.161987 2.79864 -0.212479 -2.28621 0.0 0.0 0.0
0.804923 0.326958 0.161987 2.79864 -0.212479 -2.28621 0.0 0.0 0.0
0.804923 0.326958 0.161987 2.79864 -0.212479 -2.28621 0.0 0.0 0.0
0.804923 0.326958 0.161987 2.79864 -0.212479 -2.28621 0.0 0.0 0.0
0.804923 0.326958 0.161987 2.79864 -0.212479 -2.28621 0.0 0.0 0.0
0.804923 0.326958 0.161987 2.79864 -0.212479 -2.28621 0.0 0.0 0.0
0.804923 0.326958 0.161987 2.79864 -0.212479 -2.28621 0.0 0.0 0.0
0.804923 0.326958 0.161987 2.79864 -0.212479 -2.28621 0.0 0.0 0.0
0.804923 0.326958 0.161987 2.79864 -0.212479 -2.28621 0.0 0.0 0.0
0.804923 0.326958 0.161987 2.79864 -0.212479 -2.28621 0.0 0.0 0.0
0.804923 0.326958 0.161987 2.79864 -0.212479 -2.28621 0.0 0.0 0.0
0.804923 0.326958 0.161987 2.79864 -0.212479 -2.28621 0.0 0.0 0.0
0.804923 0.326958 0.161987 2.79864 -0.212479 -2.28621 0.0 0.0 0.0
0.804923 0.326958 0.161987 2.79864 -0.212479 -2.28621 0.0 0.0 0.0
0.804923 0.326958 0.161987 2.79864 -0.212479 -2.28621 0.0 0.0 0.0
0.804923 0.326958 0.161987 2.79864 -0.212479 -2.28621 0.0 0.0 0.0
0.804923 0.326958 0.161987 2.79864 -0.212479 -2.28621 0.0 0.0 0.0
0.804923 0.326958 0.161987 2.79864 -0.212479 -2.28621 0.0 0.0 0.0
0.804923 0.326958 0.161987 2.79864 -0.212479 -2.28621 0.0 0.0 0.0
0.804923 0.326958 0.161987 2.79864 -0.212479 -2.28621 0.0 0.0 0.0
0.804923 0.326958 0.161987 2.79864 -0.212479 -2.28621 0.0 0.0 0.0
0.804923 0.326958 0.161987 2.79864 -0.212479 -2.28621 0.0 0.0 0.0
0.804923 0.326958 0.161987 2.79864 -0.212479 -2.28621 0.0 0.0 0.0
0.804923 0.326958 0.161987 2.79864 -0.212479 -2.28621 0.0 0.0 0.0
0.804923 0.326958 0.161987 2.79864 -0.212479 -2.28621 0.0 0.0 0.0
0.804923 0.326958 0.161987 2.79864 -0.212479 -2.28621 0.0 0.0 0.0
0.804923 0.326958 0.161987 2.79864 -0.212479 -2.28621 0.0 0.0 0.0
0.804923 0.326958 0.161987 2.79864 -0.212479 -2.28621 0.0 0.0 0.0
0.804923 0.326958 0.161987 2.79864 -0.212479 -2.28621 0.0 0.0 0.0
0.804923 0.326958 0.161987 2.79864 -0.212479 -2.28621 0.0 0.0 0.0
0.804923 0.326958 0.161987 2.79864 -0.212479 -2.28621 0.0 0.0 0.0
0.804923 0.326958 0.161987 2.79864 -0.212479 -2.28621 0.0 0.0 0.0
0.804923 0.326958 0.161987 2.79864 -0.212479 -2.28621 0.0 0.0 0.0
0.804923 0.326958 0.161987 2.79864 -0.212479 -2.28621 0.0 0.0 0.0
0.804923 0.326958 0.161987 2.79864 -0.212479 -2.28621 0.0 0.0 0.0
0.804923 0.326958 0.161987 2.79864 -0.212479 -2.28621 0.0 0.0 0.0
0.804923 0.326958 0.161987 2.79864 -0.212479 -2.28621 0.0 0.0 0.0
0.804923 0.326958 0.161987 2.79864 -0.212479 -2.28621 0.0 0.0 0.0
0.804923 0.326958 0.161987 2.79864 -0.212479 -2.28621 0.0 0.0 0.0
0.804923 0.326958 0.161987 2.79864 -0.212479 -2.28621 0.0 0.0 0.0
0.804923 0.326958 0.161987 2.79864 -0.212479 -2.28621 0.0 0.0 0.0
0.804923 0.326958 0.161987 2.79864 -0.212479 -2.28621 0.0 0.0 0.0
0.804923 0.326958 0.161987 2.79864 -0.212479 -2.28621 0.0 0.0 0.0
0.804923 0.326958 0.161987 2.79864 -0.212479 -2.28621 0.0 0.0 0.0
0.804923 0.326958 0.161987 2.79864 -0.212479 -2.28621 0.0 0.0 0.0
0.804923 0.326958 0.161987 2.79864 -0.212479 -2.28621 0.0 0.0 0.0
0.804923 0.326958 0.161987 2.79864 -0.212479 -2.28621 0.0 0.0 0.0
0.804923 0.326958 0.161987 2.79864 -0.212479 -2.28621 0.0 0.0 0.0
0.804923 0.326958 0.161987 2.79864 -0.212479 -2.28621 0.0 0.0 0.0
0.804923 0.326958 0.161987 2.79864 -0.212479 -2.28621 0.0 0.0 0.0
0.804923 0.326958 0.161987 2.79864 -0.212479 -2.28621 0.0 0.0 0.0
0.804923 0.326958 0.161987 2.79864 -0.212479 -2.28621 0.0 0.0 0.0
0.804923 0.326958 0.161987 2.79864 -0.212479 -2.28621 0.0 0.0 0.0
0.804923 0.326958 0.161987 2.79864 -0.212479 -2.28621 0.0 0.0 0.0
0.804923 0.326958 0.161987 2.79864 -0.212479 -2.28621 0.0 0.0 0.0
0.804923 0.326958 0.161987 2.79864 -0.212479 -2.28621 0.0 0.0 0.0
0.804923 0.326958 0.161987 2.79864 -0.212479 -2.28621 0.0 0.0 0.0
0.804923 0.326958 0.161987 2.79864 -0.212479 -2.28621 0.0 0.0 0.0
0.804923 0.326958 0.161987 2.79864 -0.212479 -2.28621 0.0 0.0 0.0
0.804923 0.326958 0.161987 2.79864 -0.212479 -2.28621 0.0 0.0 0.0
0.804923 0.326958 0.161987 2.79864 -0.212479 -2.28621 0.0 0.0 0.0
0.804923 0.326958 0.161987 2.79864 -0.212479 -2.28621 0.0 0.0 0.0
0.804923 0.326958 0.161987 2.79864 -0.212479 -2.28621 0.0 0.0 0.0
0.804923 0.326958 0.161987 2.79864 -0.212479 -2.28621 0.0 0.0 0.0
0.804923 0.326958 0.161987 2.79864 -0.212479 -2.28621 0.0 0.0 0.0
0.804923 0.326958 0.161987 2.79864 -0.212479 -2.28621 0.0 0.0 0.0
0.804923 0.326958 0.161987 2.79864 -0.212479 -2.28621 0.0 0.0 0.0
0.804923 0.326958 0.161987 2.79864 -0.212479 -2.28621 0.0 0.0 0.0
0.804923 0.326958 0.161987 2.79864 -0.212479 -2.28621 0.0 0.0 0.0
0.804923 0.326958 0.161987 2.79864 -0.212479 -2.28621 0.0 0.0 0.0
0.804923 0.326958 0.161987 2.79864 -0.212479 -2.28621 0.0 0.0 0.0
0.804923 0.326958 0.161987 2.79864 -0.212479 -2.28621 0.0 0.0 0.0
0.804923 0.326958 0.161987 2.79864 -0.212479 -2.28621 0.0 0.0 0.0
0.804923 0.326958 0.161987 2.79864 -0.212479 -2.28621 0.0 0.0 0.0
0.804923 0.326958 0.161987 2.79864 -0.212479 -2.28621 0.0 0.0 0.0
0.804923 0.326958 0.161987 2.79864 -0.212479 -2.28621 0.0 0.0 0.0
0.804923 0.326958 0.161987 2.79864 -0.212479 -2.28621 0.0 0.0 0.0
0.804923 0.326958 0.161987 2.79864 -0.212479 -2.28621 0.0 0.0 0.0
0.804923 0.326958 0.161987 2.79864 -0.212479 -2.28621 0.0 0.0 0.0
0.804923 0.326958 0.161987 2.79864 -0.212479 -2.28621 0.0 0.0 0.0
0.804923 0.326958 0.161987 2.79864 -0.212479 -2.28621 0.0 0.0 0.0
0.804923 0.326958 0.161987 2.79864 -0.212479 -2.28621 0.0 0.0 0.0
0.804923 0.326958 0.161987 2.79864 -0.212479 -2.28621 0.0 0.0 0.0
0.804923 0.326958 0.161987 2.79864 -0.212479 -2.28621 0.0 0.0 0.0
0.804923 0.326958 0.161987 2.79864 -0.212479 -2.28621 0.0 0.0 0.0
0.804923 0.326958 0.161987 2.79864 -0.212479 -2.28621 0.0 0.0 0.0
0.804923 0.326958 0.161987 2.79864 -0.212479 -2.28621 0.0 0.0 0.0
0.804923 0.326958 0.161987 2.79864 -0.212479 -2.28621 0.0 0.0 0.0
0.804923 0.326958 0.161987 2.79864 -0.212479 -2.28621 0.0 0.0 0.0
0.804923 0.326958 0.161987 2.79864 -0.212479 -2.28621 0.0 0.0 0.0
0.804923 0.326958 0.161987 2.79864 -0.212479 -2.28621 0.0 0.0 0.0
0.804923 0.326958 0.161987 2.79864 -0.212479 -2.28621 0.0 0.0 0.0
0.804923 0.326958 0.161987 2.79864 -0.212479 -2.28621 0.0 0.0 0.0
0.804923 0.326958 0.161987 2.79864 -0.212479 -2.28621 0.0 0.0 0.0
0.804923 0.326958 0.161987 2.79864 -0.212479 -2.28621 0.0 0.0 0.0
0.804923 0.326958 0.161987 2.79864 -0.212479 -2.28621 0.0 0.0 0.0
0.804923 0.326958 0.161987 2.79864 -0.212479 -2.28621 0.0 0.0 0.0
0.804923 0.326958 0.161987 2.79864 -0.212479 -2.28621 0.0 0.0 0.0
0.804923 0.326958 0.161987 2.79864 -0.212479 -2.28621 0.0 0.0 0.0
0.804923 0.326958 0.161987 2.79864 -0.212479 -2.28621 0.0 0.0 0.0
0.804923 0.326958 0.161987 2.79864 -0.212479 -2.28621 0.0 0.0 0.0
0.804923 0.326958 0.161987 2.79864 -0.212479 -2.28621 0.0 0.0 0.0
0.804923 0.326958 0.161987 2.79864 -0.212479 -2.28621 0.0 0.0 0.0
0.804923 0.326958 0.161987 2.79864 -0.212479 -2.28621 0.0 0.0 0.0
0.804923 0.326958 0.161987 2.79864 -0.212479 -2.28621 0.0 0.0 0.0
0.804923 0.326958 0.161987 2.79864 -0.212479 -2.28621 0.0 0.0 0.0
0.804923 0.326958 0.161987 2.79864 -0.212479 -2.28621 0.0 0.0 0.0
0.804923 0.326958 0.161987 2.79864 -0.212479 -2.28621 0.0 0.0 0.0
0.804923 0.326958 0.161987 2.79864 -0.212479 -2.28621 0.0 0.0 0.0
0.804923 0.326958 0.161987 2.79864 -0.212479 -2.28621 0.0 0.0 0.0
0.804923 0.326958 0.161987 2.79864 -0.212479 -2.28621 0.0 0.0 0.0
0.804923 0.326958 0.161987 2.79864 -0.212479 -2.28621 0.0 0.0 0.0
0.804923 0.326958 0.161987 2.79864 -0.212479 -2.28621 0.0 0.0 0.0
0.804923 0.326958 0.161987 2.79864 -0.212479 -2.28621 0.0 0.0 0.0
0.804923 0.326958 0.161987 2.79864 -0.212479 -2.28621 0.0 0.0 0.0
0.804923 0.326958 0.161987 2.79864 -0.212479 -2.28621 0.0 0.0 0.0
0.804923 0.326958 0.161987 2.79864 -0.212479 -2.28621 0.0 0.0 0.0
0.804923 0.326958 0.161987 2.79864 -0.212479 -2.28621 0.0 0.0 0.0
0.804923 0.326958 0.161987 2.79864 -0.212479 -2.28621 0.0 0.0 0.0
0.804923 0.326958 0.161987 2.79864 -0.212479 -2.28621 0.0 0.0 0.0
0.804923 0.326958 0.161987 2.79864 -0.212479 -2.28621 0.0 0.0 0.0
0.804923 0.326958 0.161987 2.79864 -0.212479 -2.28621 0.0 0.0 0.0
0.804923 0.326958 0.161987 2.79864 -0.212479 -2.28621 0.0 0.0 0.0
0.804923 0.326958 0.161987 2.79864 -0.212479 -2.28621 0.0 0.0 0.0
0.804923 0.326958 0.161987 2.79864 -0.212479 -2.28621 0.0 0.0 0.0
0.804923 0.326958 0.161987 2.79864 -0.212479 -2.28621 0.0 0.0 0.0
0.804923 0.326958 0.161987 2.79864 -0.212479 -2.28621 0.0 0.0 0.0
0.804923 0.326958 0.161987 2.79864 -0.212479 -2.28621 0.0 0.0 0.0
0.804923 0.326958 0.161987 2.79864 -0.212479 -2.28621 0.0 0.0 0.0
0.804923 0.326958 0.161987 2.79864 -0.212479 -2.28621 0.0 0.0 0.0
0.804923 0.326958 0.161987 2.79864 -0.212479 -2.28621 0.0 0.0 0.0
0.804923 0.326958 0.161987 2.79864 -0.212479 -2.28621 0.0 0.0 0.0
0.804923 0.326958 0.161987 2.79864 -0.212479 -2.28621 0.0 0.0 0.0
0.804923 0.326958 0.161987 2.79864 -0.212479 -2.28621 0.0 0.0 0.0
0.804923 0.326958 0.161987 2.79864 -0.212479 -2.28621 0.0 0.0 0.0
0.804923 0.326958 0.161987 2.79864 -0.212479 -2.28621 0.0 0.0 0.0
0.804923 0.326958 0.161987 2.79864 -0.212479 -2.28621 0.0 0.0 0.0
0.804923 0.326958 0.161987 2.79864 -0.212479 -2.28621 0.0 0.0 0.0
0.804923 0.326958 0.161987 2.79864 -0.212479 -2.28621 0.0 0.0 0.0
0.804923 0.326958 0.161987 2.79864 -0.212479 -2.28621 0.0 0.0 0.0
0.804923 0.326958 0.161987 2.79864 -0.212479 -2.28621 0.0 0.0 0.0
0.804923 0.326958 0.161987 2.79864 -0.212479 -2.28621 0.0 0.0 0.0
0.804923 0.326958 0.161987 2.79864 -0.212479 -2.28621 0.0 0.0 0.0
0.804923 0.326958 0.161987 2.79864 -0.212479 -2.28621 0.0 0.0 0.0
0.804923 0.326958 0.161987 2.79864 -0.212479 -2.28621 0.0 0.0 0.0
0.804923 0.326958 0.161987 2.79864 -0.212479 -2.28621 0.0 0.0 0.0
0.804923 0.326958 0.161987 2.79864 -0.212479 -2.28621 0.0 0.0 0.0
0.804923 0.326958 0.161987 2.79864 -0.212479 -2.28621 0.0 0.0 0.0
0.804923 0.326958 0.161987 2.79864 -0.212479 -2.28621 0.0 0.0 0.0
0.804923 0.326958 0.161987 2.79864 -0.212479 -2.28621 0.0 0.0 0.0
0.804923 0.326958 0.161987 2.79864 -0.212479 -2.28621 0.0 0.0 0.0
0.804923 0.326958 0.161987 2.79864 -0.212479 -2.28621 0.0 0.0 0.0
0.804923 0.326958 0.161987 2.79864 -0.212479 -2.28621 0.0 0.0 0.0
0.804923 0.326958 0.161987 2.79864 -0.212479 -2.28621 0.0 0.0 0.0
0.804923 0.326958 0.161987 2.79864 -0.212479 -2.28621 0.0 0.0 0.0
0.804923 0.326958 0.161987 2.79864 -0.212479 -2.28621 0.0 0.0 0.0
0.804923 0.326958 0.161987 2.79864 -0.212479 -2.28621 0.0 0.0 0.0
0.804923 0.326958 0.161987 2.79864 -0.212479 -2.28621 0.0 0.0 0.0
0.804923 0.326958 0.161987 2.79864 -0.212479 -2.28621 0.0 0.0 0.0
0.804923 0.326958 0.161987 2.79864 -0.212479 -2.28621 0.0 0.0 0.0
0.804923 0.326958 0.161987 2.79864 -0.212479 -2.28621 0.0 0.0 0.0
0.804923 0.326958 0.161987 2.79864 -0.212479 -2.28621 0.0 0.0 0.0
0.804923 0.326958 0.161987 2.79864 -0.212479 -2.28621 0.0 0.0 0.0
0.804923 0.326958 0.161987 2.79864 -0.212479 -2.28621 0.0 0.0 0.0
0.804923 0.326958 0.161987 2.79864 -0.212479 -2.28621 0.0 0.0 0.0
0.804923 0.326958 0.161987 2.79864 -0.212479 -2.28621 0.0 0.0 0.0
0.804923 0.326958 0.161987 2.79864 -0.212479 -2.28621 0.0 0.0 0.0
0.804923 0.326958 0.161987 2.79864 -0.212479 -2.28621 0.0 0.0 0.0
0.804923 0.326958 0.161987 2.79864 -0.212479 -2.28621 0.0 0.0 0.0
0.804923 0.326958 0.161987 2.79864 -0.212479 -2.28621 0.0 0.0 0.0
0.804923 0.326958 0.161987 2.79864 -0.212479 -2.28621 0.0 0.0 0.0
0.804923 0.326958 0.161987 2.79864 -0.212479 -2.28621 0.0 0.0 0.0
0.804923 0.326958 0.161987 2.79864 -0.212479 -2.28621 0.0 0.0 0.0
0.804923 0.326958 0.161987 2.79864 -0.212479 -2.28621 0.0 0.0 0.0
0.804923 0.326958 0.161987 2.79864 -0.212479 -2.28621 0.0 0.0 0.0
0.804923 0.326958 0.161987 2.79864 -0.212479 -2.28621 0.0 0.0 0.0
0.804923 0.326958 0.161987 2.79864 -0.212479 -2.28621 0.0 0.0 0.0
0.804923 0.326958 0.161987 2.79864 -0.212479 -2.28621 0.0 0.0 0.0
0.804923 0.326958 0.161987 2.79864 -0.212479 -2.28621 0.0 0.0 0.0
0.804923 0.326958 0.161987 2.79864 -0.212479 -2.28621 0.0 0.0 0.0
0.804923 0.326958 0.161987 2.79864 -0.212479 -2.28621 0.0 0.0 0.0
0.804923 0.326958 0.161987 2.79864 -0.212479 -2.28621 0.0 0.0 0.0
0.804923 0.326958 0.161987 2.79864 -0.212479 -2.28621 0.0 0.0 0.0
0.804923 0.326958 0.161987 2.79864 -0.212479 -2.28621 0.0 0.0 0.0
0.804923 0.326958 0.161987 2.79864 -0.212479 -2.28621 0.0 0.0 0.0
0.804923 0.326958 0.161987 2.79864 -0.212479 -2.28621 0.0 0.0 0.0
0.804923 0.326958 0.161987 2.79864 -0.212479 -2.28621 0.0 0.0 0.0
0.804923 0.326958 0.161987 2.79864 -0.212479 -2.28621 0.0 0.0 0.0
0.804923 0.326958 0.161987 2.79864 -0.212479 -2.28621 0.0 0.0 0.0
0.804923 0.326958 0.161987 2.79864 -0.212479 -2.28621 0.0 0.0 0.0
0.804923 0.326958 0.161987 2.79864 -0.212479 -2.28621 0.0 0.0 0.0
0.804923 0.326958 0.161987 2.79864 -0.212479 -2.28621 0.0 0.0 0.0
0.804923 0.326958 0.161987 2.79864 -0.212479 -2.28621 0.0 0.0 0.0
0.804923 0.326958 0.161987 2.79864 -0.212479 -2.28621 0.0 0.0 0.0
0.804923 0.326958 0.161987 2.79864 -0.212479 -2.28621 0.0 0.0 0.0
0.804923 0.326958 0.161987 2.79864 -0.212479 -2.28621 0.0 0.0 0.0
0.804923 0.326958 0.161987 2.79864 -0.212479 -2.28621 0.0 0.0 0.0
0.804923 0.326958 0.161987 2.79864 -0.212479 -2.28621 0.0 0.0 0.0
0.804923 0.326958 0.161987 2.79864 -0.212479 -2.28621 0.0 0.0 0.0
0.804923 0.326958 0.161987 2.79864 -0.212479 -2.28621 0.0 0.0 0.0
0.804923 0.326958 0.161987 2.79864 -0.212479 -2.28621 0.0 0.0 0.0
0.804923 0.326958 0.161987 2.79864 -0.212479 -2.28621 0.0 0.0 0.0
0.804923 0.326958 0.161987 2.79864 -0.212479 -2.28621 0.0 0.0 0.0
0.804923 0.326958 0.161987 2.79864 -0.212479 -2.28621 0.0 0.0 0.0
0.804923 0.326958 0.161987 2.79864 -0.212479 -2.28621 0.0 0.0 0.0
0.804923 0.326958 0.161987 2.79864 -0.212479 -2.28621 0.0 0.0 0.0
0.804923 0.326958 0.161987 2.79864 -0.212479 -2.28621 0.0 0.0 0.0
0.804923 0.326958 0.161987 2.79864 -0.212479 -2.28621 0.0 0.0 0.0
0.804923 0.326958 0.161987 2.79864 -0.212479 -2.28621 0.0 0.0 0.0
0.804923 0.326958 0.161987 2.79864 -0.212479 -2.28621 0.0 0.0 0.0
0.804923 0.326958 0.161987 2.79864 -0.212479 -2.28621 0.0 0.0 0.0
0.804923 0.326958 0.161987 2.79864 -0.212479 -2.28621 0.0 0.0 0.0
0.804923 0.326958 0.161987 2.79864 -0.212479 -2.28621 0.0 0.0 0.0
0.804923 0.326958 0.161987 2.79864 -0.212479 -2.28621 0.0 0.0 0.0
0.804923 0.326958 0.161987 2.79864 -0.212479 -2.28621 0.0 0.0 0.0
0.804923 0.326958 0.161987 2.79864 -0.212479 -2.28621 0.0 0.0 0.0
0.804923 0.326958 0.161987 2.79864 -0.212479 -2.28621 0.0 0.0 0.0
0.804923 0.326958 0.161987 2.79864 -0.212479 -2.28621 0.0 0.0 0.0
0.804923 0.326958 0.161987 2.79864 -0.212479 -2.28621 0.0 0.0 0.0
0.804923 0.326958 0.161987 2.79864 -0.212479 -2.28621 0.0 0.0 0.0
0.804923 0.326958 0.161987 2.79864 -0.212479 -2.28621 0.0 0.0 0.0
0.804923 0.326958 0.161987 2.79864 -0.212479 -2.28621 0.0 0.0 0.0
0.804923 0.326958 0.161987 2.79864 -0.212479 -2.28621 0.0 0.0 0.0
0.804923 0.326958 0.161987 2.79864 -0.212479 -2.28621 0.0 0.0 0.0
0.804923 0.326958 0.161987 2.79864 -0.212479 -2.28621 0.0 0.0 0.0
0.804923 0.326958 0.161987 2.79864 -0.212479 -2.28621 0.0 0.0 0.0
0.804923 0.326958 0.161987 2.79864 -0.212479 -2.28621 0.0 0.0 0.0
0.804923 0.326958 0.161987 2.79864 -0.212479 -2.28621 0.0 0.0 0.0
0.804923 0.326958 0.161987 2.79864 -0.212479 -2.28621 0.0 0.0 0.0
0.804923 0.326958 0.161987 2.79864 -0.212479 -2.28621 0.0 0.0 0.0
0.804923 0.326958 0.161987 2.79864 -0.212479 -2.28621 0.0 0.0 0.0
0.804923 0.326958 0.161987 2.79864 -0.212479 -2.28621 0.0 0.0 0.0
0.804923 0.326958 0.161987 2.79864 -0.212479 -2.28621 0.0 0.0 0.0
0.804923 0.326958 0.161987 2.79864 -0.212479 -2.28621 0.0 0.0 0.0
0.804923 0.326958 0.161987 2.79864 -0.212479 -2.28621 0.0 0.0 0.0
0.804923 0.326958 0.161987 2.79864 -0.212479 -2.28621 0.0 0.0 0.0
0.804923 0.326958 0.161987 2.79864 -0.212479 -2.28621 0.0 0.0 0.0
0.804923 0.326958 0.161987 2.79864 -0.212479 -2.28621 0.0 0.0 0.0
0.804923 0.326958 0.161987 2.79864 -0.212479 -2.28621 0.0 0.0 0.0
0.804923 0.326958 0.161987 2.79864 -0.212479 -2.28621 0.0 0.0 0.0
0.804923 0.326958 0.161987 2.79864 -0.212479 -2.28621 0.0 0.0 0.0
0.804923 0.326958 0.161987 2.79864 -0.212479 -2.28621 0.0 0.0 0.0
0.804923 0.326958 0.161987 2.79864 -0.212479 -2.28621 0.0 0.0 0.0
0.804923 0.326958 0.161987 2.79864 -0.212479 -2.28621 0.0 0.0 0.0
0.804923 0.326958 0.161987 2.79864 -0.212479 -2.28621 0.0 0.0 0.0
0.804923 0.326958 0.161987 2.79864 -0.212479 -2.28621 0.0 0.0 0.0
0.804923 0.326958 0.161987 2.79864 -0.212479 -2.28621 0.0 0.0 0.0
0.804923 0.326958 0.161987 2.79864 -0.212479 -2.28621 0.0 0.0 0.0
0.804923 0.326958 0.161987 2.79864 -0.212479 -2.28621 0.0 0.0 0.0
0.804923 0.326958 0.161987 2.79864 -0.212479 -2.28621 0.0 0.0 0.0
0.804923 0.326958 0.161987 2.79864 -0.212479 -2.28621 0.0 0.0 0.0
0.804923 0.326958 0.161987 2.79864 -0.212479 -2.28621 0.0 0.0 0.0
0.804923 0.326958 0.161987 2.79864 -0.212479 -2.28621 0.0 0.0 0.0
0.804923 0.326958 0.161987 2.79864 -0.212479 -2.28621 0.0 0.0 0.0
0.804923 0.326958 0.161987 2.79864 -0.212479 -2.28621 0.0 0.0 0.0
0.804923 0.326958 0.161987 2.79864 -0.212479 -2.28621 0.0 0.0 0.0
0.804923 0.326958 0.161987 2.79864 -0.212479 -2.28621 0.0 0.0 0.0
0.804923 0.326958 0.161987 2.79864 -0.212479 -2.28621 0.0 0.0 0.0
0.804923 0.326958 0.161987 2.79864 -0.212479 -2.28621 0.0 0.0 0.0
0.804923 0.326958 0.161987 2.79864 -0.212479 -2.28621 0.0 0.0 0.0
0.804923 0.326958 0.161987 2.79864 -0.212479 -2.28621 0.0 0.0 0.0
0.804923 0.326958 0.161987 2.79864 -0.212479 -2.28621 0.0 0.0 0.0
0.804923 0.326958 0.161987 2.79864 -0.212479 -2.28621 0.0 0.0 0.0
0.804923 0.326958 0.161987 2.79864 -0.212479 -2.28621 0.0 0.0 0.0
0.804923 0.326958 0.161987 2.79864 -0.212479 -2.28621 0.0 0.0 0.0
0.804923 0.326958 0.161987 2.79864 -0.212479 -2.28621 0.0 0.0 0.0
0.804923 0.326958 0.161987 2.79864 -0.212479 -2.28621 0.0 0.0 0.0
0.804923 0.326958 0.161987 2.79864 -0.212479 -2.28621 0.0 0.0 0.0
0.804923 0.326958 0.161987 2.79864 -0.212479 -2.28621 0.0 0.0 0.0
0.804923 0.326958 0.161987 2.79864 -0.212479 -2.28621 0.0 0.0 0.0
0.804923 0.326958 0.161987 2.79864 -0.212479 -2.28621 0.0 0.0 0.0
0.804923 0.326958 0.161987 2.79864 -0.212479 -2.28621 0.0 0.0 0.0
0.804923 0.326958 0.161987 2.79864 -0.212479 -2.28621 0.0 0.0 0.0
0.804923 0.326958 0.161987 2.79864 -0.212479 -2.28621 0.0 0.0 0.0
0.804923 0.326958 0.161987 2.79864 -0.212479 -2.28621 0.0 0.0 0.0
0.804923 0.326958 0.161987 2.79864 -0.212479 -2.28621 0.0 0.0 0.0
0.804923 0.326958 0.161987 2.79864 -0.212479 -2.28621 0.0 0.0 0.0
0.804923 0.326958 0.161987 2.79864 -0.212479 -2.28621 0.0 0.0 0.0
0.804923 0.326958 0.161987 2.79864 -0.212479 -2.28621 0.0 0.0 0.0
0.804923 0.326958 0.161987 2.79864 -0.212479 -2.28621 0.0 0.0 0.0
0.804923 0.326958 0.161987 2.79864 -0.212479 -2.28621 0.0 0.0 0.0
0.804923 0.326958 0.161987 2.79864 -0.212479 -2.28621 0.0 0.0 0.0
0.804923 0.326958 0.161987 2.79864 -0.212479 -2.28621 0.0 0.0 0.0
0.804923 0.326958 0.161987 2.79864 -0.212479 -2.28621 0.0 0.0 0.0
0.804923 0.326958 0.161987 2.79864 -0.212479 -2.28621 0.0 0.0 0.0
0.804923 0.326958 0.161987 2.79864 -0.212479 -2.28621 0.0 0.0 0.0
0.804923 0.326958 0.161987 2.79864 -0.212479 -2.28621 0.0 0.0 0.0
0.804923 0.326958 0.161987 2.79864 -0.212479 -2.28621 0.0 0.0 0.0
0.804923 0.326958 0.161987 2.79864 -0.212479 -2.28621 0.0 0.0 0.0
0.804923 0.326958 0.161987 2.79864 -0.212479 -2.28621 0.0 0.0 0.0
0.804923 0.326958 0.161987 2.79864 -0.212479 -2.28621 0.0 0.0 0.0
0.804923 0.326958 0.161987 2.79864 -0.212479 -2.28621 0.0 0.0 0.0
0.804923 0.326958 0.161987 2.79864 -0.212479 -2.28621 0.0 0.0 0.0
0.804923 0.326958 0.161987 2.79864 -0.212479 -2.28621 0.0 0.0 0.0
0.804923 0.326958 0.161987 2.79864 -0.212479 -2.28621 0.0 0.0 0.0
0.804923 0.326958 0.161987 2.79864 -0.212479 -2.28621 0.0 0.0 0.0
0.804923 0.326958 0.161987 2.79864 -0.212479 -2.28621 0.0 0.0 0.0
0.804923 0.326958 0.161987 2.79864 -0.212479 -2.28621 0.0 0.0 0.0
0.804923 0.326958 0.161987 2.79864 -0.212479 -2.28621 0.0 0.0 0.0
0.804923 0.326958 0.161987 2.79864 -0.212479 -2.28621 0.0 0.0 0.0
0.804923 0.326958 0.161987 2.79864 -0.212479 -2.28621 0.0 0.0 0.0
0.804923 0.326958 0.161987 2.79864 -0.212479 -2.28621 0.0 0.0 0.0
0.804923 0.326958 0.161987 2.79864 -0.212479 -2.28621 0.0 0.0 0.0
0.804923 0.326958 0.161987 2.79864 -0.212479 -2.28621 0.0 0.0 0.0
0.804923 0.326958 0.161987 2.79864 -0.212479 -2.28621 0.0 0.0 0.0
0.804923 0.326958 0.161987 2.79864 -0.212479 -2.28621 0.0 0.0 0.0
0.804923 0.326958 0.161987 2.79864 -0.212479 -2.28621 0.0 0.0 0.0
0.804923 0.326958 0.161987 2.79864 -0.212479 -2.28621 0.0 0.0 0.0
0.804923 0.326958 0.161987 2.79864 -0.212479 -2.28621 0.0 0.0 0.0
0.804923 0.326958 0.161987 2.79864 -0.212479 -2.28621 0.0 0.0 0.0
0.804923 0.326958 0.161987 2.79864 -0.212479 -2.28621 0.0 0.0 0.0
0.804923 0.326958 0.161987 2.79864 -0.212479 -2.28621 0.0 0.0 0.0
