0.640795 0.129649 0.0725387 -0.456906 0.500721 -0.735197
0.640155 0.130411 0.0726334 -0.463445 0.468306 -0.752269
0.639516 0.131174 0.0727282 0.47061 -0.378117 0.797216
0.638876 0.131937 0.072823 0.462734 -0.363859 0.808383
0.638236 0.132699 0.0729178 0.449967 -0.347375 0.822715
0.637596 0.133462 0.0730126 0.436899 -0.330653 0.836533
0.636956 0.134225 0.0731074 0.423556 -0.313725 0.84981
0.636317 0.134987 0.0732021 0.409965 -0.296624 0.862521
0.635677 0.13575 0.0732969 0.411514 -0.290996 0.8637
0.635037 0.136513 0.0733917 0.418474 -0.281947 0.863357
0.634397 0.137275 0.0734865 0.420686 -0.273295 0.865062
0.633757 0.138038 0.0735813 0.422864 -0.264618 0.866697
0.633118 0.138801 0.0736761 0.425007 -0.255918 0.86826
0.632478 0.139563 0.0737708 0.413311 -0.258823 0.873032
0.631838 0.140326 0.0738656 0.39679 -0.265763 0.878594
0.631198 0.141089 0.0739604 0.37771 -0.272461 0.884929
0.630558 0.141851 0.0740552 0.369257 -0.268952 0.889559
0.629919 0.142614 0.07415 0.356247 -0.271776 0.893994
0.629279 0.143377 0.0742448 0.346986 -0.277588 0.895849
0.628639 0.144139 0.0743395 0.336023 -0.27776 0.899965
0.627999 0.144902 0.0744343 0.332606 -0.284954 0.898985
0.627359 0.145665 0.0745291 0.329169 -0.292128 0.897947
0.62672 0.146427 0.0746239 0.325522 -0.310724 0.893021
0.62608 0.14719 0.0747187 0.321707 -0.323415 0.889892
0.62544 0.147953 0.0748135 0.311495 -0.327979 0.891853
0.6248 0.148715 0.0749082 0.307471 -0.323176 0.894997
0.62416 0.149478 0.075003 0.303432 -0.318358 0.898096
0.62352 0.150241 0.0750978 0.299547 -0.298434 0.906206
0.622881 0.151003 0.0751926 0.298717 -0.276248 0.913485
0.622241 0.151766 0.0752874 0.301814 -0.254932 0.91865
0.621601 0.152529 0.0753822 0.29185 -0.249311 0.9234
0.620961 0.153291 0.0754769 0.31395 -0.154502 0.936784
0.620321 0.154054 0.0755717 0.310047 -0.138892 0.940521
0.619682 0.154817 0.0756665 0.306059 -0.123245 0.944001
0.619042 0.155579 0.0757613 0.30199 -0.107573 0.947222
0.618402 0.156342 0.0758561 0.26029 -0.0835987 0.961904
0.617762 0.157105 0.0759509 0.223848 -0.107491 0.968678
0.617122 0.157868 0.0760456 0.131092 -0.161437 0.978138
0.616483 0.15863 0.0761404 0.107439 -0.160482 0.981174
0.615843 0.159393 0.0762352 0.0870425 -0.156019 0.983911
0.615203 0.160156 0.07633 0.0666088 -0.151488 0.986212
0.614563 0.160918 0.0764248 0.0461652 -0.146894 0.988074
0.613923 0.161681 0.0765196 0.0191006 -0.0323102 0.999295
0.613284 0.162444 0.0766143 0.0366071 0.0153922 0.999211
0.612644 0.163206 0.0767091 0.0539346 0.0628232 0.996566
0.612004 0.163969 0.0768039 0.0808065 0.0445364 0.995734
0.611364 0.164732 0.0768987 0.10113 0.0216049 0.994639
0.610724 0.165494 0.0769935 0.0953002 0.0192753 0.995262
0.610085 0.166257 0.0770883 0.0884218 0.0122481 0.996008
0.609445 0.16702 0.077183 0.076746 0.000168538 0.997051
0.608805 0.167782 0.0772778 0.0732888 -0.00911081 0.997269
0.608165 0.168545 0.0773726 0.0715336 -0.013243 0.99735
0.607525 0.169308 0.0774674 0.0673656 -0.00975262 0.997681
0.606886 0.17007 0.0775622 0.0631974 -0.00626362 0.997981
0.606246 0.170833 0.077657 0.0590296 -0.00277626 0.998252
0.605606 0.171596 0.0777517 0.0524954 0.00487991 0.998609
0.604966 0.172358 0.0778465 0.0459402 0.00523404 0.99893
0.604326 0.173121 0.0779413 0.039383 0.00558793 0.999209
0.603687 0.173884 0.0780361 0.0328248 0.00594156 0.999443
0.603047 0.174646 0.0781309 0.0273395 0.00876219 0.999588
0.602407 0.175409 0.0782257 0.0221217 0.0115412 0.999689
0.601767 0.176172 0.0783204 0.0168966 0.0145099 0.999752
0.601127 0.176934 0.0784152 0.0116711 0.017478 0.999779
0.600488 0.177697 0.07851 0.00706723 0.0204674 0.999766
0.599848 0.17846 0.0786048 0.00425746 0.0228728 0.999729
0.599208 0.179222 0.0786996 0.00223459 0.0255866 0.99967
0.598568 0.179985 0.0787944 0.000211692 0.0283 0.999599
0.597928 0.180748 0.0788891 -0.00966586 0.0354182 0.999326
0.597289 0.18151 0.0789839 -0.0171773 0.0422923 0.998958
0.596649 0.182273 0.0790787 -0.0246871 0.0491622 0.998486
0.596009 0.183036 0.0791735 -0.032193 0.0560257 0.99791
0.595369 0.183798 0.0792683 -0.051495 0.0719547 0.996078
0.594729 0.184561 0.0793631 -0.0658164 0.083703 0.994315
0.59409 0.185324 0.0794578 -0.0756356 0.0930539 0.992784
0.59345 0.186086 0.0795526 -0.0856115 0.0982231 0.991475
0.59281 0.186849 0.0796474 -0.0908065 0.0964951 0.991183
0.59217 0.187612 0.0797422 -0.0954374 0.0943217 0.990957
0.59153 0.188374 0.079837 -0.100191 0.0844745 0.991376
0.590891 0.189137 0.0799318 -0.109207 0.0836497 0.990493
0.590251 0.1899 0.0800265 -0.118414 0.0950432 0.988405
0.589611 0.190662 0.0801213 -0.127595 0.106414 0.986101
0.588971 0.191425 0.0802161 -0.133167 0.110818 0.984879
0.588331 0.192188 0.0803109 -0.142064 0.119516 0.982616
0.587691 0.19295 0.0804057 -0.149395 0.129683 0.980236
0.587052 0.193713 0.0805005 -0.156701 0.139831 0.977697
0.586412 0.194476 0.0805952 -0.164727 0.150284 0.974823
0.585772 0.195238 0.08069 -0.17943 0.16197 0.970346
0.585132 0.196001 0.0807848 -0.190974 0.171567 0.966485
0.584492 0.196764 0.0808796 -0.203066 0.180835 0.962322
0.583853 0.197526 0.0809744 -0.215102 0.190054 0.95792
0.583213 0.198289 0.0810692 -0.228336 0.204779 0.951803
0.582573 0.199052 0.0811639 -0.233293 0.216473 0.948005
0.581933 0.199814 0.0812587 -0.238209 0.228128 0.944041
0.581293 0.200577 0.0813535 -0.244899 0.239684 0.939455
0.580654 0.20134 0.0814483 -0.253289 0.246782 0.935384
0.580014 0.202102 0.0815431 -0.258884 0.255434 0.931522
0.579374 0.202865 0.0816379 -0.260957 0.265984 0.927984
0.578734 0.203628 0.0817326 -0.262995 0.276498 0.924328
0.578094 0.20439 0.0818274 -0.270008 0.288307 0.918681
0.577455 0.205153 0.0819222 -0.277053 0.299751 0.912902
0.576815 0.205916 0.082017 -0.28404 0.311132 0.906928
0.576175 0.206678 0.0821118 0.309889 -0.294224 -0.904102
0.576221 0.207357 0.0822087 0.319163 -0.297969 -0.899639
0.577026 0.207942 0.082308 0.319582 -0.29767 -0.899589
0.577831 0.208527 0.0824072 0.32279 -0.302593 -0.896796
0.578636 0.209112 0.0825065 0.338849 -0.310608 -0.88809
0.57944 0.209697 0.0826058 0.354769 -0.318497 -0.879033
0.580245 0.210283 0.0827051 0.368762 -0.326218 -0.8704
0.58105 0.210868 0.0828044 0.358856 -0.315664 -0.878395
0.581855 0.211453 0.0829036 0.348436 -0.304625 -0.886451
0.58266 0.212038 0.0830029 0.337914 -0.293497 -0.894244
0.583465 0.212623 0.0831022 0.337555 -0.292089 -0.894841
0.584269 0.213208 0.0832015 0.339757 -0.293131 -0.893666
0.585074 0.213793 0.0833007 0.342866 -0.287045 -0.894454
0.585879 0.214379 0.0834 0.346087 -0.279986 -0.89545
0.586684 0.214964 0.0834993 0.351481 -0.275676 -0.894686
0.587489 0.215549 0.0835986 0.358481 -0.285047 -0.888954
0.588294 0.216134 0.0836978 0.361712 -0.293273 -0.884961
0.589098 0.216719 0.0837971 0.346363 -0.284059 -0.89406
0.589903 0.217304 0.0838964 0.330882 -0.274734 -0.902795
0.590708 0.217889 0.0839957 0.315286 -0.26531 -0.911156
0.591513 0.218474 0.0840949 0.301296 -0.255587 -0.918638
0.592318 0.21906 0.0841942 0.288547 -0.240619 -0.926738
0.593123 0.219645 0.0842935 0.275665 -0.225538 -0.93442
0.593927 0.22023 0.0843928 0.266452 -0.212185 -0.940203
0.594732 0.220815 0.0844921 0.266032 -0.20403 -0.942125
0.595537 0.2214 0.0845913 0.264708 -0.196098 -0.94418
0.596342 0.221985 0.0846906 0.269374 -0.189002 -0.944307
0.597147 0.22257 0.0847899 0.276008 -0.184816 -0.943219
0.597952 0.223156 0.0848892 0.286375 -0.186904 -0.939711
0.598756 0.223741 0.0849884 0.296138 -0.191331 -0.935786
0.599561 0.224326 0.0850877 0.295748 -0.216317 -0.930452
0.600366 0.224911 0.085187 0.296624 -0.226125 -0.927837
0.601171 0.225496 0.0852863 0.298385 -0.226481 -0.927185
0.601976 0.226081 0.0853855 0.291557 -0.235913 -0.927006
0.602781 0.226666 0.0854848 0.281783 -0.24896 -0.926616
0.603449 0.226307 0.0854162 0.266406 -0.243929 -0.932484
0.604057 0.225526 0.0852725 0.248416 -0.230726 -0.940774
0.604665 0.224745 0.0851289 -0.212146 0.206341 0.955206
0.605273 0.223964 0.0849853 -0.202353 0.194679 0.959767
0.605881 0.223184 0.0848417 -0.190698 0.182108 0.964609
0.606489 0.222403 0.084698 -0.17843 0.169218 0.969293
0.607097 0.221622 0.0845544 -0.165587 0.156198 0.973747
0.607705 0.220841 0.0844108 -0.155314 0.147624 0.976773
0.608313 0.22006 0.0842672 -0.145009 0.139019 0.979615
0.608921 0.219279 0.0841236 -0.135637 0.130337 0.982148
0.609529 0.218498 0.0839799 -0.126003 0.120256 0.984714
0.610137 0.217717 0.0838363 -0.121811 0.111704 0.986248
0.610745 0.216936 0.0836927 -0.117606 0.10314 0.98769
0.611353 0.216156 0.0835491 -0.113391 0.0945662 0.98904
0.61196 0.215375 0.0834054 -0.108406 0.0865682 0.99033
0.612568 0.214594 0.0832618 -0.101434 0.0821877 0.991442
0.613176 0.213813 0.0831182 -0.0937019 0.0787127 0.992484
0.613784 0.213032 0.0829746 -0.0859632 0.075232 0.993454
0.614392 0.212251 0.0828309 -0.0765269 0.066589 0.994841
0.615 0.21147 0.0826873 -0.0654801 0.0611994 0.995975
0.615608 0.210689 0.0825437 -0.0544197 0.0557987 0.996958
0.616216 0.209908 0.0824001 -0.043709 0.0504213 0.997771
0.616824 0.209128 0.0822565 -0.0329462 0.0404467 0.998638
0.617432 0.208347 0.0821128 -0.0295041 0.0339853 0.998987
0.61804 0.207566 0.0819692 -0.0273164 0.028314 0.999226
0.618648 0.206785 0.0818256 -0.0268593 0.0260903 0.999299
0.619256 0.206004 0.081682 -0.0271422 0.0268861 0.99927
0.619864 0.205223 0.0815383 -0.0244209 0.0270549 0.999336
0.620472 0.204442 0.0813947 -0.0202935 0.0267933 0.999435
0.62108 0.203661 0.0812511 -0.014283 0.0226991 0.99964
0.621688 0.202881 0.0811075 -0.00739398 0.016212 0.999841
0.622295 0.2021 0.0809639 0.0031695 0.0063697 0.999975
0.622903 0.201319 0.0808202 0.0108408 -0.00842667 0.999906
0.623511 0.200538 0.0806766 0.0172105 -0.0198791 0.999654
0.624119 0.199757 0.080533 0.0235765 -0.0313266 0.999231
0.624727 0.198976 0.0803894 0.0320934 -0.0383693 0.998748
0.625335 0.198195 0.0802457 0.0418555 -0.0382328 0.998392
0.625943 0.197414 0.0801021 0.0516144 -0.0380927 0.99794
0.626551 0.196633 0.0799585 0.0610128 -0.0379976 0.997413
0.627159 0.195853 0.0798149 0.0691301 -0.0410871 0.996761
0.627767 0.195072 0.0796713 0.0746718 -0.0483257 0.996037
0.628375 0.194291 0.0795276 0.0824298 -0.0530528 0.995184
0.628983 0.19351 0.079384 0.0901812 -0.0577756 0.994248
0.629591 0.192729 0.0792404 0.0996963 -0.0637345 0.992975
0.630199 0.191948 0.0790968 0.100862 -0.0664308 0.99268
0.630807 0.191167 0.0789531 0.102027 -0.0691266 0.992377
0.631415 0.190386 0.0788095 0.105941 -0.0701015 0.991898
0.632022 0.189605 0.0786659 0.113053 -0.0722737 0.990957
0.63263 0.188825 0.0785223 0.124453 -0.0766007 0.989264
0.633238 0.188044 0.0783786 0.137517 -0.0830909 0.987008
0.633846 0.187263 0.078235 0.152629 -0.0924688 0.983948
0.634454 0.186482 0.0780914 0.16216 -0.0990766 0.981778
0.635062 0.185701 0.0779478 0.172576 -0.106513 0.97922
0.63567 0.18492 0.0778042 0.180615 -0.112581 0.977089
0.636278 0.184139 0.0776605 0.188635 -0.118638 0.974855
0.636886 0.183358 0.0775169 0.201154 -0.128932 0.971037
0.637494 0.182578 0.0773733 0.204564 -0.133852 0.969658
0.638102 0.181797 0.0772297 0.204567 -0.135369 0.969447
0.63871 0.181016 0.077086 0.204569 -0.136886 0.969234
0.639318 0.180235 0.0769424 0.204571 -0.138402 0.969018
0.639926 0.179454 0.0767988 0.204572 -0.139918 0.9688
0.640534 0.178673 0.0766552 0.204063 -0.13527 0.969567
0.641142 0.177892 0.0765116 0.216117 -0.137863 0.966585
0.64175 0.177111 0.0763679 0.229716 -0.136679 0.963613
0.642357 0.17633 0.0762243 0.243275 -0.135467 0.960451
0.642965 0.17555 0.0760807 0.256784 -0.134229 0.957102
0.643573 0.174769 0.0759371 0.270237 -0.132966 0.953568
0.644181 0.173988 0.0757934 0.277228 -0.138934 0.950706
0.644789 0.173207 0.0756498 0.278726 -0.146487 0.949133
0.645397 0.172426 0.0755062 0.284115 -0.151311 0.946775
0.646005 0.171645 0.0753626 0.339529 -0.199275 0.919244
0.646613 0.170864 0.075219 0.366637 -0.228951 0.901753
0.647221 0.170083 0.0750753 0.393011 -0.258154 0.882553
0.647829 0.169302 0.0749317 0.42884 -0.292524 0.854708
0.648437 0.168522 0.0747881 0.442673 -0.307312 0.842378
0.649045 0.167741 0.0746445 0.454688 -0.319943 0.831201
0.649653 0.16696 0.0745008 0.466508 -0.332438 0.819668
0.650261 0.166179 0.0743572 0.478118 -0.34478 0.807794
0.650869 0.165398 0.0742136 0.428196 -0.286341 0.857121
0.651477 0.164617 0.07407 0.382247 -0.234438 0.893827
0.652084 0.163836 0.0739263 0.347916 -0.194566 0.917114
0.652692 0.163055 0.0737827 0.353268 -0.195173 0.914937
0.6533 0.162274 0.0736391 0.358596 -0.195772 0.912733
0.653908 0.161494 0.0734955 0.36737 -0.211719 0.905657
0.654516 0.160713 0.0733519 0.373148 -0.294001 0.879957
0.655124 0.159932 0.0732082 0.376142 -0.374144 0.847664
0.655732 0.159151 0.0730646 0.39308 -0.426412 0.814654
0.65634 0.15837 0.072921 0.390696 -0.442187 0.807358
0.656948 0.157589 0.0727774 0.388199 -0.457787 0.799833
0.657556 0.156808 0.0726337 0.402396 -0.454017 0.79495
0.658164 0.156027 0.0724901 -0.292796 0.222959 -0.929817
0.658772 0.155247 0.0723465 -0.226379 0.181971 -0.95689
0.65938 0.154466 0.0722029 -0.158735 0.13994 -0.977354
0.659988 0.153685 0.0720593 -0.0907168 0.0990755 -0.990936
0.660596 0.152904 0.0719156 -0.11292 0.142766 -0.983294
0.661186 0.152439 0.0717994 -0.120647 0.167406 -0.978478
0.661706 0.153294 0.0717973 -0.0679581 0.111921 -0.991391
0.662225 0.154149 0.0717952 -0.0507698 0.0919269 -0.994471
0.662744 0.155003 0.0717931 -0.0614125 0.107484 -0.992308
0.663263 0.155858 0.071791 -0.0858171 0.138593 -0.986624
0.663783 0.156712 0.0717889 -0.110108 0.16951 -0.979358
0.664302 0.157567 0.0717868 -0.224987 0.176812 -0.958185
0.664821 0.158422 0.0717848 -0.290545 0.154406 -0.944321
0.665341 0.159276 0.0717827 -0.325348 0.158522 -0.932212
0.66586 0.160131 0.0717806 -0.357963 0.163431 -0.919322
0.666379 0.160985 0.0717785 -0.389349 0.168022 -0.905636
0.666898 0.16184 0.0717764 -0.417647 0.172097 -0.892162
0.667418 0.162695 0.0717743 -0.396481 0.184891 -0.899232
0.667937 0.163549 0.0717722 -0.398619 0.19879 -0.895313
0.668456 0.164404 0.0717701 -0.406017 0.211606 -0.889029
0.668975 0.165258 0.071768 -0.413296 0.224344 -0.882528
0.669495 0.166113 0.071766 -0.422639 0.244114 -0.872803
0.670014 0.166968 0.0717639 -0.434748 0.273829 -0.857911
0.670533 0.167822 0.0717618 -0.463178 0.277821 -0.841595
0.671052 0.168677 0.0717597 -0.466231 0.275528 -0.840662
0.671572 0.169532 0.0717576 -0.469302 0.282748 -0.836546
0.672091 0.170386 0.0717555 -0.472337 0.289949 -0.832363
0.67261 0.171241 0.0717534 -0.475335 0.297128 -0.828113
0.673129 0.172095 0.0717513 -0.477292 0.299349 -0.826185
0.673649 0.17295 0.0717492 -0.478162 0.296348 -0.826764
0.674168 0.173805 0.0717472 -0.479027 0.293345 -0.827334
0.674687 0.174659 0.0717451 -0.482241 0.292516 -0.825759
0.675206 0.175514 0.071743 -0.489944 0.295828 -0.820025
0.675726 0.176368 0.0717409 -0.491641 0.300384 -0.817348
0.676245 0.177223 0.0717388 -0.48593 0.306465 -0.818505
0.676764 0.178078 0.0717367 -0.480184 0.312525 -0.819605
0.677284 0.178932 0.0717346 -0.488458 0.312453 -0.814728
0.677803 0.179787 0.0717325 -0.500441 0.310558 -0.808154
0.678322 0.180642 0.0717304 -0.512331 0.308604 -0.801424
0.677745 0.181432 0.0718921 -0.489661 0.308956 -0.81534
0.677153 0.182221 0.072056 -0.466352 0.312904 -0.82741
0.676561 0.18301 0.0722199 -0.442683 0.316636 -0.838912
0.675969 0.183799 0.0723838 0.455343 -0.437339 0.775498
0.675377 0.184588 0.0725477 0.454986 -0.450491 0.768144
0.674785 0.185377 0.0727116 0.426958 -0.425525 0.797894
0.674193 0.186166 0.0728755 0.388414 -0.386709 0.836415
0.673601 0.186955 0.0730393 0.351486 -0.350949 0.867924
0.673009 0.187745 0.0732032 0.339971 -0.353062 0.871647
0.672417 0.188534 0.0733671 0.328393 -0.355122 0.875241
0.671825 0.189323 0.073531 0.315989 -0.357056 0.879012
0.671233 0.190112 0.0736949 0.286042 -0.354813 0.890105
0.670641 0.190901 0.0738588 0.28385 -0.351594 0.892082
0.670049 0.19169 0.0740227 0.34531 -0.346277 0.872269
0.669457 0.192479 0.0741866 0.40539 -0.339497 0.848765
0.668865 0.193268 0.0743505 0.463351 -0.331352 0.821895
0.668274 0.194058 0.0745144 0.484791 -0.327751 0.810899
0.667682 0.194847 0.0746782 0.467022 -0.31586 0.825907
0.66709 0.195636 0.0748421 0.448912 -0.30374 0.840369
0.666498 0.196425 0.075006 0.430499 -0.291413 0.854254
0.665906 0.197214 0.0751699 0.387301 -0.260249 0.884459
0.665314 0.198003 0.0753338 0.365547 -0.24368 0.898329
0.664722 0.198792 0.0754977 0.343412 -0.226853 0.911376
0.66413 0.199581 0.0756616 0.320958 -0.209817 0.92356
0.663538 0.20037 0.0758255 0.29825 -0.192619 0.93485
0.662946 0.20116 0.0759894 0.266883 -0.170017 0.948614
0.662354 0.201949 0.0761533 0.257973 -0.152005 0.95412
0.661762 0.202738 0.0763172 0.248948 -0.133923 0.959213
0.66117 0.203527 0.076481 0.239691 -0.11638 0.963848
0.660578 0.204316 0.0766449 0.228124 -0.100364 0.968445
0.659986 0.205105 0.0768088 0.223655 -0.0974311 0.969786
0.659394 0.205894 0.0769727 0.219178 -0.0944957 0.971098
0.658802 0.206683 0.0771366 0.217108 -0.0923657 0.971768
0.65821 0.207473 0.0773005 0.211808 -0.11856 0.970093
0.657618 0.208262 0.0774644 0.207348 -0.130423 0.969534
0.657026 0.209051 0.0776283 0.202853 -0.142271 0.968819
0.656434 0.20984 0.0777922 0.179725 -0.157614 0.971008
0.655842 0.210629 0.0779561 0.15051 -0.133773 0.979516
0.65525 0.211418 0.07812 0.121067 -0.10973 0.986561
0.654658 0.212207 0.0782838 0.102442 -0.0912751 0.990542
0.654066 0.212996 0.0784477 0.0978966 -0.0821227 0.991802
0.653474 0.213786 0.0786116 0.104789 -0.0772464 0.99149
0.652882 0.214575 0.0787755 0.129725 -0.0855807 0.98785
0.65229 0.215364 0.0789394 0.154542 -0.0938452 0.983519
0.651698 0.216153 0.0791033 0.149862 -0.0906462 0.984543
0.651106 0.216942 0.0792672 0.135977 -0.0831913 0.987213
0.650514 0.217731 0.0794311 0.121343 -0.0752865 0.989751
0.649923 0.21852 0.079595 0.106686 -0.0673663 0.992008
0.649331 0.219309 0.0797589 0.0961337 -0.0550562 0.993845
0.648739 0.220099 0.0799227 0.0926764 -0.0484757 0.994516
0.648147 0.220888 0.0800866 0.0892144 -0.0418935 0.995131
0.647555 0.221677 0.0802505 0.0838609 -0.0325457 0.995946
0.646963 0.222466 0.0804144 0.072772 -0.0228191 0.997088
0.646371 0.223255 0.0805783 0.0604544 -0.0127998 0.998089
0.645779 0.224044 0.0807422 0.0481213 -0.00277709 0.998838
0.645187 0.224833 0.0809061 0.0302585 0.00992241 0.999493
0.644595 0.225622 0.08107 0.023607 0.0144926 0.999616
0.644003 0.226412 0.0812339 0.0170827 0.018663 0.99968
0.643411 0.227201 0.0813978 0.00971054 0.0154329 0.999834
0.642819 0.22799 0.0815617 0.000546631 0.00981868 0.999952
0.642227 0.228779 0.0817255 -0.00418291 0.00757581 0.999963
0.641635 0.229568 0.0818894 -0.00674954 0.0067335 0.999955
0.641043 0.230357 0.0820533 -0.0110534 0.012919 0.999855
0.640451 0.231146 0.0822172 -0.0153733 0.0191423 0.999699
0.639859 0.231935 0.0823811 -0.0228521 0.0279105 0.999349
0.639267 0.232725 0.082545 -0.0310844 0.0361964 0.998861
0.638675 0.233514 0.0827089 -0.0393136 0.0444784 0.998237
0.638083 0.234303 0.0828728 -0.0476851 0.0536642 0.99742
0.637491 0.235092 0.0830367 -0.0552831 0.0602712 0.99665
0.636899 0.235881 0.0832006 -0.0603329 0.0639038 0.996131
0.636307 0.23667 0.0833645 -0.0653807 0.0675341 0.995572
0.635715 0.237459 0.0835283 -0.0704259 0.0711617 0.994975
0.635123 0.238248 0.0836922 -0.0759708 0.0763926 0.994179
0.634531 0.239038 0.0838561 -0.0806523 0.083221 0.993262
0.633939 0.239827 0.08402 -0.0866261 0.0917991 0.992002
0.633347 0.240616 0.0841839 -0.0925902 0.100367 0.990633
0.632755 0.241405 0.0843478 -0.0989771 0.111127 0.988865
0.632164 0.242194 0.0845117 -0.103828 0.121825 0.987106
0.631572 0.242983 0.0846756 -0.108664 0.132507 0.985208
0.63098 0.243772 0.0848395 -0.113025 0.141092 0.983524
0.630388 0.244561 0.0850034 -0.123007 0.155486 0.98015
0.629796 0.24535 0.0851672 -0.13833 0.17585 0.974649
0.629204 0.24614 0.0853311 -0.153572 0.196112 0.968481
0.628612 0.246929 0.085495 -0.168702 0.216231 0.961657
0.62802 0.247718 0.0856589 0.174903 -0.22369 -0.958839
0.627428 0.248507 0.0858228 0.170623 -0.242286 -0.955084
0.628139 0.24913 0.0858521 0.186905 -0.262876 -0.946553
0.628929 0.249743 0.0858732 0.185895 -0.284748 -0.940405
0.629719 0.250356 0.0858944 0.184037 -0.306567 -0.933888
0.630508 0.250969 0.0859155 0.18191 -0.326138 -0.927654
0.631298 0.251581 0.0859366 0.199287 -0.319855 -0.926271
0.632088 0.252194 0.0859578 0.218672 -0.305263 -0.926821
0.632878 0.252807 0.0859789 0.237929 -0.29049 -0.926825
0.633668 0.25342 0.086 0.263772 -0.283707 -0.921919
0.634458 0.254033 0.0860212 0.24149 -0.272459 -0.931369
0.635248 0.254646 0.0860423 0.219022 -0.261009 -0.940162
0.636038 0.255259 0.0860634 0.206078 -0.25852 -0.943769
0.636828 0.255872 0.0860846 0.197686 -0.258099 -0.945677
0.637618 0.256485 0.0861057 0.190382 -0.255084 -0.947991
0.638407 0.257097 0.0861268 0.193576 -0.259548 -0.946131
0.639197 0.25771 0.086148 0.1994 -0.264639 -0.943507
0.639987 0.258323 0.0861691 0.205727 -0.264987 -0.94205
0.640777 0.258936 0.0861903 0.212047 -0.265323 -0.940553
0.641567 0.259549 0.0862114 0.220614 -0.26032 -0.93998
0.642357 0.260162 0.0862325 0.229423 -0.252482 -0.94001
0.643147 0.260775 0.0862537 0.235404 -0.247366 -0.939891
0.643937 0.261388 0.0862748 0.241076 -0.244014 -0.939329
0.644727 0.262 0.0862959 0.246388 -0.242947 -0.938227
0.645516 0.262613 0.0863171 0.239377 -0.240656 -0.940629
0.646306 0.263226 0.0863382 0.225872 -0.237609 -0.944735
0.647096 0.263839 0.0863593 0.215268 -0.235663 -0.947693
0.647886 0.264452 0.0863805 0.211106 -0.236163 -0.948505
0.648676 0.265065 0.0864016 0.206933 -0.236328 -0.949383
0.649466 0.265678 0.0864227 0.202296 -0.23218 -0.951403
0.650256 0.266291 0.0864439 0.197652 -0.228023 -0.953383
0.651046 0.266904 0.086465 0.191886 -0.223652 -0.955594
0.651836 0.267516 0.0864861 0.191911 -0.225457 -0.955165
0.652625 0.268129 0.0865073 0.181394 -0.219138 -0.958684
0.653415 0.268742 0.0865284 0.17087 -0.212797 -0.96204
0.654205 0.269355 0.0865496 0.165011 -0.212306 -0.96317
0.654781 0.268651 0.0863465 0.147631 -0.198736 -0.96887
0.655342 0.267852 0.0861274 0.130007 -0.185737 -0.973961
0.655902 0.267054 0.0859083 -0.0969357 0.151153 0.983746
0.656463 0.266255 0.0856891 -0.0792348 0.131797 0.988105
0.657023 0.265456 0.08547 -0.0614736 0.112343 0.991766
0.657584 0.264658 0.0852509 -0.0436259 0.0931736 0.994694
0.658145 0.263859 0.0850318 -0.0402592 0.094462 0.994714
0.658705 0.263061 0.0848127 -0.0377046 0.0966128 0.994608
0.659266 0.262262 0.0845936 -0.0351494 0.0987627 0.99449
0.659826 0.261463 0.0843745 -0.0338119 0.0992219 0.994491
0.660387 0.260665 0.0841553 -0.0263482 0.0958095 0.995051
0.660947 0.259866 0.0839362 -0.0182125 0.0910989 0.995675
0.661508 0.259068 0.0837171 -0.0140855 0.0863027 0.996169
0.662069 0.258269 0.083498 -0.00995811 0.0815034 0.996623
0.662629 0.257471 0.0832789 0.000920058 0.0692346 0.9976
0.66319 0.256672 0.0830598 0.010154 0.0588569 0.998215
0.66375 0.255873 0.0828407 0.0193859 0.0484679 0.998637
0.664311 0.255075 0.0826215 0.0255118 0.0402307 0.998865
0.664872 0.254276 0.0824024 0.0340931 0.0246044 0.999116
0.665432 0.253478 0.0821833 0.0402058 0.0140464 0.999093
0.665993 0.252679 0.0819642 0.0465639 0.00373211 0.998908
0.666553 0.25188 0.0817451 0.0529135 -0.00657991 0.998577
0.667114 0.251082 0.081526 0.0591058 -0.0128634 0.998169
0.667674 0.250283 0.0813068 0.0649707 -0.0182562 0.99772
0.668235 0.249485 0.0810877 0.0705962 -0.0237328 0.997223
0.668796 0.248686 0.0808686 0.0790145 -0.0315951 0.996373
0.669356 0.247887 0.0806495 0.080931 -0.045003 0.995703
0.669917 0.247089 0.0804304 0.0804421 -0.0561341 0.995177
0.670477 0.24629 0.0802113 0.0799432 -0.0672592 0.994528
0.671038 0.245492 0.0799922 0.0803435 -0.0773098 0.993765
0.671598 0.244693 0.079773 0.0824529 -0.0853414 0.992934
0.672159 0.243895 0.0795539 0.110091 -0.110404 0.987771
0.67272 0.243096 0.0793348 0.130844 -0.1254 0.98344
0.67328 0.242297 0.0791157 0.150641 -0.137519 0.978977
0.673841 0.241499 0.0788966 0.170327 -0.149546 0.973974
0.674401 0.2407 0.0786775 0.177112 -0.140836 0.974062
0.674962 0.239902 0.0784584 0.181635 -0.131204 0.974574
0.675522 0.239103 0.0782392 0.188865 -0.125749 0.973918
0.676083 0.238304 0.0780201 0.205598 -0.124284 0.970713
0.676644 0.237506 0.077801 0.214816 -0.121617 0.969053
0.677204 0.236707 0.0775819 0.224013 -0.118939 0.967301
0.677765 0.235909 0.0773628 0.228652 -0.117633 0.966375
0.678325 0.23511 0.0771437 0.230302 -0.117447 0.966006
0.678886 0.234312 0.0769246 0.231951 -0.117261 0.965634
0.679447 0.233513 0.0767054 0.239294 -0.122993 0.963126
0.680007 0.232714 0.0764863 0.250415 -0.131798 0.959125
0.680568 0.231916 0.0762672 0.261485 -0.140579 0.954915
0.681128 0.231117 0.0760481 0.272496 -0.149327 0.950499
0.681689 0.230319 0.075829 0.285729 -0.160416 0.944789
0.682249 0.22952 0.0756099 0.287264 -0.158769 0.944601
0.68281 0.228721 0.0753907 0.288498 -0.15854 0.944264
0.683371 0.227923 0.0751716 0.289889 -0.158349 0.94387
0.683931 0.227124 0.0749525 0.292052 -0.158096 0.943245
0.684492 0.226326 0.0747334 0.291757 -0.156485 0.943605
0.685052 0.225527 0.0745143 0.312915 -0.158172 0.936518
0.685613 0.224728 0.0742952 0.324529 -0.17903 0.928778
0.686173 0.22393 0.0740761 0.382123 -0.264518 0.885444
0.686734 0.223131 0.0738569 0.417749 -0.289247 0.861291
0.687295 0.222333 0.0736378 0.475589 -0.327237 0.816536
0.687855 0.221534 0.0734187 0.526482 -0.349417 0.775064
0.688416 0.220736 0.0731996 0.534898 -0.34402 0.771708
0.688976 0.219937 0.0729805 0.53401 -0.332782 0.777232
0.689537 0.219138 0.0727614 0.533039 -0.321508 0.782625
0.690097 0.21834 0.0725423 0.531986 -0.310204 0.787886
0.690658 0.217541 0.0723231 0.531594 -0.306337 0.789662
0.691219 0.216743 0.072104 0.499884 -0.303913 0.81102
0.691779 0.215944 0.0718849 0.484992 -0.293572 0.823771
0.69234 0.215145 0.0716658 0.469826 -0.283062 0.836146
0.6929 0.214347 0.0714467 0.454406 -0.272398 0.848124
0.693461 0.213548 0.0712276 0.438755 -0.261594 0.859688
0.694022 0.21275 0.0710085 0.441777 -0.254063 0.860398
0.694582 0.211951 0.0707893 0.456016 -0.250355 0.854033
0.695143 0.211152 0.0705702 0.47007 -0.246601 0.84748
0.695703 0.210354 0.0703511 0.474887 -0.245669 0.845061
0.696264 0.209555 0.070132 0.473221 -0.300275 0.828189
0.696824 0.208757 0.0699129 -0.508431 0.273074 -0.816657
0.697385 0.207958 0.0696938 -0.511835 0.283556 -0.810938
0.697946 0.20716 0.0694746 -0.523104 0.292987 -0.800325
0.698516 0.20707 0.0693199 -0.534445 0.29761 -0.791074
0.699098 0.20788 0.0692467 -0.529816 0.299271 -0.793556
0.69968 0.208689 0.0691735 -0.525175 0.300922 -0.796014
0.700263 0.209499 0.0691004 -0.520521 0.302562 -0.798445
0.700845 0.210309 0.0690272 -0.511474 0.303075 -0.804077
0.701427 0.211118 0.068954 -0.48698 0.299245 -0.82055
0.70201 0.211928 0.0688808 -0.463057 0.295311 -0.835685
0.702592 0.212737 0.0688077 -0.438775 0.29114 -0.850126
0.703174 0.213547 0.0687345 -0.447733 0.29758 -0.843197
0.703757 0.214357 0.0686613 -0.468075 0.306942 -0.828669
0.704339 0.215166 0.0685882 -0.48811 0.316097 -0.81353
0.704922 0.215976 0.068515 -0.507794 0.325027 -0.797811
0.705504 0.216786 0.0684418 -0.515531 0.328658 -0.791336
0.706086 0.217595 0.0683686 -0.509904 0.326436 -0.795888
0.706669 0.218405 0.0682955 -0.504247 0.324194 -0.800396
0.707251 0.219215 0.0682223 -0.49856 0.321935 -0.804858
0.707833 0.220024 0.0681491 -0.521175 0.325945 -0.788756
0.708416 0.220834 0.068076 -0.525294 0.324834 -0.786479
0.708998 0.221643 0.0680028 -0.52836 0.323464 -0.784988
0.70958 0.222453 0.0679296 -0.56312 0.28291 -0.776439
0.710163 0.223263 0.0678565 -0.614663 0.2164 -0.758525
0.710745 0.224072 0.0677833 -0.569114 0.281323 -0.772636
0.711327 0.224882 0.0677101 -0.544255 0.322007 -0.77466
0.71191 0.225692 0.0676369 -0.554267 0.326367 -0.765685
0.712492 0.226501 0.0675638 -0.557469 0.32706 -0.763059
0.713074 0.227311 0.0674906 -0.5584 0.326298 -0.762705
0.713657 0.228121 0.0674174 -0.559329 0.325535 -0.76235
0.714239 0.22893 0.0673443 -0.560259 0.324772 -0.761993
0.714821 0.22974 0.0672711 -0.560017 0.324518 -0.762279
0.715404 0.23055 0.0671979 -0.560713 0.326276 -0.761015
0.715986 0.231359 0.0671247 -0.574019 0.337697 -0.745964
0.716568 0.232169 0.0670516 -0.586998 0.348919 -0.73054
0.717151 0.232978 0.0669784 -0.597335 0.359464 -0.716921
0.717733 0.233788 0.0669052 -0.597526 0.366826 -0.713023
0.718315 0.234598 0.0668321 -0.60501 0.373152 -0.703364
0.718898 0.235407 0.0667589 -0.612568 0.379376 -0.693422
0.71948 0.236217 0.0666857 -0.620005 0.385524 -0.683349
0.71912 0.236972 0.0668748 -0.617878 0.378672 -0.689082
0.718499 0.237711 0.0671361 -0.593574 0.369402 -0.714991
0.717879 0.238451 0.0673974 -0.568239 0.360428 -0.739727
0.717259 0.23919 0.0676588 0.52733 -0.344123 0.776854
0.716638 0.23993 0.0679201 0.51076 -0.323679 0.796465
0.716018 0.240669 0.0681814 0.501552 -0.311072 0.807267
0.715398 0.241409 0.0684428 0.495297 -0.3059 0.813084
0.714777 0.242148 0.0687041 0.49017 -0.299111 0.818698
0.714157 0.242888 0.0689654 0.485236 -0.291933 0.824209
0.713537 0.243627 0.0692268 0.480253 -0.284726 0.829631
0.712916 0.244367 0.0694881 0.503515 -0.278486 0.817874
0.712296 0.245106 0.0697494 0.550532 -0.272358 0.789136
0.711676 0.245846 0.0700108 0.596236 -0.26533 0.757696
0.711055 0.246585 0.0702721 0.634054 -0.268604 0.725139
0.710435 0.247325 0.0705334 0.656063 -0.307546 0.6892
0.709815 0.248064 0.0707947 0.673111 -0.333621 0.660015
0.709194 0.248804 0.0710561 0.680293 -0.321386 0.65872
0.708574 0.249543 0.0713174 0.645086 -0.141137 0.750962
0.707953 0.250283 0.0715787 0.592392 -0.0877443 0.800857
0.707333 0.251022 0.0718401 0.444705 -0.115017 0.888261
0.706713 0.251762 0.0721014 0.470305 -0.218227 0.855097
0.706092 0.252501 0.0723627 0.491587 -0.300777 0.817236
0.705472 0.253241 0.0726241 0.501512 -0.300963 0.811115
0.704852 0.25398 0.0728854 0.501547 -0.301174 0.811015
0.704231 0.25472 0.0731467 0.502299 -0.302824 0.809935
0.703611 0.25546 0.0734081 0.504083 -0.305058 0.807985
0.702991 0.256199 0.0736694 0.413113 -0.234953 0.879849
0.70237 0.256939 0.0739307 0.360901 -0.189802 0.913086
0.70175 0.257678 0.0741921 0.241663 -0.0844053 0.966682
0.70113 0.258418 0.0744534 0.217924 -0.0741743 0.973143
0.700509 0.259157 0.0747147 0.222339 -0.0709159 0.972387
0.699889 0.259897 0.0749761 0.217022 -0.093387 0.97169
0.699269 0.260636 0.0752374 0.211592 -0.115793 0.970474
0.698648 0.261376 0.0754987 0.216399 -0.123853 0.968417
0.698028 0.262115 0.0757601 0.22296 -0.129372 0.966205
0.697408 0.262855 0.0760214 0.215216 -0.121884 0.968931
0.696787 0.263594 0.0762827 0.202889 -0.110709 0.972923
0.696167 0.264334 0.0765441 0.190503 -0.0995017 0.976631
0.695547 0.265073 0.0768054 0.182758 -0.0897331 0.979054
0.694926 0.265813 0.0770667 0.198161 -0.0771227 0.977131
0.694306 0.266552 0.0773281 0.208498 -0.0678009 0.97567
0.693686 0.267292 0.0775894 0.223538 -0.0594486 0.972881
0.693065 0.268031 0.0778507 0.234626 -0.0529749 0.970641
0.692445 0.268771 0.0781121 0.244011 -0.0473078 0.968618
0.691825 0.26951 0.0783734 0.245931 -0.0413372 0.968406
0.691204 0.27025 0.0786347 0.233794 -0.0425123 0.971356
0.690584 0.270989 0.0788961 0.220231 -0.030876 0.974959
0.689963 0.271729 0.0791574 0.206506 -0.0171356 0.978295
0.689343 0.272468 0.0794187 0.176419 0.00580206 0.984298
0.688723 0.273208 0.0796801 0.155514 0.0148227 0.987722
0.688102 0.273947 0.0799414 0.12704 0.0292232 0.991467
0.687482 0.274687 0.0802027 0.0992484 0.0360571 0.994409
0.686862 0.275426 0.080464 0.0795599 0.0343729 0.996237
0.686241 0.276166 0.0807254 0.0757652 0.0207301 0.99691
0.685621 0.276905 0.0809867 0.0579423 0.0280876 0.997925
0.685001 0.277645 0.081248 0.0400911 0.0354374 0.998567
0.68438 0.278384 0.0815094 0.019604 0.0447675 0.998805
0.68376 0.279124 0.0817707 0.00906945 0.0562011 0.998378
0.68314 0.279863 0.082032 0.00481242 0.0677927 0.997688
0.682519 0.280603 0.0822934 0.000495233 0.0794148 0.996842
0.681899 0.281342 0.0825547 -0.00557249 0.0934446 0.995609
0.681279 0.282082 0.082816 -0.0169813 0.10628 0.994191
0.680658 0.282821 0.0830774 -0.0296068 0.119067 0.992445
0.680038 0.283561 0.0833387 -0.0422198 0.131811 0.990375
0.679418 0.2843 0.0836 -0.0542248 0.143761 0.988126
0.678797 0.28504 0.0838614 -0.0671229 0.155708 0.98552
0.678177 0.285779 0.0841227 -0.0802356 0.167763 0.982557
0.677557 0.286519 0.084384 -0.0933168 0.179759 0.979275
0.676936 0.287259 0.0846454 0.157526 -0.244324 -0.956813
0.676316 0.287998 0.0849067 0.162672 -0.241824 -0.956587
0.67691 0.28862 0.0849139 0.167721 -0.249169 -0.953826
0.677707 0.289223 0.0848786 0.172735 -0.258134 -0.950542
0.678504 0.289826 0.0848433 0.177728 -0.267067 -0.947147
0.679301 0.290429 0.0848079 0.179527 -0.276907 -0.943977
0.680098 0.291031 0.0847726 0.175784 -0.275116 -0.945204
0.680896 0.291634 0.0847373 0.172037 -0.273319 -0.946414
0.681693 0.292237 0.084702 0.168286 -0.271517 -0.947607
0.68249 0.29284 0.0846667 0.180907 -0.279619 -0.942913
0.683287 0.293443 0.0846313 0.199779 -0.291416 -0.935502
0.684084 0.294045 0.084596 0.199218 -0.282771 -0.938271
0.684881 0.294648 0.0845607 0.192399 -0.268898 -0.943757
0.685678 0.295251 0.0845254 0.182536 -0.278787 -0.942846
0.686476 0.295854 0.08449 0.172657 -0.288604 -0.941752
0.687273 0.296456 0.0844547 0.158 -0.298392 -0.941275
0.68807 0.297059 0.0844194 0.151904 -0.300161 -0.941716
0.688867 0.297662 0.0843841 0.151475 -0.299415 -0.942022
0.689664 0.298265 0.0843488 0.151046 -0.298669 -0.942328
0.690461 0.298867 0.0843134 0.155075 -0.297138 -0.942158
0.691258 0.29947 0.0842781 0.165312 -0.285956 -0.943876
0.692055 0.300073 0.0842428 0.175584 -0.274626 -0.945384
0.692853 0.300676 0.0842075 0.185883 -0.263155 -0.946677
0.69365 0.301278 0.0841722 0.187791 -0.26859 -0.944772
0.694447 0.301881 0.0841368 0.189609 -0.274025 -0.942846
0.695244 0.302484 0.0841015 0.193996 -0.282935 -0.939315
0.696041 0.303087 0.0840662 0.187417 -0.29678 -0.936374
0.696801 0.30335 0.0839636 0.174883 -0.296688 -0.938825
0.697454 0.302652 0.0836707 0.158836 -0.277188 -0.947596
0.698108 0.301954 0.0833778 -0.104 0.214276 0.971221
0.698761 0.301256 0.083085 -0.0980136 0.19372 0.976148
0.699415 0.300558 0.0827921 -0.0826251 0.179297 0.980319
0.700069 0.29986 0.0824992 -0.0641977 0.162597 0.984602
0.700722 0.299162 0.0822064 -0.0384704 0.141205 0.989233
0.701376 0.298464 0.0819135 -0.012659 0.119618 0.992739
0.702029 0.297766 0.0816206 0.0141517 0.095805 0.9953
0.702683 0.297068 0.0813278 0.0331702 0.0674521 0.997171
0.703336 0.296371 0.0810349 0.0395491 0.0476576 0.99808
0.70399 0.295673 0.080742 0.0459117 0.02784 0.998557
0.704644 0.294975 0.0804491 0.0514624 0.0114917 0.998609
0.705297 0.294277 0.0801563 0.069222 0.000681918 0.997601
0.705951 0.293579 0.0798634 0.0835869 -0.00757287 0.996472
0.706604 0.292881 0.0795705 0.0979267 -0.0158244 0.995068
0.707258 0.292183 0.0792777 0.117189 -0.0267314 0.99275
0.707911 0.291485 0.0789848 0.134003 -0.0366494 0.990303
0.708565 0.290787 0.0786919 0.150773 -0.0465586 0.987471
0.709219 0.290089 0.078399 0.167481 -0.0564475 0.984258
0.709872 0.289391 0.0781062 0.188442 -0.0657484 0.979881
0.710526 0.288694 0.0778133 0.199702 -0.0685719 0.977454
0.711179 0.287996 0.0775204 0.210935 -0.0713862 0.97489
0.711833 0.287298 0.0772276 0.222137 -0.0741901 0.972189
0.712486 0.2866 0.0769347 0.226267 -0.0844679 0.970396
0.71314 0.285902 0.0766418 0.225867 -0.0997507 0.969038
0.713794 0.285204 0.076349 0.231841 -0.110748 0.966429
0.714447 0.284506 0.0760561 0.245109 -0.116921 0.962419
0.715101 0.283808 0.0757632 0.258332 -0.123073 0.958185
0.715754 0.28311 0.0754703 0.273197 -0.125126 0.953786
0.716408 0.282412 0.0751775 0.337064 -0.121745 0.933577
0.717061 0.281714 0.0748846 0.360451 -0.136527 0.922733
0.717715 0.281017 0.0745917 0.383545 -0.151206 0.91106
0.718369 0.280319 0.0742989 0.419685 -0.16558 0.892439
0.719022 0.279621 0.074006 0.45294 -0.176122 0.873972
0.719676 0.278923 0.0737131 0.473208 -0.190835 0.860033
0.720329 0.278225 0.0734203 0.478999 -0.203124 0.853991
0.720983 0.277527 0.0731274 0.494227 -0.224196 0.839926
0.721636 0.276829 0.0728345 0.507047 -0.239116 0.828087
0.72229 0.276131 0.0725416 0.519599 -0.25391 0.81581
0.722943 0.275433 0.0722488 0.504729 -0.266198 0.821211
0.723597 0.274735 0.0719559 0.502082 -0.28049 0.81807
0.724251 0.274037 0.071663 0.508849 -0.291115 0.810139
0.724904 0.27334 0.0713702 0.515492 -0.301658 0.802041
0.725558 0.272642 0.0710773 0.522008 -0.312112 0.793785
0.726211 0.271944 0.0707844 0.479345 -0.253728 0.840149
0.726865 0.271246 0.0704915 0.435333 -0.194822 0.878937
0.727518 0.270548 0.0701987 0.380432 -0.133897 0.915065
0.728172 0.26985 0.0699058 0.322984 -0.0724319 0.943628
0.728826 0.269152 0.0696129 0.271169 -0.018294 0.962358
0.729479 0.268454 0.0693201 0.304638 -0.108951 0.946216
0.730133 0.267756 0.0690272 0.339494 -0.214899 0.91573
0.730786 0.267058 0.0687343 0.396248 -0.338789 0.853352
0.73144 0.26636 0.0684415 0.453686 -0.360862 0.81483
0.732093 0.265663 0.0681486 0.499762 -0.360569 0.787545
0.732747 0.264965 0.0678557 0.544447 -0.359239 0.757974
0.733401 0.264267 0.0675628 -0.510646 0.315853 -0.799673
0.734054 0.263569 0.06727 -0.513939 0.327041 -0.793039
0.734708 0.262871 0.0669771 -0.523836 0.339373 -0.781295
0.735361 0.262173 0.0666842 -0.536064 0.351431 -0.767549
0.736006 0.261745 0.0664234 -0.550757 0.36023 -0.752928
0.736609 0.262534 0.0663069 -0.557863 0.35956 -0.748001
0.737213 0.263323 0.0661904 -0.564931 0.358864 -0.743014
0.737816 0.264112 0.0660738 -0.571961 0.358139 -0.737968
0.738419 0.264901 0.0659573 -0.578524 0.35825 -0.73278
0.739023 0.26569 0.0658407 -0.584865 0.358717 -0.727499
0.739626 0.266479 0.0657242 -0.594152 0.362645 -0.717963
0.74023 0.267267 0.0656077 -0.606828 0.37081 -0.703036
0.740833 0.268056 0.0654911 -0.619272 0.378834 -0.687741
0.741437 0.268845 0.0653746 -0.613458 0.375359 -0.694819
0.74204 0.269634 0.065258 -0.603802 0.369467 -0.706341
0.742644 0.270423 0.0651415 -0.595411 0.370949 -0.712659
0.743247 0.271212 0.065025 -0.595693 0.365829 -0.715065
0.74385 0.272 0.0649084 -0.610392 0.345476 -0.712789
0.744454 0.272789 0.0647919 -0.624979 0.34148 -0.701992
0.745057 0.273578 0.0646753 -0.639339 0.33737 -0.690961
0.745661 0.274367 0.0645588 -0.653457 0.33315 -0.67971
0.746264 0.275156 0.0644423 -0.667321 0.328825 -0.668249
0.746868 0.275945 0.0643257 -0.680917 0.3244 -0.656594
0.747471 0.276734 0.0642092 -0.668158 0.337068 -0.663288
0.748075 0.277522 0.0640927 -0.651323 0.353187 -0.671593
0.748678 0.278311 0.0639761 -0.634083 0.369098 -0.679489
0.749281 0.2791 0.0638596 -0.619601 0.38384 -0.684661
0.749885 0.279889 0.063743 -0.625582 0.3897 -0.675856
0.750488 0.280678 0.0636265 -0.6364 0.394458 -0.662871
0.751092 0.281467 0.06351 -0.65788 0.39462 -0.641459
0.750589 0.282178 0.0638474 -0.639062 0.39129 -0.662187
0.749988 0.282882 0.0642251 -0.620797 0.377365 -0.687173
0.749386 0.283586 0.0646029 -0.610616 0.363236 -0.70371
0.748785 0.28429 0.0649807 0.512057 -0.29372 0.807172
0.748184 0.284994 0.0653584 0.559927 -0.295413 0.774089
0.747583 0.285698 0.0657362 0.575487 -0.308229 0.757502
0.746982 0.286403 0.066114 0.591463 -0.318222 0.740882
0.74638 0.287107 0.0664917 0.607077 -0.328022 0.723782
0.745779 0.287811 0.0668695 0.620623 -0.334812 0.709033
0.745178 0.288515 0.0672472 0.598473 -0.30866 0.739296
0.744577 0.289219 0.067625 0.540556 -0.282219 0.79256
0.743976 0.289923 0.0680028 0.478335 -0.253567 0.840773
0.743374 0.290628 0.0683805 0.413086 -0.223288 0.882894
0.742773 0.291332 0.0687583 0.351891 -0.223356 0.909002
0.742172 0.292036 0.0691361 0.337204 -0.230589 0.912755
0.741571 0.29274 0.0695138 0.364233 -0.260276 0.894198
0.74097 0.293444 0.0698916 0.396877 -0.297253 0.868406
0.740368 0.294148 0.0702694 0.42826 -0.333272 0.839954
0.739767 0.294853 0.0706471 0.490391 -0.340804 0.802103
0.739166 0.295557 0.0710249 0.534159 -0.331336 0.777747
0.738565 0.296261 0.0714027 0.53164 -0.323581 0.782722
0.737964 0.296965 0.0717804 0.529073 -0.315794 0.787627
0.737362 0.297669 0.0721582 0.526457 -0.30798 0.792459
0.736761 0.298373 0.072536 0.524267 -0.302163 0.796142
0.73616 0.299078 0.0729137 0.498788 -0.296915 0.81428
0.735559 0.299782 0.0732915 0.477298 -0.289552 0.829666
0.734958 0.300486 0.0736692 0.454963 -0.272787 0.8477
0.734356 0.30119 0.074047 0.432125 -0.255721 0.864797
0.733755 0.301894 0.0744248 0.381604 -0.225603 0.896371
0.733154 0.302598 0.0748025 0.323601 -0.161348 0.932335
0.732553 0.303303 0.0751803 0.276863 -0.117343 0.953718
0.731952 0.304007 0.0755581 0.264384 -0.108994 0.958239
0.73135 0.304711 0.0759358 0.251847 -0.100623 0.962522
0.730749 0.305415 0.0763136 0.239261 -0.0922366 0.966564
0.730148 0.306119 0.0766914 0.227394 -0.0821863 0.970328
0.729547 0.306823 0.0770691 0.221343 -0.0704539 0.972648
0.728946 0.307528 0.0774469 0.215705 -0.0601822 0.974602
0.728344 0.308232 0.0778247 0.210036 -0.0499021 0.976419
0.727743 0.308936 0.0782024 0.20248 -0.0329862 0.978731
0.727142 0.30964 0.0785802 0.194761 -0.0103304 0.980796
0.726541 0.310344 0.0789579 0.18692 0.0123558 0.982297
0.72594 0.311048 0.0793357 0.178806 0.0290447 0.983456
0.725338 0.311753 0.0797135 0.169439 0.0466268 0.984437
0.724737 0.312457 0.0800912 0.155759 0.0734346 0.985062
0.724136 0.313161 0.080469 0.135767 0.0958233 0.986096
0.723535 0.313865 0.0808468 0.115586 0.118199 0.98624
0.722934 0.314569 0.0812245 0.0952707 0.1405 0.985486
0.722332 0.315273 0.0816023 0.0748752 0.162666 0.983836
0.721731 0.315978 0.0819801 0.0544558 0.184636 0.981297
0.72113 0.316682 0.0823578 0.0620589 -0.23558 -0.969871
0.720529 0.317386 0.0827356 0.0661818 -0.236624 -0.969345
0.720855 0.318018 0.0827708 0.0656924 -0.227813 -0.971486
0.721646 0.318614 0.0826345 0.0737299 -0.231833 -0.969957
0.722438 0.31921 0.0824981 0.061771 -0.239539 -0.96892
0.723229 0.319806 0.0823617 0.041159 -0.251506 -0.96698
0.72402 0.320402 0.0822253 0.0214605 -0.267305 -0.963373
0.724812 0.320998 0.0820889 0.00641683 -0.271938 -0.962294
0.725603 0.321594 0.0819525 0.00157502 -0.267144 -0.963655
0.726394 0.32219 0.0818161 0.00162301 -0.271623 -0.962402
0.727186 0.322786 0.0816797 0.00167105 -0.276105 -0.961126
0.727977 0.323382 0.0815433 0.0218294 -0.276835 -0.96067
0.728768 0.323978 0.0814069 0.0358252 -0.270859 -0.961952
0.72956 0.324574 0.0812705 0.0411122 -0.256059 -0.965787
0.730351 0.32517 0.0811341 0.0463865 -0.241198 -0.969367
0.731142 0.325766 0.0809977 0.0497678 -0.232097 -0.971419
0.731934 0.326362 0.0808613 0.0481774 -0.244458 -0.968462
0.732725 0.326958 0.0807249 0.0465797 -0.256773 -0.965349
0.733516 0.327554 0.0805886 0.0449756 -0.269037 -0.962079
0.734308 0.32815 0.0804522 0.0433659 -0.281243 -0.958656
0.735099 0.328746 0.0803158 0.0346827 -0.295429 -0.954735
0.73589 0.329342 0.0801794 0.0469973 -0.291658 -0.955367
0.736682 0.329938 0.080043 0.0529761 -0.279187 -0.958774
0.737473 0.330534 0.0799066 0.0573929 -0.264793 -0.962596
0.738264 0.33113 0.0797702 0.0346624 -0.274987 -0.960823
0.739056 0.331726 0.0796338 0.001471 -0.297973 -0.954573
0.739721 0.331479 0.079285 -0.0374537 -0.296107 -0.95442
0.740324 0.330822 0.0788327 -0.0810291 -0.282559 -0.955822
0.740927 0.330166 0.0783805 -0.00357253 0.224866 0.974383
0.74153 0.329509 0.0779282 0.0383272 0.191547 0.980735
0.742134 0.328852 0.0774759 0.0860851 0.152731 0.984511
0.742737 0.328195 0.0770236 0.128781 0.11303 0.985211
0.74334 0.327538 0.0765713 0.143537 0.0835913 0.986108
0.743943 0.326881 0.076119 0.158132 0.0540738 0.985936
0.744546 0.326224 0.0756667 0.175452 0.0185064 0.984314
0.74515 0.325567 0.0752144 0.193926 -0.0150863 0.9809
0.745753 0.32491 0.0747621 0.219141 -0.0550858 0.974137
0.746356 0.324253 0.0743098 0.244099 -0.0992405 0.964659
0.746959 0.323596 0.0738576 0.285714 -0.156159 0.945506
0.747563 0.322939 0.0734053 0.318678 -0.159937 0.934272
0.748166 0.322283 0.072953 0.352393 -0.165006 0.921191
0.748769 0.321626 0.0725007 0.388043 -0.170721 0.905691
0.749372 0.320969 0.0720484 0.422988 -0.176156 0.888848
0.749976 0.320312 0.0715961 0.467631 -0.185926 0.864148
0.750579 0.319655 0.0711438 0.498929 -0.21737 0.83894
0.751182 0.318998 0.0706915 0.504461 -0.245077 0.827923
0.751785 0.318341 0.0702392 0.509465 -0.273839 0.815756
0.752389 0.317684 0.0697869 0.513059 -0.299385 0.80445
0.752992 0.317027 0.0693347 0.509006 -0.30069 0.806535
0.753595 0.31637 0.0688824 0.504942 -0.301988 0.808602
0.754198 0.315713 0.0684301 0.500866 -0.303279 0.810651
0.754802 0.315057 0.0679778 0.49678 -0.304563 0.812681
0.755405 0.3144 0.0675255 0.490785 -0.299986 0.818009
0.756008 0.313743 0.0670732 0.484449 -0.294326 0.823821
0.756611 0.313086 0.0666209 0.4786 -0.28789 0.829495
0.757214 0.312429 0.0661686 0.4727 -0.281422 0.835078
0.757818 0.311772 0.0657163 0.46675 -0.274926 0.840571
0.758421 0.311115 0.0652641 0.466912 -0.274309 0.840683
0.759024 0.310458 0.0648118 0.479374 -0.283123 0.830688
0.759627 0.309801 0.0643595 0.493668 -0.28548 0.821458
0.760231 0.309144 0.0639072 0.507815 -0.287753 0.811987
0.760834 0.308487 0.0634549 0.521452 -0.293279 0.801296
0.761437 0.30783 0.0630026 0.521043 -0.312503 0.794264
0.76204 0.307174 0.0625503 0.526448 -0.327372 0.784653
0.762644 0.306517 0.062098 0.540398 -0.338751 0.770207
0.763247 0.30586 0.0616457 0.554865 -0.35079 0.754368
0.76385 0.305203 0.0611934 0.573225 -0.363417 0.734399
0.764453 0.304546 0.0607412 0.591108 -0.375743 0.713729
0.765057 0.303889 0.0602889 0.608464 -0.387734 0.692412
0.76566 0.303232 0.0598366 -0.721558 0.424636 -0.546844
0.766263 0.302575 0.0593843 -0.736713 0.434694 -0.517972
0.76678 0.30232 0.059095 -0.744123 0.440331 -0.502384
0.767037 0.303266 0.0592927 -0.736619 0.437645 -0.515616
0.767294 0.304212 0.0594904 -0.730244 0.4301 -0.530809
0.767552 0.305158 0.0596881 -0.723534 0.422019 -0.546259
0.767809 0.306104 0.0598857 -0.716568 0.413785 -0.561527
0.768067 0.30705 0.0600834 -0.709598 0.409153 -0.573642
0.768324 0.307995 0.0602811 -0.702675 0.408695 -0.582422
0.768582 0.308941 0.0604787 0.625205 -0.312609 0.715118
0.768839 0.309887 0.0606764 0.620041 -0.303349 0.723553
0.769097 0.310833 0.0608741 0.617716 -0.297922 0.727784
0.769354 0.311779 0.0610718 -0.670165 0.40671 -0.620859
0.769612 0.312725 0.0612694 -0.665801 0.403421 -0.627662
0.769869 0.313671 0.0614671 -0.663428 0.397787 -0.633742
0.770126 0.314616 0.0616648 -0.663251 0.385824 -0.641278
0.770384 0.315562 0.0618625 -0.663727 0.371571 -0.649154
0.770641 0.316508 0.0620601 -0.664027 0.357265 -0.656834
0.770899 0.317454 0.0622578 0.51746 -0.321528 0.793004
0.771156 0.3184 0.0624555 0.514695 -0.315931 0.797043
0.771414 0.319346 0.0626532 0.5119 -0.310315 0.801038
0.771671 0.320292 0.0628508 0.508614 -0.304999 0.805163
0.771929 0.321237 0.0630485 0.506969 -0.309772 0.804378
0.772186 0.322183 0.0632462 0.47628 -0.288311 0.830683
0.772443 0.323129 0.0634438 0.447224 -0.265247 0.854186
0.772701 0.324075 0.0636415 0.417383 -0.241733 0.875989
0.772958 0.325021 0.0638392 0.413187 -0.231426 0.880749
0.773216 0.325967 0.0640369 -0.586863 0.304234 -0.750355
0.773473 0.326913 0.0642345 -0.576969 0.302983 -0.75849
0.773731 0.327858 0.0644322 -0.570959 0.296073 -0.765733
0.773988 0.328804 0.0646299 -0.564878 0.289131 -0.772862
0.774246 0.32975 0.0648276 -0.552917 0.287502 -0.782065
0.774503 0.330696 0.0650252 -0.544341 0.290469 -0.786969
0.774761 0.331642 0.0652229 -0.547428 0.28204 -0.787893
0.775018 0.332588 0.0654206 -0.548527 0.266419 -0.792553
0.775275 0.333534 0.0656183 -0.545805 0.249306 -0.799964
0.775533 0.334479 0.0658159 -0.54289 0.232105 -0.807093
0.77579 0.335425 0.0660136 -0.539783 0.214832 -0.813929
0.776048 0.336371 0.0662113 -0.536752 0.199594 -0.819793
0.776305 0.337317 0.066409 -0.534584 0.188939 -0.823724
0.776563 0.338263 0.0666066 -0.532345 0.178254 -0.827547
0.77682 0.339209 0.0668043 -0.524965 0.156814 -0.836553
0.777078 0.340155 0.067002 -0.517049 0.134805 -0.845274
0.777335 0.3411 0.0671996 -0.514439 0.109586 -0.850496
0.641371 0.128962 0.0724533 -0.470937 0.497064 -0.728798
0.641307 0.129039 0.0724628 -0.469611 0.497047 -0.729664
0.641243 0.129115 0.0724723 -0.468045 0.497517 -0.73035
0.641179 0.129191 0.0724818 -0.466458 0.49798 -0.73105
0.641115 0.129267 0.0724913 -0.464869 0.498441 -0.731747
0.641051 0.129344 0.0725007 -0.463279 0.4989 -0.732442
0.640987 0.12942 0.0725102 -0.461687 0.499358 -0.733135
0.640923 0.129496 0.0725197 -0.460095 0.499814 -0.733825
0.640859 0.129572 0.0725292 -0.458501 0.500268 -0.734512
0.640795 0.129649 0.0725387 -0.456906 0.500721 -0.735197
0.640731 0.129725 0.0725481 -0.45531 0.501172 -0.73588
0.640667 0.129801 0.0725576 -0.454003 0.499238 -0.737999
0.640603 0.129877 0.0725671 -0.455211 0.495414 -0.739829
0.640539 0.129954 0.0725766 -0.456412 0.491578 -0.741646
0.640475 0.13003 0.072586 -0.457605 0.487729 -0.74345
0.640411 0.130106 0.0725955 -0.458789 0.483868 -0.745241
0.640347 0.130183 0.072605 -0.459965 0.479995 -0.747018
0.640283 0.130259 0.0726145 -0.461134 0.476111 -0.748782
0.640219 0.130335 0.072624 -0.462293 0.472214 -0.750532
0.640155 0.130411 0.0726334 -0.463445 0.468306 -0.752269
0.640091 0.130488 0.0726429 -0.464588 0.464387 -0.753991
0.640027 0.130564 0.0726524 0.489868 -0.352068 0.797545
0.639963 0.13064 0.0726619 0.487483 -0.355352 0.79755
0.639899 0.130716 0.0726714 0.485091 -0.358628 0.797541
0.639835 0.130793 0.0726808 0.482693 -0.361897 0.79752
0.639772 0.130869 0.0726903 0.480289 -0.365158 0.797485
0.639708 0.130945 0.0726998 0.477878 -0.36841 0.797437
0.639644 0.131021 0.0727093 0.475461 -0.371654 0.797377
0.63958 0.131098 0.0727187 0.473038 -0.37489 0.797303
0.639516 0.131174 0.0727282 0.47061 -0.378117 0.797216
0.639452 0.13125 0.0727377 0.470161 -0.378362 0.797365
0.639388 0.131327 0.0727472 0.469651 -0.376812 0.798399
0.639324 0.131403 0.0727567 0.46914 -0.37526 0.79943
0.63926 0.131479 0.0727661 0.468626 -0.373706 0.800458
0.639196 0.131555 0.0727756 0.468111 -0.37215 0.801484
0.639132 0.131632 0.0727851 0.467752 -0.370379 0.802513
0.639068 0.131708 0.0727946 0.466503 -0.368753 0.803988
0.639004 0.131784 0.072804 0.46525 -0.367125 0.805458
0.63894 0.13186 0.0728135 0.463994 -0.365493 0.806923
0.638876 0.131937 0.072823 0.462734 -0.363859 0.808383
0.638812 0.132013 0.0728325 0.461472 -0.362222 0.809839
0.638748 0.132089 0.072842 0.460206 -0.360583 0.81129
0.638684 0.132165 0.0728514 0.458937 -0.35894 0.812735
0.63862 0.132242 0.0728609 0.457665 -0.357296 0.814176
0.638556 0.132318 0.0728704 0.45639 -0.355648 0.815612
0.638492 0.132394 0.0728799 0.455111 -0.353999 0.817043
0.638428 0.132471 0.0728894 0.45383 -0.352346 0.818469
0.638364 0.132547 0.0728988 0.452545 -0.350691 0.819889
0.6383 0.132623 0.0729083 0.451257 -0.349034 0.821305
0.638236 0.132699 0.0729178 0.449967 -0.347375 0.822715
0.638172 0.132776 0.0729273 0.448673 -0.345713 0.824121
0.638108 0.132852 0.0729367 0.447377 -0.344048 0.825521
0.638044 0.132928 0.0729462 0.446077 -0.342381 0.826916
0.63798 0.133004 0.0729557 0.444774 -0.340713 0.828306
0.637916 0.133081 0.0729652 0.443469 -0.339041 0.82969
0.637852 0.133157 0.0729747 0.442161 -0.337368 0.83107
0.637788 0.133233 0.0729841 0.44085 -0.335692 0.832444
0.637724 0.133309 0.0729936 0.439536 -0.334014 0.833812
0.63766 0.133386 0.0730031 0.438219 -0.332335 0.835175
0.637596 0.133462 0.0730126 0.436899 -0.330653 0.836533
0.637532 0.133538 0.073022 0.435577 -0.328968 0.837886
0.637468 0.133615 0.0730315 0.434252 -0.327282 0.839233
0.637404 0.133691 0.073041 0.432924 -0.325594 0.840574
0.63734 0.133767 0.0730505 0.431594 -0.323904 0.84191
0.637276 0.133843 0.07306 0.430261 -0.322212 0.843241
0.637212 0.13392 0.0730694 0.428925 -0.320518 0.844566
0.637148 0.133996 0.0730789 0.427587 -0.318823 0.845885
0.637084 0.134072 0.0730884 0.426246 -0.317125 0.847199
0.63702 0.134148 0.0730979 0.424902 -0.315426 0.848507
0.636956 0.134225 0.0731074 0.423556 -0.313725 0.84981
0.636892 0.134301 0.0731168 0.422208 -0.312022 0.851107
0.636828 0.134377 0.0731263 0.420857 -0.310317 0.852398
0.636764 0.134453 0.0731358 0.419504 -0.308611 0.853684
0.6367 0.13453 0.0731453 0.418148 -0.306903 0.854963
0.636636 0.134606 0.0731547 0.41679 -0.305194 0.856237
0.636572 0.134682 0.0731642 0.41543 -0.303483 0.857506
0.636509 0.134759 0.0731737 0.414067 -0.301771 0.858768
0.636445 0.134835 0.0731832 0.412702 -0.300057 0.860025
0.636381 0.134911 0.0731927 0.411335 -0.298341 0.861276
0.636317 0.134987 0.0732021 0.409965 -0.296624 0.862521
0.636253 0.135064 0.0732116 0.408593 -0.294906 0.86376
0.636189 0.13514 0.0732211 0.40722 -0.29085 0.865782
0.636125 0.135216 0.0732306 0.407745 -0.290885 0.865523
0.636061 0.135292 0.0732401 0.408269 -0.29092 0.865264
0.635997 0.135369 0.0732495 0.408793 -0.290955 0.865005
0.635933 0.135445 0.073259 0.409317 -0.29099 0.864745
0.635869 0.135521 0.0732685 0.409841 -0.291025 0.864485
0.635805 0.135598 0.073278 0.410364 -0.29106 0.864225
0.635741 0.135674 0.0732874 0.410888 -0.291095 0.863965
0.635677 0.13575 0.0732969 0.411514 -0.290996 0.8637
0.635613 0.135826 0.0733064 0.412799 -0.29004 0.863408
0.635549 0.135903 0.0733159 0.414083 -0.289084 0.863114
0.635485 0.135979 0.0733254 0.415366 -0.288127 0.862818
0.635421 0.136055 0.0733348 0.416648 -0.287169 0.862519
0.635357 0.136131 0.0733443 0.417356 -0.286262 0.862478
0.635293 0.136208 0.0733538 0.41758 -0.2854 0.862655
0.635229 0.136284 0.0733633 0.417804 -0.284537 0.862832
0.635165 0.13636 0.0733727 0.418028 -0.283674 0.863008
0.635101 0.136436 0.0733822 0.418251 -0.28281 0.863183
0.635037 0.136513 0.0733917 0.418474 -0.281947 0.863357
0.634973 0.136589 0.0734012 0.418697 -0.281083 0.863531
0.634909 0.136665 0.0734107 0.418919 -0.280218 0.863704
0.634845 0.136742 0.0734201 0.419141 -0.279354 0.863876
0.634781 0.136818 0.0734296 0.419363 -0.278489 0.864048
0.634717 0.136894 0.0734391 0.419584 -0.277624 0.864219
0.634653 0.13697 0.0734486 0.419805 -0.276759 0.864389
0.634589 0.137047 0.0734581 0.420026 -0.275893 0.864558
0.634525 0.137123 0.0734675 0.420246 -0.275027 0.864727
0.634461 0.137199 0.073477 0.420466 -0.274161 0.864895
0.634397 0.137275 0.0734865 0.420686 -0.273295 0.865062
0.634333 0.137352 0.073496 0.420905 -0.272428 0.865229
0.634269 0.137428 0.0735054 0.421124 -0.271561 0.865395
0.634205 0.137504 0.0735149 0.421343 -0.270694 0.86556
0.634141 0.13758 0.0735244 0.421561 -0.269827 0.865725
0.634077 0.137657 0.0735339 0.421779 -0.26896 0.865889
0.634013 0.137733 0.0735434 0.421997 -0.268092 0.866052
0.633949 0.137809 0.0735528 0.422214 -0.267224 0.866214
0.633885 0.137886 0.0735623 0.422431 -0.266355 0.866376
0.633821 0.137962 0.0735718 0.422648 -0.265487 0.866537
0.633757 0.138038 0.0735813 0.422864 -0.264618 0.866697
0.633693 0.138114 0.0735907 0.42308 -0.263749 0.866856
0.633629 0.138191 0.0736002 0.423295 -0.26288 0.867015
0.633565 0.138267 0.0736097 0.42351 -0.26201 0.867173
0.633501 0.138343 0.0736192 0.423725 -0.261141 0.867331
0.633437 0.138419 0.0736287 0.42394 -0.260271 0.867487
0.633373 0.138496 0.0736381 0.424154 -0.259401 0.867643
0.633309 0.138572 0.0736476 0.424368 -0.258531 0.867798
0.633246 0.138648 0.0736571 0.424581 -0.25766 0.867953
0.633182 0.138724 0.0736666 0.424794 -0.256789 0.868107
0.633118 0.138801 0.0736761 0.425007 -0.255918 0.86826
0.633054 0.138877 0.0736855 0.425219 -0.255047 0.868412
0.63299 0.138953 0.073695 0.425431 -0.254176 0.868564
0.632926 0.13903 0.0737045 0.424798 -0.253908 0.868952
0.632862 0.139106 0.073714 0.423161 -0.254613 0.869544
0.632798 0.139182 0.0737234 0.421523 -0.255317 0.870133
0.632734 0.139258 0.0737329 0.419884 -0.25602 0.870719
0.63267 0.139335 0.0737424 0.418243 -0.256722 0.871302
0.632606 0.139411 0.0737519 0.4166 -0.257424 0.871881
0.632542 0.139487 0.0737614 0.414956 -0.258124 0.872458
0.632478 0.139563 0.0737708 0.413311 -0.258823 0.873032
0.632414 0.13964 0.0737803 0.411665 -0.259522 0.873602
0.63235 0.139716 0.0737898 0.410017 -0.260219 0.874169
0.632286 0.139792 0.0737993 0.408368 -0.260916 0.874733
0.632222 0.139868 0.0738088 0.406718 -0.261611 0.875294
0.632158 0.139945 0.0738182 0.405066 -0.262306 0.875852
0.632094 0.140021 0.0738277 0.403413 -0.262999 0.876407
0.63203 0.140097 0.0738372 0.401759 -0.263692 0.876958
0.631966 0.140174 0.0738467 0.400104 -0.264383 0.877507
0.631902 0.14025 0.0738561 0.398448 -0.265074 0.878052
0.631838 0.140326 0.0738656 0.39679 -0.265763 0.878594
0.631774 0.140402 0.0738751 0.395131 -0.266452 0.879133
0.63171 0.140479 0.0738846 0.393471 -0.267139 0.879669
0.631646 0.140555 0.0738941 0.39181 -0.267825 0.880201
0.631582 0.140631 0.0739035 0.390148 -0.26851 0.880731
0.631518 0.140707 0.073913 0.388485 -0.269195 0.881257
0.631454 0.140784 0.0739225 0.386821 -0.269878 0.88178
0.63139 0.14086 0.073932 0.385155 -0.27056 0.8823
0.631326 0.140936 0.0739414 0.383489 -0.271241 0.882816
0.631262 0.141012 0.0739509 0.381821 -0.271921 0.88333
0.631198 0.141089 0.0739604 0.37771 -0.272461 0.884929
0.631134 0.141165 0.0739699 0.376867 -0.272112 0.885396
0.63107 0.141241 0.0739794 0.376023 -0.271762 0.885863
0.631006 0.141318 0.0739888 0.375179 -0.271411 0.886328
0.630942 0.141394 0.0739983 0.374334 -0.271061 0.886792
0.630878 0.14147 0.0740078 0.373489 -0.27071 0.887255
0.630814 0.141546 0.0740173 0.372643 -0.270359 0.887718
0.63075 0.141623 0.0740268 0.371797 -0.270008 0.888179
0.630686 0.141699 0.0740362 0.370951 -0.269656 0.88864
0.630622 0.141775 0.0740457 0.370104 -0.269304 0.8891
0.630558 0.141851 0.0740552 0.369257 -0.268952 0.889559
0.630494 0.141928 0.0740647 0.368409 -0.268599 0.890017
0.63043 0.142004 0.0740741 0.367561 -0.268246 0.890473
0.630366 0.14208 0.0740836 0.366712 -0.267893 0.89093
0.630302 0.142156 0.0740931 0.365863 -0.26754 0.891385
0.630238 0.142233 0.0741026 0.360555 -0.267841 0.893454
0.630174 0.142309 0.0741121 0.359695 -0.268629 0.893565
0.63011 0.142385 0.0741215 0.358834 -0.269416 0.893674
0.630046 0.142462 0.074131 0.357972 -0.270203 0.893782
0.629983 0.142538 0.0741405 0.35711 -0.270989 0.893889
0.629919 0.142614 0.07415 0.356247 -0.271776 0.893994
0.629855 0.14269 0.0741594 0.355384 -0.272562 0.894099
0.629791 0.142767 0.0741689 0.35452 -0.273347 0.894202
0.629727 0.142843 0.0741784 0.353655 -0.274133 0.894304
0.629663 0.142919 0.0741879 0.35279 -0.274918 0.894404
0.629599 0.142995 0.0741974 0.351924 -0.275703 0.894504
0.629535 0.143072 0.0742068 0.351058 -0.276487 0.894602
0.629471 0.143148 0.0742163 0.350191 -0.277272 0.894699
0.629407 0.143224 0.0742258 0.349175 -0.277551 0.89501
0.629343 0.1433 0.0742353 0.34808 -0.27757 0.89543
0.629279 0.143377 0.0742448 0.346986 -0.277588 0.895849
0.629215 0.143453 0.0742542 0.345891 -0.277606 0.896267
0.629151 0.143529 0.0742637 0.344795 -0.277623 0.896684
0.629087 0.143606 0.0742732 0.343699 -0.27764 0.897099
0.629023 0.143682 0.0742827 0.342602 -0.277657 0.897514
0.628959 0.143758 0.0742921 0.341505 -0.277673 0.897927
0.628895 0.143834 0.0743016 0.340407 -0.277689 0.898339
0.628831 0.143911 0.0743111 0.339308 -0.277704 0.898749
0.628767 0.143987 0.0743206 0.33821 -0.27772 0.899159
0.628703 0.144063 0.0743301 0.33711 -0.277734 0.899567
0.628639 0.144139 0.0743395 0.336023 -0.27776 0.899965
0.628575 0.144216 0.074349 0.335682 -0.278481 0.89987
0.628511 0.144292 0.0743585 0.335341 -0.279201 0.899774
0.628447 0.144368 0.074368 0.335 -0.279921 0.899677
0.628383 0.144444 0.0743775 0.334659 -0.28064 0.89958
0.628319 0.144521 0.0743869 0.334317 -0.28136 0.899482
0.628255 0.144597 0.0743964 0.333976 -0.282079 0.899384
0.628191 0.144673 0.0744059 0.333634 -0.282798 0.899285
0.628127 0.14475 0.0744154 0.333291 -0.283517 0.899186
0.628063 0.144826 0.0744248 0.332949 -0.284236 0.899086
0.627999 0.144902 0.0744343 0.332606 -0.284954 0.898985
0.627935 0.144978 0.0744438 0.332264 -0.285673 0.898884
0.627871 0.145055 0.0744533 0.331921 -0.286391 0.898782
0.627807 0.145131 0.0744628 0.331577 -0.287109 0.89868
0.627743 0.145207 0.0744722 0.331234 -0.287826 0.898577
0.627679 0.145283 0.0744817 0.33089 -0.288544 0.898473
0.627615 0.14536 0.0744912 0.330547 -0.289261 0.898369
0.627551 0.145436 0.0745007 0.330203 -0.289978 0.898264
0.627487 0.145512 0.0745101 0.329858 -0.290695 0.898159
0.627423 0.145588 0.0745196 0.329514 -0.291412 0.898053
0.627359 0.145665 0.0745291 0.329169 -0.292128 0.897947
0.627295 0.145741 0.0745386 0.328824 -0.292844 0.89784
0.627231 0.145817 0.0745481 0.328479 -0.29356 0.897733
0.627167 0.145894 0.0745575 0.328134 -0.294276 0.897624
0.627103 0.14597 0.074567 0.326363 -0.301338 0.895926
0.627039 0.146046 0.0745765 0.326225 -0.302904 0.895447
0.626975 0.146122 0.074586 0.326086 -0.30447 0.894967
0.626911 0.146199 0.0745955 0.325947 -0.306034 0.894484
0.626847 0.146275 0.0746049 0.325806 -0.307598 0.893999
0.626783 0.146351 0.0746144 0.325664 -0.309162 0.893511
0.62672 0.146427 0.0746239 0.325522 -0.310724 0.893021
0.626656 0.146504 0.0746334 0.325379 -0.312285 0.892528
0.626592 0.14658 0.0746428 0.325235 -0.313846 0.892033
0.626528 0.146656 0.0746523 0.32509 -0.315406 0.891536
0.626464 0.146733 0.0746618 0.324944 -0.316965 0.891036
0.6264 0.146809 0.0746713 0.324797 -0.318523 0.890534
0.626336 0.146885 0.0746808 0.324649 -0.32008 0.890029
0.626272 0.146961 0.0746902 0.324501 -0.321637 0.889522
0.626208 0.147038 0.0746997 0.323763 -0.322468 0.88949
0.626144 0.147114 0.0747092 0.322735 -0.322941 0.889691
0.62608 0.14719 0.0747187 0.321707 -0.323415 0.889892
0.626016 0.147266 0.0747281 0.320678 -0.323887 0.890091
0.625952 0.147343 0.0747376 0.319649 -0.32436 0.89029
0.625888 0.147419 0.0747471 0.318619 -0.324831 0.890487
0.625824 0.147495 0.0747566 0.317589 -0.325303 0.890683
0.62576 0.147571 0.0747661 0.316558 -0.325774 0.890877
0.625696 0.147648 0.0747755 0.315527 -0.326245 0.891071
0.625632 0.147724 0.074785 0.314496 -0.326715 0.891263
0.625568 0.1478 0.0747945 0.313464 -0.327185 0.891454
0.625504 0.147877 0.074804 0.312432 -0.327654 0.891644
0.62544 0.147953 0.0748135 0.311495 -0.327979 0.891853
0.625376 0.148029 0.0748229 0.311093 -0.327499 0.892169
0.625312 0.148105 0.0748324 0.310691 -0.327019 0.892485
0.625248 0.148182 0.0748419 0.310289 -0.326539 0.8928
0.625184 0.148258 0.0748514 0.309887 -0.326059 0.893115
0.62512 0.148334 0.0748608 0.309485 -0.325579 0.89343
0.625056 0.14841 0.0748703 0.309082 -0.325099 0.893744
0.624992 0.148487 0.0748798 0.30868 -0.324618 0.894058
0.624928 0.148563 0.0748893 0.308277 -0.324138 0.894371
0.624864 0.148639 0.0748988 0.307874 -0.323657 0.894684
0.6248 0.148715 0.0749082 0.307471 -0.323176 0.894997
0.624736 0.148792 0.0749177 0.307067 -0.322695 0.895309
0.624672 0.148868 0.0749272 0.306664 -0.322214 0.89562
0.624608 0.148944 0.0749367 0.306261 -0.321732 0.895931
0.624544 0.149021 0.0749462 0.305857 -0.321251 0.896242
0.62448 0.149097 0.0749556 0.305453 -0.320769 0.896552
0.624416 0.149173 0.0749651 0.305049 -0.320287 0.896862
0.624352 0.149249 0.0749746 0.304645 -0.319805 0.897171
0.624288 0.149326 0.0749841 0.304241 -0.319323 0.89748
0.624224 0.149402 0.0749935 0.303836 -0.318841 0.897788
0.62416 0.149478 0.075003 0.303432 -0.318358 0.898096
0.624096 0.149554 0.0750125 0.303027 -0.317875 0.898404
0.624032 0.149631 0.075022 0.302622 -0.317393 0.898711
0.623968 0.149707 0.0750315 0.302218 -0.31691 0.899018
0.623904 0.149783 0.0750409 0.299965 -0.311643 0.901609
0.62384 0.149859 0.0750504 0.2999 -0.309447 0.902387
0.623776 0.149936 0.0750599 0.299832 -0.307249 0.90316
0.623712 0.150012 0.0750694 0.299763 -0.305049 0.903929
0.623648 0.150088 0.0750788 0.299693 -0.302846 0.904692
0.623584 0.150165 0.0750883 0.299621 -0.300641 0.905451
0.62352 0.150241 0.0750978 0.299547 -0.298434 0.906206
0.623457 0.150317 0.0751073 0.299471 -0.296225 0.906955
0.623393 0.150393 0.0751168 0.299394 -0.294014 0.9077
0.623329 0.15047 0.0751262 0.299315 -0.2918 0.90844
0.623265 0.150546 0.0751357 0.299235 -0.289584 0.909175
0.623201 0.150622 0.0751452 0.299153 -0.287367 0.909906
0.623137 0.150698 0.0751547 0.299069 -0.285147 0.910631
0.623073 0.150775 0.0751642 0.298984 -0.282925 0.911352
0.623009 0.150851 0.0751736 0.298896 -0.280701 0.912068
0.622945 0.150927 0.0751831 0.298808 -0.278476 0.912779
0.622881 0.151003 0.0751926 0.298717 -0.276248 0.913485
0.622817 0.15108 0.0752021 0.298625 -0.274019 0.914186
0.622753 0.151156 0.0752115 0.298532 -0.271788 0.914883
0.622689 0.151232 0.075221 0.298436 -0.269555 0.915574
0.622625 0.151309 0.0752305 0.298339 -0.26732 0.916261
0.622561 0.151385 0.07524 0.298289 -0.265096 0.916923
0.622497 0.151461 0.0752495 0.298997 -0.263066 0.917277
0.622433 0.151537 0.0752589 0.299703 -0.261034 0.917627
0.622369 0.151614 0.0752684 0.300408 -0.259001 0.917972
0.622305 0.15169 0.0752779 0.301112 -0.256967 0.918314
0.622241 0.151766 0.0752874 0.301814 -0.254932 0.91865
0.622177 0.151842 0.0752969 0.302514 -0.252895 0.918983
0.622113 0.151919 0.0753063 0.303213 -0.250858 0.919311
0.622049 0.151995 0.0753158 0.303911 -0.24882 0.919634
0.621985 0.152071 0.0753253 0.304367 -0.24699 0.919976
0.621921 0.152147 0.0753348 0.302288 -0.247379 0.920557
0.621857 0.152224 0.0753442 0.300206 -0.247767 0.921134
0.621793 0.1523 0.0753537 0.298122 -0.248155 0.921706
0.621729 0.152376 0.0753632 0.296034 -0.248541 0.922275
0.621665 0.152453 0.0753727 0.293944 -0.248927 0.922839
0.621601 0.152529 0.0753822 0.29185 -0.249311 0.9234
0.621537 0.152605 0.0753916 0.289754 -0.249695 0.923956
0.621473 0.152681 0.0754011 0.287655 -0.250078 0.924508
0.621409 0.152758 0.0754106 0.31663 -0.165399 0.934017
0.621345 0.152834 0.0754201 0.31625 -0.163844 0.93442
0.621281 0.15291 0.0754295 0.315869 -0.162289 0.93482
0.621217 0.152986 0.075439 0.315487 -0.160732 0.935218
0.621153 0.153063 0.0754485 0.315104 -0.159175 0.935613
0.621089 0.153139 0.075458 0.31472 -0.157618 0.936006
0.621025 0.153215 0.0754675 0.314336 -0.15606 0.936396
0.620961 0.153291 0.0754769 0.31395 -0.154502 0.936784
0.620897 0.153368 0.0754864 0.313564 -0.152943 0.937169
0.620833 0.153444 0.0754959 0.313176 -0.151384 0.937552
0.620769 0.15352 0.0755054 0.312788 -0.149824 0.937932
0.620705 0.153597 0.0755149 0.312399 -0.148263 0.93831
0.620641 0.153673 0.0755243 0.312009 -0.146703 0.938685
0.620577 0.153749 0.0755338 0.311618 -0.145141 0.939057
0.620513 0.153825 0.0755433 0.311227 -0.14358 0.939427
0.620449 0.153902 0.0755528 0.310834 -0.142018 0.939794
0.620385 0.153978 0.0755622 0.310441 -0.140455 0.940159
0.620321 0.154054 0.0755717 0.310047 -0.138892 0.940521
0.620257 0.15413 0.0755812 0.309652 -0.137329 0.940881
0.620194 0.154207 0.0755907 0.309256 -0.135765 0.941238
0.62013 0.154283 0.0756002 0.308859 -0.134201 0.941592
0.620066 0.154359 0.0756096 0.308462 -0.132637 0.941944
0.620002 0.154435 0.0756191 0.308063 -0.131073 0.942293
0.619938 0.154512 0.0756286 0.307664 -0.129508 0.94264
0.619874 0.154588 0.0756381 0.307264 -0.127942 0.942984
0.61981 0.154664 0.0756475 0.306863 -0.126377 0.943326
0.619746 0.154741 0.075657 0.306462 -0.124811 0.943665
0.619682 0.154817 0.0756665 0.306059 -0.123245 0.944001
0.619618 0.154893 0.075676 0.305656 -0.121679 0.944335
0.619554 0.154969 0.0756855 0.305252 -0.120112 0.944666
0.61949 0.155046 0.0756949 0.304847 -0.118546 0.944995
0.619426 0.155122 0.0757044 0.304441 -0.116979 0.945321
0.619362 0.155198 0.0757139 0.304035 -0.115411 0.945644
0.619298 0.155274 0.0757234 0.303627 -0.113844 0.945965
0.619234 0.155351 0.0757329 0.303219 -0.112277 0.946283
0.61917 0.155427 0.0757423 0.30281 -0.110709 0.946599
0.619106 0.155503 0.0757518 0.302401 -0.109141 0.946912
0.619042 0.155579 0.0757613 0.30199 -0.107573 0.947222
0.618978 0.155656 0.0757708 0.301579 -0.106005 0.94753
0.618914 0.155732 0.0757802 0.272365 -0.084848 0.958446
0.61885 0.155808 0.0757897 0.270858 -0.0846926 0.958886
0.618786 0.155885 0.0757992 0.269351 -0.084537 0.959325
0.618722 0.155961 0.0758087 0.267843 -0.0843812 0.95976
0.618658 0.156037 0.0758182 0.266334 -0.0842252 0.960194
0.618594 0.156113 0.0758276 0.264824 -0.0840689 0.960625
0.61853 0.15619 0.0758371 0.263314 -0.0839124 0.961054
0.618466 0.156266 0.0758466 0.261802 -0.0837557 0.96148
0.618402 0.156342 0.0758561 0.26029 -0.0835987 0.961904
0.618338 0.156418 0.0758656 0.258778 -0.0834416 0.962326
0.618274 0.156495 0.075875 0.255326 -0.0856321 0.963055
0.61821 0.156571 0.0758845 0.251415 -0.0883694 0.963837
0.618146 0.156647 0.075894 0.247497 -0.0911056 0.964596
0.618082 0.156723 0.0759035 0.243572 -0.0938407 0.965332
0.618018 0.1568 0.0759129 0.239639 -0.0965743 0.966047
0.617954 0.156876 0.0759224 0.235701 -0.0993063 0.966739
0.61789 0.156952 0.0759319 0.231756 -0.102037 0.967408
0.617826 0.157029 0.0759414 0.227805 -0.104765 0.968054
0.617762 0.157105 0.0759509 0.223848 -0.107491 0.968678
0.617698 0.157181 0.0759603 0.219886 -0.110214 0.96928
0.617634 0.157257 0.0759698 0.215919 -0.112935 0.969858
0.61757 0.157334 0.0759793 0.211946 -0.115654 0.970414
0.617506 0.15741 0.0759888 0.207969 -0.118369 0.970947
0.617442 0.157486 0.0759982 0.203988 -0.121081 0.971457
0.617378 0.157562 0.0760077 0.200003 -0.12379 0.971944
0.617314 0.157639 0.0760172 0.142997 -0.15669 0.977241
0.61725 0.157715 0.0760267 0.139032 -0.158275 0.977558
0.617186 0.157791 0.0760362 0.135063 -0.159857 0.977857
0.617122 0.157868 0.0760456 0.131092 -0.161437 0.978138
0.617058 0.157944 0.0760551 0.127118 -0.163014 0.978401
0.616994 0.15802 0.0760646 0.123712 -0.163999 0.978673
0.616931 0.158096 0.0760741 0.12168 -0.163562 0.979
0.616867 0.158173 0.0760836 0.119648 -0.163124 0.979324
0.616803 0.158249 0.076093 0.117615 -0.162686 0.979643
0.616739 0.158325 0.0761025 0.115581 -0.162246 0.979958
0.616675 0.158401 0.076112 0.113547 -0.161806 0.980268
0.616611 0.158478 0.0761215 0.111512 -0.161366 0.980574
0.616547 0.158554 0.0761309 0.109476 -0.160924 0.980876
0.616483 0.15863 0.0761404 0.107439 -0.160482 0.981174
0.616419 0.158706 0.0761499 0.105402 -0.160039 0.981467
0.616355 0.158783 0.0761594 0.103364 -0.159595 0.981756
0.616291 0.158859 0.0761689 0.101326 -0.159151 0.982041
0.616227 0.158935 0.0761783 0.0992867 -0.158706 0.982321
0.616163 0.159012 0.0761878 0.0972471 -0.15826 0.982597
0.616099 0.159088 0.0761973 0.0952071 -0.157813 0.982869
0.616035 0.159164 0.0762068 0.0931666 -0.157366 0.983136
0.615971 0.15924 0.0762162 0.0911256 -0.156918 0.983399
0.615907 0.159317 0.0762257 0.0890843 -0.156469 0.983657
0.615843 0.159393 0.0762352 0.0870425 -0.156019 0.983911
0.615779 0.159469 0.0762447 0.0850003 -0.155569 0.984161
0.615715 0.159545 0.0762542 0.0829578 -0.155118 0.984407
0.615651 0.159622 0.0762636 0.080915 -0.154667 0.984648
0.615587 0.159698 0.0762731 0.0788719 -0.154215 0.984884
0.615523 0.159774 0.0762826 0.0768285 -0.153762 0.985117
0.615459 0.15985 0.0762921 0.0747849 -0.153308 0.985344
0.615395 0.159927 0.0763016 0.0727411 -0.152854 0.985568
0.615331 0.160003 0.076311 0.0706972 -0.152399 0.985787
0.615267 0.160079 0.0763205 0.068653 -0.151944 0.986002
0.615203 0.160156 0.07633 0.0666088 -0.151488 0.986212
0.615139 0.160232 0.0763395 0.0645644 -0.151031 0.986418
0.615075 0.160308 0.0763489 0.06252 -0.150574 0.98662
0.615011 0.160384 0.0763584 0.0604755 -0.150116 0.986817
0.614947 0.160461 0.0763679 0.058431 -0.149657 0.98701
0.614883 0.160537 0.0763774 0.0563865 -0.149198 0.987198
0.614819 0.160613 0.0763869 0.0543421 -0.148738 0.987382
0.614755 0.160689 0.0763963 0.0522977 -0.148278 0.987562
0.614691 0.160766 0.0764058 0.0502534 -0.147817 0.987737
0.614627 0.160842 0.0764153 0.0482092 -0.147356 0.987908
0.614563 0.160918 0.0764248 0.0461652 -0.146894 0.988074
0.614499 0.160994 0.0764343 0.0441214 -0.146431 0.988236
0.614435 0.161071 0.0764437 0.0420777 -0.145968 0.988394
0.614371 0.161147 0.0764532 0.0400343 -0.145504 0.988547
0.614307 0.161223 0.0764627 0.0379911 -0.14504 0.988696
0.614243 0.1613 0.0764722 0.0103222 -0.0561484 0.998369
0.614179 0.161376 0.0764816 0.0120779 -0.0513849 0.998606
0.614115 0.161452 0.0764911 0.0138338 -0.046619 0.998817
0.614051 0.161528 0.0765006 0.0155896 -0.041851 0.999002
0.613987 0.161605 0.0765101 0.0173453 -0.0370813 0.999162
0.613923 0.161681 0.0765196 0.0191006 -0.0323102 0.999295
0.613859 0.161757 0.076529 0.0208555 -0.0275382 0.999403
0.613795 0.161833 0.0765385 0.0226098 -0.0227656 0.999485
0.613731 0.16191 0.076548 0.0243634 -0.0179928 0.999541
0.613668 0.161986 0.0765575 0.0261161 -0.0132201 0.999571
0.613604 0.162062 0.0765669 0.0278679 -0.00844795 0.999576
0.61354 0.162138 0.0765764 0.0296185 -0.00367667 0.999555
0.613476 0.162215 0.0765859 0.0313679 0.00109335 0.999507
0.613412 0.162291 0.0765954 0.0331159 0.00586175 0.999434
0.613348 0.162367 0.0766049 0.0348623 0.0106282 0.999336
0.613284 0.162444 0.0766143 0.0366071 0.0153922 0.999211
0.61322 0.16252 0.0766238 0.0383501 0.0201535 0.999061
0.613156 0.162596 0.0766333 0.0400911 0.0249118 0.998885
0.613092 0.162672 0.0766428 0.0418301 0.0296666 0.998684
0.613028 0.162749 0.0766523 0.0435669 0.0344175 0.998457
0.612964 0.162825 0.0766617 0.0453014 0.0391643 0.998205
0.6129 0.162901 0.0766712 0.0470335 0.0439066 0.997928
0.612836 0.162977 0.0766807 0.0487629 0.0486439 0.997625
0.612772 0.163054 0.0766902 0.0504897 0.0533761 0.997297
0.612708 0.16313 0.0766996 0.0522136 0.0581026 0.996944
0.612644 0.163206 0.0767091 0.0539346 0.0628232 0.996566
0.61258 0.163282 0.0767186 0.0577604 0.0648877 0.99622
0.612516 0.163359 0.0767281 0.0603242 0.0626291 0.996212
0.612452 0.163435 0.0767376 0.0628875 0.0603696 0.996193
0.612388 0.163511 0.076747 0.0654501 0.0581093 0.996162
0.612324 0.163588 0.0767565 0.068012 0.0558484 0.99612
0.61226 0.163664 0.076766 0.070573 0.0535869 0.996066
0.612196 0.16374 0.0767755 0.073133 0.0513248 0.996001
0.612132 0.163816 0.0767849 0.075692 0.0490623 0.995923
0.612068 0.163893 0.0767944 0.0782498 0.0467995 0.995835
0.612004 0.163969 0.0768039 0.0808065 0.0445364 0.995734
0.61194 0.164045 0.0768134 0.0833618 0.0422731 0.995622
0.611876 0.164121 0.0768229 0.0859157 0.0400097 0.995499
0.611812 0.164198 0.0768323 0.0884682 0.0377462 0.995364
0.611748 0.164274 0.0768418 0.0910191 0.0354828 0.995217
0.611684 0.16435 0.0768513 0.0935683 0.0332195 0.995059
0.61162 0.164426 0.0768608 0.0961158 0.0309564 0.994889
0.611556 0.164503 0.0768703 0.102878 0.0223036 0.994444
0.611492 0.164579 0.0768797 0.102295 0.0220707 0.994509
0.611428 0.164655 0.0768892 0.101713 0.0218378 0.994574
0.611364 0.164732 0.0768987 0.10113 0.0216049 0.994639
0.6113 0.164808 0.0769082 0.100547 0.021372 0.994703
0.611236 0.164884 0.0769176 0.0999642 0.021139 0.994766
0.611172 0.16496 0.0769271 0.0993813 0.0209061 0.99483
0.611108 0.165037 0.0769366 0.0987984 0.0206731 0.994893
0.611044 0.165113 0.0769461 0.0982155 0.0204402 0.994955
0.61098 0.165189 0.0769556 0.0976325 0.0202072 0.995017
0.610916 0.165265 0.076965 0.0970495 0.0199742 0.995079
0.610852 0.165342 0.0769745 0.0964664 0.0197413 0.99514
0.610788 0.165418 0.076984 0.0958834 0.0195083 0.995201
0.610724 0.165494 0.0769935 0.0953002 0.0192753 0.995262
0.61066 0.16557 0.077003 0.0947171 0.0190423 0.995322
0.610596 0.165647 0.0770124 0.0941339 0.0188093 0.995382
0.610532 0.165723 0.0770219 0.0935507 0.0185763 0.995441
0.610468 0.165799 0.0770314 0.093229 0.0181521 0.995479
0.610405 0.165876 0.0770409 0.0931054 0.0175832 0.995501
0.610341 0.165952 0.0770503 0.0929818 0.0170142 0.995522
0.610277 0.166028 0.0770598 0.0919175 0.015869 0.99564
0.610213 0.166104 0.0770693 0.0907527 0.0146622 0.995766
0.610149 0.166181 0.0770788 0.0895874 0.0134553 0.995888
0.610085 0.166257 0.0770883 0.0884218 0.0122481 0.996008
0.610021 0.166333 0.0770977 0.0872558 0.0110408 0.996125
0.609957 0.166409 0.0771072 0.0860895 0.00983327 0.996239
0.609893 0.166486 0.0771167 0.0849227 0.00862562 0.99635
0.609829 0.166562 0.0771262 0.0837556 0.00741782 0.996459
0.609765 0.166638 0.0771356 0.0825882 0.00620989 0.996564
0.609701 0.166714 0.0771451 0.0814204 0.00500183 0.996667
0.609637 0.166791 0.0771546 0.0802523 0.00379365 0.996767
0.609573 0.166867 0.0771641 0.0790838 0.00258537 0.996865
0.609509 0.166943 0.0771736 0.0779151 0.001377 0.996959
0.609445 0.16702 0.077183 0.076746 0.000168538 0.997051
0.609381 0.167096 0.0771925 0.0755767 -0.00103999 0.997139
0.609317 0.167172 0.077202 0.0744071 -0.00224859 0.997225
0.609253 0.167248 0.0772115 0.0732372 -0.00345724 0.997309
0.609189 0.167325 0.077221 0.0720671 -0.00466593 0.997389
0.609125 0.167401 0.0772304 0.0713175 -0.00551472 0.997438
0.609061 0.167477 0.0772399 0.0717702 -0.00533488 0.997407
0.608997 0.167553 0.0772494 0.0721884 -0.00568682 0.997375
0.608933 0.16763 0.0772589 0.0725552 -0.00682803 0.997341
0.608869 0.167706 0.0772683 0.072922 -0.00796936 0.997306
0.608805 0.167782 0.0772778 0.0732888 -0.00911081 0.997269
0.608741 0.167858 0.0772873 0.0736554 -0.0102524 0.997231
0.608677 0.167935 0.0772968 0.074022 -0.011394 0.997192
0.608613 0.168011 0.0773063 0.0743885 -0.0125358 0.997151
0.608549 0.168087 0.0773157 0.0742912 -0.013356 0.997147
0.608485 0.168164 0.0773252 0.0737617 -0.0138766 0.997179
0.608421 0.16824 0.0773347 0.0732322 -0.0143973 0.997211
0.608357 0.168316 0.0773442 0.072784 -0.0142903 0.997245
0.608293 0.168392 0.0773536 0.0723672 -0.0139411 0.997281
0.608229 0.168469 0.0773631 0.0719504 -0.013592 0.997316
0.608165 0.168545 0.0773726 0.0715336 -0.013243 0.99735
0.608101 0.168621 0.0773821 0.0711168 -0.0128939 0.997385
0.608037 0.168697 0.0773916 0.0707 -0.0125448 0.997419
0.607973 0.168774 0.077401 0.0702832 -0.0121957 0.997453
0.607909 0.16885 0.0774105 0.0698664 -0.0118467 0.997486
0.607845 0.168926 0.07742 0.0694496 -0.0114976 0.997519
0.607781 0.169003 0.0774295 0.0690328 -0.0111486 0.997552
0.607717 0.169079 0.077439 0.068616 -0.0107996 0.997585
0.607653 0.169155 0.0774484 0.0681992 -0.0104506 0.997617
0.607589 0.169231 0.0774579 0.0677824 -0.0101016 0.997649
0.607525 0.169308 0.0774674 0.0673656 -0.00975262 0.997681
0.607461 0.169384 0.0774769 0.0669487 -0.00940365 0.997712
0.607397 0.16946 0.0774863 0.0665319 -0.0090547 0.997743
0.607333 0.169536 0.0774958 0.0661151 -0.00870576 0.997774
0.607269 0.169613 0.0775053 0.0656983 -0.00835684 0.997805
0.607205 0.169689 0.0775148 0.0652815 -0.00800793 0.997835
0.607142 0.169765 0.0775243 0.0648646 -0.00765904 0.997865
0.607078 0.169841 0.0775337 0.0644478 -0.00731016 0.997894
0.607014 0.169918 0.0775432 0.064031 -0.0069613 0.997924
0.60695 0.169994 0.0775527 0.0636142 -0.00661245 0.997953
0.606886 0.17007 0.0775622 0.0631974 -0.00626362 0.997981
0.606822 0.170147 0.0775717 0.0627806 -0.0059148 0.99801
0.606758 0.170223 0.0775811 0.0623638 -0.00556601 0.998038
0.606694 0.170299 0.0775906 0.061947 -0.00521723 0.998066
0.60663 0.170375 0.0776001 0.0615302 -0.00486846 0.998093
0.606566 0.170452 0.0776096 0.0611134 -0.00451972 0.998121
0.606502 0.170528 0.077619 0.0606966 -0.00417099 0.998148
0.606438 0.170604 0.0776285 0.0602799 -0.00382228 0.998174
0.606374 0.17068 0.077638 0.0598631 -0.00347359 0.998201
0.60631 0.170757 0.0776475 0.0594463 -0.00312492 0.998227
0.606246 0.170833 0.077657 0.0590296 -0.00277626 0.998252
0.606182 0.170909 0.0776664 0.0586128 -0.00242763 0.998278
0.606118 0.170985 0.0776759 0.0581961 -0.00207902 0.998303
0.606054 0.171062 0.0776854 0.0577793 -0.00173042 0.998328
0.60599 0.171138 0.0776949 0.0564273 0.00466734 0.998396
0.605926 0.171214 0.0777043 0.0557721 0.00470278 0.998432
0.605862 0.171291 0.0777138 0.0551168 0.00473821 0.998469
0.605798 0.171367 0.0777233 0.0544615 0.00477363 0.998504
0.605734 0.171443 0.0777328 0.0538062 0.00480906 0.99854
0.60567 0.171519 0.0777423 0.0531508 0.00484449 0.998575
0.605606 0.171596 0.0777517 0.0524954 0.00487991 0.998609
0.605542 0.171672 0.0777612 0.05184 0.00491533 0.998643
0.605478 0.171748 0.0777707 0.0511846 0.00495075 0.998677
0.605414 0.171824 0.0777802 0.0505291 0.00498617 0.99871
0.60535 0.171901 0.0777897 0.0498736 0.00502159 0.998743
0.605286 0.171977 0.0777991 0.0492181 0.005057 0.998775
0.605222 0.172053 0.0778086 0.0485626 0.00509241 0.998807
0.605158 0.172129 0.0778181 0.047907 0.00512782 0.998839
0.605094 0.172206 0.0778276 0.0472514 0.00516323 0.99887
0.60503 0.172282 0.077837 0.0465958 0.00519863 0.9989
0.604966 0.172358 0.0778465 0.0459402 0.00523404 0.99893
0.604902 0.172435 0.077856 0.0452845 0.00526944 0.99896
0.604838 0.172511 0.0778655 0.0446289 0.00530484 0.99899
0.604774 0.172587 0.077875 0.0439732 0.00534023 0.999018
0.60471 0.172663 0.0778844 0.0433175 0.00537563 0.999047
0.604646 0.17274 0.0778939 0.0426618 0.00541102 0.999075
0.604582 0.172816 0.0779034 0.0420061 0.00544641 0.999103
0.604518 0.172892 0.0779129 0.0413503 0.00548179 0.99913
0.604454 0.172968 0.0779223 0.0406946 0.00551718 0.999156
0.60439 0.173045 0.0779318 0.0400388 0.00555256 0.999183
0.604326 0.173121 0.0779413 0.039383 0.00558793 0.999209
0.604262 0.173197 0.0779508 0.0387272 0.00562331 0.999234
0.604198 0.173273 0.0779603 0.0380714 0.00565868 0.999259
0.604134 0.17335 0.0779697 0.0374156 0.00569405 0.999284
0.60407 0.173426 0.0779792 0.0367598 0.00572942 0.999308
0.604006 0.173502 0.0779887 0.036104 0.00576478 0.999331
0.603942 0.173579 0.0779982 0.0354481 0.00580014 0.999355
0.603879 0.173655 0.0780077 0.0347923 0.0058355 0.999378
0.603815 0.173731 0.0780171 0.0341365 0.00587086 0.9994
0.603751 0.173807 0.0780266 0.0334806 0.00590621 0.999422
0.603687 0.173884 0.0780361 0.0328248 0.00594156 0.999443
0.603623 0.17396 0.0780456 0.0316199 0.00628609 0.99948
0.603559 0.174036 0.078055 0.0313798 0.00658247 0.999486
0.603495 0.174112 0.0780645 0.0309895 0.00686528 0.999496
0.603431 0.174189 0.078074 0.0304681 0.00713627 0.99951
0.603367 0.174265 0.0780835 0.0299467 0.00740725 0.999524
0.603303 0.174341 0.078093 0.0294253 0.00767824 0.999537
0.603239 0.174417 0.0781024 0.0289038 0.00794923 0.999551
0.603175 0.174494 0.0781119 0.0283824 0.00822021 0.999563
0.603111 0.17457 0.0781214 0.0278609 0.0084912 0.999576
0.603047 0.174646 0.0781309 0.0273395 0.00876219 0.999588
0.602983 0.174723 0.0781404 0.026818 0.00903317 0.9996
0.602919 0.174799 0.0781498 0.0262965 0.00930416 0.999611
0.602855 0.174875 0.0781593 0.0257749 0.00957515 0.999622
0.602791 0.174951 0.0781688 0.0252534 0.00984613 0.999633
0.602727 0.175028 0.0781783 0.0247319 0.0101171 0.999643
0.602663 0.175104 0.0781877 0.0242103 0.0103881 0.999653
0.602599 0.17518 0.0781972 0.0236887 0.0106591 0.999663
0.602535 0.175256 0.0782067 0.0231666 0.0109474 0.999672
0.602471 0.175333 0.0782162 0.0226441 0.0112443 0.99968
0.602407 0.175409 0.0782257 0.0221217 0.0115412 0.999689
0.602343 0.175485 0.0782351 0.0215992 0.0118381 0.999697
0.602279 0.175561 0.0782446 0.0210767 0.012135 0.999704
0.602215 0.175638 0.0782541 0.0205542 0.0124319 0.999711
0.602151 0.175714 0.0782636 0.0200317 0.0127288 0.999718
0.602087 0.17579 0.078273 0.0195092 0.0130256 0.999725
0.602023 0.175867 0.0782825 0.0189867 0.0133225 0.999731
0.601959 0.175943 0.078292 0.0184642 0.0136194 0.999737
0.601895 0.176019 0.0783015 0.0179416 0.0139162 0.999742
0.601831 0.176095 0.078311 0.0174191 0.0142131 0.999747
0.601767 0.176172 0.0783204 0.0168966 0.0145099 0.999752
0.601703 0.176248 0.0783299 0.016374 0.0148068 0.999756
0.601639 0.176324 0.0783394 0.0158515 0.0151036 0.99976
0.601575 0.1764 0.0783489 0.015329 0.0154004 0.999764
0.601511 0.176477 0.0783584 0.0148064 0.0156972 0.999767
0.601447 0.176553 0.0783678 0.0142839 0.0159941 0.99977
0.601383 0.176629 0.0783773 0.0137613 0.0162909 0.999773
0.601319 0.176705 0.0783868 0.0132388 0.0165876 0.999775
0.601255 0.176782 0.0783963 0.0127162 0.0168844 0.999777
0.601191 0.176858 0.0784057 0.0121937 0.0171812 0.999778
0.601127 0.176934 0.0784152 0.0116711 0.017478 0.999779
0.601063 0.177011 0.0784247 0.0111486 0.0177747 0.99978
0.600999 0.177087 0.0784342 0.010626 0.0180715 0.99978
0.600935 0.177163 0.0784437 0.0101035 0.0183682 0.99978
0.600871 0.177239 0.0784531 0.00958097 0.0186649 0.99978
0.600807 0.177316 0.0784626 0.00905844 0.0189617 0.999779
0.600743 0.177392 0.0784721 0.00818899 0.0195742 0.999775
0.60068 0.177468 0.0784816 0.00792083 0.0197768 0.999773
0.600616 0.177544 0.0784911 0.0076449 0.0199924 0.999771
0.600552 0.177621 0.0785005 0.00735607 0.0202299 0.999768
0.600488 0.177697 0.07851 0.00706723 0.0204674 0.999766
0.600424 0.177773 0.0785195 0.00677839 0.0207048 0.999763
0.60036 0.177849 0.078529 0.00648955 0.0209423 0.99976
0.600296 0.177926 0.0785384 0.00620071 0.0211798 0.999756
0.600232 0.178002 0.0785479 0.00591187 0.0214172 0.999753
0.600168 0.178078 0.0785574 0.00562302 0.0216547 0.99975
0.600104 0.178155 0.0785669 0.00533417 0.0218921 0.999746
0.60004 0.178231 0.0785764 0.00504533 0.0221296 0.999742
0.599976 0.178307 0.0785858 0.00475648 0.022367 0.999739
0.599912 0.178383 0.0785953 0.00446762 0.0226045 0.999735
0.599848 0.17846 0.0786048 0.00425746 0.0228728 0.999729
0.599784 0.178536 0.0786143 0.00405517 0.0231442 0.999724
0.59972 0.178612 0.0786237 0.00385289 0.0234156 0.999718
0.599656 0.178688 0.0786332 0.0036506 0.0236869 0.999713
0.599592 0.178765 0.0786427 0.00344832 0.0239583 0.999707
0.599528 0.178841 0.0786522 0.00324603 0.0242297 0.999701
0.599464 0.178917 0.0786617 0.00304374 0.0245011 0.999695
0.5994 0.178993 0.0786711 0.00284145 0.0247724 0.999689
0.599336 0.17907 0.0786806 0.00263917 0.0250438 0.999683
0.599272 0.179146 0.0786901 0.00243688 0.0253152 0.999677
0.599208 0.179222 0.0786996 0.00223459 0.0255866 0.99967
0.599144 0.179299 0.0787091 0.0020323 0.0258579 0.999664
0.59908 0.179375 0.0787185 0.00183001 0.0261293 0.999657
0.599016 0.179451 0.078728 0.00162772 0.0264006 0.99965
0.598952 0.179527 0.0787375 0.00142543 0.026672 0.999643
0.598888 0.179604 0.078747 0.00122314 0.0269433 0.999636
0.598824 0.17968 0.0787564 0.00102085 0.0272147 0.999629
0.59876 0.179756 0.0787659 0.00081856 0.027486 0.999622
0.598696 0.179832 0.0787754 0.00061627 0.0277574 0.999615
0.598632 0.179909 0.0787849 0.000413981 0.0280287 0.999607
0.598568 0.179985 0.0787944 0.000211692 0.0283 0.999599
0.598504 0.180061 0.0788038 9.40417e-06 0.0285713 0.999592
0.59844 0.180138 0.0788133 -0.000192884 0.0288427 0.999584
0.598376 0.180214 0.0788228 -0.00282165 0.0304946 0.999531
0.598312 0.18029 0.0788323 -0.0040595 0.0312347 0.999504
0.598248 0.180366 0.0788417 -0.00529741 0.0319748 0.999475
0.598184 0.180443 0.0788512 -0.00653535 0.0327149 0.999443
0.59812 0.180519 0.0788607 -0.00741249 0.0333555 0.999416
0.598056 0.180595 0.0788702 -0.0081636 0.0340431 0.999387
0.597992 0.180671 0.0788797 -0.00891473 0.0347307 0.999357
0.597928 0.180748 0.0788891 -0.00966586 0.0354182 0.999326
0.597864 0.180824 0.0788986 -0.010417 0.0361058 0.999294
0.5978 0.1809 0.0789081 -0.0111682 0.0367933 0.99926
0.597736 0.180976 0.0789176 -0.0119193 0.0374808 0.999226
0.597672 0.181053 0.0789271 -0.0126705 0.0381682 0.999191
0.597608 0.181129 0.0789365 -0.0134216 0.0388557 0.999155
0.597544 0.181205 0.078946 -0.0141728 0.0395431 0.999117
0.59748 0.181282 0.0789555 -0.0149239 0.0402304 0.999079
0.597417 0.181358 0.078965 -0.015675 0.0409178 0.99904
0.597353 0.181434 0.0789744 -0.0164261 0.0416051 0.998999
0.597289 0.18151 0.0789839 -0.0171773 0.0422923 0.998958
0.597225 0.181587 0.0789934 -0.0179283 0.0429795 0.998915
0.597161 0.181663 0.0790029 -0.0186794 0.0436667 0.998872
0.597097 0.181739 0.0790124 -0.0194305 0.0443538 0.998827
0.597033 0.181815 0.0790218 -0.0201815 0.0450409 0.998781
0.596969 0.181892 0.0790313 -0.0209325 0.0457279 0.998735
0.596905 0.181968 0.0790408 -0.0216835 0.0464149 0.998687
0.596841 0.182044 0.0790503 -0.0224344 0.0471018 0.998638
0.596777 0.18212 0.0790598 -0.0231854 0.0477886 0.998588
0.596713 0.182197 0.0790692 -0.0239362 0.0484754 0.998538
0.596649 0.182273 0.0790787 -0.0246871 0.0491622 0.998486
0.596585 0.182349 0.0790882 -0.0254379 0.0498488 0.998433
0.596521 0.182426 0.0790977 -0.0261886 0.0505355 0.998379
0.596457 0.182502 0.0791071 -0.0269394 0.051222 0.998324
0.596393 0.182578 0.0791166 -0.02769 0.0519085 0.998268
0.596329 0.182654 0.0791261 -0.0284407 0.0525949 0.998211
0.596265 0.182731 0.0791356 -0.0291912 0.0532812 0.998153
0.596201 0.182807 0.0791451 -0.0299418 0.0539674 0.998094
0.596137 0.182883 0.0791545 -0.0306922 0.0546536 0.998034
0.596073 0.182959 0.079164 -0.0314426 0.0553397 0.997972
0.596009 0.183036 0.0791735 -0.032193 0.0560257 0.99791
0.595945 0.183112 0.079183 -0.038595 0.0613636 0.997369
0.595881 0.183188 0.0791924 -0.0400285 0.062541 0.997239
0.595817 0.183264 0.0792019 -0.0414619 0.0637182 0.997106
0.595753 0.183341 0.0792114 -0.0428954 0.0648953 0.99697
0.595689 0.183417 0.0792209 -0.0443288 0.0660722 0.99683
0.595625 0.183493 0.0792304 -0.0457622 0.0672491 0.996686
0.595561 0.18357 0.0792398 -0.0471956 0.0684258 0.996539
0.595497 0.183646 0.0792493 -0.0486288 0.0696023 0.996389
0.595433 0.183722 0.0792588 -0.050062 0.0707786 0.996235
0.595369 0.183798 0.0792683 -0.051495 0.0719547 0.996078
0.595305 0.183875 0.0792778 -0.0529279 0.0731307 0.995917
0.595241 0.183951 0.0792872 -0.0543607 0.0743064 0.995753
0.595177 0.184027 0.0792967 -0.0557934 0.0754819 0.995585
0.595113 0.184103 0.0793062 -0.0572259 0.0766572 0.995414
0.595049 0.18418 0.0793157 -0.0586582 0.0778322 0.995239
0.594985 0.184256 0.0793251 -0.0600903 0.0790069 0.995061
0.594921 0.184332 0.0793346 -0.0615221 0.0801814 0.99488
0.594857 0.184408 0.0793441 -0.0629538 0.0813556 0.994695
0.594793 0.184485 0.0793536 -0.0643852 0.0825294 0.994507
0.594729 0.184561 0.0793631 -0.0658164 0.083703 0.994315
0.594665 0.184637 0.0793725 -0.0685002 0.0862864 0.993913
0.594601 0.184714 0.079382 -0.0692935 0.0870389 0.993792
0.594537 0.18479 0.0793915 -0.0700867 0.0877913 0.99367
0.594473 0.184866 0.079401 -0.0708797 0.0885435 0.993547
0.594409 0.184942 0.0794104 -0.0716727 0.0892956 0.993423
0.594345 0.185019 0.0794199 -0.0724655 0.0900475 0.993298
0.594281 0.185095 0.0794294 -0.0732582 0.0907993 0.993171
0.594217 0.185171 0.0794389 -0.0740508 0.091551 0.993043
0.594154 0.185247 0.0794484 -0.0748433 0.0923025 0.992914
0.59409 0.185324 0.0794578 -0.0756356 0.0930539 0.992784
0.594026 0.1854 0.0794673 -0.0764278 0.0938051 0.992653
0.593962 0.185476 0.0794768 -0.0772198 0.0945561 0.99252
0.593898 0.185552 0.0794863 -0.0780117 0.095307 0.992386
0.593834 0.185629 0.0794958 -0.0788035 0.0960578 0.992251
0.59377 0.185705 0.0795052 -0.0795951 0.0968083 0.992115
0.593706 0.185781 0.0795147 -0.0803866 0.0975588 0.991978
0.593642 0.185858 0.0795242 -0.0840527 0.0987409 0.991557
0.593578 0.185934 0.0795337 -0.0845723 0.0985683 0.99153
0.593514 0.18601 0.0795431 -0.0850919 0.0983957 0.991503
0.59345 0.186086 0.0795526 -0.0856115 0.0982231 0.991475
0.593386 0.186163 0.0795621 -0.0861311 0.0980505 0.991447
0.593322 0.186239 0.0795716 -0.0866507 0.0978778 0.991419
0.593258 0.186315 0.0795811 -0.0871702 0.097705 0.99139
0.593194 0.186391 0.0795905 -0.0876897 0.0975323 0.991362
0.59313 0.186468 0.0796 -0.0882092 0.0973595 0.991333
0.593066 0.186544 0.0796095 -0.0887287 0.0971867 0.991303
0.593002 0.18662 0.079619 -0.0892482 0.0970138 0.991273
0.592938 0.186696 0.0796285 -0.0897677 0.0968409 0.991243
0.592874 0.186773 0.0796379 -0.0902871 0.096668 0.991213
0.59281 0.186849 0.0796474 -0.0908065 0.0964951 0.991183
0.592746 0.186925 0.0796569 -0.0913259 0.0963221 0.991152
0.592682 0.187002 0.0796664 -0.0918453 0.0961491 0.99112
0.592618 0.187078 0.0796758 -0.0923646 0.0959761 0.991089
0.592554 0.187154 0.0796853 -0.092884 0.095803 0.991057
0.59249 0.18723 0.0796948 -0.0933345 0.095704 0.991024
0.592426 0.187307 0.0797043 -0.0937372 0.0956565 0.990991
0.592362 0.187383 0.0797138 -0.0941398 0.0956091 0.990957
0.592298 0.187459 0.0797232 -0.0945425 0.0955616 0.990924
0.592234 0.187535 0.0797327 -0.0949614 0.0953057 0.990908
0.59217 0.187612 0.0797422 -0.0954374 0.0943217 0.990957
0.592106 0.187688 0.0797517 -0.0959132 0.0933375 0.991004
0.592042 0.187764 0.0797611 -0.096389 0.0923531 0.99105
0.591978 0.18784 0.0797706 -0.0968646 0.0913687 0.991095
0.591914 0.187917 0.0797801 -0.0973401 0.0903841 0.991139
0.59185 0.187993 0.0797896 -0.0978155 0.0893994 0.991181
0.591786 0.188069 0.0797991 -0.0982908 0.0884147 0.991222
0.591722 0.188146 0.0798085 -0.098766 0.0874298 0.991262
0.591658 0.188222 0.079818 -0.099241 0.0864448 0.991301
0.591594 0.188298 0.0798275 -0.0997159 0.0854597 0.991339
0.59153 0.188374 0.079837 -0.100191 0.0844745 0.991376
0.591466 0.188451 0.0798465 -0.100665 0.0834892 0.991411
0.591402 0.188527 0.0798559 -0.10114 0.0825038 0.991445
0.591338 0.188603 0.0798654 -0.101614 0.0815184 0.991478
0.591274 0.188679 0.0798749 -0.102089 0.0805328 0.99151
0.59121 0.188756 0.0798844 -0.102563 0.0795472 0.991541
0.591146 0.188832 0.0798938 -0.103037 0.0785615 0.99157
0.591082 0.188908 0.0799033 -0.10644 0.0802285 0.991077
0.591018 0.188984 0.0799128 -0.107362 0.081369 0.990885
0.590954 0.189061 0.0799223 -0.108285 0.0825095 0.99069
0.590891 0.189137 0.0799318 -0.109207 0.0836497 0.990493
0.590827 0.189213 0.0799412 -0.110128 0.0847898 0.990294
0.590763 0.18929 0.0799507 -0.11105 0.0859298 0.990093
0.590699 0.189366 0.0799602 -0.111971 0.0870696 0.98989
0.590635 0.189442 0.0799697 -0.112893 0.0882093 0.989684
0.590571 0.189518 0.0799791 -0.113813 0.0893487 0.989476
0.590507 0.189595 0.0799886 -0.114734 0.090488 0.989266
0.590443 0.189671 0.0799981 -0.115655 0.0916271 0.989054
0.590379 0.189747 0.0800076 -0.116575 0.092766 0.98884
0.590315 0.189823 0.0800171 -0.117495 0.0939047 0.988624
0.590251 0.1899 0.0800265 -0.118414 0.0950432 0.988405
0.590187 0.189976 0.080036 -0.119334 0.0961814 0.988185
0.590123 0.190052 0.0800455 -0.120253 0.0973194 0.987962
0.590059 0.190128 0.080055 -0.121172 0.0984572 0.987737
0.589995 0.190205 0.0800645 -0.12209 0.0995948 0.987509
0.589931 0.190281 0.0800739 -0.123008 0.100732 0.98728
0.589867 0.190357 0.0800834 -0.123926 0.101869 0.987049
0.589803 0.190434 0.0800929 -0.124844 0.103006 0.986815
0.589739 0.19051 0.0801024 -0.125761 0.104142 0.986579
0.589675 0.190586 0.0801118 -0.126678 0.105279 0.986341
0.589611 0.190662 0.0801213 -0.127595 0.106414 0.986101
0.589547 0.190739 0.0801308 -0.128511 0.10755 0.985859
0.589483 0.190815 0.0801403 -0.129122 0.108265 0.985701
0.589419 0.190891 0.0801498 -0.129446 0.108586 0.985623
0.589355 0.190967 0.0801592 -0.129769 0.108906 0.985545
0.589291 0.191044 0.0801687 -0.130249 0.109226 0.985447
0.589227 0.19112 0.0801782 -0.130833 0.109544 0.985334
0.589163 0.191196 0.0801877 -0.131417 0.109863 0.985221
0.589099 0.191272 0.0801972 -0.132 0.110181 0.985107
0.589035 0.191349 0.0802066 -0.132584 0.110499 0.984993
0.588971 0.191425 0.0802161 -0.133167 0.110818 0.984879
0.588907 0.191501 0.0802256 -0.133751 0.111136 0.984764
0.588843 0.191578 0.0802351 -0.134334 0.111454 0.984648
0.588779 0.191654 0.0802445 -0.134917 0.111772 0.984533
0.588715 0.19173 0.080254 -0.1355 0.11209 0.984416
0.588651 0.191806 0.0802635 -0.136083 0.112408 0.9843
0.588587 0.191883 0.080273 -0.139127 0.115444 0.983522
0.588523 0.191959 0.0802825 -0.139861 0.116462 0.983298
0.588459 0.192035 0.0802919 -0.140596 0.11748 0.983072
0.588395 0.192111 0.0803014 -0.14133 0.118498 0.982845
0.588331 0.192188 0.0803109 -0.142064 0.119516 0.982616
0.588267 0.192264 0.0803204 -0.142798 0.120533 0.982385
0.588203 0.19234 0.0803298 -0.143532 0.121551 0.982153
0.588139 0.192417 0.0803393 -0.144266 0.122568 0.981919
0.588075 0.192493 0.0803488 -0.144999 0.123585 0.981683
0.588011 0.192569 0.0803583 -0.145732 0.124602 0.981446
0.587947 0.192645 0.0803678 -0.146465 0.125618 0.981207
0.587883 0.192722 0.0803772 -0.147198 0.126635 0.980967
0.587819 0.192798 0.0803867 -0.14793 0.127651 0.980725
0.587755 0.192874 0.0803962 -0.148663 0.128667 0.980482
0.587691 0.19295 0.0804057 -0.149395 0.129683 0.980236
0.587628 0.193027 0.0804152 -0.150126 0.130699 0.97999
0.587564 0.193103 0.0804246 -0.150858 0.131714 0.979741
0.5875 0.193179 0.0804341 -0.151589 0.13273 0.979491
0.587436 0.193255 0.0804436 -0.15232 0.133745 0.97924
0.587372 0.193332 0.0804531 -0.153051 0.13476 0.978987
0.587308 0.193408 0.0804625 -0.153782 0.135774 0.978732
0.587244 0.193484 0.080472 -0.154512 0.136789 0.978476
0.58718 0.193561 0.0804815 -0.155242 0.137803 0.978218
0.587116 0.193637 0.080491 -0.155972 0.138817 0.977958
0.587052 0.193713 0.0805005 -0.156701 0.139831 0.977697
0.586988 0.193789 0.0805099 -0.157431 0.140844 0.977435
0.586924 0.193866 0.0805194 -0.15816 0.141857 0.97717
0.58686 0.193942 0.0805289 -0.158888 0.14287 0.976905
0.586796 0.194018 0.0805384 -0.159617 0.143883 0.976637
0.586732 0.194094 0.0805478 -0.160345 0.144896 0.976368
0.586668 0.194171 0.0805573 -0.161073 0.145908 0.976098
0.586604 0.194247 0.0805668 -0.1618 0.14692 0.975825
0.58654 0.194323 0.0805763 -0.162528 0.147931 0.975552
0.586476 0.194399 0.0805858 -0.163255 0.148943 0.975276
0.586412 0.194476 0.0805952 -0.164727 0.150284 0.974823
0.586348 0.194552 0.0806047 -0.165782 0.151256 0.974494
0.586284 0.194628 0.0806142 -0.166836 0.152228 0.974162
0.58622 0.194705 0.0806237 -0.171222 0.155562 0.972874
0.586156 0.194781 0.0806332 -0.172396 0.156478 0.97252
0.586092 0.194857 0.0806426 -0.173569 0.157394 0.972163
0.586028 0.194933 0.0806521 -0.174742 0.15831 0.971804
0.585964 0.19501 0.0806616 -0.175914 0.159225 0.971443
0.5859 0.195086 0.0806711 -0.177086 0.160141 0.97108
0.585836 0.195162 0.0806805 -0.178258 0.161055 0.970714
0.585772 0.195238 0.08069 -0.17943 0.16197 0.970346
0.585708 0.195315 0.0806995 -0.180601 0.162884 0.969975
0.585644 0.195391 0.080709 -0.181771 0.163798 0.969603
0.58558 0.195467 0.0807185 -0.182942 0.164711 0.969228
0.585516 0.195543 0.0807279 -0.184112 0.165624 0.968851
0.585452 0.19562 0.0807374 -0.185281 0.166537 0.968471
0.585388 0.195696 0.0807469 -0.186451 0.16745 0.968089
0.585324 0.195772 0.0807564 -0.187619 0.168362 0.967705
0.58526 0.195849 0.0807659 -0.18855 0.169708 0.967289
0.585196 0.195925 0.0807753 -0.189762 0.170637 0.966888
0.585132 0.196001 0.0807848 -0.190974 0.171567 0.966485
0.585068 0.196077 0.0807943 -0.192185 0.172495 0.96608
0.585004 0.196154 0.0808038 -0.193396 0.173424 0.965672
0.58494 0.19623 0.0808132 -0.194607 0.174352 0.965261
0.584876 0.196306 0.0808227 -0.195817 0.175279 0.964849
0.584812 0.196382 0.0808322 -0.197026 0.176206 0.964434
0.584748 0.196459 0.0808417 -0.198235 0.177133 0.964016
0.584684 0.196535 0.0808512 -0.199444 0.178059 0.963596
0.58462 0.196611 0.0808606 -0.200652 0.178985 0.963174
0.584556 0.196687 0.0808701 -0.201859 0.17991 0.962749
0.584492 0.196764 0.0808796 -0.203066 0.180835 0.962322
0.584428 0.19684 0.0808891 -0.204272 0.181759 0.961892
0.584365 0.196916 0.0808985 -0.205478 0.182683 0.96146
0.584301 0.196993 0.080908 -0.206683 0.183606 0.961026
0.584237 0.197069 0.0809175 -0.207887 0.184528 0.960589
0.584173 0.197145 0.080927 -0.209091 0.185451 0.96015
0.584109 0.197221 0.0809365 -0.210295 0.186372 0.959709
0.584045 0.197298 0.0809459 -0.211498 0.187294 0.959265
0.583981 0.197374 0.0809554 -0.2127 0.188214 0.958819
0.583917 0.19745 0.0809649 -0.213901 0.189134 0.958371
0.583853 0.197526 0.0809744 -0.215102 0.190054 0.95792
0.583789 0.197603 0.0809839 -0.221066 0.194577 0.955652
0.583725 0.197679 0.0809933 -0.222271 0.195616 0.95516
0.583661 0.197755 0.0810028 -0.223476 0.196656 0.954665
0.583597 0.197831 0.0810123 -0.22468 0.197695 0.954168
0.583533 0.197908 0.0810218 -0.225842 0.198919 0.953639
0.583469 0.197984 0.0810312 -0.226342 0.200092 0.953275
0.583405 0.19806 0.0810407 -0.226841 0.201264 0.952909
0.583341 0.198137 0.0810502 -0.227339 0.202436 0.952542
0.583277 0.198213 0.0810597 -0.227838 0.203608 0.952173
0.583213 0.198289 0.0810692 -0.228336 0.204779 0.951803
0.583149 0.198365 0.0810786 -0.228833 0.20595 0.95143
0.583085 0.198442 0.0810881 -0.22933 0.207121 0.951057
0.583021 0.198518 0.0810976 -0.229827 0.208291 0.950681
0.582957 0.198594 0.0811071 -0.230323 0.209461 0.950304
0.582893 0.19867 0.0811165 -0.230819 0.210631 0.949925
0.582829 0.198747 0.081126 -0.231315 0.2118 0.949544
0.582765 0.198823 0.0811355 -0.23181 0.212969 0.949162
0.582701 0.198899 0.081145 -0.232305 0.214137 0.948778
0.582637 0.198975 0.0811545 -0.232799 0.215306 0.948392
0.582573 0.199052 0.0811639 -0.233293 0.216473 0.948005
0.582509 0.199128 0.0811734 -0.233787 0.217641 0.947616
0.582445 0.199204 0.0811829 -0.23428 0.218808 0.947225
0.582381 0.199281 0.0811924 -0.234773 0.219974 0.946833
0.582317 0.199357 0.0812019 -0.235265 0.22114 0.946439
0.582253 0.199433 0.0812113 -0.235757 0.222306 0.946044
0.582189 0.199509 0.0812208 -0.236248 0.223471 0.945647
0.582125 0.199586 0.0812303 -0.236739 0.224636 0.945248
0.582061 0.199662 0.0812398 -0.23723 0.225801 0.944847
0.581997 0.199738 0.0812492 -0.23772 0.226965 0.944445
0.581933 0.199814 0.0812587 -0.238209 0.228128 0.944041
0.581869 0.199891 0.0812682 -0.238699 0.229291 0.943636
0.581805 0.199967 0.0812777 -0.239187 0.230454 0.943229
0.581741 0.200043 0.0812872 -0.239676 0.231616 0.94282
0.581677 0.200119 0.0812966 -0.240164 0.232778 0.94241
0.581613 0.200196 0.0813061 -0.240651 0.233939 0.941998
0.581549 0.200272 0.0813156 -0.241138 0.2351 0.941584
0.581485 0.200348 0.0813251 -0.241625 0.23626 0.941169
0.581421 0.200425 0.0813346 -0.243217 0.238261 0.940254
0.581357 0.200501 0.081344 -0.244058 0.238973 0.939855
0.581293 0.200577 0.0813535 -0.244899 0.239684 0.939455
0.581229 0.200653 0.081363 -0.245739 0.240395 0.939054
0.581165 0.20073 0.0813725 -0.246579 0.241106 0.938652
0.581102 0.200806 0.0813819 -0.247419 0.241816 0.938248
0.581038 0.200882 0.0813914 -0.248258 0.242527 0.937843
0.580974 0.200958 0.0814009 -0.249097 0.243236 0.937436
0.58091 0.201035 0.0814104 -0.249936 0.243946 0.937028
0.580846 0.201111 0.0814199 -0.250775 0.244655 0.936619
0.580782 0.201187 0.0814293 -0.251613 0.245364 0.936209
0.580718 0.201263 0.0814388 -0.252451 0.246073 0.935797
0.580654 0.20134 0.0814483 -0.253289 0.246782 0.935384
0.58059 0.201416 0.0814578 -0.254126 0.24749 0.93497
0.580526 0.201492 0.0814672 -0.254963 0.248197 0.934554
0.580462 0.201569 0.0814767 -0.2558 0.248905 0.934137
0.580398 0.201645 0.0814862 -0.256636 0.249612 0.933719
0.580334 0.201721 0.0814957 -0.257472 0.250319 0.9333
0.58027 0.201797 0.0815052 -0.258046 0.251205 0.932903
0.580206 0.201874 0.0815146 -0.258256 0.252263 0.93256
0.580142 0.20195 0.0815241 -0.258466 0.25332 0.932215
0.580078 0.202026 0.0815336 -0.258675 0.254377 0.931869
0.580014 0.202102 0.0815431 -0.258884 0.255434 0.931522
0.57995 0.202179 0.0815526 -0.259093 0.256491 0.931173
0.579886 0.202255 0.081562 -0.259301 0.257547 0.930824
0.579822 0.202331 0.0815715 -0.259509 0.258603 0.930473
0.579758 0.202407 0.081581 -0.259717 0.259658 0.930121
0.579694 0.202484 0.0815905 -0.259925 0.260713 0.929768
0.57963 0.20256 0.0815999 -0.260132 0.261768 0.929413
0.579566 0.202636 0.0816094 -0.260338 0.262823 0.929058
0.579502 0.202713 0.0816189 -0.260545 0.263877 0.928701
0.579438 0.202789 0.0816284 -0.260751 0.264931 0.928343
0.579374 0.202865 0.0816379 -0.260957 0.265984 0.927984
0.57931 0.202941 0.0816473 -0.261162 0.267037 0.927624
0.579246 0.203018 0.0816568 -0.261367 0.26809 0.927262
0.579182 0.203094 0.0816663 -0.261572 0.269142 0.926899
0.579118 0.20317 0.0816758 -0.261776 0.270194 0.926536
0.579054 0.203246 0.0816852 -0.26198 0.271246 0.926171
0.57899 0.203323 0.0816947 -0.262184 0.272297 0.925804
0.578926 0.203399 0.0817042 -0.262387 0.273348 0.925437
0.578862 0.203475 0.0817137 -0.26259 0.274398 0.925069
0.578798 0.203552 0.0817232 -0.262793 0.275448 0.924699
0.578734 0.203628 0.0817326 -0.262995 0.276498 0.924328
0.57867 0.203704 0.0817421 -0.263621 0.277959 0.923711
0.578606 0.20378 0.0817516 -0.264332 0.279111 0.923161
0.578542 0.203857 0.0817611 -0.265044 0.280262 0.922608
0.578478 0.203933 0.0817706 -0.265754 0.281413 0.922053
0.578414 0.204009 0.08178 -0.266465 0.282564 0.921496
0.57835 0.204085 0.0817895 -0.267174 0.283713 0.920937
0.578286 0.204162 0.081799 -0.267884 0.284863 0.920376
0.578222 0.204238 0.0818085 -0.268592 0.286011 0.919813
0.578158 0.204314 0.0818179 -0.2693 0.28716 0.919248
0.578094 0.20439 0.0818274 -0.270008 0.288307 0.918681
0.57803 0.204467 0.0818369 -0.270715 0.289454 0.918112
0.577966 0.204543 0.0818464 -0.271422 0.290601 0.917541
0.577902 0.204619 0.0818559 -0.272128 0.291747 0.916968
0.577839 0.204696 0.0818653 -0.272833 0.292892 0.916393
0.577775 0.204772 0.0818748 -0.273538 0.294037 0.915816
0.577711 0.204848 0.0818843 -0.274242 0.295181 0.915237
0.577647 0.204924 0.0818938 -0.274946 0.296324 0.914657
0.577583 0.205001 0.0819033 -0.275649 0.297467 0.914074
0.577519 0.205077 0.0819127 -0.276351 0.29861 0.913489
0.577455 0.205153 0.0819222 -0.277053 0.299751 0.912902
0.577391 0.205229 0.0819317 -0.277755 0.300893 0.912314
0.577327 0.205306 0.0819412 -0.278456 0.302033 0.911723
0.577263 0.205382 0.0819506 -0.279156 0.303173 0.91113
0.577199 0.205458 0.0819601 -0.279855 0.304312 0.910536
0.577135 0.205534 0.0819696 -0.280554 0.30545 0.909939
0.577071 0.205611 0.0819791 -0.281253 0.306588 0.909341
0.577007 0.205687 0.0819886 -0.28195 0.307725 0.90874
0.576943 0.205763 0.081998 -0.282648 0.308862 0.908138
0.576879 0.20584 0.0820075 -0.283344 0.309997 0.907534
0.576815 0.205916 0.082017 -0.28404 0.311132 0.906928
0.576751 0.205992 0.0820265 0.301896 -0.288686 -0.908581
0.576687 0.206068 0.0820359 0.302786 -0.289303 -0.908088
0.576623 0.206145 0.0820454 0.303675 -0.289919 -0.907595
0.576559 0.206221 0.0820549 0.304564 -0.290535 -0.9071
0.576495 0.206297 0.0820644 0.305453 -0.291151 -0.906603
0.576431 0.206373 0.0820739 0.306341 -0.291767 -0.906106
0.576367 0.20645 0.0820833 0.307229 -0.292382 -0.905607
0.576303 0.206526 0.0820928 0.308116 -0.292996 -0.905106
0.576239 0.206602 0.0821023 0.309003 -0.29361 -0.904605
0.576175 0.206678 0.0821118 0.309889 -0.294224 -0.904102
0.576111 0.206755 0.0821213 0.310775 -0.294837 -0.903598
0.576047 0.206831 0.0821307 0.311661 -0.29545 -0.903093
0.575983 0.206907 0.0821402 0.312546 -0.296063 -0.902586
0.575919 0.206984 0.0821497 0.313431 -0.296675 -0.902078
0.575855 0.20706 0.0821592 0.314727 -0.298375 -0.901066
0.575899 0.207123 0.082169 0.315714 -0.298702 -0.900612
0.57598 0.207181 0.0821789 0.316576 -0.298519 -0.90037
0.57606 0.20724 0.0821888 0.317438 -0.298336 -0.900127
0.576141 0.207298 0.0821988 0.318301 -0.298153 -0.899883
0.576221 0.207357 0.0822087 0.319163 -0.297969 -0.899639
0.576302 0.207415 0.0822186 0.320025 -0.297785 -0.899393
0.576382 0.207474 0.0822285 0.320887 -0.2976 -0.899147
0.576463 0.207532 0.0822385 0.321748 -0.297416 -0.8989
0.576543 0.207591 0.0822484 0.32261 -0.297231 -0.898653
0.576624 0.207649 0.0822583 0.323471 -0.297046 -0.898404
0.576704 0.207708 0.0822683 0.323619 -0.296995 -0.898368
0.576785 0.207766 0.0822782 0.32261 -0.297164 -0.898675
0.576865 0.207825 0.0822881 0.321601 -0.297333 -0.898981
0.576945 0.207883 0.082298 0.320591 -0.297502 -0.899285
0.577026 0.207942 0.082308 0.319582 -0.29767 -0.899589
0.577106 0.208 0.0823179 0.318572 -0.297838 -0.899892
0.577187 0.208059 0.0823278 0.317561 -0.298005 -0.900193
0.577267 0.208118 0.0823378 0.316551 -0.298173 -0.900494
0.577348 0.208176 0.0823477 0.31554 -0.298339 -0.900793
0.577428 0.208235 0.0823576 0.314715 -0.298542 -0.901014
0.577509 0.208293 0.0823675 0.316332 -0.299355 -0.900178
0.577589 0.208352 0.0823775 0.317949 -0.300166 -0.899338
0.57767 0.20841 0.0823874 0.319564 -0.300976 -0.898494
0.57775 0.208469 0.0823973 0.321178 -0.301785 -0.897647
0.577831 0.208527 0.0824072 0.32279 -0.302593 -0.896796
0.577911 0.208586 0.0824172 0.324402 -0.3034 -0.895942
0.577992 0.208644 0.0824271 0.326012 -0.304206 -0.895084
0.578072 0.208703 0.082437 0.327621 -0.30501 -0.894222
0.578153 0.208761 0.082447 0.329229 -0.305814 -0.893357
0.578233 0.20882 0.0824569 0.330836 -0.306616 -0.892488
0.578314 0.208878 0.0824668 0.332441 -0.307417 -0.891615
0.578394 0.208937 0.0824767 0.334045 -0.308216 -0.890739
0.578475 0.208995 0.0824867 0.335648 -0.309015 -0.88986
0.578555 0.209054 0.0824966 0.337249 -0.309812 -0.888977
0.578636 0.209112 0.0825065 0.338849 -0.310608 -0.88809
0.578716 0.209171 0.0825164 0.340448 -0.311403 -0.8872
0.578797 0.209229 0.0825264 0.342045 -0.312196 -0.886306
0.578877 0.209288 0.0825363 0.343641 -0.312988 -0.885409
0.578958 0.209346 0.0825462 0.345235 -0.313779 -0.884509
0.579038 0.209405 0.0825562 0.346828 -0.314569 -0.883605
0.579119 0.209463 0.0825661 0.348419 -0.315357 -0.882697
0.579199 0.209522 0.082576 0.350009 -0.316144 -0.881786
0.57928 0.20958 0.0825859 0.351597 -0.31693 -0.880872
0.57936 0.209639 0.0825959 0.353184 -0.317714 -0.879954
0.57944 0.209697 0.0826058 0.354769 -0.318497 -0.879033
0.579521 0.209756 0.0826157 0.356353 -0.319279 -0.878108
0.579601 0.209814 0.0826257 0.357935 -0.320059 -0.87718
0.579682 0.209873 0.0826356 0.359516 -0.320838 -0.876248
0.579762 0.209931 0.0826455 0.361094 -0.321616 -0.875314
0.579843 0.20999 0.0826554 0.362672 -0.322392 -0.874376
0.579923 0.210048 0.0826654 0.364247 -0.323167 -0.873434
0.580004 0.210107 0.0826753 0.365821 -0.32394 -0.872489
0.580084 0.210166 0.0826852 0.367004 -0.324721 -0.871702
0.580165 0.210224 0.0826951 0.367883 -0.32547 -0.871052
0.580245 0.210283 0.0827051 0.368762 -0.326218 -0.8704
0.580326 0.210341 0.082715 0.368139 -0.325515 -0.870927
0.580406 0.2104 0.0827249 0.367112 -0.324425 -0.871766
0.580487 0.210458 0.0827349 0.366084 -0.323334 -0.872604
0.580567 0.210517 0.0827448 0.365055 -0.322241 -0.873439
0.580648 0.210575 0.0827547 0.364025 -0.321147 -0.874271
0.580728 0.210634 0.0827646 0.362993 -0.320053 -0.875101
0.580809 0.210692 0.0827746 0.361961 -0.318957 -0.875928
0.580889 0.210751 0.0827845 0.360927 -0.317861 -0.876753
0.58097 0.210809 0.0827944 0.359892 -0.316763 -0.877576
0.58105 0.210868 0.0828044 0.358856 -0.315664 -0.878395
0.581131 0.210926 0.0828143 0.357819 -0.314565 -0.879213
0.581211 0.210985 0.0828242 0.356781 -0.313464 -0.880027
0.581292 0.211043 0.0828341 0.355741 -0.312362 -0.880839
0.581372 0.211102 0.0828441 0.354701 -0.31126 -0.881649
0.581453 0.21116 0.082854 0.353659 -0.310156 -0.882456
0.581533 0.211219 0.0828639 0.352617 -0.309052 -0.88326
0.581614 0.211277 0.0828738 0.351573 -0.307947 -0.884062
0.581694 0.211336 0.0828838 0.350529 -0.30684 -0.884861
0.581774 0.211394 0.0828937 0.349483 -0.305733 -0.885657
0.581855 0.211453 0.0829036 0.348436 -0.304625 -0.886451
0.581935 0.211511 0.0829136 0.347388 -0.303516 -0.887242
0.582016 0.21157 0.0829235 0.34634 -0.302406 -0.888031
0.582096 0.211628 0.0829334 0.34529 -0.301296 -0.888817
0.582177 0.211687 0.0829433 0.344239 -0.300184 -0.8896
0.582257 0.211745 0.0829533 0.343187 -0.299072 -0.890381
0.582338 0.211804 0.0829632 0.342135 -0.297958 -0.891159
0.582418 0.211862 0.0829731 0.341081 -0.296844 -0.891934
0.582499 0.211921 0.082983 0.340027 -0.295729 -0.892707
0.582579 0.211979 0.082993 0.338971 -0.294614 -0.893477
0.58266 0.212038 0.0830029 0.337914 -0.293497 -0.894244
0.58274 0.212096 0.0830128 0.336857 -0.29238 -0.895009
0.582821 0.212155 0.0830228 0.335799 -0.291262 -0.895771
0.582901 0.212213 0.0830327 0.336011 -0.291358 -0.89566
0.582982 0.212272 0.0830426 0.336232 -0.291463 -0.895543
0.583062 0.212331 0.0830525 0.336452 -0.291567 -0.895426
0.583143 0.212389 0.0830625 0.336673 -0.291672 -0.89531
0.583223 0.212448 0.0830724 0.336893 -0.291776 -0.895193
0.583304 0.212506 0.0830823 0.337114 -0.29188 -0.895076
0.583384 0.212565 0.0830923 0.337334 -0.291985 -0.894958
0.583465 0.212623 0.0831022 0.337555 -0.292089 -0.894841
0.583545 0.212682 0.0831121 0.337775 -0.292193 -0.894724
0.583626 0.21274 0.083122 0.337995 -0.292298 -0.894607
0.583706 0.212799 0.083132 0.338216 -0.292402 -0.894489
0.583787 0.212857 0.0831419 0.338436 -0.292506 -0.894372
0.583867 0.212916 0.0831518 0.338656 -0.29261 -0.894255
0.583948 0.212974 0.0831617 0.338876 -0.292714 -0.894137
0.584028 0.213033 0.0831717 0.339097 -0.292819 -0.894019
0.584109 0.213091 0.0831816 0.339317 -0.292923 -0.893902
0.584189 0.21315 0.0831915 0.339537 -0.293027 -0.893784
0.584269 0.213208 0.0832015 0.339757 -0.293131 -0.893666
0.58435 0.213267 0.0832114 0.339977 -0.293235 -0.893548
0.58443 0.213325 0.0832213 0.340275 -0.29268 -0.893617
0.584511 0.213384 0.0832312 0.3406 -0.291976 -0.893724
0.584591 0.213442 0.0832412 0.340924 -0.291272 -0.89383
0.584672 0.213501 0.0832511 0.341248 -0.290568 -0.893935
0.584752 0.213559 0.083261 0.341572 -0.289864 -0.89404
0.584833 0.213618 0.083271 0.341896 -0.28916 -0.894144
0.584913 0.213676 0.0832809 0.34222 -0.288455 -0.894248
0.584994 0.213735 0.0832908 0.342543 -0.28775 -0.894351
0.585074 0.213793 0.0833007 0.342866 -0.287045 -0.894454
0.585155 0.213852 0.0833107 0.343189 -0.28634 -0.894556
0.585235 0.21391 0.0833206 0.343512 -0.285635 -0.894658
0.585316 0.213969 0.0833305 0.343835 -0.284929 -0.894759
0.585396 0.214027 0.0833404 0.344157 -0.284224 -0.894859
0.585477 0.214086 0.0833504 0.344479 -0.283518 -0.894959
0.585557 0.214144 0.0833603 0.344801 -0.282812 -0.895058
0.585638 0.214203 0.0833702 0.345123 -0.282106 -0.895157
0.585718 0.214261 0.0833802 0.345444 -0.2814 -0.895256
0.585799 0.21432 0.0833901 0.345766 -0.280693 -0.895353
0.585879 0.214379 0.0834 0.346087 -0.279986 -0.89545
0.58596 0.214437 0.0834099 0.346408 -0.27928 -0.895547
0.58604 0.214496 0.0834199 0.346728 -0.278573 -0.895643
0.586121 0.214554 0.0834298 0.347049 -0.277865 -0.895739
0.586201 0.214613 0.0834397 0.347369 -0.277158 -0.895834
0.586282 0.214671 0.0834496 0.347689 -0.276451 -0.895928
0.586362 0.21473 0.0834596 0.348009 -0.275743 -0.896022
0.586443 0.214788 0.0834695 0.348729 -0.27534 -0.895866
0.586523 0.214847 0.0834794 0.349647 -0.275452 -0.895474
0.586603 0.214905 0.0834894 0.350564 -0.275564 -0.89508
0.586684 0.214964 0.0834993 0.351481 -0.275676 -0.894686
0.586764 0.215022 0.0835092 0.352398 -0.275788 -0.894291
0.586845 0.215081 0.0835191 0.353314 -0.276057 -0.893846
0.586925 0.215139 0.0835291 0.353962 -0.277182 -0.893242
0.587006 0.215198 0.083539 0.35461 -0.278307 -0.892635
0.587086 0.215256 0.0835489 0.355257 -0.279431 -0.892026
0.587167 0.215315 0.0835589 0.355903 -0.280555 -0.891416
0.587247 0.215373 0.0835688 0.356548 -0.281679 -0.890803
0.587328 0.215432 0.0835787 0.357193 -0.282802 -0.890189
0.587408 0.21549 0.0835886 0.357838 -0.283925 -0.889572
0.587489 0.215549 0.0835986 0.358481 -0.285047 -0.888954
0.587569 0.215607 0.0836085 0.359125 -0.286169 -0.888334
0.58765 0.215666 0.0836184 0.359767 -0.287291 -0.887711
0.58773 0.215724 0.0836283 0.360409 -0.288412 -0.887087
0.587811 0.215783 0.0836383 0.36105 -0.289533 -0.886461
0.587891 0.215841 0.0836482 0.361691 -0.290654 -0.885833
0.587972 0.2159 0.0836581 0.362331 -0.291774 -0.885203
0.588052 0.215958 0.0836681 0.36297 -0.292893 -0.884571
0.588133 0.216017 0.083678 0.363608 -0.294012 -0.883938
0.588213 0.216075 0.0836879 0.363239 -0.294188 -0.884031
0.588294 0.216134 0.0836978 0.361712 -0.293273 -0.884961
0.588374 0.216192 0.0837078 0.360184 -0.292357 -0.885887
0.588455 0.216251 0.0837177 0.358654 -0.29144 -0.886809
0.588535 0.216309 0.0837276 0.357122 -0.290521 -0.887728
0.588616 0.216368 0.0837376 0.35559 -0.289602 -0.888643
0.588696 0.216426 0.0837475 0.354055 -0.288681 -0.889555
0.588777 0.216485 0.0837574 0.35252 -0.287759 -0.890463
0.588857 0.216544 0.0837673 0.350983 -0.286835 -0.891368
0.588938 0.216602 0.0837773 0.349444 -0.285911 -0.892269
0.589018 0.216661 0.0837872 0.347905 -0.284986 -0.893166
0.589098 0.216719 0.0837971 0.346363 -0.284059 -0.89406
0.589179 0.216778 0.083807 0.344821 -0.283131 -0.89495
0.589259 0.216836 0.083817 0.343277 -0.282202 -0.895836
0.58934 0.216895 0.0838269 0.341732 -0.281273 -0.896719
0.58942 0.216953 0.0838368 0.340186 -0.280342 -0.897598
0.589501 0.217012 0.0838468 0.338638 -0.279409 -0.898474
0.589581 0.21707 0.0838567 0.337089 -0.278476 -0.899345
0.589662 0.217129 0.0838666 0.335539 -0.277542 -0.900213
0.589742 0.217187 0.0838765 0.333988 -0.276607 -0.901078
0.589823 0.217246 0.0838865 0.332435 -0.275671 -0.901938
0.589903 0.217304 0.0838964 0.330882 -0.274734 -0.902795
0.589984 0.217363 0.0839063 0.329327 -0.273796 -0.903648
0.590064 0.217421 0.0839162 0.327771 -0.272857 -0.904497
0.590145 0.21748 0.0839262 0.326214 -0.271916 -0.905343
0.590225 0.217538 0.0839361 0.324656 -0.270975 -0.906185
0.590306 0.217597 0.083946 0.323097 -0.270033 -0.907023
0.590386 0.217655 0.083956 0.321537 -0.26909 -0.907857
0.590467 0.217714 0.0839659 0.319975 -0.268147 -0.908688
0.590547 0.217772 0.0839758 0.318413 -0.267202 -0.909514
0.590628 0.217831 0.0839857 0.31685 -0.266256 -0.910337
0.590708 0.217889 0.0839957 0.315286 -0.26531 -0.911156
0.590789 0.217948 0.0840056 0.313721 -0.264362 -0.911971
0.590869 0.218006 0.0840155 0.312155 -0.263414 -0.912783
0.59095 0.218065 0.0840255 0.310588 -0.262465 -0.91359
0.59103 0.218123 0.0840354 0.30902 -0.261515 -0.914394
0.591111 0.218182 0.0840453 0.307441 -0.260563 -0.915198
0.591191 0.21824 0.0840552 0.306231 -0.259854 -0.915805
0.591272 0.218299 0.0840652 0.30502 -0.259145 -0.91641
0.591352 0.218357 0.0840751 0.303808 -0.258434 -0.917013
0.591432 0.218416 0.084085 0.302563 -0.257077 -0.917806
0.591513 0.218474 0.0840949 0.301296 -0.255587 -0.918638
0.591593 0.218533 0.0841049 0.300027 -0.254096 -0.919467
0.591674 0.218592 0.0841148 0.298757 -0.252604 -0.920291
0.591754 0.21865 0.0841247 0.297486 -0.25111 -0.921111
0.591835 0.218709 0.0841347 0.296213 -0.249615 -0.921927
0.591915 0.218767 0.0841446 0.294939 -0.248118 -0.92274
0.591996 0.218826 0.0841545 0.293663 -0.246621 -0.923548
0.592076 0.218884 0.0841644 0.292386 -0.245122 -0.924351
0.592157 0.218943 0.0841744 0.291108 -0.243622 -0.925151
0.592237 0.219001 0.0841843 0.289828 -0.242121 -0.925947
0.592318 0.21906 0.0841942 0.288547 -0.240619 -0.926738
0.592398 0.219118 0.0842042 0.287264 -0.239115 -0.927525
0.592479 0.219177 0.0842141 0.285981 -0.237611 -0.928308
0.592559 0.219235 0.084224 0.284696 -0.236105 -0.929087
0.59264 0.219294 0.0842339 0.283409 -0.234598 -0.929862
0.59272 0.219352 0.0842439 0.282122 -0.233091 -0.930632
0.592801 0.219411 0.0842538 0.280833 -0.231582 -0.931398
0.592881 0.219469 0.0842637 0.279543 -0.230072 -0.93216
0.592962 0.219528 0.0842736 0.278251 -0.228562 -0.932918
0.593042 0.219586 0.0842836 0.276959 -0.22705 -0.933671
0.593123 0.219645 0.0842935 0.275665 -0.225538 -0.93442
0.593203 0.219703 0.0843034 0.27437 -0.224024 -0.935165
0.593284 0.219762 0.0843134 0.273074 -0.22251 -0.935906
0.593364 0.21982 0.0843233 0.271777 -0.220995 -0.936642
0.593445 0.219879 0.0843332 0.270479 -0.219479 -0.937374
0.593525 0.219937 0.0843431 0.26918 -0.217962 -0.938102
0.593606 0.219996 0.0843531 0.267879 -0.216444 -0.938825
0.593686 0.220054 0.084363 0.266578 -0.214925 -0.939544
0.593767 0.220113 0.0843729 0.266273 -0.213875 -0.93987
0.593847 0.220171 0.0843828 0.266362 -0.21303 -0.940037
0.593927 0.22023 0.0843928 0.266452 -0.212185 -0.940203
0.594008 0.220288 0.0844027 0.266541 -0.211339 -0.940368
0.594088 0.220347 0.0844126 0.26663 -0.210493 -0.940532
0.594169 0.220405 0.0844226 0.266719 -0.209647 -0.940696
0.594249 0.220464 0.0844325 0.266807 -0.208801 -0.940859
0.59433 0.220522 0.0844424 0.266687 -0.207991 -0.941073
0.59441 0.220581 0.0844523 0.266556 -0.207199 -0.941284
0.594491 0.220639 0.0844623 0.266425 -0.206407 -0.941495
0.594571 0.220698 0.0844722 0.266294 -0.205615 -0.941706
0.594652 0.220757 0.0844821 0.266163 -0.204823 -0.941915
0.594732 0.220815 0.0844921 0.266032 -0.20403 -0.942125
0.594813 0.220874 0.084502 0.2659 -0.203238 -0.942333
0.594893 0.220932 0.0845119 0.265769 -0.202445 -0.942541
0.594974 0.220991 0.0845218 0.265637 -0.201652 -0.942748
0.595054 0.221049 0.0845318 0.265505 -0.200859 -0.942954
0.595135 0.221108 0.0845417 0.265372 -0.200066 -0.94316
0.595215 0.221166 0.0845516 0.26524 -0.199273 -0.943365
0.595296 0.221225 0.0845615 0.265107 -0.198479 -0.94357
0.595376 0.221283 0.0845715 0.264974 -0.197686 -0.943774
0.595457 0.221342 0.0845814 0.264841 -0.196892 -0.943977
0.595537 0.2214 0.0845913 0.264708 -0.196098 -0.94418
0.595618 0.221459 0.0846013 0.265127 -0.195337 -0.94422
0.595698 0.221517 0.0846112 0.2656 -0.194634 -0.944232
0.595779 0.221576 0.0846211 0.266072 -0.19393 -0.944244
0.595859 0.221634 0.084631 0.266544 -0.193226 -0.944255
0.59594 0.221693 0.084641 0.267016 -0.192523 -0.944265
0.59602 0.221751 0.0846509 0.267488 -0.191819 -0.944275
0.596101 0.22181 0.0846608 0.26796 -0.191115 -0.944284
0.596181 0.221868 0.0846708 0.268431 -0.190411 -0.944293
0.596261 0.221927 0.0846807 0.268903 -0.189706 -0.9443
0.596342 0.221985 0.0846906 0.269374 -0.189002 -0.944307
0.596422 0.222044 0.0847005 0.269845 -0.188297 -0.944314
0.596503 0.222102 0.0847105 0.270315 -0.187593 -0.944319
0.596583 0.222161 0.0847204 0.270786 -0.186888 -0.944324
0.596664 0.222219 0.0847303 0.271256 -0.186183 -0.944328
0.596744 0.222278 0.0847402 0.271726 -0.185478 -0.944332
0.596825 0.222336 0.0847502 0.272196 -0.184772 -0.944335
0.596905 0.222395 0.0847601 0.272892 -0.184185 -0.944249
0.596986 0.222453 0.08477 0.273931 -0.184395 -0.943907
0.597066 0.222512 0.08478 0.27497 -0.184606 -0.943564
0.597147 0.22257 0.0847899 0.276008 -0.184816 -0.943219
0.597227 0.222629 0.0847998 0.277047 -0.185026 -0.942874
0.597308 0.222687 0.0848097 0.278085 -0.185235 -0.942527
0.597388 0.222746 0.0848197 0.279122 -0.185445 -0.942179
0.597469 0.222805 0.0848296 0.280159 -0.185654 -0.94183
0.597549 0.222863 0.0848395 0.281196 -0.185863 -0.941479
0.59763 0.222922 0.0848494 0.282233 -0.186072 -0.941128
0.59771 0.22298 0.0848594 0.283269 -0.18628 -0.940775
0.597791 0.223039 0.0848693 0.284305 -0.186489 -0.940422
0.597871 0.223097 0.0848792 0.28534 -0.186697 -0.940067
0.597952 0.223156 0.0848892 0.286375 -0.186904 -0.939711
0.598032 0.223214 0.0848991 0.28741 -0.187112 -0.939353
0.598113 0.223273 0.084909 0.288444 -0.187319 -0.938995
0.598193 0.223331 0.0849189 0.289478 -0.187526 -0.938635
0.598274 0.22339 0.0849289 0.290512 -0.187733 -0.938275
0.598354 0.223448 0.0849388 0.291545 -0.18794 -0.937913
0.598435 0.223507 0.0849487 0.292578 -0.188146 -0.93755
0.598515 0.223565 0.0849587 0.29361 -0.188352 -0.937185
0.598596 0.223624 0.0849686 0.294642 -0.188558 -0.93682
0.598676 0.223682 0.0849785 0.295673 -0.188764 -0.936454
0.598756 0.223741 0.0849884 0.296138 -0.191331 -0.935786
0.598837 0.223799 0.0849984 0.296108 -0.193833 -0.93528
0.598917 0.223858 0.0850083 0.296075 -0.196334 -0.934769
0.598998 0.223916 0.0850182 0.296041 -0.198834 -0.934251
0.599078 0.223975 0.0850281 0.296005 -0.201334 -0.933727
0.599159 0.224033 0.0850381 0.295967 -0.203833 -0.933196
0.599239 0.224092 0.085048 0.295927 -0.206332 -0.93266
0.59932 0.22415 0.0850579 0.295885 -0.208829 -0.932117
0.5994 0.224209 0.0850679 0.295841 -0.211326 -0.931568
0.599481 0.224267 0.0850778 0.295795 -0.213822 -0.931013
0.599561 0.224326 0.0850877 0.295748 -0.216317 -0.930452
0.599642 0.224384 0.0850976 0.295698 -0.21881 -0.929884
0.599722 0.224443 0.0851076 0.295646 -0.221303 -0.929311
0.599803 0.224501 0.0851175 0.295593 -0.223795 -0.928731
0.599883 0.22456 0.0851274 0.295566 -0.225911 -0.928227
0.599964 0.224618 0.0851374 0.295742 -0.225947 -0.928162
0.600044 0.224677 0.0851473 0.295919 -0.225983 -0.928097
0.600125 0.224735 0.0851572 0.296095 -0.226018 -0.928032
0.600205 0.224794 0.0851671 0.296271 -0.226054 -0.927967
0.600286 0.224852 0.0851771 0.296447 -0.22609 -0.927902
0.600366 0.224911 0.085187 0.296624 -0.226125 -0.927837
0.600447 0.22497 0.0851969 0.2968 -0.226161 -0.927772
0.600527 0.225028 0.0852068 0.296976 -0.226197 -0.927707
0.600608 0.225087 0.0852168 0.297152 -0.226232 -0.927642
0.600688 0.225145 0.0852267 0.297328 -0.226268 -0.927577
0.600769 0.225204 0.0852366 0.297504 -0.226303 -0.927512
0.600849 0.225262 0.0852466 0.29768 -0.226339 -0.927446
0.60093 0.225321 0.0852565 0.297857 -0.226375 -0.927381
0.60101 0.225379 0.0852664 0.298033 -0.22641 -0.927316
0.60109 0.225438 0.0852763 0.298209 -0.226446 -0.927251
0.601171 0.225496 0.0852863 0.298385 -0.226481 -0.927185
0.601251 0.225555 0.0852962 0.298561 -0.226517 -0.92712
0.601332 0.225613 0.0853061 0.298737 -0.226552 -0.927055
0.601412 0.225672 0.085316 0.298348 -0.226749 -0.927132
0.601493 0.22573 0.085326 0.29738 -0.22806 -0.927121
0.601573 0.225789 0.0853359 0.296412 -0.22937 -0.927108
0.601654 0.225847 0.0853458 0.295442 -0.23068 -0.927093
0.601734 0.225906 0.0853558 0.294472 -0.231989 -0.927075
0.601815 0.225964 0.0853657 0.293501 -0.233297 -0.927054
0.601895 0.226023 0.0853756 0.292529 -0.234606 -0.927031
0.601976 0.226081 0.0853855 0.291557 -0.235913 -0.927006
0.602056 0.22614 0.0853955 0.290583 -0.237221 -0.926978
0.602137 0.226198 0.0854054 0.289609 -0.238527 -0.926947
0.602217 0.226257 0.0854153 0.288633 -0.239833 -0.926915
0.602298 0.226315 0.0854253 0.287657 -0.241139 -0.926879
0.602378 0.226374 0.0854352 0.28668 -0.242444 -0.926842
0.602459 0.226432 0.0854451 0.285702 -0.243748 -0.926801
0.602539 0.226491 0.085455 0.284724 -0.245052 -0.926759
0.60262 0.226549 0.085465 0.283744 -0.246355 -0.926714
0.6027 0.226608 0.0854749 0.282764 -0.247658 -0.926666
0.602781 0.226666 0.0854848 0.281783 -0.24896 -0.926616
0.602861 0.226725 0.0854947 0.280802 -0.250262 -0.926563
0.602942 0.226783 0.0855047 0.279819 -0.251562 -0.926508
0.603022 0.226842 0.0855146 0.278836 -0.252862 -0.926451
0.603085 0.226776 0.0855023 0.277124 -0.251783 -0.927258
0.603145 0.226698 0.085488 0.275342 -0.250478 -0.928142
0.603206 0.226619 0.0854736 0.273558 -0.249171 -0.929021
0.603267 0.226541 0.0854592 0.271772 -0.247863 -0.929895
0.603328 0.226463 0.0854449 0.269985 -0.246553 -0.930763
0.603389 0.226385 0.0854305 0.268196 -0.245242 -0.931626
0.603449 0.226307 0.0854162 0.266406 -0.243929 -0.932484
0.60351 0.226229 0.0854018 0.264613 -0.242615 -0.933337
0.603571 0.226151 0.0853874 0.26282 -0.241299 -0.934184
0.603632 0.226073 0.0853731 0.261024 -0.239982 -0.935027
0.603693 0.225995 0.0853587 0.259227 -0.238664 -0.935864
0.603753 0.225917 0.0853443 0.257429 -0.237344 -0.936695
0.603814 0.225839 0.08533 0.255629 -0.236023 -0.937522
0.603875 0.22576 0.0853156 0.253828 -0.234701 -0.938343
0.603936 0.225682 0.0853013 0.252026 -0.233377 -0.939158
0.603996 0.225604 0.0852869 0.250222 -0.232052 -0.939969
0.604057 0.225526 0.0852725 0.248416 -0.230726 -0.940774
0.604118 0.225448 0.0852582 0.24661 -0.229398 -0.941573
0.604179 0.22537 0.0852438 0.244802 -0.228069 -0.942367
0.60424 0.225292 0.0852294 -0.218859 0.215145 0.951742
0.6043 0.225214 0.0852151 -0.217753 0.213624 0.952339
0.604361 0.225136 0.0852007 -0.216646 0.212103 0.952931
0.604422 0.225058 0.0851864 -0.215538 0.210581 0.953519
0.604483 0.22498 0.085172 -0.214856 0.209596 0.95389
0.604544 0.224901 0.0851576 -0.214097 0.208665 0.954265
0.604604 0.224823 0.0851433 -0.213122 0.207503 0.954736
0.604665 0.224745 0.0851289 -0.212146 0.206341 0.955206
0.604726 0.224667 0.0851145 -0.211169 0.205177 0.955672
0.604787 0.224589 0.0851002 -0.210192 0.204013 0.956137
0.604848 0.224511 0.0850858 -0.209215 0.202849 0.956599
0.604908 0.224433 0.0850715 -0.208236 0.201683 0.957059
0.604969 0.224355 0.0850571 -0.207257 0.200517 0.957516
0.60503 0.224277 0.0850427 -0.206278 0.199351 0.957971
0.605091 0.224199 0.0850284 -0.205298 0.198184 0.958424
0.605152 0.224121 0.085014 -0.204317 0.197016 0.958874
0.605212 0.224043 0.0849996 -0.203335 0.195848 0.959322
0.605273 0.223964 0.0849853 -0.202353 0.194679 0.959767
0.605334 0.223886 0.0849709 -0.201371 0.193509 0.96021
0.605395 0.223808 0.0849566 -0.200388 0.192339 0.960651
0.605456 0.22373 0.0849422 -0.199249 0.191095 0.961136
0.605516 0.223652 0.0849278 -0.198029 0.189813 0.961642
0.605577 0.223574 0.0849135 -0.196809 0.188531 0.962145
0.605638 0.223496 0.0848991 -0.195588 0.187247 0.962644
0.605699 0.223418 0.0848847 -0.194367 0.185963 0.96314
0.60576 0.22334 0.0848704 -0.193144 0.184679 0.963633
0.60582 0.223262 0.084856 -0.191921 0.183393 0.964123
0.605881 0.223184 0.0848417 -0.190698 0.182108 0.964609
0.605942 0.223105 0.0848273 -0.189474 0.180821 0.965092
0.606003 0.223027 0.0848129 -0.188249 0.179534 0.965572
0.606063 0.222949 0.0847986 -0.187024 0.178246 0.966049
0.606124 0.222871 0.0847842 -0.185798 0.176958 0.966522
0.606185 0.222793 0.0847699 -0.184571 0.175669 0.966992
0.606246 0.222715 0.0847555 -0.183344 0.17438 0.967459
0.606307 0.222637 0.0847411 -0.182116 0.17309 0.967922
0.606367 0.222559 0.0847268 -0.180888 0.1718 0.968382
0.606428 0.222481 0.0847124 -0.179659 0.170509 0.968839
0.606489 0.222403 0.084698 -0.17843 0.169218 0.969293
0.60655 0.222325 0.0846837 -0.1772 0.167926 0.969743
0.606611 0.222246 0.0846693 -0.17597 0.166634 0.97019
0.606671 0.222168 0.084655 -0.174739 0.165341 0.970633
0.606732 0.22209 0.0846406 -0.173508 0.164048 0.971073
0.606793 0.222012 0.0846262 -0.172276 0.162755 0.97151
0.606854 0.221934 0.0846119 -0.171044 0.161461 0.971944
0.606915 0.221856 0.0845975 -0.169812 0.160167 0.972374
0.606975 0.221778 0.0845831 -0.168579 0.158872 0.9728
0.607036 0.2217 0.0845688 -0.166613 0.157054 0.973434
0.607097 0.221622 0.0845544 -0.165587 0.156198 0.973747
0.607158 0.221544 0.0845401 -0.164562 0.155342 0.974058
0.607219 0.221466 0.0845257 -0.163536 0.154486 0.974367
0.607279 0.221388 0.0845113 -0.162509 0.153629 0.974674
0.60734 0.221309 0.084497 -0.161482 0.152772 0.974979
0.607401 0.221231 0.0844826 -0.160455 0.151915 0.975282
0.607462 0.221153 0.0844682 -0.159428 0.151058 0.975584
0.607523 0.221075 0.0844539 -0.1584 0.1502 0.975884
0.607583 0.220997 0.0844395 -0.157372 0.149341 0.976182
0.607644 0.220919 0.0844252 -0.156343 0.148483 0.976478
0.607705 0.220841 0.0844108 -0.155314 0.147624 0.976773
0.607766 0.220763 0.0843964 -0.154285 0.146765 0.977065
0.607826 0.220685 0.0843821 -0.153256 0.145905 0.977356
0.607887 0.220607 0.0843677 -0.152226 0.145045 0.977645
0.607948 0.220529 0.0843533 -0.151196 0.144185 0.977932
0.608009 0.22045 0.084339 -0.150165 0.143325 0.978217
0.60807 0.220372 0.0843246 -0.149134 0.142464 0.9785
0.60813 0.220294 0.0843103 -0.148103 0.141603 0.978782
0.608191 0.220216 0.0842959 -0.147072 0.140742 0.979061
0.608252 0.220138 0.0842815 -0.146041 0.139881 0.979339
0.608313 0.22006 0.0842672 -0.145009 0.139019 0.979615
0.608374 0.219982 0.0842528 -0.143977 0.138157 0.979889
0.608434 0.219904 0.0842384 -0.142944 0.137295 0.980162
0.608495 0.219826 0.0842241 -0.141911 0.136432 0.980432
0.608556 0.219748 0.0842097 -0.140879 0.13557 0.980701
0.608617 0.21967 0.0841954 -0.140108 0.134738 0.980926
0.608678 0.219591 0.084181 -0.139214 0.133858 0.981173
0.608738 0.219513 0.0841666 -0.13832 0.132978 0.98142
0.608799 0.219435 0.0841523 -0.137426 0.132098 0.981664
0.60886 0.219357 0.0841379 -0.136531 0.131217 0.981907
0.608921 0.219279 0.0841236 -0.135637 0.130337 0.982148
0.608982 0.219201 0.0841092 -0.134742 0.129456 0.982388
0.609042 0.219123 0.0840948 -0.133847 0.128575 0.982626
0.609103 0.219045 0.0840805 -0.132952 0.127694 0.982862
0.609164 0.218967 0.0840661 -0.132056 0.126812 0.983097
0.609225 0.218889 0.0840517 -0.131161 0.125931 0.98333
0.609286 0.218811 0.0840374 -0.130265 0.125049 0.983562
0.609346 0.218733 0.084023 -0.129369 0.124167 0.983792
0.609407 0.218654 0.0840087 -0.128474 0.123285 0.98402
0.609468 0.218576 0.0839943 -0.127577 0.122403 0.984247
0.609529 0.218498 0.0839799 -0.126003 0.120256 0.984714
0.60959 0.21842 0.0839656 -0.125584 0.119402 0.984871
0.60965 0.218342 0.0839512 -0.125166 0.118547 0.985028
0.609711 0.218264 0.0839368 -0.124747 0.117692 0.985184
0.609772 0.218186 0.0839225 -0.124328 0.116837 0.985338
0.609833 0.218108 0.0839081 -0.123908 0.115982 0.985492
0.609893 0.21803 0.0838938 -0.123489 0.115126 0.985645
0.609954 0.217952 0.0838794 -0.12307 0.114271 0.985797
0.610015 0.217874 0.083865 -0.12265 0.113415 0.985948
0.610076 0.217795 0.0838507 -0.12223 0.11256 0.986098
0.610137 0.217717 0.0838363 -0.121811 0.111704 0.986248
0.610197 0.217639 0.0838219 -0.121391 0.110848 0.986396
0.610258 0.217561 0.0838076 -0.120971 0.109992 0.986543
0.610319 0.217483 0.0837932 -0.12055 0.109136 0.98669
0.61038 0.217405 0.0837789 -0.12013 0.108279 0.986836
0.610441 0.217327 0.0837645 -0.11971 0.107423 0.98698
0.610501 0.217249 0.0837501 -0.119289 0.106566 0.987124
0.610562 0.217171 0.0837358 -0.118869 0.10571 0.987267
0.610623 0.217093 0.0837214 -0.118448 0.104853 0.987409
0.610684 0.217015 0.083707 -0.118027 0.103996 0.98755
0.610745 0.216936 0.0836927 -0.117606 0.10314 0.98769
0.610805 0.216858 0.0836783 -0.117185 0.102283 0.987829
0.610866 0.21678 0.083664 -0.116764 0.101426 0.987967
0.610927 0.216702 0.0836496 -0.116343 0.100568 0.988104
0.610988 0.216624 0.0836352 -0.115921 0.0997112 0.988241
0.611049 0.216546 0.0836209 -0.1155 0.0988539 0.988376
0.611109 0.216468 0.0836065 -0.115078 0.0979965 0.988511
0.61117 0.21639 0.0835921 -0.114657 0.097139 0.988644
0.611231 0.216312 0.0835778 -0.114235 0.0962815 0.988777
0.611292 0.216234 0.0835634 -0.113813 0.0954239 0.988909
0.611353 0.216156 0.0835491 -0.113391 0.0945662 0.98904
0.611413 0.216077 0.0835347 -0.112969 0.0937084 0.98917
0.611474 0.215999 0.0835203 -0.112547 0.0928506 0.989299
0.611535 0.215921 0.083506 -0.112124 0.0919927 0.989427
0.611596 0.215843 0.0834916 -0.111702 0.0911348 0.989554
0.611657 0.215765 0.0834772 -0.111372 0.0903312 0.989665
0.611717 0.215687 0.0834629 -0.111197 0.0896187 0.989749
0.611778 0.215609 0.0834485 -0.110626 0.0887169 0.989895
0.611839 0.215531 0.0834342 -0.110039 0.0878074 0.990041
0.6119 0.215453 0.0834198 -0.109076 0.0870369 0.990216
0.61196 0.215375 0.0834054 -0.108406 0.0865682 0.99033
0.612021 0.215297 0.0833911 -0.107736 0.0860994 0.990444
0.612082 0.215219 0.0833767 -0.107066 0.0856306 0.990558
0.612143 0.21514 0.0833624 -0.106396 0.0851616 0.99067
0.612204 0.215062 0.083348 -0.105725 0.0846926 0.990782
0.612264 0.214984 0.0833336 -0.105055 0.0842236 0.990894
0.612325 0.214906 0.0833193 -0.104384 0.0837545 0.991004
0.612386 0.214828 0.0833049 -0.103713 0.0832853 0.991114
0.612447 0.21475 0.0832905 -0.102979 0.0828819 0.991224
0.612508 0.214672 0.0832762 -0.102207 0.0825348 0.991333
0.612568 0.214594 0.0832618 -0.101434 0.0821877 0.991442
0.612629 0.214516 0.0832475 -0.100661 0.0818404 0.991549
0.61269 0.214438 0.0832331 -0.0998881 0.0814932 0.991656
0.612751 0.21436 0.0832187 -0.0991151 0.0811458 0.991762
0.612812 0.214281 0.0832044 -0.098342 0.0807984 0.991867
0.612872 0.214203 0.08319 -0.0975689 0.0804509 0.991972
0.612933 0.214125 0.0831756 -0.0967956 0.0801034 0.992076
0.612994 0.214047 0.0831613 -0.0960223 0.0797558 0.992179
0.613055 0.213969 0.0831469 -0.0952489 0.0794082 0.992281
0.613116 0.213891 0.0831326 -0.0944754 0.0790605 0.992383
0.613176 0.213813 0.0831182 -0.0937019 0.0787127 0.992484
0.613237 0.213735 0.0831038 -0.0929283 0.0783649 0.992584
0.613298 0.213657 0.0830895 -0.0921547 0.078017 0.992684
0.613359 0.213579 0.0830751 -0.0913809 0.0776691 0.992782
0.61342 0.213501 0.0830607 -0.0906071 0.0773211 0.992881
0.61348 0.213422 0.0830464 -0.0898333 0.076973 0.992978
0.613541 0.213344 0.083032 -0.0890594 0.0766249 0.993075
0.613602 0.213266 0.0830177 -0.0882854 0.0762768 0.99317
0.613663 0.213188 0.0830033 -0.0875114 0.0759286 0.993266
0.613724 0.21311 0.0829889 -0.0867373 0.0755804 0.99336
0.613784 0.213032 0.0829746 -0.0859632 0.075232 0.993454
0.613845 0.212954 0.0829602 -0.085189 0.0748837 0.993547
0.613906 0.212876 0.0829458 -0.0844148 0.0745353 0.993639
0.613967 0.212798 0.0829315 -0.0836405 0.0741869 0.993731
0.614027 0.21272 0.0829171 -0.0828662 0.0738384 0.993821
0.614088 0.212642 0.0829028 -0.0820918 0.0734898 0.993912
0.614149 0.212564 0.0828884 -0.0816722 0.0732141 0.993966
0.61421 0.212485 0.082874 -0.0814418 0.0722789 0.994054
0.614271 0.212407 0.0828597 -0.0812114 0.0713438 0.99414
0.614331 0.212329 0.0828453 -0.0809809 0.0704085 0.994226
0.614392 0.212251 0.0828309 -0.0765269 0.066589 0.994841
0.614453 0.212173 0.0828166 -0.075423 0.0660506 0.994962
0.614514 0.212095 0.0828022 -0.0743189 0.0655121 0.99508
0.614575 0.212017 0.0827879 -0.0732146 0.0649735 0.995198
0.614635 0.211939 0.0827735 -0.0721101 0.0644347 0.995313
0.614696 0.211861 0.0827591 -0.0710055 0.0638958 0.995427
0.614757 0.211783 0.0827448 -0.0699007 0.0633567 0.99554
0.614818 0.211705 0.0827304 -0.0687958 0.0628176 0.995651
0.614879 0.211626 0.082716 -0.0676907 0.0622783 0.995761
0.614939 0.211548 0.0827017 -0.0665855 0.0617389 0.995869
0.615 0.21147 0.0826873 -0.0654801 0.0611994 0.995975
0.615061 0.211392 0.082673 -0.0643746 0.0606598 0.99608
0.615122 0.211314 0.0826586 -0.0632689 0.0601201 0.996184
0.615183 0.211236 0.0826442 -0.0621632 0.0595803 0.996286
0.615243 0.211158 0.0826299 -0.0610573 0.0590403 0.996387
0.615304 0.21108 0.0826155 -0.0599513 0.0585003 0.996486
0.615365 0.211002 0.0826012 -0.0588452 0.0579602 0.996583
0.615426 0.210924 0.0825868 -0.0577389 0.05742 0.996679
0.615487 0.210846 0.0825724 -0.0566326 0.0568796 0.996774
0.615547 0.210767 0.0825581 -0.0555262 0.0563392 0.996866
0.615608 0.210689 0.0825437 -0.0544197 0.0557987 0.996958
0.615669 0.210611 0.0825293 -0.0533131 0.0552582 0.997048
0.61573 0.210533 0.082515 -0.0522064 0.0547175 0.997136
0.615791 0.210455 0.0825006 -0.0510997 0.0541767 0.997223
0.615851 0.210377 0.0824863 -0.0499929 0.0536359 0.997308
0.615912 0.210299 0.0824719 -0.048886 0.053095 0.997392
0.615973 0.210221 0.0824575 -0.0477791 0.052554 0.997474
0.616034 0.210143 0.0824432 -0.0466721 0.052013 0.997555
0.616094 0.210065 0.0824288 -0.045565 0.0514719 0.997634
0.616155 0.209987 0.0824144 -0.0445789 0.0510404 0.997701
0.616216 0.209908 0.0824001 -0.043709 0.0504213 0.997771
0.616277 0.20983 0.0823857 -0.0426329 0.0494241 0.997868
0.616338 0.209752 0.0823714 -0.0415568 0.0484269 0.997962
0.616398 0.209674 0.082357 -0.0404806 0.0474296 0.998054
0.616459 0.209596 0.0823426 -0.0394043 0.0464322 0.998144
0.61652 0.209518 0.0823283 -0.0383281 0.0454347 0.998232
0.616581 0.20944 0.0823139 -0.0372517 0.0444372 0.998317
0.616642 0.209362 0.0822995 -0.0361754 0.0434396 0.998401
0.616702 0.209284 0.0822852 -0.035099 0.042442 0.998482
0.616763 0.209206 0.0822708 -0.0340226 0.0414444 0.998561
0.616824 0.209128 0.0822565 -0.0329462 0.0404467 0.998638
0.616885 0.20905 0.0822421 -0.0314721 0.0390884 0.99874
0.616946 0.208971 0.0822277 -0.0312534 0.0385215 0.998769
0.617006 0.208893 0.0822134 -0.0310348 0.0379545 0.998797
0.617067 0.208815 0.082199 -0.0308162 0.0373875 0.998826
0.617128 0.208737 0.0821846 -0.0305975 0.0368205 0.998853
0.617189 0.208659 0.0821703 -0.0303789 0.0362535 0.998881
0.61725 0.208581 0.0821559 -0.0301602 0.0356865 0.998908
0.61731 0.208503 0.0821416 -0.0299415 0.0351194 0.998934
0.617371 0.208425 0.0821272 -0.0297228 0.0345524 0.998961
0.617432 0.208347 0.0821128 -0.0295041 0.0339853 0.998987
0.617493 0.208269 0.0820985 -0.0292854 0.0334182 0.999012
0.617554 0.208191 0.0820841 -0.0290666 0.0328511 0.999038
0.617614 0.208112 0.0820697 -0.0288479 0.032284 0.999062
0.617675 0.208034 0.0820554 -0.0286291 0.0317169 0.999087
0.617736 0.207956 0.082041 -0.0284104 0.0311498 0.999111
0.617797 0.207878 0.0820267 -0.0281916 0.0305826 0.999135
0.617857 0.2078 0.0820123 -0.0279728 0.0300155 0.999158
0.617918 0.207722 0.0819979 -0.027754 0.0294483 0.999181
0.617979 0.207644 0.0819836 -0.0275352 0.0288812 0.999204
0.61804 0.207566 0.0819692 -0.0273164 0.028314 0.999226
0.618101 0.207488 0.0819548 -0.0270976 0.0277468 0.999248
0.618161 0.20741 0.0819405 -0.0268788 0.0271796 0.999269
0.618222 0.207332 0.0819261 -0.02666 0.0266124 0.99929
0.618283 0.207253 0.0819118 -0.0266895 0.0256127 0.999316
0.618344 0.207175 0.0818974 -0.0267178 0.0256923 0.999313
0.618405 0.207097 0.081883 -0.0267461 0.0257719 0.99931
0.618465 0.207019 0.0818687 -0.0267744 0.0258515 0.999307
0.618526 0.206941 0.0818543 -0.0268027 0.0259311 0.999304
0.618587 0.206863 0.08184 -0.026831 0.0260107 0.999302
0.618648 0.206785 0.0818256 -0.0268593 0.0260903 0.999299
0.618709 0.206707 0.0818112 -0.0268876 0.0261699 0.999296
0.618769 0.206629 0.0817969 -0.0269159 0.0262494 0.999293
0.61883 0.206551 0.0817825 -0.0269442 0.026329 0.99929
0.618891 0.206473 0.0817681 -0.0269725 0.0264086 0.999287
0.618952 0.206395 0.0817538 -0.0270008 0.0264882 0.999284
0.619013 0.206316 0.0817394 -0.0270291 0.0265678 0.999282
0.619073 0.206238 0.0817251 -0.0270573 0.0266474 0.999279
0.619134 0.20616 0.0817107 -0.0270856 0.026727 0.999276
0.619195 0.206082 0.0816963 -0.0271139 0.0268065 0.999273
0.619256 0.206004 0.081682 -0.0271422 0.0268861 0.99927
0.619317 0.205926 0.0816676 -0.0271705 0.0269657 0.999267
0.619377 0.205848 0.0816532 -0.0271988 0.0270453 0.999264
0.619438 0.20577 0.0816389 -0.0272271 0.0271249 0.999261
0.619499 0.205692 0.0816245 -0.0268967 0.0272116 0.999268
0.61956 0.205614 0.0816102 -0.0264841 0.0271855 0.99928
0.619621 0.205536 0.0815958 -0.0260715 0.0271594 0.999291
0.619681 0.205457 0.0815814 -0.0256588 0.0271333 0.999302
0.619742 0.205379 0.0815671 -0.0252462 0.0271071 0.999314
0.619803 0.205301 0.0815527 -0.0248336 0.027081 0.999325
0.619864 0.205223 0.0815383 -0.0244209 0.0270549 0.999336
0.619924 0.205145 0.081524 -0.0240082 0.0270287 0.999346
0.619985 0.205067 0.0815096 -0.0235955 0.0270026 0.999357
0.620046 0.204989 0.0814953 -0.0231828 0.0269765 0.999367
0.620107 0.204911 0.0814809 -0.0227701 0.0269503 0.999377
0.620168 0.204833 0.0814665 -0.0223574 0.0269242 0.999387
0.620228 0.204755 0.0814522 -0.0219446 0.026898 0.999397
0.620289 0.204677 0.0814378 -0.0215319 0.0268718 0.999407
0.62035 0.204598 0.0814234 -0.0211191 0.0268457 0.999416
0.620411 0.20452 0.0814091 -0.0207063 0.0268195 0.999426
0.620472 0.204442 0.0813947 -0.0202935 0.0267933 0.999435
0.620532 0.204364 0.0813804 -0.0198733 0.0267946 0.999443
0.620593 0.204286 0.081366 -0.019435 0.0268625 0.99945
0.620654 0.204208 0.0813516 -0.0189967 0.0269304 0.999457
0.620715 0.20413 0.0813373 -0.0184158 0.0265906 0.999477
0.620776 0.204052 0.0813229 -0.0177271 0.0259421 0.999506
0.620836 0.203974 0.0813085 -0.0170383 0.0252935 0.999535
0.620897 0.203896 0.0812942 -0.0163495 0.024645 0.999563
0.620958 0.203818 0.0812798 -0.0156606 0.0239964 0.999589
0.621019 0.203739 0.0812655 -0.0149718 0.0233478 0.999615
0.62108 0.203661 0.0812511 -0.014283 0.0226991 0.99964
0.62114 0.203583 0.0812367 -0.0135941 0.0220505 0.999664
0.621201 0.203505 0.0812224 -0.0129052 0.0214018 0.999688
0.621262 0.203427 0.081208 -0.0122163 0.0207531 0.99971
0.621323 0.203349 0.0811937 -0.0115274 0.0201044 0.999731
0.621384 0.203271 0.0811793 -0.0108385 0.0194557 0.999752
0.621444 0.203193 0.0811649 -0.0101496 0.018807 0.999772
0.621505 0.203115 0.0811506 -0.0094607 0.0181582 0.99979
0.621566 0.203037 0.0811362 -0.00877179 0.0175095 0.999808
0.621627 0.202959 0.0811218 -0.00808289 0.0168607 0.999825
0.621688 0.202881 0.0811075 -0.00739398 0.016212 0.999841
0.621748 0.202802 0.0810931 -0.00670508 0.0155632 0.999856
0.621809 0.202724 0.0810788 -0.00601619 0.0149144 0.999871
0.62187 0.202646 0.0810644 -0.00532731 0.0142657 0.999884
0.621931 0.202568 0.08105 -0.00463844 0.0136169 0.999897
0.621991 0.20249 0.0810357 -0.00394958 0.0129681 0.999908
0.622052 0.202412 0.0810213 -0.00326074 0.0123194 0.999919
0.622113 0.202334 0.0810069 -0.00257191 0.0116706 0.999929
0.622174 0.202256 0.0809926 -0.0018831 0.0110219 0.999937
0.622235 0.202178 0.0809782 0.00247328 0.00737031 0.99997
0.622295 0.2021 0.0809639 0.0031695 0.0063697 0.999975
0.622356 0.202022 0.0809495 0.00386573 0.00536905 0.999978
0.622417 0.201943 0.0809351 0.00456196 0.00436839 0.99998
0.622478 0.201865 0.0809208 0.0052582 0.0033677 0.999981
0.622539 0.201787 0.0809064 0.00595444 0.002367 0.999979
0.622599 0.201709 0.080892 0.00765559 -0.00270048 0.999967
0.62266 0.201631 0.0808777 0.00829263 -0.00384566 0.999958
0.622721 0.201553 0.0808633 0.00892968 -0.00499088 0.999948
0.622782 0.201475 0.080849 0.00956673 -0.00613612 0.999935
0.622843 0.201397 0.0808346 0.0102038 -0.00728139 0.999921
0.622903 0.201319 0.0808202 0.0108408 -0.00842667 0.999906
0.622964 0.201241 0.0808059 0.0114779 -0.00957196 0.999888
0.623025 0.201163 0.0807915 0.0121149 -0.0107173 0.999869
0.623086 0.201084 0.0807771 0.0127519 -0.0118625 0.999848
0.623147 0.201006 0.0807628 0.013389 -0.0130078 0.999826
0.623207 0.200928 0.0807484 0.0140259 -0.0141531 0.999801
0.623268 0.20085 0.0807341 0.0146629 -0.0152984 0.999775
0.623329 0.200772 0.0807197 0.0152999 -0.0164436 0.999748
0.62339 0.200694 0.0807053 0.0159368 -0.0175888 0.999718
0.623451 0.200616 0.080691 0.0165737 -0.0187339 0.999687
0.623511 0.200538 0.0806766 0.0172105 -0.0198791 0.999654
0.623572 0.20046 0.0806622 0.0178473 -0.0210241 0.99962
0.623633 0.200382 0.0806479 0.0184841 -0.0221691 0.999583
0.623694 0.200304 0.0806335 0.0191209 -0.0233141 0.999545
0.623755 0.200226 0.0806192 0.0197575 -0.024459 0.999506
0.623815 0.200147 0.0806048 0.0203942 -0.0256038 0.999464
0.623876 0.200069 0.0805904 0.0210307 -0.0267485 0.999421
0.623937 0.199991 0.0805761 0.0216673 -0.0278932 0.999376
0.623998 0.199913 0.0805617 0.0223037 -0.0290377 0.999329
0.624058 0.199835 0.0805473 0.0229401 -0.0301822 0.999281
0.624119 0.199757 0.080533 0.0235765 -0.0313266 0.999231
0.62418 0.199679 0.0805186 0.0242127 -0.0324708 0.999179
0.624241 0.199601 0.0805043 0.0248489 -0.033615 0.999126
0.624302 0.199523 0.0804899 0.025485 -0.034759 0.999071
0.624362 0.199445 0.0804755 0.026121 -0.0359029 0.999014
0.624423 0.199367 0.0804612 0.0277285 -0.0380546 0.998891
0.624484 0.199288 0.0804468 0.0285464 -0.0388025 0.998839
0.624545 0.19921 0.0804325 0.0293704 -0.0387997 0.998815
0.624606 0.199132 0.0804181 0.0301409 -0.0383961 0.998808
0.624666 0.199054 0.0804037 0.0311172 -0.0383827 0.998778
0.624727 0.198976 0.0803894 0.0320934 -0.0383693 0.998748
0.624788 0.198898 0.080375 0.0330697 -0.0383558 0.998717
0.624849 0.19882 0.0803606 0.034046 -0.0383423 0.998685
0.62491 0.198742 0.0803463 0.0350222 -0.0383287 0.998651
0.62497 0.198664 0.0803319 0.0359985 -0.0383151 0.998617
0.625031 0.198586 0.0803176 0.0369747 -0.0383015 0.998582
0.625092 0.198508 0.0803032 0.0379509 -0.0382878 0.998546
0.625153 0.198429 0.0802888 0.0389271 -0.0382741 0.998509
0.625214 0.198351 0.0802745 0.0399033 -0.0382604 0.998471
0.625274 0.198273 0.0802601 0.0408794 -0.0382466 0.998432
0.625335 0.198195 0.0802457 0.0418555 -0.0382328 0.998392
0.625396 0.198117 0.0802314 0.0428316 -0.038219 0.998351
0.625457 0.198039 0.080217 0.0438077 -0.0382051 0.998309
0.625518 0.197961 0.0802027 0.0447837 -0.0381912 0.998266
0.625578 0.197883 0.0801883 0.0457596 -0.0381772 0.998223
0.625639 0.197805 0.0801739 0.0467356 -0.0381632 0.998178
0.6257 0.197727 0.0801596 0.0477114 -0.0381492 0.998132
0.625761 0.197649 0.0801452 0.0486873 -0.0381351 0.998086
0.625822 0.197571 0.0801308 0.049663 -0.038121 0.998038
0.625882 0.197492 0.0801165 0.0506388 -0.0381069 0.99799
0.625943 0.197414 0.0801021 0.0516144 -0.0380927 0.99794
0.626004 0.197336 0.0800878 0.05259 -0.0380785 0.99789
0.626065 0.197258 0.0800734 0.0535656 -0.0380643 0.997839
0.626125 0.19718 0.080059 0.0545411 -0.03805 0.997786
0.626186 0.197102 0.0800447 0.0555165 -0.0380357 0.997733
0.626247 0.197024 0.0800303 0.0564918 -0.0380213 0.997679
0.626308 0.196946 0.0800159 0.0574671 -0.0380069 0.997624
0.626369 0.196868 0.0800016 0.0584423 -0.0379925 0.997568
0.626429 0.19679 0.0799872 0.0594174 -0.037978 0.997511
0.62649 0.196712 0.0799729 0.0603924 -0.0379635 0.997453
0.626551 0.196633 0.0799585 0.0610128 -0.0379976 0.997413
0.626612 0.196555 0.0799441 0.0613195 -0.0380745 0.997392
0.626673 0.196477 0.0799298 0.0616263 -0.0381515 0.99737
0.626733 0.196399 0.0799154 0.061933 -0.0382284 0.997348
0.626794 0.196321 0.079901 0.0624634 -0.0381913 0.997316
0.626855 0.196243 0.0798867 0.0630835 -0.0381084 0.99728
0.626916 0.196165 0.0798723 0.0637036 -0.0380254 0.997244
0.626977 0.196087 0.079858 0.0643236 -0.0379425 0.997208
0.627037 0.196009 0.0798436 0.0649436 -0.0378595 0.99717
0.627098 0.195931 0.0798292 0.0685726 -0.0402884 0.996832
0.627159 0.195853 0.0798149 0.0691301 -0.0410871 0.996761
0.62722 0.195774 0.0798005 0.0696877 -0.0418857 0.996689
0.627281 0.195696 0.0797861 0.0702451 -0.0426844 0.996616
0.627341 0.195618 0.0797718 0.0708025 -0.043483 0.996542
0.627402 0.19554 0.0797574 0.0713599 -0.0442816 0.996467
0.627463 0.195462 0.0797431 0.0719172 -0.0450802 0.996391
0.627524 0.195384 0.0797287 0.0724744 -0.0458787 0.996315
0.627585 0.195306 0.0797143 0.0730315 -0.0466772 0.996237
0.627645 0.195228 0.0797 0.073564 -0.0474386 0.996162
0.627706 0.19515 0.0796856 0.0738957 -0.0478528 0.996117
0.627767 0.195072 0.0796713 0.0746718 -0.0483257 0.996037
0.627828 0.194994 0.0796569 0.0754478 -0.0487986 0.995955
0.627888 0.194915 0.0796425 0.0762238 -0.0492714 0.995873
0.627949 0.194837 0.0796282 0.0769998 -0.0497442 0.995789
0.62801 0.194759 0.0796138 0.0777757 -0.050217 0.995705
0.628071 0.194681 0.0795994 0.0785515 -0.0506897 0.995621
0.628132 0.194603 0.0795851 0.0793273 -0.0511624 0.995535
0.628192 0.194525 0.0795707 0.080103 -0.0516351 0.995448
0.628253 0.194447 0.0795564 0.0808787 -0.0521077 0.995361
0.628314 0.194369 0.079542 0.0816543 -0.0525803 0.995273
0.628375 0.194291 0.0795276 0.0824298 -0.0530528 0.995184
0.628436 0.194213 0.0795133 0.0832053 -0.0535253 0.995094
0.628496 0.194135 0.0794989 0.0839807 -0.0539977 0.995003
0.628557 0.194057 0.0794845 0.084756 -0.0544701 0.994912
0.628618 0.193978 0.0794702 0.0855313 -0.0549425 0.994819
0.628679 0.1939 0.0794558 0.0863065 -0.0554148 0.994726
0.62874 0.193822 0.0794415 0.0870816 -0.0558871 0.994632
0.6288 0.193744 0.0794271 0.0878566 -0.0563593 0.994538
0.628861 0.193666 0.0794127 0.0886316 -0.0568314 0.994442
0.628922 0.193588 0.0793984 0.0894064 -0.0573036 0.994345
0.628983 0.19351 0.079384 0.0901812 -0.0577756 0.994248
0.629044 0.193432 0.0793696 0.0909559 -0.0582476 0.99415
0.629104 0.193354 0.0793553 0.0917306 -0.0587196 0.994051
0.629165 0.193276 0.0793409 0.0925051 -0.0591914 0.993951
0.629226 0.193198 0.0793266 0.0932795 -0.0596633 0.993851
0.629287 0.193119 0.0793122 0.0940539 -0.060135 0.993749
0.629348 0.193041 0.0792978 0.0948281 -0.0606068 0.993647
0.629408 0.192963 0.0792835 0.0956022 -0.0610784 0.993544
0.629469 0.192885 0.0792691 0.0963763 -0.06155 0.99344
0.62953 0.192807 0.0792547 0.0971502 -0.0620215 0.993335
0.629591 0.192729 0.0792404 0.0996963 -0.0637345 0.992975
0.629652 0.192651 0.079226 0.0998129 -0.0640041 0.992946
0.629712 0.192573 0.0792117 0.0999295 -0.0642738 0.992916
0.629773 0.192495 0.0791973 0.100046 -0.0645434 0.992887
0.629834 0.192417 0.0791829 0.100163 -0.0648131 0.992858
0.629895 0.192339 0.0791686 0.100279 -0.0650827 0.992828
0.629955 0.19226 0.0791542 0.100396 -0.0653523 0.992799
0.630016 0.192182 0.0791398 0.100512 -0.0656219 0.992769
0.630077 0.192104 0.0791255 0.100629 -0.0658916 0.99274
0.630138 0.192026 0.0791111 0.100745 -0.0661612 0.99271
0.630199 0.191948 0.0790968 0.100862 -0.0664308 0.99268
0.630259 0.19187 0.0790824 0.100978 -0.0667004 0.99265
0.63032 0.191792 0.079068 0.101095 -0.06697 0.99262
0.630381 0.191714 0.0790537 0.101211 -0.0672396 0.99259
0.630442 0.191636 0.0790393 0.101328 -0.0675092 0.99256
0.630503 0.191558 0.0790249 0.101444 -0.0677787 0.99253
0.630563 0.19148 0.0790106 0.101561 -0.0680483 0.992499
0.630624 0.191402 0.0789962 0.101677 -0.0683179 0.992469
0.630685 0.191323 0.0789819 0.101794 -0.0685875 0.992438
0.630746 0.191245 0.0789675 0.10191 -0.068857 0.992408
0.630807 0.191167 0.0789531 0.102027 -0.0691266 0.992377
0.630867 0.191089 0.0789388 0.102155 -0.0693689 0.992347
0.630928 0.191011 0.0789244 0.102391 -0.0693638 0.992323
0.630989 0.190933 0.0789101 0.102626 -0.0693587 0.992299
0.63105 0.190855 0.0788957 0.102862 -0.0693535 0.992275
0.631111 0.190777 0.0788813 0.103098 -0.0693484 0.992251
0.631171 0.190699 0.078867 0.103334 -0.0693432 0.992227
0.631232 0.190621 0.0788526 0.103806 -0.0694491 0.99217
0.631293 0.190543 0.0788382 0.104518 -0.0696666 0.99208
0.631354 0.190464 0.0788239 0.10523 -0.0698841 0.991989
0.631415 0.190386 0.0788095 0.105941 -0.0701015 0.991898
0.631475 0.190308 0.0787952 0.106653 -0.0703189 0.991807
0.631536 0.19023 0.0787808 0.107364 -0.0705362 0.991714
0.631597 0.190152 0.0787664 0.108075 -0.0707536 0.991622
0.631658 0.190074 0.0787521 0.108787 -0.0709708 0.991528
0.631719 0.189996 0.0787377 0.109498 -0.0711881 0.991435
0.631779 0.189918 0.0787233 0.110209 -0.0714053 0.99134
0.63184 0.18984 0.078709 0.11092 -0.0716224 0.991245
0.631901 0.189762 0.0786946 0.111631 -0.0718396 0.99115
0.631962 0.189684 0.0786803 0.112342 -0.0720566 0.991054
0.632022 0.189605 0.0786659 0.113053 -0.0722737 0.990957
0.632083 0.189527 0.0786515 0.113764 -0.0724907 0.99086
0.632144 0.189449 0.0786372 0.114475 -0.0727076 0.990762
0.632205 0.189371 0.0786228 0.115186 -0.0729245 0.990664
0.632266 0.189293 0.0786084 0.115896 -0.0731414 0.990565
0.632326 0.189215 0.0785941 0.116607 -0.0733582 0.990465
0.632387 0.189137 0.0785797 0.117317 -0.073575 0.990365
0.632448 0.189059 0.0785654 0.118028 -0.0737917 0.990265
0.632509 0.188981 0.078551 0.121838 -0.0753009 0.98969
0.63257 0.188903 0.0785366 0.123145 -0.0759509 0.989478
0.63263 0.188825 0.0785223 0.124453 -0.0766007 0.989264
0.632691 0.188746 0.0785079 0.12576 -0.0772503 0.989048
0.632752 0.188668 0.0784935 0.127068 -0.0778999 0.98883
0.632813 0.18859 0.0784792 0.128375 -0.0785493 0.98861
0.632874 0.188512 0.0784648 0.129681 -0.0791986 0.988388
0.632934 0.188434 0.0784505 0.130988 -0.0798477 0.988163
0.632995 0.188356 0.0784361 0.132294 -0.0804967 0.987936
0.633056 0.188278 0.0784217 0.1336 -0.0811455 0.987708
0.633117 0.1882 0.0784074 0.134906 -0.0817941 0.987477
0.633178 0.188122 0.078393 0.136212 -0.0824426 0.987243
0.633238 0.188044 0.0783786 0.137517 -0.0830909 0.987008
0.633299 0.187966 0.0783643 0.138822 -0.0837391 0.986771
0.63336 0.187888 0.0783499 0.140127 -0.0843871 0.986531
0.633421 0.187809 0.0783356 0.141431 -0.0850349 0.986289
0.633482 0.187731 0.0783212 0.142735 -0.0856825 0.986045
0.633542 0.187653 0.0783068 0.147855 -0.0891594 0.984982
0.633603 0.187575 0.0782925 0.148811 -0.0898216 0.984778
0.633664 0.187497 0.0782781 0.149766 -0.0904836 0.984572
0.633725 0.187419 0.0782637 0.15072 -0.0911454 0.984366
0.633786 0.187341 0.0782494 0.151675 -0.0918072 0.984158
0.633846 0.187263 0.078235 0.152629 -0.0924688 0.983948
0.633907 0.187185 0.0782207 0.153584 -0.0931302 0.983737
0.633968 0.187107 0.0782063 0.154537 -0.0937916 0.983525
0.634029 0.187029 0.0781919 0.155491 -0.0944527 0.983311
0.634089 0.18695 0.0781776 0.156445 -0.0951138 0.983096
0.63415 0.186872 0.0781632 0.157398 -0.0957746 0.98288
0.634211 0.186794 0.0781489 0.158351 -0.0964354 0.982662
0.634272 0.186716 0.0781345 0.159303 -0.0970959 0.982443
0.634333 0.186638 0.0781201 0.160256 -0.0977563 0.982223
0.634393 0.18656 0.0781058 0.161208 -0.0984166 0.982001
0.634454 0.186482 0.0780914 0.16216 -0.0990766 0.981778
0.634515 0.186404 0.078077 0.163111 -0.0997366 0.981553
0.634576 0.186326 0.0780627 0.164063 -0.100396 0.981328
0.634637 0.186248 0.0780483 0.165014 -0.101056 0.9811
0.634697 0.18617 0.078034 0.165965 -0.101715 0.980872
0.634758 0.186091 0.0780196 0.168551 -0.103475 0.980247
0.634819 0.186013 0.0780052 0.169356 -0.104083 0.980043
0.63488 0.185935 0.0779909 0.170162 -0.10469 0.979839
0.634941 0.185857 0.0779765 0.170967 -0.105298 0.979634
0.635001 0.185779 0.0779621 0.171772 -0.105905 0.979428
0.635062 0.185701 0.0779478 0.172576 -0.106513 0.97922
0.635123 0.185623 0.0779334 0.173381 -0.10712 0.979012
0.635184 0.185545 0.0779191 0.174186 -0.107727 0.978802
0.635245 0.185467 0.0779047 0.17499 -0.108334 0.978592
0.635305 0.185389 0.0778903 0.175794 -0.108941 0.97838
0.635366 0.185311 0.077876 0.176598 -0.109548 0.978168
0.635427 0.185233 0.0778616 0.177402 -0.110155 0.977954
0.635488 0.185154 0.0778472 0.178205 -0.110762 0.97774
0.635549 0.185076 0.0778329 0.179009 -0.111368 0.977524
0.635609 0.184998 0.0778185 0.179812 -0.111975 0.977307
0.63567 0.18492 0.0778042 0.180615 -0.112581 0.977089
0.635731 0.184842 0.0777898 0.181418 -0.113187 0.976871
0.635792 0.184764 0.0777754 0.182221 -0.113793 0.976651
0.635853 0.184686 0.0777611 0.183023 -0.114399 0.97643
0.635913 0.184608 0.0777467 0.183826 -0.115005 0.976208
0.635974 0.18453 0.0777323 0.184628 -0.115611 0.975985
0.636035 0.184452 0.077718 0.18543 -0.116217 0.975761
0.636096 0.184374 0.0777036 0.186231 -0.116822 0.975536
0.636156 0.184295 0.0776893 0.187033 -0.117427 0.97531
0.636217 0.184217 0.0776749 0.187834 -0.118033 0.975083
0.636278 0.184139 0.0776605 0.188635 -0.118638 0.974855
0.636339 0.184061 0.0776462 0.189436 -0.119243 0.974626
0.6364 0.183983 0.0776318 0.190237 -0.119848 0.974395
0.63646 0.183905 0.0776174 0.191038 -0.120452 0.974164
0.636521 0.183827 0.0776031 0.191838 -0.121057 0.973932
0.636582 0.183749 0.0775887 0.192638 -0.121661 0.973699
0.636643 0.183671 0.0775744 0.193438 -0.122266 0.973464
0.636704 0.183593 0.07756 0.194237 -0.12287 0.973229
0.636764 0.183515 0.0775456 0.199518 -0.127062 0.971621
0.636825 0.183436 0.0775313 0.200336 -0.127997 0.97133
0.636886 0.183358 0.0775169 0.201154 -0.128932 0.971037
0.636947 0.18328 0.0775026 0.201971 -0.129867 0.970743
0.637008 0.183202 0.0774882 0.202789 -0.130801 0.970447
0.637068 0.183124 0.0774738 0.203605 -0.131735 0.97015
0.637129 0.183046 0.0774595 0.204562 -0.132942 0.969784
0.63719 0.182968 0.0774451 0.204562 -0.133093 0.969763
0.637251 0.18289 0.0774307 0.204563 -0.133245 0.969742
0.637312 0.182812 0.0774164 0.204563 -0.133397 0.969721
0.637372 0.182734 0.077402 0.204563 -0.133548 0.9697
0.637433 0.182656 0.0773877 0.204563 -0.1337 0.969679
0.637494 0.182578 0.0773733 0.204564 -0.133852 0.969658
0.637555 0.182499 0.0773589 0.204564 -0.134004 0.969637
0.637616 0.182421 0.0773446 0.204564 -0.134155 0.969616
0.637676 0.182343 0.0773302 0.204565 -0.134307 0.969595
0.637737 0.182265 0.0773158 0.204565 -0.134459 0.969574
0.637798 0.182187 0.0773015 0.204565 -0.134611 0.969553
0.637859 0.182109 0.0772871 0.204565 -0.134762 0.969532
0.63792 0.182031 0.0772728 0.204566 -0.134914 0.969511
0.63798 0.181953 0.0772584 0.204566 -0.135066 0.96949
0.638041 0.181875 0.077244 0.204566 -0.135217 0.969468
0.638102 0.181797 0.0772297 0.204567 -0.135369 0.969447
0.638163 0.181719 0.0772153 0.204567 -0.135521 0.969426
0.638223 0.18164 0.0772009 0.204567 -0.135672 0.969405
0.638284 0.181562 0.0771866 0.204567 -0.135824 0.969383
0.638345 0.181484 0.0771722 0.204567 -0.135976 0.969362
0.638406 0.181406 0.0771579 0.204568 -0.136128 0.969341
0.638467 0.181328 0.0771435 0.204568 -0.136279 0.969319
0.638527 0.18125 0.0771291 0.204568 -0.136431 0.969298
0.638588 0.181172 0.0771148 0.204568 -0.136583 0.969277
0.638649 0.181094 0.0771004 0.204569 -0.136734 0.969255
0.63871 0.181016 0.077086 0.204569 -0.136886 0.969234
0.638771 0.180938 0.0770717 0.204569 -0.137038 0.969212
0.638831 0.18086 0.0770573 0.204569 -0.137189 0.969191
0.638892 0.180781 0.077043 0.204569 -0.137341 0.969169
0.638953 0.180703 0.0770286 0.20457 -0.137493 0.969148
0.639014 0.180625 0.0770142 0.20457 -0.137644 0.969126
0.639075 0.180547 0.0769999 0.20457 -0.137796 0.969104
0.639135 0.180469 0.0769855 0.20457 -0.137947 0.969083
0.639196 0.180391 0.0769711 0.20457 -0.138099 0.969061
0.639257 0.180313 0.0769568 0.20457 -0.138251 0.96904
0.639318 0.180235 0.0769424 0.204571 -0.138402 0.969018
0.639379 0.180157 0.0769281 0.204571 -0.138554 0.968996
0.639439 0.180079 0.0769137 0.204571 -0.138706 0.968974
0.6395 0.180001 0.0768993 0.204571 -0.138857 0.968953
0.639561 0.179922 0.076885 0.204571 -0.139009 0.968931
0.639622 0.179844 0.0768706 0.204571 -0.13916 0.968909
0.639683 0.179766 0.0768562 0.204571 -0.139312 0.968887
0.639743 0.179688 0.0768419 0.204572 -0.139464 0.968866
0.639804 0.17961 0.0768275 0.204572 -0.139615 0.968844
0.639865 0.179532 0.0768132 0.204572 -0.139767 0.968822
0.639926 0.179454 0.0767988 0.204572 -0.139918 0.9688
0.639986 0.179376 0.0767844 0.204572 -0.14007 0.968778
0.640047 0.179298 0.0767701 0.204572 -0.140222 0.968756
0.640108 0.17922 0.0767557 0.204629 -0.140303 0.968732
0.640169 0.179142 0.0767414 0.204545 -0.139496 0.968867
0.64023 0.179064 0.076727 0.20446 -0.138688 0.969
0.64029 0.178985 0.0767126 0.204376 -0.13788 0.969134
0.640351 0.178907 0.0766983 0.204291 -0.137072 0.969266
0.640412 0.178829 0.0766839 0.204206 -0.136264 0.969398
0.640473 0.178751 0.0766695 0.204121 -0.135455 0.969529
0.640534 0.178673 0.0766552 0.204063 -0.13527 0.969567
0.640594 0.178595 0.0766408 0.204017 -0.135376 0.969562
0.640655 0.178517 0.0766265 0.203972 -0.135482 0.969557
0.640716 0.178439 0.0766121 0.203926 -0.135587 0.969551
0.640777 0.178361 0.0765977 0.203881 -0.135693 0.969546
0.640838 0.178283 0.0765834 0.209304 -0.138445 0.968
0.640898 0.178205 0.076569 0.210667 -0.138329 0.967721
0.640959 0.178126 0.0765546 0.21203 -0.138213 0.96744
0.64102 0.178048 0.0765403 0.213392 -0.138097 0.967157
0.641081 0.17797 0.0765259 0.214755 -0.13798 0.966872
0.641142 0.177892 0.0765116 0.216117 -0.137863 0.966585
0.641202 0.177814 0.0764972 0.217478 -0.137746 0.966297
0.641263 0.177736 0.0764828 0.218839 -0.137628 0.966006
0.641324 0.177658 0.0764685 0.2202 -0.137511 0.965714
0.641385 0.17758 0.0764541 0.221561 -0.137393 0.965419
0.641446 0.177502 0.0764397 0.222921 -0.137274 0.965123
0.641506 0.177424 0.0764254 0.224281 -0.137156 0.964825
0.641567 0.177346 0.076411 0.22564 -0.137037 0.964524
0.641628 0.177267 0.0763967 0.226999 -0.136918 0.964222
0.641689 0.177189 0.0763823 0.228358 -0.136798 0.963918
0.64175 0.177111 0.0763679 0.229716 -0.136679 0.963613
0.64181 0.177033 0.0763536 0.231074 -0.136559 0.963305
0.641871 0.176955 0.0763392 0.232432 -0.136438 0.962995
0.641932 0.176877 0.0763248 0.233789 -0.136318 0.962684
0.641993 0.176799 0.0763105 0.235145 -0.136197 0.962371
0.642053 0.176721 0.0762961 0.236501 -0.136076 0.962055
0.642114 0.176643 0.0762818 0.237857 -0.135955 0.961738
0.642175 0.176565 0.0762674 0.239212 -0.135833 0.961419
0.642236 0.176487 0.076253 0.240567 -0.135712 0.961098
0.642297 0.176409 0.0762387 0.241921 -0.135589 0.960776
0.642357 0.17633 0.0762243 0.243275 -0.135467 0.960451
0.642418 0.176252 0.0762099 0.244628 -0.135345 0.960124
0.642479 0.176174 0.0761956 0.245981 -0.135222 0.959796
0.64254 0.176096 0.0761812 0.247333 -0.135099 0.959466
0.642601 0.176018 0.0761669 0.248685 -0.134975 0.959134
0.642661 0.17594 0.0761525 0.250036 -0.134851 0.9588
0.642722 0.175862 0.0761381 0.251387 -0.134728 0.958464
0.642783 0.175784 0.0761238 0.252737 -0.134603 0.958126
0.642844 0.175706 0.0761094 0.254087 -0.134479 0.957787
0.642905 0.175628 0.076095 0.255436 -0.134354 0.957445
0.642965 0.17555 0.0760807 0.256784 -0.134229 0.957102
0.643026 0.175471 0.0760663 0.258132 -0.134104 0.956757
0.643087 0.175393 0.076052 0.25948 -0.133979 0.95641
0.643148 0.175315 0.0760376 0.260827 -0.133853 0.956061
0.643209 0.175237 0.0760232 0.262173 -0.133727 0.95571
0.643269 0.175159 0.0760089 0.263518 -0.133601 0.955358
0.64333 0.175081 0.0759945 0.264863 -0.133474 0.955004
0.643391 0.175003 0.0759802 0.266208 -0.133348 0.954647
0.643452 0.174925 0.0759658 0.267552 -0.133221 0.954289
0.643513 0.174847 0.0759514 0.268895 -0.133093 0.95393
0.643573 0.174769 0.0759371 0.270237 -0.132966 0.953568
0.643634 0.174691 0.0759227 0.271579 -0.132838 0.953205
0.643695 0.174612 0.0759083 0.272802 -0.132711 0.952873
0.643756 0.174534 0.075894 0.276184 -0.133633 0.951769
0.643817 0.174456 0.0758796 0.276333 -0.134391 0.951619
0.643877 0.174378 0.0758653 0.276483 -0.135148 0.951468
0.643938 0.1743 0.0758509 0.276632 -0.135906 0.951317
0.643999 0.174222 0.0758365 0.276781 -0.136663 0.951165
0.64406 0.174144 0.0758222 0.27693 -0.13742 0.951013
0.64412 0.174066 0.0758078 0.277079 -0.138177 0.95086
0.644181 0.173988 0.0757934 0.277228 -0.138934 0.950706
0.644242 0.17391 0.0757791 0.277377 -0.139691 0.950552
0.644303 0.173832 0.0757647 0.277525 -0.140448 0.950397
0.644364 0.173753 0.0757504 0.277673 -0.141205 0.950241
0.644424 0.173675 0.075736 0.277821 -0.141962 0.950085
0.644485 0.173597 0.0757216 0.277969 -0.142719 0.949929
0.644546 0.173519 0.0757073 0.278117 -0.143476 0.949772
0.644607 0.173441 0.0756929 0.278264 -0.144232 0.949614
0.644668 0.173363 0.0756785 0.278411 -0.144989 0.949455
0.644728 0.173285 0.0756642 0.278559 -0.145745 0.949296
0.644789 0.173207 0.0756498 0.278726 -0.146487 0.949133
0.64485 0.173129 0.0756355 0.279266 -0.14697 0.9489
0.644911 0.173051 0.0756211 0.279806 -0.147453 0.948666
0.644972 0.172973 0.0756067 0.280345 -0.147935 0.948431
0.645032 0.172895 0.0755924 0.280884 -0.148418 0.948196
0.645093 0.172816 0.075578 0.281423 -0.1489 0.947961
0.645154 0.172738 0.0755636 0.281962 -0.149383 0.947725
0.645215 0.17266 0.0755493 0.2825 -0.149865 0.947488
0.645276 0.172582 0.0755349 0.283039 -0.150347 0.947251
0.645336 0.172504 0.0755206 0.283577 -0.150829 0.947014
0.645397 0.172426 0.0755062 0.284115 -0.151311 0.946775
0.645458 0.172348 0.0754918 0.284653 -0.151793 0.946537
0.645519 0.17227 0.0754775 0.285191 -0.152275 0.946297
0.64558 0.172192 0.0754631 0.285729 -0.152756 0.946057
0.64564 0.172114 0.0754487 0.286266 -0.153238 0.945817
0.645701 0.172036 0.0754344 0.286804 -0.15372 0.945576
0.645762 0.171957 0.07542 0.328515 -0.187311 0.925739
0.645823 0.171879 0.0754057 0.331276 -0.190306 0.924143
0.645884 0.171801 0.0753913 0.334033 -0.193298 0.922528
0.645944 0.171723 0.0753769 0.336783 -0.196288 0.920895
0.646005 0.171645 0.0753626 0.339529 -0.199275 0.919244
0.646066 0.171567 0.0753482 0.342268 -0.202259 0.917575
0.646127 0.171489 0.0753338 0.345002 -0.20524 0.915888
0.646187 0.171411 0.0753195 0.347729 -0.208218 0.914183
0.646248 0.171333 0.0753051 0.35045 -0.211192 0.91246
0.646309 0.171255 0.0752908 0.353165 -0.214162 0.910719
0.64637 0.171177 0.0752764 0.355873 -0.217128 0.908961
0.646431 0.171098 0.075262 0.358575 -0.22009 0.907185
0.646491 0.17102 0.0752477 0.361269 -0.223048 0.905392
0.646552 0.170942 0.0752333 0.363957 -0.226002 0.903581
0.646613 0.170864 0.075219 0.366637 -0.228951 0.901753
0.646674 0.170786 0.0752046 0.36931 -0.231895 0.899908
0.646735 0.170708 0.0751902 0.371975 -0.234835 0.898046
0.646795 0.17063 0.0751759 0.374633 -0.237769 0.896167
0.646856 0.170552 0.0751615 0.377283 -0.240698 0.894272
0.646917 0.170474 0.0751471 0.379925 -0.243622 0.892359
0.646978 0.170396 0.0751328 0.382559 -0.24654 0.890431
0.647039 0.170318 0.0751184 0.385184 -0.249453 0.888485
0.647099 0.17024 0.0751041 0.387802 -0.252359 0.886524
0.64716 0.170161 0.0750897 0.390411 -0.25526 0.884546
0.647221 0.170083 0.0750753 0.393011 -0.258154 0.882553
0.647282 0.170005 0.075061 0.395602 -0.261042 0.880543
0.647343 0.169927 0.0750466 0.398184 -0.263923 0.878518
0.647403 0.169849 0.0750322 0.400758 -0.266798 0.876477
0.647464 0.169771 0.0750179 0.406114 -0.272001 0.872403
0.647525 0.169693 0.0750035 0.40967 -0.274946 0.869813
0.647586 0.169615 0.0749892 0.413212 -0.277881 0.867201
0.647647 0.169537 0.0749748 0.41674 -0.280806 0.864567
0.647707 0.169459 0.0749604 0.420254 -0.283721 0.86191
0.647768 0.169381 0.0749461 0.427985 -0.291245 0.855573
0.647829 0.169302 0.0749317 0.42884 -0.292524 0.854708
0.64789 0.169224 0.0749173 0.429693 -0.293801 0.853841
0.647951 0.169146 0.074903 0.430545 -0.295078 0.852971
0.648011 0.169068 0.0748886 0.431396 -0.296354 0.852098
0.648072 0.16899 0.0748743 0.432246 -0.29763 0.851223
0.648133 0.168912 0.0748599 0.436598 -0.300949 0.847828
0.648194 0.168834 0.0748455 0.437816 -0.302224 0.846745
0.648254 0.168756 0.0748312 0.439033 -0.303498 0.845659
0.648315 0.168678 0.0748168 0.440248 -0.30477 0.844569
0.648376 0.1686 0.0748024 0.441462 -0.306041 0.843475
0.648437 0.168522 0.0747881 0.442673 -0.307312 0.842378
0.648498 0.168443 0.0747737 0.443883 -0.30858 0.841276
0.648558 0.168365 0.0747594 0.445091 -0.309848 0.840171
0.648619 0.168287 0.074745 0.446297 -0.311114 0.839063
0.64868 0.168209 0.0747306 0.447502 -0.31238 0.837951
0.648741 0.168131 0.0747163 0.448704 -0.313644 0.836835
0.648802 0.168053 0.0747019 0.449905 -0.314906 0.835715
0.648862 0.167975 0.0746875 0.451103 -0.316167 0.834592
0.648923 0.167897 0.0746732 0.4523 -0.317427 0.833465
0.648984 0.167819 0.0746588 0.453495 -0.318686 0.832335
0.649045 0.167741 0.0746445 0.454688 -0.319943 0.831201
0.649106 0.167663 0.0746301 0.455879 -0.321199 0.830064
0.649166 0.167585 0.0746157 0.457068 -0.322454 0.828922
0.649227 0.167506 0.0746014 0.458255 -0.323707 0.827778
0.649288 0.167428 0.074587 0.45944 -0.324958 0.82663
0.649349 0.16735 0.0745727 0.460623 -0.326209 0.825478
0.64941 0.167272 0.0745583 0.461804 -0.327458 0.824323
0.64947 0.167194 0.0745439 0.462983 -0.328705 0.823164
0.649531 0.167116 0.0745296 0.46416 -0.329951 0.822002
0.649592 0.167038 0.0745152 0.465335 -0.331195 0.820837
0.649653 0.16696 0.0745008 0.466508 -0.332438 0.819668
0.649714 0.166882 0.0744865 0.467678 -0.333679 0.818496
0.649774 0.166804 0.0744721 0.468847 -0.334919 0.81732
0.649835 0.166726 0.0744578 0.470014 -0.336157 0.816141
0.649896 0.166647 0.0744434 0.471178 -0.337394 0.814958
0.649957 0.166569 0.074429 0.47234 -0.338629 0.813772
0.650017 0.166491 0.0744147 0.4735 -0.339862 0.812583
0.650078 0.166413 0.0744003 0.474658 -0.341094 0.811391
0.650139 0.166335 0.0743859 0.475813 -0.342324 0.810195
0.6502 0.166257 0.0743716 0.476967 -0.343553 0.808996
0.650261 0.166179 0.0743572 0.478118 -0.34478 0.807794
0.650321 0.166101 0.0743429 0.466833 -0.331005 0.820063
0.650382 0.166023 0.0743285 0.462683 -0.326157 0.824346
0.650443 0.165945 0.0743141 0.458496 -0.32128 0.82859
0.650504 0.165867 0.0742998 0.454272 -0.316372 0.832794
0.650565 0.165788 0.0742854 0.450012 -0.311435 0.836957
0.650625 0.16571 0.074271 0.445717 -0.30647 0.841078
0.650686 0.165632 0.0742567 0.441387 -0.301477 0.845156
0.650747 0.165554 0.0742423 0.437023 -0.296458 0.84919
0.650808 0.165476 0.074228 0.432626 -0.291412 0.853179
0.650869 0.165398 0.0742136 0.428196 -0.286341 0.857121
0.650929 0.16532 0.0741992 0.423733 -0.281246 0.861017
0.65099 0.165242 0.0741849 0.419239 -0.276127 0.864865
0.651051 0.165164 0.0741705 0.414715 -0.270986 0.868665
0.651112 0.165086 0.0741561 0.41016 -0.265823 0.872414
0.651173 0.165008 0.0741418 0.405576 -0.260639 0.876114
0.651233 0.164929 0.0741274 0.400964 -0.255435 0.879762
0.651294 0.164851 0.0741131 0.396324 -0.250212 0.883358
0.651355 0.164773 0.0740987 0.391657 -0.244971 0.886901
0.651416 0.164695 0.0740843 0.386965 -0.239713 0.890391
0.651477 0.164617 0.07407 0.382247 -0.234438 0.893827
0.651537 0.164539 0.0740556 0.377505 -0.229149 0.897207
0.651598 0.164461 0.0740412 0.372739 -0.223845 0.900533
0.651659 0.164383 0.0740269 0.367951 -0.218528 0.903802
0.65172 0.164305 0.0740125 0.363141 -0.213198 0.907014
0.651781 0.164227 0.0739982 0.358311 -0.207858 0.910169
0.651841 0.164149 0.0739838 0.353461 -0.202507 0.913267
0.651902 0.164071 0.0739694 0.351421 -0.199849 0.914638
0.651963 0.163992 0.0739551 0.349698 -0.197494 0.91581
0.652024 0.163914 0.0739407 0.347972 -0.195138 0.916971
0.652084 0.163836 0.0739263 0.347916 -0.194566 0.917114
0.652145 0.163758 0.073912 0.348452 -0.194627 0.916898
0.652206 0.16368 0.0738976 0.348988 -0.194688 0.916681
0.652267 0.163602 0.0738833 0.349524 -0.194749 0.916464
0.652328 0.163524 0.0738689 0.350059 -0.19481 0.916246
0.652388 0.163446 0.0738545 0.350595 -0.194871 0.916029
0.652449 0.163368 0.0738402 0.35113 -0.194931 0.915811
0.65251 0.16329 0.0738258 0.351665 -0.194992 0.915593
0.652571 0.163212 0.0738115 0.352199 -0.195052 0.915374
0.652632 0.163133 0.0737971 0.352734 -0.195113 0.915156
0.652692 0.163055 0.0737827 0.353268 -0.195173 0.914937
0.652753 0.162977 0.0737684 0.353802 -0.195233 0.914718
0.652814 0.162899 0.073754 0.354335 -0.195293 0.914498
0.652875 0.162821 0.0737396 0.354869 -0.195353 0.914279
0.652936 0.162743 0.0737253 0.355402 -0.195413 0.914059
0.652996 0.162665 0.0737109 0.355935 -0.195473 0.913838
0.653057 0.162587 0.0736966 0.356468 -0.195533 0.913618
0.653118 0.162509 0.0736822 0.357 -0.195593 0.913397
0.653179 0.162431 0.0736678 0.357532 -0.195653 0.913176
0.65324 0.162353 0.0736535 0.358064 -0.195712 0.912955
0.6533 0.162274 0.0736391 0.358596 -0.195772 0.912733
0.653361 0.162196 0.0736247 0.359128 -0.195831 0.912512
0.653422 0.162118 0.0736104 0.359659 -0.19589 0.91229
0.653483 0.16204 0.073596 0.36019 -0.19595 0.912067
0.653544 0.161962 0.0735817 0.360927 -0.196446 0.911669
0.653604 0.161884 0.0735673 0.362075 -0.197816 0.910917
0.653665 0.161806 0.0735529 0.363222 -0.199186 0.910162
0.653726 0.161728 0.0735386 0.364367 -0.200555 0.909403
0.653787 0.16165 0.0735242 0.365511 -0.201923 0.908641
0.653848 0.161572 0.0735098 0.366645 -0.203445 0.907845
0.653908 0.161494 0.0734955 0.36737 -0.211719 0.905657
0.653969 0.161416 0.0734811 0.368069 -0.219991 0.903399
0.65403 0.161337 0.0734668 0.368742 -0.228258 0.901071
0.654091 0.161259 0.0734524 0.369388 -0.236518 0.898672
0.654151 0.161181 0.073438 0.370007 -0.24477 0.896204
0.654212 0.161103 0.0734237 0.370599 -0.253012 0.893667
0.654273 0.161025 0.0734093 0.371164 -0.261242 0.891061
0.654334 0.160947 0.0733949 0.371702 -0.269457 0.888387
0.654395 0.160869 0.0733806 0.372212 -0.277657 0.885644
0.654455 0.160791 0.0733662 0.372694 -0.285839 0.882834
0.654516 0.160713 0.0733519 0.373148 -0.294001 0.879957
0.654577 0.160635 0.0733375 0.373574 -0.302142 0.877013
0.654638 0.160557 0.0733231 0.373973 -0.310259 0.874004
0.654699 0.160478 0.0733088 0.374343 -0.318351 0.870931
0.654759 0.1604 0.0732944 0.374685 -0.326416 0.867792
0.65482 0.160322 0.07328 0.374998 -0.334453 0.864591
0.654881 0.160244 0.0732657 0.375284 -0.342459 0.861327
0.654942 0.160166 0.0732513 0.375541 -0.350433 0.858001
0.655003 0.160088 0.073237 0.375769 -0.358372 0.854615
0.655063 0.16001 0.0732226 0.37597 -0.366277 0.851169
0.655124 0.159932 0.0732082 0.376142 -0.374144 0.847664
0.655185 0.159854 0.0731939 0.376286 -0.381972 0.844101
0.655246 0.159776 0.0731795 0.376403 -0.389759 0.840481
0.655307 0.159698 0.0731651 0.376491 -0.397505 0.836806
0.655367 0.159619 0.0731508 0.394455 -0.416868 0.818918
0.655428 0.159541 0.0731364 0.394229 -0.418463 0.818213
0.655489 0.159463 0.0731221 0.394001 -0.420056 0.817506
0.65555 0.159385 0.0731077 0.393773 -0.421647 0.816797
0.655611 0.159307 0.0730933 0.393543 -0.423237 0.816085
0.655671 0.159229 0.073079 0.393312 -0.424825 0.815371
0.655732 0.159151 0.0730646 0.39308 -0.426412 0.814654
0.655793 0.159073 0.0730503 0.392847 -0.427997 0.813935
0.655854 0.158995 0.0730359 0.392613 -0.42958 0.813213
0.655915 0.158917 0.0730215 0.392377 -0.431162 0.81249
0.655975 0.158839 0.0730072 0.392141 -0.432742 0.811764
0.656036 0.15876 0.0729928 0.391903 -0.43432 0.811035
0.656097 0.158682 0.0729784 0.391664 -0.435897 0.810304
0.656158 0.158604 0.0729641 0.391424 -0.437472 0.809571
0.656218 0.158526 0.0729497 0.391182 -0.439046 0.808836
0.656279 0.158448 0.0729354 0.39094 -0.440617 0.808098
0.65634 0.15837 0.072921 0.390696 -0.442187 0.807358
0.656401 0.158292 0.0729066 0.390452 -0.443755 0.806616
0.656462 0.158214 0.0728923 0.390206 -0.445322 0.805871
0.656522 0.158136 0.0728779 0.389959 -0.446886 0.805124
0.656583 0.158058 0.0728635 0.389711 -0.448449 0.804375
0.656644 0.15798 0.0728492 0.389461 -0.45001 0.803624
0.656705 0.157902 0.0728348 0.389211 -0.451569 0.80287
0.656766 0.157823 0.0728205 0.38896 -0.453126 0.802114
0.656826 0.157745 0.0728061 0.388707 -0.454682 0.801356
0.656887 0.157667 0.0727917 0.388453 -0.456235 0.800596
0.656948 0.157589 0.0727774 0.388199 -0.457787 0.799833
0.657009 0.157511 0.072763 0.387943 -0.459337 0.799068
0.65707 0.157433 0.0727486 0.387686 -0.460885 0.798301
0.65713 0.157355 0.0727343 0.387428 -0.462431 0.797532
0.657191 0.157277 0.0727199 0.388511 -0.461998 0.797256
0.657252 0.157199 0.0727056 0.390071 -0.460859 0.797153
0.657313 0.157121 0.0726912 0.39163 -0.459718 0.797048
0.657374 0.157043 0.0726768 0.393187 -0.458575 0.796939
0.657434 0.156964 0.0726625 0.394743 -0.457431 0.796828
0.657495 0.156886 0.0726481 0.397572 -0.455974 0.796257
0.657556 0.156808 0.0726337 0.402396 -0.454017 0.79495
0.657617 0.15673 0.0726194 0.40721 -0.452047 0.793621
0.657678 0.156652 0.072605 0.412014 -0.450063 0.792268
0.657738 0.156574 0.0725907 0.416807 -0.448065 0.790892
0.657799 0.156496 0.0725763 0.421589 -0.446054 0.789493
0.65786 0.156418 0.0725619 0.42636 -0.44403 0.78807
0.657921 0.15634 0.0725476 -0.318716 0.238874 -0.917257
0.657982 0.156262 0.0725332 -0.312279 0.234926 -0.920485
0.658042 0.156184 0.0725188 -0.305813 0.230957 -0.923655
0.658103 0.156105 0.0725045 -0.299318 0.226967 -0.926766
0.658164 0.156027 0.0724901 -0.292796 0.222959 -0.929817
0.658225 0.155949 0.0724758 -0.286249 0.218931 -0.932808
0.658285 0.155871 0.0724614 -0.279677 0.214886 -0.935738
0.658346 0.155793 0.072447 -0.273082 0.210823 -0.938605
0.658407 0.155715 0.0724327 -0.266465 0.206744 -0.94141
0.658468 0.155637 0.0724183 -0.259828 0.202649 -0.944152
0.658529 0.155559 0.0724039 -0.253171 0.19854 -0.94683
0.658589 0.155481 0.0723896 -0.246496 0.194416 -0.949443
0.65865 0.155403 0.0723752 -0.239805 0.19028 -0.951991
0.658711 0.155325 0.0723609 -0.233099 0.186131 -0.954474
0.658772 0.155247 0.0723465 -0.226379 0.181971 -0.95689
0.658833 0.155168 0.0723321 -0.219647 0.177801 -0.95924
0.658893 0.15509 0.0723178 -0.212904 0.173621 -0.961524
0.658954 0.155012 0.0723034 -0.206151 0.169432 -0.96374
0.659015 0.154934 0.0722891 -0.199391 0.165235 -0.965889
0.659076 0.154856 0.0722747 -0.192623 0.161032 -0.96797
0.659137 0.154778 0.0722603 -0.18585 0.156822 -0.969983
0.659197 0.1547 0.072246 -0.179074 0.152607 -0.971928
0.659258 0.154622 0.0722316 -0.172295 0.148388 -0.973805
0.659319 0.154544 0.0722172 -0.165514 0.144165 -0.975613
0.65938 0.154466 0.0722029 -0.158735 0.13994 -0.977354
0.659441 0.154388 0.0721885 -0.151956 0.135713 -0.979026
0.659501 0.154309 0.0721742 -0.145181 0.131485 -0.980629
0.659562 0.154231 0.0721598 -0.13841 0.127257 -0.982165
0.659623 0.154153 0.0721454 -0.131645 0.12303 -0.983633
0.659684 0.154075 0.0721311 -0.124888 0.118805 -0.985032
0.659745 0.153997 0.0721167 -0.118138 0.114583 -0.986364
0.659805 0.153919 0.0721023 -0.111399 0.110364 -0.987629
0.659866 0.153841 0.072088 -0.10467 0.10615 -0.988826
0.659927 0.153763 0.0720736 -0.0979539 0.10194 -0.989956
0.659988 0.153685 0.0720593 -0.0907168 0.0990755 -0.990936
0.660048 0.153607 0.0720449 -0.0929361 0.103434 -0.990285
0.660109 0.153529 0.0720305 -0.0951561 0.107795 -0.989609
0.66017 0.15345 0.0720162 -0.0973766 0.11216 -0.988907
0.660231 0.153372 0.0720018 -0.0995974 0.116527 -0.988181
0.660292 0.153294 0.0719874 -0.101818 0.120896 -0.98743
0.660352 0.153216 0.0719731 -0.10404 0.125267 -0.986653
0.660413 0.153138 0.0719587 -0.10626 0.12964 -0.985851
0.660474 0.15306 0.0719444 -0.108481 0.134015 -0.985024
0.660535 0.152982 0.07193 -0.110701 0.13839 -0.984171
0.660596 0.152904 0.0719156 -0.11292 0.142766 -0.983294
0.660656 0.152826 0.0719013 -0.115139 0.147142 -0.982391
0.660717 0.152748 0.0718869 -0.117356 0.151518 -0.981463
0.660778 0.15267 0.0718725 -0.119573 0.155894 -0.98051
0.660839 0.152591 0.0718582 -0.121788 0.16027 -0.979531
0.6609 0.152513 0.0718438 -0.124001 0.164644 -0.978527
0.66096 0.152435 0.0718295 -0.126213 0.169017 -0.977499
0.661021 0.152357 0.0718151 -0.128423 0.173388 -0.976445
0.661082 0.152279 0.0718007 -0.130631 0.177758 -0.975365
0.661135 0.152354 0.0717996 -0.125888 0.172913 -0.976859
0.661186 0.152439 0.0717994 -0.120647 0.167406 -0.978478
0.661238 0.152525 0.0717992 -0.115398 0.16189 -0.980038
0.66129 0.15261 0.071799 -0.110142 0.156363 -0.981539
0.661342 0.152696 0.0717988 -0.10488 0.150828 -0.982981
0.661394 0.152781 0.0717985 -0.0996125 0.145285 -0.984363
0.661446 0.152867 0.0717983 -0.0943413 0.139735 -0.985684
0.661498 0.152952 0.0717981 -0.0890671 0.134179 -0.986946
0.66155 0.153038 0.0717979 -0.0837907 0.128619 -0.988148
0.661602 0.153123 0.0717977 -0.0785131 0.123055 -0.989289
0.661654 0.153208 0.0717975 -0.0732352 0.117489 -0.99037
0.661706 0.153294 0.0717973 -0.0679581 0.111921 -0.991391
0.661758 0.153379 0.0717971 -0.0626827 0.106352 -0.992351
0.66181 0.153465 0.0717969 -0.0574099 0.100784 -0.993251
0.661861 0.15355 0.0717967 -0.0521407 0.0952167 -0.99409
0.661913 0.153636 0.0717965 -0.046876 0.0896521 -0.994869
0.661965 0.153721 0.0717963 -0.0416168 0.0840909 -0.995589
0.662017 0.153807 0.071796 -0.054262 0.100228 -0.993484
0.662069 0.153892 0.0717958 -0.0533888 0.0981523 -0.993738
0.662121 0.153978 0.0717956 -0.0525157 0.0960767 -0.993988
0.662173 0.154063 0.0717954 -0.0516427 0.0940016 -0.994232
0.662225 0.154149 0.0717952 -0.0507698 0.0919269 -0.994471
0.662277 0.154234 0.071795 -0.0394484 0.079447 -0.996058
0.662329 0.154319 0.0717948 -0.0418861 0.0825605 -0.995705
0.662381 0.154405 0.0717946 -0.0443247 0.0856748 -0.995337
0.662433 0.15449 0.0717944 -0.0467642 0.0887897 -0.994952
0.662485 0.154576 0.0717942 -0.0492044 0.0919051 -0.994551
0.662537 0.154661 0.071794 -0.0516452 0.0950209 -0.994135
0.662588 0.154747 0.0717937 -0.0540866 0.0981368 -0.993702
0.66264 0.154832 0.0717935 -0.0565283 0.101253 -0.993253
0.662692 0.154918 0.0717933 -0.0589703 0.104369 -0.992789
0.662744 0.155003 0.0717931 -0.0614125 0.107484 -0.992308
0.662796 0.155089 0.0717929 -0.0638547 0.110599 -0.991812
0.662848 0.155174 0.0717927 -0.0662969 0.113714 -0.991299
0.6629 0.15526 0.0717925 -0.0687388 0.116828 -0.990771
0.662952 0.155345 0.0717923 -0.0711804 0.119941 -0.990226
0.663004 0.15543 0.0717921 -0.0736216 0.123053 -0.989665
0.663056 0.155516 0.0717919 -0.0760623 0.126164 -0.989089
0.663108 0.155601 0.0717917 -0.0785023 0.129274 -0.988497
0.66316 0.155687 0.0717914 -0.0809415 0.132382 -0.987888
0.663212 0.155772 0.0717912 -0.0833798 0.135488 -0.987264
0.663263 0.155858 0.071791 -0.0858171 0.138593 -0.986624
0.663315 0.155943 0.0717908 -0.0882532 0.141696 -0.985968
0.663367 0.156029 0.0717906 -0.0906881 0.144796 -0.985297
0.663419 0.156114 0.0717904 -0.0931217 0.147895 -0.984609
0.663471 0.1562 0.0717902 -0.0955537 0.150991 -0.983906
0.663523 0.156285 0.07179 -0.0979841 0.154085 -0.983187
0.663575 0.156371 0.0717898 -0.100413 0.157176 -0.982453
0.663627 0.156456 0.0717896 -0.10284 0.160264 -0.981702
0.663679 0.156541 0.0717894 -0.105265 0.163349 -0.980936
0.663731 0.156627 0.0717891 -0.107688 0.166431 -0.980155
0.663783 0.156712 0.0717889 -0.110108 0.16951 -0.979358
0.663835 0.156798 0.0717887 -0.112527 0.172586 -0.978546
0.663887 0.156883 0.0717885 -0.173884 0.193418 -0.965585
0.663939 0.156969 0.0717883 -0.18019 0.191408 -0.964829
0.66399 0.157054 0.0717881 -0.186521 0.18938 -0.964026
0.664042 0.15714 0.0717879 -0.192876 0.187332 -0.963175
0.664094 0.157225 0.0717877 -0.199254 0.185265 -0.962276
0.664146 0.157311 0.0717875 -0.205655 0.18318 -0.961328
0.664198 0.157396 0.0717873 -0.212079 0.181076 -0.96033
0.66425 0.157482 0.0717871 -0.218523 0.178953 -0.959283
0.664302 0.157567 0.0717868 -0.224987 0.176812 -0.958185
0.664354 0.157652 0.0717866 -0.231471 0.174652 -0.957036
0.664406 0.157738 0.0717864 -0.237973 0.172473 -0.955836
0.664458 0.157823 0.0717862 -0.244493 0.170277 -0.954583
0.66451 0.157909 0.071786 -0.251029 0.168062 -0.953278
0.664562 0.157994 0.0717858 -0.257582 0.16583 -0.95192
0.664614 0.15808 0.0717856 -0.264149 0.16358 -0.950509
0.664665 0.158165 0.0717854 -0.27073 0.161312 -0.949044
0.664717 0.158251 0.0717852 -0.277323 0.159027 -0.947524
0.664769 0.158336 0.071785 -0.283929 0.156725 -0.94595
0.664821 0.158422 0.0717848 -0.290545 0.154406 -0.944321
0.664873 0.158507 0.0717846 -0.294998 0.153834 -0.943033
0.664925 0.158593 0.0717843 -0.298415 0.154367 -0.94187
0.664977 0.158678 0.0717841 -0.301821 0.154898 -0.940697
0.665029 0.158763 0.0717839 -0.305216 0.155425 -0.939514
0.665081 0.158849 0.0717837 -0.3086 0.155949 -0.938321
0.665133 0.158934 0.0717835 -0.311972 0.15647 -0.937118
0.665185 0.15902 0.0717833 -0.315334 0.156988 -0.935906
0.665237 0.159105 0.0717831 -0.318683 0.157502 -0.934684
0.665289 0.159191 0.0717829 -0.322021 0.158014 -0.933453
0.665341 0.159276 0.0717827 -0.325348 0.158522 -0.932212
0.665392 0.159362 0.0717825 -0.328663 0.159027 -0.930962
0.665444 0.159447 0.0717823 -0.331966 0.159529 -0.929704
0.665496 0.159533 0.071782 -0.335258 0.160028 -0.928436
0.665548 0.159618 0.0717818 -0.338538 0.160524 -0.927159
0.6656 0.159704 0.0717816 -0.341805 0.161016 -0.925874
0.665652 0.159789 0.0717814 -0.345061 0.161505 -0.92458
0.665704 0.159874 0.0717812 -0.348305 0.161991 -0.923278
0.665756 0.15996 0.071781 -0.351536 0.162474 -0.921968
0.665808 0.160045 0.0717808 -0.354755 0.162954 -0.920649
0.66586 0.160131 0.0717806 -0.357963 0.163431 -0.919322
0.665912 0.160216 0.0717804 -0.361157 0.163904 -0.917987
0.665964 0.160302 0.0717802 -0.36434 0.164374 -0.916645
0.666016 0.160387 0.07178 -0.36751 0.164841 -0.915294
0.666067 0.160473 0.0717797 -0.370668 0.165305 -0.913936
0.666119 0.160558 0.0717795 -0.373813 0.165766 -0.912571
0.666171 0.160644 0.0717793 -0.376945 0.166223 -0.911198
0.666223 0.160729 0.0717791 -0.380065 0.166678 -0.909818
0.666275 0.160815 0.0717789 -0.383172 0.167129 -0.908431
0.666327 0.1609 0.0717787 -0.386267 0.167577 -0.907037
0.666379 0.160985 0.0717785 -0.389349 0.168022 -0.905636
0.666431 0.161071 0.0717783 -0.392418 0.168464 -0.904228
0.666483 0.161156 0.0717781 -0.395474 0.168902 -0.902813
0.666535 0.161242 0.0717779 -0.398518 0.169338 -0.901392
0.666587 0.161327 0.0717777 -0.401549 0.16977 -0.899965
0.666639 0.161413 0.0717774 -0.404566 0.170199 -0.898531
0.666691 0.161498 0.0717772 -0.407571 0.170625 -0.897091
0.666743 0.161584 0.071777 -0.410563 0.171048 -0.895645
0.666794 0.161669 0.0717768 -0.413542 0.171468 -0.894193
0.666846 0.161755 0.0717766 -0.416508 0.171885 -0.892736
0.666898 0.16184 0.0717764 -0.417647 0.172097 -0.892162
0.66695 0.161926 0.0717762 -0.415121 0.172971 -0.893172
0.667002 0.162011 0.071776 -0.413047 0.174309 -0.893873
0.667054 0.162096 0.0717758 -0.410973 0.175644 -0.894567
0.667106 0.162182 0.0717756 -0.4089 0.176975 -0.895255
0.667158 0.162267 0.0717754 -0.406827 0.178303 -0.895935
0.66721 0.162353 0.0717752 -0.404756 0.179628 -0.896608
0.667262 0.162438 0.0717749 -0.402686 0.180949 -0.897275
0.667314 0.162524 0.0717747 -0.400616 0.182267 -0.897934
0.667366 0.162609 0.0717745 -0.398548 0.183581 -0.898586
0.667418 0.162695 0.0717743 -0.396481 0.184891 -0.899232
0.667469 0.16278 0.0717741 -0.391865 0.187196 -0.900777
0.667521 0.162866 0.0717739 -0.39262 0.188487 -0.900179
0.667573 0.162951 0.0717737 -0.393373 0.189777 -0.899579
0.667625 0.163036 0.0717735 -0.394126 0.191066 -0.898976
0.667677 0.163122 0.0717733 -0.394878 0.192355 -0.898371
0.667729 0.163207 0.0717731 -0.395628 0.193643 -0.897764
0.667781 0.163293 0.0717729 -0.396378 0.194931 -0.897155
0.667833 0.163378 0.0717726 -0.397126 0.196218 -0.896543
0.667885 0.163464 0.0717724 -0.397873 0.197504 -0.895929
0.667937 0.163549 0.0717722 -0.398619 0.19879 -0.895313
0.667989 0.163635 0.071772 -0.399364 0.200075 -0.894694
0.668041 0.16372 0.0717718 -0.400108 0.201359 -0.894074
0.668093 0.163806 0.0717716 -0.400851 0.202642 -0.893451
0.668145 0.163891 0.0717714 -0.401592 0.203925 -0.892826
0.668196 0.163977 0.0717712 -0.402333 0.205207 -0.892199
0.668248 0.164062 0.071771 -0.403072 0.206488 -0.891569
0.6683 0.164147 0.0717708 -0.40381 0.207769 -0.890937
0.668352 0.164233 0.0717706 -0.404547 0.209049 -0.890304
0.668404 0.164318 0.0717703 -0.405283 0.210328 -0.889668
0.668456 0.164404 0.0717701 -0.406017 0.211606 -0.889029
0.668508 0.164489 0.0717699 -0.40675 0.212883 -0.888389
0.66856 0.164575 0.0717697 -0.407483 0.21416 -0.887746
0.668612 0.16466 0.0717695 -0.408214 0.215436 -0.887101
0.668664 0.164746 0.0717693 -0.408943 0.216711 -0.886455
0.668716 0.164831 0.0717691 -0.409672 0.217985 -0.885806
0.668768 0.164917 0.0717689 -0.410399 0.219259 -0.885154
0.66882 0.165002 0.0717687 -0.411125 0.220531 -0.884501
0.668871 0.165088 0.0717685 -0.41185 0.221803 -0.883845
0.668923 0.165173 0.0717683 -0.412574 0.223074 -0.883188
0.668975 0.165258 0.071768 -0.413296 0.224344 -0.882528
0.669027 0.165344 0.0717678 -0.414018 0.225613 -0.881866
0.669079 0.165429 0.0717676 -0.414738 0.226881 -0.881202
0.669131 0.165515 0.0717674 -0.415456 0.228149 -0.880536
0.669183 0.1656 0.0717672 -0.416174 0.229415 -0.879868
0.669235 0.165686 0.071767 -0.41689 0.230681 -0.879198
0.669287 0.165771 0.0717668 -0.417644 0.232132 -0.878458
0.669339 0.165857 0.0717666 -0.4189 0.235132 -0.877061
0.669391 0.165942 0.0717664 -0.420152 0.238129 -0.875652
0.669443 0.166028 0.0717662 -0.421398 0.241123 -0.874233
0.669495 0.166113 0.071766 -0.422639 0.244114 -0.872803
0.669547 0.166199 0.0717658 -0.423875 0.247101 -0.871362
0.669598 0.166284 0.0717655 -0.425105 0.250086 -0.86991
0.66965 0.166369 0.0717653 -0.42633 0.253067 -0.868447
0.669702 0.166455 0.0717651 -0.42755 0.256044 -0.866973
0.669754 0.16654 0.0717649 -0.428763 0.259018 -0.865489
0.669806 0.166626 0.0717647 -0.429972 0.261988 -0.863995
0.669858 0.166711 0.0717645 -0.431174 0.264954 -0.862489
0.66991 0.166797 0.0717643 -0.432371 0.267917 -0.860974
0.669962 0.166882 0.0717641 -0.433563 0.270875 -0.859448
0.670014 0.166968 0.0717639 -0.434748 0.273829 -0.857911
0.670066 0.167053 0.0717637 -0.435928 0.276779 -0.856365
0.670118 0.167139 0.0717635 -0.437102 0.279724 -0.854808
0.67017 0.167224 0.0717632 -0.43827 0.282665 -0.853241
0.670222 0.16731 0.071763 -0.439432 0.285601 -0.851664
0.670273 0.167395 0.0717628 -0.444872 0.284526 -0.849196
0.670325 0.16748 0.0717626 -0.450142 0.282755 -0.847008
0.670377 0.167566 0.0717624 -0.455389 0.280976 -0.844792
0.670429 0.167651 0.0717622 -0.460612 0.27919 -0.842549
0.670481 0.167737 0.071762 -0.462878 0.278278 -0.841609
0.670533 0.167822 0.0717618 -0.463178 0.277821 -0.841595
0.670585 0.167908 0.0717616 -0.463478 0.277364 -0.84158
0.670637 0.167993 0.0717614 -0.463777 0.276907 -0.841566
0.670689 0.168079 0.0717612 -0.464077 0.27645 -0.841551
0.670741 0.168164 0.0717609 -0.464376 0.275993 -0.841536
0.670793 0.16825 0.0717607 -0.464675 0.275535 -0.841521
0.670845 0.168335 0.0717605 -0.464974 0.275078 -0.841505
0.670897 0.168421 0.0717603 -0.465273 0.274621 -0.841489
0.670949 0.168506 0.0717601 -0.465572 0.274163 -0.841473
0.671 0.168591 0.0717599 -0.465922 0.274805 -0.84107
0.671052 0.168677 0.0717597 -0.466231 0.275528 -0.840662
0.671104 0.168762 0.0717595 -0.46654 0.276251 -0.840254
0.671156 0.168848 0.0717593 -0.466848 0.276974 -0.839844
0.671208 0.168933 0.0717591 -0.467156 0.277696 -0.839434
0.67126 0.169019 0.0717589 -0.467464 0.278419 -0.839024
0.671312 0.169104 0.0717586 -0.467771 0.279141 -0.838612
0.671364 0.16919 0.0717584 -0.468078 0.279863 -0.8382
0.671416 0.169275 0.0717582 -0.468384 0.280584 -0.837788
0.671468 0.169361 0.071758 -0.468691 0.281306 -0.837375
0.67152 0.169446 0.0717578 -0.468996 0.282027 -0.836961
0.671572 0.169532 0.0717576 -0.469302 0.282748 -0.836546
0.671624 0.169617 0.0717574 -0.469607 0.283469 -0.836131
0.671675 0.169702 0.0717572 -0.469912 0.28419 -0.835715
0.671727 0.169788 0.071757 -0.470216 0.284911 -0.835298
0.671779 0.169873 0.0717568 -0.47052 0.285631 -0.834881
0.671831 0.169959 0.0717566 -0.470824 0.286351 -0.834463
0.671883 0.170044 0.0717563 -0.471127 0.287071 -0.834044
0.671935 0.17013 0.0717561 -0.47143 0.287791 -0.833625
0.671987 0.170215 0.0717559 -0.471733 0.28851 -0.833205
0.672039 0.170301 0.0717557 -0.472035 0.28923 -0.832784
0.672091 0.170386 0.0717555 -0.472337 0.289949 -0.832363
0.672143 0.170472 0.0717553 -0.472638 0.290668 -0.831941
0.672195 0.170557 0.0717551 -0.472939 0.291386 -0.831518
0.672247 0.170643 0.0717549 -0.47324 0.292105 -0.831095
0.672299 0.170728 0.0717547 -0.47354 0.292823 -0.830671
0.672351 0.170813 0.0717545 -0.47384 0.293541 -0.830246
0.672402 0.170899 0.0717543 -0.47414 0.294259 -0.829821
0.672454 0.170984 0.0717541 -0.474439 0.294976 -0.829395
0.672506 0.17107 0.0717538 -0.474738 0.295694 -0.828969
0.672558 0.171155 0.0717536 -0.475037 0.296411 -0.828541
0.67261 0.171241 0.0717534 -0.475335 0.297128 -0.828113
0.672662 0.171326 0.0717532 -0.475633 0.297844 -0.827685
0.672714 0.171412 0.071753 -0.47593 0.298561 -0.827256
0.672766 0.171497 0.0717528 -0.476227 0.299277 -0.826826
0.672818 0.171583 0.0717526 -0.476524 0.299993 -0.826395
0.67287 0.171668 0.0717524 -0.47682 0.300708 -0.825964
0.672922 0.171754 0.0717522 -0.476943 0.300548 -0.825952
0.672974 0.171839 0.071752 -0.47703 0.300249 -0.82601
0.673026 0.171924 0.0717518 -0.477118 0.299949 -0.826069
0.673078 0.17201 0.0717515 -0.477205 0.299649 -0.826127
0.673129 0.172095 0.0717513 -0.477292 0.299349 -0.826185
0.673181 0.172181 0.0717511 -0.477379 0.299049 -0.826244
0.673233 0.172266 0.0717509 -0.477467 0.298749 -0.826302
0.673285 0.172352 0.0717507 -0.477554 0.298449 -0.82636
0.673337 0.172437 0.0717505 -0.477641 0.298149 -0.826418
0.673389 0.172523 0.0717503 -0.477728 0.297849 -0.826476
0.673441 0.172608 0.0717501 -0.477815 0.297549 -0.826533
0.673493 0.172694 0.0717499 -0.477902 0.297249 -0.826591
0.673545 0.172779 0.0717497 -0.477989 0.296949 -0.826649
0.673597 0.172865 0.0717495 -0.478075 0.296649 -0.826706
0.673649 0.17295 0.0717492 -0.478162 0.296348 -0.826764
0.673701 0.173035 0.071749 -0.478249 0.296048 -0.826821
0.673753 0.173121 0.0717488 -0.478336 0.295748 -0.826879
0.673804 0.173206 0.0717486 -0.478422 0.295448 -0.826936
0.673856 0.173292 0.0717484 -0.478509 0.295147 -0.826993
0.673908 0.173377 0.0717482 -0.478595 0.294847 -0.82705
0.67396 0.173463 0.071748 -0.478682 0.294547 -0.827107
0.674012 0.173548 0.0717478 -0.478768 0.294246 -0.827164
0.674064 0.173634 0.0717476 -0.478855 0.293946 -0.827221
0.674116 0.173719 0.0717474 -0.478941 0.293646 -0.827277
0.674168 0.173805 0.0717472 -0.479027 0.293345 -0.827334
0.67422 0.17389 0.0717469 -0.479114 0.293045 -0.82739
0.674272 0.173976 0.0717467 -0.4792 0.292744 -0.827447
0.674324 0.174061 0.0717465 -0.479286 0.292444 -0.827503
0.674376 0.174146 0.0717463 -0.479372 0.292143 -0.82756
0.674428 0.174232 0.0717461 -0.479458 0.291843 -0.827616
0.67448 0.174317 0.0717459 -0.479544 0.291542 -0.827672
0.674531 0.174403 0.0717457 -0.479923 0.291517 -0.827461
0.674583 0.174488 0.0717455 -0.480696 0.29185 -0.826895
0.674635 0.174574 0.0717453 -0.481469 0.292183 -0.826327
0.674687 0.174659 0.0717451 -0.482241 0.292516 -0.825759
0.674739 0.174745 0.0717449 -0.483013 0.292848 -0.82519
0.674791 0.17483 0.0717447 -0.483784 0.29318 -0.82462
0.674843 0.174916 0.0717444 -0.484556 0.293512 -0.824049
0.674895 0.175001 0.0717442 -0.485326 0.293844 -0.823477
0.674947 0.175087 0.071744 -0.486097 0.294175 -0.822904
0.674999 0.175172 0.0717438 -0.486867 0.294506 -0.82233
0.675051 0.175257 0.0717436 -0.487637 0.294837 -0.821755
0.675103 0.175343 0.0717434 -0.488406 0.295167 -0.821179
0.675155 0.175428 0.0717432 -0.489175 0.295498 -0.820603
0.675206 0.175514 0.071743 -0.489944 0.295828 -0.820025
0.675258 0.175599 0.0717428 -0.490712 0.296158 -0.819446
0.67531 0.175685 0.0717426 -0.49148 0.296487 -0.818867
0.675362 0.17577 0.0717424 -0.492247 0.296816 -0.818286
0.675414 0.175856 0.0717421 -0.493014 0.297146 -0.817705
0.675466 0.175941 0.0717419 -0.493781 0.297474 -0.817123
0.675518 0.176027 0.0717417 -0.493915 0.297946 -0.81687
0.67557 0.176112 0.0717415 -0.493347 0.298556 -0.81699
0.675622 0.176198 0.0717413 -0.492779 0.299166 -0.81711
0.675674 0.176283 0.0717411 -0.49221 0.299775 -0.81723
0.675726 0.176368 0.0717409 -0.491641 0.300384 -0.817348
0.675778 0.176454 0.0717407 -0.491071 0.300993 -0.817467
0.67583 0.176539 0.0717405 -0.490502 0.301602 -0.817584
0.675882 0.176625 0.0717403 -0.489931 0.302211 -0.817702
0.675933 0.17671 0.0717401 -0.489361 0.302819 -0.817818
0.675985 0.176796 0.0717398 -0.48879 0.303427 -0.817934
0.676037 0.176881 0.0717396 -0.488219 0.304035 -0.81805
0.676089 0.176967 0.0717394 -0.487647 0.304643 -0.818164
0.676141 0.177052 0.0717392 -0.487075 0.30525 -0.818279
0.676193 0.177138 0.071739 -0.486503 0.305858 -0.818392
0.676245 0.177223 0.0717388 -0.48593 0.306465 -0.818505
0.676297 0.177309 0.0717386 -0.485357 0.307072 -0.818618
0.676349 0.177394 0.0717384 -0.484784 0.307679 -0.81873
0.676401 0.177479 0.0717382 -0.48421 0.308285 -0.818841
0.676453 0.177565 0.071738 -0.483636 0.308891 -0.818952
0.676505 0.17765 0.0717378 -0.483061 0.309497 -0.819062
0.676557 0.177736 0.0717375 -0.482487 0.310103 -0.819172
0.676608 0.177821 0.0717373 -0.481912 0.310709 -0.819281
0.67666 0.177907 0.0717371 -0.481336 0.311314 -0.819389
0.676712 0.177992 0.0717369 -0.48076 0.31192 -0.819497
0.676764 0.178078 0.0717367 -0.480184 0.312525 -0.819605
0.676816 0.178163 0.0717365 -0.479608 0.313129 -0.819711
0.676868 0.178249 0.0717363 -0.479031 0.313734 -0.819817
0.67692 0.178334 0.0717361 -0.480018 0.313743 -0.819236
0.676972 0.17842 0.0717359 -0.481227 0.31356 -0.818597
0.677024 0.178505 0.0717357 -0.482434 0.313377 -0.817956
0.677076 0.17859 0.0717355 -0.48364 0.313194 -0.817314
0.677128 0.178676 0.0717352 -0.484846 0.313009 -0.81667
0.67718 0.178761 0.071735 -0.486051 0.312824 -0.816024
0.677232 0.178847 0.0717348 -0.487255 0.312639 -0.815377
0.677284 0.178932 0.0717346 -0.488458 0.312453 -0.814728
0.677335 0.179018 0.0717344 -0.48966 0.312266 -0.814078
0.677387 0.179103 0.0717342 -0.490862 0.312078 -0.813426
0.677439 0.179189 0.071734 -0.492062 0.31189 -0.812773
0.677491 0.179274 0.0717338 -0.493262 0.311702 -0.812117
0.677543 0.17936 0.0717336 -0.494461 0.311513 -0.811461
0.677595 0.179445 0.0717334 -0.495658 0.311323 -0.810803
0.677647 0.179531 0.0717332 -0.496855 0.311133 -0.810143
0.677699 0.179616 0.071733 -0.498051 0.310942 -0.809481
0.677751 0.179701 0.0717327 -0.499247 0.31075 -0.808818
0.677803 0.179787 0.0717325 -0.500441 0.310558 -0.808154
0.677855 0.179872 0.0717323 -0.501634 0.310365 -0.807488
0.677907 0.179958 0.0717321 -0.502826 0.310172 -0.80682
0.677959 0.180043 0.0717319 -0.504018 0.309978 -0.806151
0.67801 0.180129 0.0717317 -0.505208 0.309783 -0.805481
0.678062 0.180214 0.0717315 -0.506398 0.309588 -0.804808
0.678114 0.1803 0.0717313 -0.507586 0.309392 -0.804135
0.678166 0.180385 0.0717311 -0.508774 0.309196 -0.803459
0.678218 0.180471 0.0717309 -0.50996 0.308999 -0.802783
0.67827 0.180556 0.0717307 -0.511146 0.308802 -0.802104
0.678322 0.180642 0.0717304 -0.512331 0.308604 -0.801424
0.678278 0.180721 0.0717446 -0.510432 0.307554 -0.803038
0.678219 0.1808 0.071761 -0.50805 0.30637 -0.804999
0.678159 0.180879 0.0717774 -0.505736 0.30607 -0.806568
0.6781 0.180958 0.0717938 -0.503452 0.306488 -0.807837
0.678041 0.181037 0.0718102 -0.501164 0.306904 -0.809101
0.677982 0.181116 0.0718266 -0.498872 0.307319 -0.810359
0.677923 0.181195 0.0718429 -0.496575 0.307731 -0.811612
0.677863 0.181274 0.0718593 -0.494275 0.308141 -0.81286
0.677804 0.181353 0.0718757 -0.49197 0.30855 -0.814103
0.677745 0.181432 0.0718921 -0.489661 0.308956 -0.81534
0.677686 0.18151 0.0719085 -0.487347 0.30936 -0.816571
0.677627 0.181589 0.0719249 -0.48503 0.309762 -0.817798
0.677567 0.181668 0.0719413 -0.482709 0.310162 -0.819019
0.677508 0.181747 0.0719577 -0.480384 0.31056 -0.820234
0.677449 0.181826 0.0719741 -0.478055 0.310956 -0.821444
0.67739 0.181905 0.0719904 -0.475722 0.31135 -0.822648
0.677331 0.181984 0.0720068 -0.473385 0.311742 -0.823847
0.677271 0.182063 0.0720232 -0.471045 0.312131 -0.82504
0.677212 0.182142 0.0720396 -0.4687 0.312518 -0.826228
0.677153 0.182221 0.072056 -0.466352 0.312904 -0.82741
0.677094 0.1823 0.0720724 -0.464001 0.313287 -0.828586
0.677035 0.182378 0.0720888 -0.461646 0.313668 -0.829756
0.676975 0.182457 0.0721052 -0.459287 0.314046 -0.830921
0.676916 0.182536 0.0721216 -0.456925 0.314423 -0.83208
0.676857 0.182615 0.0721379 -0.45456 0.314797 -0.833234
0.676798 0.182694 0.0721543 -0.452191 0.315169 -0.834381
0.676739 0.182773 0.0721707 -0.449819 0.315539 -0.835523
0.676679 0.182852 0.0721871 -0.447443 0.315907 -0.836658
0.67662 0.182931 0.0722035 -0.445065 0.316272 -0.837788
0.676561 0.18301 0.0722199 -0.442683 0.316636 -0.838912
0.676502 0.183089 0.0722363 -0.440298 0.316997 -0.84003
0.676443 0.183168 0.0722527 -0.43791 0.317356 -0.841142
0.676383 0.183247 0.0722691 -0.435519 0.317712 -0.842248
0.676324 0.183325 0.0722854 -0.433125 0.318066 -0.843349
0.676265 0.183404 0.0723018 -0.430728 0.318418 -0.844443
0.676206 0.183483 0.0723182 -0.428328 0.318768 -0.845531
0.676147 0.183562 0.0723346 -0.425925 0.319116 -0.846613
0.676087 0.183641 0.072351 -0.42352 0.319461 -0.847689
0.676028 0.18372 0.0723674 0.455373 -0.43602 0.776222
0.675969 0.183799 0.0723838 0.455343 -0.437339 0.775498
0.67591 0.183878 0.0724002 0.455312 -0.438657 0.774771
0.675851 0.183957 0.0724166 0.45528 -0.439975 0.774043
0.675791 0.184036 0.0724329 0.455247 -0.441291 0.773312
0.675732 0.184115 0.0724493 0.455213 -0.442608 0.77258
0.675673 0.184193 0.0724657 0.455178 -0.443923 0.771846
0.675614 0.184272 0.0724821 0.455141 -0.445238 0.771109
0.675555 0.184351 0.0724985 0.455104 -0.446552 0.770371
0.675496 0.18443 0.0725149 0.455066 -0.447866 0.769631
0.675436 0.184509 0.0725313 0.455026 -0.449179 0.768888
0.675377 0.184588 0.0725477 0.454986 -0.450491 0.768144
0.675318 0.184667 0.0725641 0.454944 -0.451802 0.767398
0.675259 0.184746 0.0725804 0.454902 -0.453113 0.76665
0.6752 0.184825 0.0725968 0.452824 -0.451586 0.768779
0.67514 0.184904 0.0726132 0.449193 -0.447927 0.773038
0.675081 0.184983 0.0726296 0.44554 -0.444246 0.777264
0.675022 0.185061 0.072646 0.441865 -0.440543 0.781458
0.674963 0.18514 0.0726624 0.438169 -0.436819 0.785619
0.674904 0.185219 0.0726788 0.434452 -0.433075 0.789745
0.674844 0.185298 0.0726952 0.430715 -0.42931 0.793837
0.674785 0.185377 0.0727116 0.426958 -0.425525 0.797894
0.674726 0.185456 0.072728 0.423182 -0.421721 0.801915
0.674667 0.185535 0.0727443 0.419387 -0.417899 0.8059
0.674608 0.185614 0.0727607 0.415574 -0.414058 0.809848
0.674548 0.185693 0.0727771 0.411743 -0.4102 0.813759
0.674489 0.185772 0.0727935 0.407895 -0.406324 0.817632
0.67443 0.185851 0.0728099 0.40403 -0.402432 0.821467
0.674371 0.18593 0.0728263 0.400149 -0.398524 0.825263
0.674312 0.186008 0.0728427 0.396252 -0.3946 0.829021
0.674252 0.186087 0.0728591 0.39234 -0.390662 0.832738
0.674193 0.186166 0.0728755 0.388414 -0.386709 0.836415
0.674134 0.186245 0.0728918 0.384474 -0.382742 0.840052
0.674075 0.186324 0.0729082 0.380521 -0.378762 0.843649
0.674016 0.186403 0.0729246 0.376555 -0.374769 0.847204
0.673956 0.186482 0.072941 0.372577 -0.370765 0.850717
0.673897 0.186561 0.0729574 0.368587 -0.366748 0.854189
0.673838 0.18664 0.0729738 0.364586 -0.362721 0.857619
0.673779 0.186719 0.0729902 0.360575 -0.358684 0.861006
0.67372 0.186798 0.0730066 0.356553 -0.354637 0.864351
0.67366 0.186876 0.073023 0.352634 -0.350735 0.867545
0.673601 0.186955 0.0730393 0.351486 -0.350949 0.867924
0.673542 0.187034 0.0730557 0.350338 -0.351163 0.868302
0.673483 0.187113 0.0730721 0.349188 -0.351376 0.868679
0.673424 0.187192 0.0730885 0.348038 -0.351588 0.869054
0.673364 0.187271 0.0731049 0.346888 -0.3518 0.869428
0.673305 0.18735 0.0731213 0.345736 -0.352012 0.869801
0.673246 0.187429 0.0731377 0.344585 -0.352223 0.870173
0.673187 0.187508 0.0731541 0.343432 -0.352433 0.870543
0.673128 0.187587 0.0731705 0.342279 -0.352643 0.870912
0.673068 0.187666 0.0731868 0.341125 -0.352853 0.87128
0.673009 0.187745 0.0732032 0.339971 -0.353062 0.871647
0.67295 0.187823 0.0732196 0.338815 -0.35327 0.872012
0.672891 0.187902 0.073236 0.33766 -0.353478 0.872376
0.672832 0.187981 0.0732524 0.336503 -0.353685 0.872738
0.672772 0.18806 0.0732688 0.335347 -0.353892 0.8731
0.672713 0.188139 0.0732852 0.334189 -0.354098 0.87346
0.672654 0.188218 0.0733016 0.333031 -0.354304 0.873819
0.672595 0.188297 0.073318 0.331872 -0.354509 0.874176
0.672536 0.188376 0.0733343 0.330713 -0.354714 0.874532
0.672476 0.188455 0.0733507 0.329553 -0.354918 0.874887
0.672417 0.188534 0.0733671 0.328393 -0.355122 0.875241
0.672358 0.188613 0.0733835 0.327232 -0.355325 0.875593
0.672299 0.188691 0.0733999 0.326071 -0.355528 0.875944
0.67224 0.18877 0.0734163 0.324909 -0.35573 0.876294
0.67218 0.188849 0.0734327 0.323746 -0.355932 0.876642
0.672121 0.188928 0.0734491 0.322583 -0.356133 0.876989
0.672062 0.189007 0.0734655 0.321419 -0.356333 0.877335
0.672003 0.189086 0.0734818 0.320255 -0.356533 0.877679
0.671944 0.189165 0.0734982 0.31909 -0.356733 0.878022
0.671885 0.189244 0.0735146 0.317909 -0.356942 0.878366
0.671825 0.189323 0.073531 0.315989 -0.357056 0.879012
0.671766 0.189402 0.0735474 0.312999 -0.356848 0.880165
0.671707 0.189481 0.0735638 0.310008 -0.356636 0.881309
0.671648 0.18956 0.0735802 0.307016 -0.35642 0.882443
0.671589 0.189638 0.0735966 0.304023 -0.356201 0.883567
0.671529 0.189717 0.073613 0.301028 -0.355978 0.884681
0.67147 0.189796 0.0736293 0.298033 -0.355752 0.885786
0.671411 0.189875 0.0736457 0.295036 -0.355523 0.886881
0.671352 0.189954 0.0736621 0.292039 -0.35529 0.887965
0.671293 0.190033 0.0736785 0.289041 -0.355053 0.88904
0.671233 0.190112 0.0736949 0.286042 -0.354813 0.890105
0.671174 0.190191 0.0737113 0.283043 -0.35457 0.89116
0.671115 0.19027 0.0737277 0.280044 -0.354323 0.892206
0.671056 0.190349 0.0737441 0.277044 -0.354073 0.893241
0.670997 0.190428 0.0737605 0.274043 -0.353819 0.894266
0.670937 0.190506 0.0737769 0.271043 -0.353563 0.895282
0.670878 0.190585 0.0737932 0.268043 -0.353302 0.896287
0.670819 0.190664 0.0738096 0.266268 -0.352942 0.896958
0.67076 0.190743 0.073826 0.271461 -0.352478 0.895583
0.670701 0.190822 0.0738424 0.277658 -0.352044 0.893852
0.670641 0.190901 0.0738588 0.28385 -0.351594 0.892082
0.670582 0.19098 0.0738752 0.290036 -0.35113 0.890274
0.670523 0.191059 0.0738916 0.296215 -0.350651 0.888426
0.670464 0.191138 0.073908 0.302386 -0.350156 0.88654
0.670405 0.191217 0.0739244 0.308549 -0.349647 0.884615
0.670345 0.191296 0.0739407 0.314704 -0.349122 0.882652
0.670286 0.191374 0.0739571 0.320848 -0.348583 0.880651
0.670227 0.191453 0.0739735 0.326981 -0.348029 0.878612
0.670168 0.191532 0.0739899 0.333103 -0.34746 0.876535
0.670109 0.191611 0.0740063 0.339213 -0.346876 0.874421
0.670049 0.19169 0.0740227 0.34531 -0.346277 0.872269
0.66999 0.191769 0.0740391 0.351393 -0.345663 0.87008
0.669931 0.191848 0.0740555 0.357461 -0.345035 0.867855
0.669872 0.191927 0.0740719 0.363514 -0.344393 0.865593
0.669813 0.192006 0.0740882 0.36955 -0.343736 0.863295
0.669753 0.192085 0.0741046 0.37557 -0.343065 0.860961
0.669694 0.192164 0.074121 0.381572 -0.342379 0.858591
0.669635 0.192243 0.0741374 0.387556 -0.34168 0.856187
0.669576 0.192321 0.0741538 0.393521 -0.340966 0.853747
0.669517 0.1924 0.0741702 0.399465 -0.340238 0.851273
0.669457 0.192479 0.0741866 0.40539 -0.339497 0.848765
0.669398 0.192558 0.074203 0.411293 -0.338742 0.846223
0.669339 0.192637 0.0742194 0.417174 -0.337973 0.843647
0.66928 0.192716 0.0742357 0.423032 -0.337191 0.841039
0.669221 0.192795 0.0742521 0.428867 -0.336395 0.838398
0.669161 0.192874 0.0742685 0.434678 -0.335587 0.835725
0.669102 0.192953 0.0742849 0.440464 -0.334765 0.833021
0.669043 0.193032 0.0743013 0.446225 -0.333931 0.830285
0.668984 0.193111 0.0743177 0.45196 -0.333084 0.827519
0.668925 0.193189 0.0743341 0.457669 -0.332224 0.824722
0.668865 0.193268 0.0743505 0.463351 -0.331352 0.821895
0.668806 0.193347 0.0743669 0.469004 -0.330468 0.81904
0.668747 0.193426 0.0743832 0.47463 -0.329571 0.816155
0.668688 0.193505 0.0743996 0.478249 -0.329077 0.81424
0.668629 0.193584 0.074416 0.479584 -0.329072 0.813456
0.668569 0.193663 0.0744324 0.480918 -0.329067 0.81267
0.66851 0.193742 0.0744488 0.482251 -0.329061 0.811882
0.668451 0.193821 0.0744652 0.483582 -0.329053 0.811093
0.668392 0.1939 0.0744816 0.484912 -0.329046 0.810302
0.668333 0.193979 0.074498 0.486241 -0.329037 0.809509
0.668274 0.194058 0.0745144 0.484791 -0.327751 0.810899
0.668214 0.194136 0.0745307 0.48303 -0.326573 0.812424
0.668155 0.194215 0.0745471 0.481266 -0.325392 0.813943
0.668096 0.194294 0.0745635 0.479498 -0.324209 0.815457
0.668037 0.194373 0.0745799 0.477726 -0.323024 0.816966
0.667978 0.194452 0.0745963 0.475951 -0.321836 0.818469
0.667918 0.194531 0.0746127 0.474172 -0.320646 0.819968
0.667859 0.19461 0.0746291 0.47239 -0.319453 0.821461
0.6678 0.194689 0.0746455 0.470604 -0.318258 0.822948
0.667741 0.194768 0.0746619 0.468815 -0.31706 0.82443
0.667682 0.194847 0.0746782 0.467022 -0.31586 0.825907
0.667622 0.194926 0.0746946 0.465226 -0.314658 0.827379
0.667563 0.195004 0.074711 0.463426 -0.313454 0.828844
0.667504 0.195083 0.0747274 0.461623 -0.312247 0.830305
0.667445 0.195162 0.0747438 0.459817 -0.311038 0.831759
0.667386 0.195241 0.0747602 0.458007 -0.309827 0.833208
0.667326 0.19532 0.0747766 0.456195 -0.308614 0.834652
0.667267 0.195399 0.074793 0.454379 -0.307399 0.83609
0.667208 0.195478 0.0748094 0.45256 -0.306181 0.837522
0.667149 0.195557 0.0748258 0.450738 -0.304961 0.838948
0.66709 0.195636 0.0748421 0.448912 -0.30374 0.840369
0.66703 0.195715 0.0748585 0.447084 -0.302516 0.841784
0.666971 0.195794 0.0748749 0.445253 -0.30129 0.843193
0.666912 0.195872 0.0748913 0.443418 -0.300062 0.844596
0.666853 0.195951 0.0749077 0.441581 -0.298832 0.845994
0.666794 0.19603 0.0749241 0.439741 -0.297601 0.847385
0.666734 0.196109 0.0749405 0.437898 -0.296367 0.848771
0.666675 0.196188 0.0749569 0.436053 -0.295131 0.85015
0.666616 0.196267 0.0749733 0.434204 -0.293894 0.851524
0.666557 0.196346 0.0749896 0.432353 -0.292654 0.852892
0.666498 0.196425 0.075006 0.430499 -0.291413 0.854254
0.666438 0.196504 0.0750224 0.428642 -0.29017 0.855609
0.666379 0.196583 0.0750388 0.42693 -0.288939 0.856881
0.66632 0.196662 0.0750552 0.425236 -0.287774 0.858115
0.666261 0.196741 0.0750716 0.423535 -0.286618 0.859342
0.666202 0.196819 0.075088 0.421832 -0.28546 0.860564
0.666142 0.196898 0.0751044 0.395883 -0.266794 0.878691
0.666083 0.196977 0.0751208 0.393745 -0.265162 0.880144
0.666024 0.197056 0.0751371 0.391601 -0.263528 0.88159
0.665965 0.197135 0.0751535 0.389454 -0.26189 0.883029
0.665906 0.197214 0.0751699 0.387301 -0.260249 0.884459
0.665846 0.197293 0.0751863 0.385145 -0.258605 0.885882
0.665787 0.197372 0.0752027 0.382984 -0.256958 0.887297
0.665728 0.197451 0.0752191 0.380818 -0.255308 0.888704
0.665669 0.19753 0.0752355 0.378649 -0.253655 0.890103
0.66561 0.197609 0.0752519 0.376475 -0.251999 0.891495
0.66555 0.197687 0.0752683 0.374298 -0.250341 0.892878
0.665491 0.197766 0.0752846 0.372116 -0.248679 0.894253
0.665432 0.197845 0.075301 0.36993 -0.247015 0.89562
0.665373 0.197924 0.0753174 0.36774 -0.245349 0.896979
0.665314 0.198003 0.0753338 0.365547 -0.24368 0.898329
0.665254 0.198082 0.0753502 0.363349 -0.242008 0.899672
0.665195 0.198161 0.0753666 0.361148 -0.240333 0.901006
0.665136 0.19824 0.075383 0.358943 -0.238657 0.902332
0.665077 0.198319 0.0753994 0.356735 -0.236977 0.903649
0.665018 0.198398 0.0754158 0.354523 -0.235296 0.904958
0.664958 0.198477 0.0754321 0.352307 -0.233612 0.906259
0.664899 0.198556 0.0754485 0.350089 -0.231925 0.907551
0.66484 0.198634 0.0754649 0.347866 -0.230237 0.908834
0.664781 0.198713 0.0754813 0.345641 -0.228546 0.910109
0.664722 0.198792 0.0754977 0.343412 -0.226853 0.911376
0.664663 0.198871 0.0755141 0.34118 -0.225158 0.912634
0.664603 0.19895 0.0755305 0.338944 -0.223461 0.913883
0.664544 0.199029 0.0755469 0.336706 -0.221762 0.915123
0.664485 0.199108 0.0755633 0.334465 -0.220061 0.916355
0.664426 0.199187 0.0755796 0.332221 -0.218358 0.917578
0.664367 0.199266 0.075596 0.329973 -0.216654 0.918792
0.664307 0.199345 0.0756124 0.327724 -0.214947 0.919997
0.664248 0.199424 0.0756288 0.325471 -0.213239 0.921194
0.664189 0.199502 0.0756452 0.323216 -0.211529 0.922381
0.66413 0.199581 0.0756616 0.320958 -0.209817 0.92356
0.664071 0.19966 0.075678 0.318697 -0.208104 0.92473
0.664011 0.199739 0.0756944 0.316434 -0.206389 0.92589
0.663952 0.199818 0.0757108 0.314169 -0.204672 0.927042
0.663893 0.199897 0.0757271 0.311901 -0.202955 0.928185
0.663834 0.199976 0.0757435 0.309631 -0.201235 0.929318
0.663775 0.200055 0.0757599 0.307359 -0.199515 0.930443
0.663715 0.200134 0.0757763 0.305085 -0.197793 0.931559
0.663656 0.200213 0.0757927 0.302808 -0.196069 0.932665
0.663597 0.200292 0.0758091 0.30053 -0.194345 0.933762
0.663538 0.20037 0.0758255 0.29825 -0.192619 0.93485
0.663479 0.200449 0.0758419 0.295967 -0.190893 0.935929
0.663419 0.200528 0.0758583 0.293683 -0.189165 0.936999
0.66336 0.200607 0.0758747 0.271874 -0.179505 0.945443
0.663301 0.200686 0.075891 0.27128 -0.178715 0.945763
0.663242 0.200765 0.0759074 0.270817 -0.177887 0.946052
0.663183 0.200844 0.0759238 0.270353 -0.177059 0.94634
0.663123 0.200923 0.0759402 0.269532 -0.175403 0.946883
0.663064 0.201002 0.0759566 0.26865 -0.173608 0.947464
0.663005 0.201081 0.075973 0.267767 -0.171813 0.948041
0.662946 0.20116 0.0759894 0.266883 -0.170017 0.948614
0.662887 0.201239 0.0760058 0.265997 -0.16822 0.949183
0.662827 0.201317 0.0760222 0.265111 -0.166421 0.949748
0.662768 0.201396 0.0760385 0.264223 -0.164622 0.950308
0.662709 0.201475 0.0760549 0.263333 -0.162822 0.950865
0.66265 0.201554 0.0760713 0.262443 -0.161022 0.951418
0.662591 0.201633 0.0760877 0.261551 -0.15922 0.951966
0.662531 0.201712 0.0761041 0.260658 -0.157417 0.952511
0.662472 0.201791 0.0761205 0.259764 -0.155614 0.953051
0.662413 0.20187 0.0761369 0.258869 -0.15381 0.953588
0.662354 0.201949 0.0761533 0.257973 -0.152005 0.95412
0.662295 0.202028 0.0761697 0.257075 -0.1502 0.954648
0.662235 0.202107 0.076186 0.256177 -0.148394 0.955172
0.662176 0.202185 0.0762024 0.255277 -0.146587 0.955691
0.662117 0.202264 0.0762188 0.254376 -0.14478 0.956207
0.662058 0.202343 0.0762352 0.253474 -0.142972 0.956718
0.661999 0.202422 0.0762516 0.252571 -0.141163 0.957226
0.661939 0.202501 0.076268 0.251667 -0.139354 0.957729
0.66188 0.20258 0.0762844 0.250762 -0.137544 0.958228
0.661821 0.202659 0.0763008 0.249856 -0.135734 0.958722
0.661762 0.202738 0.0763172 0.248948 -0.133923 0.959213
0.661703 0.202817 0.0763335 0.24804 -0.132112 0.959699
0.661643 0.202896 0.0763499 0.247205 -0.130494 0.960136
0.661584 0.202975 0.0763663 0.246269 -0.128731 0.960614
0.661525 0.203054 0.0763827 0.245332 -0.126968 0.961089
0.661466 0.203132 0.0763991 0.244394 -0.125204 0.961559
0.661407 0.203211 0.0764155 0.243455 -0.12344 0.962025
0.661347 0.20329 0.0764319 0.242516 -0.121675 0.962487
0.661288 0.203369 0.0764483 0.241575 -0.11991 0.962945
0.661229 0.203448 0.0764647 0.240634 -0.118145 0.963399
0.66117 0.203527 0.076481 0.239691 -0.11638 0.963848
0.661111 0.203606 0.0764974 0.238748 -0.114614 0.964294
0.661052 0.203685 0.0765138 0.237804 -0.112849 0.964735
0.660992 0.203764 0.0765302 0.231248 -0.102414 0.967489
0.660933 0.203843 0.0765466 0.230802 -0.102122 0.967627
0.660874 0.203922 0.076563 0.230356 -0.101829 0.967764
0.660815 0.204 0.0765794 0.22991 -0.101536 0.967901
0.660756 0.204079 0.0765958 0.229463 -0.101243 0.968037
0.660696 0.204158 0.0766122 0.229017 -0.10095 0.968174
0.660637 0.204237 0.0766285 0.22857 -0.100657 0.96831
0.660578 0.204316 0.0766449 0.228124 -0.100364 0.968445
0.660519 0.204395 0.0766613 0.227677 -0.100071 0.968581
0.66046 0.204474 0.0766777 0.227231 -0.0997774 0.968716
0.6604 0.204553 0.0766941 0.226784 -0.0994842 0.968851
0.660341 0.204632 0.0767105 0.226337 -0.099191 0.968985
0.660282 0.204711 0.0767269 0.22589 -0.0988978 0.96912
0.660223 0.20479 0.0767433 0.225443 -0.0986045 0.969254
0.660164 0.204868 0.0767597 0.224996 -0.0983112 0.969387
0.660104 0.204947 0.076776 0.224549 -0.0980179 0.969521
0.660045 0.205026 0.0767924 0.224102 -0.0977245 0.969654
0.659986 0.205105 0.0768088 0.223655 -0.0974311 0.969786
0.659927 0.205184 0.0768252 0.223207 -0.0971377 0.969919
0.659868 0.205263 0.0768416 0.22276 -0.0968443 0.970051
0.659808 0.205342 0.076858 0.222312 -0.0965508 0.970183
0.659749 0.205421 0.0768744 0.221865 -0.0962573 0.970315
0.65969 0.2055 0.0768908 0.221417 -0.0959638 0.970446
0.659631 0.205579 0.0769072 0.22097 -0.0956702 0.970577
0.659572 0.205658 0.0769236 0.220522 -0.0953766 0.970708
0.659512 0.205737 0.0769399 0.220074 -0.095083 0.970838
0.659453 0.205815 0.0769563 0.219626 -0.0947893 0.970968
0.659394 0.205894 0.0769727 0.219178 -0.0944957 0.971098
0.659335 0.205973 0.0769891 0.21873 -0.094202 0.971228
0.659276 0.206052 0.0770055 0.218381 -0.0939411 0.971332
0.659216 0.206131 0.0770219 0.218222 -0.0937442 0.971386
0.659157 0.20621 0.0770383 0.218063 -0.0935473 0.971441
0.659098 0.206289 0.0770547 0.217903 -0.0933504 0.971496
0.659039 0.206368 0.0770711 0.217744 -0.0931535 0.97155
0.65898 0.206447 0.0770874 0.217585 -0.0929566 0.971605
0.65892 0.206526 0.0771038 0.217426 -0.0927596 0.971659
0.658861 0.206605 0.0771202 0.217267 -0.0925627 0.971714
0.658802 0.206683 0.0771366 0.217108 -0.0923657 0.971768
0.658743 0.206762 0.077153 0.216563 -0.0953867 0.971598
0.658684 0.206841 0.0771694 0.216005 -0.0985029 0.971411
0.658624 0.20692 0.0771858 0.215444 -0.10162 0.971214
0.658565 0.206999 0.0772022 0.21488 -0.104737 0.971008
0.658506 0.207078 0.0772186 0.214314 -0.107854 0.970792
0.658447 0.207157 0.0772349 0.213746 -0.110971 0.970566
0.658388 0.207236 0.0772513 0.213176 -0.114089 0.97033
0.658328 0.207315 0.0772677 0.212695 -0.116186 0.970186
0.658269 0.207394 0.0772841 0.212252 -0.117373 0.970141
0.65821 0.207473 0.0773005 0.211808 -0.11856 0.970093
0.658151 0.207552 0.0773169 0.211364 -0.119746 0.970044
0.658092 0.20763 0.0773333 0.210919 -0.120933 0.969994
0.658032 0.207709 0.0773497 0.210474 -0.12212 0.969942
0.657973 0.207788 0.0773661 0.210029 -0.123306 0.969888
0.657914 0.207867 0.0773824 0.209583 -0.124493 0.969833
0.657855 0.207946 0.0773988 0.209137 -0.125679 0.969777
0.657796 0.208025 0.0774152 0.20869 -0.126865 0.969718
0.657736 0.208104 0.0774316 0.208243 -0.128051 0.969659
0.657677 0.208183 0.077448 0.207796 -0.129237 0.969597
0.657618 0.208262 0.0774644 0.207348 -0.130423 0.969534
0.657559 0.208341 0.0774808 0.2069 -0.131608 0.96947
0.6575 0.20842 0.0774972 0.206452 -0.132794 0.969404
0.657441 0.208498 0.0775136 0.206003 -0.133979 0.969336
0.657381 0.208577 0.0775299 0.205554 -0.135164 0.969267
0.657322 0.208656 0.0775463 0.205105 -0.136349 0.969196
0.657263 0.208735 0.0775627 0.204655 -0.137534 0.969124
0.657204 0.208814 0.0775791 0.204205 -0.138719 0.96905
0.657145 0.208893 0.0775955 0.203755 -0.139903 0.968974
0.657085 0.208972 0.0776119 0.203304 -0.141087 0.968897
0.657026 0.209051 0.0776283 0.202853 -0.142271 0.968819
0.656967 0.20913 0.0776447 0.202401 -0.143455 0.968739
0.656908 0.209209 0.0776611 0.20195 -0.144639 0.968657
0.656849 0.209288 0.0776774 0.201497 -0.145822 0.968574
0.656789 0.209366 0.0776938 0.201045 -0.147006 0.968489
0.65673 0.209445 0.0777102 0.200592 -0.148189 0.968402
0.656671 0.209524 0.0777266 0.200139 -0.149371 0.968314
0.656612 0.209603 0.077743 0.199686 -0.150554 0.968225
0.656553 0.209682 0.0777594 0.199232 -0.151736 0.968134
0.656493 0.209761 0.0777758 0.198778 -0.152918 0.968041
0.656434 0.20984 0.0777922 0.179725 -0.157614 0.971008
0.656375 0.209919 0.0778086 0.176818 -0.155242 0.971924
0.656316 0.209998 0.0778249 0.173907 -0.152867 0.972825
0.656257 0.210077 0.0778413 0.170992 -0.150489 0.973712
0.656197 0.210156 0.0778577 0.168075 -0.148108 0.974584
0.656138 0.210235 0.0778741 0.165154 -0.145725 0.975443
0.656079 0.210313 0.0778905 0.16223 -0.143339 0.976286
0.65602 0.210392 0.0779069 0.159304 -0.140951 0.977116
0.655961 0.210471 0.0779233 0.156375 -0.13856 0.97793
0.655901 0.21055 0.0779397 0.153444 -0.136168 0.978731
0.655842 0.210629 0.0779561 0.15051 -0.133773 0.979516
0.655783 0.210708 0.0779725 0.147573 -0.131376 0.980287
0.655724 0.210787 0.0779888 0.144635 -0.128977 0.981043
0.655665 0.210866 0.0780052 0.141695 -0.126576 0.981785
0.655605 0.210945 0.0780216 0.138752 -0.124174 0.982511
0.655546 0.211024 0.078038 0.135808 -0.12177 0.983223
0.655487 0.211103 0.0780544 0.132863 -0.119364 0.983921
0.655428 0.211181 0.0780708 0.129916 -0.116957 0.984603
0.655369 0.21126 0.0780872 0.126967 -0.114549 0.98527
0.655309 0.211339 0.0781036 0.124017 -0.11214 0.985923
0.65525 0.211418 0.07812 0.121067 -0.10973 0.986561
0.655191 0.211497 0.0781363 0.118115 -0.107318 0.987184
0.655132 0.211576 0.0781527 0.115162 -0.104906 0.987792
0.655073 0.211655 0.0781691 0.112209 -0.102494 0.988385
0.655013 0.211734 0.0781855 0.109256 -0.10008 0.988963
0.654954 0.211813 0.0782019 0.106301 -0.0976664 0.989526
0.654895 0.211892 0.0782183 0.104258 -0.0949343 0.990009
0.654836 0.211971 0.0782347 0.103804 -0.0940196 0.990144
0.654777 0.21205 0.0782511 0.103351 -0.0931048 0.990278
0.654717 0.212128 0.0782675 0.102897 -0.09219 0.990411
0.654658 0.212207 0.0782838 0.102442 -0.0912751 0.990542
0.654599 0.212286 0.0783002 0.101988 -0.0903601 0.990673
0.65454 0.212365 0.0783166 0.101534 -0.089445 0.990803
0.654481 0.212444 0.078333 0.10108 -0.0885299 0.990932
0.654421 0.212523 0.0783494 0.100625 -0.0876148 0.991059
0.654362 0.212602 0.0783658 0.100171 -0.0866995 0.991186
0.654303 0.212681 0.0783822 0.099716 -0.0857843 0.991311
0.654244 0.21276 0.0783986 0.0992613 -0.0848689 0.991436
0.654185 0.212839 0.078415 0.0988065 -0.0839536 0.991559
0.654125 0.212918 0.0784313 0.0983516 -0.0830381 0.991681
0.654066 0.212996 0.0784477 0.0978966 -0.0821227 0.991802
0.654007 0.213075 0.0784641 0.0974416 -0.0812072 0.991923
0.653948 0.213154 0.0784805 0.0969864 -0.0802917 0.992042
0.653889 0.213233 0.0784969 0.0965312 -0.0793761 0.99216
0.65383 0.213312 0.0785133 0.0962178 -0.0785081 0.992259
0.65377 0.213391 0.0785297 0.097532 -0.078186 0.992156
0.653711 0.21347 0.0785461 0.098846 -0.0778638 0.992052
0.653652 0.213549 0.0785625 0.10016 -0.0775414 0.991945
0.653593 0.213628 0.0785788 0.101474 -0.0772188 0.991837
0.653534 0.213707 0.0785952 0.102787 -0.0768961 0.991727
0.653474 0.213786 0.0786116 0.104789 -0.0772464 0.99149
0.653415 0.213864 0.078628 0.107286 -0.0780825 0.991157
0.653356 0.213943 0.0786444 0.109783 -0.078918 0.990818
0.653297 0.214022 0.0786608 0.112279 -0.079753 0.990471
0.653238 0.214101 0.0786772 0.114775 -0.0805874 0.990117
0.653178 0.21418 0.0786936 0.117269 -0.0814212 0.989757
0.653119 0.214259 0.07871 0.119762 -0.0822544 0.989389
0.65306 0.214338 0.0787263 0.122255 -0.083087 0.989015
0.653001 0.214417 0.0787427 0.124746 -0.0839189 0.988633
0.652942 0.214496 0.0787591 0.127236 -0.0847502 0.988245
0.652882 0.214575 0.0787755 0.129725 -0.0855807 0.98785
0.652823 0.214654 0.0787919 0.132213 -0.0864106 0.987448
0.652764 0.214733 0.0788083 0.1347 -0.0872398 0.987039
0.652705 0.214811 0.0788247 0.137185 -0.0880682 0.986623
0.652646 0.21489 0.0788411 0.139669 -0.0888959 0.9862
0.652586 0.214969 0.0788575 0.142152 -0.0897228 0.98577
0.652527 0.215048 0.0788738 0.144633 -0.0905489 0.985334
0.652468 0.215127 0.0788902 0.147113 -0.0913742 0.98489
0.652409 0.215206 0.0789066 0.149591 -0.0921987 0.98444
0.65235 0.215285 0.078923 0.152067 -0.0930224 0.983983
0.65229 0.215364 0.0789394 0.154542 -0.0938452 0.983519
0.652231 0.215443 0.0789558 0.157015 -0.0946671 0.983049
0.652172 0.215522 0.0789722 0.159486 -0.0954882 0.982571
0.652113 0.215601 0.0789886 0.162873 -0.0934449 0.982212
0.652054 0.215679 0.079005 0.161017 -0.0930463 0.982556
0.651994 0.215758 0.0790214 0.15916 -0.0926472 0.982896
0.651935 0.215837 0.0790377 0.157302 -0.0922478 0.983233
0.651876 0.215916 0.0790541 0.155443 -0.091848 0.983566
0.651817 0.215995 0.0790705 0.153584 -0.0914478 0.983895
0.651758 0.216074 0.0790869 0.151723 -0.0910472 0.984221
0.651698 0.216153 0.0791033 0.149862 -0.0906462 0.984543
0.651639 0.216232 0.0791197 0.148 -0.0902448 0.984861
0.65158 0.216311 0.0791361 0.146594 -0.089652 0.985126
0.651521 0.21639 0.0791525 0.145925 -0.0887512 0.985307
0.651462 0.216469 0.0791689 0.14474 -0.0879239 0.985555
0.651402 0.216548 0.0791852 0.143281 -0.0871358 0.985839
0.651343 0.216626 0.0792016 0.141821 -0.0863474 0.986119
0.651284 0.216705 0.079218 0.14036 -0.0855587 0.986397
0.651225 0.216784 0.0792344 0.138899 -0.0847698 0.986672
0.651166 0.216863 0.0792508 0.137438 -0.0839807 0.986944
0.651106 0.216942 0.0792672 0.135977 -0.0831913 0.987213
0.651047 0.217021 0.0792836 0.134515 -0.0824017 0.987479
0.650988 0.2171 0.0793 0.133052 -0.0816119 0.987743
0.650929 0.217179 0.0793164 0.13159 -0.0808219 0.988004
0.65087 0.217258 0.0793327 0.130127 -0.0800317 0.988262
0.65081 0.217337 0.0793491 0.128664 -0.0792413 0.988517
0.650751 0.217416 0.0793655 0.1272 -0.0784507 0.98877
0.650692 0.217494 0.0793819 0.125736 -0.0776599 0.989019
0.650633 0.217573 0.0793983 0.124272 -0.0768689 0.989266
0.650574 0.217652 0.0794147 0.122808 -0.0760778 0.98951
0.650514 0.217731 0.0794311 0.121343 -0.0752865 0.989751
0.650455 0.21781 0.0794475 0.119878 -0.0744951 0.98999
0.650396 0.217889 0.0794639 0.118413 -0.0737035 0.990225
0.650337 0.217968 0.0794802 0.116948 -0.0729118 0.990458
0.650278 0.218047 0.0794966 0.115482 -0.0721199 0.990688
0.650219 0.218126 0.079513 0.114017 -0.0713279 0.990915
0.650159 0.218205 0.0795294 0.112551 -0.0705358 0.991139
0.6501 0.218284 0.0795458 0.111085 -0.0697436 0.991361
0.650041 0.218362 0.0795622 0.109618 -0.0689513 0.991579
0.649982 0.218441 0.0795786 0.108152 -0.0681589 0.991795
0.649923 0.21852 0.079595 0.106686 -0.0673663 0.992008
0.649863 0.218599 0.0796114 0.105219 -0.0665737 0.992218
0.649804 0.218678 0.0796277 0.103753 -0.065781 0.992425
0.649745 0.218757 0.0796441 0.0985507 -0.0596609 0.993342
0.649686 0.218836 0.0796605 0.0982056 -0.0590032 0.993415
0.649627 0.218915 0.0796769 0.0978604 -0.0583455 0.993488
0.649567 0.218994 0.0796933 0.0975152 -0.0576877 0.993561
0.649508 0.219073 0.0797097 0.0971699 -0.0570298 0.993633
0.649449 0.219152 0.0797261 0.0968245 -0.056372 0.993704
0.64939 0.219231 0.0797425 0.0964791 -0.0557141 0.993774
0.649331 0.219309 0.0797589 0.0961337 -0.0550562 0.993845
0.649271 0.219388 0.0797752 0.0957882 -0.0543983 0.993914
0.649212 0.219467 0.0797916 0.0954426 -0.0537403 0.993983
0.649153 0.219546 0.079808 0.095097 -0.0530823 0.994052
0.649094 0.219625 0.0798244 0.0947514 -0.0524243 0.99412
0.649035 0.219704 0.0798408 0.0944057 -0.0517662 0.994187
0.648975 0.219783 0.0798572 0.0940599 -0.0511082 0.994254
0.648916 0.219862 0.0798736 0.0937141 -0.0504501 0.99432
0.648857 0.219941 0.07989 0.0933682 -0.049792 0.994386
0.648798 0.22002 0.0799064 0.0930223 -0.0491339 0.994451
0.648739 0.220099 0.0799227 0.0926764 -0.0484757 0.994516
0.648679 0.220177 0.0799391 0.0923304 -0.0478175 0.99458
0.64862 0.220256 0.0799555 0.0919843 -0.0471594 0.994643
0.648561 0.220335 0.0799719 0.0916383 -0.0465012 0.994706
0.648502 0.220414 0.0799883 0.0912921 -0.045843 0.994768
0.648443 0.220493 0.0800047 0.0909459 -0.0451847 0.99483
0.648383 0.220572 0.0800211 0.0905997 -0.0445265 0.994891
0.648324 0.220651 0.0800375 0.0902535 -0.0438683 0.994952
0.648265 0.22073 0.0800539 0.0899072 -0.04321 0.995012
0.648206 0.220809 0.0800703 0.0895608 -0.0425518 0.995072
0.648147 0.220888 0.0800866 0.0892144 -0.0418935 0.995131
0.648087 0.220967 0.080103 0.088868 -0.0412352 0.995189
0.648028 0.221046 0.0801194 0.0885215 -0.0405769 0.995247
0.647969 0.221124 0.0801358 0.088175 -0.0399187 0.995305
0.64791 0.221203 0.0801522 0.0878285 -0.0392604 0.995362
0.647851 0.221282 0.0801686 0.0874819 -0.0386021 0.995418
0.647791 0.221361 0.080185 0.0871353 -0.0379438 0.995474
0.647732 0.22144 0.0802014 0.0867886 -0.0372855 0.995529
0.647673 0.221519 0.0802178 0.0864419 -0.0366272 0.995583
0.647614 0.221598 0.0802341 0.0844267 -0.0333908 0.99587
0.647555 0.221677 0.0802505 0.0838609 -0.0325457 0.995946
0.647495 0.221756 0.0802669 0.0832951 -0.0317006 0.996021
0.647436 0.221835 0.0802833 0.0826087 -0.0308271 0.996105
0.647377 0.221914 0.0802997 0.0813801 -0.0298266 0.996237
0.647318 0.221992 0.0803161 0.0801513 -0.028826 0.996366
0.647259 0.222071 0.0803325 0.0789221 -0.0278252 0.996492
0.647199 0.22215 0.0803489 0.0776926 -0.0268242 0.996616
0.64714 0.222229 0.0803653 0.0764629 -0.0258232 0.996738
0.647081 0.222308 0.0803816 0.0752329 -0.0248219 0.996857
0.647022 0.222387 0.080398 0.0740026 -0.0238206 0.996974
0.646963 0.222466 0.0804144 0.072772 -0.0228191 0.997088
0.646903 0.222545 0.0804308 0.0715412 -0.0218176 0.997199
0.646844 0.222624 0.0804472 0.0703102 -0.0208159 0.997308
0.646785 0.222703 0.0804636 0.0690789 -0.0198142 0.997414
0.646726 0.222782 0.08048 0.0678474 -0.0188123 0.997518
0.646667 0.22286 0.0804964 0.0666157 -0.0178104 0.99762
0.646608 0.222939 0.0805128 0.0653838 -0.0168084 0.997719
0.646548 0.223018 0.0805291 0.0641517 -0.0158063 0.997815
0.646489 0.223097 0.0805455 0.0629194 -0.0148042 0.997909
0.64643 0.223176 0.0805619 0.061687 -0.013802 0.998
0.646371 0.223255 0.0805783 0.0604544 -0.0127998 0.998089
0.646312 0.223334 0.0805947 0.0592216 -0.0117976 0.998175
0.646252 0.223413 0.0806111 0.0579887 -0.0107953 0.998259
0.646193 0.223492 0.0806275 0.0567557 -0.009793 0.99834
0.646134 0.223571 0.0806439 0.0555225 -0.0087907 0.998419
0.646075 0.22365 0.0806603 0.0542892 -0.00778839 0.998495
0.646016 0.223729 0.0806766 0.0530558 -0.00678609 0.998568
0.645956 0.223807 0.080693 0.0518223 -0.0057838 0.99864
0.645897 0.223886 0.0807094 0.0505887 -0.00478153 0.998708
0.645838 0.223965 0.0807258 0.049355 -0.00377929 0.998774
0.645779 0.224044 0.0807422 0.0481213 -0.00277709 0.998838
0.64572 0.224123 0.0807586 0.0468875 -0.00177492 0.998899
0.64566 0.224202 0.080775 0.0456536 -0.000772809 0.998957
0.645601 0.224281 0.0807914 0.0444198 0.000229247 0.999013
0.645542 0.22436 0.0808078 0.0431858 0.00123124 0.999066
0.645483 0.224439 0.0808241 0.0419519 0.00223316 0.999117
0.645424 0.224518 0.0808405 0.0407179 0.003235 0.999165
0.645364 0.224597 0.0808569 0.0322532 0.00855145 0.999443
0.645305 0.224675 0.0808733 0.0315883 0.00900843 0.99946
0.645246 0.224754 0.0808897 0.0309234 0.00946541 0.999477
0.645187 0.224833 0.0809061 0.0302585 0.00992241 0.999493
0.645128 0.224912 0.0809225 0.0295935 0.0103794 0.999508
0.645068 0.224991 0.0809389 0.0289285 0.0108364 0.999523
0.645009 0.22507 0.0809553 0.0282634 0.0112934 0.999537
0.64495 0.225149 0.0809716 0.0275983 0.0117504 0.99955
0.644891 0.225228 0.080988 0.0269332 0.0122075 0.999563
0.644832 0.225307 0.0810044 0.026268 0.0126645 0.999575
0.644772 0.225386 0.0810208 0.0256028 0.0131215 0.999586
0.644713 0.225465 0.0810372 0.0249376 0.0135785 0.999597
0.644654 0.225544 0.0810536 0.0242723 0.0140356 0.999607
0.644595 0.225622 0.08107 0.023607 0.0144926 0.999616
0.644536 0.225701 0.0810864 0.0229417 0.0149496 0.999625
0.644476 0.22578 0.0811028 0.0222764 0.0154066 0.999633
0.644417 0.225859 0.0811192 0.021611 0.0158636 0.999641
0.644358 0.225938 0.0811355 0.0209456 0.0163207 0.999647
0.644299 0.226017 0.0811519 0.0202802 0.0167777 0.999654
0.64424 0.226096 0.0811683 0.0196148 0.0172347 0.999659
0.64418 0.226175 0.0811847 0.0189494 0.0176916 0.999664
0.644121 0.226254 0.0812011 0.0182839 0.0181486 0.999668
0.644062 0.226333 0.0812175 0.0176185 0.0186056 0.999672
0.644003 0.226412 0.0812339 0.0170827 0.018663 0.99968
0.643944 0.22649 0.0812503 0.0165725 0.0186418 0.999689
0.643884 0.226569 0.0812667 0.0160623 0.0186207 0.999698
0.643825 0.226648 0.081283 0.0155521 0.0185995 0.999706
0.643766 0.226727 0.0812994 0.0150419 0.0185783 0.999714
0.643707 0.226806 0.0813158 0.0142932 0.01824 0.999731
0.643648 0.226885 0.0813322 0.0133766 0.0176786 0.999754
0.643588 0.226964 0.0813486 0.0124601 0.0171172 0.999776
0.643529 0.227043 0.081365 0.0115436 0.0165557 0.999796
0.64347 0.227122 0.0813814 0.0106271 0.0159943 0.999816
0.643411 0.227201 0.0813978 0.00971054 0.0154329 0.999834
0.643352 0.22728 0.0814142 0.00879403 0.0148714 0.999851
0.643292 0.227358 0.0814305 0.00787755 0.01431 0.999867
0.643233 0.227437 0.0814469 0.00696108 0.0137486 0.999881
0.643174 0.227516 0.0814633 0.00604464 0.0131871 0.999895
0.643115 0.227595 0.0814797 0.00512822 0.0126257 0.999907
0.643056 0.227674 0.0814961 0.00421183 0.0120643 0.999918
0.642997 0.227753 0.0815125 0.00329548 0.0115029 0.999928
0.642937 0.227832 0.0815289 0.00237915 0.0109414 0.999937
0.642878 0.227911 0.0815453 0.00146287 0.0103801 0.999945
0.642819 0.22799 0.0815617 0.000546631 0.00981868 0.999952
0.64276 0.228069 0.081578 -0.000369566 0.00925731 0.999957
0.642701 0.228148 0.0815944 -0.00210395 0.00856457 0.999961
0.642641 0.228227 0.0816108 -0.00236382 0.00844098 0.999962
0.642582 0.228305 0.0816272 -0.00262368 0.00831739 0.999962
0.642523 0.228384 0.0816436 -0.00288355 0.0081938 0.999962
0.642464 0.228463 0.08166 -0.00314342 0.0080702 0.999962
0.642405 0.228542 0.0816764 -0.00340329 0.00794661 0.999963
0.642345 0.228621 0.0816928 -0.00366316 0.00782301 0.999963
0.642286 0.2287 0.0817092 -0.00392303 0.00769941 0.999963
0.642227 0.228779 0.0817255 -0.00418291 0.00757581 0.999963
0.642168 0.228858 0.0817419 -0.00444278 0.00745221 0.999962
0.642109 0.228937 0.0817583 -0.00470266 0.00732861 0.999962
0.642049 0.229016 0.0817747 -0.00496254 0.00720501 0.999962
0.64199 0.229095 0.0817911 -0.00522241 0.0070814 0.999961
0.641931 0.229173 0.0818075 -0.00548229 0.00695779 0.999961
0.641872 0.229252 0.0818239 -0.00574217 0.00683419 0.99996
0.641813 0.229331 0.0818403 -0.00600205 0.00671058 0.999959
0.641753 0.22941 0.0818567 -0.00626193 0.00658697 0.999959
0.641694 0.229489 0.081873 -0.0065135 0.0065652 0.999957
0.641635 0.229568 0.0818894 -0.00674954 0.0067335 0.999955
0.641576 0.229647 0.0819058 -0.00716493 0.00731728 0.999948
0.641517 0.229726 0.0819222 -0.00759699 0.0079397 0.99994
0.641457 0.229805 0.0819386 -0.00802905 0.00856212 0.999931
0.641398 0.229884 0.081955 -0.00846112 0.00918455 0.999922
0.641339 0.229963 0.0819714 -0.00889318 0.00980697 0.999912
0.64128 0.230042 0.0819878 -0.00932523 0.0104294 0.999902
0.641221 0.23012 0.0820042 -0.00975729 0.0110518 0.999891
0.641161 0.230199 0.0820205 -0.0101893 0.0116742 0.99988
0.641102 0.230278 0.0820369 -0.0106214 0.0122966 0.999868
0.641043 0.230357 0.0820533 -0.0110534 0.012919 0.999855
0.640984 0.230436 0.0820697 -0.0114854 0.0135414 0.999842
0.640925 0.230515 0.0820861 -0.0119175 0.0141638 0.999829
0.640865 0.230594 0.0821025 -0.0123495 0.0147861 0.999814
0.640806 0.230673 0.0821189 -0.0127815 0.0154085 0.9998
0.640747 0.230752 0.0821353 -0.0132135 0.0160308 0.999784
0.640688 0.230831 0.0821517 -0.0136455 0.0166532 0.999768
0.640629 0.23091 0.0821681 -0.0140774 0.0172755 0.999752
0.640569 0.230988 0.0821844 -0.0145094 0.0178978 0.999735
0.64051 0.231067 0.0822008 -0.0149413 0.0185201 0.999717
0.640451 0.231146 0.0822172 -0.0153733 0.0191423 0.999699
0.640392 0.231225 0.0822336 -0.0158052 0.0197646 0.99968
0.640333 0.231304 0.08225 -0.0162371 0.0203868 0.99966
0.640273 0.231383 0.0822664 -0.016669 0.021009 0.99964
0.640214 0.231462 0.0822828 -0.0171008 0.0216312 0.99962
0.640155 0.231541 0.0822992 -0.0175327 0.0222533 0.999599
0.640096 0.23162 0.0823156 -0.0179645 0.0228755 0.999577
0.640037 0.231699 0.0823319 -0.0203823 0.0254245 0.999469
0.639977 0.231778 0.0823483 -0.0212055 0.0262532 0.99943
0.639918 0.231856 0.0823647 -0.0220288 0.0270819 0.99939
0.639859 0.231935 0.0823811 -0.0228521 0.0279105 0.999349
0.6398 0.232014 0.0823975 -0.0236753 0.0287392 0.999307
0.639741 0.232093 0.0824139 -0.0244986 0.0295678 0.999263
0.639681 0.232172 0.0824303 -0.0253219 0.0303965 0.999217
0.639622 0.232251 0.0824467 -0.0261452 0.0312251 0.99917
0.639563 0.23233 0.0824631 -0.0269684 0.0320537 0.999122
0.639504 0.232409 0.0824794 -0.0277917 0.0328823 0.999073
0.639445 0.232488 0.0824958 -0.0286149 0.0337109 0.999022
0.639386 0.232567 0.0825122 -0.0294381 0.0345394 0.99897
0.639326 0.232646 0.0825286 -0.0302613 0.0353679 0.998916
0.639267 0.232725 0.082545 -0.0310844 0.0361964 0.998861
0.639208 0.232803 0.0825614 -0.0319075 0.0370248 0.998805
0.639149 0.232882 0.0825778 -0.0327306 0.0378532 0.998747
0.63909 0.232961 0.0825942 -0.0335537 0.0386815 0.998688
0.63903 0.23304 0.0826106 -0.0343767 0.0395098 0.998628
0.638971 0.233119 0.0826269 -0.0351996 0.0403381 0.998566
0.638912 0.233198 0.0826433 -0.0360225 0.0411662 0.998503
0.638853 0.233277 0.0826597 -0.0368454 0.0419944 0.998438
0.638794 0.233356 0.0826761 -0.0376682 0.0428224 0.998372
0.638734 0.233435 0.0826925 -0.038491 0.0436504 0.998305
0.638675 0.233514 0.0827089 -0.0393136 0.0444784 0.998237
0.638616 0.233593 0.0827253 -0.0401363 0.0453062 0.998167
0.638557 0.233671 0.0827417 -0.0409588 0.046134 0.998095
0.638498 0.23375 0.0827581 -0.0417813 0.0469617 0.998023
0.638438 0.233829 0.0827744 -0.0426037 0.0477893 0.997948
0.638379 0.233908 0.0827908 -0.043426 0.0486169 0.997873
0.63832 0.233987 0.0828072 -0.0442483 0.0494443 0.997796
0.638261 0.234066 0.0828236 -0.0450704 0.0502717 0.997718
0.638202 0.234145 0.08284 -0.0458925 0.0510989 0.997639
0.638142 0.234224 0.0828564 -0.0467145 0.0519261 0.997558
0.638083 0.234303 0.0828728 -0.0476851 0.0536642 0.99742
0.638024 0.234382 0.0828892 -0.0484703 0.0544714 0.997338
0.637965 0.234461 0.0829056 -0.0492555 0.0552784 0.997255
0.637906 0.23454 0.0829219 -0.0500405 0.0560854 0.997171
0.637846 0.234618 0.0829383 -0.0508255 0.0568922 0.997086
0.637787 0.234697 0.0829547 -0.0527575 0.0584542 0.996895
0.637728 0.234776 0.0829711 -0.0532627 0.0588176 0.996847
0.637669 0.234855 0.0829875 -0.0537678 0.0591811 0.996798
0.63761 0.234934 0.0830039 -0.0542729 0.0595445 0.996749
0.63755 0.235013 0.0830203 -0.054778 0.0599079 0.9967
0.637491 0.235092 0.0830367 -0.0552831 0.0602712 0.99665
0.637432 0.235171 0.0830531 -0.0557881 0.0606346 0.9966
0.637373 0.23525 0.0830694 -0.0562932 0.0609979 0.996549
0.637314 0.235329 0.0830858 -0.0567982 0.0613612 0.996498
0.637254 0.235408 0.0831022 -0.0573032 0.0617245 0.996447
0.637195 0.235486 0.0831186 -0.0578082 0.0620878 0.996395
0.637136 0.235565 0.083135 -0.0583132 0.062451 0.996343
0.637077 0.235644 0.0831514 -0.0588182 0.0628143 0.996291
0.637018 0.235723 0.0831678 -0.0593231 0.0631775 0.996238
0.636958 0.235802 0.0831842 -0.059828 0.0635407 0.996184
0.636899 0.235881 0.0832006 -0.0603329 0.0639038 0.996131
0.63684 0.23596 0.083217 -0.0608378 0.064267 0.996077
0.636781 0.236039 0.0832333 -0.0613427 0.0646301 0.996022
0.636722 0.236118 0.0832497 -0.0618475 0.0649932 0.995967
0.636662 0.236197 0.0832661 -0.0623523 0.0653563 0.995912
0.636603 0.236276 0.0832825 -0.0628571 0.0657193 0.995856
0.636544 0.236354 0.0832989 -0.0633619 0.0660823 0.9958
0.636485 0.236433 0.0833153 -0.0638666 0.0664453 0.995744
0.636426 0.236512 0.0833317 -0.0643714 0.0668083 0.995687
0.636366 0.236591 0.0833481 -0.0648761 0.0671712 0.99563
0.636307 0.23667 0.0833645 -0.0653807 0.0675341 0.995572
0.636248 0.236749 0.0833808 -0.0658854 0.067897 0.995514
0.636189 0.236828 0.0833972 -0.06639 0.0682599 0.995456
0.63613 0.236907 0.0834136 -0.0668946 0.0686227 0.995397
0.63607 0.236986 0.08343 -0.0673991 0.0689855 0.995338
0.636011 0.237065 0.0834464 -0.0679037 0.0693483 0.995279
0.635952 0.237144 0.0834628 -0.0684082 0.069711 0.995219
0.635893 0.237223 0.0834792 -0.0689126 0.0700738 0.995159
0.635834 0.237301 0.0834956 -0.0694171 0.0704364 0.995098
0.635775 0.23738 0.083512 -0.0699215 0.0707991 0.995037
0.635715 0.237459 0.0835283 -0.0704259 0.0711617 0.994975
0.635656 0.237538 0.0835447 -0.0709302 0.0715243 0.994914
0.635597 0.237617 0.0835611 -0.0714345 0.0718869 0.994851
0.635538 0.237696 0.0835775 -0.0717913 0.0720339 0.994815
0.635479 0.237775 0.0835939 -0.072428 0.0726556 0.994724
0.635419 0.237854 0.0836103 -0.0730983 0.0733327 0.994625
0.63536 0.237933 0.0836267 -0.0737685 0.0740099 0.994525
0.635301 0.238012 0.0836431 -0.0744386 0.0746869 0.994425
0.635242 0.238091 0.0836595 -0.0751086 0.0753638 0.994323
0.635183 0.238169 0.0836758 -0.0757786 0.0760407 0.994221
0.635123 0.238248 0.0836922 -0.0759708 0.0763926 0.994179
0.635064 0.238327 0.0837086 -0.0763327 0.0769869 0.994106
0.635005 0.238406 0.083725 -0.0766946 0.0775812 0.994032
0.634946 0.238485 0.0837414 -0.0770564 0.0781755 0.993957
0.634887 0.238564 0.0837578 -0.0774183 0.0787697 0.993882
0.634827 0.238643 0.0837742 -0.0777801 0.079364 0.993807
0.634768 0.238722 0.0837906 -0.0781418 0.0799582 0.993731
0.634709 0.238801 0.083807 -0.0785036 0.0805523 0.993654
0.63465 0.23888 0.0838233 -0.0794565 0.0815044 0.993501
0.634591 0.238959 0.0838397 -0.0800544 0.0823627 0.993382
0.634531 0.239038 0.0838561 -0.0806523 0.083221 0.993262
0.634472 0.239116 0.0838725 -0.08125 0.0840792 0.993141
0.634413 0.239195 0.0838889 -0.0818477 0.0849373 0.993019
0.634354 0.239274 0.0839053 -0.0824453 0.0857953 0.992896
0.634295 0.239353 0.0839217 -0.0830428 0.0866533 0.992771
0.634235 0.239432 0.0839381 -0.0836402 0.0875111 0.992646
0.634176 0.239511 0.0839545 -0.0842376 0.0883689 0.99252
0.634117 0.23959 0.0839708 -0.0848348 0.0892266 0.992392
0.634058 0.239669 0.0839872 -0.085432 0.0900842 0.992263
0.633999 0.239748 0.0840036 -0.0860291 0.0909417 0.992133
0.633939 0.239827 0.08402 -0.0866261 0.0917991 0.992002
0.63388 0.239906 0.0840364 -0.0872229 0.0926564 0.99187
0.633821 0.239984 0.0840528 -0.0878197 0.0935136 0.991737
0.633762 0.240063 0.0840692 -0.0884164 0.0943707 0.991603
0.633703 0.240142 0.0840856 -0.089013 0.0952276 0.991468
0.633643 0.240221 0.084102 -0.0896095 0.0960845 0.991331
0.633584 0.2403 0.0841183 -0.0902058 0.0969412 0.991194
0.633525 0.240379 0.0841347 -0.0908021 0.0977978 0.991055
0.633466 0.240458 0.0841511 -0.0913982 0.0986543 0.990916
0.633407 0.240537 0.0841675 -0.0919943 0.0995107 0.990775
0.633347 0.240616 0.0841839 -0.0925902 0.100367 0.990633
0.633288 0.240695 0.0842003 -0.093186 0.101223 0.99049
0.633229 0.240774 0.0842167 -0.0937817 0.102079 0.990346
0.63317 0.240852 0.0842331 -0.0943773 0.102935 0.990201
0.633111 0.240931 0.0842495 -0.0949727 0.103791 0.990054
0.633051 0.24101 0.0842659 -0.095568 0.104646 0.989907
0.632992 0.241089 0.0842822 -0.0961632 0.105502 0.989759
0.632933 0.241168 0.0842986 -0.0975195 0.107915 0.989366
0.632874 0.241247 0.084315 -0.0980055 0.108985 0.9892
0.632815 0.241326 0.0843314 -0.0984914 0.110056 0.989033
0.632755 0.241405 0.0843478 -0.0989771 0.111127 0.988865
0.632696 0.241484 0.0843642 -0.0994627 0.112197 0.988696
0.632637 0.241563 0.0843806 -0.0999482 0.113267 0.988525
0.632578 0.241642 0.084397 -0.100434 0.114337 0.988352
0.632519 0.241721 0.0844134 -0.100919 0.115407 0.988178
0.632459 0.241799 0.0844297 -0.101404 0.116477 0.988003
0.6324 0.241878 0.0844461 -0.101889 0.117547 0.987827
0.632341 0.241957 0.0844625 -0.102374 0.118617 0.987649
0.632282 0.242036 0.0844789 -0.102859 0.119686 0.987469
0.632223 0.242115 0.0844953 -0.103343 0.120755 0.987288
0.632164 0.242194 0.0845117 -0.103828 0.121825 0.987106
0.632104 0.242273 0.0845281 -0.104312 0.122894 0.986923
0.632045 0.242352 0.0845445 -0.104796 0.123962 0.986738
0.631986 0.242431 0.0845609 -0.10528 0.125031 0.986551
0.631927 0.24251 0.0845772 -0.105764 0.1261 0.986363
0.631868 0.242589 0.0845936 -0.106248 0.127168 0.986174
0.631808 0.242667 0.08461 -0.106731 0.128236 0.985984
0.631749 0.242746 0.0846264 -0.107215 0.129304 0.985792
0.63169 0.242825 0.0846428 -0.107698 0.130372 0.985598
0.631631 0.242904 0.0846592 -0.108181 0.131439 0.985404
0.631572 0.242983 0.0846756 -0.108664 0.132507 0.985208
0.631512 0.243062 0.084692 -0.109147 0.133574 0.98501
0.631453 0.243141 0.0847084 -0.109428 0.134436 0.984862
0.631394 0.24322 0.0847247 -0.10965 0.135175 0.984736
0.631335 0.243299 0.0847411 -0.110133 0.136021 0.984565
0.631276 0.243378 0.0847575 -0.110615 0.136866 0.984394
0.631216 0.243457 0.0847739 -0.111097 0.137712 0.984222
0.631157 0.243536 0.0847903 -0.111579 0.138557 0.984049
0.631098 0.243614 0.0848067 -0.112061 0.139402 0.983875
0.631039 0.243693 0.0848231 -0.112543 0.140247 0.9837
0.63098 0.243772 0.0848395 -0.113025 0.141092 0.983524
0.63092 0.243851 0.0848559 -0.113507 0.141936 0.983347
0.630861 0.24393 0.0848722 -0.113988 0.142781 0.983169
0.630802 0.244009 0.0848886 -0.11447 0.143625 0.98299
0.630743 0.244088 0.084905 -0.114951 0.144469 0.98281
0.630684 0.244167 0.0849214 -0.115432 0.145313 0.982629
0.630624 0.244246 0.0849378 -0.116862 0.147321 0.982161
0.630565 0.244325 0.0849542 -0.118399 0.149363 0.981668
0.630506 0.244404 0.0849706 -0.119935 0.151404 0.981169
0.630447 0.244482 0.084987 -0.121471 0.153445 0.980663
0.630388 0.244561 0.0850034 -0.123007 0.155486 0.98015
0.630328 0.24464 0.0850197 -0.124542 0.157526 0.97963
0.630269 0.244719 0.0850361 -0.126076 0.159565 0.979104
0.63021 0.244798 0.0850525 -0.12761 0.161603 0.97857
0.630151 0.244877 0.0850689 -0.129144 0.163641 0.97803
0.630092 0.244956 0.0850853 -0.130677 0.165678 0.977484
0.630032 0.245035 0.0851017 -0.132209 0.167714 0.97693
0.629973 0.245114 0.0851181 -0.13374 0.16975 0.97637
0.629914 0.245193 0.0851345 -0.135271 0.171784 0.975803
0.629855 0.245272 0.0851509 -0.136801 0.173818 0.97523
0.629796 0.24535 0.0851672 -0.13833 0.17585 0.974649
0.629736 0.245429 0.0851836 -0.139858 0.177882 0.974062
0.629677 0.245508 0.0852 -0.141386 0.179912 0.973469
0.629618 0.245587 0.0852164 -0.142913 0.181942 0.972869
0.629559 0.245666 0.0852328 -0.144438 0.18397 0.972262
0.6295 0.245745 0.0852492 -0.145963 0.185997 0.971648
0.62944 0.245824 0.0852656 -0.147487 0.188022 0.971028
0.629381 0.245903 0.085282 -0.14901 0.190047 0.970401
0.629322 0.245982 0.0852984 -0.150532 0.19207 0.969768
0.629263 0.246061 0.0853148 -0.152053 0.194092 0.969128
0.629204 0.24614 0.0853311 -0.153572 0.196112 0.968481
0.629144 0.246219 0.0853475 -0.155091 0.198131 0.967828
0.629085 0.246297 0.0853639 -0.156608 0.200149 0.967168
0.629026 0.246376 0.0853803 -0.158124 0.202165 0.966502
0.628967 0.246455 0.0853967 -0.159639 0.204179 0.965829
0.628908 0.246534 0.0854131 -0.161153 0.206192 0.96515
0.628848 0.246613 0.0854295 -0.162665 0.208203 0.964464
0.628789 0.246692 0.0854459 -0.164177 0.210213 0.963772
0.62873 0.246771 0.0854623 -0.165686 0.21222 0.963073
0.628671 0.24685 0.0854786 -0.167195 0.214226 0.962368
0.628612 0.246929 0.085495 -0.168702 0.216231 0.961657
0.628553 0.247008 0.0855114 -0.170208 0.218233 0.960939
0.628493 0.247087 0.0855278 0.178282 -0.208737 -0.961584
0.628434 0.247165 0.0855442 0.177862 -0.21061 -0.961254
0.628375 0.247244 0.0855606 0.177441 -0.212481 -0.96092
0.628316 0.247323 0.085577 0.17702 -0.214352 -0.960582
0.628257 0.247402 0.0855934 0.176598 -0.216221 -0.96024
0.628197 0.247481 0.0856098 0.176175 -0.21809 -0.959895
0.628138 0.24756 0.0856261 0.175752 -0.219957 -0.959547
0.628079 0.247639 0.0856425 0.175328 -0.221824 -0.959195
0.62802 0.247718 0.0856589 0.174903 -0.22369 -0.958839
0.627961 0.247797 0.0856753 0.174478 -0.225554 -0.958479
0.627901 0.247876 0.0856917 0.174052 -0.227418 -0.958116
0.627842 0.247955 0.0857081 0.173625 -0.229281 -0.95775
0.627783 0.248034 0.0857245 0.173198 -0.231142 -0.95738
0.627724 0.248112 0.0857409 0.17277 -0.233002 -0.957006
0.627665 0.248191 0.0857573 0.172342 -0.234861 -0.956629
0.627605 0.24827 0.0857736 0.171913 -0.23672 -0.956248
0.627546 0.248349 0.08579 0.171484 -0.238576 -0.955863
0.627487 0.248428 0.0858064 0.171054 -0.240432 -0.955475
0.627428 0.248507 0.0858228 0.170623 -0.242286 -0.955084
0.627428 0.248578 0.0858331 0.171133 -0.244238 -0.954495
0.627507 0.24864 0.0858352 0.172893 -0.246319 -0.953643
0.627586 0.248701 0.0858373 0.174651 -0.248398 -0.952783
0.627665 0.248762 0.0858394 0.176408 -0.250474 -0.951915
0.627744 0.248823 0.0858415 0.178162 -0.252548 -0.95104
0.627823 0.248885 0.0858436 0.179915 -0.254619 -0.950158
0.627902 0.248946 0.0858458 0.181665 -0.256687 -0.949268
0.627981 0.249007 0.0858479 0.183414 -0.258753 -0.94837
0.62806 0.249069 0.08585 0.18516 -0.260816 -0.947465
0.628139 0.24913 0.0858521 0.186905 -0.262876 -0.946553
0.628218 0.249191 0.0858542 0.187484 -0.264987 -0.945849
0.628297 0.249252 0.0858563 0.187312 -0.267188 -0.945264
0.628376 0.249314 0.0858584 0.187138 -0.269387 -0.944674
0.628455 0.249375 0.0858605 0.186964 -0.271586 -0.944079
0.628534 0.249436 0.0858627 0.186788 -0.273783 -0.943479
0.628613 0.249498 0.0858648 0.186612 -0.275978 -0.942874
0.628692 0.249559 0.0858669 0.186434 -0.278173 -0.942264
0.628771 0.24962 0.085869 0.186255 -0.280366 -0.94165
0.62885 0.249682 0.0858711 0.186076 -0.282558 -0.94103
0.628929 0.249743 0.0858732 0.185895 -0.284748 -0.940405
0.629008 0.249804 0.0858753 0.185714 -0.286937 -0.939775
0.629087 0.249865 0.0858775 0.185532 -0.289124 -0.939141
0.629166 0.249927 0.0858796 0.185348 -0.29131 -0.938501
0.629245 0.249988 0.0858817 0.185164 -0.293495 -0.937857
0.629324 0.250049 0.0858838 0.184978 -0.295677 -0.937207
0.629403 0.250111 0.0858859 0.184792 -0.297859 -0.936553
0.629482 0.250172 0.085888 0.184605 -0.300038 -0.935894
0.629561 0.250233 0.0858901 0.184417 -0.302216 -0.93523
0.62964 0.250294 0.0858922 0.184228 -0.304393 -0.934562
0.629719 0.250356 0.0858944 0.184037 -0.306567 -0.933888
0.629798 0.250417 0.0858965 0.183846 -0.30874 -0.93321
0.629877 0.250478 0.0858986 0.183654 -0.310911 -0.932526
0.629956 0.25054 0.0859007 0.183461 -0.31308 -0.931838
0.630035 0.250601 0.0859028 0.183268 -0.315247 -0.931146
0.630114 0.250662 0.0859049 0.183073 -0.317412 -0.930448
0.630193 0.250723 0.085907 0.182877 -0.319576 -0.929746
0.630272 0.250785 0.0859092 0.181921 -0.322072 -0.929072
0.630351 0.250846 0.0859113 0.181918 -0.323428 -0.928601
0.63043 0.250907 0.0859134 0.181914 -0.324784 -0.928129
0.630508 0.250969 0.0859155 0.18191 -0.326138 -0.927654
0.630587 0.25103 0.0859176 0.181906 -0.327492 -0.927178
0.630666 0.251091 0.0859197 0.18197 -0.328573 -0.926783
0.630745 0.251152 0.0859218 0.183253 -0.32918 -0.926315
0.630824 0.251214 0.085924 0.187609 -0.328513 -0.925679
0.630903 0.251275 0.0859261 0.189558 -0.327075 -0.925791
0.630982 0.251336 0.0859282 0.191505 -0.325635 -0.925898
0.631061 0.251398 0.0859303 0.193452 -0.324193 -0.925999
0.63114 0.251459 0.0859324 0.195398 -0.322749 -0.926095
0.631219 0.25152 0.0859345 0.197343 -0.321303 -0.926186
0.631298 0.251581 0.0859366 0.199287 -0.319855 -0.926271
0.631377 0.251643 0.0859387 0.201231 -0.318404 -0.92635
0.631456 0.251704 0.0859409 0.203173 -0.316952 -0.926424
0.631535 0.251765 0.085943 0.205114 -0.315498 -0.926493
0.631614 0.251827 0.0859451 0.207054 -0.314041 -0.926556
0.631693 0.251888 0.0859472 0.208994 -0.312583 -0.926614
0.631772 0.251949 0.0859493 0.210932 -0.311123 -0.926666
0.631851 0.25201 0.0859514 0.212869 -0.30966 -0.926713
0.63193 0.252072 0.0859535 0.214804 -0.308196 -0.926755
0.632009 0.252133 0.0859557 0.216739 -0.30673 -0.926791
0.632088 0.252194 0.0859578 0.218672 -0.305263 -0.926821
0.632167 0.252256 0.0859599 0.220604 -0.303793 -0.926846
0.632246 0.252317 0.085962 0.222535 -0.302322 -0.926866
0.632325 0.252378 0.0859641 0.224464 -0.300849 -0.92688
0.632404 0.252439 0.0859662 0.226392 -0.299374 -0.926888
0.632483 0.252501 0.0859683 0.228318 -0.297897 -0.926891
0.632562 0.252562 0.0859704 0.230244 -0.296419 -0.926889
0.632641 0.252623 0.0859726 0.232167 -0.294939 -0.926881
0.63272 0.252685 0.0859747 0.234089 -0.293458 -0.926868
0.632799 0.252746 0.0859768 0.23601 -0.291975 -0.92685
0.632878 0.252807 0.0859789 0.237929 -0.29049 -0.926825
0.632957 0.252869 0.085981 0.239846 -0.289004 -0.926796
0.633036 0.25293 0.0859831 0.241761 -0.287517 -0.926761
0.633115 0.252991 0.0859852 0.244034 -0.286059 -0.926616
0.633194 0.253052 0.0859874 0.247271 -0.285763 -0.925849
0.633273 0.253114 0.0859895 0.250505 -0.285464 -0.925072
0.633352 0.253175 0.0859916 0.253736 -0.285162 -0.924284
0.633431 0.253236 0.0859937 0.256965 -0.284857 -0.923486
0.63351 0.253298 0.0859958 0.26019 -0.284548 -0.922677
0.633589 0.253359 0.0859979 0.263412 -0.284236 -0.921859
0.633668 0.25342 0.086 0.263772 -0.283707 -0.921919
0.633747 0.253481 0.0860022 0.261554 -0.282592 -0.922893
0.633826 0.253543 0.0860043 0.259333 -0.281475 -0.923861
0.633905 0.253604 0.0860064 0.25711 -0.280355 -0.924822
0.633984 0.253665 0.0860085 0.254885 -0.279234 -0.925777
0.634063 0.253727 0.0860106 0.252658 -0.27811 -0.926725
0.634142 0.253788 0.0860127 0.250428 -0.276984 -0.927667
0.634221 0.253849 0.0860148 0.248197 -0.275856 -0.928602
0.6343 0.25391 0.0860169 0.245963 -0.274726 -0.929531
0.634379 0.253972 0.0860191 0.243728 -0.273593 -0.930453
0.634458 0.254033 0.0860212 0.24149 -0.272459 -0.931369
0.634537 0.254094 0.0860233 0.239251 -0.271323 -0.932278
0.634616 0.254156 0.0860254 0.23701 -0.270184 -0.933181
0.634695 0.254217 0.0860275 0.234767 -0.269044 -0.934077
0.634774 0.254278 0.0860296 0.232523 -0.267902 -0.934966
0.634853 0.254339 0.0860317 0.230276 -0.266758 -0.935849
0.634932 0.254401 0.0860339 0.228029 -0.265612 -0.936725
0.635011 0.254462 0.086036 0.225779 -0.264464 -0.937594
0.63509 0.254523 0.0860381 0.223528 -0.263314 -0.938457
0.635169 0.254585 0.0860402 0.221276 -0.262162 -0.939313
0.635248 0.254646 0.0860423 0.219022 -0.261009 -0.940162
0.635327 0.254707 0.0860444 0.216766 -0.259854 -0.941004
0.635406 0.254768 0.0860465 0.21451 -0.258697 -0.941839
0.635485 0.25483 0.0860486 0.212533 -0.257901 -0.942505
0.635564 0.254891 0.0860508 0.211611 -0.257991 -0.942688
0.635643 0.254952 0.0860529 0.210689 -0.258079 -0.942871
0.635722 0.255014 0.086055 0.209767 -0.258168 -0.943052
0.635801 0.255075 0.0860571 0.208845 -0.258257 -0.943232
0.63588 0.255136 0.0860592 0.207923 -0.258345 -0.943412
0.635959 0.255197 0.0860613 0.207 -0.258433 -0.943591
0.636038 0.255259 0.0860634 0.206078 -0.25852 -0.943769
0.636117 0.25532 0.0860656 0.205155 -0.258608 -0.943946
0.636196 0.255381 0.0860677 0.204233 -0.258695 -0.944122
0.636275 0.255443 0.0860698 0.20331 -0.258782 -0.944297
0.636354 0.255504 0.0860719 0.202388 -0.258869 -0.944471
0.636433 0.255565 0.086074 0.201465 -0.258955 -0.944645
0.636512 0.255626 0.0860761 0.200542 -0.259041 -0.944818
0.636591 0.255688 0.0860782 0.199872 -0.259 -0.944971
0.63667 0.255749 0.0860804 0.199143 -0.2587 -0.945207
0.636749 0.25581 0.0860825 0.198415 -0.2584 -0.945442
0.636828 0.255872 0.0860846 0.197686 -0.258099 -0.945677
0.636907 0.255933 0.0860867 0.196957 -0.257799 -0.945911
0.636986 0.255994 0.0860888 0.196227 -0.257498 -0.946145
0.637065 0.256055 0.0860909 0.195498 -0.257197 -0.946378
0.637144 0.256117 0.086093 0.194768 -0.256896 -0.94661
0.637223 0.256178 0.0860951 0.194037 -0.256594 -0.946842
0.637302 0.256239 0.0860973 0.193307 -0.256293 -0.947073
0.637381 0.256301 0.0860994 0.192576 -0.255991 -0.947303
0.63746 0.256362 0.0861015 0.191845 -0.255689 -0.947533
0.637539 0.256423 0.0861036 0.191114 -0.255386 -0.947762
0.637618 0.256485 0.0861057 0.190382 -0.255084 -0.947991
0.637697 0.256546 0.0861078 0.18965 -0.254781 -0.948219
0.637775 0.256607 0.0861099 0.188918 -0.254478 -0.948447
0.637854 0.256668 0.0861121 0.189362 -0.255014 -0.948214
0.637933 0.25673 0.0861142 0.189965 -0.255662 -0.947919
0.638012 0.256791 0.0861163 0.190567 -0.256311 -0.947623
0.638091 0.256852 0.0861184 0.19117 -0.256959 -0.947326
0.63817 0.256914 0.0861205 0.191772 -0.257607 -0.947028
0.638249 0.256975 0.0861226 0.192373 -0.258254 -0.94673
0.638328 0.257036 0.0861247 0.192975 -0.258901 -0.946431
0.638407 0.257097 0.0861268 0.193576 -0.259548 -0.946131
0.638486 0.257159 0.086129 0.194177 -0.260194 -0.94583
0.638565 0.25722 0.0861311 0.194777 -0.260841 -0.945528
0.638644 0.257281 0.0861332 0.195377 -0.261486 -0.945226
0.638723 0.257343 0.0861353 0.195977 -0.262132 -0.944923
0.638802 0.257404 0.0861374 0.196577 -0.262777 -0.944619
0.638881 0.257465 0.0861395 0.197177 -0.263421 -0.944315
0.63896 0.257526 0.0861416 0.197776 -0.264066 -0.94401
0.639039 0.257588 0.0861438 0.198375 -0.26471 -0.943703
0.639118 0.257649 0.0861459 0.198767 -0.264604 -0.943651
0.639197 0.25771 0.086148 0.1994 -0.264639 -0.943507
0.639276 0.257772 0.0861501 0.200033 -0.264674 -0.943363
0.639355 0.257833 0.0861522 0.200666 -0.26471 -0.943219
0.639434 0.257894 0.0861543 0.201299 -0.264745 -0.943074
0.639513 0.257955 0.0861564 0.201932 -0.26478 -0.942929
0.639592 0.258017 0.0861586 0.202564 -0.264814 -0.942784
0.639671 0.258078 0.0861607 0.203197 -0.264849 -0.942638
0.63975 0.258139 0.0861628 0.20383 -0.264884 -0.942491
0.639829 0.258201 0.0861649 0.204462 -0.264918 -0.942345
0.639908 0.258262 0.086167 0.205095 -0.264953 -0.942198
0.639987 0.258323 0.0861691 0.205727 -0.264987 -0.94205
0.640066 0.258384 0.0861712 0.206359 -0.265021 -0.941902
0.640145 0.258446 0.0861733 0.206991 -0.265055 -0.941754
0.640224 0.258507 0.0861755 0.207624 -0.265089 -0.941605
0.640303 0.258568 0.0861776 0.208256 -0.265123 -0.941456
0.640382 0.25863 0.0861797 0.208888 -0.265157 -0.941306
0.640461 0.258691 0.0861818 0.20952 -0.26519 -0.941157
0.64054 0.258752 0.0861839 0.210152 -0.265224 -0.941006
0.640619 0.258813 0.086186 0.210783 -0.265257 -0.940856
0.640698 0.258875 0.0861881 0.211415 -0.26529 -0.940704
0.640777 0.258936 0.0861903 0.212047 -0.265323 -0.940553
0.640856 0.258997 0.0861924 0.212678 -0.265357 -0.940401
0.640935 0.259059 0.0861945 0.21331 -0.265389 -0.940249
0.641014 0.25912 0.0861966 0.213941 -0.265422 -0.940096
0.641093 0.259181 0.0861987 0.214572 -0.265455 -0.939943
0.641172 0.259242 0.0862008 0.215802 -0.264657 -0.939886
0.641251 0.259304 0.0862029 0.216765 -0.26379 -0.939908
0.64133 0.259365 0.086205 0.217728 -0.262924 -0.939929
0.641409 0.259426 0.0862072 0.21869 -0.262056 -0.939947
0.641488 0.259488 0.0862093 0.219652 -0.261189 -0.939965
0.641567 0.259549 0.0862114 0.220614 -0.26032 -0.93998
0.641646 0.25961 0.0862135 0.221575 -0.259452 -0.939994
0.641725 0.259672 0.0862156 0.222536 -0.258583 -0.940007
0.641804 0.259733 0.0862177 0.223497 -0.257713 -0.940018
0.641883 0.259794 0.0862198 0.224457 -0.256843 -0.940027
0.641962 0.259855 0.086222 0.225417 -0.255972 -0.940035
0.642041 0.259917 0.0862241 0.226377 -0.255101 -0.940041
0.64212 0.259978 0.0862262 0.227336 -0.25423 -0.940045
0.642199 0.260039 0.0862283 0.228225 -0.253503 -0.940026
0.642278 0.260101 0.0862304 0.228824 -0.252992 -0.940018
0.642357 0.260162 0.0862325 0.229423 -0.252482 -0.94001
0.642436 0.260223 0.0862346 0.230022 -0.251971 -0.94
0.642515 0.260284 0.0862368 0.23062 -0.25146 -0.93999
0.642594 0.260346 0.0862389 0.231219 -0.250949 -0.93998
0.642673 0.260407 0.086241 0.231817 -0.250438 -0.939969
0.642752 0.260468 0.0862431 0.232415 -0.249926 -0.939957
0.642831 0.26053 0.0862452 0.233013 -0.249415 -0.939945
0.64291 0.260591 0.0862473 0.233611 -0.248903 -0.939933
0.642989 0.260652 0.0862494 0.234209 -0.248391 -0.939919
0.643068 0.260713 0.0862515 0.234807 -0.247879 -0.939905
0.643147 0.260775 0.0862537 0.235404 -0.247366 -0.939891
0.643226 0.260836 0.0862558 0.236002 -0.246854 -0.939876
0.643305 0.260897 0.0862579 0.236599 -0.246342 -0.93986
0.643384 0.260959 0.08626 0.237196 -0.245829 -0.939844
0.643463 0.26102 0.0862621 0.237793 -0.245316 -0.939827
0.643542 0.261081 0.0862642 0.23839 -0.244803 -0.93981
0.643621 0.261142 0.0862663 0.238949 -0.244439 -0.939762
0.6437 0.261204 0.0862685 0.239481 -0.244333 -0.939654
0.643779 0.261265 0.0862706 0.240013 -0.244227 -0.939546
0.643858 0.261326 0.0862727 0.240545 -0.244121 -0.939438
0.643937 0.261388 0.0862748 0.241076 -0.244014 -0.939329
0.644016 0.261449 0.0862769 0.241608 -0.243908 -0.93922
0.644095 0.26151 0.086279 0.242139 -0.243802 -0.939111
0.644174 0.261571 0.0862811 0.242671 -0.243695 -0.939001
0.644253 0.261633 0.0862832 0.243202 -0.243589 -0.938892
0.644332 0.261694 0.0862854 0.243733 -0.243482 -0.938781
0.644411 0.261755 0.0862875 0.244264 -0.243375 -0.938671
0.64449 0.261817 0.0862896 0.244796 -0.243268 -0.93856
0.644569 0.261878 0.0862917 0.245327 -0.243161 -0.938449
0.644648 0.261939 0.0862938 0.245858 -0.243054 -0.938338
0.644727 0.262 0.0862959 0.246388 -0.242947 -0.938227
0.644806 0.262062 0.086298 0.246919 -0.24284 -0.938115
0.644885 0.262123 0.0863002 0.24745 -0.242733 -0.938003
0.644964 0.262184 0.0863023 0.247981 -0.242626 -0.93789
0.645042 0.262246 0.0863044 0.247448 -0.242458 -0.938074
0.645121 0.262307 0.0863065 0.246105 -0.242159 -0.938505
0.6452 0.262368 0.0863086 0.24476 -0.241859 -0.938934
0.645279 0.262429 0.0863107 0.243416 -0.241559 -0.93936
0.645358 0.262491 0.0863128 0.24207 -0.241259 -0.939785
0.645437 0.262552 0.086315 0.240724 -0.240957 -0.940208
0.645516 0.262613 0.0863171 0.239377 -0.240656 -0.940629
0.645595 0.262675 0.0863192 0.238029 -0.240353 -0.941048
0.645674 0.262736 0.0863213 0.236681 -0.240051 -0.941466
0.645753 0.262797 0.0863234 0.235332 -0.239747 -0.941881
0.645832 0.262858 0.0863255 0.233983 -0.239444 -0.942294
0.645911 0.26292 0.0863276 0.232632 -0.239139 -0.942706
0.64599 0.262981 0.0863297 0.231282 -0.238834 -0.943116
0.646069 0.263042 0.0863319 0.22993 -0.238529 -0.943523
0.646148 0.263104 0.086334 0.228578 -0.238223 -0.943929
0.646227 0.263165 0.0863361 0.227225 -0.237916 -0.944333
0.646306 0.263226 0.0863382 0.225872 -0.237609 -0.944735
0.646385 0.263288 0.0863403 0.224518 -0.237302 -0.945135
0.646464 0.263349 0.0863424 0.223164 -0.236994 -0.945533
0.646543 0.26341 0.0863445 0.221809 -0.236685 -0.945929
0.646622 0.263471 0.0863467 0.220453 -0.236376 -0.946323
0.646701 0.263533 0.0863488 0.219097 -0.236067 -0.946715
0.64678 0.263594 0.0863509 0.21774 -0.235757 -0.947105
0.646859 0.263655 0.086353 0.216516 -0.235512 -0.947447
0.646938 0.263717 0.0863551 0.2161 -0.235562 -0.947529
0.647017 0.263778 0.0863572 0.215684 -0.235612 -0.947611
0.647096 0.263839 0.0863593 0.215268 -0.235663 -0.947693
0.647175 0.2639 0.0863614 0.214852 -0.235713 -0.947775
0.647254 0.263962 0.0863636 0.214436 -0.235763 -0.947857
0.647333 0.264023 0.0863657 0.21402 -0.235813 -0.947939
0.647412 0.264084 0.0863678 0.213603 -0.235863 -0.94802
0.647491 0.264146 0.0863699 0.213187 -0.235914 -0.948101
0.64757 0.264207 0.086372 0.212771 -0.235964 -0.948182
0.647649 0.264268 0.0863741 0.212355 -0.236014 -0.948263
0.647728 0.264329 0.0863762 0.211939 -0.236063 -0.948344
0.647807 0.264391 0.0863784 0.211523 -0.236113 -0.948424
0.647886 0.264452 0.0863805 0.211106 -0.236163 -0.948505
0.647965 0.264513 0.0863826 0.21069 -0.236213 -0.948585
0.648044 0.264575 0.0863847 0.210274 -0.236263 -0.948665
0.648123 0.264636 0.0863868 0.209858 -0.236312 -0.948745
0.648202 0.264697 0.0863889 0.209441 -0.236362 -0.948824
0.648281 0.264758 0.086391 0.209025 -0.236412 -0.948904
0.64836 0.26482 0.0863932 0.208609 -0.236461 -0.948983
0.648439 0.264881 0.0863953 0.208192 -0.236511 -0.949062
0.648518 0.264942 0.0863974 0.207776 -0.23656 -0.949141
0.648597 0.265004 0.0863995 0.207359 -0.23661 -0.94922
0.648676 0.265065 0.0864016 0.206933 -0.236328 -0.949383
0.648755 0.265126 0.0864037 0.20647 -0.235914 -0.949587
0.648834 0.265187 0.0864058 0.206007 -0.2355 -0.94979
0.648913 0.265249 0.0864079 0.205543 -0.235085 -0.949993
0.648992 0.26531 0.0864101 0.20508 -0.23467 -0.950196
0.649071 0.265371 0.0864122 0.204616 -0.234255 -0.950398
0.64915 0.265433 0.0864143 0.204152 -0.233841 -0.9506
0.649229 0.265494 0.0864164 0.203688 -0.233426 -0.950802
0.649308 0.265555 0.0864185 0.203224 -0.233011 -0.951003
0.649387 0.265616 0.0864206 0.20276 -0.232595 -0.951203
0.649466 0.265678 0.0864227 0.202296 -0.23218 -0.951403
0.649545 0.265739 0.0864249 0.201832 -0.231765 -0.951603
0.649624 0.2658 0.086427 0.201368 -0.23135 -0.951803
0.649703 0.265862 0.0864291 0.200904 -0.230934 -0.952002
0.649782 0.265923 0.0864312 0.20044 -0.230519 -0.9522
0.649861 0.265984 0.0864333 0.199975 -0.230103 -0.952398
0.64994 0.266045 0.0864354 0.199511 -0.229687 -0.952596
0.650019 0.266107 0.0864375 0.199046 -0.229271 -0.952793
0.650098 0.266168 0.0864396 0.198582 -0.228855 -0.95299
0.650177 0.266229 0.0864418 0.198117 -0.22844 -0.953187
0.650256 0.266291 0.0864439 0.197652 -0.228023 -0.953383
0.650335 0.266352 0.086446 0.197187 -0.227607 -0.953579
0.650414 0.266413 0.0864481 0.196723 -0.227191 -0.953774
0.650493 0.266475 0.0864502 0.196258 -0.226775 -0.953969
0.650572 0.266536 0.0864523 0.195793 -0.226358 -0.954163
0.650651 0.266597 0.0864544 0.195328 -0.225942 -0.954357
0.65073 0.266658 0.0864566 0.194863 -0.225526 -0.954551
0.650809 0.26672 0.0864587 0.194397 -0.225109 -0.954744
0.650888 0.266781 0.0864608 0.193932 -0.224692 -0.954936
0.650967 0.266842 0.0864629 0.193349 -0.224217 -0.955167
0.651046 0.266904 0.086465 0.191886 -0.223652 -0.955594
0.651125 0.266965 0.0864671 0.190423 -0.223086 -0.956019
0.651204 0.267026 0.0864692 0.18896 -0.22252 -0.956441
0.651283 0.267087 0.0864714 0.187496 -0.221952 -0.956861
0.651362 0.267149 0.0864735 0.186031 -0.221385 -0.957278
0.651441 0.26721 0.0864756 0.187429 -0.222398 -0.95677
0.65152 0.267271 0.0864777 0.189405 -0.223701 -0.956077
0.651599 0.267333 0.0864798 0.191381 -0.225004 -0.955378
0.651678 0.267394 0.0864819 0.193358 -0.226306 -0.954672
0.651757 0.267455 0.086484 0.192963 -0.226087 -0.954804
0.651836 0.267516 0.0864861 0.191911 -0.225457 -0.955165
0.651915 0.267578 0.0864883 0.19086 -0.224826 -0.955524
0.651994 0.267639 0.0864904 0.189809 -0.224195 -0.955881
0.652073 0.2677 0.0864925 0.188757 -0.223564 -0.956237
0.652152 0.267762 0.0864946 0.187705 -0.222932 -0.956592
0.65223 0.267823 0.0864967 0.186654 -0.2223 -0.956945
0.652309 0.267884 0.0864988 0.185602 -0.221668 -0.957296
0.652388 0.267945 0.0865009 0.18455 -0.221036 -0.957645
0.652467 0.268007 0.0865031 0.183498 -0.220404 -0.957993
0.652546 0.268068 0.0865052 0.182446 -0.219771 -0.958339
0.652625 0.268129 0.0865073 0.181394 -0.219138 -0.958684
0.652704 0.268191 0.0865094 0.180342 -0.218505 -0.959027
0.652783 0.268252 0.0865115 0.179289 -0.217871 -0.959368
0.652862 0.268313 0.0865136 0.178237 -0.217238 -0.959708
0.652941 0.268374 0.0865157 0.177185 -0.216604 -0.960046
0.65302 0.268436 0.0865178 0.176132 -0.21597 -0.960382
0.653099 0.268497 0.08652 0.17508 -0.215336 -0.960717
0.653178 0.268558 0.0865221 0.174027 -0.214701 -0.96105
0.653257 0.26862 0.0865242 0.172975 -0.214067 -0.961382
0.653336 0.268681 0.0865263 0.171922 -0.213432 -0.961712
0.653415 0.268742 0.0865284 0.17087 -0.212797 -0.96204
0.653494 0.268803 0.0865305 0.169905 -0.212278 -0.962325
0.653573 0.268865 0.0865326 0.169294 -0.212122 -0.962468
0.653652 0.268926 0.0865348 0.168682 -0.211965 -0.962609
0.653731 0.268987 0.0865369 0.168071 -0.211808 -0.962751
0.65381 0.269049 0.086539 0.167459 -0.211651 -0.962892
0.653889 0.26911 0.0865411 0.166847 -0.211494 -0.963033
0.653968 0.269171 0.0865432 0.166235 -0.211337 -0.963173
0.654047 0.269232 0.0865453 0.165623 -0.21118 -0.963313
0.654126 0.269294 0.0865474 0.165011 -0.211023 -0.963453
0.654205 0.269355 0.0865496 0.165011 -0.212306 -0.96317
0.654277 0.269369 0.0865437 0.164525 -0.212959 -0.96311
0.654333 0.26929 0.0865218 0.162612 -0.211309 -0.963798
0.654389 0.26921 0.0864999 0.160698 -0.209657 -0.964479
0.654445 0.26913 0.086478 0.158782 -0.208003 -0.965154
0.654501 0.26905 0.086456 0.156865 -0.206348 -0.965823
0.654557 0.26897 0.0864341 0.154946 -0.20469 -0.966485
0.654613 0.26889 0.0864122 0.153026 -0.203032 -0.967141
0.654669 0.26881 0.0863903 0.151145 -0.201322 -0.967794
0.654725 0.268731 0.0863684 0.149389 -0.20003 -0.968334
0.654781 0.268651 0.0863465 0.147631 -0.198736 -0.96887
0.654837 0.268571 0.0863246 0.145873 -0.197441 -0.969401
0.654893 0.268491 0.0863027 0.144113 -0.196145 -0.969927
0.654949 0.268411 0.0862808 0.142353 -0.194848 -0.970448
0.655005 0.268331 0.0862588 0.140592 -0.193549 -0.970965
0.655061 0.268251 0.0862369 0.13883 -0.19225 -0.971476
0.655117 0.268172 0.086215 0.137067 -0.19095 -0.971983
0.655174 0.268092 0.0861931 0.135303 -0.189648 -0.972485
0.65523 0.268012 0.0861712 0.133539 -0.188345 -0.972982
0.655286 0.267932 0.0861493 0.131773 -0.187042 -0.973474
0.655342 0.267852 0.0861274 0.130007 -0.185737 -0.973961
0.655398 0.267772 0.0861055 0.128241 -0.184432 -0.974443
0.655454 0.267692 0.0860836 0.126473 -0.183125 -0.97492
0.65551 0.267613 0.0860616 0.124705 -0.181818 -0.975393
0.655566 0.267533 0.0860397 0.122936 -0.180509 -0.97586
0.655622 0.267453 0.0860178 -0.106248 0.159695 0.981432
0.655678 0.267373 0.0859959 -0.104236 0.157844 0.981947
0.655734 0.267293 0.085974 -0.102223 0.155992 0.982455
0.65579 0.267213 0.0859521 -0.100208 0.154139 0.982954
0.655846 0.267133 0.0859302 -0.0982962 0.152414 0.983416
0.655902 0.267054 0.0859083 -0.0969357 0.151153 0.983746
0.655958 0.266974 0.0858863 -0.0951694 0.149223 0.984213
0.656014 0.266894 0.0858644 -0.0934022 0.147291 0.984673
0.65607 0.266814 0.0858425 -0.091634 0.145359 0.985126
0.656127 0.266734 0.0858206 -0.089865 0.143425 0.985573
0.656183 0.266654 0.0857987 -0.0880951 0.141489 0.986012
0.656239 0.266574 0.0857768 -0.0863245 0.139553 0.986445
0.656295 0.266495 0.0857549 -0.0845531 0.137616 0.98687
0.656351 0.266415 0.085733 -0.082781 0.135677 0.987289
0.656407 0.266335 0.0857111 -0.0810082 0.133737 0.9877
0.656463 0.266255 0.0856891 -0.0792348 0.131797 0.988105
0.656519 0.266175 0.0856672 -0.0774607 0.129855 0.988503
0.656575 0.266095 0.0856453 -0.0756862 0.127912 0.988893
0.656631 0.266015 0.0856234 -0.073911 0.125969 0.989277
0.656687 0.265936 0.0856015 -0.0721354 0.124025 0.989654
0.656743 0.265856 0.0855796 -0.0703594 0.122079 0.990023
0.656799 0.265776 0.0855577 -0.0685829 0.120133 0.990386
0.656855 0.265696 0.0855358 -0.066806 0.118187 0.990742
0.656911 0.265616 0.0855139 -0.0650289 0.116239 0.99109
0.656967 0.265536 0.0854919 -0.0632514 0.114291 0.991432
0.657023 0.265456 0.08547 -0.0614736 0.112343 0.991766
0.657079 0.265377 0.0854481 -0.0596956 0.110394 0.992094
0.657136 0.265297 0.0854262 -0.0579175 0.108444 0.992414
0.657192 0.265217 0.0854043 -0.0561392 0.106494 0.992727
0.657248 0.265137 0.0853824 -0.0543607 0.104543 0.993034
0.657304 0.265057 0.0853605 -0.0525823 0.102592 0.993333
0.65736 0.264977 0.0853386 -0.0508037 0.100641 0.993625
0.657416 0.264897 0.0853166 -0.0490252 0.0986891 0.99391
0.657472 0.264818 0.0852947 -0.0472467 0.0967371 0.994188
0.657528 0.264738 0.0852728 -0.0454404 0.0949098 0.994448
0.657584 0.264658 0.0852509 -0.0436259 0.0931736 0.994694
0.65764 0.264578 0.085229 -0.0425579 0.0925256 0.9948
0.657696 0.264498 0.0852071 -0.0423025 0.0927408 0.994791
0.657752 0.264418 0.0851852 -0.0420471 0.0929559 0.994782
0.657808 0.264338 0.0851633 -0.0417917 0.0931711 0.994773
0.657864 0.264259 0.0851414 -0.0415363 0.0933863 0.994763
0.65792 0.264179 0.0851194 -0.0412809 0.0936015 0.994754
0.657976 0.264099 0.0850975 -0.0410255 0.0938166 0.994744
0.658032 0.264019 0.0850756 -0.0407701 0.0940318 0.994734
0.658089 0.263939 0.0850537 -0.0405147 0.0942469 0.994724
0.658145 0.263859 0.0850318 -0.0402592 0.094462 0.994714
0.658201 0.263779 0.0850099 -0.0400038 0.0946772 0.994704
0.658257 0.2637 0.084988 -0.0397484 0.0948923 0.994694
0.658313 0.26362 0.0849661 -0.0394929 0.0951074 0.994683
0.658369 0.26354 0.0849442 -0.0392375 0.0953225 0.994673
0.658425 0.26346 0.0849222 -0.038982 0.0955376 0.994662
0.658481 0.26338 0.0849003 -0.0387265 0.0957526 0.994652
0.658537 0.2633 0.0848784 -0.0384711 0.0959677 0.994641
0.658593 0.26322 0.0848565 -0.0382156 0.0961828 0.99463
0.658649 0.263141 0.0848346 -0.0379601 0.0963978 0.994619
0.658705 0.263061 0.0848127 -0.0377046 0.0966128 0.994608
0.658761 0.262981 0.0847908 -0.0374491 0.0968279 0.994596
0.658817 0.262901 0.0847689 -0.0371936 0.0970429 0.994585
0.658873 0.262821 0.084747 -0.0369381 0.0972579 0.994574
0.658929 0.262741 0.084725 -0.0366826 0.0974729 0.994562
0.658985 0.262661 0.0847031 -0.036427 0.0976879 0.99455
0.659042 0.262582 0.0846812 -0.0361715 0.0979029 0.994538
0.659098 0.262502 0.0846593 -0.035916 0.0981178 0.994526
0.659154 0.262422 0.0846374 -0.0356605 0.0983328 0.994514
0.65921 0.262342 0.0846155 -0.0354049 0.0985478 0.994502
0.659266 0.262262 0.0845936 -0.0351494 0.0987627 0.99449
0.659322 0.262182 0.0845717 -0.034994 0.0988138 0.99449
0.659378 0.262102 0.0845497 -0.0348588 0.0988601 0.994491
0.659434 0.262022 0.0845278 -0.0347236 0.0989064 0.994491
0.65949 0.261943 0.0845059 -0.0345884 0.0989527 0.994491
0.659546 0.261863 0.084484 -0.0344532 0.098999 0.994491
0.659602 0.261783 0.0844621 -0.0343179 0.0990453 0.994491
0.659658 0.261703 0.0844402 -0.0341827 0.0990916 0.994491
0.659714 0.261623 0.0844183 -0.0340475 0.0991379 0.994491
0.65977 0.261543 0.0843964 -0.0339123 0.0991842 0.994491
0.659826 0.261463 0.0843745 -0.0338119 0.0992219 0.994491
0.659882 0.261384 0.0843525 -0.033962 0.0991982 0.994488
0.659938 0.261304 0.0843306 -0.033135 0.0988287 0.994553
0.659994 0.261224 0.0843087 -0.0322867 0.0984516 0.994618
0.660051 0.261144 0.0842868 -0.0314385 0.0980744 0.994682
0.660107 0.261064 0.0842649 -0.0305902 0.0976971 0.994746
0.660163 0.260984 0.084243 -0.0297418 0.0973198 0.994809
0.660219 0.260904 0.0842211 -0.0288934 0.0969424 0.994871
0.660275 0.260825 0.0841992 -0.028045 0.0965648 0.994932
0.660331 0.260745 0.0841773 -0.0271966 0.0961872 0.994992
0.660387 0.260665 0.0841553 -0.0263482 0.0958095 0.995051
0.660443 0.260585 0.0841334 -0.0254997 0.0954318 0.995109
0.660499 0.260505 0.0841115 -0.0246512 0.0950539 0.995167
0.660555 0.260425 0.0840896 -0.0238026 0.094676 0.995224
0.660611 0.260345 0.0840677 -0.0229541 0.0942979 0.995279
0.660667 0.260266 0.0840458 -0.0221055 0.0939198 0.995334
0.660723 0.260186 0.0840239 -0.021257 0.0935417 0.995388
0.660779 0.260106 0.084002 -0.0194505 0.0925371 0.995519
0.660835 0.260026 0.08398 -0.0190379 0.0920577 0.995572
0.660891 0.259946 0.0839581 -0.0186252 0.0915783 0.995624
0.660947 0.259866 0.0839362 -0.0182125 0.0910989 0.995675
0.661004 0.259786 0.0839143 -0.0177999 0.0906195 0.995727
0.66106 0.259707 0.0838924 -0.0173872 0.09014 0.995777
0.661116 0.259627 0.0838705 -0.0169745 0.0896604 0.995828
0.661172 0.259547 0.0838486 -0.0165618 0.0891809 0.995878
0.661228 0.259467 0.0838267 -0.0161491 0.0887013 0.995927
0.661284 0.259387 0.0838048 -0.0157364 0.0882216 0.995977
0.66134 0.259307 0.0837828 -0.0153236 0.0877419 0.996025
0.661396 0.259227 0.0837609 -0.0149109 0.0872622 0.996074
0.661452 0.259148 0.083739 -0.0144982 0.0867825 0.996122
0.661508 0.259068 0.0837171 -0.0140855 0.0863027 0.996169
0.661564 0.258988 0.0836952 -0.0136727 0.0858229 0.996217
0.66162 0.258908 0.0836733 -0.01326 0.0853431 0.996263
0.661676 0.258828 0.0836514 -0.0128473 0.0848632 0.99631
0.661732 0.258748 0.0836295 -0.0124345 0.0843833 0.996356
0.661788 0.258668 0.0836076 -0.0120218 0.0839034 0.996401
0.661844 0.258589 0.0835856 -0.0116091 0.0834235 0.996447
0.6619 0.258509 0.0835637 -0.0111963 0.0829435 0.996491
0.661957 0.258429 0.0835418 -0.0107836 0.0824635 0.996536
0.662013 0.258349 0.0835199 -0.0103708 0.0819835 0.99658
0.662069 0.258269 0.083498 -0.00995811 0.0815034 0.996623
0.662125 0.258189 0.0834761 -0.00738789 0.07856 0.996882
0.662181 0.258109 0.0834542 -0.00646503 0.0775247 0.996969
0.662237 0.25803 0.0834323 -0.0055421 0.0764892 0.997055
0.662293 0.25795 0.0834103 -0.00461911 0.0754534 0.997139
0.662349 0.25787 0.0833884 -0.00369604 0.0744174 0.99722
0.662405 0.25779 0.0833665 -0.00277292 0.0733812 0.9973
0.662461 0.25771 0.0833446 -0.00184974 0.0723449 0.997378
0.662517 0.25763 0.0833227 -0.000926518 0.0713083 0.997454
0.662573 0.25755 0.0833008 -3.24903e-06 0.0702716 0.997528
0.662629 0.257471 0.0832789 0.000920058 0.0692346 0.9976
0.662685 0.257391 0.083257 0.0018434 0.0681975 0.99767
0.662741 0.257311 0.0832351 0.00276676 0.0671603 0.997738
0.662797 0.257231 0.0832131 0.00369015 0.0661228 0.997805
0.662853 0.257151 0.0831912 0.00461356 0.0650853 0.997869
0.662909 0.257071 0.0831693 0.00553697 0.0640475 0.997931
0.662966 0.256991 0.0831474 0.0064604 0.0630097 0.997992
0.663022 0.256912 0.0831255 0.00738382 0.0619717 0.998051
0.663078 0.256832 0.0831036 0.00830724 0.0609335 0.998107
0.663134 0.256752 0.0830817 0.00923064 0.0598953 0.998162
0.66319 0.256672 0.0830598 0.010154 0.0588569 0.998215
0.663246 0.256592 0.0830379 0.0110774 0.0578184 0.998266
0.663302 0.256512 0.0830159 0.0120008 0.0567798 0.998315
0.663358 0.256432 0.082994 0.0129241 0.0557411 0.998362
0.663414 0.256353 0.0829721 0.0138473 0.0547023 0.998407
0.66347 0.256273 0.0829502 0.0147706 0.0536634 0.99845
0.663526 0.256193 0.0829283 0.0156938 0.0526244 0.998491
0.663582 0.256113 0.0829064 0.0166169 0.0515854 0.99853
0.663638 0.256033 0.0828845 0.01754 0.0505463 0.998568
0.663694 0.255953 0.0828626 0.018463 0.0495071 0.998603
0.66375 0.255873 0.0828407 0.0193859 0.0484679 0.998637
0.663806 0.255794 0.0828187 0.020159 0.0476132 0.998662
0.663862 0.255714 0.0827968 0.0207588 0.0469719 0.99868
0.663919 0.255634 0.0827749 0.0213586 0.0463306 0.998698
0.663975 0.255554 0.082753 0.0219583 0.0456893 0.998714
0.664031 0.255474 0.0827311 0.022558 0.045048 0.99873
0.664087 0.255394 0.0827092 0.0231577 0.0444067 0.998745
0.664143 0.255314 0.0826873 0.0237573 0.0437653 0.998759
0.664199 0.255234 0.0826654 0.0243477 0.0427863 0.998788
0.664255 0.255155 0.0826434 0.0249298 0.0415085 0.998827
0.664311 0.255075 0.0826215 0.0255118 0.0402307 0.998865
0.664367 0.254995 0.0825996 0.0260938 0.0389529 0.9989
0.664423 0.254915 0.0825777 0.0288556 0.0328245 0.999044
0.664479 0.254835 0.0825558 0.0295104 0.0317973 0.999059
0.664535 0.254755 0.0825339 0.0301651 0.03077 0.999071
0.664591 0.254675 0.082512 0.0308198 0.0297426 0.999082
0.664647 0.254596 0.0824901 0.0314745 0.0287151 0.999092
0.664703 0.254516 0.0824682 0.0321292 0.0276875 0.9991
0.664759 0.254436 0.0824462 0.0327838 0.0266599 0.999107
0.664815 0.254356 0.0824243 0.0334385 0.0256322 0.999112
0.664872 0.254276 0.0824024 0.0340931 0.0246044 0.999116
0.664928 0.254196 0.0823805 0.0347476 0.0235765 0.999118
0.664984 0.254116 0.0823586 0.0354021 0.0225486 0.999119
0.66504 0.254037 0.0823367 0.0360566 0.0215206 0.999118
0.665096 0.253957 0.0823148 0.0367111 0.0204926 0.999116
0.665152 0.253877 0.0822929 0.0373655 0.0194645 0.999112
0.665208 0.253797 0.082271 0.0380199 0.0184364 0.999107
0.665264 0.253717 0.082249 0.0385512 0.0173264 0.999106
0.66532 0.253637 0.0822271 0.0390536 0.0161971 0.999106
0.665376 0.253557 0.0822052 0.0395696 0.0150777 0.999103
0.665432 0.253478 0.0821833 0.0402058 0.0140464 0.999093
0.665488 0.253398 0.0821614 0.0408419 0.013015 0.999081
0.665544 0.253318 0.0821395 0.041478 0.0119835 0.999068
0.6656 0.253238 0.0821176 0.042114 0.0109521 0.999053
0.665656 0.253158 0.0820957 0.0427499 0.00992068 0.999037
0.665712 0.253078 0.0820737 0.0433857 0.00888924 0.999019
0.665768 0.252998 0.0820518 0.0440215 0.00785779 0.999
0.665824 0.252919 0.0820299 0.0446572 0.00682635 0.998979
0.665881 0.252839 0.082008 0.0452929 0.00579492 0.998957
0.665937 0.252759 0.0819861 0.0459284 0.00476351 0.998933
0.665993 0.252679 0.0819642 0.0465639 0.00373211 0.998908
0.666049 0.252599 0.0819423 0.0471993 0.00270073 0.998882
0.666105 0.252519 0.0819204 0.0478346 0.00166938 0.998854
0.666161 0.252439 0.0818985 0.0484698 0.000638061 0.998824
0.666217 0.25236 0.0818765 0.0491049 -0.000393222 0.998794
0.666273 0.25228 0.0818546 0.0497399 -0.00142446 0.998761
0.666329 0.2522 0.0818327 0.0503748 -0.00245566 0.998727
0.666385 0.25212 0.0818108 0.0510097 -0.00348681 0.998692
0.666441 0.25204 0.0817889 0.0516444 -0.0045179 0.998655
0.666497 0.25196 0.081767 0.052279 -0.00554894 0.998617
0.666553 0.25188 0.0817451 0.0529135 -0.00657991 0.998577
0.666609 0.251801 0.0817232 0.0538251 -0.00801003 0.998518
0.666665 0.251721 0.0817013 0.054412 -0.00854926 0.998482
0.666721 0.251641 0.0816793 0.0549988 -0.00908851 0.998445
0.666777 0.251561 0.0816574 0.0555856 -0.00962777 0.998408
0.666834 0.251481 0.0816355 0.0561723 -0.010167 0.998369
0.66689 0.251401 0.0816136 0.0567591 -0.0107063 0.99833
0.666946 0.251321 0.0815917 0.0573458 -0.0112456 0.998291
0.667002 0.251242 0.0815698 0.0579325 -0.0117849 0.998251
0.667058 0.251162 0.0815479 0.0585192 -0.0123241 0.99821
0.667114 0.251082 0.081526 0.0591058 -0.0128634 0.998169
0.66717 0.251002 0.0815041 0.0596925 -0.0134027 0.998127
0.667226 0.250922 0.0814821 0.0602791 -0.013942 0.998084
0.667282 0.250842 0.0814602 0.0608656 -0.0144813 0.998041
0.667338 0.250762 0.0814383 0.0614522 -0.0150206 0.997997
0.667394 0.250683 0.0814164 0.0620387 -0.0155598 0.997952
0.66745 0.250603 0.0813945 0.0626251 -0.0160991 0.997907
0.667506 0.250523 0.0813726 0.0632116 -0.0166384 0.997861
0.667562 0.250443 0.0813507 0.063798 -0.0171777 0.997815
0.667618 0.250363 0.0813288 0.0643843 -0.0177169 0.997768
0.667674 0.250283 0.0813068 0.0649707 -0.0182562 0.99772
0.66773 0.250203 0.0812849 0.065557 -0.0187954 0.997672
0.667787 0.250124 0.081263 0.0661432 -0.0193347 0.997623
0.667843 0.250044 0.0812411 0.0667294 -0.0198739 0.997573
0.667899 0.249964 0.0812192 0.0673156 -0.0204131 0.997523
0.667955 0.249884 0.0811973 0.0679017 -0.0209523 0.997472
0.668011 0.249804 0.0811754 0.0684878 -0.0214915 0.99742
0.668067 0.249724 0.0811535 0.0690738 -0.0220306 0.997368
0.668123 0.249644 0.0811316 0.0696598 -0.0225698 0.997315
0.668179 0.249565 0.0811096 0.0698422 -0.0229903 0.997293
0.668235 0.249485 0.0810877 0.0705962 -0.0237328 0.997223
0.668291 0.249405 0.0810658 0.0714385 -0.0245192 0.997144
0.668347 0.249325 0.0810439 0.0722807 -0.0253056 0.997063
0.668403 0.249245 0.081022 0.0731228 -0.0260919 0.996982
0.668459 0.249165 0.0810001 0.0739648 -0.0268782 0.996899
0.668515 0.249085 0.0809782 0.0748067 -0.0276645 0.996814
0.668571 0.249006 0.0809563 0.0756485 -0.0284507 0.996729
0.668627 0.248926 0.0809344 0.0764902 -0.0292369 0.996642
0.668683 0.248846 0.0809124 0.0773317 -0.0300231 0.996553
0.668739 0.248766 0.0808905 0.0781732 -0.0308091 0.996464
0.668796 0.248686 0.0808686 0.0790145 -0.0315951 0.996373
0.668852 0.248606 0.0808467 0.0798557 -0.0323811 0.99628
0.668908 0.248526 0.0808248 0.0806968 -0.033167 0.996187
0.668964 0.248447 0.0808029 0.0812671 -0.03721 0.995998
0.66902 0.248367 0.080781 0.0812194 -0.0383233 0.995959
0.669076 0.248287 0.0807591 0.0811716 -0.0394366 0.99592
0.669132 0.248207 0.0807371 0.0811237 -0.0405499 0.995879
0.669188 0.248127 0.0807152 0.0810757 -0.0416632 0.995837
0.669244 0.248047 0.0806933 0.0810275 -0.0427765 0.995794
0.6693 0.247967 0.0806714 0.0809793 -0.0438898 0.995749
0.669356 0.247887 0.0806495 0.080931 -0.045003 0.995703
0.669412 0.247808 0.0806276 0.0808826 -0.0461163 0.995656
0.669468 0.247728 0.0806057 0.080834 -0.0472295 0.995608
0.669524 0.247648 0.0805838 0.0807854 -0.0483427 0.995558
0.66958 0.247568 0.0805619 0.0807367 -0.0494559 0.995508
0.669636 0.247488 0.0805399 0.0806878 -0.0505691 0.995456
0.669692 0.247408 0.080518 0.0806389 -0.0516822 0.995403
0.669749 0.247328 0.0804961 0.0805899 -0.0527952 0.995348
0.669805 0.247249 0.0804742 0.0805407 -0.0539082 0.995292
0.669861 0.247169 0.0804523 0.0804915 -0.0550212 0.995236
0.669917 0.247089 0.0804304 0.0804421 -0.0561341 0.995177
0.669973 0.247009 0.0804085 0.0803927 -0.0572469 0.995118
0.670029 0.246929 0.0803866 0.0803431 -0.0583597 0.995057
0.670085 0.246849 0.0803647 0.0802935 -0.0594724 0.994995
0.670141 0.246769 0.0803427 0.0802438 -0.0605851 0.994932
0.670197 0.24669 0.0803208 0.0801939 -0.0616976 0.994868
0.670253 0.24661 0.0802989 0.080144 -0.0628101 0.994802
0.670309 0.24653 0.080277 0.0800939 -0.0639225 0.994736
0.670365 0.24645 0.0802551 0.0800438 -0.0650348 0.994668
0.670421 0.24637 0.0802332 0.0799935 -0.0661471 0.994598
0.670477 0.24629 0.0802113 0.0799432 -0.0672592 0.994528
0.670533 0.24621 0.0801894 0.0798928 -0.0683712 0.994456
0.670589 0.246131 0.0801675 0.0798422 -0.0694831 0.994383
0.670645 0.246051 0.0801455 0.0797916 -0.0705949 0.994309
0.670702 0.245971 0.0801236 0.0797409 -0.0717066 0.994233
0.670758 0.245891 0.0801017 0.07969 -0.0728182 0.994156
0.670814 0.245811 0.0800798 0.0796391 -0.0739296 0.994078
0.67087 0.245731 0.0800579 0.0797094 -0.0748988 0.994
0.670926 0.245651 0.080036 0.0799208 -0.0757025 0.993922
0.670982 0.245572 0.0800141 0.0801322 -0.0765062 0.993844
0.671038 0.245492 0.0799922 0.0803435 -0.0773098 0.993765
0.671094 0.245412 0.0799702 0.0805547 -0.0781133 0.993685
0.67115 0.245332 0.0799483 0.0807659 -0.0789167 0.993604
0.671206 0.245252 0.0799264 0.080977 -0.0797201 0.993523
0.671262 0.245172 0.0799045 0.081188 -0.0805234 0.993441
0.671318 0.245092 0.0798826 0.081399 -0.0813266 0.993358
0.671374 0.245013 0.0798607 0.0816099 -0.0821297 0.993275
0.67143 0.244933 0.0798388 0.0818208 -0.0829328 0.993191
0.671486 0.244853 0.0798169 0.0820316 -0.0837358 0.993106
0.671542 0.244773 0.079795 0.0822423 -0.0845386 0.99302
0.671598 0.244693 0.079773 0.0824529 -0.0853414 0.992934
0.671654 0.244613 0.0797511 0.0826635 -0.0861441 0.992847
0.671711 0.244533 0.0797292 0.0829816 -0.0868387 0.99276
0.671767 0.244454 0.0797073 0.0964149 -0.0980347 0.990502
0.671823 0.244374 0.0796854 0.0983697 -0.0998029 0.990133
0.671879 0.244294 0.0796635 0.100324 -0.101571 0.989757
0.671935 0.244214 0.0796416 0.102278 -0.103338 0.989374
0.671991 0.244134 0.0796197 0.104232 -0.105105 0.988984
0.672047 0.244054 0.0795978 0.106186 -0.106872 0.988586
0.672103 0.243974 0.0795758 0.108139 -0.108638 0.988182
0.672159 0.243895 0.0795539 0.110091 -0.110404 0.987771
0.672215 0.243815 0.079532 0.112161 -0.111954 0.987363
0.672271 0.243735 0.0795101 0.114247 -0.113475 0.98695
0.672327 0.243655 0.0794882 0.116333 -0.114994 0.986531
0.672383 0.243575 0.0794663 0.118418 -0.116513 0.986104
0.672439 0.243495 0.0794444 0.120502 -0.118032 0.985671
0.672495 0.243415 0.0794225 0.122585 -0.119549 0.985231
0.672551 0.243336 0.0794005 0.124668 -0.121066 0.984785
0.672607 0.243256 0.0793786 0.12675 -0.122582 0.984331
0.672664 0.243176 0.0793567 0.128831 -0.124098 0.983871
0.67272 0.243096 0.0793348 0.130844 -0.1254 0.98344
0.672776 0.243016 0.0793129 0.132827 -0.126616 0.983019
0.672832 0.242936 0.079291 0.13481 -0.12783 0.982591
0.672888 0.242856 0.0792691 0.136792 -0.129044 0.982159
0.672944 0.242777 0.0792472 0.138773 -0.130258 0.98172
0.673 0.242697 0.0792253 0.140754 -0.13147 0.981277
0.673056 0.242617 0.0792033 0.142733 -0.132682 0.980828
0.673112 0.242537 0.0791814 0.144712 -0.133892 0.980373
0.673168 0.242457 0.0791595 0.146689 -0.135102 0.979913
0.673224 0.242377 0.0791376 0.148665 -0.136311 0.979448
0.67328 0.242297 0.0791157 0.150641 -0.137519 0.978977
0.673336 0.242218 0.0790938 0.152615 -0.138726 0.978501
0.673392 0.242138 0.0790719 0.154588 -0.139933 0.978019
0.673448 0.242058 0.07905 0.15656 -0.141138 0.977532
0.673504 0.241978 0.0790281 0.15853 -0.142342 0.97704
0.67356 0.241898 0.0790061 0.1605 -0.143545 0.976542
0.673617 0.241818 0.0789842 0.162468 -0.144747 0.976039
0.673673 0.241738 0.0789623 0.164435 -0.145949 0.975531
0.673729 0.241659 0.0789404 0.1664 -0.147149 0.975017
0.673785 0.241579 0.0789185 0.168364 -0.148348 0.974498
0.673841 0.241499 0.0788966 0.170327 -0.149546 0.973974
0.673897 0.241419 0.0788747 0.173024 -0.149491 0.973507
0.673953 0.241339 0.0788528 0.173479 -0.14853 0.973573
0.674009 0.241259 0.0788309 0.173934 -0.147569 0.973638
0.674065 0.241179 0.0788089 0.174388 -0.146608 0.973702
0.674121 0.241099 0.078787 0.174843 -0.145647 0.973764
0.674177 0.24102 0.0787651 0.175297 -0.144685 0.973826
0.674233 0.24094 0.0787432 0.175751 -0.143723 0.973887
0.674289 0.24086 0.0787213 0.176205 -0.142761 0.973946
0.674345 0.24078 0.0786994 0.176658 -0.141799 0.974005
0.674401 0.2407 0.0786775 0.177112 -0.140836 0.974062
0.674457 0.24062 0.0786556 0.177565 -0.139874 0.974118
0.674513 0.24054 0.0786336 0.178018 -0.138911 0.974173
0.674569 0.240461 0.0786117 0.178471 -0.137948 0.974227
0.674626 0.240381 0.0785898 0.178924 -0.136985 0.97428
0.674682 0.240301 0.0785679 0.179376 -0.136022 0.974332
0.674738 0.240221 0.078546 0.179828 -0.135059 0.974382
0.674794 0.240141 0.0785241 0.18028 -0.134095 0.974432
0.67485 0.240061 0.0785022 0.180732 -0.133132 0.97448
0.674906 0.239981 0.0784803 0.181184 -0.132168 0.974528
0.674962 0.239902 0.0784584 0.181635 -0.131204 0.974574
0.675018 0.239822 0.0784364 0.182086 -0.13024 0.974619
0.675074 0.239742 0.0784145 0.182537 -0.129276 0.974663
0.67513 0.239662 0.0783926 0.182988 -0.128311 0.974706
0.675186 0.239582 0.0783707 0.183438 -0.127347 0.974748
0.675242 0.239502 0.0783488 0.183889 -0.126382 0.974788
0.675298 0.239422 0.0783269 0.184321 -0.125582 0.97481
0.675354 0.239343 0.078305 0.184646 -0.125778 0.974723
0.67541 0.239263 0.0782831 0.185811 -0.125815 0.974497
0.675466 0.239183 0.0782612 0.187338 -0.125782 0.974209
0.675522 0.239103 0.0782392 0.188865 -0.125749 0.973918
0.675579 0.239023 0.0782173 0.190391 -0.125715 0.973626
0.675635 0.238943 0.0781954 0.191917 -0.125681 0.97333
0.675691 0.238863 0.0781735 0.193443 -0.125647 0.973033
0.675747 0.238784 0.0781516 0.194968 -0.125613 0.972733
0.675803 0.238704 0.0781297 0.200982 -0.125612 0.971508
0.675859 0.238624 0.0781078 0.201906 -0.125347 0.971351
0.675915 0.238544 0.0780859 0.202829 -0.125081 0.971193
0.675971 0.238464 0.0780639 0.203752 -0.124815 0.971034
0.676027 0.238384 0.078042 0.204675 -0.12455 0.970874
0.676083 0.238304 0.0780201 0.205598 -0.124284 0.970713
0.676139 0.238225 0.0779982 0.206521 -0.124017 0.970551
0.676195 0.238145 0.0779763 0.207443 -0.123751 0.970388
0.676251 0.238065 0.0779544 0.208366 -0.123485 0.970224
0.676307 0.237985 0.0779325 0.209288 -0.123218 0.97006
0.676363 0.237905 0.0779106 0.21021 -0.122952 0.969894
0.676419 0.237825 0.0778887 0.211131 -0.122685 0.969728
0.676475 0.237745 0.0778667 0.212053 -0.122418 0.96956
0.676532 0.237666 0.0778448 0.212974 -0.122151 0.969392
0.676588 0.237586 0.0778229 0.213895 -0.121884 0.969223
0.676644 0.237506 0.077801 0.214816 -0.121617 0.969053
0.6767 0.237426 0.0777791 0.215737 -0.12135 0.968882
0.676756 0.237346 0.0777572 0.216657 -0.121082 0.96871
0.676812 0.237266 0.0777353 0.217578 -0.120815 0.968537
0.676868 0.237186 0.0777134 0.218498 -0.120547 0.968363
0.676924 0.237107 0.0776915 0.219417 -0.120279 0.968188
0.67698 0.237027 0.0776695 0.220337 -0.120011 0.968013
0.677036 0.236947 0.0776476 0.221256 -0.119743 0.967836
0.677092 0.236867 0.0776257 0.222176 -0.119475 0.967659
0.677148 0.236787 0.0776038 0.223095 -0.119207 0.96748
0.677204 0.236707 0.0775819 0.224013 -0.118939 0.967301
0.67726 0.236627 0.07756 0.224932 -0.11867 0.967121
0.677316 0.236548 0.0775381 0.22585 -0.118402 0.96694
0.677372 0.236468 0.0775162 0.226768 -0.118133 0.966758
0.677428 0.236388 0.0774943 0.227661 -0.117744 0.966595
0.677484 0.236308 0.0774723 0.227826 -0.117726 0.966559
0.677541 0.236228 0.0774504 0.227991 -0.117707 0.966522
0.677597 0.236148 0.0774285 0.228157 -0.117689 0.966485
0.677653 0.236068 0.0774066 0.228322 -0.11767 0.966449
0.677709 0.235989 0.0773847 0.228487 -0.117652 0.966412
0.677765 0.235909 0.0773628 0.228652 -0.117633 0.966375
0.677821 0.235829 0.0773409 0.228817 -0.117614 0.966338
0.677877 0.235749 0.077319 0.228982 -0.117596 0.966301
0.677933 0.235669 0.077297 0.229147 -0.117577 0.966265
0.677989 0.235589 0.0772751 0.229312 -0.117559 0.966228
0.678045 0.235509 0.0772532 0.229477 -0.11754 0.966191
0.678101 0.23543 0.0772313 0.229642 -0.117522 0.966154
0.678157 0.23535 0.0772094 0.229807 -0.117503 0.966117
0.678213 0.23527 0.0771875 0.229972 -0.117484 0.96608
0.678269 0.23519 0.0771656 0.230137 -0.117466 0.966043
0.678325 0.23511 0.0771437 0.230302 -0.117447 0.966006
0.678381 0.23503 0.0771218 0.230467 -0.117429 0.965969
0.678437 0.23495 0.0770998 0.230632 -0.11741 0.965932
0.678494 0.234871 0.0770779 0.230797 -0.117391 0.965894
0.67855 0.234791 0.077056 0.230962 -0.117373 0.965857
0.678606 0.234711 0.0770341 0.231127 -0.117354 0.96582
0.678662 0.234631 0.0770122 0.231292 -0.117335 0.965783
0.678718 0.234551 0.0769903 0.231456 -0.117317 0.965746
0.678774 0.234471 0.0769684 0.231621 -0.117298 0.965708
0.67883 0.234391 0.0769465 0.231786 -0.11728 0.965671
0.678886 0.234312 0.0769246 0.231951 -0.117261 0.965634
0.678942 0.234232 0.0769026 0.231929 -0.117194 0.965647
0.678998 0.234152 0.0768807 0.231837 -0.11711 0.96568
0.679054 0.234072 0.0768588 0.231745 -0.117025 0.965712
0.67911 0.233992 0.0768369 0.2326 -0.117699 0.965424
0.679166 0.233912 0.076815 0.233717 -0.118582 0.965046
0.679222 0.233832 0.0767931 0.234833 -0.119464 0.964667
0.679278 0.233752 0.0767712 0.235949 -0.120347 0.964285
0.679334 0.233673 0.0767493 0.237065 -0.121229 0.9639
0.67939 0.233593 0.0767273 0.23818 -0.122111 0.963514
0.679447 0.233513 0.0767054 0.239294 -0.122993 0.963126
0.679503 0.233433 0.0766835 0.240408 -0.123874 0.962735
0.679559 0.233353 0.0766616 0.241522 -0.124756 0.962343
0.679615 0.233273 0.0766397 0.242635 -0.125637 0.961948
0.679671 0.233193 0.0766178 0.243748 -0.126518 0.961551
0.679727 0.233114 0.0765959 0.244861 -0.127398 0.961152
0.679783 0.233034 0.076574 0.245972 -0.128279 0.960751
0.679839 0.232954 0.0765521 0.247084 -0.129159 0.960348
0.679895 0.232874 0.0765301 0.248195 -0.130039 0.959942
0.679951 0.232794 0.0765082 0.249305 -0.130919 0.959535
0.680007 0.232714 0.0764863 0.250415 -0.131798 0.959125
0.680063 0.232634 0.0764644 0.251524 -0.132678 0.958714
0.680119 0.232555 0.0764425 0.252633 -0.133557 0.9583
0.680175 0.232475 0.0764206 0.253741 -0.134435 0.957884
0.680231 0.232395 0.0763987 0.254849 -0.135314 0.957466
0.680287 0.232315 0.0763768 0.255957 -0.136192 0.957046
0.680343 0.232235 0.0763549 0.257063 -0.13707 0.956624
0.680399 0.232155 0.0763329 0.258169 -0.137948 0.9562
0.680456 0.232075 0.076311 0.259275 -0.138825 0.955774
0.680512 0.231996 0.0762891 0.26038 -0.139702 0.955346
0.680568 0.231916 0.0762672 0.261485 -0.140579 0.954915
0.680624 0.231836 0.0762453 0.262588 -0.141455 0.954483
0.68068 0.231756 0.0762234 0.263692 -0.142331 0.954049
0.680736 0.231676 0.0762015 0.264794 -0.143207 0.953612
0.680792 0.231596 0.0761796 0.265896 -0.144082 0.953173
0.680848 0.231516 0.0761577 0.266998 -0.144957 0.952733
0.680904 0.231437 0.0761357 0.268099 -0.145832 0.95229
0.68096 0.231357 0.0761138 0.269199 -0.146706 0.951845
0.681016 0.231277 0.0760919 0.270299 -0.14758 0.951398
0.681072 0.231197 0.07607 0.271398 -0.148454 0.950949
0.681128 0.231117 0.0760481 0.272496 -0.149327 0.950499
0.681184 0.231037 0.0760262 0.273594 -0.1502 0.950046
0.68124 0.230957 0.0760043 0.274691 -0.151072 0.949591
0.681296 0.230878 0.0759824 0.275787 -0.151944 0.949134
0.681352 0.230798 0.0759604 0.283271 -0.156269 0.946223
0.681409 0.230718 0.0759385 0.284259 -0.156857 0.945829
0.681465 0.230638 0.0759166 0.285114 -0.161075 0.944862
0.681521 0.230558 0.0758947 0.285268 -0.16091 0.944844
0.681577 0.230478 0.0758728 0.285421 -0.160745 0.944826
0.681633 0.230398 0.0758509 0.285575 -0.160581 0.944807
0.681689 0.230319 0.075829 0.285729 -0.160416 0.944789
0.681745 0.230239 0.0758071 0.285882 -0.160251 0.94477
0.681801 0.230159 0.0757852 0.286036 -0.160087 0.944752
0.681857 0.230079 0.0757632 0.28619 -0.159922 0.944733
0.681913 0.229999 0.0757413 0.286343 -0.159757 0.944714
0.681969 0.229919 0.0757194 0.286497 -0.159592 0.944696
0.682025 0.229839 0.0756975 0.28665 -0.159428 0.944677
0.682081 0.22976 0.0756756 0.286804 -0.159263 0.944658
0.682137 0.22968 0.0756537 0.286957 -0.159098 0.944639
0.682193 0.2296 0.0756318 0.287111 -0.158934 0.94462
0.682249 0.22952 0.0756099 0.287264 -0.158769 0.944601
0.682305 0.22944 0.075588 0.287397 -0.158699 0.944573
0.682362 0.22936 0.075566 0.28752 -0.158682 0.944538
0.682418 0.22928 0.0755441 0.287642 -0.158664 0.944504
0.682474 0.229201 0.0755222 0.287764 -0.158646 0.94447
0.68253 0.229121 0.0755003 0.287886 -0.158628 0.944436
0.682586 0.229041 0.0754784 0.288009 -0.158611 0.944401
0.682642 0.228961 0.0754565 0.288131 -0.158593 0.944367
0.682698 0.228881 0.0754346 0.288253 -0.158575 0.944333
0.682754 0.228801 0.0754127 0.288375 -0.158557 0.944298
0.68281 0.228721 0.0753907 0.288498 -0.15854 0.944264
0.682866 0.228642 0.0753688 0.28862 -0.158522 0.94423
0.682922 0.228562 0.0753469 0.288742 -0.158504 0.944195
0.682978 0.228482 0.075325 0.288864 -0.158486 0.944161
0.683034 0.228402 0.0753031 0.288986 -0.158469 0.944126
0.68309 0.228322 0.0752812 0.289108 -0.158451 0.944092
0.683146 0.228242 0.0752593 0.289231 -0.158433 0.944058
0.683202 0.228162 0.0752374 0.289353 -0.158415 0.944023
0.683258 0.228083 0.0752155 0.289475 -0.158398 0.943989
0.683314 0.228003 0.0751935 0.289672 -0.158374 0.943932
0.683371 0.227923 0.0751716 0.289889 -0.158349 0.94387
0.683427 0.227843 0.0751497 0.290105 -0.158323 0.943808
0.683483 0.227763 0.0751278 0.290322 -0.158298 0.943745
0.683539 0.227683 0.0751059 0.290538 -0.158273 0.943683
0.683595 0.227603 0.075084 0.290754 -0.158248 0.94362
0.683651 0.227524 0.0750621 0.290971 -0.158223 0.943558
0.683707 0.227444 0.0750402 0.291187 -0.158197 0.943495
0.683763 0.227364 0.0750183 0.291403 -0.158172 0.943433
0.683819 0.227284 0.0749963 0.29162 -0.158147 0.94337
0.683875 0.227204 0.0749744 0.291836 -0.158122 0.943308
0.683931 0.227124 0.0749525 0.292052 -0.158096 0.943245
0.683987 0.227044 0.0749306 0.292268 -0.158071 0.943182
0.684043 0.226964 0.0749087 0.292485 -0.158046 0.943119
0.684099 0.226885 0.0748868 0.292645 -0.158026 0.943073
0.684155 0.226805 0.0748649 0.292495 -0.158034 0.943118
0.684211 0.226725 0.074843 0.292345 -0.158043 0.943163
0.684267 0.226645 0.074821 0.292195 -0.158051 0.943208
0.684324 0.226565 0.0747991 0.292046 -0.15806 0.943253
0.68438 0.226485 0.0747772 0.291857 -0.157538 0.943399
0.684436 0.226405 0.0747553 0.291741 -0.156699 0.943574
0.684492 0.226326 0.0747334 0.291757 -0.156485 0.943605
0.684548 0.226246 0.0747115 0.291773 -0.15627 0.943636
0.684604 0.226166 0.0746896 0.291789 -0.156055 0.943666
0.68466 0.226086 0.0746677 0.294259 -0.156651 0.9428
0.684716 0.226006 0.0746458 0.29822 -0.157739 0.941373
0.684772 0.225926 0.0746238 0.301146 -0.158132 0.940375
0.684828 0.225846 0.0746019 0.303503 -0.158142 0.939615
0.684884 0.225767 0.07458 0.305858 -0.158151 0.93885
0.68494 0.225687 0.0745581 0.308212 -0.158159 0.938078
0.684996 0.225607 0.0745362 0.310564 -0.158166 0.937301
0.685052 0.225527 0.0745143 0.312915 -0.158172 0.936518
0.685108 0.225447 0.0744924 0.315265 -0.158177 0.935729
0.685164 0.225367 0.0744705 0.317051 -0.159173 0.934956
0.68522 0.225287 0.0744486 0.317993 -0.161655 0.93421
0.685277 0.225208 0.0744266 0.318932 -0.164138 0.933456
0.685333 0.225128 0.0744047 0.31987 -0.16662 0.932695
0.685389 0.225048 0.0743828 0.320806 -0.169103 0.931927
0.685445 0.224968 0.0743609 0.32174 -0.171585 0.931151
0.685501 0.224888 0.074339 0.322672 -0.174067 0.930368
0.685557 0.224808 0.0743171 0.323601 -0.176549 0.929577
0.685613 0.224728 0.0742952 0.324529 -0.17903 0.928778
0.685669 0.224649 0.0742733 0.325454 -0.181511 0.927973
0.685725 0.224569 0.0742514 0.326377 -0.183991 0.92716
0.685781 0.224489 0.0742294 0.327298 -0.186471 0.926339
0.685837 0.224409 0.0742075 0.360366 -0.249416 0.898848
0.685893 0.224329 0.0741856 0.364009 -0.251945 0.896673
0.685949 0.224249 0.0741637 0.367645 -0.254469 0.894473
0.686005 0.224169 0.0741418 0.371275 -0.256988 0.892251
0.686061 0.22409 0.0741199 0.374898 -0.259503 0.890005
0.686117 0.22401 0.074098 0.378515 -0.262013 0.887736
0.686173 0.22393 0.0740761 0.382123 -0.264518 0.885444
0.686229 0.22385 0.0740541 0.385725 -0.267018 0.88313
0.686286 0.22377 0.0740322 0.389318 -0.269512 0.880792
0.686342 0.22369 0.0740103 0.392903 -0.272001 0.878432
0.686398 0.22361 0.0739884 0.39648 -0.274484 0.876049
0.686454 0.223531 0.0739665 0.400048 -0.27696 0.873644
0.68651 0.223451 0.0739446 0.403608 -0.279431 0.871217
0.686566 0.223371 0.0739227 0.407157 -0.281895 0.868768
0.686622 0.223291 0.0739008 0.410698 -0.284353 0.866297
0.686678 0.223211 0.0738789 0.414228 -0.286803 0.863805
0.686734 0.223131 0.0738569 0.417749 -0.289247 0.861291
0.68679 0.223051 0.073835 0.427386 -0.305732 0.850805
0.686846 0.222972 0.0738131 0.432837 -0.308186 0.847156
0.686902 0.222892 0.0737912 0.438266 -0.310625 0.843466
0.686958 0.222812 0.0737693 0.443672 -0.313049 0.839736
0.687014 0.222732 0.0737474 0.449055 -0.315456 0.835965
0.68707 0.222652 0.0737255 0.454413 -0.317846 0.832155
0.687126 0.222572 0.0737036 0.459746 -0.32022 0.828307
0.687182 0.222492 0.0736817 0.465054 -0.322577 0.824421
0.687239 0.222413 0.0736597 0.470335 -0.324916 0.820497
0.687295 0.222333 0.0736378 0.475589 -0.327237 0.816536
0.687351 0.222253 0.0736159 0.480814 -0.329541 0.812539
0.687407 0.222173 0.073594 0.486012 -0.331826 0.808507
0.687463 0.222093 0.0735721 0.49118 -0.334093 0.804441
0.687519 0.222013 0.0735502 0.496318 -0.33634 0.80034
0.687575 0.221933 0.0735283 0.501425 -0.338569 0.796206
0.687631 0.221854 0.0735064 0.506501 -0.340778 0.79204
0.687687 0.221774 0.0734844 0.511546 -0.342968 0.787841
0.687743 0.221694 0.0734625 0.516558 -0.345137 0.783612
0.687799 0.221614 0.0734406 0.521537 -0.347287 0.779353
0.687855 0.221534 0.0734187 0.526482 -0.349417 0.775064
0.687911 0.221454 0.0733968 0.531393 -0.351525 0.770747
0.687967 0.221374 0.0733749 0.535549 -0.352981 0.767197
0.688023 0.221295 0.073353 0.535471 -0.351862 0.767766
0.688079 0.221215 0.0733311 0.535391 -0.350743 0.768333
0.688135 0.221135 0.0733092 0.535311 -0.349624 0.768899
0.688192 0.221055 0.0732872 0.53523 -0.348504 0.769463
0.688248 0.220975 0.0732653 0.535149 -0.347384 0.770026
0.688304 0.220895 0.0732434 0.535066 -0.346263 0.770588
0.68836 0.220815 0.0732215 0.534983 -0.345142 0.771149
0.688416 0.220736 0.0731996 0.534898 -0.34402 0.771708
0.688472 0.220656 0.0731777 0.534813 -0.342898 0.772267
0.688528 0.220576 0.0731558 0.534727 -0.341776 0.772823
0.688584 0.220496 0.0731339 0.534641 -0.340653 0.773379
0.68864 0.220416 0.073112 0.534553 -0.33953 0.773933
0.688696 0.220336 0.07309 0.534465 -0.338406 0.774486
0.688752 0.220256 0.0730681 0.534375 -0.337282 0.775038
0.688808 0.220177 0.0730462 0.534285 -0.336158 0.775588
0.688864 0.220097 0.0730243 0.534194 -0.335033 0.776137
0.68892 0.220017 0.0730024 0.534103 -0.333908 0.776685
0.688976 0.219937 0.0729805 0.53401 -0.332782 0.777232
0.689032 0.219857 0.0729586 0.533917 -0.331656 0.777777
0.689088 0.219777 0.0729367 0.533822 -0.33053 0.778321
0.689144 0.219697 0.0729148 0.533727 -0.329404 0.778863
0.689201 0.219617 0.0728928 0.533632 -0.328277 0.779405
0.689257 0.219538 0.0728709 0.533535 -0.327149 0.779945
0.689313 0.219458 0.072849 0.533437 -0.326022 0.780483
0.689369 0.219378 0.0728271 0.533339 -0.324894 0.781021
0.689425 0.219298 0.0728052 0.53324 -0.323766 0.781557
0.689481 0.219218 0.0727833 0.53314 -0.322637 0.782092
0.689537 0.219138 0.0727614 0.533039 -0.321508 0.782625
0.689593 0.219058 0.0727395 0.532937 -0.320379 0.783157
0.689649 0.218979 0.0727175 0.532835 -0.31925 0.783688
0.689705 0.218899 0.0726956 0.532732 -0.31812 0.784217
0.689761 0.218819 0.0726737 0.532628 -0.31699 0.784745
0.689817 0.218739 0.0726518 0.532523 -0.31586 0.785272
0.689873 0.218659 0.0726299 0.532417 -0.314729 0.785797
0.689929 0.218579 0.072608 0.532311 -0.313598 0.786322
0.689985 0.218499 0.0725861 0.532203 -0.312467 0.786844
0.690041 0.21842 0.0725642 0.532095 -0.311336 0.787366
0.690097 0.21834 0.0725423 0.531986 -0.310204 0.787886
0.690154 0.21826 0.0725203 0.531876 -0.309072 0.788405
0.69021 0.21818 0.0724984 0.532063 -0.306867 0.78914
0.690266 0.2181 0.0724765 0.532005 -0.306801 0.789205
0.690322 0.21802 0.0724546 0.531946 -0.306735 0.78927
0.690378 0.21794 0.0724327 0.531887 -0.306668 0.789336
0.690434 0.217861 0.0724108 0.531828 -0.306602 0.789401
0.69049 0.217781 0.0723889 0.53177 -0.306536 0.789466
0.690546 0.217701 0.072367 0.531711 -0.306469 0.789531
0.690602 0.217621 0.0723451 0.531652 -0.306403 0.789597
0.690658 0.217541 0.0723231 0.531594 -0.306337 0.789662
0.690714 0.217461 0.0723012 0.531648 -0.306277 0.789649
0.69077 0.217381 0.0722793 0.525647 -0.307052 0.793356
0.690826 0.217302 0.0722574 0.519608 -0.307812 0.797032
0.690882 0.217222 0.0722355 0.51353 -0.308559 0.800674
0.690938 0.217142 0.0722136 0.507221 -0.309015 0.80451
0.690994 0.217062 0.0721917 0.505759 -0.307999 0.805819
0.69105 0.216982 0.0721698 0.504295 -0.30698 0.807125
0.691107 0.216902 0.0721478 0.502827 -0.30596 0.808426
0.691163 0.216822 0.0721259 0.501357 -0.304937 0.809725
0.691219 0.216743 0.072104 0.499884 -0.303913 0.81102
0.691275 0.216663 0.0720821 0.498408 -0.302887 0.812311
0.691331 0.216583 0.0720602 0.496928 -0.301859 0.813599
0.691387 0.216503 0.0720383 0.495446 -0.300829 0.814883
0.691443 0.216423 0.0720164 0.493961 -0.299798 0.816164
0.691499 0.216343 0.0719945 0.492474 -0.298765 0.817441
0.691555 0.216263 0.0719726 0.490983 -0.29773 0.818714
0.691611 0.216184 0.0719506 0.489489 -0.296693 0.819984
0.691667 0.216104 0.0719287 0.487993 -0.295654 0.82125
0.691723 0.216024 0.0719068 0.486494 -0.294614 0.822512
0.691779 0.215944 0.0718849 0.484992 -0.293572 0.823771
0.691835 0.215864 0.071863 0.483488 -0.292529 0.825025
0.691891 0.215784 0.0718411 0.48198 -0.291483 0.826276
0.691947 0.215704 0.0718192 0.48047 -0.290436 0.827523
0.692003 0.215625 0.0717973 0.478958 -0.289388 0.828767
0.692059 0.215545 0.0717754 0.477442 -0.288338 0.830006
0.692116 0.215465 0.0717534 0.475924 -0.287286 0.831242
0.692172 0.215385 0.0717315 0.474403 -0.286232 0.832474
0.692228 0.215305 0.0717096 0.47288 -0.285177 0.833702
0.692284 0.215225 0.0716877 0.471354 -0.28412 0.834926
0.69234 0.215145 0.0716658 0.469826 -0.283062 0.836146
0.692396 0.215066 0.0716439 0.468295 -0.282002 0.837362
0.692452 0.214986 0.071622 0.466762 -0.280941 0.838574
0.692508 0.214906 0.0716001 0.465226 -0.279878 0.839782
0.692564 0.214826 0.0715782 0.463687 -0.278814 0.840986
0.69262 0.214746 0.0715562 0.462146 -0.277748 0.842186
0.692676 0.214666 0.0715343 0.460603 -0.276681 0.843382
0.692732 0.214586 0.0715124 0.459057 -0.275612 0.844573
0.692788 0.214507 0.0714905 0.457509 -0.274542 0.845761
0.692844 0.214427 0.0714686 0.455959 -0.273471 0.846945
0.6929 0.214347 0.0714467 0.454406 -0.272398 0.848124
0.692956 0.214267 0.0714248 0.452851 -0.271323 0.8493
0.693012 0.214187 0.0714029 0.451294 -0.270247 0.850471
0.693069 0.214107 0.0713809 0.449734 -0.26917 0.851638
0.693125 0.214027 0.071359 0.448172 -0.268092 0.8528
0.693181 0.213948 0.0713371 0.446608 -0.267012 0.853959
0.693237 0.213868 0.0713152 0.445042 -0.265931 0.855113
0.693293 0.213788 0.0712933 0.443473 -0.264848 0.856263
0.693349 0.213708 0.0712714 0.441903 -0.263765 0.857409
0.693405 0.213628 0.0712495 0.44033 -0.26268 0.85855
0.693461 0.213548 0.0712276 0.438755 -0.261594 0.859688
0.693517 0.213468 0.0712057 0.437178 -0.260506 0.86082
0.693573 0.213389 0.0711837 0.435599 -0.259417 0.861949
0.693629 0.213309 0.0711618 0.434018 -0.258328 0.863073
0.693685 0.213229 0.0711399 0.433148 -0.256264 0.864125
0.693741 0.213149 0.071118 0.43459 -0.255898 0.863509
0.693797 0.213069 0.0710961 0.436031 -0.255532 0.862891
0.693853 0.212989 0.0710742 0.43747 -0.255166 0.862271
0.693909 0.212909 0.0710523 0.438907 -0.254798 0.861648
0.693965 0.212829 0.0710304 0.440343 -0.254431 0.861024
0.694022 0.21275 0.0710085 0.441777 -0.254063 0.860398
0.694078 0.21267 0.0709865 0.443209 -0.253694 0.859771
0.694134 0.21259 0.0709646 0.444639 -0.253325 0.859141
0.69419 0.21251 0.0709427 0.446067 -0.252955 0.858509
0.694246 0.21243 0.0709208 0.447494 -0.252585 0.857875
0.694302 0.21235 0.0708989 0.448919 -0.252215 0.857239
0.694358 0.21227 0.070877 0.450342 -0.251844 0.856602
0.694414 0.212191 0.0708551 0.451763 -0.251472 0.855962
0.69447 0.212111 0.0708332 0.453183 -0.2511 0.855321
0.694526 0.212031 0.0708112 0.4546 -0.250728 0.854678
0.694582 0.211951 0.0707893 0.456016 -0.250355 0.854033
0.694638 0.211871 0.0707674 0.45743 -0.249982 0.853386
0.694694 0.211791 0.0707455 0.458842 -0.249608 0.852737
0.69475 0.211711 0.0707236 0.460252 -0.249234 0.852086
0.694806 0.211632 0.0707017 0.46166 -0.248859 0.851433
0.694862 0.211552 0.0706798 0.463067 -0.248484 0.850779
0.694918 0.211472 0.0706579 0.464471 -0.248108 0.850123
0.694974 0.211392 0.070636 0.465874 -0.247732 0.849465
0.695031 0.211312 0.070614 0.467275 -0.247356 0.848805
0.695087 0.211232 0.0705921 0.468673 -0.246979 0.848143
0.695143 0.211152 0.0705702 0.47007 -0.246601 0.84748
0.695199 0.211073 0.0705483 0.471465 -0.246224 0.846814
0.695255 0.210993 0.0705264 0.472858 -0.245846 0.846147
0.695311 0.210913 0.0705045 0.474249 -0.245467 0.845478
0.695367 0.210833 0.0704826 0.47652 -0.244736 0.844413
0.695423 0.210753 0.0704607 0.476248 -0.244891 0.844521
0.695479 0.210673 0.0704388 0.475976 -0.245047 0.84463
0.695535 0.210593 0.0704168 0.475704 -0.245202 0.844738
0.695591 0.210514 0.0703949 0.475432 -0.245358 0.844846
0.695647 0.210434 0.070373 0.47516 -0.245514 0.844954
0.695703 0.210354 0.0703511 0.474887 -0.245669 0.845061
0.695759 0.210274 0.0703292 0.474597 -0.250977 0.843664
0.695815 0.210194 0.0703073 0.474507 -0.25645 0.842067
0.695871 0.210114 0.0702854 0.474402 -0.261926 0.840439
0.695927 0.210034 0.0702635 0.474281 -0.267403 0.838781
0.695984 0.209955 0.0702416 0.474144 -0.272882 0.837092
0.69604 0.209875 0.0702196 0.473992 -0.278361 0.835372
0.696096 0.209795 0.0701977 0.473823 -0.283841 0.833622
0.696152 0.209715 0.0701758 0.473638 -0.28932 0.831842
0.696208 0.209635 0.0701539 0.473438 -0.294798 0.830031
0.696264 0.209555 0.070132 0.473221 -0.300275 0.828189
0.69632 0.209475 0.0701101 0.472988 -0.305749 0.826317
0.696376 0.209396 0.0700882 0.472739 -0.311221 0.824415
0.696432 0.209316 0.0700663 0.472473 -0.31669 0.822482
0.696488 0.209236 0.0700443 0.472192 -0.322155 0.820519
0.696544 0.209156 0.0700224 0.471894 -0.327615 0.818526
0.6966 0.209076 0.0700005 -0.507048 0.268869 -0.818909
0.696656 0.208996 0.0699786 -0.507395 0.269921 -0.818348
0.696712 0.208916 0.0699567 -0.507741 0.270972 -0.817785
0.696768 0.208837 0.0699348 -0.508087 0.272023 -0.817222
0.696824 0.208757 0.0699129 -0.508431 0.273074 -0.816657
0.69688 0.208677 0.069891 -0.508775 0.274124 -0.81609
0.696937 0.208597 0.0698691 -0.509119 0.275174 -0.815523
0.696993 0.208517 0.0698471 -0.509461 0.276223 -0.814954
0.697049 0.208437 0.0698252 -0.509803 0.277272 -0.814384
0.697105 0.208357 0.0698033 -0.510143 0.278321 -0.813813
0.697161 0.208278 0.0697814 -0.510483 0.279369 -0.81324
0.697217 0.208198 0.0697595 -0.510822 0.280416 -0.812667
0.697273 0.208118 0.0697376 -0.511161 0.281463 -0.812092
0.697329 0.208038 0.0697157 -0.511498 0.28251 -0.811515
0.697385 0.207958 0.0696938 -0.511835 0.283556 -0.810938
0.697441 0.207878 0.0696719 -0.512171 0.284602 -0.810359
0.697497 0.207798 0.0696499 -0.512507 0.285648 -0.809779
0.697553 0.207719 0.069628 -0.512841 0.286692 -0.809198
0.697609 0.207639 0.0696061 -0.513175 0.287737 -0.808616
0.697665 0.207559 0.0695842 -0.513507 0.288781 -0.808032
0.697721 0.207479 0.0695623 -0.513839 0.289824 -0.807447
0.697777 0.207399 0.0695404 -0.515872 0.290867 -0.805774
0.697833 0.207319 0.0695185 -0.518287 0.291576 -0.803966
0.697889 0.207239 0.0694966 -0.520698 0.292283 -0.80215
0.697946 0.20716 0.0694746 -0.523104 0.292987 -0.800325
0.698002 0.20708 0.0694527 -0.525507 0.293688 -0.798492
0.698058 0.207 0.0694308 -0.527905 0.294387 -0.796651
0.698114 0.20692 0.0694089 -0.530299 0.295083 -0.794802
0.69817 0.20684 0.069387 -0.532688 0.295776 -0.792944
0.698226 0.20676 0.0693651 -0.535073 0.296467 -0.791078
0.698283 0.206746 0.0693491 -0.536292 0.296942 -0.790073
0.698341 0.206827 0.0693418 -0.535831 0.297109 -0.790324
0.698399 0.206908 0.0693345 -0.535369 0.297276 -0.790574
0.698457 0.206989 0.0693272 -0.534907 0.297443 -0.790824
0.698516 0.20707 0.0693199 -0.534445 0.29761 -0.791074
0.698574 0.207151 0.0693126 -0.533982 0.297776 -0.791323
0.698632 0.207232 0.0693052 -0.53352 0.297943 -0.791572
0.69869 0.207313 0.0692979 -0.533058 0.298109 -0.791821
0.698749 0.207394 0.0692906 -0.532595 0.298275 -0.79207
0.698807 0.207475 0.0692833 -0.532132 0.298441 -0.792318
0.698865 0.207556 0.069276 -0.531669 0.298608 -0.792566
0.698923 0.207637 0.0692687 -0.531206 0.298773 -0.792814
0.698982 0.207718 0.0692613 -0.530743 0.298939 -0.793062
0.69904 0.207799 0.069254 -0.53028 0.299105 -0.793309
0.699098 0.20788 0.0692467 -0.529816 0.299271 -0.793556
0.699156 0.207961 0.0692394 -0.529353 0.299436 -0.793803
0.699215 0.208042 0.0692321 -0.528889 0.299602 -0.79405
0.699273 0.208122 0.0692248 -0.528425 0.299767 -0.794296
0.699331 0.208203 0.0692174 -0.527961 0.299932 -0.794542
0.699389 0.208284 0.0692101 -0.527497 0.300097 -0.794788
0.699447 0.208365 0.0692028 -0.527033 0.300262 -0.795034
0.699506 0.208446 0.0691955 -0.526568 0.300427 -0.795279
0.699564 0.208527 0.0691882 -0.526104 0.300592 -0.795524
0.699622 0.208608 0.0691808 -0.525639 0.300757 -0.795769
0.69968 0.208689 0.0691735 -0.525175 0.300922 -0.796014
0.699739 0.20877 0.0691662 -0.52471 0.301086 -0.796258
0.699797 0.208851 0.0691589 -0.524245 0.30125 -0.796502
0.699855 0.208932 0.0691516 -0.52378 0.301415 -0.796746
0.699913 0.209013 0.0691443 -0.523315 0.301579 -0.796989
0.699972 0.209094 0.0691369 -0.522849 0.301743 -0.797233
0.70003 0.209175 0.0691296 -0.522384 0.301907 -0.797476
0.700088 0.209256 0.0691223 -0.521918 0.302071 -0.797718
0.700146 0.209337 0.069115 -0.521453 0.302235 -0.797961
0.700205 0.209418 0.0691077 -0.520987 0.302398 -0.798203
0.700263 0.209499 0.0691004 -0.520521 0.302562 -0.798445
0.700321 0.20958 0.069093 -0.520055 0.302725 -0.798687
0.700379 0.209661 0.0690857 -0.519589 0.302889 -0.798928
0.700437 0.209742 0.0690784 -0.519122 0.303052 -0.799169
0.700496 0.209823 0.0690711 -0.518656 0.303215 -0.79941
0.700554 0.209904 0.0690638 -0.518189 0.303378 -0.799651
0.700612 0.209985 0.0690565 -0.517723 0.303541 -0.799891
0.70067 0.210066 0.0690491 -0.517256 0.303704 -0.800131
0.700729 0.210147 0.0690418 -0.516305 0.3038 -0.800709
0.700787 0.210228 0.0690345 -0.513892 0.303439 -0.802396
0.700845 0.210309 0.0690272 -0.511474 0.303075 -0.804077
0.700903 0.210389 0.0690199 -0.509051 0.302708 -0.805751
0.700962 0.21047 0.0690126 -0.506623 0.302339 -0.807418
0.70102 0.210551 0.0690052 -0.50419 0.301966 -0.809079
0.701078 0.210632 0.0689979 -0.501752 0.301591 -0.810732
0.701136 0.210713 0.0689906 -0.49931 0.301214 -0.812379
0.701195 0.210794 0.0689833 -0.496862 0.300833 -0.814019
0.701253 0.210875 0.068976 -0.49441 0.30045 -0.815652
0.701311 0.210956 0.0689687 -0.491953 0.300065 -0.817278
0.701369 0.211037 0.0689613 -0.489492 0.299676 -0.818897
0.701427 0.211118 0.068954 -0.48698 0.299245 -0.82055
0.701486 0.211199 0.0689467 -0.484605 0.298863 -0.822094
0.701544 0.21128 0.0689394 -0.482227 0.298478 -0.823631
0.701602 0.211361 0.0689321 -0.479844 0.298091 -0.825162
0.70166 0.211442 0.0689247 -0.477457 0.297701 -0.826685
0.701719 0.211523 0.0689174 -0.475067 0.297309 -0.828202
0.701777 0.211604 0.0689101 -0.472672 0.296914 -0.829713
0.701835 0.211685 0.0689028 -0.470274 0.296517 -0.831216
0.701893 0.211766 0.0688955 -0.467872 0.296118 -0.832713
0.701952 0.211847 0.0688882 -0.465466 0.295716 -0.834202
0.70201 0.211928 0.0688808 -0.463057 0.295311 -0.835685
0.702068 0.212009 0.0688735 -0.460644 0.294905 -0.837161
0.702126 0.21209 0.0688662 -0.458227 0.294496 -0.83863
0.702185 0.212171 0.0688589 -0.455807 0.294084 -0.840092
0.702243 0.212252 0.0688516 -0.453384 0.293671 -0.841547
0.702301 0.212333 0.0688443 -0.450957 0.293255 -0.842994
0.702359 0.212414 0.0688369 -0.448527 0.292836 -0.844435
0.702417 0.212495 0.0688296 -0.446094 0.292416 -0.845868
0.702476 0.212575 0.0688223 -0.443657 0.291993 -0.847295
0.702534 0.212656 0.068815 -0.441218 0.291568 -0.848714
0.702592 0.212737 0.0688077 -0.438775 0.29114 -0.850126
0.70265 0.212818 0.0688004 -0.43633 0.29071 -0.85153
0.702709 0.212899 0.068793 -0.433881 0.290278 -0.852928
0.702767 0.21298 0.0687857 -0.433336 0.290915 -0.852988
0.702825 0.213061 0.0687784 -0.4354 0.291873 -0.851609
0.702883 0.213142 0.0687711 -0.437462 0.292828 -0.850223
0.702942 0.213223 0.0687638 -0.439521 0.293782 -0.848831
0.703 0.213304 0.0687565 -0.441578 0.294734 -0.847432
0.703058 0.213385 0.0687491 -0.443632 0.295685 -0.846027
0.703116 0.213466 0.0687418 -0.445684 0.296633 -0.844615
0.703174 0.213547 0.0687345 -0.447733 0.29758 -0.843197
0.703233 0.213628 0.0687272 -0.44978 0.298525 -0.841773
0.703291 0.213709 0.0687199 -0.451824 0.299468 -0.840342
0.703349 0.21379 0.0687126 -0.453865 0.300409 -0.838905
0.703407 0.213871 0.0687052 -0.455904 0.301348 -0.837461
0.703466 0.213952 0.0686979 -0.457939 0.302285 -0.836011
0.703524 0.214033 0.0686906 -0.459972 0.303221 -0.834555
0.703582 0.214114 0.0686833 -0.462002 0.304154 -0.833093
0.70364 0.214195 0.068676 -0.464029 0.305085 -0.831625
0.703699 0.214276 0.0686687 -0.466054 0.306015 -0.83015
0.703757 0.214357 0.0686613 -0.468075 0.306942 -0.828669
0.703815 0.214438 0.068654 -0.470093 0.307867 -0.827182
0.703873 0.214519 0.0686467 -0.472108 0.30879 -0.825689
0.703932 0.2146 0.0686394 -0.474119 0.309711 -0.82419
0.70399 0.214681 0.0686321 -0.476128 0.31063 -0.822685
0.704048 0.214762 0.0686247 -0.478133 0.311547 -0.821174
0.704106 0.214842 0.0686174 -0.480135 0.312461 -0.819657
0.704164 0.214923 0.0686101 -0.482134 0.313374 -0.818134
0.704223 0.215004 0.0686028 -0.484129 0.314284 -0.816606
0.704281 0.215085 0.0685955 -0.486121 0.315192 -0.815071
0.704339 0.215166 0.0685882 -0.48811 0.316097 -0.81353
0.704397 0.215247 0.0685808 -0.490094 0.317001 -0.811984
0.704456 0.215328 0.0685735 -0.492076 0.317902 -0.810432
0.704514 0.215409 0.0685662 -0.494054 0.318801 -0.808874
0.704572 0.21549 0.0685589 -0.496028 0.319697 -0.80731
0.70463 0.215571 0.0685516 -0.497998 0.320591 -0.805741
0.704689 0.215652 0.0685443 -0.499965 0.321483 -0.804166
0.704747 0.215733 0.0685369 -0.501928 0.322373 -0.802586
0.704805 0.215814 0.0685296 -0.503887 0.32326 -0.801
0.704863 0.215895 0.0685223 -0.505843 0.324144 -0.799408
0.704922 0.215976 0.068515 -0.507794 0.325027 -0.797811
0.70498 0.216057 0.0685077 -0.509742 0.325906 -0.796209
0.705038 0.216138 0.0685004 -0.511686 0.326783 -0.794601
0.705096 0.216219 0.068493 -0.513625 0.327658 -0.792987
0.705154 0.2163 0.0684857 -0.515561 0.328531 -0.791369
0.705213 0.216381 0.0684784 -0.517492 0.3294 -0.789745
0.705271 0.216462 0.0684711 -0.517773 0.329541 -0.789502
0.705329 0.216543 0.0684638 -0.517213 0.329321 -0.789961
0.705387 0.216624 0.0684565 -0.516653 0.3291 -0.79042
0.705446 0.216705 0.0684491 -0.516092 0.328879 -0.790878
0.705504 0.216786 0.0684418 -0.515531 0.328658 -0.791336
0.705562 0.216867 0.0684345 -0.51497 0.328436 -0.791793
0.70562 0.216948 0.0684272 -0.514408 0.328215 -0.79225
0.705679 0.217029 0.0684199 -0.513846 0.327993 -0.792706
0.705737 0.217109 0.0684126 -0.513284 0.327771 -0.793162
0.705795 0.21719 0.0684052 -0.512721 0.327549 -0.793617
0.705853 0.217271 0.0683979 -0.512158 0.327327 -0.794072
0.705912 0.217352 0.0683906 -0.511595 0.327104 -0.794527
0.70597 0.217433 0.0683833 -0.511032 0.326882 -0.794981
0.706028 0.217514 0.068376 -0.510468 0.326659 -0.795435
0.706086 0.217595 0.0683686 -0.509904 0.326436 -0.795888
0.706144 0.217676 0.0683613 -0.509339 0.326212 -0.796341
0.706203 0.217757 0.068354 -0.508775 0.325989 -0.796793
0.706261 0.217838 0.0683467 -0.50821 0.325765 -0.797245
0.706319 0.217919 0.0683394 -0.507645 0.325541 -0.797697
0.706377 0.218 0.0683321 -0.507079 0.325317 -0.798148
0.706436 0.218081 0.0683247 -0.506513 0.325093 -0.798598
0.706494 0.218162 0.0683174 -0.505947 0.324869 -0.799048
0.706552 0.218243 0.0683101 -0.50538 0.324644 -0.799498
0.70661 0.218324 0.0683028 -0.504814 0.324419 -0.799947
0.706669 0.218405 0.0682955 -0.504247 0.324194 -0.800396
0.706727 0.218486 0.0682882 -0.503679 0.323969 -0.800844
0.706785 0.218567 0.0682808 -0.503112 0.323744 -0.801292
0.706843 0.218648 0.0682735 -0.502544 0.323518 -0.801739
0.706902 0.218729 0.0682662 -0.501976 0.323293 -0.802186
0.70696 0.21881 0.0682589 -0.501407 0.323067 -0.802632
0.707018 0.218891 0.0682516 -0.500838 0.322841 -0.803078
0.707076 0.218972 0.0682443 -0.500269 0.322614 -0.803524
0.707134 0.219053 0.0682369 -0.4997 0.322388 -0.803969
0.707193 0.219134 0.0682296 -0.49913 0.322161 -0.804413
0.707251 0.219215 0.0682223 -0.49856 0.321935 -0.804858
0.707309 0.219296 0.068215 -0.49799 0.321708 -0.805301
0.707367 0.219376 0.0682077 -0.49742 0.32148 -0.805744
0.707426 0.219457 0.0682004 -0.496849 0.321253 -0.806187
0.707484 0.219538 0.068193 -0.499949 0.321852 -0.804029
0.707542 0.219619 0.0681857 -0.503516 0.32255 -0.801519
0.7076 0.2197 0.0681784 -0.507071 0.323243 -0.798995
0.707659 0.219781 0.0681711 -0.510615 0.323928 -0.796456
0.707717 0.219862 0.0681638 -0.514147 0.324607 -0.793904
0.707775 0.219943 0.0681565 -0.517667 0.325279 -0.791337
0.707833 0.220024 0.0681491 -0.521175 0.325945 -0.788756
0.707891 0.220105 0.0681418 -0.522529 0.326063 -0.787811
0.70795 0.220186 0.0681345 -0.522836 0.325927 -0.787664
0.708008 0.220267 0.0681272 -0.523144 0.32579 -0.787516
0.708066 0.220348 0.0681199 -0.523451 0.325654 -0.787368
0.708124 0.220429 0.0681126 -0.523758 0.325517 -0.78722
0.708183 0.22051 0.0681052 -0.524066 0.325381 -0.787072
0.708241 0.220591 0.0680979 -0.524373 0.325244 -0.786924
0.708299 0.220672 0.0680906 -0.52468 0.325107 -0.786776
0.708357 0.220753 0.0680833 -0.524987 0.324971 -0.786627
0.708416 0.220834 0.068076 -0.525294 0.324834 -0.786479
0.708474 0.220915 0.0680686 -0.525601 0.324697 -0.78633
0.708532 0.220996 0.0680613 -0.525908 0.32456 -0.786182
0.70859 0.221077 0.068054 -0.526215 0.324423 -0.786033
0.708649 0.221158 0.0680467 -0.526521 0.324286 -0.785884
0.708707 0.221239 0.0680394 -0.526828 0.324149 -0.785735
0.708765 0.22132 0.0680321 -0.527135 0.324012 -0.785586
0.708823 0.221401 0.0680247 -0.527441 0.323875 -0.785437
0.708881 0.221482 0.0680174 -0.527748 0.323738 -0.785287
0.70894 0.221563 0.0680101 -0.528054 0.323601 -0.785138
0.708998 0.221643 0.0680028 -0.52836 0.323464 -0.784988
0.709056 0.221724 0.0679955 -0.528667 0.323326 -0.784839
0.709114 0.221805 0.0679882 -0.528973 0.323189 -0.784689
0.709173 0.221886 0.0679808 -0.529279 0.323052 -0.784539
0.709231 0.221967 0.0679735 -0.529585 0.322914 -0.784389
0.709289 0.222048 0.0679662 -0.529891 0.322777 -0.784239
0.709347 0.222129 0.0679589 -0.530197 0.322639 -0.784089
0.709406 0.22221 0.0679516 -0.530502 0.322502 -0.783939
0.709464 0.222291 0.0679443 -0.532486 0.320354 -0.783474
0.709522 0.222372 0.0679369 -0.547741 0.301998 -0.780242
0.70958 0.222453 0.0679296 -0.56312 0.28291 -0.776439
0.709639 0.222534 0.0679223 -0.578584 0.263085 -0.772027
0.709697 0.222615 0.067915 -0.594091 0.242523 -0.766967
0.709755 0.222696 0.0679077 -0.609593 0.221229 -0.761219
0.709813 0.222777 0.0679004 -0.625037 0.199215 -0.754747
0.709871 0.222858 0.067893 -0.637301 0.18124 -0.748999
0.70993 0.222939 0.0678857 -0.632795 0.188412 -0.751047
0.709988 0.22302 0.0678784 -0.628277 0.195515 -0.753022
0.710046 0.223101 0.0678711 -0.623747 0.202548 -0.754926
0.710104 0.223182 0.0678638 -0.619209 0.20951 -0.75676
0.710163 0.223263 0.0678565 -0.614663 0.2164 -0.758525
0.710221 0.223344 0.0678491 -0.61011 0.223219 -0.760223
0.710279 0.223425 0.0678418 -0.605554 0.229966 -0.761853
0.710337 0.223506 0.0678345 -0.600994 0.23664 -0.763418
0.710396 0.223587 0.0678272 -0.596433 0.243242 -0.764919
0.710454 0.223668 0.0678199 -0.591872 0.249771 -0.766356
0.710512 0.223749 0.0678125 -0.587312 0.256228 -0.767731
0.71057 0.22383 0.0678052 -0.582755 0.262611 -0.769046
0.710629 0.22391 0.0677979 -0.578203 0.268921 -0.770301
0.710687 0.223991 0.0677906 -0.573655 0.275159 -0.771497
0.710745 0.224072 0.0677833 -0.569114 0.281323 -0.772636
0.710803 0.224153 0.067776 -0.56458 0.287415 -0.773719
0.710861 0.224234 0.0677686 -0.560056 0.293434 -0.774748
0.71092 0.224315 0.0677613 -0.555541 0.29938 -0.775722
0.710978 0.224396 0.067754 -0.551038 0.305255 -0.776645
0.711036 0.224477 0.0677467 -0.546546 0.311057 -0.777515
0.711094 0.224558 0.0677394 -0.542068 0.316788 -0.778336
0.711153 0.224639 0.0677321 -0.540654 0.320432 -0.777828
0.711211 0.22472 0.0677247 -0.541856 0.320958 -0.776774
0.711269 0.224801 0.0677174 -0.543056 0.321483 -0.775718
0.711327 0.224882 0.0677101 -0.544255 0.322007 -0.77466
0.711386 0.224963 0.0677028 -0.545453 0.322531 -0.773599
0.711444 0.225044 0.0676955 -0.54665 0.323053 -0.772535
0.711502 0.225125 0.0676882 -0.547845 0.323575 -0.771469
0.71156 0.225206 0.0676808 -0.549039 0.324096 -0.770401
0.711618 0.225287 0.0676735 -0.550232 0.324616 -0.76933
0.711677 0.225368 0.0676662 -0.551424 0.325136 -0.768257
0.711735 0.225449 0.0676589 -0.552328 0.325528 -0.767441
0.711793 0.22553 0.0676516 -0.552974 0.325808 -0.766856
0.711851 0.225611 0.0676443 -0.553621 0.326087 -0.766271
0.71191 0.225692 0.0676369 -0.554267 0.326367 -0.765685
0.711968 0.225773 0.0676296 -0.554912 0.326646 -0.765098
0.712026 0.225854 0.0676223 -0.555557 0.326924 -0.764511
0.712084 0.225935 0.067615 -0.556201 0.327203 -0.763923
0.712143 0.226016 0.0676077 -0.556844 0.327481 -0.763335
0.712201 0.226097 0.0676004 -0.557004 0.327441 -0.763236
0.712259 0.226177 0.067593 -0.557097 0.327365 -0.763201
0.712317 0.226258 0.0675857 -0.55719 0.327289 -0.763165
0.712376 0.226339 0.0675784 -0.557283 0.327213 -0.76313
0.712434 0.22642 0.0675711 -0.557376 0.327136 -0.763095
0.712492 0.226501 0.0675638 -0.557469 0.32706 -0.763059
0.71255 0.226582 0.0675564 -0.557562 0.326984 -0.763024
0.712608 0.226663 0.0675491 -0.557655 0.326908 -0.762989
0.712667 0.226744 0.0675418 -0.557748 0.326832 -0.762953
0.712725 0.226825 0.0675345 -0.557841 0.326756 -0.762918
0.712783 0.226906 0.0675272 -0.557935 0.326679 -0.762882
0.712841 0.226987 0.0675199 -0.558028 0.326603 -0.762847
0.7129 0.227068 0.0675125 -0.558121 0.326527 -0.762812
0.712958 0.227149 0.0675052 -0.558214 0.326451 -0.762776
0.713016 0.22723 0.0674979 -0.558307 0.326375 -0.762741
0.713074 0.227311 0.0674906 -0.5584 0.326298 -0.762705
0.713133 0.227392 0.0674833 -0.558493 0.326222 -0.76267
0.713191 0.227473 0.067476 -0.558586 0.326146 -0.762634
0.713249 0.227554 0.0674686 -0.558679 0.326069 -0.762599
0.713307 0.227635 0.0674613 -0.558772 0.325993 -0.762563
0.713366 0.227716 0.067454 -0.558865 0.325917 -0.762528
0.713424 0.227797 0.0674467 -0.558958 0.325841 -0.762492
0.713482 0.227878 0.0674394 -0.55905 0.325764 -0.762457
0.71354 0.227959 0.0674321 -0.559143 0.325688 -0.762421
0.713598 0.22804 0.0674247 -0.559236 0.325612 -0.762386
0.713657 0.228121 0.0674174 -0.559329 0.325535 -0.76235
0.713715 0.228202 0.0674101 -0.559422 0.325459 -0.762314
0.713773 0.228283 0.0674028 -0.559515 0.325383 -0.762279
0.713831 0.228364 0.0673955 -0.559608 0.325306 -0.762243
0.71389 0.228444 0.0673882 -0.559701 0.32523 -0.762207
0.713948 0.228525 0.0673808 -0.559794 0.325154 -0.762172
0.714006 0.228606 0.0673735 -0.559887 0.325077 -0.762136
0.714064 0.228687 0.0673662 -0.55998 0.325001 -0.7621
0.714123 0.228768 0.0673589 -0.560073 0.324924 -0.762065
0.714181 0.228849 0.0673516 -0.560166 0.324848 -0.762029
0.714239 0.22893 0.0673443 -0.560259 0.324772 -0.761993
0.714297 0.229011 0.0673369 -0.560352 0.324695 -0.761957
0.714356 0.229092 0.0673296 -0.560445 0.324619 -0.761922
0.714414 0.229173 0.0673223 -0.560537 0.324542 -0.761886
0.714472 0.229254 0.067315 -0.56063 0.324466 -0.76185
0.71453 0.229335 0.0673077 -0.560758 0.32447 -0.761754
0.714588 0.229416 0.0673004 -0.56061 0.32448 -0.761859
0.714647 0.229497 0.067293 -0.560462 0.32449 -0.761964
0.714705 0.229578 0.0672857 -0.560314 0.324499 -0.762069
0.714763 0.229659 0.0672784 -0.560165 0.324509 -0.762174
0.714821 0.22974 0.0672711 -0.560017 0.324518 -0.762279
0.71488 0.229821 0.0672638 -0.559869 0.324528 -0.762384
0.714938 0.229902 0.0672564 -0.55972 0.324538 -0.762488
0.714996 0.229983 0.0672491 -0.559572 0.324547 -0.762593
0.715054 0.230064 0.0672418 -0.559423 0.324557 -0.762698
0.715113 0.230145 0.0672345 -0.559274 0.324566 -0.762803
0.715171 0.230226 0.0672272 -0.559126 0.324576 -0.762908
0.715229 0.230307 0.0672199 -0.558977 0.324585 -0.763013
0.715287 0.230388 0.0672125 -0.558828 0.324595 -0.763118
0.715346 0.230469 0.0672052 -0.559365 0.325124 -0.762499
0.715404 0.23055 0.0671979 -0.560713 0.326276 -0.761015
0.715462 0.230631 0.0671906 -0.562058 0.327427 -0.759528
0.71552 0.230711 0.0671833 -0.5634 0.328575 -0.758036
0.715578 0.230792 0.067176 -0.564738 0.329722 -0.756541
0.715637 0.230873 0.0671686 -0.566074 0.330867 -0.755041
0.715695 0.230954 0.0671613 -0.567406 0.33201 -0.753538
0.715753 0.231035 0.067154 -0.568735 0.333151 -0.752031
0.715811 0.231116 0.0671467 -0.570061 0.334291 -0.75052
0.71587 0.231197 0.0671394 -0.571383 0.335428 -0.749005
0.715928 0.231278 0.0671321 -0.572703 0.336563 -0.747487
0.715986 0.231359 0.0671247 -0.574019 0.337697 -0.745964
0.716044 0.23144 0.0671174 -0.575332 0.338828 -0.744438
0.716103 0.231521 0.0671101 -0.576642 0.339958 -0.742909
0.716161 0.231602 0.0671028 -0.577948 0.341085 -0.741375
0.716219 0.231683 0.0670955 -0.579251 0.342211 -0.739838
0.716277 0.231764 0.0670882 -0.580551 0.343334 -0.738297
0.716335 0.231845 0.0670808 -0.581847 0.344455 -0.736753
0.716394 0.231926 0.0670735 -0.58314 0.345574 -0.735205
0.716452 0.232007 0.0670662 -0.584429 0.346691 -0.733653
0.71651 0.232088 0.0670589 -0.585715 0.347806 -0.732099
0.716568 0.232169 0.0670516 -0.586998 0.348919 -0.73054
0.716627 0.23225 0.0670443 -0.588277 0.35003 -0.728978
0.716685 0.232331 0.0670369 -0.589553 0.351139 -0.727413
0.716743 0.232412 0.0670296 -0.590825 0.352245 -0.725844
0.716801 0.232493 0.0670223 -0.592094 0.353349 -0.724272
0.71686 0.232574 0.067015 -0.593359 0.354451 -0.722696
0.716918 0.232655 0.0670077 -0.59462 0.355551 -0.721117
0.716976 0.232736 0.0670003 -0.595878 0.356648 -0.719535
0.717034 0.232817 0.066993 -0.597292 0.35799 -0.717694
0.717093 0.232898 0.0669857 -0.597314 0.358727 -0.717308
0.717151 0.232978 0.0669784 -0.597335 0.359464 -0.716921
0.717209 0.233059 0.0669711 -0.597356 0.360202 -0.716534
0.717267 0.23314 0.0669638 -0.597377 0.360938 -0.716146
0.717325 0.233221 0.0669564 -0.597397 0.361675 -0.715757
0.717384 0.233302 0.0669491 -0.597417 0.362412 -0.715368
0.717442 0.233383 0.0669418 -0.597436 0.363148 -0.714978
0.7175 0.233464 0.0669345 -0.597455 0.363884 -0.714588
0.717558 0.233545 0.0669272 -0.597473 0.36462 -0.714198
0.717617 0.233626 0.0669199 -0.597491 0.365355 -0.713807
0.717675 0.233707 0.0669125 -0.597509 0.366091 -0.713415
0.717733 0.233788 0.0669052 -0.597526 0.366826 -0.713023
0.717791 0.233869 0.0668979 -0.598107 0.367488 -0.712194
0.71785 0.23395 0.0668906 -0.598878 0.36812 -0.711219
0.717908 0.234031 0.0668833 -0.599649 0.368752 -0.710242
0.717966 0.234112 0.066876 -0.600418 0.369382 -0.709263
0.718024 0.234193 0.0668686 -0.601187 0.370012 -0.708284
0.718083 0.234274 0.0668613 -0.601954 0.370642 -0.707302
0.718141 0.234355 0.066854 -0.602719 0.37127 -0.70632
0.718199 0.234436 0.0668467 -0.603484 0.371898 -0.705336
0.718257 0.234517 0.0668394 -0.604248 0.372525 -0.70435
0.718315 0.234598 0.0668321 -0.60501 0.373152 -0.703364
0.718374 0.234679 0.0668247 -0.605771 0.373778 -0.702376
0.718432 0.23476 0.0668174 -0.606531 0.374403 -0.701386
0.71849 0.234841 0.0668101 -0.60729 0.375027 -0.700395
0.718548 0.234922 0.0668028 -0.608048 0.37565 -0.699403
0.718607 0.235003 0.0667955 -0.608804 0.376273 -0.69841
0.718665 0.235084 0.0667882 -0.609559 0.376895 -0.697415
0.718723 0.235165 0.0667808 -0.610314 0.377517 -0.696418
0.718781 0.235245 0.0667735 -0.611066 0.378137 -0.695421
0.71884 0.235326 0.0667662 -0.611818 0.378757 -0.694422
0.718898 0.235407 0.0667589 -0.612568 0.379376 -0.693422
0.718956 0.235488 0.0667516 -0.613318 0.379994 -0.69242
0.719014 0.235569 0.0667443 -0.614066 0.380612 -0.691418
0.719073 0.23565 0.0667369 -0.614812 0.381228 -0.690413
0.719131 0.235731 0.0667296 -0.615558 0.381844 -0.689408
0.719189 0.235812 0.0667223 -0.616302 0.38246 -0.688401
0.719247 0.235893 0.066715 -0.617045 0.383074 -0.687393
0.719305 0.235974 0.0667077 -0.617787 0.383688 -0.686384
0.719364 0.236055 0.0667003 -0.618527 0.384301 -0.685374
0.719422 0.236136 0.066693 -0.619267 0.384913 -0.684362
0.71948 0.236217 0.0666857 -0.620005 0.385524 -0.683349
0.719538 0.236298 0.0666784 -0.620741 0.386134 -0.682335
0.719597 0.236379 0.0666711 -0.621477 0.386744 -0.681319
0.719554 0.236454 0.0666918 -0.621201 0.38597 -0.682009
0.719492 0.236528 0.066718 -0.620731 0.38493 -0.683024
0.71943 0.236602 0.0667441 -0.620259 0.383889 -0.684038
0.719368 0.236676 0.0667702 -0.619786 0.382847 -0.68505
0.719306 0.23675 0.0667964 -0.619311 0.381805 -0.68606
0.719244 0.236824 0.0668225 -0.618835 0.380761 -0.687069
0.719182 0.236898 0.0668486 -0.618357 0.379717 -0.688077
0.71912 0.236972 0.0668748 -0.617878 0.378672 -0.689082
0.719058 0.237046 0.0669009 -0.615672 0.377049 -0.69194
0.718996 0.23712 0.066927 -0.613252 0.376221 -0.694536
0.718934 0.237194 0.0669532 -0.610823 0.375386 -0.697123
0.718872 0.237268 0.0669793 -0.608385 0.374547 -0.699702
0.71881 0.237341 0.0670054 -0.605938 0.373703 -0.702272
0.718747 0.237415 0.0670316 -0.603482 0.372853 -0.704833
0.718685 0.237489 0.0670577 -0.601018 0.371998 -0.707386
0.718623 0.237563 0.0670838 -0.598545 0.371138 -0.70993
0.718561 0.237637 0.06711 -0.596064 0.370273 -0.712465
0.718499 0.237711 0.0671361 -0.593574 0.369402 -0.714991
0.718437 0.237785 0.0671622 -0.591076 0.368527 -0.717507
0.718375 0.237859 0.0671884 -0.58857 0.367647 -0.720015
0.718313 0.237933 0.0672145 -0.586056 0.366762 -0.722513
0.718251 0.238007 0.0672406 -0.583533 0.365871 -0.725001
0.718189 0.238081 0.0672668 -0.581003 0.364976 -0.72748
0.718127 0.238155 0.0672929 -0.578466 0.364076 -0.729949
0.718065 0.238229 0.067319 -0.57592 0.363171 -0.732409
0.718003 0.238303 0.0673452 -0.573367 0.362261 -0.734858
0.717941 0.238377 0.0673713 -0.570807 0.361347 -0.737298
0.717879 0.238451 0.0673974 -0.568239 0.360428 -0.739727
0.717817 0.238525 0.0674236 -0.565664 0.359504 -0.742147
0.717755 0.238599 0.0674497 -0.563081 0.358575 -0.744556
0.717693 0.238673 0.0674758 -0.560492 0.357642 -0.746954
0.717631 0.238747 0.067502 0.544761 -0.349388 0.762341
0.717569 0.23882 0.0675281 0.541874 -0.348523 0.764791
0.717507 0.238894 0.0675542 0.538979 -0.347653 0.767228
0.717445 0.238968 0.0675804 0.536077 -0.346778 0.769653
0.717383 0.239042 0.0676065 0.533168 -0.345898 0.772066
0.717321 0.239116 0.0676326 0.530253 -0.345013 0.774467
0.717259 0.23919 0.0676588 0.52733 -0.344123 0.776854
0.717197 0.239264 0.0676849 0.5244 -0.343228 0.77923
0.717135 0.239338 0.067711 0.521916 -0.342396 0.781261
0.717073 0.239412 0.0677372 0.520635 -0.340305 0.783027
0.717011 0.239486 0.0677633 0.519241 -0.33794 0.784975
0.716948 0.23956 0.0677894 0.517841 -0.335571 0.786914
0.716886 0.239634 0.0678156 0.516435 -0.333198 0.788843
0.716824 0.239708 0.0678417 0.515025 -0.330823 0.790763
0.716762 0.239782 0.0678678 0.513608 -0.328445 0.792673
0.7167 0.239856 0.067894 0.512187 -0.326063 0.794574
0.716638 0.23993 0.0679201 0.51076 -0.323679 0.796465
0.716576 0.240004 0.0679462 0.509328 -0.321292 0.798346
0.716514 0.240078 0.0679724 0.507891 -0.318903 0.800218
0.716452 0.240152 0.0679985 0.506448 -0.31651 0.802079
0.71639 0.240226 0.0680246 0.505001 -0.314116 0.803931
0.716328 0.2403 0.0680508 0.50466 -0.313645 0.804329
0.716266 0.240373 0.0680769 0.504039 -0.313131 0.804918
0.716204 0.240447 0.068103 0.503418 -0.312617 0.805507
0.716142 0.240521 0.0681292 0.502796 -0.312102 0.806094
0.71608 0.240595 0.0681553 0.502174 -0.311587 0.806681
0.716018 0.240669 0.0681814 0.501552 -0.311072 0.807267
0.715956 0.240743 0.0682076 0.500929 -0.310556 0.807852
0.715894 0.240817 0.0682337 0.500305 -0.31004 0.808437
0.715832 0.240891 0.0682598 0.499681 -0.309524 0.809021
0.71577 0.240965 0.068286 0.499056 -0.309007 0.809603
0.715708 0.241039 0.0683121 0.498431 -0.30849 0.810185
0.715646 0.241113 0.0683382 0.497805 -0.307973 0.810767
0.715584 0.241187 0.0683644 0.497179 -0.307455 0.811347
0.715522 0.241261 0.0683905 0.496552 -0.306937 0.811927
0.71546 0.241335 0.0684166 0.495925 -0.306419 0.812506
0.715398 0.241409 0.0684428 0.495297 -0.3059 0.813084
0.715336 0.241483 0.0684689 0.494669 -0.305381 0.813661
0.715274 0.241557 0.068495 0.494079 -0.30483 0.814227
0.715212 0.241631 0.0685212 0.493592 -0.304116 0.814789
0.715149 0.241705 0.0685473 0.493105 -0.303402 0.81535
0.715087 0.241779 0.0685734 0.492617 -0.302688 0.81591
0.715025 0.241852 0.0685996 0.492128 -0.301973 0.816469
0.714963 0.241926 0.0686257 0.491639 -0.301258 0.817028
0.714901 0.242 0.0686518 0.49115 -0.300542 0.817585
0.714839 0.242074 0.068678 0.49066 -0.299827 0.818142
0.714777 0.242148 0.0687041 0.49017 -0.299111 0.818698
0.714715 0.242222 0.0687302 0.489679 -0.298394 0.819253
0.714653 0.242296 0.0687564 0.489187 -0.297678 0.819807
0.714591 0.24237 0.0687825 0.488695 -0.296961 0.820361
0.714529 0.242444 0.0688086 0.488202 -0.296243 0.820913
0.714467 0.242518 0.0688348 0.487709 -0.295526 0.821465
0.714405 0.242592 0.0688609 0.487216 -0.294808 0.822015
0.714343 0.242666 0.068887 0.486722 -0.29409 0.822565
0.714281 0.24274 0.0689132 0.486227 -0.293371 0.823114
0.714219 0.242814 0.0689393 0.485732 -0.292652 0.823662
0.714157 0.242888 0.0689654 0.485236 -0.291933 0.824209
0.714095 0.242962 0.0689916 0.48474 -0.291214 0.824755
0.714033 0.243036 0.0690177 0.484244 -0.290494 0.825301
0.713971 0.24311 0.0690438 0.483747 -0.289774 0.825845
0.713909 0.243184 0.06907 0.483249 -0.289054 0.826389
0.713847 0.243258 0.0690961 0.482751 -0.288333 0.826931
0.713785 0.243332 0.0691222 0.482252 -0.287612 0.827473
0.713723 0.243405 0.0691484 0.481753 -0.286891 0.828014
0.713661 0.243479 0.0691745 0.481254 -0.28617 0.828554
0.713599 0.243553 0.0692006 0.480753 -0.285448 0.829093
0.713537 0.243627 0.0692268 0.480253 -0.284726 0.829631
0.713475 0.243701 0.0692529 0.479752 -0.284004 0.830169
0.713413 0.243775 0.069279 0.47925 -0.283282 0.830705
0.71335 0.243849 0.0693052 0.478748 -0.282559 0.83124
0.713288 0.243923 0.0693313 0.478246 -0.281836 0.831775
0.713226 0.243997 0.0693574 0.479663 -0.281203 0.831173
0.713164 0.244071 0.0693836 0.484447 -0.280678 0.828571
0.713102 0.244145 0.0694097 0.489225 -0.280144 0.825941
0.71304 0.244219 0.0694358 0.493996 -0.279601 0.823281
0.712978 0.244293 0.069462 0.498759 -0.279048 0.820592
0.712916 0.244367 0.0694881 0.503515 -0.278486 0.817874
0.712854 0.244441 0.0695142 0.508262 -0.277915 0.815128
0.712792 0.244515 0.0695404 0.513 -0.277334 0.812352
0.71273 0.244589 0.0695665 0.517729 -0.276744 0.809549
0.712668 0.244663 0.0695926 0.522449 -0.276145 0.806716
0.712606 0.244737 0.0696188 0.527158 -0.275537 0.803856
0.712544 0.244811 0.0696449 0.531856 -0.274919 0.800967
0.712482 0.244884 0.069671 0.536543 -0.274293 0.798051
0.71242 0.244958 0.0696972 0.541218 -0.273657 0.795107
0.712358 0.245032 0.0697233 0.545881 -0.273012 0.792135
0.712296 0.245106 0.0697494 0.550532 -0.272358 0.789136
0.712234 0.24518 0.0697756 0.555169 -0.271695 0.78611
0.712172 0.245254 0.0698017 0.559793 -0.271023 0.783057
0.71211 0.245328 0.0698278 0.564402 -0.270342 0.779978
0.712048 0.245402 0.069854 0.568997 -0.269653 0.776872
0.711986 0.245476 0.0698801 0.573577 -0.268954 0.77374
0.711924 0.24555 0.0699062 0.578142 -0.268246 0.770582
0.711862 0.245624 0.0699324 0.58269 -0.26753 0.767398
0.7118 0.245698 0.0699585 0.587222 -0.266805 0.764189
0.711738 0.245772 0.0699846 0.591738 -0.266072 0.760955
0.711676 0.245846 0.0700108 0.596236 -0.26533 0.757696
0.711614 0.24592 0.0700369 0.600716 -0.264579 0.754412
0.711551 0.245994 0.070063 0.605179 -0.26382 0.751104
0.711489 0.246068 0.0700892 0.609623 -0.263053 0.747772
0.711427 0.246142 0.0701153 0.614047 -0.262277 0.744417
0.711365 0.246216 0.0701414 0.618453 -0.261493 0.741038
0.711303 0.24629 0.0701676 0.622838 -0.260701 0.737636
0.711241 0.246364 0.0701937 0.626715 -0.259957 0.73461
0.711179 0.246437 0.0702198 0.629411 -0.260724 0.732028
0.711117 0.246511 0.070246 0.631742 -0.264667 0.728597
0.711055 0.246585 0.0702721 0.634054 -0.268604 0.725139
0.710993 0.246659 0.0702982 0.636347 -0.272534 0.721656
0.710931 0.246733 0.0703244 0.63862 -0.276457 0.718148
0.710869 0.246807 0.0703505 0.640873 -0.280373 0.714614
0.710807 0.246881 0.0703766 0.643105 -0.284282 0.711055
0.710745 0.246955 0.0704028 0.645317 -0.288182 0.707472
0.710683 0.247029 0.0704289 0.647509 -0.292073 0.703865
0.710621 0.247103 0.070455 0.649679 -0.295956 0.700234
0.710559 0.247177 0.0704811 0.651828 -0.299829 0.696579
0.710497 0.247251 0.0705073 0.653956 -0.303693 0.692901
0.710435 0.247325 0.0705334 0.656063 -0.307546 0.6892
0.710373 0.247399 0.0705595 0.658147 -0.31139 0.685477
0.710311 0.247473 0.0705857 0.660209 -0.315222 0.681732
0.710249 0.247547 0.0706118 0.66225 -0.319043 0.677965
0.710187 0.247621 0.0706379 0.664268 -0.322852 0.674177
0.710125 0.247695 0.0706641 0.666263 -0.32665 0.670368
0.710063 0.247769 0.0706902 0.668235 -0.330435 0.666539
0.710001 0.247843 0.0707163 0.670185 -0.334207 0.66269
0.709939 0.247916 0.0707425 0.671656 -0.336062 0.660258
0.709877 0.24799 0.0707686 0.672384 -0.334842 0.660137
0.709815 0.248064 0.0707947 0.673111 -0.333621 0.660015
0.709752 0.248138 0.0708209 0.673836 -0.332399 0.659891
0.70969 0.248212 0.070847 0.674559 -0.331177 0.659766
0.709628 0.248286 0.0708731 0.675281 -0.329955 0.65964
0.709566 0.24836 0.0708993 0.676002 -0.328732 0.659513
0.709504 0.248434 0.0709254 0.676721 -0.327509 0.659384
0.709442 0.248508 0.0709515 0.677438 -0.326285 0.659254
0.70938 0.248582 0.0709777 0.678154 -0.325061 0.659122
0.709318 0.248656 0.0710038 0.678869 -0.323836 0.65899
0.709256 0.24873 0.0710299 0.679582 -0.322611 0.658856
0.709194 0.248804 0.0710561 0.680293 -0.321386 0.65872
0.709132 0.248878 0.0710822 0.681003 -0.32016 0.658584
0.70907 0.248952 0.0711083 0.681711 -0.318934 0.658446
0.709008 0.249026 0.0711345 0.682418 -0.317707 0.658306
0.708946 0.2491 0.0711606 0.683124 -0.31648 0.658166
0.708884 0.249174 0.0711867 0.68188 -0.314152 0.660566
0.708822 0.249248 0.0712129 0.679103 -0.310959 0.664924
0.70876 0.249322 0.071239 0.659851 -0.156908 0.734831
0.708698 0.249396 0.0712651 0.654988 -0.151669 0.740262
0.708636 0.249469 0.0712913 0.650066 -0.146411 0.745639
0.708574 0.249543 0.0713174 0.645086 -0.141137 0.750962
0.708512 0.249617 0.0713435 0.640051 -0.135848 0.756228
0.70845 0.249691 0.0713697 0.63496 -0.130544 0.761436
0.708388 0.249765 0.0713958 0.629815 -0.125226 0.766584
0.708326 0.249839 0.0714219 0.624617 -0.119897 0.771672
0.708264 0.249913 0.0714481 0.619368 -0.114557 0.776698
0.708202 0.249987 0.0714742 0.614068 -0.109208 0.781661
0.70814 0.250061 0.0715003 0.608719 -0.103851 0.786559
0.708078 0.250135 0.0715265 0.603323 -0.0984868 0.791392
0.708016 0.250209 0.0715526 0.59788 -0.0931176 0.796159
0.707953 0.250283 0.0715787 0.592392 -0.0877443 0.800857
0.707891 0.250357 0.0716049 0.586861 -0.0823683 0.805487
0.707829 0.250431 0.071631 0.581288 -0.0769909 0.810048
0.707767 0.250505 0.0716571 0.575674 -0.0716134 0.814537
0.707705 0.250579 0.0716833 0.570021 -0.0662371 0.818956
0.707643 0.250653 0.0717094 0.429827 -0.0628401 0.900722
0.707581 0.250727 0.0717355 0.432903 -0.0732695 0.898458
0.707519 0.250801 0.0717617 0.43593 -0.0837058 0.896079
0.707457 0.250875 0.0717878 0.438907 -0.094145 0.893587
0.707395 0.250948 0.0718139 0.441833 -0.104583 0.89098
0.707333 0.251022 0.0718401 0.444705 -0.115017 0.888261
0.707271 0.251096 0.0718662 0.447524 -0.125441 0.88543
0.707209 0.25117 0.0718923 0.450288 -0.135853 0.882488
0.707147 0.251244 0.0719185 0.452996 -0.146248 0.879435
0.707085 0.251318 0.0719446 0.455646 -0.156623 0.876274
0.707023 0.251392 0.0719707 0.458239 -0.166973 0.873004
0.706961 0.251466 0.0719969 0.460773 -0.177295 0.869629
0.706899 0.25154 0.072023 0.463247 -0.187586 0.866149
0.706837 0.251614 0.0720491 0.465661 -0.19784 0.862565
0.706775 0.251688 0.0720753 0.468014 -0.208055 0.858881
0.706713 0.251762 0.0721014 0.470305 -0.218227 0.855097
0.706651 0.251836 0.0721275 0.472534 -0.228353 0.851215
0.706589 0.25191 0.0721537 0.4747 -0.238428 0.847238
0.706527 0.251984 0.0721798 0.476803 -0.24845 0.843167
0.706465 0.252058 0.0722059 0.478843 -0.258416 0.839006
0.706403 0.252132 0.0722321 0.48082 -0.268321 0.834755
0.706341 0.252206 0.0722582 0.482733 -0.278163 0.830418
0.706279 0.25228 0.0722843 0.484582 -0.287938 0.825997
0.706217 0.252354 0.0723105 0.486367 -0.297645 0.821495
0.706154 0.252428 0.0723366 0.488819 -0.300718 0.818917
0.706092 0.252501 0.0723627 0.491587 -0.300777 0.817236
0.70603 0.252575 0.0723889 0.494348 -0.300833 0.815549
0.705968 0.252649 0.072415 0.4971 -0.300885 0.813855
0.705906 0.252723 0.0724411 0.499845 -0.300935 0.812154
0.705844 0.252797 0.0724673 0.501512 -0.300963 0.811115
0.705782 0.252871 0.0724934 0.501512 -0.300963 0.811115
0.70572 0.252945 0.0725195 0.501512 -0.300963 0.811115
0.705658 0.253019 0.0725457 0.501512 -0.300963 0.811115
0.705596 0.253093 0.0725718 0.501512 -0.300963 0.811115
0.705534 0.253167 0.0725979 0.501512 -0.300963 0.811115
0.705472 0.253241 0.0726241 0.501512 -0.300963 0.811115
0.70541 0.253315 0.0726502 0.501512 -0.300963 0.811115
0.705348 0.253389 0.0726763 0.501512 -0.300963 0.811115
0.705286 0.253463 0.0727025 0.501512 -0.300963 0.811115
0.705224 0.253537 0.0727286 0.501512 -0.300963 0.811115
0.705162 0.253611 0.0727547 0.501512 -0.300963 0.811115
0.7051 0.253685 0.0727809 0.501512 -0.300963 0.811115
0.705038 0.253759 0.072807 0.501512 -0.300963 0.811115
0.704976 0.253833 0.0728331 0.501512 -0.300963 0.811115
0.704914 0.253907 0.0728593 0.501524 -0.301038 0.811079
0.704852 0.25398 0.0728854 0.501547 -0.301174 0.811015
0.70479 0.254054 0.0729115 0.50157 -0.301309 0.81095
0.704728 0.254128 0.0729377 0.501593 -0.301444 0.810886
0.704666 0.254202 0.0729638 0.501616 -0.30158 0.810821
0.704604 0.254276 0.0729899 0.501638 -0.301715 0.810757
0.704542 0.25435 0.0730161 0.501661 -0.301851 0.810692
0.70448 0.254424 0.0730422 0.501684 -0.301986 0.810628
0.704418 0.254498 0.0730683 0.501762 -0.302153 0.810517
0.704355 0.254572 0.0730945 0.501941 -0.302377 0.810323
0.704293 0.254646 0.0731206 0.50212 -0.3026 0.810129
0.704231 0.25472 0.0731467 0.502299 -0.302824 0.809935
0.704169 0.254794 0.0731729 0.502477 -0.303047 0.80974
0.704107 0.254868 0.073199 0.502656 -0.303271 0.809545
0.704045 0.254942 0.0732251 0.502834 -0.303494 0.809351
0.703983 0.255016 0.0732513 0.503013 -0.303718 0.809156
0.703921 0.25509 0.0732774 0.503191 -0.303941 0.808961
0.703859 0.255164 0.0733035 0.50337 -0.304165 0.808766
0.703797 0.255238 0.0733297 0.503548 -0.304388 0.808571
0.703735 0.255312 0.0733558 0.503726 -0.304612 0.808376
0.703673 0.255386 0.0733819 0.503904 -0.304835 0.808181
0.703611 0.25546 0.0734081 0.504083 -0.305058 0.807985
0.703549 0.255533 0.0734342 0.453755 -0.269178 0.8495
0.703487 0.255607 0.0734603 0.450505 -0.266864 0.851956
0.703425 0.255681 0.0734865 0.447243 -0.264543 0.854395
0.703363 0.255755 0.0735126 0.443304 -0.261406 0.857408
0.703301 0.255829 0.0735387 0.438343 -0.25704 0.86127
0.703239 0.255903 0.0735649 0.433352 -0.252656 0.865084
0.703177 0.255977 0.073591 0.428333 -0.248255 0.86885
0.703115 0.256051 0.0736171 0.423286 -0.243837 0.872567
0.703053 0.256125 0.0736433 0.418212 -0.239403 0.876233
0.702991 0.256199 0.0736694 0.413113 -0.234953 0.879849
0.702929 0.256273 0.0736955 0.407989 -0.23049 0.883414
0.702867 0.256347 0.0737217 0.40284 -0.226012 0.886926
0.702805 0.256421 0.0737478 0.397669 -0.221522 0.890386
0.702743 0.256495 0.0737739 0.392475 -0.21702 0.893793
0.702681 0.256569 0.0738001 0.38726 -0.212507 0.897145
0.702619 0.256643 0.0738262 0.382025 -0.207984 0.900444
0.702556 0.256717 0.0738523 0.376771 -0.203451 0.903688
0.702494 0.256791 0.0738785 0.371498 -0.198909 0.906876
0.702432 0.256865 0.0739046 0.366207 -0.194359 0.910009
0.70237 0.256939 0.0739307 0.360901 -0.189802 0.913086
0.702308 0.257012 0.0739569 0.355578 -0.185239 0.916106
0.702246 0.257086 0.073983 0.350242 -0.180671 0.91907
0.702184 0.25716 0.0740091 0.344892 -0.176098 0.921976
0.702122 0.257234 0.0740353 0.339529 -0.171521 0.924825
0.70206 0.257308 0.0740614 0.303741 -0.128059 0.944109
0.701998 0.257382 0.0740875 0.302487 -0.124868 0.944939
0.701936 0.257456 0.0741137 0.301228 -0.121675 0.945757
0.701874 0.25753 0.0741398 0.299966 -0.11848 0.946564
0.701812 0.257604 0.0741659 0.2987 -0.115283 0.947359
0.70175 0.257678 0.0741921 0.241663 -0.0844053 0.966682
0.701688 0.257752 0.0742182 0.238432 -0.0831727 0.967591
0.701626 0.257826 0.0742443 0.235198 -0.0819392 0.968487
0.701564 0.2579 0.0742705 0.231962 -0.0807048 0.969371
0.701502 0.257974 0.0742966 0.228723 -0.0794697 0.970242
0.70144 0.258048 0.0743227 0.225482 -0.0782337 0.971101
0.701378 0.258122 0.0743489 0.222239 -0.0769971 0.971947
0.701316 0.258196 0.074375 0.218994 -0.0757597 0.972781
0.701254 0.25827 0.0744011 0.217035 -0.0748381 0.973291
0.701192 0.258344 0.0744273 0.217479 -0.0745062 0.973217
0.70113 0.258418 0.0744534 0.217924 -0.0741743 0.973143
0.701068 0.258491 0.0744795 0.218368 -0.0738424 0.973069
0.701006 0.258565 0.0745057 0.218812 -0.0735105 0.972994
0.700944 0.258639 0.0745318 0.219256 -0.0731785 0.972919
0.700882 0.258713 0.0745579 0.2197 -0.0728466 0.972844
0.70082 0.258787 0.0745841 0.220144 -0.0725146 0.972768
0.700757 0.258861 0.0746102 0.220587 -0.0721825 0.972693
0.700695 0.258935 0.0746363 0.221031 -0.0718505 0.972616
0.700633 0.259009 0.0746625 0.221475 -0.0715184 0.97254
0.700571 0.259083 0.0746886 0.221918 -0.0711863 0.972463
0.700509 0.259157 0.0747147 0.222339 -0.0709159 0.972387
0.700447 0.259231 0.0747409 0.221812 -0.0731649 0.972341
0.700385 0.259305 0.074767 0.221285 -0.0754136 0.972289
0.700323 0.259379 0.0747931 0.220756 -0.0776619 0.972232
0.700261 0.259453 0.0748193 0.220226 -0.0799098 0.97217
0.700199 0.259527 0.0748454 0.219695 -0.0821573 0.972103
0.700137 0.259601 0.0748715 0.219162 -0.0844043 0.972031
0.700075 0.259675 0.0748977 0.218629 -0.0866508 0.971953
0.700013 0.259749 0.0749238 0.218094 -0.0888968 0.97187
0.699951 0.259823 0.0749499 0.217559 -0.0911422 0.971783
0.699889 0.259897 0.0749761 0.217022 -0.093387 0.97169
0.699827 0.259971 0.0750022 0.216484 -0.0956311 0.971591
0.699765 0.260044 0.0750283 0.215944 -0.0978745 0.971488
0.699703 0.260118 0.0750545 0.215404 -0.100117 0.971379
0.699641 0.260192 0.0750806 0.214863 -0.102359 0.971265
0.699579 0.260266 0.0751067 0.21432 -0.1046 0.971146
0.699517 0.26034 0.0751329 0.213777 -0.106841 0.971022
0.699455 0.260414 0.075159 0.213232 -0.10908 0.970893
0.699393 0.260488 0.0751851 0.212687 -0.111319 0.970759
0.699331 0.260562 0.0752113 0.21214 -0.113557 0.970619
0.699269 0.260636 0.0752374 0.211592 -0.115793 0.970474
0.699207 0.26071 0.0752635 0.210479 -0.118877 0.970344
0.699145 0.260784 0.0752897 0.211137 -0.11943 0.970133
0.699083 0.260858 0.0753158 0.211796 -0.119984 0.969921
0.699021 0.260932 0.0753419 0.212454 -0.120537 0.969708
0.698958 0.261006 0.0753681 0.213112 -0.12109 0.969495
0.698896 0.26108 0.0753942 0.21377 -0.121643 0.969281
0.698834 0.261154 0.0754203 0.214428 -0.122196 0.969066
0.698772 0.261228 0.0754465 0.215085 -0.122748 0.96885
0.69871 0.261302 0.0754726 0.215742 -0.123301 0.968634
0.698648 0.261376 0.0754987 0.216399 -0.123853 0.968417
0.698586 0.26145 0.0755249 0.217056 -0.124406 0.968199
0.698524 0.261523 0.075551 0.217713 -0.124958 0.967981
0.698462 0.261597 0.0755771 0.21837 -0.12551 0.967761
0.6984 0.261671 0.0756033 0.219026 -0.126062 0.967541
0.698338 0.261745 0.0756294 0.219682 -0.126614 0.96732
0.698276 0.261819 0.0756555 0.220338 -0.127166 0.967099
0.698214 0.261893 0.0756817 0.220994 -0.127718 0.966876
0.698152 0.261967 0.0757078 0.22165 -0.128269 0.966653
0.69809 0.262041 0.0757339 0.222305 -0.128821 0.966429
0.698028 0.262115 0.0757601 0.22296 -0.129372 0.966205
0.697966 0.262189 0.0757862 0.223615 -0.129923 0.965979
0.697904 0.262263 0.0758123 0.22427 -0.130474 0.965753
0.697842 0.262337 0.0758385 0.224924 -0.131025 0.965527
0.69778 0.262411 0.0758646 0.222579 -0.128569 0.9664
0.697718 0.262485 0.0758907 0.221354 -0.127456 0.966829
0.697656 0.262559 0.0759169 0.220128 -0.126342 0.967255
0.697594 0.262633 0.075943 0.218901 -0.125228 0.967678
0.697532 0.262707 0.0759691 0.217673 -0.124114 0.968098
0.69747 0.262781 0.0759953 0.216445 -0.122999 0.968516
0.697408 0.262855 0.0760214 0.215216 -0.121884 0.968931
0.697346 0.262929 0.0760475 0.213986 -0.120768 0.969343
0.697284 0.263003 0.0760737 0.212756 -0.119652 0.969752
0.697222 0.263076 0.0760998 0.211525 -0.118535 0.970158
0.697159 0.26315 0.0761259 0.210293 -0.117418 0.970562
0.697097 0.263224 0.0761521 0.209061 -0.116301 0.970962
0.697035 0.263298 0.0761782 0.207828 -0.115183 0.97136
0.696973 0.263372 0.0762043 0.206594 -0.114065 0.971755
0.696911 0.263446 0.0762305 0.20536 -0.112947 0.972147
0.696849 0.26352 0.0762566 0.204125 -0.111828 0.972537
0.696787 0.263594 0.0762827 0.202889 -0.110709 0.972923
0.696725 0.263668 0.0763089 0.201653 -0.109589 0.973307
0.696663 0.263742 0.076335 0.200416 -0.10847 0.973688
0.696601 0.263816 0.0763611 0.199179 -0.10735 0.974066
0.696539 0.26389 0.0763873 0.197941 -0.106229 0.974441
0.696477 0.263964 0.0764134 0.196703 -0.105109 0.974813
0.696415 0.264038 0.0764395 0.195464 -0.103988 0.975182
0.696353 0.264112 0.0764657 0.194224 -0.102867 0.975549
0.696291 0.264186 0.0764918 0.192984 -0.101745 0.975912
0.696229 0.26426 0.0765179 0.191744 -0.100624 0.976273
0.696167 0.264334 0.0765441 0.190503 -0.0995017 0.976631
0.696105 0.264408 0.0765702 0.189261 -0.0983796 0.976986
0.696043 0.264482 0.0765963 0.188019 -0.0972572 0.977338
0.695981 0.264555 0.0766225 0.186777 -0.0961347 0.977687
0.695919 0.264629 0.0766486 0.185534 -0.0950119 0.978034
0.695857 0.264703 0.0766747 0.184291 -0.093889 0.978377
0.695795 0.264777 0.0767009 0.183047 -0.0927659 0.978718
0.695733 0.264851 0.076727 0.181953 -0.091755 0.979017
0.695671 0.264925 0.0767531 0.181445 -0.091183 0.979165
0.695609 0.264999 0.0767793 0.181134 -0.090585 0.979278
0.695547 0.265073 0.0768054 0.182758 -0.0897331 0.979054
0.695485 0.265147 0.0768315 0.184382 -0.0888808 0.978828
0.695423 0.265221 0.0768577 0.190615 -0.0847225 0.978002
0.69536 0.265295 0.0768838 0.191559 -0.0837732 0.977899
0.695298 0.265369 0.0769099 0.192503 -0.0828237 0.977795
0.695236 0.265443 0.0769361 0.193447 -0.0818741 0.977689
0.695174 0.265517 0.0769622 0.19439 -0.0809242 0.977581
0.695112 0.265591 0.0769883 0.195333 -0.0799741 0.977471
0.69505 0.265665 0.0770145 0.196276 -0.0790238 0.977359
0.694988 0.265739 0.0770406 0.197219 -0.0780733 0.977246
0.694926 0.265813 0.0770667 0.198161 -0.0771227 0.977131
0.694864 0.265887 0.0770929 0.199103 -0.0761718 0.977014
0.694802 0.265961 0.077119 0.200044 -0.0752208 0.976895
0.69474 0.266035 0.0771451 0.200985 -0.0742696 0.976775
0.694678 0.266108 0.0771713 0.201926 -0.0733183 0.976653
0.694616 0.266182 0.0771974 0.202867 -0.0723667 0.976529
0.694554 0.266256 0.0772235 0.203807 -0.0714151 0.976403
0.694492 0.26633 0.0772497 0.204747 -0.0704633 0.976275
0.69443 0.266404 0.0772758 0.205687 -0.0695113 0.976146
0.694368 0.266478 0.0773019 0.20699 -0.068635 0.975933
0.694306 0.266552 0.0773281 0.208498 -0.0678009 0.97567
0.694244 0.266626 0.0773542 0.210004 -0.0669666 0.975404
0.694182 0.2667 0.0773803 0.211511 -0.0661321 0.975136
0.69412 0.266774 0.0774065 0.213016 -0.0652974 0.974864
0.694058 0.266848 0.0774326 0.214521 -0.0644624 0.97459
0.693996 0.266922 0.0774587 0.216026 -0.0636273 0.974312
0.693934 0.266996 0.0774849 0.217529 -0.0627919 0.974032
0.693872 0.26707 0.077511 0.219032 -0.0619564 0.973749
0.69381 0.267144 0.0775371 0.220535 -0.0611206 0.973462
0.693748 0.267218 0.0775633 0.222037 -0.0602847 0.973173
0.693686 0.267292 0.0775894 0.223538 -0.0594486 0.972881
0.693624 0.267366 0.0776155 0.225038 -0.0586123 0.972585
0.693561 0.26744 0.0776417 0.226538 -0.0577759 0.972287
0.693499 0.267514 0.0776678 0.228036 -0.0569393 0.971986
0.693437 0.267587 0.0776939 0.228979 -0.0563729 0.971798
0.693375 0.267661 0.0777201 0.229921 -0.0558067 0.971608
0.693313 0.267735 0.0777462 0.230863 -0.0552405 0.971417
0.693251 0.267809 0.0777723 0.231804 -0.0546742 0.971225
0.693189 0.267883 0.0777985 0.232745 -0.0541078 0.971032
0.693127 0.267957 0.0778246 0.233685 -0.0535414 0.970837
0.693065 0.268031 0.0778507 0.234626 -0.0529749 0.970641
0.693003 0.268105 0.0778769 0.235566 -0.0524084 0.970444
0.692941 0.268179 0.077903 0.236505 -0.0518418 0.970246
0.692879 0.268253 0.0779291 0.237445 -0.0512752 0.970047
0.692817 0.268327 0.0779553 0.238384 -0.0507086 0.969846
0.692755 0.268401 0.0779814 0.239323 -0.0501419 0.969645
0.692693 0.268475 0.0780075 0.240261 -0.0495751 0.969442
0.692631 0.268549 0.0780337 0.241199 -0.0490083 0.969237
0.692569 0.268623 0.0780598 0.242137 -0.0484415 0.969032
0.692507 0.268697 0.0780859 0.243074 -0.0478747 0.968826
0.692445 0.268771 0.0781121 0.244011 -0.0473078 0.968618
0.692383 0.268845 0.0781382 0.244948 -0.0467409 0.968409
0.692321 0.268919 0.0781643 0.245884 -0.046174 0.968199
0.692259 0.268993 0.0781905 0.24682 -0.045607 0.967988
0.692197 0.269067 0.0782166 0.247416 -0.0448524 0.967871
0.692135 0.26914 0.0782427 0.247169 -0.0442665 0.967961
0.692073 0.269214 0.0782689 0.246921 -0.0436806 0.968051
0.692011 0.269288 0.078295 0.246674 -0.0430947 0.96814
0.691949 0.269362 0.0783211 0.246426 -0.0425089 0.968229
0.691887 0.269436 0.0783473 0.246179 -0.041923 0.968317
0.691825 0.26951 0.0783734 0.245931 -0.0413372 0.968406
0.691762 0.269584 0.0783995 0.245535 -0.0408591 0.968526
0.6917 0.269658 0.0784257 0.244233 -0.0410431 0.968848
0.691638 0.269732 0.0784518 0.24293 -0.041227 0.969167
0.691576 0.269806 0.0784779 0.241626 -0.0414108 0.969485
0.691514 0.26988 0.0785041 0.240322 -0.0415945 0.969802
0.691452 0.269954 0.0785302 0.239017 -0.0417782 0.970116
0.69139 0.270028 0.0785563 0.237712 -0.0419619 0.970429
0.691328 0.270102 0.0785825 0.236407 -0.0421454 0.97074
0.691266 0.270176 0.0786086 0.2351 -0.0423289 0.971049
0.691204 0.27025 0.0786347 0.233794 -0.0425123 0.971356
0.691142 0.270324 0.0786609 0.232486 -0.0426957 0.971662
0.69108 0.270398 0.078687 0.231145 -0.041855 0.972019
0.691018 0.270472 0.0787131 0.229784 -0.0404836 0.972399
0.690956 0.270546 0.0787393 0.228422 -0.0391119 0.972776
0.690894 0.270619 0.0787654 0.227059 -0.0377399 0.973149
0.690832 0.270693 0.0787915 0.225696 -0.0363676 0.973519
0.69077 0.270767 0.0788177 0.224331 -0.034995 0.973884
0.690708 0.270841 0.0788438 0.222965 -0.0336223 0.974246
0.690646 0.270915 0.0788699 0.221599 -0.0322492 0.974605
0.690584 0.270989 0.0788961 0.220231 -0.030876 0.974959
0.690522 0.271063 0.0789222 0.218863 -0.0295026 0.97531
0.69046 0.271137 0.0789483 0.217493 -0.028129 0.975656
0.690398 0.271211 0.0789745 0.216123 -0.0267552 0.976
0.690336 0.271285 0.0790006 0.214751 -0.0253813 0.976339
0.690274 0.271359 0.0790267 0.213379 -0.0240073 0.976674
0.690212 0.271433 0.0790529 0.212006 -0.0226331 0.977006
0.69015 0.271507 0.079079 0.210633 -0.0212588 0.977334
0.690088 0.271581 0.0791051 0.209258 -0.0198845 0.977658
0.690026 0.271655 0.0791313 0.207883 -0.0185101 0.977979
0.689963 0.271729 0.0791574 0.206506 -0.0171356 0.978295
0.689901 0.271803 0.0791835 0.205129 -0.0157611 0.978608
0.689839 0.271877 0.0792097 0.203752 -0.0143866 0.978917
0.689777 0.271951 0.0792358 0.202373 -0.0130121 0.979222
0.689715 0.272025 0.0792619 0.200994 -0.0116376 0.979523
0.689653 0.272099 0.0792881 0.186828 0.00129403 0.982392
0.689591 0.272172 0.0793142 0.184749 0.00219538 0.982783
0.689529 0.272246 0.0793403 0.182668 0.00309687 0.98317
0.689467 0.27232 0.0793665 0.180586 0.00399849 0.983551
0.689405 0.272394 0.0793926 0.178503 0.00490023 0.983927
0.689343 0.272468 0.0794187 0.176419 0.00580206 0.984298
0.689281 0.272542 0.0794449 0.174333 0.00670398 0.984664
0.689219 0.272616 0.079471 0.172246 0.00760597 0.985025
0.689157 0.27269 0.0794971 0.170159 0.00850801 0.98538
0.689095 0.272764 0.0795233 0.168069 0.0094101 0.98573
0.689033 0.272838 0.0795494 0.165979 0.0103122 0.986075
0.688971 0.272912 0.0795755 0.163888 0.0112143 0.986415
0.688909 0.272986 0.0796017 0.161796 0.0121165 0.98675
0.688847 0.27306 0.0796278 0.159703 0.0130186 0.987079
0.688785 0.273134 0.0796539 0.157609 0.0139207 0.987403
0.688723 0.273208 0.0796801 0.155514 0.0148227 0.987722
0.688661 0.273282 0.0797062 0.153418 0.0157247 0.988036
0.688599 0.273356 0.0797323 0.151322 0.0166266 0.988345
0.688537 0.27343 0.0797585 0.149224 0.0175284 0.988648
0.688475 0.273504 0.0797846 0.147126 0.0184301 0.988946
0.688413 0.273578 0.0798107 0.140905 0.025795 0.989687
0.688351 0.273651 0.0798369 0.138135 0.0264811 0.990059
0.688289 0.273725 0.079863 0.135363 0.0271669 0.990424
0.688227 0.273799 0.0798891 0.13259 0.0278526 0.99078
0.688164 0.273873 0.0799153 0.129815 0.028538 0.991127
0.688102 0.273947 0.0799414 0.12704 0.0292232 0.991467
0.68804 0.274021 0.0799675 0.124264 0.0299081 0.991798
0.687978 0.274095 0.0799937 0.121487 0.0305927 0.992121
0.687916 0.274169 0.0800198 0.118709 0.031277 0.992436
0.687854 0.274243 0.0800459 0.115931 0.031961 0.992743
0.687792 0.274317 0.080072 0.113152 0.0326446 0.993041
0.68773 0.274391 0.0800982 0.110372 0.0333279 0.993331
0.687668 0.274465 0.0801243 0.107592 0.0340108 0.993613
0.687606 0.274539 0.0801504 0.104811 0.0346933 0.993887
0.687544 0.274613 0.0801766 0.10203 0.0353755 0.994152
0.687482 0.274687 0.0802027 0.0992484 0.0360571 0.994409
0.68742 0.274761 0.0802288 0.0964668 0.0367384 0.994658
0.687358 0.274835 0.080255 0.0936849 0.0374192 0.994898
0.687296 0.274909 0.0802811 0.090903 0.0380995 0.995131
0.687234 0.274983 0.0803072 0.088121 0.0387794 0.995355
0.687172 0.275057 0.0803334 0.0853391 0.0394587 0.99557
0.68711 0.275131 0.0803595 0.0825573 0.0401375 0.995778
0.687048 0.275204 0.0803856 0.0795418 0.0395873 0.996045
0.686986 0.275278 0.0804118 0.0795481 0.0378491 0.996112
0.686924 0.275352 0.0804379 0.0795541 0.036111 0.996176
0.686862 0.275426 0.080464 0.0795599 0.0343729 0.996237
0.6868 0.2755 0.0804902 0.0795655 0.0326349 0.996295
0.686738 0.275574 0.0805163 0.0795708 0.0308969 0.99635
0.686676 0.275648 0.0805424 0.0795758 0.0291591 0.996402
0.686614 0.275722 0.0805686 0.0795807 0.0274214 0.996451
0.686552 0.275796 0.0805947 0.0795853 0.0256838 0.996497
0.68649 0.27587 0.0806208 0.0795896 0.0239464 0.99654
0.686428 0.275944 0.080647 0.0795937 0.0222091 0.99658
0.686365 0.276018 0.0806731 0.0795976 0.0204721 0.996617
0.686303 0.276092 0.0806992 0.0775452 0.0199943 0.996788
0.686241 0.276166 0.0807254 0.0757652 0.0207301 0.99691
0.686179 0.27624 0.0807515 0.0739848 0.021466 0.997028
0.686117 0.276314 0.0807776 0.0722038 0.0222019 0.997143
0.686055 0.276388 0.0808038 0.0704225 0.0229377 0.997253
0.685993 0.276462 0.0808299 0.0686407 0.0236736 0.997361
0.685931 0.276536 0.080856 0.0668585 0.0244094 0.997464
0.685869 0.27661 0.0808822 0.0650759 0.0251451 0.997563
0.685807 0.276683 0.0809083 0.063293 0.0258808 0.997659
0.685745 0.276757 0.0809344 0.0615097 0.0266165 0.997752
0.685683 0.276831 0.0809606 0.0597261 0.0273521 0.99784
0.685621 0.276905 0.0809867 0.0579423 0.0280876 0.997925
0.685559 0.276979 0.0810128 0.0561581 0.0288231 0.998006
0.685497 0.277053 0.081039 0.0543736 0.0295585 0.998083
0.685435 0.277127 0.0810651 0.052589 0.0302938 0.998157
0.685373 0.277201 0.0810912 0.0508041 0.0310289 0.998227
0.685311 0.277275 0.0811174 0.049019 0.031764 0.998293
0.685249 0.277349 0.0811435 0.0472337 0.0324989 0.998355
0.685187 0.277423 0.0811696 0.0454482 0.0332338 0.998414
0.685125 0.277497 0.0811958 0.0436626 0.0339684 0.998469
0.685063 0.277571 0.0812219 0.0418769 0.034703 0.99852
0.685001 0.277645 0.081248 0.0400911 0.0354374 0.998567
0.684939 0.277719 0.0812742 0.0383052 0.0361716 0.998611
0.684877 0.277793 0.0813003 0.0365193 0.0369057 0.998651
0.684815 0.277867 0.0813264 0.0347333 0.0376395 0.998688
0.684753 0.277941 0.0813526 0.0329472 0.0383732 0.99872
0.684691 0.278015 0.0813787 0.0311612 0.0391067 0.998749
0.684629 0.278089 0.0814048 0.0293752 0.03984 0.998774
0.684566 0.278163 0.081431 0.0275892 0.0405731 0.998796
0.684504 0.278236 0.0814571 0.0258033 0.041306 0.998813
0.684442 0.27831 0.0814832 0.0215093 0.0437381 0.998811
0.68438 0.278384 0.0815094 0.019604 0.0447675 0.998805
0.684318 0.278458 0.0815355 0.0176986 0.0457966 0.998794
0.684256 0.278532 0.0815616 0.0157932 0.0468255 0.998778
0.684194 0.278606 0.0815878 0.0138879 0.047854 0.998758
0.684132 0.27868 0.0816139 0.0116225 0.0492435 0.998719
0.68407 0.278754 0.08164 0.0111971 0.0504032 0.998666
0.684008 0.278828 0.0816662 0.0107716 0.0515628 0.998612
0.683946 0.278902 0.0816923 0.0103461 0.0527225 0.998556
0.683884 0.278976 0.0817184 0.00992059 0.0538821 0.998498
0.683822 0.27905 0.0817446 0.00949503 0.0550416 0.998439
0.68376 0.279124 0.0817707 0.00906945 0.0562011 0.998378
0.683698 0.279198 0.0817968 0.00864383 0.0573606 0.998316
0.683636 0.279272 0.081823 0.0082182 0.05852 0.998252
0.683574 0.279346 0.0818491 0.00779253 0.0596794 0.998187
0.683512 0.27942 0.0818752 0.00736685 0.0608387 0.99812
0.68345 0.279494 0.0819014 0.00694115 0.0619979 0.998052
0.683388 0.279568 0.0819275 0.00651543 0.063157 0.997982
0.683326 0.279642 0.0819536 0.0060897 0.0643161 0.997911
0.683264 0.279715 0.0819798 0.00566395 0.065475 0.997838
0.683202 0.279789 0.0820059 0.00523819 0.0666339 0.997764
0.68314 0.279863 0.082032 0.00481242 0.0677927 0.997688
0.683078 0.279937 0.0820582 0.00438665 0.0689513 0.99761
0.683016 0.280011 0.0820843 0.00396086 0.0701099 0.997531
0.682954 0.280085 0.0821104 0.00353508 0.0712684 0.997451
0.682892 0.280159 0.0821366 0.00310929 0.0724267 0.997369
0.68283 0.280233 0.0821627 0.00268351 0.0735849 0.997285
0.682767 0.280307 0.0821888 0.00225773 0.074743 0.9972
0.682705 0.280381 0.082215 0.00183195 0.0759009 0.997114
0.682643 0.280455 0.0822411 0.00140617 0.0770587 0.997026
0.682581 0.280529 0.0822672 0.000980409 0.0782163 0.996936
0.682519 0.280603 0.0822934 0.000495233 0.0794148 0.996842
0.682457 0.280677 0.0823195 -6.22332e-05 0.0806584 0.996742
0.682395 0.280751 0.0823456 -0.000619682 0.0819017 0.99664
0.682333 0.280825 0.0823718 -0.00117711 0.0831449 0.996537
0.682271 0.280899 0.0823979 -0.00173452 0.0843879 0.996431
0.682209 0.280973 0.082424 -0.0022919 0.0856307 0.996324
0.682147 0.281047 0.0824502 -0.00284925 0.0868733 0.996215
0.682085 0.281121 0.0824763 -0.00340656 0.0881156 0.996104
0.682023 0.281195 0.0825024 -0.00396384 0.0893578 0.995992
0.681961 0.281268 0.0825286 -0.00452109 0.0905996 0.995877
0.681899 0.281342 0.0825547 -0.00557249 0.0934446 0.995609
0.681837 0.281416 0.0825808 -0.00599517 0.0947436 0.995484
0.681775 0.28149 0.082607 -0.00688 0.0960299 0.995355
0.681713 0.281564 0.0826331 -0.00814246 0.097312 0.995221
0.681651 0.281638 0.0826592 -0.009405 0.0985939 0.995083
0.681589 0.281712 0.0826854 -0.0106676 0.0998756 0.994943
0.681527 0.281786 0.0827115 -0.0119303 0.101157 0.994799
0.681465 0.28186 0.0827376 -0.013193 0.102438 0.994652
0.681403 0.281934 0.0827638 -0.0144557 0.103719 0.994502
0.681341 0.282008 0.0827899 -0.0157185 0.105 0.994348
0.681279 0.282082 0.082816 -0.0169813 0.10628 0.994191
0.681217 0.282156 0.0828422 -0.0182441 0.107561 0.994031
0.681155 0.28223 0.0828683 -0.0195068 0.10884 0.993868
0.681093 0.282304 0.0828944 -0.0207695 0.11012 0.993701
0.681031 0.282378 0.0829206 -0.0220322 0.111399 0.993531
0.680968 0.282452 0.0829467 -0.0232949 0.112678 0.993358
0.680906 0.282526 0.0829728 -0.0245574 0.113956 0.993182
0.680844 0.2826 0.082999 -0.0258199 0.115235 0.993003
0.680782 0.282674 0.0830251 -0.0270824 0.116512 0.99282
0.68072 0.282747 0.0830512 -0.0283447 0.11779 0.992634
0.680658 0.282821 0.0830774 -0.0296068 0.119067 0.992445
0.680596 0.282895 0.0831035 -0.0308689 0.120343 0.992252
0.680534 0.282969 0.0831296 -0.0321308 0.121619 0.992057
0.680472 0.283043 0.0831558 -0.0333926 0.122895 0.991858
0.68041 0.283117 0.0831819 -0.0346542 0.12417 0.991656
0.680348 0.283191 0.083208 -0.0359157 0.125445 0.99145
0.680286 0.283265 0.0832342 -0.0371769 0.126719 0.991242
0.680224 0.283339 0.0832603 -0.0384379 0.127993 0.99103
0.680162 0.283413 0.0832864 -0.0396988 0.129266 0.990815
0.6801 0.283487 0.0833126 -0.0409594 0.130539 0.990597
0.680038 0.283561 0.0833387 -0.0422198 0.131811 0.990375
0.679976 0.283635 0.0833648 -0.0434799 0.133082 0.990151
0.679914 0.283709 0.083391 -0.0447397 0.134354 0.989923
0.679852 0.283783 0.0834171 -0.0459993 0.135624 0.989692
0.67979 0.283857 0.0834432 -0.0480116 0.137586 0.989326
0.679728 0.283931 0.0834694 -0.0490472 0.138616 0.989131
0.679666 0.284005 0.0834955 -0.0500827 0.139645 0.988934
0.679604 0.284079 0.0835216 -0.0511183 0.140675 0.988735
0.679542 0.284153 0.0835478 -0.0521538 0.141704 0.988534
0.67948 0.284227 0.0835739 -0.0531893 0.142733 0.988331
0.679418 0.2843 0.0836 -0.0542248 0.143761 0.988126
0.679356 0.284374 0.0836262 -0.0553051 0.144816 0.987912
0.679294 0.284448 0.0836523 -0.0566186 0.146028 0.987659
0.679232 0.284522 0.0836784 -0.0579321 0.14724 0.987403
0.679169 0.284596 0.0837046 -0.0592455 0.148451 0.987144
0.679107 0.28467 0.0837307 -0.0605587 0.149661 0.986881
0.679045 0.284744 0.0837568 -0.0618719 0.150871 0.986615
0.678983 0.284818 0.083783 -0.0631849 0.152081 0.986346
0.678921 0.284892 0.0838091 -0.0644977 0.15329 0.986074
0.678859 0.284966 0.0838352 -0.0658104 0.154499 0.985799
0.678797 0.28504 0.0838614 -0.0671229 0.155708 0.98552
0.678735 0.285114 0.0838875 -0.0684352 0.156915 0.985238
0.678673 0.285188 0.0839136 -0.0697474 0.158123 0.984953
0.678611 0.285262 0.0839398 -0.0710593 0.15933 0.984665
0.678549 0.285336 0.0839659 -0.072371 0.160536 0.984373
0.678487 0.28541 0.083992 -0.0736824 0.161742 0.984078
0.678425 0.285484 0.0840182 -0.0749936 0.162947 0.983781
0.678363 0.285558 0.0840443 -0.0763046 0.164152 0.983479
0.678301 0.285632 0.0840704 -0.0776152 0.165356 0.983175
0.678239 0.285706 0.0840966 -0.0789256 0.16656 0.982868
0.678177 0.285779 0.0841227 -0.0802356 0.167763 0.982557
0.678115 0.285853 0.0841488 -0.0815454 0.168965 0.982243
0.678053 0.285927 0.084175 -0.0828548 0.170167 0.981926
0.677991 0.286001 0.0842011 -0.0841639 0.171368 0.981605
0.677929 0.286075 0.0842272 -0.0854726 0.172569 0.981282
0.677867 0.286149 0.0842534 -0.0867809 0.173769 0.980955
0.677805 0.286223 0.0842795 -0.0880889 0.174968 0.980626
0.677743 0.286297 0.0843056 -0.0893965 0.176167 0.980293
0.677681 0.286371 0.0843318 -0.0907037 0.177365 0.979956
0.677619 0.286445 0.0843579 -0.0920104 0.178562 0.979617
0.677557 0.286519 0.084384 -0.0933168 0.179759 0.979275
0.677495 0.286593 0.0844102 -0.0946226 0.180954 0.978929
0.677433 0.286667 0.0844363 -0.0959281 0.18215 0.97858
0.67737 0.286741 0.0844624 -0.0968903 0.182547 0.978411
0.677308 0.286815 0.0844886 -0.0991433 0.183336 0.978038
0.677246 0.286889 0.0845147 -0.101396 0.184124 0.977659
0.677184 0.286963 0.0845408 -0.103649 0.184911 0.977274
0.677122 0.287037 0.084567 0.155981 -0.245072 -0.956875
0.67706 0.287111 0.0845931 0.156496 -0.244823 -0.956855
0.676998 0.287185 0.0846192 0.157011 -0.244573 -0.956834
0.676936 0.287259 0.0846454 0.157526 -0.244324 -0.956813
0.676874 0.287332 0.0846715 0.158041 -0.244074 -0.956792
0.676812 0.287406 0.0846976 0.158556 -0.243825 -0.95677
0.67675 0.28748 0.0847238 0.15907 -0.243575 -0.956749
0.676688 0.287554 0.0847499 0.159585 -0.243325 -0.956726
0.676626 0.287628 0.084776 0.1601 -0.243075 -0.956704
0.676564 0.287702 0.0848022 0.160614 -0.242825 -0.956681
0.676502 0.287776 0.0848283 0.161129 -0.242575 -0.956658
0.67644 0.28785 0.0848544 0.161644 -0.242325 -0.956635
0.676378 0.287924 0.0848806 0.162158 -0.242075 -0.956611
0.676316 0.287998 0.0849067 0.162672 -0.241824 -0.956587
0.676254 0.288072 0.0849328 0.163187 -0.241584 -0.95656
0.676272 0.288138 0.0849422 0.163695 -0.241976 -0.956374
0.676352 0.288198 0.0849386 0.164199 -0.242876 -0.95606
0.676432 0.288259 0.0849351 0.164703 -0.243776 -0.955744
0.676511 0.288319 0.0849316 0.165206 -0.244675 -0.955427
0.676591 0.288379 0.084928 0.165709 -0.245574 -0.955109
0.676671 0.28844 0.0849245 0.166213 -0.246473 -0.95479
0.67675 0.2885 0.084921 0.166715 -0.247372 -0.95447
0.67683 0.28856 0.0849174 0.167218 -0.248271 -0.954149
0.67691 0.28862 0.0849139 0.167721 -0.249169 -0.953826
0.67699 0.288681 0.0849104 0.168223 -0.250067 -0.953503
0.677069 0.288741 0.0849068 0.168725 -0.250964 -0.953178
0.677149 0.288801 0.0849033 0.169227 -0.251861 -0.952853
0.677229 0.288861 0.0848998 0.169729 -0.252758 -0.952526
0.677308 0.288922 0.0848962 0.17023 -0.253655 -0.952198
0.677388 0.288982 0.0848927 0.170732 -0.254552 -0.951869
0.677468 0.289042 0.0848892 0.171233 -0.255448 -0.951539
0.677548 0.289103 0.0848856 0.171734 -0.256343 -0.951207
0.677627 0.289163 0.0848821 0.172234 -0.257239 -0.950875
0.677707 0.289223 0.0848786 0.172735 -0.258134 -0.950542
0.677787 0.289283 0.084875 0.173235 -0.259029 -0.950207
0.677866 0.289344 0.0848715 0.173735 -0.259923 -0.949872
0.677946 0.289404 0.084868 0.174235 -0.260817 -0.949535
0.678026 0.289464 0.0848644 0.174735 -0.261711 -0.949197
0.678106 0.289525 0.0848609 0.175234 -0.262605 -0.948858
0.678185 0.289585 0.0848574 0.175733 -0.263498 -0.948518
0.678265 0.289645 0.0848539 0.176232 -0.264391 -0.948177
0.678345 0.289705 0.0848503 0.176731 -0.265283 -0.947835
0.678424 0.289766 0.0848468 0.17723 -0.266175 -0.947492
0.678504 0.289826 0.0848433 0.177728 -0.267067 -0.947147
0.678584 0.289886 0.0848397 0.178226 -0.267958 -0.946802
0.678664 0.289946 0.0848362 0.178724 -0.26885 -0.946455
0.678743 0.290007 0.0848327 0.179221 -0.26974 -0.946108
0.678823 0.290067 0.0848291 0.179719 -0.270631 -0.945759
0.678903 0.290127 0.0848256 0.184285 -0.275888 -0.943358
0.678982 0.290188 0.0848221 0.189935 -0.282287 -0.94034
0.679062 0.290248 0.0848185 0.188415 -0.282168 -0.940681
0.679142 0.290308 0.084815 0.18513 -0.280219 -0.941915
0.679222 0.290368 0.0848115 0.181844 -0.278266 -0.943134
0.679301 0.290429 0.0848079 0.179527 -0.276907 -0.943977
0.679381 0.290489 0.0848044 0.179153 -0.276728 -0.944101
0.679461 0.290549 0.0848009 0.178778 -0.276549 -0.944224
0.67954 0.29061 0.0847973 0.178404 -0.27637 -0.944347
0.67962 0.29067 0.0847938 0.17803 -0.276191 -0.94447
0.6797 0.29073 0.0847903 0.177656 -0.276012 -0.944593
0.67978 0.29079 0.0847867 0.177282 -0.275833 -0.944716
0.679859 0.290851 0.0847832 0.176907 -0.275654 -0.944838
0.679939 0.290911 0.0847797 0.176533 -0.275474 -0.94496
0.680019 0.290971 0.0847761 0.176158 -0.275295 -0.945082
0.680098 0.291031 0.0847726 0.175784 -0.275116 -0.945204
0.680178 0.291092 0.0847691 0.175409 -0.274936 -0.945326
0.680258 0.291152 0.0847655 0.175035 -0.274757 -0.945448
0.680338 0.291212 0.084762 0.17466 -0.274577 -0.945569
0.680417 0.291273 0.0847585 0.174286 -0.274398 -0.94569
0.680497 0.291333 0.084755 0.173911 -0.274218 -0.945812
0.680577 0.291393 0.0847514 0.173536 -0.274038 -0.945932
0.680656 0.291453 0.0847479 0.173161 -0.273859 -0.946053
0.680736 0.291514 0.0847444 0.172787 -0.273679 -0.946174
0.680816 0.291574 0.0847408 0.172412 -0.273499 -0.946294
0.680896 0.291634 0.0847373 0.172037 -0.273319 -0.946414
0.680975 0.291694 0.0847338 0.171662 -0.273139 -0.946534
0.681055 0.291755 0.0847302 0.171287 -0.272959 -0.946654
0.681135 0.291815 0.0847267 0.170912 -0.272779 -0.946774
0.681214 0.291875 0.0847232 0.170537 -0.272599 -0.946893
0.681294 0.291936 0.0847196 0.170162 -0.272419 -0.947013
0.681374 0.291996 0.0847161 0.169787 -0.272238 -0.947132
0.681454 0.292056 0.0847126 0.169412 -0.272058 -0.947251
0.681533 0.292116 0.084709 0.169036 -0.271878 -0.94737
0.681613 0.292177 0.0847055 0.168661 -0.271697 -0.947488
0.681693 0.292237 0.084702 0.168286 -0.271517 -0.947607
0.681772 0.292297 0.0846984 0.16791 -0.271336 -0.947725
0.681852 0.292358 0.0846949 0.167535 -0.271156 -0.947843
0.681932 0.292418 0.0846914 0.167666 -0.271287 -0.947782
0.682012 0.292478 0.0846878 0.169559 -0.272481 -0.947103
0.682091 0.292538 0.0846843 0.171451 -0.273673 -0.946418
0.682171 0.292599 0.0846808 0.173343 -0.274865 -0.945728
0.682251 0.292659 0.0846772 0.175235 -0.276055 -0.945032
0.68233 0.292719 0.0846737 0.177126 -0.277244 -0.944331
0.68241 0.292779 0.0846702 0.179017 -0.278432 -0.943625
0.68249 0.29284 0.0846667 0.180907 -0.279619 -0.942913
0.68257 0.2929 0.0846631 0.182797 -0.280804 -0.942196
0.682649 0.29296 0.0846596 0.184687 -0.281989 -0.941474
0.682729 0.293021 0.0846561 0.186576 -0.283172 -0.940746
0.682809 0.293081 0.0846525 0.188464 -0.284354 -0.940013
0.682888 0.293141 0.084649 0.190351 -0.285534 -0.939275
0.682968 0.293201 0.0846455 0.192238 -0.286713 -0.938531
0.683048 0.293262 0.0846419 0.194125 -0.287891 -0.937782
0.683128 0.293322 0.0846384 0.19601 -0.289067 -0.937027
0.683207 0.293382 0.0846349 0.197895 -0.290243 -0.936267
0.683287 0.293443 0.0846313 0.199779 -0.291416 -0.935502
0.683367 0.293503 0.0846278 0.201663 -0.292588 -0.934732
0.683446 0.293563 0.0846243 0.203545 -0.293759 -0.933957
0.683526 0.293623 0.0846207 0.203851 -0.293241 -0.934053
0.683606 0.293684 0.0846172 0.203192 -0.291749 -0.934663
0.683686 0.293744 0.0846137 0.202531 -0.290256 -0.935271
0.683765 0.293804 0.0846101 0.20187 -0.288761 -0.935877
0.683845 0.293864 0.0846066 0.201208 -0.287266 -0.936479
0.683925 0.293925 0.0846031 0.200545 -0.285769 -0.937079
0.684004 0.293985 0.0845995 0.199882 -0.284271 -0.937677
0.684084 0.294045 0.084596 0.199218 -0.282771 -0.938271
0.684164 0.294106 0.0845925 0.198553 -0.281271 -0.938863
0.684244 0.294166 0.0845889 0.197887 -0.279769 -0.939452
0.684323 0.294226 0.0845854 0.197221 -0.278267 -0.940038
0.684403 0.294286 0.0845819 0.196554 -0.276763 -0.940622
0.684483 0.294347 0.0845784 0.195886 -0.275258 -0.941202
0.684562 0.294407 0.0845748 0.195217 -0.273752 -0.94178
0.684642 0.294467 0.0845713 0.194548 -0.272245 -0.942356
0.684722 0.294527 0.0845678 0.193878 -0.270736 -0.942928
0.684802 0.294588 0.0845642 0.193207 -0.269227 -0.943498
0.684881 0.294648 0.0845607 0.192399 -0.268898 -0.943757
0.684961 0.294708 0.0845572 0.191413 -0.26989 -0.943674
0.685041 0.294769 0.0845536 0.190428 -0.270881 -0.943589
0.68512 0.294829 0.0845501 0.189442 -0.271872 -0.943503
0.6852 0.294889 0.0845466 0.188456 -0.272862 -0.943414
0.68528 0.294949 0.084543 0.18747 -0.273851 -0.943324
0.68536 0.29501 0.0845395 0.186483 -0.27484 -0.943232
0.685439 0.29507 0.084536 0.185497 -0.275828 -0.943138
0.685519 0.29513 0.0845324 0.18451 -0.276815 -0.943043
0.685599 0.295191 0.0845289 0.183523 -0.277801 -0.942945
0.685678 0.295251 0.0845254 0.182536 -0.278787 -0.942846
0.685758 0.295311 0.0845218 0.181549 -0.279772 -0.942745
0.685838 0.295371 0.0845183 0.180561 -0.280757 -0.942642
0.685918 0.295432 0.0845148 0.179574 -0.28174 -0.942537
0.685997 0.295492 0.0845112 0.178586 -0.282723 -0.94243
0.686077 0.295552 0.0845077 0.177598 -0.283705 -0.942322
0.686157 0.295612 0.0845042 0.17661 -0.284686 -0.942212
0.686236 0.295673 0.0845006 0.175622 -0.285667 -0.9421
0.686316 0.295733 0.0844971 0.174634 -0.286646 -0.941986
0.686396 0.295793 0.0844936 0.173645 -0.287625 -0.94187
0.686476 0.295854 0.08449 0.172657 -0.288604 -0.941752
0.686555 0.295914 0.0844865 0.171668 -0.289581 -0.941633
0.686635 0.295974 0.084483 0.170679 -0.290558 -0.941512
0.686715 0.296034 0.0844795 0.16969 -0.291534 -0.941389
0.686794 0.296095 0.0844759 0.168701 -0.292509 -0.941264
0.686874 0.296155 0.0844724 0.167665 -0.294473 -0.940837
0.686954 0.296215 0.0844689 0.165733 -0.295259 -0.940933
0.687034 0.296275 0.0844653 0.163801 -0.296044 -0.941024
0.687113 0.296336 0.0844618 0.161868 -0.296828 -0.941112
0.687193 0.296396 0.0844583 0.159934 -0.297611 -0.941195
0.687273 0.296456 0.0844547 0.158 -0.298392 -0.941275
0.687352 0.296517 0.0844512 0.156066 -0.299172 -0.94135
0.687432 0.296577 0.0844477 0.154131 -0.29995 -0.941421
0.687512 0.296637 0.0844441 0.152222 -0.300709 -0.94149
0.687592 0.296697 0.0844406 0.152162 -0.300609 -0.941531
0.687671 0.296758 0.0844371 0.152119 -0.300535 -0.941562
0.687751 0.296818 0.0844335 0.152076 -0.30046 -0.941593
0.687831 0.296878 0.08443 0.152033 -0.300385 -0.941623
0.68791 0.296939 0.0844265 0.15199 -0.300311 -0.941654
0.68799 0.296999 0.0844229 0.151947 -0.300236 -0.941685
0.68807 0.297059 0.0844194 0.151904 -0.300161 -0.941716
0.68815 0.297119 0.0844159 0.151861 -0.300087 -0.941746
0.688229 0.29718 0.0844123 0.151818 -0.300012 -0.941777
0.688309 0.29724 0.0844088 0.151775 -0.299937 -0.941808
0.688389 0.2973 0.0844053 0.151732 -0.299863 -0.941838
0.688468 0.29736 0.0844017 0.15169 -0.299788 -0.941869
0.688548 0.297421 0.0843982 0.151647 -0.299713 -0.9419
0.688628 0.297481 0.0843947 0.151604 -0.299639 -0.94193
0.688708 0.297541 0.0843912 0.151561 -0.299564 -0.941961
0.688787 0.297602 0.0843876 0.151518 -0.29949 -0.941992
0.688867 0.297662 0.0843841 0.151475 -0.299415 -0.942022
0.688947 0.297722 0.0843806 0.151432 -0.29934 -0.942053
0.689026 0.297782 0.084377 0.151389 -0.299266 -0.942083
0.689106 0.297843 0.0843735 0.151346 -0.299191 -0.942114
0.689186 0.297903 0.08437 0.151304 -0.299117 -0.942145
0.689266 0.297963 0.0843664 0.151261 -0.299042 -0.942175
0.689345 0.298024 0.0843629 0.151218 -0.298967 -0.942206
0.689425 0.298084 0.0843594 0.151175 -0.298893 -0.942236
0.689505 0.298144 0.0843558 0.151132 -0.298818 -0.942267
0.689584 0.298204 0.0843523 0.151089 -0.298744 -0.942297
0.689664 0.298265 0.0843488 0.151046 -0.298669 -0.942328
0.689744 0.298325 0.0843452 0.151003 -0.298594 -0.942358
0.689824 0.298385 0.0843417 0.150961 -0.29852 -0.942389
0.689903 0.298445 0.0843382 0.150918 -0.298445 -0.942419
0.689983 0.298506 0.0843346 0.150875 -0.298371 -0.94245
0.690063 0.298566 0.0843311 0.150832 -0.298296 -0.94248
0.690142 0.298626 0.0843276 0.152106 -0.298498 -0.942212
0.690222 0.298687 0.084324 0.155157 -0.299114 -0.941519
0.690302 0.298747 0.0843205 0.153032 -0.299356 -0.941789
0.690381 0.298807 0.084317 0.154053 -0.298247 -0.941975
0.690461 0.298867 0.0843134 0.155075 -0.297138 -0.942158
0.690541 0.298928 0.0843099 0.156097 -0.296026 -0.942339
0.690621 0.298988 0.0843064 0.157119 -0.294913 -0.942518
0.6907 0.299048 0.0843029 0.158142 -0.293799 -0.942695
0.69078 0.299108 0.0842993 0.159165 -0.292683 -0.94287
0.69086 0.299169 0.0842958 0.160189 -0.291565 -0.943042
0.690939 0.299229 0.0842923 0.161213 -0.290446 -0.943213
0.691019 0.299289 0.0842887 0.162237 -0.289326 -0.943382
0.691099 0.29935 0.0842852 0.163262 -0.288204 -0.943549
0.691179 0.29941 0.0842817 0.164287 -0.287081 -0.943713
0.691258 0.29947 0.0842781 0.165312 -0.285956 -0.943876
0.691338 0.29953 0.0842746 0.166338 -0.284829 -0.944036
0.691418 0.299591 0.0842711 0.167364 -0.283701 -0.944194
0.691497 0.299651 0.0842675 0.168391 -0.282572 -0.94435
0.691577 0.299711 0.084264 0.169417 -0.281441 -0.944504
0.691657 0.299772 0.0842605 0.170444 -0.280309 -0.944656
0.691737 0.299832 0.0842569 0.171472 -0.279175 -0.944806
0.691816 0.299892 0.0842534 0.172499 -0.27804 -0.944954
0.691896 0.299952 0.0842499 0.173527 -0.276904 -0.945099
0.691976 0.300013 0.0842463 0.174556 -0.275766 -0.945243
0.692055 0.300073 0.0842428 0.175584 -0.274626 -0.945384
0.692135 0.300133 0.0842393 0.176613 -0.273485 -0.945523
0.692215 0.300193 0.0842357 0.177642 -0.272343 -0.94566
0.692295 0.300254 0.0842322 0.178671 -0.2712 -0.945795
0.692374 0.300314 0.0842287 0.179701 -0.270055 -0.945927
0.692454 0.300374 0.0842251 0.180731 -0.268908 -0.946057
0.692534 0.300435 0.0842216 0.181761 -0.26776 -0.946186
0.692613 0.300495 0.0842181 0.182791 -0.266611 -0.946312
0.692693 0.300555 0.0842146 0.183822 -0.265461 -0.946436
0.692773 0.300615 0.084211 0.184852 -0.264309 -0.946557
0.692853 0.300676 0.0842075 0.185883 -0.263155 -0.946677
0.692932 0.300736 0.084204 0.186136 -0.263652 -0.946489
0.693012 0.300796 0.0842004 0.18632 -0.264203 -0.946299
0.693092 0.300857 0.0841969 0.186505 -0.264753 -0.946109
0.693171 0.300917 0.0841934 0.186689 -0.265303 -0.945918
0.693251 0.300977 0.0841898 0.186874 -0.265852 -0.945728
0.693331 0.301037 0.0841863 0.187058 -0.266401 -0.945537
0.693411 0.301098 0.0841828 0.187241 -0.266949 -0.945346
0.69349 0.301158 0.0841792 0.187425 -0.267497 -0.945155
0.69357 0.301218 0.0841757 0.187608 -0.268044 -0.944963
0.69365 0.301278 0.0841722 0.187791 -0.26859 -0.944772
0.693729 0.301339 0.0841686 0.187974 -0.269136 -0.94458
0.693809 0.301399 0.0841651 0.188157 -0.269682 -0.944388
0.693889 0.301459 0.0841616 0.188339 -0.270227 -0.944196
0.693969 0.30152 0.084158 0.188521 -0.270771 -0.944004
0.694048 0.30158 0.0841545 0.188703 -0.271315 -0.943811
0.694128 0.30164 0.084151 0.188885 -0.271858 -0.943619
0.694208 0.3017 0.0841474 0.189066 -0.2724 -0.943426
0.694287 0.301761 0.0841439 0.189248 -0.272942 -0.943233
0.694367 0.301821 0.0841404 0.189429 -0.273484 -0.943039
0.694447 0.301881 0.0841368 0.189609 -0.274025 -0.942846
0.694527 0.301941 0.0841333 0.18979 -0.274565 -0.942653
0.694606 0.302002 0.0841298 0.18997 -0.275105 -0.942459
0.694686 0.302062 0.0841262 0.190151 -0.275644 -0.942265
0.694766 0.302122 0.0841227 0.19033 -0.276183 -0.942071
0.694845 0.302183 0.0841192 0.19051 -0.276721 -0.941877
0.694925 0.302243 0.0841157 0.191207 -0.277964 -0.941369
0.695005 0.302303 0.0841121 0.191905 -0.279208 -0.940859
0.695085 0.302363 0.0841086 0.192602 -0.280451 -0.940346
0.695164 0.302424 0.0841051 0.193299 -0.281694 -0.939832
0.695244 0.302484 0.0841015 0.193996 -0.282935 -0.939315
0.695324 0.302544 0.084098 0.194692 -0.284177 -0.938796
0.695403 0.302605 0.0840945 0.195388 -0.285417 -0.938275
0.695483 0.302665 0.0840909 0.195387 -0.286852 -0.937838
0.695563 0.302725 0.0840874 0.194254 -0.288456 -0.937581
0.695643 0.302785 0.0840839 0.19312 -0.290058 -0.937321
0.695722 0.302846 0.0840803 0.191986 -0.29166 -0.937057
0.695802 0.302906 0.0840768 0.190851 -0.293259 -0.93679
0.695882 0.302966 0.0840733 0.189716 -0.294858 -0.936518
0.695961 0.303026 0.0840697 0.18857 -0.2963 -0.936295
0.696041 0.303087 0.0840662 0.187417 -0.29678 -0.936374
0.696121 0.303147 0.0840627 0.186264 -0.297259 -0.936452
0.696201 0.303207 0.0840591 0.185109 -0.297737 -0.936529
0.69628 0.303268 0.0840556 0.183955 -0.298216 -0.936604
0.69636 0.303328 0.0840521 0.1828 -0.298694 -0.936678
0.69644 0.303388 0.0840485 0.181645 -0.299171 -0.936751
0.696519 0.303448 0.084045 0.180489 -0.299648 -0.936821
0.696599 0.303509 0.0840415 0.179334 -0.300125 -0.936891
0.69667 0.303489 0.0840222 0.177948 -0.29946 -0.937368
0.696735 0.303419 0.0839929 0.176416 -0.298075 -0.938098
0.696801 0.30335 0.0839636 0.174883 -0.296688 -0.938825
0.696866 0.30328 0.0839343 0.17335 -0.2953 -0.939547
0.696931 0.30321 0.083905 0.171815 -0.29391 -0.940264
0.696997 0.30314 0.0838757 0.17028 -0.292518 -0.940977
0.697062 0.30307 0.0838464 0.168744 -0.291125 -0.941685
0.697128 0.303001 0.0838171 0.167207 -0.289731 -0.942389
0.697193 0.302931 0.0837879 0.165669 -0.288335 -0.943089
0.697258 0.302861 0.0837586 0.163673 -0.284996 -0.944451
0.697324 0.302791 0.0837293 0.162063 -0.282397 -0.945509
0.697389 0.302722 0.0837 0.160451 -0.279794 -0.946557
0.697454 0.302652 0.0836707 0.158836 -0.277188 -0.947596
0.69752 0.302582 0.0836414 0.15722 -0.274578 -0.948625
0.697585 0.302512 0.0836121 0.155602 -0.271965 -0.949644
0.69765 0.302442 0.0835829 0.153982 -0.269349 -0.950653
0.697716 0.302373 0.0835536 0.152361 -0.266729 -0.951652
0.697781 0.302303 0.0835243 0.150737 -0.264107 -0.952642
0.697846 0.302233 0.083495 -0.104141 0.223867 0.96904
0.697912 0.302163 0.0834657 -0.104107 0.221471 0.969594
0.697977 0.302093 0.0834364 -0.104072 0.219074 0.970142
0.698043 0.302024 0.0834071 -0.104036 0.216676 0.970684
0.698108 0.301954 0.0833778 -0.104 0.214276 0.971221
0.698173 0.301884 0.0833486 -0.103963 0.211875 0.971751
0.698239 0.301814 0.0833193 -0.103926 0.209473 0.972276
0.698304 0.301744 0.08329 -0.103888 0.20707 0.972795
0.698369 0.301675 0.0832607 -0.103849 0.204665 0.973308
0.698435 0.301605 0.0832314 -0.10381 0.202259 0.973815
0.6985 0.301535 0.0832021 -0.10377 0.199852 0.974316
0.698565 0.301465 0.0831728 -0.102623 0.198032 0.974809
0.698631 0.301395 0.0831435 -0.101087 0.196595 0.97526
0.698696 0.301326 0.0831143 -0.0995506 0.195158 0.975706
0.698761 0.301256 0.083085 -0.0980136 0.19372 0.976148
0.698827 0.301186 0.0830557 -0.0964762 0.192281 0.976586
0.698892 0.301116 0.0830264 -0.0949385 0.190842 0.977019
0.698958 0.301047 0.0829971 -0.0934004 0.189401 0.977447
0.699023 0.300977 0.0829678 -0.0918619 0.18796 0.977871
0.699088 0.300907 0.0829385 -0.0903231 0.186518 0.978291
0.699154 0.300837 0.0829092 -0.088784 0.185075 0.978706
0.699219 0.300767 0.08288 -0.0872447 0.183631 0.979116
0.699284 0.300698 0.0828507 -0.085705 0.182187 0.979522
0.69935 0.300628 0.0828214 -0.0841652 0.180742 0.979923
0.699415 0.300558 0.0827921 -0.0826251 0.179297 0.980319
0.69948 0.300488 0.0827628 -0.0810849 0.17785 0.980711
0.699546 0.300418 0.0827335 -0.0795445 0.176403 0.981099
0.699611 0.300349 0.0827042 -0.0780039 0.174956 0.981481
0.699676 0.300279 0.082675 -0.0764632 0.173508 0.98186
0.699742 0.300209 0.0826457 -0.0749224 0.172059 0.982233
0.699807 0.300139 0.0826164 -0.0733815 0.17061 0.982602
0.699873 0.300069 0.0825871 -0.0718406 0.16916 0.982967
0.699938 0.3 0.0825578 -0.0702996 0.16771 0.983327
0.700003 0.29993 0.0825285 -0.0667625 0.164722 0.984078
0.700069 0.29986 0.0824992 -0.0641977 0.162597 0.984602
0.700134 0.29979 0.0824699 -0.0616313 0.160468 0.985115
0.700199 0.299721 0.0824407 -0.0590632 0.158337 0.985617
0.700265 0.299651 0.0824114 -0.0564936 0.156204 0.986108
0.70033 0.299581 0.0823821 -0.0539225 0.154068 0.986588
0.700395 0.299511 0.0823528 -0.0513501 0.15193 0.987056
0.700461 0.299441 0.0823235 -0.0487764 0.149789 0.987514
0.700526 0.299372 0.0822942 -0.0462015 0.147646 0.987961
0.700591 0.299302 0.0822649 -0.0436254 0.145501 0.988396
0.700657 0.299232 0.0822356 -0.0410484 0.143354 0.98882
0.700722 0.299162 0.0822064 -0.0384704 0.141205 0.989233
0.700788 0.299092 0.0821771 -0.0358916 0.139054 0.989634
0.700853 0.299023 0.0821478 -0.0333121 0.136901 0.990024
0.700918 0.298953 0.0821185 -0.0307318 0.134746 0.990403
0.700984 0.298883 0.0820892 -0.028151 0.13259 0.990771
0.701049 0.298813 0.0820599 -0.0255697 0.130431 0.991128
0.701114 0.298743 0.0820306 -0.022988 0.128272 0.991473
0.70118 0.298674 0.0820014 -0.020406 0.12611 0.991806
0.701245 0.298604 0.0819721 -0.0178238 0.123948 0.992129
0.70131 0.298534 0.0819428 -0.0152414 0.121784 0.99244
0.701376 0.298464 0.0819135 -0.012659 0.119618 0.992739
0.701441 0.298394 0.0818842 -0.0100766 0.117452 0.993027
0.701506 0.298325 0.0818549 -0.00749437 0.115284 0.993304
0.701572 0.298255 0.0818256 -0.00491235 0.113115 0.99357
0.701637 0.298185 0.0817963 -0.00233064 0.110946 0.993824
0.701703 0.298115 0.0817671 0.000250673 0.108775 0.994066
0.701768 0.298046 0.0817378 0.0028315 0.106603 0.994298
0.701833 0.297976 0.0817085 0.0066323 0.103511 0.994606
0.701899 0.297906 0.0816792 0.00913953 0.100943 0.99485
0.701964 0.297836 0.0816499 0.011646 0.0983741 0.995081
0.702029 0.297766 0.0816206 0.0141517 0.095805 0.9953
0.702095 0.297697 0.0815913 0.0166564 0.0932354 0.995505
0.70216 0.297627 0.081562 0.0191602 0.0906654 0.995697
0.702225 0.297557 0.0815328 0.0216628 0.0880952 0.995876
0.702291 0.297487 0.0815035 0.0241641 0.0855247 0.996043
0.702356 0.297417 0.0814742 0.0299771 0.0773327 0.996555
0.702421 0.297348 0.0814449 0.0306159 0.0753577 0.996686
0.702487 0.297278 0.0814156 0.0312545 0.0733822 0.996814
0.702552 0.297208 0.0813863 0.0318931 0.071406 0.996937
0.702618 0.297138 0.081357 0.0325317 0.0694293 0.997056
0.702683 0.297068 0.0813278 0.0331702 0.0674521 0.997171
0.702748 0.296999 0.0812985 0.0338085 0.0654745 0.997281
0.702814 0.296929 0.0812692 0.0344468 0.0634963 0.997387
0.702879 0.296859 0.0812399 0.0350851 0.0615177 0.997489
0.702944 0.296789 0.0812106 0.0357232 0.0595388 0.997587
0.70301 0.296719 0.0811813 0.0363611 0.0575594 0.99768
0.703075 0.29665 0.081152 0.036999 0.0555796 0.997768
0.70314 0.29658 0.0811227 0.0376367 0.0535996 0.997853
0.703206 0.29651 0.0810935 0.0382743 0.0516192 0.997933
0.703271 0.29644 0.0810642 0.0389118 0.0496385 0.998009
0.703336 0.296371 0.0810349 0.0395491 0.0476576 0.99808
0.703402 0.296301 0.0810056 0.0401862 0.0456765 0.998148
0.703467 0.296231 0.0809763 0.0408232 0.0436951 0.998211
0.703533 0.296161 0.080947 0.0414599 0.0417136 0.998269
0.703598 0.296091 0.0809177 0.0420965 0.0397319 0.998323
0.703663 0.296022 0.0808884 0.0427329 0.0377501 0.998373
0.703729 0.295952 0.0808592 0.0433691 0.0357682 0.998419
0.703794 0.295882 0.0808299 0.0440051 0.0337862 0.99846
0.703859 0.295812 0.0808006 0.0446408 0.0318041 0.998497
0.703925 0.295742 0.0807713 0.0452764 0.0298221 0.998529
0.70399 0.295673 0.080742 0.0459117 0.02784 0.998557
0.704055 0.295603 0.0807127 0.0465467 0.0258579 0.998581
0.704121 0.295533 0.0806834 0.0471815 0.023876 0.998601
0.704186 0.295463 0.0806541 0.047816 0.021894 0.998616
0.704251 0.295393 0.0806249 0.0481225 0.0205635 0.99863
0.704317 0.295324 0.0805956 0.0482363 0.0196156 0.998643
0.704382 0.295254 0.0805663 0.0483501 0.0186678 0.998656
0.704448 0.295184 0.080537 0.0488251 0.0172601 0.998658
0.704513 0.295114 0.0805077 0.0497045 0.0153372 0.998646
0.704578 0.295045 0.0804784 0.0505836 0.0134144 0.99863
0.704644 0.294975 0.0804491 0.0514624 0.0114917 0.998609
0.704709 0.294905 0.0804199 0.0563716 0.00635561 0.99839
0.704774 0.294835 0.0803906 0.0579202 0.00584435 0.998304
0.70484 0.294765 0.0803613 0.0594689 0.005333 0.998216
0.704905 0.294696 0.080332 0.0610176 0.00482156 0.998125
0.70497 0.294626 0.0803027 0.0622808 0.00446856 0.998049
0.705036 0.294556 0.0802734 0.0634718 0.00398321 0.997976
0.705101 0.294486 0.0802441 0.0649095 0.00315796 0.997886
0.705166 0.294416 0.0802148 0.0663471 0.00233266 0.997794
0.705232 0.294347 0.0801856 0.0677846 0.00150731 0.997699
0.705297 0.294277 0.0801563 0.069222 0.000681918 0.997601
0.705363 0.294207 0.080127 0.0706593 -0.000143511 0.9975
0.705428 0.294137 0.0800977 0.0720964 -0.00096897 0.997397
0.705493 0.294067 0.0800684 0.0735334 -0.00179445 0.997291
0.705559 0.293998 0.0800391 0.0749702 -0.00261995 0.997182
0.705624 0.293928 0.0800098 0.0764069 -0.00344545 0.997071
0.705689 0.293858 0.0799805 0.0778433 -0.00427096 0.996956
0.705755 0.293788 0.0799513 0.0792795 -0.00509646 0.996839
0.70582 0.293718 0.079922 0.0807155 -0.00592195 0.99672
0.705885 0.293649 0.0798927 0.0821513 -0.00674742 0.996597
0.705951 0.293579 0.0798634 0.0835869 -0.00757287 0.996472
0.706016 0.293509 0.0798341 0.0850222 -0.00839828 0.996344
0.706081 0.293439 0.0798048 0.0864572 -0.00922365 0.996213
0.706147 0.29337 0.0797755 0.087892 -0.010049 0.996079
0.706212 0.2933 0.0797463 0.0893265 -0.0108743 0.995943
0.706278 0.29323 0.079717 0.0907607 -0.0116995 0.995804
0.706343 0.29316 0.0796877 0.0921945 -0.0125246 0.995662
0.706408 0.29309 0.0796584 0.0936281 -0.0133497 0.995518
0.706474 0.293021 0.0796291 0.0950613 -0.0141747 0.99537
0.706539 0.292951 0.0795998 0.0964942 -0.0149996 0.995221
0.706604 0.292881 0.0795705 0.0979267 -0.0158244 0.995068
0.70667 0.292811 0.0795412 0.0993588 -0.0166491 0.994912
0.706735 0.292741 0.079512 0.100791 -0.0174737 0.994754
0.7068 0.292672 0.0794827 0.102222 -0.0182982 0.994593
0.706866 0.292602 0.0794534 0.103653 -0.0191226 0.99443
0.706931 0.292532 0.0794241 0.105083 -0.0199468 0.994263
0.706996 0.292462 0.0793948 0.106514 -0.020771 0.994094
0.707062 0.292392 0.0793655 0.107943 -0.0215949 0.993922
0.707127 0.292323 0.0793362 0.113823 -0.0247478 0.993193
0.707193 0.292253 0.0793069 0.115506 -0.0257396 0.992973
0.707258 0.292183 0.0792777 0.117189 -0.0267314 0.99275
0.707323 0.292113 0.0792484 0.118872 -0.0277233 0.992522
0.707389 0.292044 0.0792191 0.120554 -0.0287152 0.992291
0.707454 0.291974 0.0791898 0.122237 -0.0297071 0.992056
0.707519 0.291904 0.0791605 0.123918 -0.0306989 0.991817
0.707585 0.291834 0.0791312 0.1256 -0.0316908 0.991575
0.70765 0.291764 0.0791019 0.127281 -0.0326826 0.991328
0.707715 0.291695 0.0790726 0.128962 -0.0336744 0.991078
0.707781 0.291625 0.0790434 0.130643 -0.0346662 0.990823
0.707846 0.291555 0.0790141 0.132323 -0.0356578 0.990565
0.707911 0.291485 0.0789848 0.134003 -0.0366494 0.990303
0.707977 0.291415 0.0789555 0.135682 -0.037641 0.990037
0.708042 0.291346 0.0789262 0.137361 -0.0386324 0.989767
0.708108 0.291276 0.0788969 0.139039 -0.0396237 0.989494
0.708173 0.291206 0.0788676 0.140717 -0.0406148 0.989216
0.708238 0.291136 0.0788384 0.142394 -0.0416059 0.988935
0.708304 0.291066 0.0788091 0.144071 -0.0425968 0.98865
0.708369 0.290997 0.0787798 0.145748 -0.0435875 0.988361
0.708434 0.290927 0.0787505 0.147423 -0.0445781 0.988068
0.7085 0.290857 0.0787212 0.149099 -0.0455684 0.987772
0.708565 0.290787 0.0786919 0.150773 -0.0465586 0.987471
0.70863 0.290717 0.0786626 0.152447 -0.0475486 0.987167
0.708696 0.290648 0.0786333 0.15412 -0.0485384 0.986859
0.708761 0.290578 0.0786041 0.155793 -0.049528 0.986547
0.708826 0.290508 0.0785748 0.157465 -0.0505173 0.986232
0.708892 0.290438 0.0785455 0.159136 -0.0515063 0.985912
0.708957 0.290369 0.0785162 0.160807 -0.0524951 0.985589
0.709022 0.290299 0.0784869 0.162477 -0.0534837 0.985262
0.709088 0.290229 0.0784576 0.164146 -0.0544719 0.984931
0.709153 0.290159 0.0784283 0.165814 -0.0554598 0.984596
0.709219 0.290089 0.078399 0.167481 -0.0564475 0.984258
0.709284 0.29002 0.0783698 0.169148 -0.0574348 0.983916
0.709349 0.28995 0.0783405 0.170814 -0.0584218 0.98357
0.709415 0.28988 0.0783112 0.17251 -0.0593709 0.983217
0.70948 0.28981 0.0782819 0.174238 -0.0603043 0.982855
0.709545 0.28974 0.0782526 0.175965 -0.0612374 0.98249
0.709611 0.289671 0.0782233 0.183932 -0.0646166 0.980813
0.709676 0.289601 0.078194 0.18506 -0.0648997 0.980582
0.709741 0.289531 0.0781648 0.186187 -0.0651827 0.98035
0.709807 0.289461 0.0781355 0.187315 -0.0654656 0.980116
0.709872 0.289391 0.0781062 0.188442 -0.0657484 0.979881
0.709937 0.289322 0.0780769 0.189569 -0.0660311 0.979645
0.710003 0.289252 0.0780476 0.190696 -0.0663138 0.979407
0.710068 0.289182 0.0780183 0.191823 -0.0665963 0.979168
0.710134 0.289112 0.077989 0.192949 -0.0668788 0.978927
0.710199 0.289042 0.0779597 0.194075 -0.0671612 0.978685
0.710264 0.288973 0.0779305 0.195201 -0.0674436 0.978442
0.71033 0.288903 0.0779012 0.196326 -0.0677258 0.978197
0.710395 0.288833 0.0778719 0.197452 -0.0680079 0.977951
0.71046 0.288763 0.0778426 0.198577 -0.06829 0.977703
0.710526 0.288694 0.0778133 0.199702 -0.0685719 0.977454
0.710591 0.288624 0.077784 0.200826 -0.0688538 0.977204
0.710656 0.288554 0.0777547 0.201951 -0.0691356 0.976953
0.710722 0.288484 0.0777254 0.203075 -0.0694173 0.976699
0.710787 0.288414 0.0776962 0.204198 -0.0696988 0.976445
0.710852 0.288345 0.0776669 0.205322 -0.0699803 0.976189
0.710918 0.288275 0.0776376 0.206445 -0.0702617 0.975932
0.710983 0.288205 0.0776083 0.207568 -0.070543 0.975674
0.711049 0.288135 0.077579 0.208691 -0.0708242 0.975414
0.711114 0.288065 0.0775497 0.209813 -0.0711052 0.975153
0.711179 0.287996 0.0775204 0.210935 -0.0713862 0.97489
0.711245 0.287926 0.0774911 0.212057 -0.0716671 0.974626
0.71131 0.287856 0.0774619 0.213178 -0.0719479 0.974361
0.711375 0.287786 0.0774326 0.214299 -0.0722285 0.974094
0.711441 0.287716 0.0774033 0.21542 -0.0725091 0.973826
0.711506 0.287647 0.077374 0.21654 -0.0727895 0.973556
0.711571 0.287577 0.0773447 0.21766 -0.0730699 0.973286
0.711637 0.287507 0.0773154 0.21878 -0.0733501 0.973013
0.711702 0.287437 0.0772861 0.219899 -0.0736302 0.97274
0.711767 0.287368 0.0772569 0.221018 -0.0739102 0.972465
0.711833 0.287298 0.0772276 0.222137 -0.0741901 0.972189
0.711898 0.287228 0.0771983 0.223255 -0.0744698 0.971911
0.711964 0.287158 0.077169 0.224373 -0.0747495 0.971632
0.712029 0.287088 0.0771397 0.22549 -0.075029 0.971352
0.712094 0.287019 0.0771104 0.226481 -0.075296 0.971101
0.71216 0.286949 0.0770811 0.226446 -0.0768246 0.970989
0.712225 0.286879 0.0770518 0.226412 -0.0783533 0.970875
0.71229 0.286809 0.0770226 0.226376 -0.0798819 0.970759
0.712356 0.286739 0.0769933 0.22634 -0.0814106 0.97064
0.712421 0.28667 0.076964 0.226304 -0.0829393 0.970519
0.712486 0.2866 0.0769347 0.226267 -0.0844679 0.970396
0.712552 0.28653 0.0769054 0.226229 -0.0859965 0.970271
0.712617 0.28646 0.0768761 0.226191 -0.0875251 0.970143
0.712682 0.28639 0.0768468 0.226152 -0.0890536 0.970013
0.712748 0.286321 0.0768175 0.226113 -0.090582 0.96988
0.712813 0.286251 0.0767883 0.226073 -0.0921104 0.969746
0.712879 0.286181 0.076759 0.226033 -0.0936386 0.969609
0.712944 0.286111 0.0767297 0.225992 -0.0951668 0.969469
0.713009 0.286041 0.0767004 0.225951 -0.0966949 0.969328
0.713075 0.285972 0.0766711 0.225909 -0.0982229 0.969184
0.71314 0.285902 0.0766418 0.225867 -0.0997507 0.969038
0.713205 0.285832 0.0766125 0.225824 -0.101278 0.968889
0.713271 0.285762 0.0765833 0.22578 -0.102806 0.968738
0.713336 0.285693 0.076554 0.225736 -0.104333 0.968585
0.713401 0.285623 0.0765247 0.225692 -0.10586 0.96843
0.713467 0.285553 0.0764954 0.225647 -0.107387 0.968272
0.713532 0.285483 0.0764661 0.226523 -0.108273 0.967969
0.713597 0.285413 0.0764368 0.227853 -0.108892 0.967587
0.713663 0.285344 0.0764075 0.229183 -0.109511 0.967203
0.713728 0.285274 0.0763782 0.230512 -0.110129 0.966817
0.713794 0.285204 0.076349 0.231841 -0.110748 0.966429
0.713859 0.285134 0.0763197 0.23317 -0.111366 0.966038
0.713924 0.285064 0.0762904 0.234498 -0.111984 0.965645
0.71399 0.284995 0.0762611 0.235826 -0.112602 0.96525
0.714055 0.284925 0.0762318 0.237153 -0.11322 0.964852
0.71412 0.284855 0.0762025 0.23848 -0.113837 0.964452
0.714186 0.284785 0.0761732 0.239807 -0.114454 0.96405
0.714251 0.284715 0.0761439 0.241133 -0.115071 0.963646
0.714316 0.284646 0.0761147 0.242459 -0.115688 0.963239
0.714382 0.284576 0.0760854 0.243784 -0.116305 0.96283
0.714447 0.284506 0.0760561 0.245109 -0.116921 0.962419
0.714512 0.284436 0.0760268 0.246434 -0.117538 0.962006
0.714578 0.284367 0.0759975 0.247758 -0.118154 0.96159
0.714643 0.284297 0.0759682 0.249081 -0.118769 0.961172
0.714709 0.284227 0.0759389 0.250404 -0.119385 0.960752
0.714774 0.284157 0.0759097 0.251727 -0.12 0.96033
0.714839 0.284087 0.0758804 0.253049 -0.120615 0.959905
0.714905 0.284018 0.0758511 0.25437 -0.12123 0.959479
0.71497 0.283948 0.0758218 0.255691 -0.121845 0.959049
0.715035 0.283878 0.0757925 0.257012 -0.122459 0.958618
0.715101 0.283808 0.0757632 0.258332 -0.123073 0.958185
0.715166 0.283738 0.0757339 0.259651 -0.123687 0.957749
0.715231 0.283669 0.0757046 0.26097 -0.1243 0.957311
0.715297 0.283599 0.0756754 0.262288 -0.124913 0.956871
0.715362 0.283529 0.0756461 0.263606 -0.125526 0.956428
0.715427 0.283459 0.0756168 0.264394 -0.125961 0.956154
0.715493 0.283389 0.0755875 0.265783 -0.125849 0.955783
0.715558 0.28332 0.0755582 0.267638 -0.125669 0.955289
0.715624 0.28325 0.0755289 0.269493 -0.125488 0.954791
0.715689 0.28318 0.0754996 0.271345 -0.125307 0.95429
0.715754 0.28311 0.0754703 0.273197 -0.125126 0.953786
0.71582 0.28304 0.0754411 0.275048 -0.124944 0.953277
0.715885 0.282971 0.0754118 0.276897 -0.124762 0.952766
0.71595 0.282901 0.0753825 0.278745 -0.124579 0.952251
0.716016 0.282831 0.0753532 0.280592 -0.124396 0.951732
0.716081 0.282761 0.0753239 0.282438 -0.124212 0.95121
0.716146 0.282692 0.0752946 0.284282 -0.124028 0.950684
0.716212 0.282622 0.0752653 0.286125 -0.123844 0.950155
0.716277 0.282552 0.075236 0.287967 -0.123659 0.949623
0.716342 0.282482 0.0752068 0.289808 -0.123474 0.949087
0.716408 0.282412 0.0751775 0.337064 -0.121745 0.933577
0.716473 0.282343 0.0751482 0.339414 -0.123227 0.932531
0.716539 0.282273 0.0751189 0.341762 -0.124708 0.931476
0.716604 0.282203 0.0750896 0.344107 -0.126188 0.930412
0.716669 0.282133 0.0750603 0.34645 -0.127668 0.92934
0.716735 0.282063 0.075031 0.34879 -0.129147 0.92826
0.7168 0.281994 0.0750018 0.351128 -0.130625 0.927171
0.716865 0.281924 0.0749725 0.353463 -0.132102 0.926074
0.716931 0.281854 0.0749432 0.355795 -0.133578 0.924969
0.716996 0.281784 0.0749139 0.358124 -0.135053 0.923855
0.717061 0.281714 0.0748846 0.360451 -0.136527 0.922733
0.717127 0.281645 0.0748553 0.362774 -0.138001 0.921602
0.717192 0.281575 0.074826 0.365095 -0.139473 0.920463
0.717257 0.281505 0.0747967 0.367413 -0.140944 0.919317
0.717323 0.281435 0.0747675 0.369727 -0.142413 0.918161
0.717388 0.281366 0.0747382 0.372038 -0.143882 0.916998
0.717454 0.281296 0.0747089 0.374346 -0.145349 0.915827
0.717519 0.281226 0.0746796 0.376651 -0.146816 0.914647
0.717584 0.281156 0.0746503 0.378952 -0.14828 0.913459
0.71765 0.281086 0.074621 0.38125 -0.149744 0.912264
0.717715 0.281017 0.0745917 0.383545 -0.151206 0.91106
0.71778 0.280947 0.0745624 0.385836 -0.152666 0.909848
0.717846 0.280877 0.0745332 0.388123 -0.154125 0.908629
0.717911 0.280807 0.0745039 0.395979 -0.158036 0.904558
0.717976 0.280737 0.0744746 0.399385 -0.159121 0.902869
0.718042 0.280668 0.0744453 0.402784 -0.160204 0.901166
0.718107 0.280598 0.074416 0.406177 -0.161284 0.899448
0.718172 0.280528 0.0743867 0.409564 -0.162362 0.897717
0.718238 0.280458 0.0743574 0.412945 -0.163438 0.895971
0.718303 0.280388 0.0743282 0.416318 -0.16451 0.894212
0.718369 0.280319 0.0742989 0.419685 -0.16558 0.892439
0.718434 0.280249 0.0742696 0.423045 -0.166648 0.890653
0.718499 0.280179 0.0742403 0.426397 -0.167712 0.888852
0.718565 0.280109 0.074211 0.429742 -0.168774 0.887038
0.71863 0.280039 0.0741817 0.43308 -0.169833 0.885211
0.718695 0.27997 0.0741524 0.43641 -0.170888 0.883371
0.718761 0.2799 0.0741231 0.439732 -0.171941 0.881517
0.718826 0.27983 0.0740939 0.443046 -0.172991 0.87965
0.718891 0.27976 0.0740646 0.446353 -0.174038 0.87777
0.718957 0.279691 0.0740353 0.449651 -0.175082 0.875877
0.719022 0.279621 0.074006 0.45294 -0.176122 0.873972
0.719087 0.279551 0.0739767 0.456221 -0.177159 0.872053
0.719153 0.279481 0.0739474 0.459494 -0.178193 0.870122
0.719218 0.279411 0.0739181 0.469092 -0.182207 0.864149
0.719284 0.279342 0.0738888 0.469683 -0.18344 0.863567
0.719349 0.279272 0.0738596 0.470273 -0.184674 0.862983
0.719414 0.279202 0.0738303 0.470862 -0.185907 0.862396
0.71948 0.279132 0.073801 0.47145 -0.18714 0.861808
0.719545 0.279062 0.0737717 0.472037 -0.188372 0.861218
0.71961 0.278993 0.0737424 0.472623 -0.189604 0.860626
0.719676 0.278923 0.0737131 0.473208 -0.190835 0.860033
0.719741 0.278853 0.0736838 0.473792 -0.192066 0.859437
0.719806 0.278783 0.0736545 0.474375 -0.193297 0.858839
0.719872 0.278713 0.0736253 0.474957 -0.194527 0.85824
0.719937 0.278644 0.073596 0.475537 -0.195756 0.857638
0.720002 0.278574 0.0735667 0.476117 -0.196986 0.857035
0.720068 0.278504 0.0735374 0.476695 -0.198214 0.85643
0.720133 0.278434 0.0735081 0.477273 -0.199442 0.855823
0.720199 0.278364 0.0734788 0.477849 -0.20067 0.855214
0.720264 0.278295 0.0734495 0.478425 -0.201897 0.854604
0.720329 0.278225 0.0734203 0.478999 -0.203124 0.853991
0.720395 0.278155 0.073391 0.479572 -0.20435 0.853377
0.72046 0.278085 0.0733617 0.480144 -0.205576 0.85276
0.720525 0.278016 0.0733324 0.480715 -0.206801 0.852142
0.720591 0.277946 0.0733031 0.481285 -0.208025 0.851522
0.720656 0.277876 0.0732738 0.487723 -0.216697 0.845676
0.720721 0.277806 0.0732445 0.489029 -0.218198 0.844536
0.720787 0.277736 0.0732152 0.490332 -0.219699 0.84339
0.720852 0.277667 0.073186 0.491633 -0.221199 0.84224
0.720917 0.277597 0.0731567 0.492931 -0.222698 0.841085
0.720983 0.277527 0.0731274 0.494227 -0.224196 0.839926
0.721048 0.277457 0.0730981 0.49552 -0.225693 0.838762
0.721113 0.277387 0.0730688 0.496811 -0.227189 0.837594
0.721179 0.277318 0.0730395 0.4981 -0.228684 0.836421
0.721244 0.277248 0.0730102 0.499385 -0.230178 0.835244
0.72131 0.277178 0.0729809 0.500669 -0.23167 0.834062
0.721375 0.277108 0.0729517 0.50195 -0.233162 0.832876
0.72144 0.277038 0.0729224 0.503228 -0.234652 0.831685
0.721506 0.276969 0.0728931 0.504503 -0.236141 0.83049
0.721571 0.276899 0.0728638 0.505776 -0.237629 0.829291
0.721636 0.276829 0.0728345 0.507047 -0.239116 0.828087
0.721702 0.276759 0.0728052 0.508314 -0.240601 0.826878
0.721767 0.27669 0.0727759 0.509579 -0.242086 0.825666
0.721832 0.27662 0.0727467 0.510841 -0.243568 0.824449
0.721898 0.27655 0.0727174 0.512101 -0.24505 0.823227
0.721963 0.27648 0.0726881 0.513358 -0.24653 0.822002
0.722028 0.27641 0.0726588 0.514612 -0.248009 0.820772
0.722094 0.276341 0.0726295 0.515863 -0.249486 0.819538
0.722159 0.276271 0.0726002 0.517111 -0.250962 0.818299
0.722225 0.276201 0.0725709 0.518357 -0.252437 0.817057
0.72229 0.276131 0.0725416 0.519599 -0.25391 0.81581
0.722355 0.276061 0.0725124 0.520839 -0.255382 0.814559
0.722421 0.275992 0.0724831 0.522076 -0.256852 0.813304
0.722486 0.275922 0.0724538 0.522758 -0.257364 0.812704
0.722551 0.275852 0.0724245 0.52332 -0.25767 0.812245
0.722617 0.275782 0.0723952 0.520262 -0.259092 0.813756
0.722682 0.275712 0.0723659 0.517178 -0.260516 0.815266
0.722747 0.275643 0.0723366 0.514082 -0.261939 0.816766
0.722813 0.275573 0.0723073 0.510975 -0.263361 0.818257
0.722878 0.275503 0.0722781 0.507858 -0.26478 0.819739
0.722943 0.275433 0.0722488 0.504729 -0.266198 0.821211
0.723009 0.275363 0.0722195 0.501589 -0.267613 0.822673
0.723074 0.275294 0.0721902 0.498439 -0.269027 0.824126
0.72314 0.275224 0.0721609 0.495277 -0.270438 0.825569
0.723205 0.275154 0.0721316 0.497964 -0.274079 0.822747
0.72327 0.275084 0.0721023 0.498653 -0.275149 0.821972
0.723336 0.275015 0.072073 0.499341 -0.276219 0.821195
0.723401 0.274945 0.0720438 0.500028 -0.277288 0.820416
0.723466 0.274875 0.0720145 0.500714 -0.278356 0.819636
0.723532 0.274805 0.0719852 0.501399 -0.279424 0.818854
0.723597 0.274735 0.0719559 0.502082 -0.28049 0.81807
0.723662 0.274666 0.0719266 0.502764 -0.281556 0.817285
0.723728 0.274596 0.0718973 0.503445 -0.282622 0.816497
0.723793 0.274526 0.071868 0.504125 -0.283686 0.815708
0.723858 0.274456 0.0718388 0.504803 -0.28475 0.814918
0.723924 0.274386 0.0718095 0.505481 -0.285813 0.814125
0.723989 0.274317 0.0717802 0.506157 -0.286875 0.813331
0.724055 0.274247 0.0717509 0.506832 -0.287936 0.812536
0.72412 0.274177 0.0717216 0.507505 -0.288997 0.811738
0.724185 0.274107 0.0716923 0.508178 -0.290057 0.810939
0.724251 0.274037 0.071663 0.508849 -0.291115 0.810139
0.724316 0.273968 0.0716337 0.509519 -0.292174 0.809336
0.724381 0.273898 0.0716045 0.510188 -0.293231 0.808532
0.724447 0.273828 0.0715752 0.510855 -0.294287 0.807726
0.724512 0.273758 0.0715459 0.511521 -0.295343 0.806919
0.724577 0.273689 0.0715166 0.512186 -0.296398 0.80611
0.724643 0.273619 0.0714873 0.51285 -0.297451 0.8053
0.724708 0.273549 0.071458 0.513513 -0.298504 0.804487
0.724773 0.273479 0.0714287 0.514174 -0.299557 0.803674
0.724839 0.273409 0.0713994 0.514834 -0.300608 0.802858
0.724904 0.27334 0.0713702 0.515492 -0.301658 0.802041
0.72497 0.27327 0.0713409 0.51615 -0.302708 0.801223
0.725035 0.2732 0.0713116 0.516806 -0.303756 0.800402
0.7251 0.27313 0.0712823 0.517461 -0.304804 0.799581
0.725166 0.27306 0.071253 0.518114 -0.305851 0.798757
0.725231 0.272991 0.0712237 0.518766 -0.306897 0.797932
0.725296 0.272921 0.0711944 0.519417 -0.307942 0.797106
0.725362 0.272851 0.0711652 0.520067 -0.308986 0.796278
0.725427 0.272781 0.0711359 0.520715 -0.310029 0.795448
0.725492 0.272711 0.0711066 0.521362 -0.311071 0.794617
0.725558 0.272642 0.0710773 0.522008 -0.312112 0.793785
0.725623 0.272572 0.071048 0.517245 -0.306791 0.79896
0.725688 0.272502 0.0710187 0.513233 -0.301053 0.803715
0.725754 0.272432 0.0709894 0.509171 -0.295273 0.80843
0.725819 0.272362 0.0709601 0.505057 -0.289452 0.813102
0.725885 0.272293 0.0709309 0.500894 -0.283592 0.817729
0.72595 0.272223 0.0709016 0.496681 -0.277692 0.822311
0.726015 0.272153 0.0708723 0.492419 -0.271755 0.826845
0.726081 0.272083 0.070843 0.488109 -0.265781 0.83133
0.726146 0.272014 0.0708137 0.48375 -0.259772 0.835766
0.726211 0.271944 0.0707844 0.479345 -0.253728 0.840149
0.726277 0.271874 0.0707551 0.474893 -0.247651 0.844479
0.726342 0.271804 0.0707258 0.470396 -0.241542 0.848755
0.726407 0.271734 0.0706966 0.471535 -0.236365 0.84958
0.726473 0.271665 0.0706673 0.466494 -0.230508 0.853961
0.726538 0.271595 0.070638 0.461408 -0.224623 0.858281
0.726603 0.271525 0.0706087 0.456278 -0.218711 0.86254
0.726669 0.271455 0.0705794 0.451104 -0.212774 0.866737
0.726734 0.271385 0.0705501 0.445888 -0.206812 0.870869
0.7268 0.271316 0.0705208 0.440631 -0.200828 0.874936
0.726865 0.271246 0.0704915 0.435333 -0.194822 0.878937
0.72693 0.271176 0.0704623 0.429997 -0.188796 0.88287
0.726996 0.271106 0.070433 0.424623 -0.182751 0.886734
0.727061 0.271036 0.0704037 0.419213 -0.176689 0.890529
0.727126 0.270967 0.0703744 0.413767 -0.170612 0.894253
0.727192 0.270897 0.0703451 0.408288 -0.16452 0.897905
0.727257 0.270827 0.0703158 0.402777 -0.158415 0.901485
0.727322 0.270757 0.0702865 0.397234 -0.152299 0.904992
0.727388 0.270687 0.0702573 0.391661 -0.146173 0.908425
0.727453 0.270618 0.070228 0.38606 -0.140038 0.911782
0.727518 0.270548 0.0701987 0.380432 -0.133897 0.915065
0.727584 0.270478 0.0701694 0.374778 -0.12775 0.918271
0.727649 0.270408 0.0701401 0.3691 -0.1216 0.9214
0.727715 0.270339 0.0701108 0.3634 -0.115446 0.924453
0.72778 0.270269 0.0700815 0.357678 -0.109292 0.927427
0.727845 0.270199 0.0700522 0.351937 -0.103139 0.930324
0.727911 0.270129 0.070023 0.346177 -0.0969877 0.933142
0.727976 0.270059 0.0699937 0.3404 -0.0908398 0.935882
0.728041 0.26999 0.0699644 0.334608 -0.084697 0.938543
0.728107 0.26992 0.0699351 0.328803 -0.0785605 0.941125
0.728172 0.26985 0.0699058 0.322984 -0.0724319 0.943628
0.728237 0.26978 0.0698765 0.317155 -0.0663126 0.946052
0.728303 0.26971 0.0698472 0.311317 -0.060204 0.948397
0.728368 0.269641 0.0698179 0.305471 -0.0541074 0.950663
0.728433 0.269571 0.0697887 0.299618 -0.0480243 0.95285
0.728499 0.269501 0.0697594 0.29376 -0.0419559 0.954958
0.728564 0.269431 0.0697301 0.287899 -0.0359036 0.956988
0.72863 0.269361 0.0697008 0.282036 -0.0298687 0.958939
0.728695 0.269292 0.0696715 0.276172 -0.0238524 0.960812
0.72876 0.269222 0.0696422 0.27048 -0.0180195 0.962557
0.728826 0.269152 0.0696129 0.271169 -0.018294 0.962358
0.728891 0.269082 0.0695837 0.271858 -0.0185686 0.962158
0.728956 0.269013 0.0695544 0.274342 -0.0245394 0.961319
0.729022 0.268943 0.0695251 0.278212 -0.0349918 0.959882
0.729087 0.268873 0.0694958 0.282063 -0.0454804 0.958317
0.729152 0.268803 0.0694665 0.285891 -0.0560012 0.956624
0.729218 0.268733 0.0694372 0.289695 -0.0665505 0.954802
0.729283 0.268664 0.0694079 0.293474 -0.0771242 0.952851
0.729348 0.268594 0.0693786 0.297225 -0.0877182 0.95077
0.729414 0.268524 0.0693494 0.300947 -0.0983285 0.948558
0.729479 0.268454 0.0693201 0.304638 -0.108951 0.946216
0.729545 0.268384 0.0692908 0.308297 -0.119581 0.943744
0.72961 0.268315 0.0692615 0.311921 -0.130215 0.941143
0.729675 0.268245 0.0692322 0.31551 -0.140848 0.938411
0.729741 0.268175 0.0692029 0.319061 -0.151476 0.935551
0.729806 0.268105 0.0691736 0.322573 -0.162095 0.932562
0.729871 0.268035 0.0691443 0.326044 -0.1727 0.929446
0.729937 0.267966 0.0691151 0.329473 -0.183287 0.926204
0.730002 0.267896 0.0690858 0.332859 -0.193852 0.922836
0.730067 0.267826 0.0690565 0.3362 -0.204391 0.919344
0.730133 0.267756 0.0690272 0.339494 -0.214899 0.91573
0.730198 0.267686 0.0689979 0.342742 -0.225372 0.911996
0.730263 0.267617 0.0689686 0.34594 -0.235806 0.908142
0.730329 0.267547 0.0689393 0.349089 -0.246196 0.904171
0.730394 0.267477 0.0689101 0.352187 -0.25654 0.900084
0.73046 0.267407 0.0688808 0.355233 -0.266832 0.895885
0.730525 0.267338 0.0688515 0.358226 -0.27707 0.891575
0.73059 0.267268 0.0688222 0.361165 -0.287249 0.887157
0.730656 0.267198 0.0687929 0.36405 -0.297365 0.882633
0.730721 0.267128 0.0687636 0.366879 -0.307416 0.878006
0.730786 0.267058 0.0687343 0.396248 -0.338789 0.853352
0.730852 0.266989 0.068705 0.398842 -0.340394 0.851503
0.730917 0.266919 0.0686758 0.40143 -0.341995 0.849643
0.730982 0.266849 0.0686465 0.420823 -0.360456 0.832454
0.731048 0.266779 0.0686172 0.425542 -0.360544 0.830013
0.731113 0.266709 0.0685879 0.430253 -0.360623 0.827547
0.731178 0.26664 0.0685586 0.434957 -0.360691 0.825054
0.731244 0.26657 0.0685293 0.439652 -0.360749 0.822536
0.731309 0.2665 0.0685 0.444339 -0.360797 0.819993
0.731375 0.26643 0.0684707 0.449017 -0.360835 0.817424
0.73144 0.26636 0.0684415 0.453686 -0.360862 0.81483
0.731505 0.266291 0.0684122 0.458345 -0.36088 0.812211
0.731571 0.266221 0.0683829 0.462993 -0.360886 0.809567
0.731636 0.266151 0.0683536 0.467631 -0.360883 0.806898
0.731701 0.266081 0.0683243 0.472258 -0.360869 0.804205
0.731767 0.266012 0.068295 0.476873 -0.360845 0.801488
0.731832 0.265942 0.0682657 0.481476 -0.360811 0.798747
0.731897 0.265872 0.0682364 0.486067 -0.360766 0.795982
0.731963 0.265802 0.0682072 0.490646 -0.36071 0.793193
0.732028 0.265732 0.0681779 0.495211 -0.360645 0.790381
0.732093 0.265663 0.0681486 0.499762 -0.360569 0.787545
0.732159 0.265593 0.0681193 0.5043 -0.360482 0.784687
0.732224 0.265523 0.06809 0.508823 -0.360386 0.781806
0.732289 0.265453 0.0680607 0.513332 -0.360278 0.778903
0.732355 0.265383 0.0680314 0.517825 -0.360161 0.775978
0.73242 0.265314 0.0680022 0.522303 -0.360033 0.77303
0.732486 0.265244 0.0679729 0.526765 -0.359895 0.770061
0.732551 0.265174 0.0679436 0.531211 -0.359746 0.767071
0.732616 0.265104 0.0679143 0.53564 -0.359588 0.764059
0.732682 0.265034 0.067885 0.540052 -0.359419 0.761027
0.732747 0.264965 0.0678557 0.544447 -0.359239 0.757974
0.732812 0.264895 0.0678264 0.548824 -0.35905 0.754901
0.732878 0.264825 0.0677971 0.553183 -0.35885 0.751808
0.732943 0.264755 0.0677679 0.557524 -0.358641 0.748695
0.733008 0.264685 0.0677386 0.576702 -0.364765 0.731
0.733074 0.264616 0.0677093 0.576332 -0.367618 0.729862
0.733139 0.264546 0.06768 0.575957 -0.370465 0.728718
0.733204 0.264476 0.0676507 0.575576 -0.373307 0.727567
0.73327 0.264406 0.0676214 0.575191 -0.376144 0.72641
0.733335 0.264337 0.0675921 -0.510311 0.314731 -0.800329
0.733401 0.264267 0.0675628 -0.510646 0.315853 -0.799673
0.733466 0.264197 0.0675336 -0.510979 0.316975 -0.799016
0.733531 0.264127 0.0675043 -0.511312 0.318096 -0.798358
0.733597 0.264057 0.067475 -0.511644 0.319216 -0.797698
0.733662 0.263988 0.0674457 -0.511974 0.320336 -0.797036
0.733727 0.263918 0.0674164 -0.512304 0.321455 -0.796374
0.733793 0.263848 0.0673871 -0.512633 0.322574 -0.79571
0.733858 0.263778 0.0673578 -0.512961 0.323691 -0.795044
0.733923 0.263708 0.0673286 -0.513288 0.324808 -0.794377
0.733989 0.263639 0.0672993 -0.513614 0.325925 -0.793709
0.734054 0.263569 0.06727 -0.513939 0.327041 -0.793039
0.734119 0.263499 0.0672407 -0.514263 0.328156 -0.792368
0.734185 0.263429 0.0672114 -0.514586 0.32927 -0.791696
0.73425 0.263359 0.0671821 -0.514908 0.330384 -0.791022
0.734316 0.26329 0.0671528 -0.516382 0.332064 -0.789357
0.734381 0.26322 0.0671235 -0.51763 0.333285 -0.788023
0.734446 0.26315 0.0670943 -0.518876 0.334506 -0.786685
0.734512 0.26308 0.067065 -0.52012 0.335725 -0.785343
0.734577 0.263011 0.0670357 -0.521361 0.336943 -0.783998
0.734642 0.262941 0.0670064 -0.5226 0.338159 -0.782648
0.734708 0.262871 0.0669771 -0.523836 0.339373 -0.781295
0.734773 0.262801 0.0669478 -0.52507 0.340586 -0.779937
0.734838 0.262731 0.0669185 -0.526302 0.341798 -0.778576
0.734904 0.262662 0.0668892 -0.527531 0.343007 -0.777211
0.734969 0.262592 0.06686 -0.528758 0.344216 -0.775842
0.735034 0.262522 0.0668307 -0.529982 0.345422 -0.774469
0.7351 0.262452 0.0668014 -0.531203 0.346627 -0.773093
0.735165 0.262382 0.0667721 -0.532422 0.347831 -0.771713
0.735231 0.262313 0.0667428 -0.533639 0.349033 -0.770329
0.735296 0.262243 0.0667135 -0.534853 0.350233 -0.768941
0.735361 0.262173 0.0666842 -0.536064 0.351431 -0.767549
0.735427 0.262103 0.0666549 -0.538092 0.352772 -0.765512
0.735492 0.262033 0.0666257 -0.539685 0.353834 -0.763899
0.735557 0.261964 0.0665964 -0.541275 0.354893 -0.762281
0.735623 0.261894 0.0665671 -0.542862 0.355951 -0.760658
0.735688 0.261824 0.0665378 -0.544446 0.357006 -0.75903
0.735753 0.261754 0.0665085 -0.546026 0.358059 -0.757397
0.735819 0.261684 0.0664792 -0.547602 0.35911 -0.755759
0.735884 0.261615 0.0664499 -0.549176 0.360158 -0.754117
0.735945 0.261667 0.0664351 -0.550045 0.360295 -0.753418
0.736006 0.261745 0.0664234 -0.550757 0.36023 -0.752928
0.736066 0.261824 0.0664118 -0.551469 0.360164 -0.752438
0.736126 0.261903 0.0664001 -0.552181 0.360098 -0.751948
0.736187 0.261982 0.0663885 -0.552893 0.360032 -0.751456
0.736247 0.262061 0.0663768 -0.553604 0.359965 -0.750965
0.736307 0.26214 0.0663652 -0.554315 0.359899 -0.750472
0.736368 0.262219 0.0663535 -0.555025 0.359832 -0.749979
0.736428 0.262298 0.0663419 -0.555735 0.359764 -0.749485
0.736488 0.262377 0.0663302 -0.556445 0.359697 -0.748991
0.736549 0.262455 0.0663185 -0.557154 0.359629 -0.748496
0.736609 0.262534 0.0663069 -0.557863 0.35956 -0.748001
0.73667 0.262613 0.0662952 -0.558571 0.359492 -0.747505
0.73673 0.262692 0.0662836 -0.559279 0.359423 -0.747008
0.73679 0.262771 0.0662719 -0.559987 0.359354 -0.746511
0.736851 0.26285 0.0662603 -0.560695 0.359285 -0.746013
0.736911 0.262929 0.0662486 -0.561402 0.359215 -0.745515
0.736971 0.263008 0.066237 -0.562108 0.359146 -0.745016
0.737032 0.263086 0.0662253 -0.562815 0.359076 -0.744516
0.737092 0.263165 0.0662137 -0.563521 0.359005 -0.744016
0.737152 0.263244 0.066202 -0.564226 0.358934 -0.743515
0.737213 0.263323 0.0661904 -0.564931 0.358864 -0.743014
0.737273 0.263402 0.0661787 -0.565636 0.358792 -0.742512
0.737333 0.263481 0.066167 -0.56634 0.358721 -0.742009
0.737394 0.26356 0.0661554 -0.567044 0.358649 -0.741506
0.737454 0.263639 0.0661437 -0.567748 0.358577 -0.741003
0.737514 0.263718 0.0661321 -0.568451 0.358505 -0.740498
0.737575 0.263796 0.0661204 -0.569154 0.358432 -0.739993
0.737635 0.263875 0.0661088 -0.569856 0.358359 -0.739488
0.737695 0.263954 0.0660971 -0.570558 0.358286 -0.738982
0.737756 0.264033 0.0660855 -0.57126 0.358213 -0.738475
0.737816 0.264112 0.0660738 -0.571961 0.358139 -0.737968
0.737876 0.264191 0.0660622 -0.572662 0.358065 -0.73746
0.737937 0.26427 0.0660505 -0.573362 0.357991 -0.736952
0.737997 0.264349 0.0660389 -0.574062 0.357917 -0.736443
0.738057 0.264428 0.0660272 -0.574699 0.357959 -0.735926
0.738118 0.264506 0.0660155 -0.575338 0.358008 -0.735403
0.738178 0.264585 0.0660039 -0.575976 0.358057 -0.734879
0.738238 0.264664 0.0659922 -0.576614 0.358106 -0.734355
0.738299 0.264743 0.0659806 -0.577251 0.358154 -0.73383
0.738359 0.264822 0.0659689 -0.577888 0.358202 -0.733305
0.738419 0.264901 0.0659573 -0.578524 0.35825 -0.73278
0.73848 0.26498 0.0659456 -0.57916 0.358298 -0.732254
0.73854 0.265059 0.065934 -0.579796 0.358346 -0.731727
0.738601 0.265137 0.0659223 -0.580431 0.358393 -0.7312
0.738661 0.265216 0.0659107 -0.581066 0.35844 -0.730673
0.738721 0.265295 0.065899 -0.5817 0.358487 -0.730145
0.738782 0.265374 0.0658874 -0.582334 0.358533 -0.729617
0.738842 0.265453 0.0658757 -0.582968 0.358579 -0.729088
0.738902 0.265532 0.065864 -0.583601 0.358625 -0.728559
0.738963 0.265611 0.0658524 -0.584233 0.358671 -0.728029
0.739023 0.26569 0.0658407 -0.584865 0.358717 -0.727499
0.739083 0.265769 0.0658291 -0.585497 0.358762 -0.726969
0.739144 0.265847 0.0658174 -0.586128 0.358807 -0.726438
0.739204 0.265926 0.0658058 -0.586759 0.358852 -0.725906
0.739264 0.266005 0.0657941 -0.587389 0.358896 -0.725374
0.739325 0.266084 0.0657825 -0.588019 0.35894 -0.724842
0.739385 0.266163 0.0657708 -0.589021 0.359343 -0.723828
0.739445 0.266242 0.0657592 -0.590307 0.36017 -0.722368
0.739506 0.266321 0.0657475 -0.591591 0.360996 -0.720903
0.739566 0.2664 0.0657359 -0.592873 0.361821 -0.719435
0.739626 0.266479 0.0657242 -0.594152 0.362645 -0.717963
0.739687 0.266557 0.0657125 -0.59543 0.363468 -0.716488
0.739747 0.266636 0.0657009 -0.596705 0.364289 -0.715008
0.739807 0.266715 0.0656892 -0.597978 0.365109 -0.713525
0.739868 0.266794 0.0656776 -0.599249 0.365927 -0.712038
0.739928 0.266873 0.0656659 -0.600518 0.366744 -0.710547
0.739988 0.266952 0.0656543 -0.601785 0.36756 -0.709052
0.740049 0.267031 0.0656426 -0.603049 0.368375 -0.707553
0.740109 0.26711 0.065631 -0.604311 0.369188 -0.706051
0.740169 0.267188 0.0656193 -0.605571 0.37 -0.704545
0.74023 0.267267 0.0656077 -0.606828 0.37081 -0.703036
0.74029 0.267346 0.065596 -0.608084 0.371619 -0.701522
0.74035 0.267425 0.0655844 -0.609336 0.372426 -0.700006
0.740411 0.267504 0.0655727 -0.610587 0.373233 -0.698485
0.740471 0.267583 0.065561 -0.611835 0.374037 -0.696961
0.740532 0.267662 0.0655494 -0.61308 0.37484 -0.695433
0.740592 0.267741 0.0655377 -0.614324 0.375642 -0.693902
0.740652 0.26782 0.0655261 -0.615564 0.376442 -0.692367
0.740713 0.267898 0.0655144 -0.616803 0.377241 -0.690828
0.740773 0.267977 0.0655028 -0.618038 0.378038 -0.689286
0.740833 0.268056 0.0654911 -0.619272 0.378834 -0.687741
0.740894 0.268135 0.0654795 -0.620502 0.379628 -0.686192
0.740954 0.268214 0.0654678 -0.621072 0.380005 -0.685468
0.741014 0.268293 0.0654562 -0.620126 0.379428 -0.686643
0.741075 0.268372 0.0654445 -0.619178 0.378849 -0.687817
0.741135 0.268451 0.0654329 -0.618229 0.37827 -0.688988
0.741195 0.26853 0.0654212 -0.617278 0.37769 -0.690158
0.741256 0.268608 0.0654095 -0.616325 0.377109 -0.691326
0.741316 0.268687 0.0653979 -0.615371 0.376527 -0.692493
0.741376 0.268766 0.0653862 -0.614416 0.375943 -0.693657
0.741437 0.268845 0.0653746 -0.613458 0.375359 -0.694819
0.741497 0.268924 0.0653629 -0.6125 0.374774 -0.69598
0.741557 0.269003 0.0653513 -0.611539 0.374188 -0.697139
0.741618 0.269082 0.0653396 -0.610578 0.373601 -0.698296
0.741678 0.269161 0.065328 -0.609614 0.373014 -0.699451
0.741738 0.269239 0.0653163 -0.608649 0.372425 -0.700604
0.741799 0.269318 0.0653047 -0.607683 0.371835 -0.701755
0.741859 0.269397 0.065293 -0.606715 0.371244 -0.702904
0.741919 0.269476 0.0652813 -0.605746 0.370653 -0.704052
0.74198 0.269555 0.0652697 -0.604775 0.37006 -0.705197
0.74204 0.269634 0.065258 -0.603802 0.369467 -0.706341
0.7421 0.269713 0.0652464 -0.602828 0.368873 -0.707482
0.742161 0.269792 0.0652347 -0.601853 0.368278 -0.708622
0.742221 0.269871 0.0652231 -0.600996 0.368281 -0.709346
0.742281 0.269949 0.0652114 -0.6002 0.368664 -0.709822
0.742342 0.270028 0.0651998 -0.599403 0.369046 -0.710297
0.742402 0.270107 0.0651881 -0.598605 0.369428 -0.710771
0.742463 0.270186 0.0651765 -0.597808 0.369809 -0.711244
0.742523 0.270265 0.0651648 -0.597009 0.370189 -0.711716
0.742583 0.270344 0.0651532 -0.59621 0.37057 -0.712188
0.742644 0.270423 0.0651415 -0.595411 0.370949 -0.712659
0.742704 0.270502 0.0651298 -0.594611 0.371329 -0.713129
0.742764 0.270581 0.0651182 -0.593811 0.371708 -0.713598
0.742825 0.270659 0.0651065 -0.59301 0.372086 -0.714066
0.742885 0.270738 0.0650949 -0.592209 0.372464 -0.714534
0.742945 0.270817 0.0650832 -0.591407 0.372842 -0.715001
0.743006 0.270896 0.0650716 -0.590605 0.373219 -0.715467
0.743066 0.270975 0.0650599 -0.591216 0.372027 -0.715583
0.743126 0.271054 0.0650483 -0.592712 0.369964 -0.715415
0.743187 0.271133 0.0650366 -0.594204 0.367898 -0.715243
0.743247 0.271212 0.065025 -0.595693 0.365829 -0.715065
0.743307 0.27129 0.0650133 -0.597179 0.363758 -0.714883
0.743368 0.271369 0.0650017 -0.59866 0.361684 -0.714696
0.743428 0.271448 0.06499 -0.600138 0.359607 -0.714505
0.743488 0.271527 0.0649783 -0.601613 0.357527 -0.714309
0.743549 0.271606 0.0649667 -0.603083 0.355445 -0.714108
0.743609 0.271685 0.064955 -0.60455 0.35336 -0.713902
0.743669 0.271764 0.0649434 -0.606013 0.351273 -0.713692
0.74373 0.271843 0.0649317 -0.607472 0.349183 -0.713477
0.74379 0.271922 0.0649201 -0.608927 0.347091 -0.713257
0.74385 0.272 0.0649084 -0.610392 0.345476 -0.712789
0.743911 0.272079 0.0648968 -0.61186 0.345081 -0.711721
0.743971 0.272158 0.0648851 -0.613327 0.344686 -0.710649
0.744031 0.272237 0.0648735 -0.614791 0.344289 -0.709575
0.744092 0.272316 0.0648618 -0.616253 0.343891 -0.708499
0.744152 0.272395 0.0648502 -0.617713 0.343492 -0.707421
0.744213 0.272474 0.0648385 -0.61917 0.343092 -0.70634
0.744273 0.272553 0.0648268 -0.620626 0.342691 -0.705256
0.744333 0.272632 0.0648152 -0.622079 0.342288 -0.704171
0.744394 0.27271 0.0648035 -0.62353 0.341885 -0.703082
0.744454 0.272789 0.0647919 -0.624979 0.34148 -0.701992
0.744514 0.272868 0.0647802 -0.626425 0.341074 -0.700899
0.744575 0.272947 0.0647686 -0.62787 0.340667 -0.699804
0.744635 0.273026 0.0647569 -0.629311 0.340259 -0.698707
0.744695 0.273105 0.0647453 -0.630751 0.339849 -0.697607
0.744756 0.273184 0.0647336 -0.632188 0.339439 -0.696505
0.744816 0.273263 0.064722 -0.633623 0.339027 -0.695401
0.744876 0.273341 0.0647103 -0.635056 0.338615 -0.694294
0.744937 0.27342 0.0646987 -0.636486 0.338201 -0.693186
0.744997 0.273499 0.064687 -0.637913 0.337786 -0.692075
0.745057 0.273578 0.0646753 -0.639339 0.33737 -0.690961
0.745118 0.273657 0.0646637 -0.640762 0.336953 -0.689846
0.745178 0.273736 0.064652 -0.642182 0.336534 -0.688728
0.745238 0.273815 0.0646404 -0.6436 0.336115 -0.687608
0.745299 0.273894 0.0646287 -0.645016 0.335695 -0.686486
0.745359 0.273973 0.0646171 -0.646429 0.335273 -0.685362
0.745419 0.274051 0.0646054 -0.64784 0.334851 -0.684236
0.74548 0.27413 0.0645938 -0.649248 0.334427 -0.683108
0.74554 0.274209 0.0645821 -0.650653 0.334002 -0.681977
0.7456 0.274288 0.0645705 -0.652057 0.333577 -0.680844
0.745661 0.274367 0.0645588 -0.653457 0.33315 -0.67971
0.745721 0.274446 0.0645472 -0.654855 0.332722 -0.678573
0.745781 0.274525 0.0645355 -0.656251 0.332293 -0.677434
0.745842 0.274604 0.0645238 -0.657644 0.331863 -0.676293
0.745902 0.274683 0.0645122 -0.659034 0.331432 -0.67515
0.745962 0.274761 0.0645005 -0.660422 0.331 -0.674005
0.746023 0.27484 0.0644889 -0.661807 0.330567 -0.672858
0.746083 0.274919 0.0644772 -0.663189 0.330133 -0.671709
0.746144 0.274998 0.0644656 -0.664569 0.329698 -0.670557
0.746204 0.275077 0.0644539 -0.665946 0.329262 -0.669404
0.746264 0.275156 0.0644423 -0.667321 0.328825 -0.668249
0.746325 0.275235 0.0644306 -0.668693 0.328387 -0.667092
0.746385 0.275314 0.064419 -0.670062 0.327948 -0.665934
0.746445 0.275392 0.0644073 -0.671428 0.327508 -0.664773
0.746506 0.275471 0.0643957 -0.672792 0.327067 -0.66361
0.746566 0.27555 0.064384 -0.674153 0.326625 -0.662445
0.746626 0.275629 0.0643723 -0.675511 0.326182 -0.661279
0.746687 0.275708 0.0643607 -0.676867 0.325738 -0.660111
0.746747 0.275787 0.064349 -0.67822 0.325293 -0.65894
0.746807 0.275866 0.0643374 -0.67957 0.324847 -0.657768
0.746868 0.275945 0.0643257 -0.680917 0.3244 -0.656594
0.746928 0.276024 0.0643141 -0.683312 0.325158 -0.653726
0.746988 0.276102 0.0643024 -0.683618 0.325292 -0.653338
0.747049 0.276181 0.0642908 -0.681244 0.32641 -0.655258
0.747109 0.27626 0.0642791 -0.678051 0.327308 -0.658116
0.747169 0.276339 0.0642675 -0.676413 0.328938 -0.658988
0.74723 0.276418 0.0642558 -0.674771 0.330568 -0.659856
0.74729 0.276497 0.0642442 -0.673124 0.332195 -0.660719
0.74735 0.276576 0.0642325 -0.671473 0.333821 -0.66158
0.747411 0.276655 0.0642208 -0.669818 0.335445 -0.662436
0.747471 0.276734 0.0642092 -0.668158 0.337068 -0.663288
0.747531 0.276812 0.0641975 -0.666493 0.338688 -0.664136
0.747592 0.276891 0.0641859 -0.664825 0.340307 -0.664981
0.747652 0.27697 0.0641742 -0.663152 0.341924 -0.665821
0.747712 0.277049 0.0641626 -0.661475 0.343539 -0.666658
0.747773 0.277128 0.0641509 -0.659793 0.345152 -0.66749
0.747833 0.277207 0.0641393 -0.658107 0.346763 -0.668319
0.747893 0.277286 0.0641276 -0.656418 0.348372 -0.669143
0.747954 0.277365 0.064116 -0.654724 0.349979 -0.669964
0.748014 0.277443 0.0641043 -0.653026 0.351584 -0.67078
0.748075 0.277522 0.0640927 -0.651323 0.353187 -0.671593
0.748135 0.277601 0.064081 -0.649617 0.354788 -0.672401
0.748195 0.27768 0.0640693 -0.647907 0.356387 -0.673205
0.748256 0.277759 0.0640577 -0.646192 0.357984 -0.674005
0.748316 0.277838 0.064046 -0.644474 0.359578 -0.674801
0.748376 0.277917 0.0640344 -0.642752 0.361171 -0.675593
0.748437 0.277996 0.0640227 -0.641026 0.362761 -0.676381
0.748497 0.278075 0.0640111 -0.639296 0.364349 -0.677164
0.748557 0.278153 0.0639994 -0.637562 0.365934 -0.677943
0.748618 0.278232 0.0639878 -0.635824 0.367517 -0.678718
0.748678 0.278311 0.0639761 -0.634083 0.369098 -0.679489
0.748738 0.27839 0.0639645 -0.632337 0.370676 -0.680256
0.748799 0.278469 0.0639528 -0.630589 0.372252 -0.681018
0.748859 0.278548 0.0639412 -0.628836 0.373826 -0.681777
0.748919 0.278627 0.0639295 -0.62708 0.375397 -0.682531
0.74898 0.278706 0.0639178 -0.62532 0.376966 -0.68328
0.74904 0.278785 0.0639062 -0.623556 0.378532 -0.684026
0.7491 0.278863 0.0638945 -0.621789 0.380095 -0.684767
0.749161 0.278942 0.0638829 -0.620019 0.381656 -0.685503
0.749221 0.279021 0.0638712 -0.618998 0.383251 -0.685536
0.749281 0.2791 0.0638596 -0.619601 0.38384 -0.684661
0.749342 0.279179 0.0638479 -0.620204 0.384429 -0.683785
0.749402 0.279258 0.0638363 -0.620805 0.385017 -0.682908
0.749462 0.279337 0.0638246 -0.621406 0.385605 -0.68203
0.749523 0.279416 0.063813 -0.622005 0.386191 -0.68115
0.749583 0.279494 0.0638013 -0.622604 0.386778 -0.68027
0.749643 0.279573 0.0637897 -0.623201 0.387363 -0.679389
0.749704 0.279652 0.063778 -0.623798 0.387948 -0.678507
0.749764 0.279731 0.0637663 -0.624394 0.388533 -0.677624
0.749825 0.27981 0.0637547 -0.624988 0.389117 -0.676741
0.749885 0.279889 0.063743 -0.625582 0.3897 -0.675856
0.749945 0.279968 0.0637314 -0.626175 0.390282 -0.67497
0.750006 0.280047 0.0637197 -0.626767 0.390864 -0.674084
0.750066 0.280126 0.0637081 -0.627357 0.391446 -0.673196
0.750126 0.280204 0.0636964 -0.627947 0.392026 -0.672308
0.750187 0.280283 0.0636848 -0.628536 0.392606 -0.671418
0.750247 0.280362 0.0636731 -0.629124 0.393186 -0.670528
0.750307 0.280441 0.0636615 -0.629711 0.393765 -0.669637
0.750368 0.28052 0.0636498 -0.631593 0.394241 -0.667581
0.750428 0.280599 0.0636382 -0.633999 0.394352 -0.665231
0.750488 0.280678 0.0636265 -0.6364 0.394458 -0.662871
0.750549 0.280757 0.0636148 -0.638795 0.39456 -0.660502
0.750609 0.280836 0.0636032 -0.641185 0.394657 -0.658125
0.750669 0.280914 0.0635915 -0.643569 0.39475 -0.655738
0.75073 0.280993 0.0635799 -0.645947 0.394838 -0.653342
0.75079 0.281072 0.0635682 -0.648319 0.394922 -0.650937
0.75085 0.281151 0.0635566 -0.650685 0.395001 -0.648523
0.750911 0.28123 0.0635449 -0.653045 0.395076 -0.646101
0.750971 0.281309 0.0635333 -0.655399 0.395147 -0.64367
0.751031 0.281388 0.0635216 -0.656928 0.394968 -0.64222
0.751092 0.281467 0.06351 -0.65788 0.39462 -0.641459
0.75113 0.281544 0.0635074 -0.65827 0.394277 -0.641269
0.75107 0.281614 0.0635452 -0.656157 0.393961 -0.643625
0.75101 0.281685 0.0635829 -0.654038 0.39364 -0.645974
0.75095 0.281755 0.0636207 -0.651914 0.393315 -0.648314
0.750889 0.281826 0.0636585 -0.649785 0.392987 -0.650646
0.750829 0.281896 0.0636963 -0.64765 0.392655 -0.652971
0.750769 0.281966 0.063734 -0.645511 0.39232 -0.655287
0.750709 0.282037 0.0637718 -0.643366 0.39198 -0.657595
0.750649 0.282107 0.0638096 -0.641217 0.391637 -0.659895
0.750589 0.282178 0.0638474 -0.639062 0.39129 -0.662187
0.750529 0.282248 0.0638851 -0.635778 0.389898 -0.666157
0.750469 0.282319 0.0639229 -0.634125 0.388635 -0.668467
0.750409 0.282389 0.0639607 -0.632465 0.387368 -0.670772
0.750348 0.282459 0.0639985 -0.630799 0.386096 -0.673069
0.750288 0.28253 0.0640363 -0.629126 0.384821 -0.675361
0.750228 0.2826 0.064074 -0.627448 0.383542 -0.677647
0.750168 0.282671 0.0641118 -0.625763 0.382259 -0.679926
0.750108 0.282741 0.0641496 -0.62279 0.380163 -0.683819
0.750048 0.282811 0.0641874 -0.621795 0.378765 -0.685498
0.749988 0.282882 0.0642251 -0.620797 0.377365 -0.687173
0.749928 0.282952 0.0642629 -0.619795 0.375962 -0.688845
0.749867 0.283023 0.0643007 -0.61879 0.374556 -0.690512
0.749807 0.283093 0.0643385 -0.61778 0.373149 -0.692176
0.749747 0.283163 0.0643762 -0.616768 0.371739 -0.693835
0.749687 0.283234 0.064414 -0.615751 0.370327 -0.695491
0.749627 0.283304 0.0644518 -0.614731 0.368913 -0.697143
0.749567 0.283375 0.0644896 -0.613708 0.367497 -0.698791
0.749507 0.283445 0.0645273 -0.61268 0.366079 -0.700435
0.749447 0.283516 0.0645651 -0.61165 0.364658 -0.702075
0.749386 0.283586 0.0646029 -0.610616 0.363236 -0.70371
0.749326 0.283656 0.0646407 -0.609578 0.361811 -0.705342
0.749266 0.283727 0.0646785 -0.608537 0.360385 -0.706969
0.749206 0.283797 0.0647162 -0.607492 0.358956 -0.708593
0.749146 0.283868 0.064754 -0.606444 0.357525 -0.710212
0.749086 0.283938 0.0647918 -0.605393 0.356093 -0.711827
0.749026 0.284008 0.0648296 -0.604338 0.354658 -0.713438
0.748966 0.284079 0.0648673 -0.60328 0.353222 -0.715044
0.748906 0.284149 0.0649051 -0.602218 0.351783 -0.716646
0.748845 0.28422 0.0649429 0.508364 -0.293313 0.80965
0.748785 0.28429 0.0649807 0.512057 -0.29372 0.807172
0.748725 0.284361 0.0650184 0.515737 -0.294122 0.804679
0.748665 0.284431 0.0650562 0.519404 -0.294517 0.802171
0.748605 0.284501 0.065094 0.523058 -0.294906 0.79965
0.748545 0.284572 0.0651318 0.528106 -0.295677 0.79604
0.748485 0.284642 0.0651695 0.533421 -0.295879 0.792413
0.748425 0.284713 0.0652073 0.538779 -0.29581 0.788805
0.748364 0.284783 0.0652451 0.54411 -0.295729 0.785168
0.748304 0.284853 0.0652829 0.549411 -0.295636 0.781503
0.748244 0.284924 0.0653207 0.554684 -0.29553 0.777809
0.748184 0.284994 0.0653584 0.559927 -0.295413 0.774089
0.748124 0.285065 0.0653962 0.560371 -0.295939 0.773566
0.748064 0.285135 0.065434 0.561139 -0.297808 0.772291
0.748004 0.285206 0.0654718 0.564106 -0.301129 0.768834
0.747944 0.285276 0.0655095 0.565742 -0.302149 0.76723
0.747883 0.285346 0.0655473 0.567374 -0.303166 0.765622
0.747823 0.285417 0.0655851 0.569003 -0.304182 0.764008
0.747763 0.285487 0.0656229 0.570629 -0.305196 0.762389
0.747703 0.285558 0.0656606 0.572252 -0.306209 0.760765
0.747643 0.285628 0.0656984 0.573871 -0.30722 0.759136
0.747583 0.285698 0.0657362 0.575487 -0.308229 0.757502
0.747523 0.285769 0.065774 0.5771 -0.309237 0.755862
0.747463 0.285839 0.0658117 0.57871 -0.310242 0.754218
0.747403 0.28591 0.0658495 0.580316 -0.311246 0.752568
0.747342 0.28598 0.0658873 0.581919 -0.312248 0.750914
0.747282 0.286051 0.0659251 0.583518 -0.313249 0.749254
0.747222 0.286121 0.0659628 0.585114 -0.314247 0.747589
0.747162 0.286191 0.0660006 0.586707 -0.315244 0.74592
0.747102 0.286262 0.0660384 0.588296 -0.316239 0.744246
0.747042 0.286332 0.0660762 0.589881 -0.317231 0.742566
0.746982 0.286403 0.066114 0.591463 -0.318222 0.740882
0.746922 0.286473 0.0661517 0.593041 -0.319211 0.739193
0.746861 0.286543 0.0661895 0.594615 -0.320198 0.737499
0.746801 0.286614 0.0662273 0.596186 -0.321183 0.735801
0.746741 0.286684 0.0662651 0.597753 -0.322166 0.734098
0.746681 0.286755 0.0663028 0.599317 -0.323147 0.73239
0.746621 0.286825 0.0663406 0.600876 -0.324126 0.730678
0.746561 0.286896 0.0663784 0.602432 -0.325103 0.72896
0.746501 0.286966 0.0664162 0.603984 -0.326078 0.727239
0.746441 0.287036 0.0664539 0.605532 -0.327051 0.725512
0.74638 0.287107 0.0664917 0.607077 -0.328022 0.723782
0.74632 0.287177 0.0665295 0.608617 -0.32899 0.722046
0.74626 0.287248 0.0665673 0.610153 -0.329957 0.720307
0.7462 0.287318 0.066605 0.611686 -0.330921 0.718562
0.74614 0.287388 0.0666428 0.613214 -0.331883 0.716814
0.74608 0.287459 0.0666806 0.614738 -0.332843 0.715061
0.74602 0.287529 0.0667184 0.616259 -0.333801 0.713304
0.74596 0.2876 0.0667562 0.617775 -0.334756 0.711542
0.745899 0.28767 0.0667939 0.619287 -0.33571 0.709777
0.745839 0.287741 0.0668317 0.620795 -0.336661 0.708007
0.745779 0.287811 0.0668695 0.620623 -0.334812 0.709033
0.745719 0.287881 0.0669073 0.619199 -0.332216 0.711495
0.745659 0.287952 0.066945 0.617763 -0.329611 0.71395
0.745599 0.288022 0.0669828 0.616316 -0.326998 0.716398
0.745539 0.288093 0.0670206 0.614858 -0.324376 0.718839
0.745479 0.288163 0.0670584 0.613389 -0.321745 0.721273
0.745419 0.288233 0.0670961 0.611908 -0.319106 0.723699
0.745358 0.288304 0.0671339 0.610138 -0.316443 0.726358
0.745298 0.288374 0.0671717 0.607962 -0.313747 0.729346
0.745238 0.288445 0.0672095 0.603988 -0.311164 0.733741
0.745178 0.288515 0.0672472 0.598473 -0.30866 0.739296
0.745118 0.288586 0.067285 0.592906 -0.306129 0.744814
0.745058 0.288656 0.0673228 0.587286 -0.303572 0.750293
0.744998 0.288726 0.0673606 0.581615 -0.300989 0.755731
0.744938 0.288797 0.0673984 0.575893 -0.298381 0.761128
0.744877 0.288867 0.0674361 0.570122 -0.295747 0.766482
0.744817 0.288938 0.0674739 0.564302 -0.293089 0.771792
0.744757 0.289008 0.0675117 0.558434 -0.290407 0.777056
0.744697 0.289078 0.0675495 0.55252 -0.287701 0.782272
0.744637 0.289149 0.0675872 0.54656 -0.284971 0.787441
0.744577 0.289219 0.067625 0.540556 -0.282219 0.79256
0.744517 0.28929 0.0676628 0.534508 -0.279445 0.797629
0.744457 0.28936 0.0677006 0.528419 -0.276649 0.802645
0.744396 0.289431 0.0677383 0.522288 -0.273832 0.807608
0.744336 0.289501 0.0677761 0.516118 -0.270994 0.812517
0.744276 0.289571 0.0678139 0.509909 -0.268136 0.817371
0.744216 0.289642 0.0678517 0.503664 -0.265259 0.822168
0.744156 0.289712 0.0678894 0.497382 -0.262363 0.826908
0.744096 0.289783 0.0679272 0.491066 -0.259448 0.831589
0.744036 0.289853 0.067965 0.484717 -0.256516 0.836211
0.743976 0.289923 0.0680028 0.478335 -0.253567 0.840773
0.743916 0.289994 0.0680406 0.471924 -0.250602 0.845273
0.743855 0.290064 0.0680783 0.465483 -0.247621 0.849711
0.743795 0.290135 0.0681161 0.459015 -0.244625 0.854087
0.743735 0.290205 0.0681539 0.45252 -0.241614 0.858398
0.743675 0.290276 0.0681917 0.446001 -0.23859 0.862646
0.743615 0.290346 0.0682294 0.439459 -0.235553 0.866828
0.743555 0.290416 0.0682672 0.432895 -0.232504 0.870944
0.743495 0.290487 0.068305 0.42631 -0.229443 0.874995
0.743435 0.290557 0.0683428 0.419707 -0.226371 0.878978
0.743374 0.290628 0.0683805 0.413086 -0.223288 0.882894
0.743314 0.290698 0.0684183 0.406449 -0.220197 0.886743
0.743254 0.290768 0.0684561 0.399798 -0.217096 0.890523
0.743194 0.290839 0.0684939 0.362057 -0.218284 0.906238
0.743134 0.290909 0.0685316 0.360611 -0.219009 0.906639
0.743074 0.29098 0.0685694 0.359162 -0.219734 0.907039
0.743014 0.29105 0.0686072 0.357712 -0.220459 0.907436
0.742954 0.291121 0.068645 0.35626 -0.221183 0.907831
0.742893 0.291191 0.0686828 0.354805 -0.221908 0.908224
0.742833 0.291261 0.0687205 0.353349 -0.222632 0.908614
0.742773 0.291332 0.0687583 0.351891 -0.223356 0.909002
0.742713 0.291402 0.0687961 0.350431 -0.224081 0.909388
0.742653 0.291473 0.0688339 0.348969 -0.224804 0.909771
0.742593 0.291543 0.0688716 0.347505 -0.225528 0.910152
0.742533 0.291613 0.0689094 0.346039 -0.226252 0.910531
0.742473 0.291684 0.0689472 0.344571 -0.226975 0.910908
0.742413 0.291754 0.068985 0.343102 -0.227698 0.911282
0.742352 0.291825 0.0690227 0.34163 -0.228421 0.911654
0.742292 0.291895 0.0690605 0.340157 -0.229144 0.912023
0.742232 0.291966 0.0690983 0.338681 -0.229867 0.91239
0.742172 0.292036 0.0691361 0.337204 -0.230589 0.912755
0.742112 0.292106 0.0691738 0.337221 -0.230481 0.912776
0.742052 0.292177 0.0692116 0.337436 -0.230262 0.912752
0.741992 0.292247 0.0692494 0.340797 -0.234008 0.910548
0.741932 0.292318 0.0692872 0.344169 -0.237774 0.908301
0.741871 0.292388 0.069325 0.347534 -0.241536 0.906025
0.741811 0.292458 0.0693627 0.350891 -0.245294 0.903718
0.741751 0.292529 0.0694005 0.35424 -0.249048 0.901382
0.741691 0.292599 0.0694383 0.35758 -0.252796 0.899017
0.741631 0.29267 0.0694761 0.360911 -0.256539 0.896622
0.741571 0.29274 0.0695138 0.364233 -0.260276 0.894198
0.741511 0.292811 0.0695516 0.367546 -0.264007 0.891746
0.741451 0.292881 0.0695894 0.370848 -0.267731 0.889265
0.74139 0.292951 0.0696272 0.374141 -0.271449 0.886755
0.74133 0.293022 0.0696649 0.377423 -0.27516 0.884217
0.74127 0.293092 0.0697027 0.380694 -0.278863 0.881651
0.74121 0.293163 0.0697405 0.383954 -0.282558 0.879057
0.74115 0.293233 0.0697783 0.387203 -0.286245 0.876435
0.74109 0.293303 0.069816 0.390439 -0.289923 0.873786
0.74103 0.293374 0.0698538 0.393664 -0.293592 0.87111
0.74097 0.293444 0.0698916 0.396877 -0.297253 0.868406
0.74091 0.293515 0.0699294 0.400077 -0.300903 0.865677
0.740849 0.293585 0.0699672 0.403264 -0.304544 0.86292
0.740789 0.293656 0.0700049 0.406437 -0.308174 0.860138
0.740729 0.293726 0.0700427 0.409597 -0.311794 0.85733
0.740669 0.293796 0.0700805 0.412744 -0.315403 0.854496
0.740609 0.293867 0.0701183 0.415876 -0.319001 0.851637
0.740549 0.293937 0.070156 0.418994 -0.322587 0.848753
0.740489 0.294008 0.0701938 0.422098 -0.326161 0.845844
0.740429 0.294078 0.0702316 0.425186 -0.329723 0.842911
0.740368 0.294148 0.0702694 0.42826 -0.333272 0.839954
0.740308 0.294219 0.0703071 0.431318 -0.336809 0.836974
0.740248 0.294289 0.0703449 0.43436 -0.340332 0.83397
0.740188 0.29436 0.0703827 0.441485 -0.346752 0.827559
0.740128 0.29443 0.0704205 0.448589 -0.345963 0.824062
0.740068 0.294501 0.0704582 0.455656 -0.345154 0.820516
0.740008 0.294571 0.070496 0.462684 -0.344325 0.816923
0.739948 0.294641 0.0705338 0.469673 -0.343474 0.813285
0.739887 0.294712 0.0705716 0.476621 -0.342604 0.809602
0.739827 0.294782 0.0706094 0.483527 -0.341714 0.805874
0.739767 0.294853 0.0706471 0.490391 -0.340804 0.802103
0.739707 0.294923 0.0706849 0.49721 -0.339875 0.79829
0.739647 0.294993 0.0707227 0.503984 -0.338927 0.794436
0.739587 0.295064 0.0707605 0.510712 -0.33796 0.790542
0.739527 0.295134 0.0707982 0.517393 -0.336975 0.786608
0.739467 0.295205 0.070836 0.524026 -0.335971 0.782637
0.739407 0.295275 0.0708738 0.53061 -0.33495 0.778628
0.739346 0.295346 0.0709116 0.534905 -0.333656 0.776241
0.739286 0.295416 0.0709493 0.534657 -0.332883 0.776744
0.739226 0.295486 0.0709871 0.534408 -0.33211 0.777246
0.739166 0.295557 0.0710249 0.534159 -0.331336 0.777747
0.739106 0.295627 0.0710627 0.533909 -0.330562 0.778248
0.739046 0.295698 0.0711004 0.533659 -0.329787 0.778748
0.738986 0.295768 0.0711382 0.533408 -0.329013 0.779247
0.738926 0.295838 0.071176 0.533157 -0.328238 0.779746
0.738865 0.295909 0.0712138 0.532906 -0.327462 0.780244
0.738805 0.295979 0.0712516 0.532654 -0.326687 0.780741
0.738745 0.29605 0.0712893 0.532401 -0.325911 0.781237
0.738685 0.29612 0.0713271 0.532148 -0.325134 0.781733
0.738625 0.296191 0.0713649 0.531894 -0.324358 0.782228
0.738565 0.296261 0.0714027 0.53164 -0.323581 0.782722
0.738505 0.296331 0.0714404 0.531386 -0.322803 0.783216
0.738445 0.296402 0.0714782 0.531131 -0.322026 0.783709
0.738384 0.296472 0.071516 0.530875 -0.321248 0.784201
0.738324 0.296543 0.0715538 0.530619 -0.32047 0.784693
0.738264 0.296613 0.0715915 0.530363 -0.319691 0.785183
0.738204 0.296683 0.0716293 0.530106 -0.318912 0.785674
0.738144 0.296754 0.0716671 0.529848 -0.318133 0.786163
0.738084 0.296824 0.0717049 0.52959 -0.317354 0.786652
0.738024 0.296895 0.0717426 0.529332 -0.316574 0.78714
0.737964 0.296965 0.0717804 0.529073 -0.315794 0.787627
0.737903 0.297036 0.0718182 0.528813 -0.315014 0.788113
0.737843 0.297106 0.071856 0.528553 -0.314234 0.788599
0.737783 0.297176 0.0718938 0.528293 -0.313453 0.789084
0.737723 0.297247 0.0719315 0.528032 -0.312672 0.789568
0.737663 0.297317 0.0719693 0.527771 -0.311891 0.790052
0.737603 0.297388 0.0720071 0.527509 -0.311109 0.790535
0.737543 0.297458 0.0720449 0.527247 -0.310327 0.791017
0.737483 0.297528 0.0720826 0.526984 -0.309545 0.791498
0.737423 0.297599 0.0721204 0.526721 -0.308762 0.791979
0.737362 0.297669 0.0721582 0.526457 -0.30798 0.792459
0.737302 0.29774 0.072196 0.526193 -0.307197 0.792938
0.737242 0.29781 0.0722337 0.525928 -0.306414 0.793417
0.737182 0.297881 0.0722715 0.525663 -0.30563 0.793895
0.737122 0.297951 0.0723093 0.525398 -0.304846 0.794372
0.737062 0.298021 0.0723471 0.525131 -0.304062 0.794848
0.737002 0.298092 0.0723848 0.52495 -0.303644 0.795127
0.736942 0.298162 0.0724226 0.524779 -0.303274 0.795381
0.736881 0.298233 0.0724604 0.524609 -0.302904 0.795635
0.736821 0.298303 0.0724982 0.524438 -0.302533 0.795889
0.736761 0.298373 0.072536 0.524267 -0.302163 0.796142
0.736701 0.298444 0.0725737 0.524096 -0.301792 0.796395
0.736641 0.298514 0.0726115 0.523672 -0.301192 0.796901
0.736581 0.298585 0.0726493 0.523103 -0.30046 0.797551
0.736521 0.298655 0.0726871 0.522533 -0.299728 0.798199
0.736461 0.298726 0.0727248 0.512939 -0.297171 0.805346
0.7364 0.298796 0.0727626 0.510027 -0.297133 0.807208
0.73634 0.298866 0.0728004 0.507108 -0.297091 0.80906
0.73628 0.298937 0.0728382 0.504181 -0.297046 0.810904
0.73622 0.299007 0.0728759 0.501248 -0.296997 0.812738
0.73616 0.299078 0.0729137 0.498788 -0.296915 0.81428
0.7361 0.299148 0.0729515 0.496678 -0.296809 0.815607
0.73604 0.299218 0.0729893 0.494565 -0.296701 0.81693
0.73598 0.299289 0.073027 0.492448 -0.296591 0.818247
0.73592 0.299359 0.0730648 0.490328 -0.29648 0.81956
0.735859 0.29943 0.0731026 0.488205 -0.296366 0.820867
0.735799 0.2995 0.0731404 0.486075 -0.296162 0.822204
0.735739 0.299571 0.0731782 0.48389 -0.294515 0.824082
0.735679 0.299641 0.0732159 0.481698 -0.292864 0.825952
0.735619 0.299711 0.0732537 0.479501 -0.29121 0.827814
0.735559 0.299782 0.0732915 0.477298 -0.289552 0.829666
0.735499 0.299852 0.0733293 0.475089 -0.287891 0.83151
0.735439 0.299923 0.073367 0.472875 -0.286226 0.833345
0.735378 0.299993 0.0734048 0.470655 -0.284558 0.835171
0.735318 0.300063 0.0734426 0.468429 -0.282886 0.836988
0.735258 0.300134 0.0734804 0.466198 -0.281211 0.838797
0.735198 0.300204 0.0735181 0.463961 -0.279533 0.840596
0.735138 0.300275 0.0735559 0.46172 -0.277851 0.842386
0.735078 0.300345 0.0735937 0.459473 -0.276166 0.844167
0.735018 0.300416 0.0736315 0.45722 -0.274478 0.845938
0.734958 0.300486 0.0736692 0.454963 -0.272787 0.8477
0.734897 0.300556 0.073707 0.452701 -0.271093 0.849453
0.734837 0.300627 0.0737448 0.450433 -0.269396 0.851196
0.734777 0.300697 0.0737826 0.448161 -0.267697 0.85293
0.734717 0.300768 0.0738204 0.445884 -0.265994 0.854655
0.734657 0.300838 0.0738581 0.443602 -0.264288 0.856369
0.734597 0.300908 0.0738959 0.441316 -0.26258 0.858075
0.734537 0.300979 0.0739337 0.439025 -0.260869 0.85977
0.734477 0.301049 0.0739715 0.43673 -0.259156 0.861455
0.734417 0.30112 0.0740092 0.43443 -0.25744 0.863131
0.734356 0.30119 0.074047 0.432125 -0.255721 0.864797
0.734296 0.301261 0.0740848 0.429817 -0.254 0.866453
0.734236 0.301331 0.0741226 0.427504 -0.252277 0.868099
0.734176 0.301401 0.0741603 0.425188 -0.250551 0.869735
0.734116 0.301472 0.0741981 0.422867 -0.248823 0.871361
0.734056 0.301542 0.0742359 0.397089 -0.238575 0.886229
0.733996 0.301613 0.0742737 0.39401 -0.235992 0.888293
0.733936 0.301683 0.0743114 0.390922 -0.233403 0.890339
0.733875 0.301753 0.0743492 0.387825 -0.230808 0.892367
0.733815 0.301824 0.074387 0.384719 -0.228208 0.894378
0.733755 0.301894 0.0744248 0.381604 -0.225603 0.896371
0.733695 0.301965 0.0744626 0.37848 -0.222993 0.898347
0.733635 0.302035 0.0745003 0.375349 -0.220377 0.900304
0.733575 0.302106 0.0745381 0.372209 -0.217757 0.902243
0.733515 0.302176 0.0745759 0.369062 -0.215132 0.904164
0.733455 0.302246 0.0746137 0.365906 -0.212502 0.906066
0.733394 0.302317 0.0746514 0.362743 -0.209868 0.90795
0.733334 0.302387 0.0746892 0.338179 -0.176258 0.924428
0.733274 0.302458 0.074727 0.333339 -0.171298 0.927115
0.733214 0.302528 0.0747648 0.328479 -0.166328 0.929751
0.733154 0.302598 0.0748025 0.323601 -0.161348 0.932335
0.733094 0.302669 0.0748403 0.318705 -0.15636 0.934868
0.733034 0.302739 0.0748781 0.313792 -0.151364 0.937349
0.732974 0.30281 0.0749159 0.308863 -0.146361 0.939778
0.732914 0.30288 0.0749536 0.303919 -0.141351 0.942154
0.732853 0.302951 0.0749914 0.29896 -0.136336 0.944476
0.732793 0.303021 0.0750292 0.293988 -0.131317 0.946745
0.732733 0.303091 0.075067 0.289004 -0.126294 0.948961
0.732673 0.303162 0.0751048 0.279351 -0.119009 0.952785
0.732613 0.303232 0.0751425 0.278108 -0.118176 0.953253
0.732553 0.303303 0.0751803 0.276863 -0.117343 0.953718
0.732493 0.303373 0.0752181 0.275618 -0.116509 0.95418
0.732433 0.303443 0.0752559 0.274373 -0.115675 0.954641
0.732372 0.303514 0.0752936 0.273126 -0.114841 0.955099
0.732312 0.303584 0.0753314 0.271879 -0.114006 0.955554
0.732252 0.303655 0.0753692 0.270632 -0.113172 0.956008
0.732192 0.303725 0.075407 0.269384 -0.112337 0.956459
0.732132 0.303796 0.0754447 0.268135 -0.111501 0.956907
0.732072 0.303866 0.0754825 0.266885 -0.110666 0.957353
0.732012 0.303936 0.0755203 0.265635 -0.10983 0.957797
0.731952 0.304007 0.0755581 0.264384 -0.108994 0.958239
0.731891 0.304077 0.0755958 0.263133 -0.108158 0.958678
0.731831 0.304148 0.0756336 0.261881 -0.107322 0.959114
0.731771 0.304218 0.0756714 0.260629 -0.106485 0.959549
0.731711 0.304288 0.0757092 0.259376 -0.105648 0.95998
0.731651 0.304359 0.0757469 0.258122 -0.104811 0.96041
0.731591 0.304429 0.0757847 0.256868 -0.103974 0.960837
0.731531 0.3045 0.0758225 0.255614 -0.103137 0.961262
0.731471 0.30457 0.0758603 0.254359 -0.102299 0.961684
0.73141 0.304641 0.0758981 0.253103 -0.101461 0.962104
0.73135 0.304711 0.0759358 0.251847 -0.100623 0.962522
0.73129 0.304781 0.0759736 0.250591 -0.0997854 0.962937
0.73123 0.304852 0.0760114 0.249333 -0.0989471 0.96335
0.73117 0.304922 0.0760492 0.248076 -0.0981088 0.96376
0.73111 0.304993 0.0760869 0.246818 -0.0972703 0.964168
0.73105 0.305063 0.0761247 0.245559 -0.0964316 0.964573
0.73099 0.305133 0.0761625 0.244301 -0.0955928 0.964976
0.73093 0.305204 0.0762003 0.243041 -0.0947539 0.965377
0.730869 0.305274 0.076238 0.241782 -0.0939149 0.965775
0.730809 0.305345 0.0762758 0.240521 -0.0930758 0.966171
0.730749 0.305415 0.0763136 0.239261 -0.0922366 0.966564
0.730689 0.305486 0.0763514 0.238 -0.0913972 0.966955
0.730629 0.305556 0.0763891 0.236738 -0.0905578 0.967344
0.730569 0.305626 0.0764269 0.235477 -0.0897183 0.96773
0.730509 0.305697 0.0764647 0.234215 -0.0888787 0.968114
0.730449 0.305767 0.0765025 0.232952 -0.088039 0.968495
0.730388 0.305838 0.0765403 0.231689 -0.0871993 0.968874
0.730328 0.305908 0.076578 0.230426 -0.0863595 0.96925
0.730268 0.305978 0.0766158 0.229163 -0.0855196 0.969624
0.730208 0.306049 0.0766536 0.228151 -0.0841314 0.969984
0.730148 0.306119 0.0766914 0.227394 -0.0821863 0.970328
0.730088 0.30619 0.0767291 0.226818 -0.0799796 0.970648
0.730028 0.30626 0.0767669 0.22583 -0.0786624 0.970986
0.729968 0.306331 0.0768047 0.22527 -0.0776368 0.971198
0.729907 0.306401 0.0768425 0.22471 -0.0766111 0.971409
0.729847 0.306471 0.0768802 0.22415 -0.0755853 0.971619
0.729787 0.306542 0.076918 0.223589 -0.0745593 0.971828
0.729727 0.306612 0.0769558 0.223028 -0.0735332 0.972035
0.729667 0.306683 0.0769936 0.222467 -0.0725069 0.97224
0.729607 0.306753 0.0770313 0.221905 -0.0714805 0.972445
0.729547 0.306823 0.0770691 0.221343 -0.0704539 0.972648
0.729487 0.306894 0.0771069 0.22078 -0.0694273 0.972849
0.729427 0.306964 0.0771447 0.220218 -0.0684005 0.97305
0.729366 0.307035 0.0771825 0.219655 -0.0673735 0.973248
0.729306 0.307105 0.0772202 0.219091 -0.0663465 0.973446
0.729246 0.307176 0.077258 0.218528 -0.0653194 0.973642
0.729186 0.307246 0.0772958 0.217964 -0.0642921 0.973837
0.729126 0.307316 0.0773336 0.217399 -0.0632648 0.97403
0.729066 0.307387 0.0773713 0.216835 -0.0622374 0.974222
0.729006 0.307457 0.0774091 0.21627 -0.0612098 0.974413
0.728946 0.307528 0.0774469 0.215705 -0.0601822 0.974602
0.728885 0.307598 0.0774847 0.215139 -0.0591545 0.97479
0.728825 0.307668 0.0775224 0.214573 -0.0581267 0.974977
0.728765 0.307739 0.0775602 0.214007 -0.0570989 0.975162
0.728705 0.307809 0.077598 0.213441 -0.0560709 0.975346
0.728645 0.30788 0.0776358 0.212874 -0.0550429 0.975528
0.728585 0.30795 0.0776735 0.212307 -0.0540149 0.975709
0.728525 0.308021 0.0777113 0.21174 -0.0529867 0.975889
0.728465 0.308091 0.0777491 0.211172 -0.0519586 0.976067
0.728404 0.308161 0.0777869 0.210604 -0.0509304 0.976244
0.728344 0.308232 0.0778247 0.210036 -0.0499021 0.976419
0.728284 0.308302 0.0778624 0.209468 -0.0488738 0.976593
0.728224 0.308373 0.0779002 0.208899 -0.0478454 0.976766
0.728164 0.308443 0.077938 0.20833 -0.0468171 0.976937
0.728104 0.308513 0.0779758 0.207761 -0.0457887 0.977107
0.728044 0.308584 0.0780135 0.207191 -0.0447603 0.977276
0.727984 0.308654 0.0780513 0.206621 -0.0437318 0.977443
0.727924 0.308725 0.0780891 0.206051 -0.0427034 0.977609
0.727863 0.308795 0.0781269 0.204008 -0.0375103 0.97825
0.727803 0.308866 0.0781646 0.203245 -0.0352486 0.978493
0.727743 0.308936 0.0782024 0.20248 -0.0329862 0.978731
0.727683 0.309006 0.0782402 0.201714 -0.0307231 0.978962
0.727623 0.309077 0.078278 0.200947 -0.0284594 0.979189
0.727563 0.309147 0.0783157 0.200178 -0.026195 0.979409
0.727503 0.309218 0.0783535 0.199408 -0.0239301 0.979624
0.727443 0.309288 0.0783913 0.198636 -0.0216646 0.979834
0.727382 0.309358 0.0784291 0.197864 -0.0193986 0.980038
0.727322 0.309429 0.0784669 0.19709 -0.0171321 0.980236
0.727262 0.309499 0.0785046 0.196315 -0.0148653 0.980428
0.727202 0.30957 0.0785424 0.195538 -0.012598 0.980615
0.727142 0.30964 0.0785802 0.194761 -0.0103304 0.980796
0.727082 0.309711 0.078618 0.193982 -0.00806252 0.980972
0.727022 0.309781 0.0786557 0.193202 -0.00579435 0.981142
0.726962 0.309851 0.0786935 0.192421 -0.00352596 0.981306
0.726901 0.309922 0.0787313 0.191638 -0.00125739 0.981465
0.726841 0.309992 0.0787691 0.190855 0.00101133 0.981618
0.726781 0.310063 0.0788068 0.19007 0.00328016 0.981765
0.726721 0.310133 0.0788446 0.189284 0.00554906 0.981907
0.726661 0.310203 0.0788824 0.188497 0.00781799 0.982043
0.726601 0.310274 0.0789202 0.187709 0.0100869 0.982173
0.726541 0.310344 0.0789579 0.18692 0.0123558 0.982297
0.726481 0.310415 0.0789957 0.186144 0.0145774 0.982414
0.726421 0.310485 0.0790335 0.185467 0.0164738 0.982512
0.72636 0.310556 0.0790713 0.184703 0.0181885 0.982626
0.7263 0.310626 0.0791091 0.183862 0.01974 0.982754
0.72624 0.310696 0.0791468 0.183021 0.0212913 0.982878
0.72618 0.310767 0.0791846 0.182179 0.0228424 0.983
0.72612 0.310837 0.0792224 0.181336 0.0243933 0.983119
0.72606 0.310908 0.0792602 0.180493 0.025944 0.983234
0.726 0.310978 0.0792979 0.17965 0.0274945 0.983346
0.72594 0.311048 0.0793357 0.178806 0.0290447 0.983456
0.725879 0.311119 0.0793735 0.177961 0.0305946 0.983562
0.725819 0.311189 0.0794113 0.177116 0.0321442 0.983665
0.725759 0.31126 0.079449 0.176271 0.0336936 0.983765
0.725699 0.31133 0.0794868 0.175425 0.0352426 0.983862
0.725639 0.311401 0.0795246 0.174579 0.0367913 0.983956
0.725579 0.311471 0.0795624 0.173732 0.0383397 0.984046
0.725519 0.311541 0.0796001 0.172885 0.0398877 0.984134
0.725459 0.311612 0.0796379 0.172038 0.0414354 0.984219
0.725398 0.311682 0.0796757 0.17119 0.0429827 0.9843
0.725338 0.311753 0.0797135 0.169439 0.0466268 0.984437
0.725278 0.311823 0.0797513 0.168445 0.0492131 0.984482
0.725218 0.311893 0.079789 0.16745 0.051799 0.984519
0.725158 0.311964 0.0798268 0.166454 0.0543844 0.984548
0.725098 0.312034 0.0798646 0.165457 0.0569693 0.98457
0.725038 0.312105 0.0799024 0.164458 0.0595535 0.984585
0.724978 0.312175 0.0799401 0.163459 0.0621371 0.984591
0.724917 0.312246 0.0799779 0.162458 0.0647199 0.984591
0.724857 0.312316 0.0800157 0.15973 0.0689607 0.984749
0.724797 0.312386 0.0800535 0.157746 0.0711974 0.98491
0.724737 0.312457 0.0800912 0.155759 0.0734346 0.985062
0.724677 0.312527 0.080129 0.15377 0.0756723 0.985205
0.724617 0.312598 0.0801668 0.151778 0.0779105 0.985339
0.724557 0.312668 0.0802046 0.149784 0.080149 0.985465
0.724497 0.312738 0.0802423 0.147788 0.0823878 0.985581
0.724437 0.312809 0.0802801 0.14579 0.0846268 0.985689
0.724376 0.312879 0.0803179 0.14379 0.086866 0.985788
0.724316 0.31295 0.0803557 0.141787 0.0891053 0.985879
0.724256 0.31302 0.0803935 0.139782 0.0913447 0.98596
0.724196 0.313091 0.0804312 0.137776 0.093584 0.986032
0.724136 0.313161 0.080469 0.135767 0.0958233 0.986096
0.724076 0.313231 0.0805068 0.133757 0.0980625 0.986151
0.724016 0.313302 0.0805446 0.131744 0.100301 0.986196
0.723956 0.313372 0.0805823 0.12973 0.10254 0.986233
0.723895 0.313443 0.0806201 0.127715 0.104779 0.986261
0.723835 0.313513 0.0806579 0.125697 0.107017 0.98628
0.723775 0.313583 0.0806957 0.123678 0.109254 0.98629
0.723715 0.313654 0.0807334 0.121657 0.111491 0.986291
0.723655 0.313724 0.0807712 0.119635 0.113728 0.986283
0.723595 0.313795 0.080809 0.117611 0.115964 0.986266
0.723535 0.313865 0.0808468 0.115586 0.118199 0.98624
0.723475 0.313936 0.0808845 0.11356 0.120433 0.986205
0.723414 0.314006 0.0809223 0.111532 0.122667 0.986161
0.723354 0.314076 0.0809601 0.109503 0.1249 0.986108
0.723294 0.314147 0.0809979 0.107473 0.127132 0.986046
0.723234 0.314217 0.0810357 0.105442 0.129363 0.985975
0.723174 0.314288 0.0810734 0.10341 0.131592 0.985895
0.723114 0.314358 0.0811112 0.101376 0.133821 0.985807
0.723054 0.314428 0.081149 0.099342 0.136049 0.985709
0.722994 0.314499 0.0811868 0.0973068 0.138275 0.985602
0.722934 0.314569 0.0812245 0.0952707 0.1405 0.985486
0.722873 0.31464 0.0812623 0.0932338 0.142724 0.985362
0.722813 0.31471 0.0813001 0.0911962 0.144946 0.985228
0.722753 0.314781 0.0813379 0.0891579 0.147167 0.985085
0.722693 0.314851 0.0813756 0.0871189 0.149386 0.984934
0.722633 0.314921 0.0814134 0.0850794 0.151603 0.984773
0.722573 0.314992 0.0814512 0.0830394 0.153819 0.984603
0.722513 0.315062 0.081489 0.0809989 0.156034 0.984425
0.722453 0.315133 0.0815267 0.078958 0.158246 0.984238
0.722392 0.315203 0.0815645 0.0769167 0.160457 0.984041
0.722332 0.315273 0.0816023 0.0748752 0.162666 0.983836
0.722272 0.315344 0.0816401 0.0728334 0.164872 0.983622
0.722212 0.315414 0.0816779 0.0707914 0.167077 0.983399
0.722152 0.315485 0.0817156 0.0687493 0.16928 0.983167
0.722092 0.315555 0.0817534 0.0667072 0.17148 0.982927
0.722032 0.315626 0.0817912 0.064665 0.173679 0.982677
0.721972 0.315696 0.081829 0.0626229 0.175875 0.982419
0.721911 0.315766 0.0818667 0.0605808 0.178069 0.982151
0.721851 0.315837 0.0819045 0.0585389 0.18026 0.981876
0.721791 0.315907 0.0819423 0.0564972 0.182449 0.981591
0.721731 0.315978 0.0819801 0.0544558 0.184636 0.981297
0.721671 0.316048 0.0820178 0.0476496 -0.232097 -0.971525
0.721611 0.316118 0.0820556 0.0495255 -0.23258 -0.971316
0.721551 0.316189 0.0820934 0.0514012 -0.233061 -0.971103
0.721491 0.316259 0.0821312 0.0532766 -0.233542 -0.970886
0.721431 0.31633 0.0821689 0.0551518 -0.234022 -0.970666
0.72137 0.3164 0.0822067 0.0570266 -0.234502 -0.970442
0.72131 0.316471 0.0822445 0.0589011 -0.23498 -0.970214
0.72125 0.316541 0.0822823 0.0607753 -0.235457 -0.969983
0.72119 0.316611 0.0823201 0.0616761 -0.235507 -0.969914
0.72113 0.316682 0.0823578 0.0620589 -0.23558 -0.969871
0.72107 0.316752 0.0823956 0.0624711 -0.235685 -0.96982
0.72101 0.316823 0.0824334 0.0628834 -0.235789 -0.969768
0.72095 0.316893 0.0824712 0.0632957 -0.235894 -0.969715
0.720889 0.316963 0.0825089 0.063708 -0.235998 -0.969663
0.720829 0.317034 0.0825467 0.0641203 -0.236103 -0.96961
0.720769 0.317104 0.0825845 0.0645326 -0.236207 -0.969558
0.720709 0.317175 0.0826223 0.0649449 -0.236311 -0.969505
0.720649 0.317245 0.08266 0.0653572 -0.236416 -0.969451
0.720589 0.317316 0.0826978 0.0657695 -0.23652 -0.969398
0.720529 0.317386 0.0827356 0.0661818 -0.236624 -0.969345
0.720469 0.317456 0.0827734 0.0665941 -0.236728 -0.969291
0.720408 0.317527 0.0828111 0.0670064 -0.236833 -0.969237
0.720348 0.317597 0.0828489 0.0674187 -0.236937 -0.969183
0.72038 0.31766 0.0828527 0.0673732 -0.236063 -0.969399
0.720459 0.31772 0.082839 0.0670934 -0.234689 -0.969752
0.720539 0.31778 0.0828254 0.0668135 -0.233315 -0.970103
0.720618 0.317839 0.0828118 0.0665334 -0.23194 -0.970452
0.720697 0.317899 0.0827981 0.0662532 -0.230565 -0.970799
0.720776 0.317958 0.0827845 0.0659728 -0.229189 -0.971144
0.720855 0.318018 0.0827708 0.0656924 -0.227813 -0.971486
0.720934 0.318078 0.0827572 0.0654118 -0.226437 -0.971827
0.721013 0.318137 0.0827436 0.0651311 -0.22506 -0.972166
0.721093 0.318197 0.0827299 0.0648502 -0.223683 -0.972502
0.721172 0.318256 0.0827163 0.0659889 -0.22434 -0.972274
0.721251 0.318316 0.0827027 0.0672775 -0.225588 -0.971897
0.72133 0.318376 0.082689 0.0685667 -0.226837 -0.971516
0.721409 0.318435 0.0826754 0.0698566 -0.228086 -0.971132
0.721488 0.318495 0.0826617 0.0711471 -0.229335 -0.970744
0.721567 0.318554 0.0826481 0.0724382 -0.230584 -0.970352
0.721646 0.318614 0.0826345 0.0737299 -0.231833 -0.969957
0.721726 0.318674 0.0826208 0.0750222 -0.233082 -0.969559
0.721805 0.318733 0.0826072 0.0763151 -0.234331 -0.969157
0.721884 0.318793 0.0825935 0.0748741 -0.23538 -0.969015
0.721963 0.318852 0.0825799 0.0730007 -0.235977 -0.969013
0.722042 0.318912 0.0825663 0.0711278 -0.236574 -0.969007
0.722121 0.318972 0.0825526 0.0692554 -0.237169 -0.968997
0.7222 0.319031 0.082539 0.0673835 -0.237763 -0.968983
0.72228 0.319091 0.0825253 0.0655121 -0.238356 -0.968966
0.722359 0.31915 0.0825117 0.0636413 -0.238948 -0.968945
0.722438 0.31921 0.0824981 0.061771 -0.239539 -0.96892
0.722517 0.31927 0.0824844 0.0599014 -0.240128 -0.968891
0.722596 0.319329 0.0824708 0.0580324 -0.240716 -0.968859
0.722675 0.319389 0.0824571 0.0548956 -0.240379 -0.969125
0.722754 0.319448 0.0824435 0.0529365 -0.241972 -0.968838
0.722833 0.319508 0.0824299 0.0509762 -0.243563 -0.968544
0.722913 0.319568 0.0824162 0.0490148 -0.245154 -0.968244
0.722992 0.319627 0.0824026 0.0470524 -0.246744 -0.967938
0.723071 0.319687 0.0823889 0.0450889 -0.248332 -0.967625
0.72315 0.319746 0.0823753 0.0431244 -0.24992 -0.967306
0.723229 0.319806 0.0823617 0.041159 -0.251506 -0.96698
0.723308 0.319866 0.082348 0.0391927 -0.253092 -0.966648
0.723387 0.319925 0.0823344 0.0372254 -0.254676 -0.96631
0.723467 0.319985 0.0823207 0.0352574 -0.256259 -0.965965
0.723546 0.320044 0.0823071 0.0332885 -0.257841 -0.965614
0.723625 0.320104 0.0822935 0.0313189 -0.259421 -0.965256
0.723704 0.320164 0.0822798 0.0293485 -0.261001 -0.964892
0.723783 0.320223 0.0822662 0.0273774 -0.262579 -0.964522
0.723862 0.320283 0.0822526 0.0254057 -0.264155 -0.964145
0.723941 0.320342 0.0822389 0.0234334 -0.265731 -0.963762
0.72402 0.320402 0.0822253 0.0214605 -0.267305 -0.963373
0.7241 0.320462 0.0822116 0.0194871 -0.268877 -0.962977
0.724179 0.320521 0.082198 0.0175131 -0.270448 -0.962575
0.724258 0.320581 0.0821844 0.0155388 -0.272018 -0.962167
0.724337 0.32064 0.0821707 0.0135639 -0.273586 -0.961752
0.724416 0.3207 0.0821571 0.0115888 -0.275152 -0.961331
0.724495 0.32076 0.0821434 0.00973445 -0.276465 -0.960975
0.724574 0.320819 0.0821298 0.0089051 -0.275334 -0.961307
0.724654 0.320879 0.0821162 0.00807571 -0.274203 -0.961638
0.724733 0.320938 0.0821025 0.00724628 -0.27307 -0.961967
0.724812 0.320998 0.0820889 0.00641683 -0.271938 -0.962294
0.724891 0.321058 0.0820752 0.00558736 -0.270804 -0.962618
0.72497 0.321117 0.0820616 0.00475786 -0.26967 -0.962941
0.725049 0.321177 0.082048 0.00392836 -0.268536 -0.963262
0.725128 0.321236 0.0820343 0.00309886 -0.267401 -0.96358
0.725207 0.321296 0.0820207 0.00226935 -0.266265 -0.963897
0.725287 0.321356 0.082007 0.00155584 -0.265354 -0.96415
0.725366 0.321415 0.0819934 0.00156064 -0.265801 -0.964027
0.725445 0.321475 0.0819798 0.00156543 -0.266249 -0.963903
0.725524 0.321534 0.0819661 0.00157022 -0.266697 -0.963779
0.725603 0.321594 0.0819525 0.00157502 -0.267144 -0.963655
0.725682 0.321654 0.0819388 0.00157982 -0.267592 -0.963531
0.725761 0.321713 0.0819252 0.00158461 -0.26804 -0.963407
0.725841 0.321773 0.0819116 0.00158941 -0.268487 -0.963282
0.72592 0.321832 0.0818979 0.00159421 -0.268935 -0.963157
0.725999 0.321892 0.0818843 0.001599 -0.269383 -0.963032
0.726078 0.321952 0.0818707 0.0016038 -0.269831 -0.962906
0.726157 0.322011 0.081857 0.0016086 -0.270279 -0.962781
0.726236 0.322071 0.0818434 0.0016134 -0.270727 -0.962655
0.726315 0.32213 0.0818297 0.0016182 -0.271175 -0.962529
0.726394 0.32219 0.0818161 0.00162301 -0.271623 -0.962402
0.726474 0.32225 0.0818025 0.00162781 -0.272071 -0.962276
0.726553 0.322309 0.0817888 0.00163261 -0.272519 -0.962149
0.726632 0.322369 0.0817752 0.00163741 -0.272967 -0.962022
0.726711 0.322428 0.0817615 0.00164222 -0.273415 -0.961895
0.72679 0.322488 0.0817479 0.00164702 -0.273863 -0.961767
0.726869 0.322548 0.0817343 0.00165183 -0.274312 -0.961639
0.726948 0.322607 0.0817206 0.00165663 -0.27476 -0.961511
0.727027 0.322667 0.081707 0.00166144 -0.275208 -0.961383
0.727107 0.322726 0.0816933 0.00166624 -0.275656 -0.961255
0.727186 0.322786 0.0816797 0.00167105 -0.276105 -0.961126
0.727265 0.322845 0.0816661 0.00328368 -0.276255 -0.961079
0.727344 0.322905 0.0816524 0.00534801 -0.276325 -0.961049
0.727423 0.322965 0.0816388 0.00741148 -0.276393 -0.961016
0.727502 0.323024 0.0816251 0.00947405 -0.276459 -0.960979
0.727581 0.323084 0.0816115 0.0115357 -0.276525 -0.960938
0.727661 0.323143 0.0815979 0.0135964 -0.276589 -0.960892
0.72774 0.323203 0.0815842 0.0156562 -0.276652 -0.960843
0.727819 0.323263 0.0815706 0.017715 -0.276714 -0.960789
0.727898 0.323322 0.0815569 0.0197727 -0.276775 -0.960731
0.727977 0.323382 0.0815433 0.0218294 -0.276835 -0.96067
0.728056 0.323441 0.0815297 0.0238851 -0.276893 -0.960604
0.728135 0.323501 0.081516 0.0259396 -0.27695 -0.960534
0.728214 0.323561 0.0815024 0.0279931 -0.277006 -0.96046
0.728294 0.32362 0.0814887 0.0300454 -0.277061 -0.960383
0.728373 0.32368 0.0814751 0.0320965 -0.277114 -0.960301
0.728452 0.323739 0.0814615 0.0337078 -0.276759 -0.960348
0.728531 0.323799 0.0814478 0.0342372 -0.275285 -0.960753
0.72861 0.323859 0.0814342 0.0347666 -0.27381 -0.961155
0.728689 0.323918 0.0814206 0.035296 -0.272335 -0.961555
0.728768 0.323978 0.0814069 0.0358252 -0.270859 -0.961952
0.728848 0.324037 0.0813933 0.0363544 -0.269382 -0.962347
0.728927 0.324097 0.0813796 0.0368834 -0.267904 -0.962739
0.729006 0.324157 0.081366 0.0374124 -0.266426 -0.963129
0.729085 0.324216 0.0813524 0.0379413 -0.264947 -0.963516
0.729164 0.324276 0.0813387 0.0384701 -0.263467 -0.963901
0.729243 0.324335 0.0813251 0.0389987 -0.261987 -0.964283
0.729322 0.324395 0.0813114 0.0395273 -0.260506 -0.964663
0.729401 0.324455 0.0812978 0.0400557 -0.259024 -0.96504
0.729481 0.324514 0.0812842 0.040584 -0.257542 -0.965414
0.72956 0.324574 0.0812705 0.0411122 -0.256059 -0.965787
0.729639 0.324633 0.0812569 0.0416403 -0.254575 -0.966156
0.729718 0.324693 0.0812432 0.0421682 -0.253091 -0.966523
0.729797 0.324753 0.0812296 0.042696 -0.251607 -0.966887
0.729876 0.324812 0.081216 0.0432237 -0.250121 -0.967249
0.729955 0.324872 0.0812023 0.0437512 -0.248635 -0.967609
0.730035 0.324931 0.0811887 0.0442786 -0.247149 -0.967965
0.730114 0.324991 0.081175 0.0448058 -0.245662 -0.96832
0.730193 0.325051 0.0811614 0.0453329 -0.244174 -0.968671
0.730272 0.32511 0.0811478 0.0458598 -0.242686 -0.96902
0.730351 0.32517 0.0811341 0.0463865 -0.241198 -0.969367
0.73043 0.325229 0.0811205 0.0469131 -0.239709 -0.969711
0.730509 0.325289 0.0811068 0.0474395 -0.238219 -0.970052
0.730588 0.325349 0.0810932 0.0479657 -0.236729 -0.970391
0.730668 0.325408 0.0810796 0.0484917 -0.235239 -0.970727
0.730747 0.325468 0.0810659 0.0490176 -0.233748 -0.971061
0.730826 0.325527 0.0810523 0.0495433 -0.232257 -0.971392
0.730905 0.325587 0.0810386 0.0500687 -0.230765 -0.971721
0.730984 0.325647 0.081025 0.0500849 -0.22962 -0.971991
0.731063 0.325706 0.0810114 0.0499264 -0.230859 -0.971705
0.731142 0.325766 0.0809977 0.0497678 -0.232097 -0.971419
0.731222 0.325825 0.0809841 0.0496091 -0.233335 -0.97113
0.731301 0.325885 0.0809705 0.0494503 -0.234573 -0.97084
0.73138 0.325945 0.0809568 0.0492915 -0.23581 -0.970548
0.731459 0.326004 0.0809432 0.0491325 -0.237046 -0.970255
0.731538 0.326064 0.0809295 0.0489735 -0.238283 -0.96996
0.731617 0.326123 0.0809159 0.0488144 -0.239519 -0.969664
0.731696 0.326183 0.0809023 0.0486553 -0.240754 -0.969366
0.731775 0.326243 0.0808886 0.0484961 -0.241989 -0.969066
0.731855 0.326302 0.080875 0.0483367 -0.243223 -0.968765
0.731934 0.326362 0.0808613 0.0481774 -0.244458 -0.968462
0.732013 0.326421 0.0808477 0.0480179 -0.245691 -0.968158
0.732092 0.326481 0.0808341 0.0478584 -0.246924 -0.967852
0.732171 0.326541 0.0808204 0.0476988 -0.248157 -0.967545
0.73225 0.3266 0.0808068 0.0475391 -0.249389 -0.967236
0.732329 0.32666 0.0807931 0.0473794 -0.250621 -0.966925
0.732409 0.326719 0.0807795 0.0472196 -0.251853 -0.966613
0.732488 0.326779 0.0807659 0.0470597 -0.253083 -0.966299
0.732567 0.326839 0.0807522 0.0468998 -0.254314 -0.965984
0.732646 0.326898 0.0807386 0.0467398 -0.255543 -0.965667
0.732725 0.326958 0.0807249 0.0465797 -0.256773 -0.965349
0.732804 0.327017 0.0807113 0.0464196 -0.258002 -0.965029
0.732883 0.327077 0.0806977 0.0462594 -0.25923 -0.964707
0.732962 0.327137 0.080684 0.0460991 -0.260458 -0.964384
0.733042 0.327196 0.0806704 0.0459388 -0.261685 -0.964059
0.733121 0.327256 0.0806567 0.0457784 -0.262912 -0.963733
0.7332 0.327315 0.0806431 0.045618 -0.264138 -0.963406
0.733279 0.327375 0.0806295 0.0454575 -0.265363 -0.963076
0.733358 0.327435 0.0806158 0.0452969 -0.266588 -0.962745
0.733437 0.327494 0.0806022 0.0451363 -0.267813 -0.962413
0.733516 0.327554 0.0805886 0.0449756 -0.269037 -0.962079
0.733596 0.327613 0.0805749 0.0448149 -0.27026 -0.961744
0.733675 0.327673 0.0805613 0.0446541 -0.271483 -0.961407
0.733754 0.327733 0.0805476 0.0444933 -0.272705 -0.961068
0.733833 0.327792 0.080534 0.0443324 -0.273927 -0.960728
0.733912 0.327852 0.0805204 0.0441714 -0.275148 -0.960387
0.733991 0.327911 0.0805067 0.0440104 -0.276368 -0.960044
0.73407 0.327971 0.0804931 0.0438494 -0.277588 -0.959699
0.734149 0.328031 0.0804794 0.0436883 -0.278807 -0.959353
0.734229 0.32809 0.0804658 0.0435271 -0.280025 -0.959005
0.734308 0.32815 0.0804522 0.0433659 -0.281243 -0.958656
0.734387 0.328209 0.0804385 0.0432047 -0.282461 -0.958305
0.734466 0.328269 0.0804249 0.0430434 -0.283677 -0.957953
0.734545 0.328329 0.0804112 0.042882 -0.284893 -0.9576
0.734624 0.328388 0.0803976 0.0418745 -0.286542 -0.957152
0.734703 0.328448 0.080384 0.040676 -0.288026 -0.956758
0.734782 0.328507 0.0803703 0.0394775 -0.289509 -0.956361
0.734862 0.328567 0.0803567 0.0382789 -0.290991 -0.95596
0.734941 0.328627 0.080343 0.0370802 -0.292471 -0.955555
0.73502 0.328686 0.0803294 0.0358815 -0.293951 -0.955147
0.735099 0.328746 0.0803158 0.0346827 -0.295429 -0.954735
0.735178 0.328805 0.0803021 0.0352339 -0.295572 -0.95467
0.735257 0.328865 0.0802885 0.0365411 -0.295139 -0.954755
0.735336 0.328925 0.0802748 0.0378483 -0.294706 -0.954838
0.735416 0.328984 0.0802612 0.0391554 -0.294273 -0.954919
0.735495 0.329044 0.0802476 0.0404625 -0.293838 -0.954998
0.735574 0.329103 0.0802339 0.0417696 -0.293403 -0.955076
0.735653 0.329163 0.0802203 0.0430766 -0.292968 -0.955151
0.735732 0.329223 0.0802066 0.0443836 -0.292532 -0.955225
0.735811 0.329282 0.080193 0.0456905 -0.292095 -0.955297
0.73589 0.329342 0.0801794 0.0469973 -0.291658 -0.955367
0.735969 0.329401 0.0801657 0.048304 -0.291221 -0.955436
0.736049 0.329461 0.0801521 0.0496107 -0.290782 -0.955502
0.736128 0.329521 0.0801385 0.0498857 -0.289193 -0.95597
0.736207 0.32958 0.0801248 0.0503271 -0.287767 -0.956377
0.736286 0.32964 0.0801112 0.0507685 -0.28634 -0.956782
0.736365 0.329699 0.0800975 0.0512099 -0.284912 -0.957185
0.736444 0.329759 0.0800839 0.0516514 -0.283482 -0.957585
0.736523 0.329819 0.0800703 0.0520929 -0.282052 -0.957984
0.736603 0.329878 0.0800566 0.0525345 -0.28062 -0.95838
0.736682 0.329938 0.080043 0.0529761 -0.279187 -0.958774
0.736761 0.329997 0.0800293 0.0534177 -0.277753 -0.959166
0.73684 0.330057 0.0800157 0.0538593 -0.276317 -0.959556
0.736919 0.330117 0.0800021 0.054301 -0.274881 -0.959944
0.736998 0.330176 0.0799884 0.0547427 -0.273443 -0.960329
0.737077 0.330236 0.0799748 0.0551843 -0.272004 -0.960712
0.737156 0.330295 0.0799611 0.055626 -0.270564 -0.961094
0.737236 0.330355 0.0799475 0.0560678 -0.269123 -0.961472
0.737315 0.330415 0.0799339 0.0565095 -0.267681 -0.961849
0.737394 0.330474 0.0799202 0.0569512 -0.266238 -0.962224
0.737473 0.330534 0.0799066 0.0573929 -0.264793 -0.962596
0.737552 0.330593 0.0798929 0.0578346 -0.263348 -0.962966
0.737631 0.330653 0.0798793 0.0582763 -0.261901 -0.963334
0.73771 0.330713 0.0798657 0.058718 -0.260454 -0.963699
0.73779 0.330772 0.079852 0.0591597 -0.259005 -0.964063
0.737869 0.330832 0.0798384 0.0576256 -0.259299 -0.964076
0.737948 0.330891 0.0798247 0.0530478 -0.262445 -0.963488
0.738027 0.330951 0.0798111 0.0484621 -0.265588 -0.962868
0.738106 0.33101 0.0797975 0.0438691 -0.268725 -0.962217
0.738185 0.33107 0.0797838 0.0392691 -0.271859 -0.961536
0.738264 0.33113 0.0797702 0.0346624 -0.274987 -0.960823
0.738343 0.331189 0.0797565 0.0300496 -0.27811 -0.960079
0.738423 0.331249 0.0797429 0.0254311 -0.281228 -0.959304
0.738502 0.331308 0.0797293 0.0208072 -0.284339 -0.958498
0.738581 0.331368 0.0797156 0.0161785 -0.287445 -0.957661
0.73866 0.331428 0.079702 0.0115453 -0.290544 -0.956792
0.738739 0.331487 0.0796884 0.00929323 -0.292171 -0.956321
0.738818 0.331547 0.0796747 0.0073378 -0.293625 -0.955893
0.738897 0.331606 0.0796611 0.00538226 -0.295076 -0.955459
0.738977 0.331666 0.0796474 0.00342665 -0.296526 -0.955019
0.739056 0.331726 0.0796338 0.001471 -0.297973 -0.954573
0.739135 0.331785 0.0796202 -0.000484653 -0.29942 -0.954121
0.739214 0.331845 0.0796065 -0.00244027 -0.300864 -0.953664
0.739293 0.331904 0.0795929 -0.00439582 -0.302306 -0.953201
0.739359 0.331874 0.0795564 -0.00842892 -0.302013 -0.953267
0.739419 0.331808 0.0795112 -0.0132613 -0.301048 -0.953517
0.739479 0.331742 0.0794659 -0.0180962 -0.300076 -0.953744
0.73954 0.331676 0.0794207 -0.0229333 -0.299095 -0.953948
0.7396 0.331611 0.0793755 -0.0277721 -0.298107 -0.954128
0.73966 0.331545 0.0793303 -0.0326123 -0.297111 -0.954286
0.739721 0.331479 0.079285 -0.0374537 -0.296107 -0.95442
0.739781 0.331414 0.0792398 -0.0422957 -0.295096 -0.954531
0.739841 0.331348 0.0791946 -0.0471381 -0.294077 -0.954619
0.739902 0.331282 0.0791493 -0.0519805 -0.293051 -0.954683
0.739962 0.331217 0.0791041 -0.0568225 -0.292017 -0.954724
0.740022 0.331151 0.0790589 -0.0616639 -0.290976 -0.954741
0.740082 0.331085 0.0790137 -0.0665041 -0.289928 -0.954735
0.740143 0.33102 0.0789684 -0.0713444 -0.288627 -0.95478
0.740203 0.330954 0.0789232 -0.0745744 -0.286608 -0.955141
0.740263 0.330888 0.078878 -0.0778027 -0.284585 -0.955488
0.740324 0.330822 0.0788327 -0.0810291 -0.282559 -0.955822
0.740384 0.330757 0.0787875 -0.0842535 -0.280529 -0.956141
0.740444 0.330691 0.0787423 -0.0874757 -0.278495 -0.956446
0.740505 0.330625 0.0786971 -0.0906955 -0.276458 -0.956737
0.740565 0.33056 0.0786518 -0.0939129 -0.274418 -0.957014
0.740625 0.330494 0.0786066 -0.0971278 -0.272374 -0.957277
0.740686 0.330428 0.0785614 -0.00629763 0.227982 0.973645
0.740746 0.330363 0.0785161 -0.00529794 0.226723 0.973945
0.740806 0.330297 0.0784709 -0.00429822 0.225463 0.974242
0.740867 0.330231 0.0784257 -0.00387323 0.225071 0.974335
0.740927 0.330166 0.0783805 -0.00357253 0.224866 0.974383
0.740987 0.3301 0.0783352 -0.00327182 0.224661 0.974431
0.741048 0.330034 0.07829 0.000168518 0.221956 0.975057
0.741108 0.329968 0.0782448 0.00492531 0.218194 0.975893
0.741168 0.329903 0.0781995 0.00968689 0.214421 0.976693
0.741229 0.329837 0.0781543 0.0144527 0.210635 0.977458
0.741289 0.329771 0.0781091 0.0192223 0.206839 0.978186
0.741349 0.329706 0.0780638 0.0239951 0.203031 0.978878
0.74141 0.32964 0.0780186 0.0287705 0.199213 0.979534
0.74147 0.329574 0.0779734 0.0335481 0.195385 0.980153
0.74153 0.329509 0.0779282 0.0383272 0.191547 0.980735
0.741591 0.329443 0.0778829 0.0431073 0.1877 0.98128
0.741651 0.329377 0.0778377 0.047888 0.183844 0.981788
0.741711 0.329312 0.0777925 0.0526685 0.17998 0.982259
0.741772 0.329246 0.0777472 0.0574485 0.176108 0.982693
0.741832 0.32918 0.077702 0.0622273 0.172228 0.98309
0.741892 0.329114 0.0776568 0.0670045 0.168341 0.983449
0.741953 0.329049 0.0776116 0.0717793 0.164447 0.983771
0.742013 0.328983 0.0775663 0.0765514 0.160547 0.984055
0.742073 0.328917 0.0775211 0.0813202 0.156642 0.984302
0.742134 0.328852 0.0774759 0.0860851 0.152731 0.984511
0.742194 0.328786 0.0774306 0.0908455 0.148815 0.984683
0.742254 0.32872 0.0773854 0.095601 0.144895 0.984818
0.742314 0.328655 0.0773402 0.100351 0.140971 0.984915
0.742375 0.328589 0.077295 0.105095 0.137043 0.984974
0.742435 0.328523 0.0772497 0.109832 0.133112 0.984996
0.742495 0.328458 0.0772045 0.114563 0.129179 0.984981
0.742556 0.328392 0.0771593 0.119285 0.125244 0.984929
0.742616 0.328326 0.077114 0.125815 0.118899 0.984903
0.742676 0.32826 0.0770688 0.127298 0.115966 0.985062
0.742737 0.328195 0.0770236 0.128781 0.11303 0.985211
0.742797 0.328129 0.0769784 0.130263 0.110092 0.985348
0.742857 0.328063 0.0769331 0.131743 0.107153 0.985476
0.742918 0.327998 0.0768879 0.133222 0.104212 0.985592
0.742978 0.327932 0.0768427 0.1347 0.10127 0.985698
0.743038 0.327866 0.0767974 0.136176 0.0983264 0.985793
0.743099 0.327801 0.0767522 0.137651 0.0953815 0.985878
0.743159 0.327735 0.076707 0.139125 0.0924355 0.985951
0.743219 0.327669 0.0766618 0.140597 0.0894884 0.986014
0.74328 0.327604 0.0766165 0.142068 0.0865403 0.986067
0.74334 0.327538 0.0765713 0.143537 0.0835913 0.986108
0.7434 0.327472 0.0765261 0.145005 0.0806415 0.986139
0.743461 0.327407 0.0764808 0.14647 0.0776911 0.986159
0.743521 0.327341 0.0764356 0.147935 0.07474 0.986169
0.743581 0.327275 0.0763904 0.149397 0.0717884 0.986168
0.743642 0.327209 0.0763451 0.150858 0.0688364 0.986156
0.743702 0.327144 0.0762999 0.152316 0.0658841 0.986133
0.743762 0.327078 0.0762547 0.153773 0.0629316 0.9861
0.743823 0.327012 0.0762095 0.155228 0.059979 0.986056
0.743883 0.326947 0.0761642 0.156681 0.0570264 0.986002
0.743943 0.326881 0.076119 0.158132 0.0540738 0.985936
0.744004 0.326815 0.0760738 0.15958 0.0511214 0.98586
0.744064 0.32675 0.0760285 0.161027 0.0481693 0.985774
0.744124 0.326684 0.0759833 0.162472 0.0452175 0.985677
0.744185 0.326618 0.0759381 0.163914 0.0422662 0.985569
0.744245 0.326553 0.0758929 0.165354 0.0393154 0.98545
0.744305 0.326487 0.0758476 0.166791 0.0363653 0.985321
0.744365 0.326421 0.0758024 0.168227 0.033416 0.985182
0.744426 0.326355 0.0757572 0.173798 0.0247731 0.98447
0.744486 0.32629 0.0757119 0.174626 0.0216397 0.984397
0.744546 0.326224 0.0756667 0.175452 0.0185064 0.984314
0.744607 0.326158 0.0756215 0.176277 0.0153732 0.984221
0.744667 0.326093 0.0755763 0.1771 0.0122402 0.984117
0.744727 0.326027 0.075531 0.17792 0.00910756 0.984003
0.744788 0.325961 0.0754858 0.178739 0.00597534 0.983878
0.744848 0.325896 0.0754406 0.179555 0.00284364 0.983744
0.744908 0.32583 0.0753953 0.18037 -0.000287426 0.983599
0.744969 0.325764 0.0753501 0.185326 -0.00728166 0.98265
0.745029 0.325699 0.0753049 0.188193 -0.00988138 0.982082
0.745089 0.325633 0.0752597 0.19106 -0.012483 0.981499
0.74515 0.325567 0.0752144 0.193926 -0.0150863 0.9809
0.74521 0.325501 0.0751692 0.196791 -0.0176913 0.980286
0.74527 0.325436 0.075124 0.19879 -0.019718 0.979844
0.745331 0.32537 0.0750787 0.201348 -0.0241341 0.979222
0.745391 0.325304 0.0750335 0.203903 -0.0285523 0.978575
0.745451 0.325239 0.0749883 0.206454 -0.0329723 0.977901
0.745512 0.325173 0.0749431 0.209 -0.0373936 0.9772
0.745572 0.325107 0.0748978 0.211542 -0.041816 0.976474
0.745632 0.325042 0.0748526 0.21408 -0.046239 0.975721
0.745693 0.324976 0.0748074 0.216613 -0.0506624 0.974942
0.745753 0.32491 0.0747621 0.219141 -0.0550858 0.974137
0.745813 0.324845 0.0747169 0.221663 -0.0595088 0.973306
0.745874 0.324779 0.0746717 0.224181 -0.0639311 0.972448
0.745934 0.324713 0.0746264 0.226692 -0.0683522 0.971565
0.745994 0.324647 0.0745812 0.229198 -0.072772 0.970656
0.746055 0.324582 0.074536 0.231698 -0.0771899 0.969721
0.746115 0.324516 0.0744908 0.234191 -0.0816058 0.968759
0.746175 0.32445 0.0744455 0.236678 -0.0860191 0.967773
0.746236 0.324385 0.0744003 0.239159 -0.0904295 0.96676
0.746296 0.324319 0.0743551 0.241633 -0.0948368 0.965722
0.746356 0.324253 0.0743098 0.244099 -0.0992405 0.964659
0.746416 0.324188 0.0742646 0.246559 -0.10364 0.96357
0.746477 0.324122 0.0742194 0.249011 -0.108036 0.962456
0.746537 0.324056 0.0741742 0.251455 -0.112427 0.961317
0.746597 0.323991 0.0741289 0.253892 -0.116813 0.960153
0.746658 0.323925 0.0740837 0.256321 -0.121194 0.958964
0.746718 0.323859 0.0740385 0.258742 -0.125569 0.95775
0.746778 0.323793 0.0739932 0.261154 -0.129938 0.956512
0.746839 0.323728 0.073948 0.263558 -0.134301 0.955249
0.746899 0.323662 0.0739028 0.265953 -0.138657 0.953962
0.746959 0.323596 0.0738576 0.285714 -0.156159 0.945506
0.74702 0.323531 0.0738123 0.289018 -0.156545 0.944438
0.74708 0.323465 0.0737671 0.29232 -0.156928 0.943357
0.74714 0.323399 0.0737219 0.295621 -0.15731 0.942264
0.747201 0.323334 0.0736766 0.29892 -0.157691 0.941159
0.747261 0.323268 0.0736314 0.302218 -0.158069 0.940042
0.747321 0.323202 0.0735862 0.305514 -0.158446 0.938912
0.747382 0.323137 0.073541 0.308808 -0.158822 0.93777
0.747442 0.323071 0.0734957 0.3121 -0.159195 0.936616
0.747502 0.323005 0.0734505 0.31539 -0.159567 0.93545
0.747563 0.322939 0.0734053 0.318678 -0.159937 0.934272
0.747623 0.322874 0.07336 0.321963 -0.160305 0.933082
0.747683 0.322808 0.0733148 0.325246 -0.160671 0.93188
0.747744 0.322742 0.0732696 0.328527 -0.161035 0.930665
0.747804 0.322677 0.0732244 0.331804 -0.161398 0.929439
0.747864 0.322611 0.0731791 0.335079 -0.161759 0.928201
0.747925 0.322545 0.0731339 0.33835 -0.162118 0.92695
0.747985 0.32248 0.0730887 0.341619 -0.162475 0.925688
0.748045 0.322414 0.0730434 0.344884 -0.16283 0.924414
0.748106 0.322348 0.0729982 0.348146 -0.163183 0.923128
0.748166 0.322283 0.072953 0.352393 -0.165006 0.921191
0.748226 0.322217 0.0729077 0.355985 -0.165589 0.919704
0.748287 0.322151 0.0728625 0.359572 -0.16617 0.918202
0.748347 0.322085 0.0728173 0.363153 -0.166748 0.916687
0.748407 0.32202 0.0727721 0.366728 -0.167324 0.915158
0.748468 0.321954 0.0727268 0.370296 -0.167897 0.913614
0.748528 0.321888 0.0726816 0.373859 -0.168467 0.912057
0.748588 0.321823 0.0726364 0.377415 -0.169035 0.910486
0.748648 0.321757 0.0725911 0.380965 -0.169599 0.908902
0.748709 0.321691 0.0725459 0.384507 -0.170161 0.907303
0.748769 0.321626 0.0725007 0.388043 -0.170721 0.905691
0.748829 0.32156 0.0724555 0.391572 -0.171277 0.904066
0.74889 0.321494 0.0724102 0.395094 -0.171831 0.902427
0.74895 0.321429 0.072365 0.398608 -0.172382 0.900775
0.74901 0.321363 0.0723198 0.402115 -0.17293 0.89911
0.749071 0.321297 0.0722745 0.405614 -0.173475 0.897432
0.749131 0.321232 0.0722293 0.409105 -0.174017 0.895741
0.749191 0.321166 0.0721841 0.412588 -0.174556 0.894037
0.749252 0.3211 0.0721389 0.416063 -0.175092 0.89232
0.749312 0.321034 0.0720936 0.41953 -0.175625 0.89059
0.749372 0.320969 0.0720484 0.422988 -0.176156 0.888848
0.749433 0.320903 0.0720032 0.426438 -0.176683 0.887093
0.749493 0.320837 0.0719579 0.429879 -0.177207 0.885326
0.749553 0.320772 0.0719127 0.433311 -0.177728 0.883546
0.749614 0.320706 0.0718675 0.441817 -0.180573 0.878744
0.749674 0.32064 0.0718223 0.446148 -0.181477 0.876367
0.749734 0.320575 0.071777 0.450468 -0.182376 0.873967
0.749795 0.320509 0.0717318 0.454777 -0.183271 0.871545
0.749855 0.320443 0.0716866 0.459074 -0.184161 0.869101
0.749915 0.320378 0.0716413 0.463359 -0.185046 0.866635
0.749976 0.320312 0.0715961 0.467631 -0.185926 0.864148
0.750036 0.320246 0.0715509 0.489009 -0.199427 0.849175
0.750096 0.32018 0.0715057 0.490356 -0.201679 0.847866
0.750157 0.320115 0.0714604 0.491699 -0.203931 0.846549
0.750217 0.320049 0.0714152 0.493038 -0.206182 0.845223
0.750277 0.319983 0.07137 0.494374 -0.208433 0.84389
0.750338 0.319918 0.0713247 0.495706 -0.210683 0.842549
0.750398 0.319852 0.0712795 0.497034 -0.212932 0.8412
0.750458 0.319786 0.0712343 0.497743 -0.214496 0.840383
0.750519 0.319721 0.071189 0.498337 -0.215933 0.839663
0.750579 0.319655 0.0711438 0.498929 -0.21737 0.83894
0.750639 0.319589 0.0710986 0.499518 -0.21894 0.838181
0.750699 0.319524 0.0710534 0.500087 -0.221854 0.837074
0.75076 0.319458 0.0710081 0.500652 -0.224765 0.83596
0.75082 0.319392 0.0709629 0.501211 -0.227675 0.834836
0.75088 0.319326 0.0709177 0.501766 -0.230582 0.833705
0.750941 0.319261 0.0708724 0.502315 -0.233486 0.832565
0.751001 0.319195 0.0708272 0.502859 -0.236388 0.831417
0.751061 0.319129 0.070782 0.503398 -0.239287 0.83026
0.751122 0.319064 0.0707368 0.503932 -0.242183 0.829096
0.751182 0.318998 0.0706915 0.504461 -0.245077 0.827923
0.751242 0.318932 0.0706463 0.504985 -0.247968 0.826742
0.751303 0.318867 0.0706011 0.505503 -0.250855 0.825553
0.751363 0.318801 0.0705558 0.506017 -0.25374 0.824356
0.751423 0.318735 0.0705106 0.506525 -0.256621 0.823151
0.751484 0.31867 0.0704654 0.507028 -0.259499 0.821938
0.751544 0.318604 0.0704202 0.507526 -0.262374 0.820718
0.751604 0.318538 0.0703749 0.508018 -0.265246 0.819489
0.751665 0.318472 0.0703297 0.508506 -0.268114 0.818252
0.751725 0.318407 0.0702845 0.508988 -0.270978 0.817008
0.751785 0.318341 0.0702392 0.509465 -0.273839 0.815756
0.751846 0.318275 0.070194 0.509937 -0.276695 0.814496
0.751906 0.31821 0.0701488 0.510403 -0.279549 0.813229
0.751966 0.318144 0.0701036 0.510864 -0.282398 0.811954
0.752027 0.318078 0.0700583 0.51132 -0.285243 0.810671
0.752087 0.318013 0.0700131 0.511771 -0.288084 0.809382
0.752147 0.317947 0.0699679 0.512216 -0.290921 0.808084
0.752208 0.317881 0.0699226 0.512656 -0.293753 0.806779
0.752268 0.317816 0.0698774 0.513091 -0.296582 0.805467
0.752328 0.31775 0.0698322 0.513463 -0.299254 0.80424
0.752389 0.317684 0.0697869 0.513059 -0.299385 0.80445
0.752449 0.317618 0.0697417 0.512654 -0.299516 0.804659
0.752509 0.317553 0.0696965 0.512249 -0.299647 0.804868
0.75257 0.317487 0.0696513 0.511844 -0.299777 0.805077
0.75263 0.317421 0.069606 0.511439 -0.299908 0.805286
0.75269 0.317356 0.0695608 0.511034 -0.300038 0.805495
0.752751 0.31729 0.0695156 0.510628 -0.300169 0.805703
0.752811 0.317224 0.0694703 0.510223 -0.300299 0.805911
0.752871 0.317159 0.0694251 0.509817 -0.300429 0.806119
0.752931 0.317093 0.0693799 0.509412 -0.30056 0.806327
0.752992 0.317027 0.0693347 0.509006 -0.30069 0.806535
0.753052 0.316962 0.0692894 0.5086 -0.30082 0.806743
0.753112 0.316896 0.0692442 0.508194 -0.30095 0.80695
0.753173 0.31683 0.069199 0.507788 -0.30108 0.807157
0.753233 0.316764 0.0691537 0.507381 -0.30121 0.807364
0.753293 0.316699 0.0691085 0.506975 -0.30134 0.807571
0.753354 0.316633 0.0690633 0.506569 -0.30147 0.807777
0.753414 0.316567 0.0690181 0.506162 -0.301599 0.807984
0.753474 0.316502 0.0689728 0.505755 -0.301729 0.80819
0.753535 0.316436 0.0689276 0.505348 -0.301859 0.808396
0.753595 0.31637 0.0688824 0.504942 -0.301988 0.808602
0.753655 0.316305 0.0688371 0.504535 -0.302117 0.808808
0.753716 0.316239 0.0687919 0.504127 -0.302247 0.809013
0.753776 0.316173 0.0687467 0.50372 -0.302376 0.809219
0.753836 0.316108 0.0687015 0.503313 -0.302505 0.809424
0.753897 0.316042 0.0686562 0.502905 -0.302634 0.809629
0.753957 0.315976 0.068611 0.502498 -0.302764 0.809833
0.754017 0.315911 0.0685658 0.50209 -0.302893 0.810038
0.754078 0.315845 0.0685205 0.501682 -0.303022 0.810243
0.754138 0.315779 0.0684753 0.501274 -0.30315 0.810447
0.754198 0.315713 0.0684301 0.500866 -0.303279 0.810651
0.754259 0.315648 0.0683849 0.500458 -0.303408 0.810855
0.754319 0.315582 0.0683396 0.50005 -0.303537 0.811058
0.754379 0.315516 0.0682944 0.499642 -0.303665 0.811262
0.75444 0.315451 0.0682492 0.499233 -0.303794 0.811465
0.7545 0.315385 0.0682039 0.498825 -0.303922 0.811668
0.75456 0.315319 0.0681587 0.498416 -0.304051 0.811871
0.754621 0.315254 0.0681135 0.498007 -0.304179 0.812074
0.754681 0.315188 0.0680682 0.497598 -0.304307 0.812276
0.754741 0.315122 0.068023 0.497189 -0.304435 0.812479
0.754802 0.315057 0.0679778 0.49678 -0.304563 0.812681
0.754862 0.314991 0.0679326 0.496371 -0.304692 0.812883
0.754922 0.314925 0.0678873 0.495844 -0.304165 0.813402
0.754982 0.314859 0.0678421 0.495216 -0.30323 0.814133
0.755043 0.314794 0.0677969 0.494587 -0.302293 0.814863
0.755103 0.314728 0.0677516 0.494067 -0.301576 0.815444
0.755163 0.314662 0.0677064 0.493563 -0.301385 0.81582
0.755224 0.314597 0.0676612 0.492869 -0.301036 0.816368
0.755284 0.314531 0.067616 0.492175 -0.300686 0.816916
0.755344 0.314465 0.0675707 0.49148 -0.300336 0.817463
0.755405 0.3144 0.0675255 0.490785 -0.299986 0.818009
0.755465 0.314334 0.0674803 0.489667 -0.30009 0.81864
0.755525 0.314268 0.067435 0.489089 -0.299451 0.819219
0.755586 0.314203 0.0673898 0.488511 -0.298812 0.819798
0.755646 0.314137 0.0673446 0.487932 -0.298172 0.820375
0.755706 0.314071 0.0672994 0.487353 -0.297532 0.820952
0.755767 0.314005 0.0672541 0.486773 -0.296891 0.821527
0.755827 0.31394 0.0672089 0.486193 -0.296251 0.822102
0.755887 0.313874 0.0671637 0.485612 -0.295609 0.822676
0.755948 0.313808 0.0671184 0.485031 -0.294968 0.823249
0.756008 0.313743 0.0670732 0.484449 -0.294326 0.823821
0.756068 0.313677 0.067028 0.483866 -0.293684 0.824393
0.756129 0.313611 0.0669828 0.483283 -0.293041 0.824963
0.756189 0.313546 0.0669375 0.4827 -0.292398 0.825533
0.756249 0.31348 0.0668923 0.482116 -0.291755 0.826101
0.75631 0.313414 0.0668471 0.481531 -0.291112 0.826669
0.75637 0.313349 0.0668018 0.480946 -0.290468 0.827236
0.75643 0.313283 0.0667566 0.480361 -0.289824 0.827802
0.756491 0.313217 0.0667114 0.479774 -0.289179 0.828367
0.756551 0.313151 0.0666662 0.479188 -0.288535 0.828931
0.756611 0.313086 0.0666209 0.4786 -0.28789 0.829495
0.756672 0.31302 0.0665757 0.478013 -0.287244 0.830057
0.756732 0.312954 0.0665305 0.477424 -0.286598 0.830619
0.756792 0.312889 0.0664852 0.476836 -0.285952 0.831179
0.756853 0.312823 0.06644 0.476246 -0.285306 0.831739
0.756913 0.312757 0.0663948 0.475657 -0.28466 0.832298
0.756973 0.312692 0.0663495 0.475066 -0.284013 0.832856
0.757034 0.312626 0.0663043 0.474476 -0.283365 0.833413
0.757094 0.31256 0.0662591 0.473884 -0.282718 0.833969
0.757154 0.312495 0.0662139 0.473293 -0.28207 0.834524
0.757214 0.312429 0.0661686 0.4727 -0.281422 0.835078
0.757275 0.312363 0.0661234 0.472108 -0.280774 0.835632
0.757335 0.312297 0.0660782 0.471514 -0.280125 0.836184
0.757395 0.312232 0.0660329 0.47092 -0.279476 0.836736
0.757456 0.312166 0.0659877 0.470326 -0.278827 0.837287
0.757516 0.3121 0.0659425 0.469731 -0.278177 0.837836
0.757576 0.312035 0.0658973 0.469136 -0.277527 0.838385
0.757637 0.311969 0.065852 0.46854 -0.276877 0.838933
0.757697 0.311903 0.0658068 0.467944 -0.276227 0.83948
0.757757 0.311838 0.0657616 0.467348 -0.275576 0.840026
0.757818 0.311772 0.0657163 0.46675 -0.274926 0.840571
0.757878 0.311706 0.0656711 0.466153 -0.274274 0.841115
0.757938 0.311641 0.0656259 0.465555 -0.273623 0.841659
0.757999 0.311575 0.0655807 0.464956 -0.272971 0.842201
0.758059 0.311509 0.0655354 0.464357 -0.272319 0.842742
0.758119 0.311443 0.0654902 0.463757 -0.271667 0.843283
0.75818 0.311378 0.065445 0.463474 -0.271359 0.843538
0.75824 0.311312 0.0653997 0.463693 -0.271546 0.843357
0.7583 0.311246 0.0653545 0.464767 -0.272468 0.842468
0.758361 0.311181 0.0653093 0.46584 -0.273389 0.841577
0.758421 0.311115 0.0652641 0.466912 -0.274309 0.840683
0.758481 0.311049 0.0652188 0.467983 -0.275229 0.839786
0.758542 0.310984 0.0651736 0.469052 -0.276148 0.838887
0.758602 0.310918 0.0651284 0.470121 -0.277067 0.837986
0.758662 0.310852 0.0650831 0.471188 -0.277985 0.837082
0.758723 0.310787 0.0650379 0.472254 -0.278902 0.836176
0.758783 0.310721 0.0649927 0.473318 -0.279818 0.835267
0.758843 0.310655 0.0649475 0.474382 -0.280734 0.834356
0.758904 0.310589 0.0649022 0.475444 -0.281649 0.833443
0.758964 0.310524 0.064857 0.476505 -0.282563 0.832527
0.759024 0.310458 0.0648118 0.479374 -0.283123 0.830688
0.759085 0.310392 0.0647665 0.480809 -0.283363 0.829776
0.759145 0.310327 0.0647213 0.482244 -0.283601 0.828862
0.759205 0.310261 0.0646761 0.483676 -0.283839 0.827945
0.759265 0.310195 0.0646308 0.485108 -0.284076 0.827025
0.759326 0.31013 0.0645856 0.486538 -0.284312 0.826104
0.759386 0.310064 0.0645404 0.487967 -0.284547 0.825179
0.759446 0.309998 0.0644952 0.489394 -0.284782 0.824253
0.759507 0.309933 0.0644499 0.49082 -0.285016 0.823324
0.759567 0.309867 0.0644047 0.492245 -0.285248 0.822392
0.759627 0.309801 0.0643595 0.493668 -0.28548 0.821458
0.759688 0.309736 0.0643142 0.495089 -0.285712 0.820522
0.759748 0.30967 0.064269 0.496509 -0.285942 0.819583
0.759808 0.309604 0.0642238 0.497928 -0.286171 0.818642
0.759869 0.309538 0.0641786 0.499345 -0.2864 0.817698
0.759929 0.309473 0.0641333 0.50076 -0.286628 0.816752
0.759989 0.309407 0.0640881 0.502174 -0.286854 0.815804
0.76005 0.309341 0.0640429 0.503587 -0.28708 0.814853
0.76011 0.309276 0.0639976 0.504998 -0.287306 0.8139
0.76017 0.30921 0.0639524 0.506407 -0.28753 0.812944
0.760231 0.309144 0.0639072 0.507815 -0.287753 0.811987
0.760291 0.309079 0.063862 0.509221 -0.287976 0.811026
0.760351 0.309013 0.0638167 0.510626 -0.288198 0.810064
0.760412 0.308947 0.0637715 0.512029 -0.288419 0.809099
0.760472 0.308882 0.0637263 0.51343 -0.288639 0.808132
0.760532 0.308816 0.063681 0.51483 -0.288858 0.807163
0.760593 0.30875 0.0636358 0.516228 -0.289076 0.806191
0.760653 0.308684 0.0635906 0.517624 -0.289293 0.805217
0.760713 0.308619 0.0635454 0.519019 -0.28951 0.804241
0.760774 0.308553 0.0635001 0.520412 -0.289725 0.803263
0.760834 0.308487 0.0634549 0.521452 -0.293279 0.801296
0.760894 0.308422 0.0634097 0.521421 -0.295206 0.800609
0.760955 0.308356 0.0633644 0.521387 -0.297132 0.799917
0.761015 0.30829 0.0633192 0.521352 -0.299057 0.799223
0.761075 0.308225 0.063274 0.521314 -0.300981 0.798525
0.761136 0.308159 0.0632288 0.521275 -0.302904 0.797823
0.761196 0.308093 0.0631835 0.521233 -0.304826 0.797118
0.761256 0.308028 0.0631383 0.521189 -0.306747 0.79641
0.761317 0.307962 0.0630931 0.521142 -0.308666 0.795698
0.761377 0.307896 0.0630478 0.521094 -0.310585 0.794983
0.761437 0.30783 0.0630026 0.521043 -0.312503 0.794264
0.761497 0.307765 0.0629574 0.52099 -0.31442 0.793542
0.761558 0.307699 0.0629121 0.520935 -0.316335 0.792817
0.761618 0.307633 0.0628669 0.520878 -0.318249 0.792088
0.761678 0.307568 0.0628217 0.520818 -0.320162 0.791356
0.761739 0.307502 0.0627765 0.520723 -0.321724 0.790785
0.761799 0.307436 0.0627312 0.520793 -0.322775 0.79031
0.761859 0.307371 0.062686 0.522211 -0.323927 0.788903
0.76192 0.307305 0.0626408 0.523626 -0.325077 0.78749
0.76198 0.307239 0.0625955 0.525038 -0.326226 0.786074
0.76204 0.307174 0.0625503 0.526448 -0.327372 0.784653
0.762101 0.307108 0.0625051 0.527855 -0.328518 0.783227
0.762161 0.307042 0.0624599 0.529259 -0.329662 0.781798
0.762221 0.306976 0.0624146 0.530661 -0.330804 0.780364
0.762282 0.306911 0.0623694 0.53206 -0.331944 0.778925
0.762342 0.306845 0.0623242 0.533457 -0.333083 0.777483
0.762402 0.306779 0.0622789 0.534851 -0.33422 0.776036
0.762463 0.306714 0.0622337 0.536241 -0.335355 0.774585
0.762523 0.306648 0.0621885 0.53763 -0.336489 0.77313
0.762583 0.306582 0.0621433 0.539015 -0.337621 0.77167
0.762644 0.306517 0.062098 0.540398 -0.338751 0.770207
0.762704 0.306451 0.0620528 0.541777 -0.33988 0.768739
0.762764 0.306385 0.0620076 0.543154 -0.341006 0.767267
0.762825 0.30632 0.0619623 0.544528 -0.342131 0.765791
0.762885 0.306254 0.0619171 0.545899 -0.343254 0.764311
0.762945 0.306188 0.0618719 0.547267 -0.344375 0.762827
0.763006 0.306122 0.0618267 0.548632 -0.345494 0.761339
0.763066 0.306057 0.0617814 0.549994 -0.346612 0.759846
0.763126 0.305991 0.0617362 0.551353 -0.347727 0.75835
0.763187 0.305925 0.061691 0.55271 -0.348841 0.75685
0.763247 0.30586 0.0616457 0.554865 -0.35079 0.754368
0.763307 0.305794 0.0616005 0.556721 -0.352065 0.752404
0.763368 0.305728 0.0615553 0.558573 -0.353338 0.750433
0.763428 0.305663 0.06151 0.56042 -0.354607 0.748454
0.763488 0.305597 0.0614648 0.562263 -0.355874 0.746468
0.763548 0.305531 0.0614196 0.564101 -0.357139 0.744474
0.763609 0.305466 0.0613744 0.565935 -0.3584 0.742473
0.763669 0.3054 0.0613291 0.567765 -0.359659 0.740465
0.763729 0.305334 0.0612839 0.56959 -0.360914 0.73845
0.76379 0.305268 0.0612387 0.57141 -0.362167 0.736428
0.76385 0.305203 0.0611934 0.573225 -0.363417 0.734399
0.76391 0.305137 0.0611482 0.575036 -0.364663 0.732362
0.763971 0.305071 0.061103 0.576842 -0.365907 0.730319
0.764031 0.305006 0.0610578 0.578643 -0.367148 0.728269
0.764091 0.30494 0.0610125 0.580439 -0.368385 0.726212
0.764152 0.304874 0.0609673 0.58223 -0.369619 0.724148
0.764212 0.304809 0.0609221 0.584016 -0.370851 0.722077
0.764272 0.304743 0.0608768 0.585796 -0.372079 0.72
0.764333 0.304677 0.0608316 0.587572 -0.373303 0.717916
0.764393 0.304612 0.0607864 0.589343 -0.374525 0.715826
0.764453 0.304546 0.0607412 0.591108 -0.375743 0.713729
0.764514 0.30448 0.0606959 0.592868 -0.376957 0.711625
0.764574 0.304414 0.0606507 0.594623 -0.378169 0.709515
0.764634 0.304349 0.0606055 0.596373 -0.379377 0.707399
0.764695 0.304283 0.0605602 0.598117 -0.380581 0.705276
0.764755 0.304217 0.060515 0.599855 -0.381782 0.703147
0.764815 0.304152 0.0604698 0.601588 -0.38298 0.701012
0.764876 0.304086 0.0604246 0.603316 -0.384174 0.698871
0.764936 0.30402 0.0603793 0.605037 -0.385364 0.696724
0.764996 0.303955 0.0603341 0.606754 -0.386551 0.694571
0.765057 0.303889 0.0602889 0.608464 -0.387734 0.692412
0.765117 0.303823 0.0602436 0.610169 -0.388913 0.690246
0.765177 0.303758 0.0601984 0.611868 -0.390089 0.688076
0.765238 0.303692 0.0601532 0.613561 -0.391261 0.685899
0.765298 0.303626 0.060108 0.615249 -0.39243 0.683717
0.765358 0.303561 0.0600627 0.61693 -0.393594 0.681528
0.765419 0.303495 0.0600175 0.6219 -0.395259 0.676026
0.765479 0.303429 0.0599723 0.624561 -0.395228 0.673586
0.765539 0.303363 0.059927 0.627214 -0.395192 0.671138
0.7656 0.303298 0.0598818 -0.720168 0.423395 -0.549632
0.76566 0.303232 0.0598366 -0.721558 0.424636 -0.546844
0.76572 0.303166 0.0597913 -0.72294 0.425873 -0.54405
0.76578 0.303101 0.0597461 -0.724313 0.427104 -0.541251
0.765841 0.303035 0.0597009 -0.725678 0.42833 -0.538446
0.765901 0.302969 0.0596557 -0.727035 0.429552 -0.535636
0.765961 0.302904 0.0596104 -0.728383 0.430768 -0.53282
0.766022 0.302838 0.0595652 -0.730041 0.431672 -0.529811
0.766082 0.302772 0.05952 -0.731723 0.432436 -0.52686
0.766142 0.302707 0.0594747 -0.733395 0.433194 -0.523903
0.766203 0.302641 0.0594295 -0.735059 0.433947 -0.52094
0.766263 0.302575 0.0593843 -0.736713 0.434694 -0.517972
0.766323 0.302509 0.0593391 -0.738357 0.435436 -0.514999
0.766384 0.302444 0.0592938 -0.739992 0.436172 -0.512021
0.766444 0.302378 0.0592486 -0.741617 0.436903 -0.509038
0.766504 0.302312 0.0592034 -0.743233 0.437628 -0.50605
0.766565 0.302247 0.0591581 -0.744403 0.438655 -0.503433
0.766625 0.302181 0.0591129 -0.744771 0.439381 -0.502255
0.766685 0.302115 0.0590677 -0.745138 0.440106 -0.501075
0.766728 0.302131 0.0590555 -0.745076 0.440436 -0.500878
0.766754 0.302226 0.0590753 -0.7446 0.440384 -0.501631
0.76678 0.30232 0.059095 -0.744123 0.440331 -0.502384
0.766805 0.302415 0.0591148 -0.743646 0.440279 -0.503136
0.766831 0.302509 0.0591346 -0.743168 0.440225 -0.503888
0.766857 0.302604 0.0591543 -0.742689 0.440172 -0.50464
0.766883 0.302699 0.0591741 -0.741644 0.439967 -0.506353
0.766908 0.302793 0.0591939 -0.740533 0.439938 -0.508002
0.766934 0.302888 0.0592136 -0.739418 0.439906 -0.50965
0.76696 0.302982 0.0592334 -0.738541 0.439554 -0.511223
0.766986 0.303077 0.0592532 -0.737903 0.438919 -0.512689
0.767011 0.303172 0.0592729 -0.737262 0.438283 -0.514153
0.767037 0.303266 0.0592927 -0.736619 0.437645 -0.515616
0.767063 0.303361 0.0593125 -0.735973 0.437006 -0.517078
0.767089 0.303455 0.0593322 -0.735325 0.436365 -0.518539
0.767114 0.30355 0.059352 -0.734784 0.435661 -0.519895
0.76714 0.303644 0.0593718 -0.734144 0.434872 -0.521459
0.767166 0.303739 0.0593915 -0.7335 0.43408 -0.523022
0.767191 0.303834 0.0594113 -0.732854 0.433288 -0.524582
0.767217 0.303928 0.0594311 -0.732206 0.432493 -0.526141
0.767243 0.304023 0.0594508 -0.731554 0.431697 -0.527699
0.767269 0.304117 0.0594706 -0.7309 0.430899 -0.529255
0.767294 0.304212 0.0594904 -0.730244 0.4301 -0.530809
0.76732 0.304307 0.0595101 -0.729585 0.429299 -0.532362
0.767346 0.304401 0.0595299 -0.728923 0.428496 -0.533913
0.767372 0.304496 0.0595497 -0.728258 0.427692 -0.535462
0.767397 0.30459 0.0595694 -0.727591 0.426886 -0.53701
0.767423 0.304685 0.0595892 -0.726922 0.426079 -0.538555
0.767449 0.304779 0.059609 -0.726249 0.42527 -0.5401
0.767475 0.304874 0.0596287 -0.725574 0.424459 -0.541642
0.7675 0.304969 0.0596485 -0.724897 0.423647 -0.543183
0.767526 0.305063 0.0596683 -0.724217 0.422834 -0.544721
0.767552 0.305158 0.0596881 -0.723534 0.422019 -0.546259
0.767578 0.305252 0.0597078 -0.722849 0.421202 -0.547794
0.767603 0.305347 0.0597276 -0.722161 0.420384 -0.549327
0.767629 0.305442 0.0597474 -0.721471 0.419564 -0.550859
0.767655 0.305536 0.0597671 -0.720778 0.418743 -0.552389
0.767681 0.305631 0.0597869 -0.720083 0.417921 -0.553916
0.767706 0.305725 0.0598067 -0.719385 0.417096 -0.555442
0.767732 0.30582 0.0598264 -0.718684 0.416271 -0.556966
0.767758 0.305915 0.0598462 -0.717981 0.415444 -0.558488
0.767784 0.306009 0.059866 -0.717276 0.414615 -0.560009
0.767809 0.306104 0.0598857 -0.716568 0.413785 -0.561527
0.767835 0.306198 0.0599055 -0.715857 0.412954 -0.563043
0.767861 0.306293 0.0599253 -0.715144 0.412121 -0.564557
0.767887 0.306387 0.059945 -0.714429 0.411287 -0.56607
0.767912 0.306482 0.0599648 -0.713711 0.410451 -0.56758
0.767938 0.306577 0.0599846 -0.71299 0.409614 -0.569088
0.767964 0.306671 0.0600043 -0.712344 0.409323 -0.570106
0.76799 0.306766 0.0600241 -0.711659 0.409281 -0.570991
0.768015 0.30686 0.0600439 -0.710972 0.409239 -0.571876
0.768041 0.306955 0.0600636 -0.710285 0.409196 -0.572759
0.768067 0.30705 0.0600834 -0.709598 0.409153 -0.573642
0.768093 0.307144 0.0601032 -0.708909 0.40911 -0.574523
0.768118 0.307239 0.0601229 -0.70822 0.409066 -0.575404
0.768144 0.307333 0.0601427 -0.707529 0.409021 -0.576285
0.76817 0.307428 0.0601625 -0.706838 0.408976 -0.577164
0.768196 0.307522 0.0601822 -0.706146 0.40893 -0.578042
0.768221 0.307617 0.060202 -0.705454 0.408884 -0.57892
0.768247 0.307712 0.0602218 -0.70476 0.408838 -0.579797
0.768273 0.307806 0.0602415 -0.704066 0.408791 -0.580673
0.768299 0.307901 0.0602613 -0.703371 0.408743 -0.581548
0.768324 0.307995 0.0602811 -0.702675 0.408695 -0.582422
0.76835 0.30809 0.0603008 -0.701979 0.408646 -0.583296
0.768376 0.308185 0.0603206 -0.701281 0.408597 -0.584168
0.768402 0.308279 0.0603404 -0.700583 0.408548 -0.58504
0.768427 0.308374 0.0603601 -0.699884 0.408497 -0.585911
0.768453 0.308468 0.0603799 0.637022 -0.325846 0.69859
0.768479 0.308563 0.0603997 0.634682 -0.323207 0.701937
0.768504 0.308657 0.0604194 0.632331 -0.320564 0.705263
0.76853 0.308752 0.0604392 0.629968 -0.317916 0.708569
0.768556 0.308847 0.060459 0.627592 -0.315265 0.711854
0.768582 0.308941 0.0604787 0.625205 -0.312609 0.715118
0.768607 0.309036 0.0604985 0.622807 -0.30995 0.718361
0.768633 0.30913 0.0605183 0.620398 -0.307287 0.721583
0.768659 0.309225 0.060538 0.620486 -0.306873 0.721683
0.768685 0.30932 0.0605578 0.620706 -0.306577 0.72162
0.76871 0.309414 0.0605776 0.620926 -0.306281 0.721556
0.768736 0.309509 0.0605973 0.621146 -0.305985 0.721492
0.768762 0.309603 0.0606171 0.621366 -0.305689 0.721428
0.768788 0.309698 0.0606369 0.621028 -0.304984 0.722017
0.768813 0.309793 0.0606567 0.620535 -0.304167 0.722786
0.768839 0.309887 0.0606764 0.620041 -0.303349 0.723553
0.768865 0.309982 0.0606962 0.619546 -0.30253 0.72432
0.768891 0.310076 0.060716 0.619049 -0.301711 0.725085
0.768916 0.310171 0.0607357 0.618875 -0.30104 0.725513
0.768942 0.310265 0.0607555 0.61871 -0.300595 0.725838
0.768968 0.31036 0.0607753 0.618545 -0.30015 0.726163
0.768994 0.310455 0.060795 0.61838 -0.299704 0.726487
0.769019 0.310549 0.0608148 0.618214 -0.299259 0.726812
0.769045 0.310644 0.0608346 0.618048 -0.298814 0.727136
0.769071 0.310738 0.0608543 0.617882 -0.298368 0.72746
0.769097 0.310833 0.0608741 0.617716 -0.297922 0.727784
0.769122 0.310928 0.0608939 0.617549 -0.297476 0.728108
0.769148 0.311022 0.0609136 0.617383 -0.29703 0.728431
0.769174 0.311117 0.0609334 0.617216 -0.296584 0.728754
0.7692 0.311211 0.0609532 0.617049 -0.296137 0.729077
0.769225 0.311306 0.0609729 0.616881 -0.295691 0.7294
0.769251 0.3114 0.0609927 0.616714 -0.295244 0.729723
0.769277 0.311495 0.0610125 0.616546 -0.294797 0.730045
0.769303 0.31159 0.0610322 0.616378 -0.294351 0.730367
0.769328 0.311684 0.061052 0.61621 -0.293903 0.730689
0.769354 0.311779 0.0610718 -0.670165 0.40671 -0.620859
0.76938 0.311873 0.0610915 -0.669556 0.406557 -0.621616
0.769406 0.311968 0.0611113 -0.668946 0.406404 -0.622372
0.769431 0.312063 0.0611311 -0.668335 0.40625 -0.623128
0.769457 0.312157 0.0611508 -0.667724 0.406096 -0.623884
0.769483 0.312252 0.0611706 -0.667112 0.405941 -0.624639
0.769509 0.312346 0.0611904 -0.666735 0.405664 -0.625221
0.769534 0.312441 0.0612101 -0.666503 0.405104 -0.625832
0.76956 0.312535 0.0612299 -0.666269 0.404543 -0.626442
0.769586 0.31263 0.0612497 -0.666036 0.403982 -0.627052
0.769612 0.312725 0.0612694 -0.665801 0.403421 -0.627662
0.769637 0.312819 0.0612892 -0.665566 0.40286 -0.628272
0.769663 0.312914 0.061309 -0.665331 0.402298 -0.628881
0.769689 0.313008 0.0613287 -0.665095 0.401735 -0.62949
0.769715 0.313103 0.0613485 -0.664859 0.401172 -0.630098
0.76974 0.313198 0.0613683 -0.664622 0.400609 -0.630706
0.769766 0.313292 0.061388 -0.664384 0.400045 -0.631314
0.769792 0.313387 0.0614078 -0.664146 0.399481 -0.631922
0.769817 0.313481 0.0614276 -0.663907 0.398917 -0.632529
0.769843 0.313576 0.0614473 -0.663668 0.398352 -0.633135
0.769869 0.313671 0.0614671 -0.663428 0.397787 -0.633742
0.769895 0.313765 0.0614869 -0.663188 0.397221 -0.634348
0.76992 0.31386 0.0615066 -0.662947 0.396655 -0.634953
0.769946 0.313954 0.0615264 -0.662812 0.395762 -0.635651
0.769972 0.314049 0.0615462 -0.66288 0.394345 -0.636461
0.769998 0.314143 0.0615659 -0.662946 0.392926 -0.637269
0.770023 0.314238 0.0615857 -0.663011 0.391507 -0.638074
0.770049 0.314333 0.0616055 -0.663074 0.390087 -0.638878
0.770075 0.314427 0.0616253 -0.663135 0.388667 -0.63968
0.770101 0.314522 0.061645 -0.663194 0.387246 -0.64048
0.770126 0.314616 0.0616648 -0.663251 0.385824 -0.641278
0.770152 0.314711 0.0616846 -0.663307 0.384401 -0.642075
0.770178 0.314806 0.0617043 -0.663361 0.382978 -0.642869
0.770204 0.3149 0.0617241 -0.663413 0.381554 -0.643661
0.770229 0.314995 0.0617439 -0.663463 0.38013 -0.644452
0.770255 0.315089 0.0617636 -0.663511 0.378705 -0.64524
0.770281 0.315184 0.0617834 -0.663558 0.377279 -0.646027
0.770307 0.315278 0.0618032 -0.663603 0.375853 -0.646812
0.770332 0.315373 0.0618229 -0.663646 0.374426 -0.647595
0.770358 0.315468 0.0618427 -0.663688 0.372999 -0.648375
0.770384 0.315562 0.0618625 -0.663727 0.371571 -0.649154
0.77041 0.315657 0.0618822 -0.663765 0.370143 -0.649931
0.770435 0.315751 0.061902 -0.663801 0.368714 -0.650706
0.770461 0.315846 0.0619218 -0.663836 0.367284 -0.651479
0.770487 0.315941 0.0619415 -0.663868 0.365854 -0.65225
0.770513 0.316035 0.0619613 -0.663899 0.364424 -0.653019
0.770538 0.31613 0.0619811 -0.663928 0.362993 -0.653786
0.770564 0.316224 0.0620008 -0.663955 0.361561 -0.654551
0.77059 0.316319 0.0620206 -0.663981 0.36013 -0.655314
0.770616 0.316414 0.0620404 -0.664005 0.358697 -0.656075
0.770641 0.316508 0.0620601 -0.664027 0.357265 -0.656834
0.770667 0.316603 0.0620799 -0.662791 0.353334 -0.660199
0.770693 0.316697 0.0620997 -0.662658 0.350791 -0.661687
0.770719 0.316792 0.0621194 -0.662519 0.348244 -0.66317
0.770744 0.316886 0.0621392 -0.662374 0.345693 -0.664648
0.77077 0.316981 0.062159 -0.662223 0.343137 -0.666121
0.770796 0.317076 0.0621787 -0.662067 0.340577 -0.667589
0.770822 0.31717 0.0621985 -0.661904 0.338013 -0.669051
0.770847 0.317265 0.0622183 -0.661736 0.335446 -0.670508
0.770873 0.317359 0.062238 0.517735 -0.322086 0.792597
0.770899 0.317454 0.0622578 0.51746 -0.321528 0.793004
0.770925 0.317549 0.0622776 0.517185 -0.320969 0.79341
0.77095 0.317643 0.0622973 0.516909 -0.32041 0.793815
0.770976 0.317738 0.0623171 0.516634 -0.319851 0.79422
0.771002 0.317832 0.0623369 0.516357 -0.319291 0.794624
0.771028 0.317927 0.0623566 0.516081 -0.318732 0.795029
0.771053 0.318021 0.0623764 0.515804 -0.318172 0.795432
0.771079 0.318116 0.0623962 0.515527 -0.317612 0.795836
0.771105 0.318211 0.0624159 0.51525 -0.317052 0.796238
0.77113 0.318305 0.0624357 0.514973 -0.316491 0.796641
0.771156 0.3184 0.0624555 0.514695 -0.315931 0.797043
0.771182 0.318494 0.0624752 0.514417 -0.31537 0.797444
0.771208 0.318589 0.062495 0.514138 -0.314809 0.797845
0.771233 0.318684 0.0625148 0.513859 -0.314248 0.798246
0.771259 0.318778 0.0625345 0.51358 -0.313687 0.798646
0.771285 0.318873 0.0625543 0.513301 -0.313125 0.799046
0.771311 0.318967 0.0625741 0.513021 -0.312564 0.799445
0.771336 0.319062 0.0625939 0.512742 -0.312002 0.799844
0.771362 0.319156 0.0626136 0.512461 -0.31144 0.800243
0.771388 0.319251 0.0626334 0.512181 -0.310878 0.800641
0.771414 0.319346 0.0626532 0.5119 -0.310315 0.801038
0.771439 0.31944 0.0626729 0.511619 -0.309753 0.801436
0.771465 0.319535 0.0626927 0.511338 -0.30919 0.801832
0.771491 0.319629 0.0627125 0.511056 -0.308627 0.802229
0.771517 0.319724 0.0627322 0.510774 -0.308064 0.802624
0.771542 0.319819 0.062752 0.510492 -0.307501 0.80302
0.771568 0.319913 0.0627718 0.51021 -0.306937 0.803415
0.771594 0.320008 0.0627915 0.509927 -0.306374 0.803809
0.77162 0.320102 0.0628113 0.509644 -0.30581 0.804203
0.771645 0.320197 0.0628311 0.509361 -0.305246 0.804597
0.771671 0.320292 0.0628508 0.508614 -0.304999 0.805163
0.771697 0.320386 0.0628706 0.507543 -0.304974 0.805848
0.771723 0.320481 0.0628904 0.50647 -0.304949 0.806532
0.771748 0.320575 0.0629101 0.506488 -0.305526 0.806302
0.771774 0.32067 0.0629299 0.506558 -0.306133 0.806029
0.7718 0.320764 0.0629497 0.506627 -0.306739 0.805755
0.771826 0.320859 0.0629694 0.506695 -0.307346 0.80548
0.771851 0.320954 0.0629892 0.506764 -0.307952 0.805205
0.771877 0.321048 0.063009 0.506832 -0.308559 0.80493
0.771903 0.321143 0.0630287 0.506901 -0.309166 0.804654
0.771929 0.321237 0.0630485 0.506969 -0.309772 0.804378
0.771954 0.321332 0.0630683 0.507036 -0.310379 0.804101
0.77198 0.321427 0.063088 0.498845 -0.306346 0.810744
0.772006 0.321521 0.0631078 0.496061 -0.304114 0.813288
0.772032 0.321616 0.0631276 0.493266 -0.301876 0.815818
0.772057 0.32171 0.0631473 0.49046 -0.299631 0.818334
0.772083 0.321805 0.0631671 0.487644 -0.297379 0.820834
0.772109 0.321899 0.0631869 0.484818 -0.295121 0.823319
0.772135 0.321994 0.0632066 0.481982 -0.292857 0.825789
0.77216 0.322089 0.0632264 0.479136 -0.290587 0.828244
0.772186 0.322183 0.0632462 0.47628 -0.288311 0.830683
0.772212 0.322278 0.0632659 0.473415 -0.286028 0.833106
0.772238 0.322372 0.0632857 0.47054 -0.283741 0.835514
0.772263 0.322467 0.0633055 0.467656 -0.281447 0.837905
0.772289 0.322562 0.0633252 0.464763 -0.279148 0.840281
0.772315 0.322656 0.063345 0.461861 -0.276844 0.84264
0.772341 0.322751 0.0633648 0.458951 -0.274535 0.844982
0.772366 0.322845 0.0633845 0.456031 -0.27222 0.847308
0.772392 0.32294 0.0634043 0.453104 -0.269901 0.849618
0.772418 0.323035 0.0634241 0.450168 -0.267576 0.851911
0.772443 0.323129 0.0634438 0.447224 -0.265247 0.854186
0.772469 0.323224 0.0634636 0.444272 -0.262914 0.856445
0.772495 0.323318 0.0634834 0.441313 -0.260576 0.858687
0.772521 0.323413 0.0635032 0.438346 -0.258234 0.860911
0.772546 0.323507 0.0635229 0.435372 -0.255888 0.863118
0.772572 0.323602 0.0635427 0.43239 -0.253538 0.865307
0.772598 0.323697 0.0635625 0.429402 -0.251184 0.867479
0.772624 0.323791 0.0635822 0.426407 -0.248827 0.869633
0.772649 0.323886 0.063602 0.423405 -0.246466 0.87177
0.772675 0.32398 0.0636218 0.420397 -0.244101 0.873888
0.772701 0.324075 0.0636415 0.417383 -0.241733 0.875989
0.772727 0.32417 0.0636613 0.414362 -0.239363 0.878071
0.772752 0.324264 0.0636811 0.411472 -0.237058 0.880054
0.772778 0.324359 0.0637008 0.409627 -0.235282 0.88139
0.772804 0.324453 0.0637206 0.40778 -0.233504 0.882718
0.77283 0.324548 0.0637404 0.40593 -0.231726 0.884039
0.772855 0.324642 0.0637601 0.405667 -0.231473 0.884225
0.772881 0.324737 0.0637799 0.405667 -0.231473 0.884225
0.772907 0.324832 0.0637997 0.405667 -0.231473 0.884225
0.772933 0.324926 0.0638194 0.409402 -0.231447 0.882509
0.772958 0.325021 0.0638392 0.413187 -0.231426 0.880749
0.772984 0.325115 0.063859 0.416969 -0.231401 0.878971
0.77301 0.32521 0.0638787 0.420747 -0.231372 0.877177
0.773036 0.325305 0.0638985 0.424521 -0.231339 0.875365
0.773061 0.325399 0.0639183 0.428291 -0.231302 0.873537
0.773087 0.325494 0.063938 0.432057 -0.231261 0.871691
0.773113 0.325588 0.0639578 0.435819 -0.231216 0.869828
0.773139 0.325683 0.0639776 0.439575 -0.231166 0.867949
0.773164 0.325777 0.0639973 0.443328 -0.231113 0.866053
0.77319 0.325872 0.0640171 0.447075 -0.231055 0.86414
0.773216 0.325967 0.0640369 -0.586863 0.304234 -0.750355
0.773242 0.326061 0.0640566 -0.585512 0.304425 -0.751333
0.773267 0.326156 0.0640764 -0.584159 0.304615 -0.752309
0.773293 0.32625 0.0640962 -0.582804 0.304804 -0.753282
0.773319 0.326345 0.0641159 -0.581448 0.304993 -0.754253
0.773345 0.32644 0.0641357 -0.58009 0.30518 -0.755222
0.77337 0.326534 0.0641555 -0.579023 0.305375 -0.755962
0.773396 0.326629 0.0641752 -0.578758 0.305049 -0.756296
0.773422 0.326723 0.064195 -0.578163 0.304361 -0.757029
0.773448 0.326818 0.0642148 -0.577566 0.303672 -0.75776
0.773473 0.326913 0.0642345 -0.576969 0.302983 -0.75849
0.773499 0.327007 0.0642543 -0.576372 0.302293 -0.75922
0.773525 0.327102 0.0642741 -0.575773 0.301604 -0.759948
0.773551 0.327196 0.0642938 -0.575174 0.300913 -0.760675
0.773576 0.327291 0.0643136 -0.574574 0.300223 -0.761401
0.773602 0.327385 0.0643334 -0.573973 0.299532 -0.762126
0.773628 0.32748 0.0643531 -0.573372 0.298841 -0.762849
0.773654 0.327575 0.0643729 -0.572769 0.298149 -0.763572
0.773679 0.327669 0.0643927 -0.572167 0.297457 -0.764293
0.773705 0.327764 0.0644124 -0.571563 0.296765 -0.765014
0.773731 0.327858 0.0644322 -0.570959 0.296073 -0.765733
0.773756 0.327953 0.064452 -0.570354 0.29538 -0.766451
0.773782 0.328048 0.0644718 -0.569748 0.294687 -0.767168
0.773808 0.328142 0.0644915 -0.569142 0.293993 -0.767884
0.773834 0.328237 0.0645113 -0.568535 0.2933 -0.768598
0.773859 0.328331 0.0645311 -0.567927 0.292606 -0.769312
0.773885 0.328426 0.0645508 -0.567319 0.291911 -0.770024
0.773911 0.32852 0.0645706 -0.56671 0.291217 -0.770735
0.773937 0.328615 0.0645904 -0.5661 0.290522 -0.771445
0.773962 0.32871 0.0646101 -0.565489 0.289826 -0.772154
0.773988 0.328804 0.0646299 -0.564878 0.289131 -0.772862
0.774014 0.328899 0.0646497 -0.564266 0.288435 -0.773569
0.77404 0.328993 0.0646694 -0.563654 0.287739 -0.774274
0.774065 0.329088 0.0646892 -0.563041 0.287043 -0.774978
0.774091 0.329183 0.064709 -0.558031 0.285708 -0.779084
0.774117 0.329277 0.0647287 -0.557181 0.286008 -0.779583
0.774143 0.329372 0.0647485 -0.556329 0.286307 -0.780081
0.774168 0.329466 0.0647683 -0.555477 0.286606 -0.780578
0.774194 0.329561 0.064788 -0.554624 0.286905 -0.781074
0.77422 0.329656 0.0648078 -0.553771 0.287204 -0.78157
0.774246 0.32975 0.0648276 -0.552917 0.287502 -0.782065
0.774271 0.329845 0.0648473 -0.552062 0.2878 -0.782559
0.774297 0.329939 0.0648671 -0.551207 0.288098 -0.783052
0.774323 0.330034 0.0648869 -0.550351 0.288395 -0.783545
0.774349 0.330128 0.0649066 -0.549494 0.288693 -0.784036
0.774374 0.330223 0.0649264 -0.548637 0.288989 -0.784527
0.7744 0.330318 0.0649462 -0.547779 0.289286 -0.785017
0.774426 0.330412 0.0649659 -0.54692 0.289582 -0.785507
0.774452 0.330507 0.0649857 -0.546061 0.289878 -0.785995
0.774477 0.330601 0.0650055 -0.545201 0.290174 -0.786483
0.774503 0.330696 0.0650252 -0.544341 0.290469 -0.786969
0.774529 0.330791 0.065045 -0.544175 0.290622 -0.787028
0.774555 0.330885 0.0650648 -0.544601 0.290103 -0.786925
0.77458 0.33098 0.0650845 -0.544956 0.289096 -0.787049
0.774606 0.331074 0.0651043 -0.545311 0.288089 -0.787172
0.774632 0.331169 0.0651241 -0.545666 0.287082 -0.787295
0.774658 0.331263 0.0651438 -0.54602 0.286074 -0.787416
0.774683 0.331358 0.0651636 -0.546373 0.285066 -0.787537
0.774709 0.331453 0.0651834 -0.546725 0.284058 -0.787656
0.774735 0.331547 0.0652031 -0.547077 0.283049 -0.787775
0.774761 0.331642 0.0652229 -0.547428 0.28204 -0.787893
0.774786 0.331736 0.0652427 -0.547779 0.281031 -0.78801
0.774812 0.331831 0.0652624 -0.548129 0.280022 -0.788126
0.774838 0.331926 0.0652822 -0.548478 0.279012 -0.788241
0.774864 0.33202 0.065302 -0.548827 0.278002 -0.788355
0.774889 0.332115 0.0653217 -0.549814 0.274936 -0.788743
0.774915 0.332209 0.0653415 -0.54956 0.273234 -0.78951
0.774941 0.332304 0.0653613 -0.549305 0.271532 -0.790275
0.774967 0.332398 0.065381 -0.549047 0.269829 -0.791037
0.774992 0.332493 0.0654008 -0.548788 0.268124 -0.791796
0.775018 0.332588 0.0654206 -0.548527 0.266419 -0.792553
0.775044 0.332682 0.0654404 -0.548263 0.264712 -0.793306
0.775069 0.332777 0.0654601 -0.547998 0.263004 -0.794057
0.775095 0.332871 0.0654799 -0.547731 0.261295 -0.794806
0.775121 0.332966 0.0654997 -0.547461 0.259586 -0.795551
0.775147 0.333061 0.0655194 -0.54719 0.257875 -0.796294
0.775172 0.333155 0.0655392 -0.546917 0.256163 -0.797033
0.775198 0.33325 0.065559 -0.546642 0.25445 -0.79777
0.775224 0.333344 0.0655787 -0.546365 0.252737 -0.798505
0.77525 0.333439 0.0655985 -0.546086 0.251022 -0.799236
0.775275 0.333534 0.0656183 -0.545805 0.249306 -0.799964
0.775301 0.333628 0.065638 -0.545522 0.24759 -0.80069
0.775327 0.333723 0.0656578 -0.545237 0.245873 -0.801413
0.775353 0.333817 0.0656776 -0.544951 0.244154 -0.802133
0.775378 0.333912 0.0656973 -0.544662 0.242435 -0.80285
0.775404 0.334006 0.0657171 -0.544371 0.240716 -0.803564
0.77543 0.334101 0.0657369 -0.544079 0.238995 -0.804276
0.775456 0.334196 0.0657566 -0.543784 0.237273 -0.804984
0.775481 0.33429 0.0657764 -0.543488 0.235551 -0.80569
0.775507 0.334385 0.0657962 -0.54319 0.233828 -0.806393
0.775533 0.334479 0.0658159 -0.54289 0.232105 -0.807093
0.775559 0.334574 0.0658357 -0.542587 0.23038 -0.807789
0.775584 0.334669 0.0658555 -0.542283 0.228655 -0.808483
0.77561 0.334763 0.0658752 -0.541978 0.226929 -0.809174
0.775636 0.334858 0.065895 -0.54167 0.225203 -0.809863
0.775662 0.334952 0.0659148 -0.54136 0.223476 -0.810548
0.775687 0.335047 0.0659345 -0.541048 0.221748 -0.81123
0.775713 0.335141 0.0659543 -0.540735 0.22002 -0.811909
0.775739 0.335236 0.0659741 -0.54042 0.218291 -0.812586
0.775765 0.335331 0.0659938 -0.540102 0.216562 -0.813259
0.77579 0.335425 0.0660136 -0.539783 0.214832 -0.813929
0.775816 0.33552 0.0660334 -0.539462 0.213101 -0.814597
0.775842 0.335614 0.0660531 -0.53914 0.21137 -0.815261
0.775868 0.335709 0.0660729 -0.538815 0.209639 -0.815923
0.775893 0.335804 0.0660927 -0.538488 0.207907 -0.816581
0.775919 0.335898 0.0661124 -0.537682 0.205474 -0.817727
0.775945 0.335993 0.0661322 -0.537598 0.203848 -0.81819
0.775971 0.336087 0.066152 -0.537387 0.202785 -0.818592
0.775996 0.336182 0.0661717 -0.537176 0.201722 -0.818993
0.776022 0.336276 0.0661915 -0.536964 0.200658 -0.819393
0.776048 0.336371 0.0662113 -0.536752 0.199594 -0.819793
0.776074 0.336466 0.066231 -0.536538 0.19853 -0.820191
0.776099 0.33656 0.0662508 -0.536324 0.197466 -0.820588
0.776125 0.336655 0.0662706 -0.536109 0.196401 -0.820983
0.776151 0.336749 0.0662903 -0.535893 0.195336 -0.821378
0.776177 0.336844 0.0663101 -0.535677 0.194271 -0.821772
0.776202 0.336939 0.0663299 -0.53546 0.193205 -0.822164
0.776228 0.337033 0.0663496 -0.535242 0.192139 -0.822556
0.776254 0.337128 0.0663694 -0.535024 0.191072 -0.822947
0.77628 0.337222 0.0663892 -0.534804 0.190006 -0.823336
0.776305 0.337317 0.066409 -0.534584 0.188939 -0.823724
0.776331 0.337412 0.0664287 -0.534364 0.187872 -0.824111
0.776357 0.337506 0.0664485 -0.534142 0.186804 -0.824497
0.776382 0.337601 0.0664683 -0.53392 0.185736 -0.824883
0.776408 0.337695 0.066488 -0.533697 0.184668 -0.825266
0.776434 0.33779 0.0665078 -0.533474 0.1836 -0.825649
0.77646 0.337884 0.0665276 -0.53325 0.182531 -0.826031
0.776485 0.337979 0.0665473 -0.533025 0.181463 -0.826412
0.776511 0.338074 0.0665671 -0.532799 0.180393 -0.826791
0.776537 0.338168 0.0665869 -0.532572 0.179324 -0.82717
0.776563 0.338263 0.0666066 -0.532345 0.178254 -0.827547
0.776588 0.338357 0.0666264 -0.531805 0.176528 -0.828264
0.776614 0.338452 0.0666462 -0.531058 0.174343 -0.829205
0.77664 0.338547 0.0666659 -0.530309 0.172156 -0.830142
0.776666 0.338641 0.0666857 -0.529555 0.169968 -0.831073
0.776691 0.338736 0.0667055 -0.528799 0.167779 -0.831999
0.776717 0.33883 0.0667252 -0.528038 0.165589 -0.83292
0.776743 0.338925 0.066745 -0.527275 0.163397 -0.833836
0.776769 0.339019 0.0667648 -0.526508 0.161204 -0.834747
0.776794 0.339114 0.0667845 -0.525738 0.159009 -0.835653
0.77682 0.339209 0.0668043 -0.524965 0.156814 -0.836553
0.776846 0.339303 0.0668241 -0.524188 0.154617 -0.837449
0.776872 0.339398 0.0668438 -0.523408 0.15242 -0.838339
0.776897 0.339492 0.0668636 -0.522624 0.150221 -0.839224
0.776923 0.339587 0.0668834 -0.521837 0.148021 -0.840104
0.776949 0.339682 0.0669031 -0.521048 0.145821 -0.840979
0.776975 0.339776 0.0669229 -0.520254 0.143619 -0.841849
0.777 0.339871 0.0669427 -0.519458 0.141417 -0.842713
0.777026 0.339965 0.0669624 -0.518658 0.139213 -0.843572
0.777052 0.34006 0.0669822 -0.517855 0.137009 -0.844425
0.777078 0.340155 0.067002 -0.517049 0.134805 -0.845274
0.777103 0.340249 0.0670217 -0.51624 0.132599 -0.846117
0.777129 0.340344 0.0670415 -0.515428 0.130393 -0.846955
0.777155 0.340438 0.0670613 -0.514612 0.128186 -0.847787
0.777181 0.340533 0.067081 -0.514595 0.125516 -0.848197
0.777206 0.340627 0.0671008 -0.514578 0.122862 -0.848596
0.777232 0.340722 0.0671206 -0.514557 0.120208 -0.848988
0.777258 0.340817 0.0671403 -0.514533 0.117553 -0.849374
0.777284 0.340911 0.0671601 -0.514505 0.114898 -0.849754
0.777309 0.341006 0.0671799 -0.514474 0.112242 -0.850128
0.777335 0.3411 0.0671996 -0.514439 0.109586 -0.850496
0.777361 0.341195 0.0672194 -0.513667 0.107579 -0.851219
0.777387 0.34129 0.0672392 -0.512864 0.105913 -0.851911
0.777412 0.341384 0.0672589 -0.512059 0.104246 -0.852601
0.777438 0.341479 0.0672787 -0.511253 0.102579 -0.853287
0.777464 0.341573 0.0672985 -0.510444 0.100912 -0.853969
0.77749 0.341668 0.0673182 -0.509633 0.0992441 -0.854649
0.641328 0.129013 0.0724597 -0.470053 0.497053 -0.729375
0.641222 0.12914 0.0724755 -0.467515 0.497672 -0.730584
0.641115 0.129268 0.0724913 -0.464864 0.498442 -0.731749
0.641008 0.129395 0.0725071 -0.462204 0.49921 -0.73291
0.640901 0.129523 0.072523 -0.459533 0.499974 -0.734067
0.640793 0.129651 0.072539 -0.45685 0.500737 -0.735221
0.640685 0.12978 0.072555 -0.454152 0.501498 -0.736373
0.640576 0.12991 0.0725711 -0.45572 0.493794 -0.740599
0.640467 0.13004 0.0725873 -0.45776 0.487226 -0.743685
0.640357 0.130171 0.0726036 -0.459789 0.48058 -0.746751
0.640246 0.130303 0.07262 -0.461808 0.47385 -0.7498
0.640135 0.130436 0.0726365 -0.463818 0.46703 -0.752832
0.640022 0.13057 0.0726532 0.489661 -0.352353 0.797546
0.639908 0.130706 0.0726701 0.485416 -0.358184 0.797543
0.639793 0.130843 0.0726871 0.481106 -0.364051 0.797498
0.639677 0.130982 0.0727043 0.476727 -0.369957 0.79741
0.639559 0.131122 0.0727217 0.472275 -0.375906 0.797277
0.63944 0.131264 0.0727394 0.470071 -0.378089 0.797547
0.63932 0.131408 0.0727573 0.469108 -0.375162 0.799494
0.639197 0.131554 0.0727754 0.468123 -0.372187 0.80146
0.639073 0.131702 0.0727938 0.466603 -0.368884 0.80387
0.638947 0.131852 0.0728125 0.464127 -0.365666 0.806768
0.638818 0.132005 0.0728315 0.461596 -0.362384 0.809696
0.638687 0.132161 0.0728509 0.459007 -0.359032 0.812655
0.638554 0.13232 0.0728706 0.456357 -0.355606 0.815648
0.638419 0.132482 0.0728907 0.453641 -0.352104 0.818677
0.63828 0.132647 0.0729113 0.450856 -0.348518 0.821744
0.638139 0.132815 0.0729322 0.447998 -0.344846 0.824851
0.637994 0.132988 0.0729536 0.445062 -0.341081 0.828
0.637846 0.133164 0.0729755 0.442043 -0.337218 0.831193
0.637695 0.133344 0.0729979 0.438937 -0.333251 0.834433
0.63754 0.133529 0.0730209 0.435738 -0.329174 0.837721
0.637381 0.133719 0.0730444 0.432441 -0.324981 0.84106
0.637218 0.133913 0.0730686 0.42904 -0.320665 0.844452
0.63705 0.134113 0.0730935 0.425528 -0.316218 0.847899
0.636878 0.134318 0.073119 0.421899 -0.311632 0.851403
0.6367 0.13453 0.0731453 0.418146 -0.3069 0.854966
0.636518 0.134748 0.0731724 0.41426 -0.302014 0.85859
0.636329 0.134972 0.0732003 0.410235 -0.296963 0.862276
0.636135 0.135204 0.0732291 0.407662 -0.29088 0.865564
0.635934 0.135443 0.0732588 0.409307 -0.29099 0.86475
0.635726 0.135691 0.0732896 0.411006 -0.291102 0.863906
0.635512 0.135947 0.0733214 0.41483 -0.288527 0.862942
0.635289 0.136212 0.0733543 0.417593 -0.285349 0.862666
0.635059 0.136487 0.0733885 0.418399 -0.282239 0.863298
0.63482 0.136772 0.0734239 0.41923 -0.279009 0.863945
0.634571 0.137068 0.0734607 0.420087 -0.275652 0.864605
0.634313 0.137375 0.0734989 0.420973 -0.27216 0.86528
0.634045 0.137695 0.0735386 0.421888 -0.268526 0.86597
0.633766 0.138027 0.0735799 0.422834 -0.264739 0.866675
0.633476 0.138374 0.073623 0.423811 -0.260792 0.867393
0.633173 0.138734 0.0736678 0.424822 -0.256676 0.868127
0.632858 0.13911 0.0737145 0.423063 -0.254655 0.86958
0.632529 0.139502 0.0737633 0.414626 -0.258265 0.872574
0.632186 0.139912 0.0738141 0.405786 -0.262003 0.875609
0.631828 0.140338 0.0738671 0.396524 -0.265874 0.878681
0.631454 0.140784 0.0739225 0.386819 -0.269878 0.88178
0.631064 0.141249 0.0739803 0.375942 -0.271728 0.885907
0.630657 0.141734 0.0740405 0.370565 -0.269496 0.88885
0.630233 0.14224 0.0741034 0.360479 -0.267911 0.893464
0.62979 0.142767 0.074169 0.354515 -0.273351 0.894202
0.629329 0.143316 0.0742373 0.347852 -0.277573 0.895518
0.62885 0.143888 0.0743083 0.339632 -0.2777 0.898628
0.628351 0.144482 0.0743822 0.33449 -0.280997 0.899532
0.627834 0.145099 0.0744588 0.331721 -0.286807 0.898723
0.627298 0.145737 0.0745381 0.328841 -0.29281 0.897845
0.626745 0.146397 0.0746201 0.325578 -0.310107 0.893215
0.626174 0.147077 0.0747047 0.323225 -0.322716 0.889595
0.625588 0.147777 0.0747916 0.313785 -0.327039 0.891395
0.624987 0.148493 0.0748806 0.308648 -0.32458 0.894083
0.624374 0.149224 0.0749714 0.30478 -0.319966 0.897068
0.62375 0.149967 0.0750638 0.299804 -0.306338 0.903479
0.623118 0.15072 0.0751574 0.299045 -0.284508 0.910839
0.622481 0.15148 0.0752518 0.29917 -0.262568 0.917363
0.621842 0.152242 0.0753465 0.299703 -0.247861 0.921273
0.621202 0.153005 0.0754413 0.315395 -0.160356 0.935314
0.620562 0.153768 0.0755361 0.311524 -0.144764 0.939147
0.619922 0.15453 0.0756309 0.307568 -0.129129 0.942724
0.619282 0.155293 0.0757257 0.303529 -0.113465 0.946042
0.618643 0.156056 0.0758204 0.265969 -0.0841874 0.960298
0.618003 0.156818 0.0759152 0.238688 -0.0972347 0.966216
0.617363 0.157581 0.07601 0.146001 -0.155486 0.976989
0.616723 0.158344 0.0761048 0.11509 -0.16214 0.980033
0.616083 0.159106 0.0761996 0.094714 -0.157705 0.982934
0.615444 0.159869 0.0762944 0.074291 -0.153199 0.985399
0.614804 0.160632 0.0763891 0.053848 -0.148627 0.987426
0.614164 0.161394 0.0764839 0.0125023 -0.0502333 0.998659
0.613524 0.162157 0.0765787 0.0300414 -0.00252378 0.999545
0.612884 0.16292 0.0766735 0.0474517 0.0450519 0.997857
0.612244 0.163682 0.0767683 0.0711917 0.0530402 0.996051
0.611605 0.164445 0.0768631 0.10332 0.0224802 0.994394
0.610965 0.165208 0.0769578 0.0974916 0.0201509 0.995032
0.610325 0.16597 0.0770526 0.0928005 0.016784 0.995543
0.609685 0.166733 0.0771474 0.0811381 0.00470986 0.996692
0.609045 0.167496 0.0772422 0.0718796 -0.00529141 0.997399
0.608406 0.168258 0.077337 0.0731042 -0.0145231 0.997219
0.607766 0.169021 0.0774318 0.0689321 -0.0110643 0.99756
0.607126 0.169784 0.0775266 0.0647639 -0.00757472 0.997872
0.606486 0.170546 0.0776213 0.0605959 -0.00408672 0.998154
0.605846 0.171309 0.0777161 0.0549585 0.00474677 0.998477
0.605207 0.172072 0.0778109 0.0484041 0.00510097 0.998815
0.604567 0.172834 0.0779057 0.0418476 0.00545496 0.999109
0.603927 0.173597 0.0780005 0.0352897 0.00580869 0.99936
0.603287 0.17436 0.0780953 0.0292993 0.00774373 0.999541
0.602647 0.175122 0.07819 0.0240843 0.0104536 0.999655
0.602008 0.175885 0.0782848 0.0188604 0.0133942 0.999732
0.601368 0.176648 0.0783796 0.013635 0.0163626 0.999773
0.600728 0.17741 0.0784744 0.00812418 0.0196232 0.999774
0.600088 0.178173 0.0785692 0.00526437 0.0219495 0.999745
0.599448 0.178936 0.078664 0.00299486 0.0245667 0.999694
0.598809 0.179698 0.0787587 0.000971962 0.0272803 0.999627
0.598169 0.180461 0.0788535 -0.00683453 0.0328938 0.999435
0.597529 0.181224 0.0789483 -0.0143543 0.0397092 0.999108
0.596889 0.181986 0.0790431 -0.021865 0.0465809 0.998675
0.596249 0.182749 0.0791379 -0.0293726 0.053447 0.998139
0.59561 0.183512 0.0792327 -0.0461086 0.0675335 0.996651
0.59497 0.184274 0.0793274 -0.0604363 0.0792908 0.995018
0.59433 0.185037 0.0794222 -0.0726571 0.0902292 0.993267
0.59369 0.1858 0.079517 -0.0836586 0.0988717 0.991577
0.59305 0.186562 0.0796118 -0.0888543 0.0971449 0.991296
0.592411 0.187325 0.0797066 -0.0938345 0.095645 0.990983
0.591771 0.188088 0.0798014 -0.0984056 0.0881766 0.991232
0.591131 0.18885 0.0798961 -0.10574 0.0793635 0.991222
0.590491 0.189613 0.0799909 -0.114957 0.0907633 0.989215
0.589851 0.190376 0.0800857 -0.124148 0.102144 0.986992
0.589212 0.191138 0.0801805 -0.130974 0.109621 0.985307
0.588572 0.191901 0.0802753 -0.139304 0.11569 0.983468
0.587932 0.192664 0.0803701 -0.146642 0.125864 0.98115
0.587292 0.193426 0.0804648 -0.153958 0.13602 0.97867
0.586652 0.194189 0.0805596 -0.161249 0.146152 0.976032
0.586013 0.194952 0.0806544 -0.175025 0.158531 0.971717
0.585373 0.195714 0.0807492 -0.186733 0.16767 0.967997
0.584733 0.196477 0.080844 -0.198527 0.177357 0.963915
0.584093 0.19724 0.0809388 -0.210586 0.186595 0.959602
0.583453 0.198002 0.0810335 -0.226462 0.200375 0.953187
0.582814 0.198765 0.0811283 -0.231435 0.212083 0.949452
0.582174 0.199528 0.0812231 -0.236367 0.223753 0.94555
0.581534 0.20029 0.0813179 -0.241256 0.23538 0.941484
0.580894 0.201053 0.0814127 -0.250139 0.244117 0.93693
0.580254 0.201816 0.0815075 -0.258097 0.25146 0.93282
0.579614 0.202578 0.0816022 -0.260182 0.262023 0.929327
0.578975 0.203341 0.081697 -0.262233 0.272551 0.925716
0.578335 0.204104 0.0817918 -0.267346 0.283991 0.920801
0.577695 0.204866 0.0818866 -0.274412 0.295457 0.915097
0.577055 0.205629 0.0819814 -0.281421 0.306863 0.909196
0.576415 0.206392 0.0820762 0.306556 -0.291915 -0.905985
0.575919 0.207137 0.0821714 0.315922 -0.298658 -0.900553
0.576723 0.207722 0.0822707 0.323376 -0.297035 -0.898442
0.577528 0.208307 0.0823699 0.316723 -0.299551 -0.899975
0.578333 0.208892 0.0824692 0.332829 -0.30761 -0.891404
0.579138 0.209477 0.0825685 0.348803 -0.315548 -0.882477
0.579943 0.210063 0.0826678 0.364628 -0.323354 -0.873206
0.580748 0.210648 0.082767 0.362744 -0.319788 -0.875301
0.581552 0.211233 0.0828663 0.352365 -0.308785 -0.883454
0.582357 0.211818 0.0829656 0.34188 -0.297689 -0.891347
0.583162 0.212403 0.0830649 0.336726 -0.291697 -0.895281
0.583967 0.212988 0.0831641 0.33893 -0.29274 -0.894109
0.584772 0.213573 0.0832634 0.341651 -0.289694 -0.894065
0.585577 0.214159 0.0833627 0.344879 -0.282641 -0.895082
0.586381 0.214744 0.083462 0.348086 -0.275572 -0.896045
0.587186 0.215329 0.0835613 0.356059 -0.280827 -0.891268
0.587991 0.215914 0.0836605 0.362485 -0.292044 -0.885051
0.588796 0.216499 0.0837598 0.352148 -0.287536 -0.890682
0.589601 0.217084 0.0838591 0.336715 -0.278251 -0.899555
0.590406 0.217669 0.0839584 0.321159 -0.268862 -0.908058
0.59121 0.218255 0.0840576 0.305938 -0.259683 -0.915951
0.592015 0.21884 0.0841569 0.293355 -0.246259 -0.923742
0.59282 0.219425 0.0842562 0.280521 -0.231217 -0.931583
0.593625 0.22001 0.0843555 0.267565 -0.216077 -0.938999
0.59443 0.220595 0.0844547 0.266525 -0.207008 -0.941335
0.595235 0.22118 0.084554 0.265208 -0.199081 -0.943415
0.596039 0.221765 0.0846533 0.267602 -0.191649 -0.944277
0.596844 0.222351 0.0847526 0.27231 -0.184602 -0.944336
0.597649 0.222936 0.0848518 0.282483 -0.186122 -0.941043
0.598454 0.223521 0.0849511 0.292827 -0.188196 -0.937462
0.599259 0.224106 0.0850504 0.295917 -0.206935 -0.932529
0.600064 0.224691 0.0851497 0.295961 -0.225991 -0.928081
0.600868 0.225276 0.085249 0.297723 -0.226348 -0.927431
0.601673 0.225861 0.0853482 0.295208 -0.230996 -0.927088
0.602478 0.226447 0.0854475 0.285466 -0.244063 -0.926791
0.603221 0.226601 0.0854701 0.273127 -0.248855 -0.929233
0.603829 0.22582 0.0853265 0.255194 -0.235704 -0.937721
0.604437 0.225039 0.0851829 -0.21527 0.210213 0.953661
0.605045 0.224258 0.0850393 -0.206041 0.199069 0.958081
0.605653 0.223477 0.0848956 -0.195293 0.186937 0.962764
0.606261 0.222696 0.084752 -0.183047 0.174068 0.967571
0.606868 0.221915 0.0846084 -0.170747 0.161148 0.972048
0.607476 0.221134 0.0844648 -0.159179 0.15085 0.975657
0.608084 0.220353 0.0843212 -0.148885 0.142256 0.978568
0.608692 0.219573 0.0841775 -0.138998 0.133646 0.981233
0.6093 0.218792 0.0840339 -0.130049 0.124836 0.983617
0.609908 0.218011 0.0838903 -0.123388 0.11492 0.985682
0.610516 0.21723 0.0837467 -0.119188 0.106359 0.987159
0.611124 0.216449 0.083603 -0.114976 0.0977893 0.988543
0.611732 0.215668 0.0834594 -0.111072 0.0894066 0.989783
0.61234 0.214887 0.0833158 -0.104222 0.0836411 0.991031
0.612948 0.214106 0.0831722 -0.0966087 0.0800194 0.992101
0.613556 0.213326 0.0830285 -0.0888723 0.0765408 0.993098
0.614164 0.212545 0.0828849 -0.0816165 0.0729881 0.993988
0.614772 0.211764 0.0827413 -0.0696337 0.0632265 0.995567
0.61538 0.210983 0.0825977 -0.0585778 0.0578296 0.996606
0.615988 0.210202 0.0824541 -0.0475116 0.0524233 0.997494
0.616596 0.209421 0.0823104 -0.0369916 0.0441961 0.998338
0.617203 0.20864 0.0821668 -0.030326 0.0361165 0.998887
0.617811 0.207859 0.0820232 -0.0281387 0.0304456 0.99914
0.618419 0.207078 0.0818796 -0.0267529 0.0257911 0.999309
0.619027 0.206298 0.0817359 -0.0270359 0.026587 0.999281
0.619635 0.205517 0.0815923 -0.0259717 0.0271531 0.999294
0.620243 0.204736 0.0814487 -0.0218449 0.0268917 0.9994
0.620851 0.203955 0.0813051 -0.0168718 0.0251368 0.999542
0.621459 0.203174 0.0811615 -0.00998312 0.0186502 0.999776
0.622067 0.202393 0.0810178 -0.00309427 0.0121626 0.999921
0.622675 0.201612 0.0808742 0.00844658 -0.00412242 0.999956
0.623283 0.200831 0.0807306 0.0148169 -0.0155751 0.999769
0.623891 0.20005 0.080587 0.0211846 -0.0270252 0.99941
0.624499 0.19927 0.0804433 0.0287456 -0.0388018 0.998833
0.625107 0.198489 0.0802997 0.0381868 -0.0382845 0.998537
0.625715 0.197708 0.0801561 0.0479473 -0.0381458 0.998121
0.626323 0.196927 0.0800125 0.0577028 -0.0380035 0.99761
0.62693 0.196146 0.0798689 0.0638534 -0.0380054 0.997235
0.627538 0.195365 0.0797252 0.072609 -0.0460717 0.996296
0.628146 0.194584 0.0795816 0.0795148 -0.0512766 0.995514
0.628754 0.193803 0.079438 0.0872689 -0.0560012 0.994609
0.629362 0.193022 0.0792944 0.0950152 -0.0607207 0.993622
0.62997 0.192242 0.0791507 0.100424 -0.0654175 0.992792
0.630578 0.191461 0.0790071 0.101589 -0.0681135 0.992492
0.631186 0.19068 0.0788635 0.103391 -0.069342 0.992221
0.631794 0.189899 0.0787199 0.110381 -0.0714578 0.991317
0.632402 0.189118 0.0785762 0.117489 -0.0736274 0.990341
0.63301 0.188337 0.0784326 0.13261 -0.0806535 0.987881
0.633618 0.187556 0.078289 0.149041 -0.0899816 0.984728
0.634226 0.186775 0.0781454 0.158581 -0.096595 0.98261
0.634834 0.185995 0.0780018 0.169551 -0.10423 0.979994
0.635442 0.185214 0.0778581 0.177596 -0.110302 0.977902
0.63605 0.184433 0.0777145 0.185623 -0.116363 0.975707
0.636658 0.183652 0.0775709 0.193631 -0.122412 0.973408
0.637265 0.182871 0.0774273 0.204563 -0.133282 0.969737
0.637873 0.18209 0.0772836 0.204566 -0.134799 0.969527
0.638481 0.181309 0.07714 0.204568 -0.136316 0.969314
0.639089 0.180528 0.0769964 0.20457 -0.137832 0.969099
0.639697 0.179747 0.0768528 0.204571 -0.139349 0.968882
0.640305 0.178967 0.0767092 0.204355 -0.137684 0.969166
0.640913 0.178186 0.0765655 0.210996 -0.138301 0.967654
0.641521 0.177405 0.0764219 0.224609 -0.137127 0.964752
0.642129 0.176624 0.0762783 0.238184 -0.135926 0.961661
0.642737 0.175843 0.0761347 0.251713 -0.134698 0.958382
0.643345 0.175062 0.075991 0.265188 -0.133444 0.954918
0.643953 0.174281 0.0758474 0.276668 -0.136089 0.95128
0.644561 0.1735 0.0757038 0.278152 -0.143658 0.949733
0.645169 0.172719 0.0755602 0.282092 -0.149499 0.947668
0.645777 0.171939 0.0754166 0.329183 -0.188035 0.925355
0.646385 0.171158 0.0752729 0.356527 -0.217844 0.908533
0.646992 0.170377 0.0751293 0.383194 -0.247245 0.889962
0.6476 0.169596 0.0749857 0.414066 -0.278589 0.866566
0.648208 0.168815 0.0748421 0.438111 -0.302532 0.846483
0.648816 0.168034 0.0746984 0.450195 -0.315211 0.835444
0.649424 0.167253 0.0745548 0.462089 -0.327759 0.824043
0.650032 0.166472 0.0744112 0.47378 -0.34016 0.812295
0.65064 0.165692 0.0742676 0.444674 -0.305266 0.842068
0.651248 0.164911 0.0741239 0.399845 -0.254174 0.880636
0.651856 0.16413 0.0739803 0.352726 -0.201633 0.913744
0.652464 0.163349 0.0738367 0.351259 -0.194946 0.915758
0.653072 0.162568 0.0736931 0.356596 -0.195548 0.913565
0.65368 0.161787 0.0735495 0.363499 -0.199517 0.909979
0.654288 0.161006 0.0734058 0.371297 -0.263228 0.890421
0.654896 0.160225 0.0732622 0.375348 -0.344389 0.860529
0.655504 0.159444 0.0731186 0.393946 -0.42044 0.817335
0.656112 0.158664 0.072975 0.391606 -0.436278 0.810127
0.65672 0.157883 0.0728313 0.38915 -0.451946 0.802687
0.657327 0.157102 0.0726877 0.392006 -0.459442 0.797022
0.657935 0.156321 0.0725441 -0.317163 0.237922 -0.918042
0.658543 0.15554 0.0724005 -0.251559 0.197544 -0.947467
0.659151 0.154759 0.0722569 -0.184213 0.155804 -0.970459
0.659759 0.153978 0.0721132 -0.116509 0.113563 -0.986676
0.660367 0.153197 0.0719696 -0.104576 0.126324 -0.986461
0.660975 0.152416 0.071826 -0.126747 0.170073 -0.977246
0.661511 0.152973 0.0717981 -0.0877921 0.132836 -0.987242
0.66203 0.153827 0.071796 -0.054051 0.0997264 -0.993546
0.662549 0.154682 0.0717939 -0.0522352 0.0957739 -0.994032
0.663068 0.155537 0.0717918 -0.076652 0.126916 -0.988947
0.663588 0.156391 0.0717897 -0.101 0.157922 -0.982273
0.664107 0.157246 0.0717876 -0.200799 0.184763 -0.962051
0.664626 0.1581 0.0717855 -0.265738 0.163033 -0.95016
0.665145 0.158955 0.0717835 -0.312786 0.156595 -0.936826
0.665665 0.15981 0.0717814 -0.345846 0.161623 -0.924266
0.666184 0.160664 0.0717793 -0.3777 0.166333 -0.910865
0.666703 0.161519 0.0717772 -0.408295 0.170728 -0.896742
0.667222 0.162373 0.0717751 -0.404256 0.179947 -0.89677
0.667742 0.163228 0.071773 -0.39581 0.193955 -0.897617
0.668261 0.164083 0.0717709 -0.40325 0.206798 -0.891417
0.66878 0.164937 0.0717688 -0.410575 0.219566 -0.884997
0.669299 0.165792 0.0717667 -0.417948 0.232857 -0.878121
0.669819 0.166647 0.0717647 -0.430263 0.262705 -0.863632
0.670338 0.167501 0.0717626 -0.451412 0.282326 -0.846475
0.670857 0.168356 0.0717605 -0.465047 0.274968 -0.841501
0.671376 0.16921 0.0717584 -0.468152 0.280037 -0.838101
0.671896 0.170065 0.0717563 -0.4712 0.287245 -0.833943
0.672415 0.17092 0.0717542 -0.474212 0.294432 -0.829718
0.672934 0.171774 0.0717521 -0.476964 0.300476 -0.825966
0.673454 0.172629 0.07175 -0.477836 0.297476 -0.826547
0.673973 0.173483 0.0717479 -0.478703 0.294474 -0.827121
0.674492 0.174338 0.0717459 -0.479565 0.291469 -0.827685
0.675011 0.175193 0.0717438 -0.487053 0.294586 -0.822191
0.675531 0.176047 0.0717417 -0.493778 0.298094 -0.816899
0.67605 0.176902 0.0717396 -0.488081 0.304182 -0.818077
0.676569 0.177757 0.0717375 -0.482348 0.31025 -0.819198
0.677088 0.178611 0.0717354 -0.483932 0.313149 -0.817158
0.677608 0.179466 0.0717333 -0.495948 0.311277 -0.810643
0.678127 0.18032 0.0717312 -0.507873 0.309345 -0.803972
0.677967 0.181135 0.0718305 -0.498317 0.307419 -0.810662
0.677375 0.181924 0.0719944 -0.475157 0.311445 -0.822938
0.676784 0.182713 0.0721583 -0.451618 0.315259 -0.834657
0.676192 0.183502 0.0723222 -0.427747 0.318852 -0.845793
0.6756 0.184291 0.0724861 0.455132 -0.445556 0.770931
0.675008 0.185081 0.07265 0.440974 -0.439645 0.782467
0.674416 0.18587 0.0728139 0.403093 -0.401489 0.822388
0.673824 0.186659 0.0729777 0.363618 -0.361746 0.858441
0.673232 0.187448 0.0731416 0.344306 -0.352274 0.870262
0.67264 0.188237 0.0733055 0.332751 -0.354354 0.873905
0.672048 0.189026 0.0734694 0.321138 -0.356382 0.877418
0.671456 0.189815 0.0736333 0.297309 -0.355697 0.886051
0.670864 0.190604 0.0737972 0.267317 -0.353239 0.896529
0.670272 0.191394 0.0739611 0.322331 -0.34845 0.880162
0.66968 0.192183 0.074125 0.38302 -0.342211 0.858013
0.669088 0.192972 0.0742889 0.441859 -0.334565 0.832362
0.668496 0.193761 0.0744528 0.482573 -0.329059 0.811692
0.667904 0.19455 0.0746167 0.473742 -0.320358 0.820329
0.667312 0.195339 0.0747805 0.455756 -0.308321 0.835
0.66672 0.196128 0.0749444 0.437452 -0.296068 0.849105
0.666128 0.196917 0.0751083 0.395367 -0.2664 0.879043
0.665536 0.197707 0.0752722 0.373771 -0.249939 0.893211
0.664944 0.198496 0.0754361 0.351772 -0.233204 0.906572
0.664352 0.199285 0.0756 0.32943 -0.216241 0.919084
0.66376 0.200074 0.0757639 0.30681 -0.199099 0.930713
0.663168 0.200863 0.0759278 0.270199 -0.176763 0.946439
0.662576 0.201652 0.0760917 0.261336 -0.158784 0.952098
0.661984 0.202441 0.0762556 0.252353 -0.140726 0.957348
0.661392 0.20323 0.0764195 0.243228 -0.123013 0.962137
0.6608 0.20402 0.0765833 0.229802 -0.101465 0.967934
0.660208 0.204809 0.0767472 0.225335 -0.0985336 0.969286
0.659616 0.205598 0.0769111 0.220861 -0.0955992 0.970609
0.659025 0.206387 0.077075 0.217706 -0.0931059 0.971563
0.658433 0.207176 0.0772389 0.213609 -0.111725 0.97051
0.657841 0.207965 0.0774028 0.209029 -0.125965 0.969763
0.657249 0.208754 0.0775667 0.204546 -0.13782 0.969106
0.656657 0.209543 0.0777306 0.20003 -0.149657 0.968293
0.656065 0.210333 0.0778945 0.161524 -0.142762 0.976488
0.655473 0.211122 0.0780584 0.132151 -0.118783 0.984087
0.654881 0.211911 0.0782222 0.104149 -0.0947132 0.990042
0.654289 0.2127 0.0783861 0.0996061 -0.0855631 0.991341
0.653697 0.213489 0.07855 0.0991636 -0.0777859 0.992026
0.653105 0.214278 0.0787139 0.120365 -0.0824557 0.989299
0.652513 0.215067 0.0788778 0.145232 -0.0907484 0.985227
0.651921 0.215856 0.0790417 0.156853 -0.0921512 0.983313
0.651329 0.216645 0.0792056 0.141468 -0.0861568 0.986187
0.650737 0.217435 0.0793695 0.126846 -0.0782596 0.98883
0.650145 0.218224 0.0795334 0.112196 -0.0703444 0.991193
0.649553 0.219013 0.0796973 0.0974317 -0.0575287 0.993578
0.648961 0.219802 0.0798612 0.0939763 -0.0509491 0.99427
0.648369 0.220591 0.080025 0.090516 -0.0443674 0.994906
0.647777 0.22138 0.0801889 0.0870515 -0.0377847 0.995487
0.647185 0.222169 0.0803528 0.0773955 -0.0265823 0.996646
0.646593 0.222958 0.0805167 0.0650861 -0.0165662 0.997742
0.646001 0.223748 0.0806806 0.0527577 -0.00654387 0.998586
0.645409 0.224537 0.0808445 0.0404197 0.00347709 0.999177
0.644817 0.225326 0.0810084 0.0261072 0.0127749 0.999578
0.644225 0.226115 0.0811723 0.019454 0.0173451 0.99966
0.643633 0.226904 0.0813362 0.0131551 0.0175429 0.99976
0.643041 0.227693 0.0815001 0.00399038 0.0119286 0.999921
0.642449 0.228482 0.081664 -0.00320622 0.00804034 0.999963
0.641857 0.229271 0.0818278 -0.00580497 0.00680432 0.99996
0.641265 0.230061 0.0819917 -0.00942965 0.0105798 0.9999
0.640674 0.23085 0.0821556 -0.0137498 0.0168036 0.999764
0.640082 0.231639 0.0823195 -0.0180689 0.0230258 0.999572
0.63949 0.232428 0.0824834 -0.0279906 0.0330825 0.999061
0.638898 0.233217 0.0826473 -0.0362214 0.0413664 0.998487
0.638306 0.234006 0.0828112 -0.044447 0.0496443 0.997777
0.637714 0.234795 0.0829751 -0.0533847 0.0589055 0.996835
0.637122 0.235584 0.083139 -0.0584352 0.0625388 0.99633
0.63653 0.236374 0.0833029 -0.0634839 0.06617 0.995787
0.635938 0.237163 0.0834667 -0.0685301 0.0697987 0.995204
0.635346 0.237952 0.0836306 -0.0739304 0.0741735 0.994501
0.634754 0.238741 0.0837945 -0.0782292 0.0801018 0.993712
0.634162 0.23953 0.0839584 -0.0843819 0.0885762 0.992489
0.63357 0.240319 0.0841223 -0.0903499 0.0971482 0.99116
0.632978 0.241108 0.0842862 -0.0971509 0.107103 0.98949
0.632386 0.241897 0.0844501 -0.102006 0.117806 0.987784
0.631794 0.242687 0.084614 -0.106848 0.128494 0.985937
0.631202 0.243476 0.0847779 -0.111214 0.137916 0.98418
0.63061 0.244265 0.0849418 -0.117233 0.147814 0.982042
0.630018 0.245054 0.0851057 -0.132579 0.168206 0.976795
0.629426 0.245843 0.0852695 -0.147855 0.188512 0.970877
0.628834 0.246632 0.0854334 -0.163031 0.208689 0.964298
0.628242 0.247421 0.0855973 0.176496 -0.216673 -0.960157
0.62765 0.24821 0.0857612 0.172239 -0.235311 -0.956537
0.627842 0.2489 0.0858441 0.180338 -0.255119 -0.949943
0.628632 0.249512 0.0858653 0.186569 -0.276509 -0.942727
0.629422 0.250125 0.0858864 0.184747 -0.298386 -0.936394
0.630212 0.250738 0.0859076 0.18283 -0.320098 -0.929575
0.631002 0.251351 0.0859287 0.191976 -0.325287 -0.925923
0.631791 0.251964 0.0859498 0.2114 -0.310769 -0.926678
0.632581 0.252577 0.085971 0.230709 -0.296062 -0.926888
0.633371 0.25319 0.0859921 0.254517 -0.285088 -0.924092
0.634161 0.253803 0.0860132 0.249889 -0.276711 -0.927893
0.634951 0.254416 0.0860344 0.227485 -0.265334 -0.936936
0.635741 0.255028 0.0860555 0.209544 -0.25819 -0.943096
0.636531 0.255641 0.0860766 0.200319 -0.259062 -0.944859
0.637321 0.256254 0.0860978 0.19313 -0.25622 -0.947128
0.638111 0.256867 0.0861189 0.191315 -0.257116 -0.947254
0.6389 0.25748 0.08614 0.197321 -0.263577 -0.944241
0.63969 0.258093 0.0861612 0.20335 -0.264857 -0.942602
0.64048 0.258706 0.0861823 0.209672 -0.265198 -0.94112
0.64127 0.259319 0.0862034 0.216998 -0.263581 -0.939913
0.64206 0.259931 0.0862246 0.226609 -0.254891 -0.940042
0.64285 0.260544 0.0862457 0.233158 -0.249291 -0.939942
0.64364 0.261157 0.0862669 0.239078 -0.244413 -0.939736
0.64443 0.26177 0.086288 0.244393 -0.243349 -0.938644
0.64522 0.262383 0.0863091 0.244436 -0.241787 -0.939037
0.646009 0.262996 0.0863303 0.230955 -0.238761 -0.943214
0.646799 0.263609 0.0863514 0.217412 -0.235682 -0.947199
0.647589 0.264222 0.0863725 0.212671 -0.235976 -0.948202
0.648379 0.264835 0.0863937 0.208508 -0.236473 -0.949002
0.649169 0.265447 0.0864148 0.20404 -0.23374 -0.950649
0.649959 0.26606 0.0864359 0.199398 -0.229587 -0.952644
0.650749 0.266673 0.0864571 0.19475 -0.225425 -0.954597
0.651539 0.267286 0.0864782 0.189883 -0.224016 -0.955909
0.652329 0.267899 0.0864993 0.185348 -0.221516 -0.95738
0.653118 0.268512 0.0865205 0.174825 -0.215183 -0.960798
0.653908 0.269125 0.0865416 0.166699 -0.211456 -0.963067
0.65457 0.268951 0.0864288 0.154482 -0.20429 -0.966644
0.655131 0.268152 0.0862097 0.136641 -0.190635 -0.972105
0.655692 0.267354 0.0859906 -0.103749 0.157397 0.98207
0.656252 0.266555 0.0857715 -0.0858965 0.139085 0.986548
0.656813 0.265757 0.0855524 -0.0681535 0.119663 0.990473
0.657373 0.264958 0.0853333 -0.0503739 0.100169 0.993694
0.657934 0.264159 0.0851141 -0.0412192 0.0936535 0.994751
0.658494 0.263361 0.084895 -0.0386648 0.0958046 0.994649
0.659055 0.262562 0.0846759 -0.0361098 0.0979548 0.994536
0.659616 0.261764 0.0844568 -0.0342853 0.0990565 0.994491
0.660176 0.260965 0.0842377 -0.0295368 0.0972286 0.994824
0.660737 0.260166 0.0840186 -0.0210519 0.0934502 0.995401
0.661297 0.259368 0.0837995 -0.0156366 0.0881057 0.995988
0.661858 0.258569 0.0835803 -0.0115093 0.0833075 0.996457
0.662419 0.257771 0.0833612 -0.00254982 0.0731308 0.997319
0.662979 0.256972 0.0831421 0.00668356 0.0627588 0.998006
0.66354 0.256174 0.082923 0.0159169 0.0523734 0.998501
0.6641 0.255375 0.0827039 0.0233026 0.0442517 0.998749
0.664661 0.254576 0.0824848 0.0316327 0.0284668 0.999094
0.665221 0.253778 0.0822657 0.0381702 0.0181827 0.999106
0.665782 0.252979 0.0820465 0.0441752 0.00760853 0.998995
0.666343 0.252181 0.0818274 0.0505283 -0.00270486 0.998719
0.666903 0.251382 0.0816083 0.0569009 -0.0108366 0.998321
0.667464 0.250583 0.0813892 0.0627669 -0.0162294 0.997896
0.668024 0.249785 0.0811701 0.0686294 -0.0216218 0.997408
0.668585 0.248986 0.080951 0.0758519 -0.0286407 0.996708
0.669145 0.248188 0.0807319 0.0811121 -0.0408189 0.995869
0.669706 0.247389 0.0805127 0.080627 -0.0519511 0.99539
0.670267 0.24659 0.0802936 0.0801319 -0.063079 0.994786
0.670827 0.245792 0.0800745 0.0796268 -0.0741982 0.994059
0.671388 0.244993 0.0798554 0.0816609 -0.0823238 0.993254
0.671948 0.244195 0.0796363 0.102751 -0.103765 0.98928
0.672509 0.243396 0.0794172 0.123089 -0.119916 0.985124
0.673069 0.242598 0.0791981 0.143211 -0.132974 0.980718
0.67363 0.241799 0.0789789 0.162943 -0.145038 0.975917
0.674191 0.241 0.0787598 0.175407 -0.144452 0.973841
0.674751 0.240202 0.0785407 0.179937 -0.134826 0.974394
0.675312 0.239403 0.0783216 0.1844 -0.12563 0.974789
0.675872 0.238605 0.0781025 0.202129 -0.125283 0.971313
0.676433 0.237806 0.0778834 0.211354 -0.122621 0.969687
0.676994 0.237007 0.0776642 0.220559 -0.119947 0.96797
0.677554 0.236209 0.0774451 0.228031 -0.117703 0.966513
0.678115 0.23541 0.077226 0.229682 -0.117517 0.966145
0.678675 0.234612 0.0770069 0.231331 -0.117331 0.965774
0.679236 0.233813 0.0767878 0.235103 -0.119677 0.964574
0.679796 0.233014 0.0765687 0.246241 -0.128492 0.960654
0.680357 0.232216 0.0763496 0.257331 -0.137282 0.956522
0.680918 0.231417 0.0761304 0.268365 -0.146043 0.952183
0.681478 0.230619 0.0759113 0.285151 -0.161035 0.944858
0.682039 0.22982 0.0756922 0.286687 -0.159388 0.944672
0.682599 0.229022 0.0754731 0.288038 -0.158606 0.944393
0.68316 0.228223 0.075254 0.28926 -0.158429 0.944049
0.68372 0.227424 0.0750349 0.291239 -0.158191 0.94348
0.684281 0.226626 0.0748158 0.292159 -0.158053 0.943219
0.684842 0.225827 0.0745966 0.304072 -0.158145 0.939431
0.685402 0.225029 0.0743775 0.321032 -0.169703 0.93174
0.685963 0.22423 0.0741584 0.368523 -0.255078 0.893939
0.686523 0.223431 0.0739393 0.404466 -0.280027 0.870627
0.687084 0.222633 0.0737202 0.455704 -0.318421 0.831229
0.687644 0.221834 0.0735011 0.507723 -0.341309 0.791028
0.688205 0.221036 0.073282 0.535211 -0.348233 0.769599
0.688766 0.220237 0.0730628 0.534354 -0.33701 0.775171
0.689326 0.219438 0.0728437 0.533414 -0.325749 0.780613
0.689887 0.21864 0.0726246 0.532391 -0.314456 0.785924
0.690447 0.217841 0.0724055 0.531814 -0.306586 0.789417
0.691008 0.217043 0.0721864 0.505406 -0.307753 0.806135
0.691569 0.216244 0.0719673 0.490622 -0.297479 0.819021
0.692129 0.215446 0.0717481 0.475557 -0.287031 0.83154
0.69269 0.214647 0.071529 0.46023 -0.276423 0.84367
0.69325 0.213848 0.0713099 0.444663 -0.265669 0.855392
0.693811 0.21305 0.0710908 0.436379 -0.255444 0.862741
0.694371 0.212251 0.0708717 0.450686 -0.251754 0.856447
0.694932 0.211453 0.0706526 0.464811 -0.248017 0.849964
0.695493 0.210654 0.0704335 0.47591 -0.245084 0.844656
0.696053 0.209855 0.0702143 0.473952 -0.279685 0.834952
0.696614 0.209057 0.0699952 -0.507132 0.269123 -0.818774
0.697174 0.208258 0.0697761 -0.510565 0.279622 -0.813102
0.697735 0.20746 0.069557 -0.513919 0.290076 -0.807306
0.698297 0.206766 0.0693474 -0.536181 0.296983 -0.790134
0.698879 0.207575 0.0692742 -0.531557 0.298648 -0.792626
0.699462 0.208385 0.069201 -0.526921 0.300302 -0.795093
0.700044 0.209195 0.0691279 -0.522271 0.301947 -0.797534
0.700626 0.210004 0.0690547 -0.51761 0.303581 -0.799949
0.701209 0.210814 0.0689815 -0.49627 0.300741 -0.814414
0.701791 0.211623 0.0689083 -0.472093 0.296818 -0.830077
0.702373 0.212433 0.0688352 -0.447939 0.292735 -0.844782
0.702956 0.213243 0.068762 -0.440018 0.294012 -0.848493
0.703538 0.214052 0.0686888 -0.460463 0.303446 -0.834203
0.70412 0.214862 0.0686157 -0.480619 0.312682 -0.81929
0.704703 0.215672 0.0685425 -0.50044 0.321698 -0.803785
0.705285 0.216481 0.0684693 -0.517638 0.329488 -0.789613
0.705867 0.217291 0.0683961 -0.512022 0.327273 -0.794182
0.70645 0.218101 0.068323 -0.506376 0.325039 -0.798707
0.707032 0.21891 0.0682498 -0.500701 0.322786 -0.803186
0.707614 0.21972 0.0681766 -0.507929 0.323409 -0.798383
0.708197 0.22053 0.0681035 -0.52414 0.325348 -0.787036
0.708779 0.221339 0.0680303 -0.527209 0.323979 -0.78555
0.709361 0.222149 0.0679571 -0.530271 0.322606 -0.784053
0.709944 0.222958 0.067884 -0.631704 0.190135 -0.751531
0.710526 0.223768 0.0678108 -0.586211 0.257777 -0.768055
0.711108 0.224578 0.0677376 -0.540988 0.318163 -0.778527
0.711691 0.225387 0.0676644 -0.551712 0.325261 -0.767997
0.712273 0.226197 0.0675913 -0.55712 0.327346 -0.763192
0.712855 0.227007 0.0675181 -0.55805 0.326585 -0.762839
0.713438 0.227816 0.0674449 -0.55898 0.325822 -0.762484
0.71402 0.228626 0.0673718 -0.559909 0.325059 -0.762127
0.714603 0.229436 0.0672986 -0.560574 0.324482 -0.761884
0.715185 0.230245 0.0672254 -0.55909 0.324578 -0.762934
0.715767 0.231055 0.0671522 -0.569056 0.333427 -0.751666
0.71635 0.231865 0.0670791 -0.58216 0.344726 -0.736379
0.716932 0.232674 0.0670059 -0.594925 0.355816 -0.720735
0.717514 0.233484 0.0669327 -0.597459 0.364062 -0.714494
0.718097 0.234293 0.0668596 -0.602139 0.370794 -0.707065
0.718679 0.235103 0.0667864 -0.609742 0.377046 -0.697174
0.719261 0.235913 0.0667132 -0.617224 0.383222 -0.68715
0.719353 0.236694 0.0667765 -0.619671 0.382595 -0.685294
0.718733 0.237433 0.0670379 -0.602887 0.372647 -0.705451
0.718112 0.238173 0.0672992 -0.577851 0.363858 -0.730545
0.717492 0.238912 0.0675605 0.538279 -0.347442 0.767815
0.716871 0.239652 0.0678219 0.516095 -0.332625 0.789308
0.716251 0.240391 0.0680832 0.503889 -0.313007 0.80506
0.715631 0.241131 0.0683445 0.497654 -0.307848 0.810907
0.71501 0.24187 0.0686059 0.49201 -0.3018 0.816604
0.71439 0.24261 0.0688672 0.487097 -0.294634 0.822148
0.71377 0.243349 0.0691285 0.482132 -0.287438 0.827604
0.713149 0.244089 0.0693899 0.485602 -0.28055 0.827938
0.712529 0.244828 0.0696512 0.53299 -0.274769 0.800265
0.711909 0.245568 0.0699125 0.579242 -0.268074 0.769815
0.711288 0.246307 0.0701739 0.623895 -0.260509 0.736811
0.710668 0.247047 0.0704352 0.648035 -0.293012 0.702989
0.710048 0.247786 0.0706965 0.668709 -0.331348 0.665611
0.709427 0.248526 0.0709579 0.677611 -0.325989 0.659222
0.708807 0.249265 0.0712192 0.678428 -0.310185 0.665974
0.708187 0.250005 0.0714805 0.61278 -0.107914 0.782851
0.707566 0.250744 0.0717419 0.433639 -0.0757912 0.897893
0.706946 0.251484 0.0720032 0.461376 -0.179785 0.868797
0.706326 0.252224 0.0722645 0.483186 -0.280531 0.829358
0.705705 0.252963 0.0725259 0.501512 -0.300963 0.811115
0.705085 0.253703 0.0727872 0.501512 -0.300963 0.811115
0.704465 0.254442 0.0730485 0.501689 -0.302019 0.810612
0.703844 0.255182 0.0733099 0.503413 -0.304219 0.808719
0.703224 0.255921 0.0735712 0.432141 -0.251594 0.865999
0.702604 0.256661 0.0738325 0.380757 -0.206889 0.901233
0.701983 0.2574 0.0740939 0.302183 -0.124097 0.945138
0.701363 0.25814 0.0743552 0.221455 -0.0766981 0.97215
0.700743 0.258879 0.0746165 0.220695 -0.0721023 0.972674
0.700122 0.259619 0.0748779 0.219034 -0.0849473 0.972012
0.699502 0.260358 0.0751392 0.213645 -0.107382 0.970992
0.698881 0.261098 0.0754005 0.213929 -0.121776 0.969229
0.698261 0.261837 0.0756618 0.220497 -0.127299 0.967045
0.697641 0.262577 0.0759232 0.219831 -0.126073 0.967357
0.69702 0.263316 0.0761845 0.20753 -0.114913 0.971456
0.6964 0.264056 0.0764458 0.195164 -0.103717 0.975271
0.69578 0.264795 0.0767072 0.182747 -0.0924945 0.978799
0.695159 0.265535 0.0769685 0.194618 -0.0806946 0.977554
0.694539 0.266274 0.0772298 0.204034 -0.0711851 0.976372
0.693919 0.267014 0.0774912 0.217893 -0.06259 0.973964
0.693298 0.267753 0.0777525 0.23109 -0.0551036 0.971371
0.692678 0.268493 0.0780138 0.240488 -0.0494381 0.969392
0.692058 0.269232 0.0782752 0.246861 -0.043539 0.968072
0.691437 0.269972 0.0785365 0.238702 -0.0418226 0.970192
0.690817 0.270711 0.0787978 0.225366 -0.0360359 0.973608
0.690197 0.271451 0.0790592 0.211674 -0.022301 0.977086
0.689576 0.27219 0.0793205 0.184246 0.00241323 0.982877
0.688956 0.27293 0.0795818 0.163383 0.0114324 0.986497
0.688336 0.273669 0.0798432 0.137465 0.0266468 0.990148
0.687715 0.274409 0.0801045 0.1097 0.033493 0.9934
0.687095 0.275148 0.0803658 0.081885 0.0403015 0.995827
0.686475 0.275888 0.0806272 0.0795906 0.0235265 0.99655
0.685854 0.276627 0.0808885 0.0646451 0.0253229 0.997587
0.685234 0.277367 0.0811498 0.0468022 0.0326765 0.99837
0.684614 0.278106 0.0814112 0.0289436 0.0400172 0.99878
0.683993 0.278846 0.0816725 0.0106688 0.0518431 0.998598
0.683373 0.279585 0.0819338 0.00641255 0.0634371 0.997965
0.682753 0.280325 0.0821952 0.00215483 0.0750228 0.997179
0.682132 0.281064 0.0824565 -0.00298393 0.0871735 0.996189
0.681512 0.281804 0.0827178 -0.0122354 0.101467 0.994764
0.680891 0.282544 0.0829792 -0.0248626 0.114265 0.993139
0.680271 0.283283 0.0832405 -0.0374817 0.127027 0.991191
0.679651 0.284023 0.0835018 -0.050333 0.139894 0.988886
0.67903 0.284762 0.0837632 -0.0621892 0.151164 0.986551
0.67841 0.285502 0.0840245 -0.0753105 0.163238 0.983708
0.67779 0.286241 0.0842858 -0.088405 0.175258 0.980545
0.677169 0.286981 0.0845472 0.15559 -0.245261 -0.95689
0.676549 0.28772 0.0848085 0.160739 -0.242765 -0.956676
0.67661 0.288394 0.0849272 0.165831 -0.245792 -0.955032
0.677407 0.288997 0.0848918 0.170853 -0.254768 -0.951789
0.678205 0.289599 0.0848565 0.175854 -0.263714 -0.948436
0.679002 0.290202 0.0848212 0.190906 -0.283644 -0.939734
0.679799 0.290805 0.0847859 0.177191 -0.27579 -0.944745
0.680596 0.291408 0.0847506 0.173446 -0.273995 -0.945962
0.681393 0.29201 0.0847152 0.169696 -0.272195 -0.947161
0.68219 0.292613 0.0846799 0.1738 -0.275153 -0.94556
0.682987 0.293216 0.0846446 0.192694 -0.286998 -0.93835
0.683785 0.293819 0.0846093 0.20171 -0.2884 -0.936023
0.684582 0.294421 0.084574 0.195055 -0.273388 -0.94192
0.685379 0.295024 0.0845386 0.186245 -0.275079 -0.94321
0.686176 0.295627 0.0845033 0.176371 -0.284923 -0.942185
0.686973 0.29623 0.084468 0.165266 -0.295449 -0.940955
0.68777 0.296833 0.0844327 0.152065 -0.300442 -0.9416
0.688567 0.297435 0.0843974 0.151636 -0.299695 -0.941907
0.689364 0.298038 0.084362 0.151207 -0.298949 -0.942213
0.690162 0.298641 0.0843267 0.152884 -0.298647 -0.942038
0.690959 0.299244 0.0842914 0.16146 -0.290176 -0.943254
0.691756 0.299846 0.0842561 0.17172 -0.278901 -0.944842
0.692553 0.300449 0.0842208 0.18201 -0.267483 -0.946216
0.69335 0.301052 0.0841854 0.187102 -0.266534 -0.945491
0.694147 0.301655 0.0841501 0.188929 -0.271989 -0.943572
0.694944 0.302257 0.0841148 0.191375 -0.278265 -0.941246
0.695742 0.30286 0.0840795 0.191712 -0.292046 -0.936993
0.696539 0.303463 0.0840442 0.18021 -0.299763 -0.936838
0.697209 0.302914 0.0837808 0.165297 -0.287998 -0.943257
0.697862 0.302216 0.0834879 -0.104133 0.223288 0.969174
0.698516 0.301518 0.083195 -0.10376 0.19927 0.974436
0.699169 0.30082 0.0829022 -0.088412 0.184726 0.978805
0.699823 0.300122 0.0826093 -0.0730091 0.17026 0.982691
0.700477 0.299424 0.0823164 -0.0481542 0.149272 0.987623
0.70113 0.298727 0.0820236 -0.0223641 0.12775 0.991554
0.701784 0.298029 0.0817307 0.00345512 0.106079 0.994352
0.702437 0.297331 0.0814378 0.0307702 0.0748804 0.996718
0.703091 0.296633 0.081145 0.0371531 0.0551012 0.997789
0.703744 0.295935 0.0808521 0.0435228 0.0352892 0.998429
0.704398 0.295237 0.0805592 0.0483776 0.0184387 0.998659
0.705052 0.294539 0.0802663 0.0638192 0.00378378 0.997954
0.705705 0.293841 0.0799735 0.0781904 -0.00447046 0.996928
0.706359 0.293143 0.0796806 0.092541 -0.012724 0.995628
0.707012 0.292445 0.0793877 0.106859 -0.0209701 0.994053
0.707666 0.291747 0.0790949 0.127687 -0.0329223 0.991268
0.708319 0.29105 0.078802 0.144476 -0.0428362 0.988581
0.708973 0.290352 0.0785091 0.16121 -0.052734 0.98551
0.709627 0.289654 0.0782162 0.184204 -0.064685 0.980757
0.71028 0.288956 0.0779234 0.195473 -0.0675118 0.978383
0.710934 0.288258 0.0776305 0.206717 -0.0703297 0.97587
0.711587 0.28756 0.0773376 0.217931 -0.0731376 0.97322
0.712241 0.286862 0.0770448 0.226403 -0.0787227 0.970847
0.712894 0.286164 0.0767519 0.226023 -0.094008 0.969575
0.713548 0.285466 0.076459 0.226845 -0.108423 0.967877
0.714201 0.284768 0.0761662 0.240128 -0.114603 0.963953
0.714855 0.28407 0.0758733 0.253368 -0.120764 0.959802
0.715509 0.283373 0.0755804 0.266232 -0.125805 0.955664
0.716162 0.282675 0.0752875 0.284728 -0.123984 0.950557
0.716816 0.281977 0.0749947 0.351692 -0.130982 0.926907
0.717469 0.281279 0.0747018 0.374904 -0.145704 0.915542
0.718123 0.280581 0.0744089 0.406997 -0.161545 0.899031
0.718776 0.279883 0.0741161 0.440534 -0.172195 0.881067
0.71943 0.279185 0.0738232 0.471004 -0.186205 0.862254
0.720084 0.278487 0.0735303 0.476835 -0.198511 0.856284
0.720737 0.277789 0.0732375 0.489344 -0.218561 0.844259
0.721391 0.277091 0.0729446 0.502259 -0.233522 0.832589
0.722044 0.276393 0.0726517 0.514914 -0.248366 0.820474
0.722698 0.275696 0.0723588 0.516431 -0.26086 0.815629
0.723351 0.274998 0.072066 0.499507 -0.276477 0.821007
0.724005 0.2743 0.0717731 0.50632 -0.287132 0.813139
0.724659 0.273602 0.0714802 0.51301 -0.297706 0.805103
0.725312 0.272904 0.0711874 0.519574 -0.308194 0.796906
0.725966 0.272206 0.0708945 0.495655 -0.276261 0.823411
0.726619 0.271508 0.0706016 0.455031 -0.217278 0.86356
0.727273 0.27081 0.0703087 0.40144 -0.156938 0.902339
0.727926 0.270112 0.0700159 0.344782 -0.0955016 0.933812
0.72858 0.269414 0.069723 0.286482 -0.0344435 0.957466
0.729234 0.268716 0.0694301 0.290611 -0.0691037 0.954343
0.729887 0.268019 0.0691373 0.326877 -0.17526 0.928674
0.730541 0.267321 0.0688444 0.358941 -0.279535 0.890517
0.731194 0.266623 0.0685515 0.436092 -0.360706 0.824448
0.731848 0.265925 0.0682587 0.482587 -0.360801 0.798081
0.732501 0.265227 0.0679658 0.527841 -0.35986 0.769341
0.733155 0.264529 0.0676729 0.575865 -0.371153 0.72844
0.733808 0.263831 0.06738 -0.512712 0.322844 -0.795549
0.734462 0.263133 0.0670872 -0.519177 0.334801 -0.786361
0.735116 0.262435 0.0667943 -0.531498 0.346918 -0.77276
0.735769 0.261737 0.0665014 -0.546407 0.358313 -0.757001
0.736382 0.262238 0.0663507 -0.555197 0.359815 -0.74986
0.736986 0.263027 0.0662341 -0.562279 0.359129 -0.744895
0.737589 0.263815 0.0661176 -0.569324 0.358415 -0.739871
0.738193 0.264604 0.0660011 -0.57613 0.358069 -0.734752
0.738796 0.265393 0.0658845 -0.582487 0.358544 -0.729489
0.7394 0.266182 0.065768 -0.589332 0.359543 -0.723475
0.740003 0.266971 0.0656515 -0.602091 0.367757 -0.70869
0.740606 0.26776 0.0655349 -0.614624 0.375836 -0.693531
0.74121 0.268549 0.0654184 -0.617048 0.37755 -0.690441
0.741813 0.269337 0.0653018 -0.607449 0.371692 -0.702033
0.742417 0.270126 0.0651853 -0.598413 0.36952 -0.710885
0.74302 0.270915 0.0650688 -0.590412 0.37331 -0.715579
0.743624 0.271704 0.0649522 -0.604904 0.352856 -0.713852
0.744227 0.272493 0.0648357 -0.619522 0.342995 -0.706078
0.744831 0.273282 0.0647191 -0.633969 0.338928 -0.695134
0.745434 0.27407 0.0646026 -0.64818 0.334748 -0.683963
0.746037 0.274859 0.0644861 -0.662141 0.330462 -0.67258
0.746641 0.275648 0.0643695 -0.675839 0.326074 -0.660997
0.747244 0.276437 0.064253 -0.674373 0.330961 -0.660065
0.747848 0.277226 0.0641365 -0.657699 0.347152 -0.668518
0.748451 0.278015 0.0640199 -0.640608 0.363145 -0.67657
0.749055 0.278804 0.0639034 -0.62313 0.37891 -0.684205
0.749658 0.279592 0.0637868 -0.623346 0.387505 -0.679176
0.750261 0.280381 0.0636703 -0.629266 0.393326 -0.670313
0.750865 0.28117 0.0635538 -0.651256 0.39502 -0.647939
0.750815 0.281913 0.0637054 -0.647134 0.392575 -0.653531
0.750214 0.282617 0.0640832 -0.627041 0.383232 -0.678198
0.749612 0.283321 0.0644609 -0.614484 0.368571 -0.697542
0.749011 0.284026 0.0648387 -0.604083 0.354311 -0.713826
0.74841 0.28473 0.0652165 0.54007 -0.295792 0.787929
0.747809 0.285434 0.0655942 0.569396 -0.304427 0.763618
0.747208 0.286138 0.065972 0.585499 -0.314488 0.747186
0.746606 0.286842 0.0663497 0.601253 -0.324363 0.730263
0.746005 0.287546 0.0667275 0.616625 -0.334032 0.712878
0.745404 0.288251 0.0671053 0.611549 -0.318467 0.724284
0.744803 0.288955 0.067483 0.562888 -0.292443 0.773068
0.744202 0.289659 0.0678608 0.502149 -0.264561 0.823319
0.7436 0.290363 0.0682386 0.437874 -0.234817 0.867829
0.742999 0.291067 0.0686163 0.357361 -0.220634 0.907532
0.742398 0.291771 0.0689941 0.342746 -0.227873 0.911372
0.741797 0.292475 0.0693719 0.351701 -0.246202 0.903156
0.741196 0.29318 0.0697496 0.38474 -0.28345 0.878426
0.740594 0.293884 0.0701274 0.416631 -0.319868 0.850942
0.739993 0.294588 0.0705052 0.464377 -0.344121 0.816048
0.739392 0.295292 0.0708829 0.532194 -0.334701 0.777654
0.738791 0.295996 0.0712607 0.532593 -0.326499 0.780861
0.73819 0.2967 0.0716384 0.530043 -0.318724 0.785792
0.737588 0.297405 0.0720162 0.527446 -0.31092 0.790651
0.736987 0.298109 0.072394 0.524909 -0.303555 0.795189
0.736386 0.298813 0.0727717 0.509322 -0.297123 0.807656
0.735785 0.299517 0.0731495 0.485547 -0.295764 0.822659
0.735184 0.300221 0.0735273 0.46342 -0.279127 0.841029
0.734582 0.300925 0.073905 0.440763 -0.262167 0.858485
0.733981 0.30163 0.0742828 0.393265 -0.235367 0.888789
0.73338 0.302334 0.0746606 0.361978 -0.209231 0.908402
0.732779 0.303038 0.0750383 0.292785 -0.130103 0.947286
0.732178 0.303742 0.0754161 0.269082 -0.112135 0.956567
0.731576 0.304446 0.0757939 0.256565 -0.103772 0.96094
0.730975 0.30515 0.0761716 0.243996 -0.0953901 0.965073
0.730374 0.305855 0.0765494 0.231384 -0.0869963 0.968965
0.729773 0.306559 0.0769271 0.223454 -0.0743113 0.971878
0.729172 0.307263 0.0773049 0.217827 -0.0640439 0.973884
0.72857 0.307967 0.0776827 0.21217 -0.0537664 0.975753
0.727969 0.308671 0.0780604 0.206484 -0.0434833 0.977483
0.727368 0.309375 0.0784382 0.197677 -0.0188509 0.980086
0.726767 0.31008 0.078816 0.18988 0.00382848 0.9818
0.726165 0.310784 0.0791937 0.181975 0.0232172 0.983029
0.725564 0.311488 0.0795715 0.173528 0.0387139 0.984068
0.724963 0.312192 0.0799493 0.163217 0.0627613 0.984592
0.724362 0.312896 0.080327 0.143306 0.0874072 0.985811
0.723761 0.3136 0.0807048 0.12319 0.109795 0.986291
0.723159 0.314305 0.0810826 0.102918 0.132131 0.985875
0.722558 0.315009 0.0814603 0.0825463 0.154355 0.984561
0.721957 0.315713 0.0818381 0.0621294 0.176405 0.982355
0.721356 0.316417 0.0822159 0.0574797 -0.234617 -0.970387
0.720755 0.317121 0.0825936 0.0646322 -0.236232 -0.969545
0.720558 0.317794 0.0828221 0.0667458 -0.232983 -0.970188
0.721349 0.31839 0.0826857 0.0688784 -0.227139 -0.971424
0.72214 0.318986 0.0825493 0.068803 -0.237313 -0.968994
0.722932 0.319582 0.0824129 0.0485407 -0.245538 -0.968171
0.723723 0.320178 0.0822765 0.0288722 -0.261382 -0.964803
0.724514 0.320774 0.0821401 0.00953403 -0.276192 -0.961055
0.725306 0.32137 0.0820037 0.001557 -0.265462 -0.96412
0.726097 0.321966 0.0818674 0.00160496 -0.269939 -0.962876
0.726888 0.322562 0.081731 0.00165299 -0.27442 -0.961609
0.72768 0.323158 0.0815946 0.0140943 -0.276605 -0.96088
0.728471 0.323754 0.0814582 0.0338357 -0.276403 -0.960446
0.729262 0.32435 0.0813218 0.0391265 -0.261629 -0.964375
0.730054 0.324946 0.0811854 0.044406 -0.24679 -0.968051
0.730845 0.325542 0.081049 0.0496703 -0.231896 -0.971472
0.731636 0.326138 0.0809126 0.048776 -0.239817 -0.969592
0.732428 0.326734 0.0807762 0.047181 -0.25215 -0.966537
0.733219 0.32733 0.0806398 0.0455792 -0.264434 -0.963326
0.73401 0.327926 0.0805034 0.0439715 -0.276663 -0.959961
0.734802 0.328522 0.080367 0.0391878 -0.289867 -0.956264
0.735593 0.329118 0.0802306 0.0420855 -0.293298 -0.955094
0.736384 0.329714 0.0800942 0.0513166 -0.284567 -0.957282
0.737176 0.33031 0.0799578 0.0557328 -0.270216 -0.961185
0.737967 0.330906 0.0798214 0.0519403 -0.263205 -0.963341
0.738758 0.331502 0.0796851 0.00882068 -0.292523 -0.956218
0.739494 0.331726 0.079455 -0.019265 -0.299839 -0.953795
0.740097 0.331069 0.0790027 -0.0676737 -0.289674 -0.95473
0.7407 0.330412 0.0785504 -0.00605604 0.227678 0.973718
0.741304 0.329756 0.0780981 0.0203755 0.20592 0.978357
0.741907 0.329099 0.0776459 0.0681586 0.1674 0.98353
0.74251 0.328442 0.0771936 0.115705 0.128228 0.984972
0.743113 0.327785 0.0767413 0.138008 0.0946697 0.985896
0.743717 0.327128 0.076289 0.152669 0.0651706 0.986126
0.74432 0.326471 0.0758367 0.167139 0.0356525 0.985289
0.744923 0.325814 0.0753844 0.180566 -0.001044 0.983562
0.745526 0.325157 0.0749321 0.209615 -0.0384623 0.977027
0.746129 0.3245 0.0744798 0.234793 -0.0826725 0.968523
0.746733 0.323843 0.0740275 0.259325 -0.126625 0.957453
0.747336 0.323186 0.0735753 0.30631 -0.158537 0.938637
0.747939 0.322529 0.073123 0.339141 -0.162204 0.926646
0.748542 0.321873 0.0726707 0.374719 -0.168604 0.911679
0.749146 0.321216 0.0722184 0.409947 -0.174147 0.89533
0.749749 0.320559 0.0717661 0.45151 -0.182593 0.873383
0.750352 0.319902 0.0713138 0.496027 -0.211226 0.842224
0.750955 0.319245 0.0708615 0.502447 -0.234187 0.832288
0.751559 0.318588 0.0704092 0.507645 -0.263069 0.820421
0.752162 0.317931 0.0699569 0.512323 -0.291606 0.807769
0.752765 0.317274 0.0695046 0.51053 -0.3002 0.805753
0.753368 0.316617 0.0690524 0.50647 -0.301501 0.807827
0.753972 0.31596 0.0686001 0.502399 -0.302795 0.809883
0.754575 0.315303 0.0681478 0.498317 -0.304082 0.81192
0.755178 0.314646 0.0676955 0.493396 -0.3013 0.815953
0.755781 0.31399 0.0672432 0.486633 -0.296737 0.821666
0.756385 0.313333 0.0667909 0.480805 -0.290312 0.827373
0.756988 0.312676 0.0663386 0.474924 -0.283856 0.83299
0.757591 0.312019 0.0658863 0.468992 -0.27737 0.838518
0.758194 0.311362 0.065434 0.463473 -0.271357 0.843539
0.758797 0.310705 0.0649817 0.473575 -0.28004 0.835047
0.759401 0.310048 0.0645295 0.488312 -0.284604 0.824956
0.760004 0.309391 0.0640772 0.502516 -0.286909 0.815574
0.760607 0.308734 0.0636249 0.516565 -0.289128 0.805956
0.76121 0.308077 0.0631726 0.521222 -0.30529 0.796948
0.761814 0.30742 0.0627203 0.521136 -0.323054 0.789971
0.762417 0.306764 0.062268 0.535187 -0.334495 0.775686
0.76302 0.306107 0.0618157 0.548962 -0.345764 0.760978
0.763623 0.30545 0.0613634 0.566378 -0.358704 0.741989
0.764227 0.304793 0.0609111 0.584446 -0.371148 0.721576
0.76483 0.304136 0.0604589 0.602006 -0.383269 0.700495
0.765433 0.303479 0.0600066 0.622544 -0.395252 0.675437
0.766036 0.302822 0.0595543 -0.730448 0.431857 -0.529098
0.76664 0.302165 0.059102 -0.74486 0.439556 -0.50197
0.76694 0.302911 0.0592184 -0.739148 0.439899 -0.510048
0.767198 0.303856 0.0594161 -0.732698 0.433096 -0.524959
0.767455 0.304802 0.0596138 -0.726086 0.425074 -0.540472
0.767713 0.305748 0.0598114 -0.719216 0.416897 -0.555811
0.76797 0.306694 0.0600091 -0.712179 0.409313 -0.57032
0.768228 0.30764 0.0602068 -0.705286 0.408873 -0.579132
0.768485 0.308586 0.0604045 0.634115 -0.322569 0.702743
0.768742 0.309532 0.0606021 0.621199 -0.305913 0.721476
0.769 0.310477 0.0607998 0.61834 -0.299597 0.726566
0.769257 0.311423 0.0609975 0.616673 -0.295136 0.7298
0.769515 0.312369 0.0611951 -0.666679 0.405528 -0.625368
0.769772 0.313315 0.0613928 -0.664327 0.399909 -0.631461
0.77003 0.314261 0.0615905 -0.663026 0.391164 -0.638269
0.770287 0.315205 0.0617877 -0.663568 0.376967 -0.646199
0.770542 0.316142 0.0619836 -0.663932 0.36281 -0.653883
0.770794 0.317068 0.0621773 -0.662079 0.34077 -0.667479
0.771042 0.317981 0.0623679 0.515923 -0.318413 0.795259
0.771286 0.318875 0.0625548 0.513294 -0.313111 0.799056
0.771523 0.319749 0.0627374 0.510701 -0.307918 0.802727
0.771755 0.320599 0.062915 0.506505 -0.305676 0.806235
0.771979 0.321423 0.0630873 0.49895 -0.30643 0.810647
0.772196 0.32222 0.0632539 0.475158 -0.287416 0.831635
0.772406 0.32299 0.0634147 0.451564 -0.268681 0.850823
0.772607 0.32373 0.0635694 0.428344 -0.250351 0.868243
0.772801 0.324442 0.0637181 0.408009 -0.233725 0.882554
0.772987 0.325124 0.0638608 0.417322 -0.231399 0.878804
0.773165 0.325778 0.0639975 0.443366 -0.231112 0.866033
0.773335 0.326405 0.0641285 -0.580589 0.305111 -0.754867
0.773498 0.327004 0.0642537 -0.576389 0.302314 -0.759198
0.773654 0.327578 0.0643736 -0.57275 0.298127 -0.763595
0.773804 0.328126 0.0644882 -0.569245 0.294111 -0.767762
0.773946 0.328651 0.0645978 -0.565871 0.290261 -0.771711
0.774083 0.329152 0.0647026 -0.558304 0.285612 -0.778924
0.774214 0.329632 0.0648029 -0.553981 0.287131 -0.781448
0.774339 0.330092 0.064899 -0.549825 0.288578 -0.783846
0.774458 0.330532 0.064991 -0.545831 0.289957 -0.786125
0.774573 0.330954 0.0650792 -0.54486 0.28937 -0.787015
0.774683 0.331359 0.0651637 -0.546375 0.285059 -0.787538
0.774789 0.331747 0.0652449 -0.547819 0.280916 -0.788023
0.774891 0.33212 0.0653229 -0.549799 0.274835 -0.788788
0.774988 0.332479 0.0653979 -0.548826 0.268375 -0.791685
0.775082 0.332825 0.0654701 -0.547863 0.262143 -0.794435
0.775173 0.333157 0.0655396 -0.546911 0.256127 -0.797049
0.77526 0.333478 0.0656066 -0.545971 0.250315 -0.799536
0.775345 0.333787 0.0656713 -0.545041 0.244696 -0.801906
0.775426 0.334086 0.0657338 -0.544124 0.23926 -0.804167
0.775505 0.334376 0.0657943 -0.543219 0.233995 -0.806325
0.775581 0.334656 0.0658527 -0.542325 0.228892 -0.808388
0.775655 0.334927 0.0659094 -0.541444 0.223943 -0.810363
0.775726 0.33519 0.0659644 -0.540574 0.219138 -0.812255
0.775796 0.335445 0.0660177 -0.539716 0.214469 -0.81407
0.775863 0.335693 0.0660696 -0.538869 0.209929 -0.815812
0.775929 0.335934 0.06612 -0.537671 0.204686 -0.817932
0.775993 0.336169 0.0661691 -0.537204 0.201863 -0.81894
0.776055 0.336398 0.066217 -0.53669 0.199288 -0.819907
0.776116 0.336622 0.0662636 -0.536185 0.196775 -0.820845
0.776175 0.33684 0.0663092 -0.535687 0.194319 -0.821754
0.776233 0.337053 0.0663537 -0.535197 0.191918 -0.822637
0.77629 0.337261 0.0663973 -0.534714 0.189568 -0.823495
0.776346 0.337465 0.0664399 -0.534238 0.187266 -0.824331
0.7764 0.337665 0.0664817 -0.533769 0.185009 -0.825144
0.776453 0.337861 0.0665227 -0.533305 0.182794 -0.825937
0.776506 0.338054 0.0665629 -0.532846 0.180619 -0.826711
0.776557 0.338243 0.0666025 -0.532393 0.17848 -0.827467
0.776608 0.338429 0.0666413 -0.531242 0.174878 -0.828975
0.776658 0.338612 0.0666796 -0.529789 0.170647 -0.830785
0.776707 0.338792 0.0667172 -0.528346 0.166474 -0.832548
0.776755 0.33897 0.0667544 -0.526911 0.162355 -0.834269
0.776803 0.339145 0.066791 -0.525484 0.158287 -0.83595
0.77685 0.339318 0.0668272 -0.524063 0.154267 -0.837591
0.776897 0.339489 0.066863 -0.522649 0.15029 -0.839197
0.776943 0.339659 0.0668984 -0.521239 0.146353 -0.840768
0.776988 0.339826 0.0669334 -0.519833 0.142453 -0.842307
0.777033 0.339992 0.0669681 -0.51843 0.138586 -0.843815
0.777078 0.340157 0.0670025 -0.51703 0.134751 -0.845294
0.777123 0.34032 0.0670366 -0.51563 0.130943 -0.846746
0.777167 0.340482 0.0670705 -0.514602 0.126936 -0.847981
0.777211 0.340643 0.0671041 -0.514575 0.122414 -0.848662
0.777254 0.340804 0.0671376 -0.514537 0.117915 -0.849322
0.777298 0.340963 0.067171 -0.514489 0.113437 -0.849961
0.777341 0.341122 0.0672042 -0.514283 0.108862 -0.850683
0.777384 0.341281 0.0672373 -0.51294 0.106071 -0.851846
0.777427 0.341439 0.0672703 -0.511595 0.103286 -0.852996
0.77747 0.341596 0.0673033 -0.510246 0.100505 -0.854136
0.640795 0.129649 0.0700494 0.56226 -0.218375 0.797606
0.640155 0.130411 0.0708452 0.529193 -0.287056 0.798469
0.639516 0.131174 0.0716811 0.491748 -0.347075 0.798575
0.638876 0.131937 0.0724531 0.466107 -0.367197 0.804929
0.577455 0.205153 0.081606 -0.277819 0.301541 0.91208
0.576815 0.205916 0.0811682 -0.289092 0.313669 0.904454
0.576175 0.206678 0.0807452 -0.305925 0.324719 0.894968
0.576221 0.207357 0.0821997 0.319223 -0.298057 -0.899588
0.577026 0.207942 0.0822761 0.319764 -0.297988 -0.899419
0.577831 0.208527 0.0823586 0.322505 -0.302951 -0.896778
0.578636 0.209112 0.0824528 0.338535 -0.311004 -0.888072
0.57944 0.209697 0.0825469 0.354426 -0.318931 -0.879014
0.580245 0.210283 0.0826404 0.369335 -0.326703 -0.869975
0.58105 0.210868 0.0827552 0.359269 -0.316012 -0.878101
0.581855 0.211453 0.0828705 0.348717 -0.304862 -0.886259
0.58266 0.212038 0.0829858 0.338061 -0.293621 -0.894149
0.583465 0.212623 0.0830796 0.337614 -0.292124 -0.894808
0.584269 0.213208 0.0831677 0.339845 -0.293183 -0.893616
0.585074 0.213793 0.0832096 0.343134 -0.287112 -0.89433
0.585879 0.214379 0.0832454 0.34654 -0.280099 -0.89524
0.586684 0.214964 0.0833053 0.352574 -0.276789 -0.893912
0.587489 0.215549 0.0835 0.359088 -0.285328 -0.888619
0.588294 0.216134 0.0819466 -0.32519 0.272978 0.905392
0.589098 0.216719 0.0820517 -0.320947 0.265117 0.909234
0.589903 0.217304 0.0821492 -0.317742 0.258293 0.912318
0.590708 0.217889 0.0822502 -0.318297 0.260865 0.911392
0.591513 0.218474 0.0823559 -0.317845 0.264163 0.9106
0.592318 0.21906 0.0824616 -0.31739 0.267459 0.909796
0.593123 0.219645 0.0825673 -0.31693 0.270751 0.908982
0.593927 0.22023 0.0826643 -0.317267 0.272337 0.908391
0.594732 0.220815 0.0844802 0.266052 -0.204035 -0.942118
0.595537 0.2214 0.0844924 0.265012 -0.196158 -0.944082
0.596342 0.221985 0.084575 0.269792 -0.189139 -0.94416
0.597147 0.22257 0.0846936 0.276193 -0.184853 -0.943158
0.597952 0.223156 0.083185 -0.274067 0.274416 0.921728
0.598756 0.223741 0.0833032 -0.27542 0.262413 0.924815
0.599561 0.224326 0.0834214 -0.27673 0.250371 0.927758
0.600366 0.224911 0.0835139 -0.273608 0.245134 0.93008
0.601171 0.225496 0.0835763 -0.265204 0.248228 0.931692
0.601976 0.226081 0.0836388 -0.256773 0.251304 0.933228
0.602781 0.226666 0.0837003 -0.249139 0.254234 0.934503
0.603449 0.226307 0.0839542 -0.239232 0.242742 0.94013
0.604057 0.225526 0.0842963 -0.226254 0.225006 0.947724
0.604665 0.224745 0.0846262 -0.213469 0.207823 0.954589
0.605273 0.223964 0.0848746 -0.202647 0.195007 0.959639
0.656948 0.157589 0.0725564 0.390828 -0.457098 0.798946
0.657556 0.156808 0.071253 0.483415 -0.413713 0.771461
0.658164 0.156027 0.0707249 0.465582 -0.392149 0.79338
0.658772 0.155247 0.0700709 0.512869 -0.338276 0.789008
0.65938 0.154466 0.069417 0.557957 -0.282078 0.780459
0.659988 0.153685 0.0718851 -0.0871243 0.0960772 -0.991554
0.660596 0.152904 0.0718379 -0.111317 0.14143 -0.98367
0.661186 0.152439 0.0717181 -0.118972 0.166015 -0.97892
0.661706 0.153294 0.0712958 -0.0575525 0.103211 -0.992993
0.662225 0.154149 0.0710384 -0.0162503 0.0564297 -0.998274
0.662744 0.155003 0.0715051 -0.0526076 0.0985351 -0.993742
0.663263 0.155858 0.06822 0.478767 -0.355516 0.80274
0.663783 0.156712 0.0682364 0.485232 -0.344976 0.803456
0.664302 0.157567 0.0681471 0.48696 -0.322932 0.811533
0.664821 0.158422 0.0717336 -0.292804 0.1541 -0.943673
0.665341 0.159276 0.071694 -0.328508 0.15888 -0.931042
0.66586 0.160131 0.0716618 -0.362104 0.16388 -0.917619
0.666379 0.160985 0.0716296 -0.39441 0.168547 -0.903345
0.666898 0.16184 0.0715794 -0.422359 0.17374 -0.889622
0.667418 0.162695 0.0712877 -0.409188 0.190095 -0.892429
0.667937 0.163549 0.0712773 -0.413817 0.203098 -0.887416
0.668456 0.164404 0.0712992 -0.420387 0.215669 -0.881341
0.668975 0.165258 0.0713211 -0.426843 0.228159 -0.875071
0.669495 0.166113 0.071343 -0.433179 0.240561 -0.868612
0.670014 0.166968 0.0713652 -0.442784 0.264188 -0.856824
0.670533 0.167822 0.0714087 -0.465012 0.275155 -0.841459
0.671052 0.168677 0.0714308 -0.467922 0.276265 -0.83948
0.671572 0.169532 0.0714584 -0.470835 0.283416 -0.835458
0.672091 0.170386 0.0714859 -0.473712 0.290547 -0.831372
0.67261 0.171241 0.0715134 -0.476554 0.297657 -0.827222
0.673129 0.172095 0.0715356 -0.478527 0.300539 -0.825038
0.673649 0.17295 0.0715502 -0.479303 0.297448 -0.825708
0.674168 0.173805 0.0715648 -0.480074 0.294353 -0.826369
0.674687 0.174659 0.0715726 -0.48403 0.294202 -0.824112
0.675206 0.175514 0.0715724 -0.491701 0.297488 -0.818371
0.675726 0.176368 0.0715693 -0.494368 0.301837 -0.815165
0.676245 0.177223 0.0715616 -0.488752 0.307969 -0.816258
0.676764 0.178078 0.0715538 -0.483101 0.314081 -0.817292
0.677284 0.178932 0.0716031 -0.490741 0.31341 -0.812987
0.677803 0.179787 0.0716663 -0.501582 0.311035 -0.807263
0.678322 0.180642 0.0717296 -0.512346 0.30861 -0.801412
0.677745 0.181432 0.0688434 0.466351 -0.330786 0.820425
0.677153 0.182221 0.0694431 0.455054 -0.402136 0.794489
0.676561 0.18301 0.0700421 0.449485 -0.44199 0.776278
0.675969 0.183799 0.0706511 0.450387 -0.451491 0.770264
0.675377 0.184588 0.0712601 0.451233 -0.460958 0.764138
0.674785 0.185377 0.0718673 0.44219 -0.456762 0.771904
0.674193 0.186166 0.0724682 0.39637 -0.402378 0.825217
0.629796 0.24535 0.0851529 -0.138387 0.175925 0.974628
0.629204 0.24614 0.0849132 -0.155228 0.198277 0.967776
0.628612 0.246929 0.0846736 -0.171929 0.220448 0.960127
0.62802 0.247718 0.0843749 -0.184799 0.240346 0.952934
0.627428 0.248507 0.0840204 -0.199003 0.25568 0.946058
0.628139 0.24913 0.085844 0.18689 -0.262925 -0.946542
0.628929 0.249743 0.0857318 0.184897 -0.286224 -0.940154
0.629719 0.250356 0.0856148 0.18205 -0.30946 -0.933323
0.630508 0.250969 0.0855435 0.180993 -0.326007 -0.92788
0.631298 0.251581 0.0855421 0.19737 -0.32162 -0.92607
0.632088 0.252194 0.0856471 0.217171 -0.30667 -0.926709
0.632878 0.252807 0.0857521 0.236841 -0.291528 -0.926778
0.633668 0.25342 0.0858912 0.264387 -0.284139 -0.92161
0.634458 0.254033 0.0858682 0.242362 -0.273074 -0.930963
0.635248 0.254646 0.0858453 0.220153 -0.261811 -0.939674
0.636038 0.255259 0.0858699 0.20749 -0.259497 -0.943191
0.636828 0.255872 0.0859068 0.198621 -0.259351 -0.945139
0.637618 0.256485 0.0859306 0.191306 -0.25632 -0.947471
0.638407 0.257097 0.0859544 0.194121 -0.260504 -0.945756
0.639197 0.25771 0.0859583 0.200284 -0.265504 -0.943077
0.639987 0.258323 0.0859026 0.206967 -0.266199 -0.941436
0.640777 0.258936 0.0858469 0.213642 -0.266882 -0.93975
0.641567 0.259549 0.0858629 0.22193 -0.26199 -0.939206
0.642357 0.260162 0.085934 0.230153 -0.254242 -0.939356
0.643147 0.260775 0.0860122 0.235995 -0.248792 -0.939366
0.643937 0.261388 0.0860859 0.241551 -0.245129 -0.938917
0.644727 0.262 0.0861538 0.246745 -0.243786 -0.937915
0.645516 0.262613 0.086199 0.24026 -0.24137 -0.940221
0.646306 0.263226 0.0862303 0.226682 -0.238265 -0.944375
0.647096 0.263839 0.086268 0.216114 -0.236267 -0.94735
0.647886 0.264452 0.0863184 0.211682 -0.236575 -0.948274
0.648676 0.265065 0.0863664 0.207239 -0.236585 -0.949252
0.649466 0.265678 0.0863813 0.202656 -0.232483 -0.951253
0.650256 0.266291 0.0863961 0.198067 -0.228372 -0.953213
0.651046 0.266904 0.0864048 0.192226 -0.224112 -0.955418
0.651836 0.267516 0.0864189 0.192891 -0.22633 -0.954761
0.652625 0.268129 0.0864797 0.181795 -0.219497 -0.958526
0.653415 0.268742 0.0844594 -0.185416 0.216167 0.958589
0.654205 0.269355 0.0844577 -0.173978 0.218638 0.960171
0.654781 0.268651 0.0847021 -0.148511 0.197316 0.969026
0.655342 0.267852 0.0849642 -0.121887 0.174071 0.977161
0.655902 0.267054 0.0851654 -0.0988451 0.153135 0.983249
0.656463 0.266255 0.0852957 -0.080185 0.132861 0.987886
0.657023 0.265456 0.0854239 -0.0615852 0.112468 0.991745
0.693461 0.213548 0.0711001 0.439401 -0.260137 0.8598
0.694022 0.21275 0.0708317 0.444369 -0.253221 0.859311
0.694582 0.211951 0.0707324 0.456842 -0.250081 0.853671
0.696264 0.209555 0.0689793 0.473418 -0.341747 0.81184
0.696824 0.208757 0.0676591 0.471327 -0.41296 0.779304
0.697385 0.207958 0.0670858 0.484621 -0.370053 0.792593
0.697946 0.20716 0.0665126 0.496706 -0.326879 0.804011
0.698516 0.20707 0.0661515 0.51164 -0.307252 0.802385
0.699098 0.20788 0.0660661 0.524901 -0.277177 0.804768
0.69968 0.208689 0.0659808 0.537583 -0.246825 0.806277
0.700263 0.209499 0.0658384 0.537028 -0.245373 0.807089
0.700845 0.210309 0.0656406 0.523693 -0.271982 0.807323
0.701427 0.211118 0.0654428 0.509889 -0.298361 0.806842
0.70201 0.211928 0.0653574 0.544982 -0.300575 0.782719
0.702592 0.212737 0.0653367 0.606445 -0.287517 0.741322
0.703174 0.213547 0.0652667 0.657458 -0.270373 0.703312
0.703757 0.214357 0.0686529 -0.468366 0.307038 -0.828469
0.704339 0.215166 0.068557 -0.489169 0.31644 -0.81276
0.704922 0.215976 0.0684611 -0.509594 0.325598 -0.796429
0.705504 0.216786 0.0683833 -0.516731 0.328952 -0.79043
0.706086 0.217595 0.0683238 -0.51083 0.326665 -0.7952
0.706669 0.218405 0.0682642 -0.504895 0.324356 -0.799921
0.707251 0.219215 0.0682046 -0.498929 0.322027 -0.804592
0.707833 0.220024 0.0681067 -0.521441 0.326023 -0.788548
0.708416 0.220834 0.0651526 0.551163 -0.330887 0.765986
0.708998 0.221643 0.064974 0.555638 -0.323735 0.765808
0.70958 0.222453 0.0647823 0.562959 -0.302069 0.769306
0.710163 0.223263 0.0645918 0.570116 -0.279497 0.77256
0.710745 0.224072 0.0644013 0.576957 -0.256732 0.775377
0.711327 0.224882 0.0643444 0.590983 -0.259548 0.763789
0.71191 0.225692 0.0643731 0.609227 -0.278616 0.742439
0.712492 0.226501 0.0644018 0.62675 -0.297342 0.720258
0.713074 0.227311 0.0644306 0.643496 -0.315665 0.69733
0.713657 0.228121 0.0643152 0.64583 -0.317815 0.694188
0.714239 0.22893 0.0640625 0.629769 -0.304998 0.7144
0.714821 0.22974 0.0638098 0.613155 -0.291904 0.734052
0.715404 0.23055 0.0635572 0.596029 -0.278565 0.753095
0.715986 0.231359 0.0633045 0.578433 -0.265016 0.77148
0.716568 0.232169 0.0631801 0.577821 -0.270381 0.770076
0.717151 0.232978 0.0629539 0.615511 -0.245798 0.748819
0.717733 0.233788 0.0627237 0.652775 -0.219336 0.725105
0.718315 0.234598 0.0624934 0.688505 -0.192137 0.699317
0.718898 0.235407 0.0622632 0.722398 -0.164415 0.671646
0.71948 0.236217 0.0621569 0.727088 -0.158092 0.668095
0.71912 0.236972 0.0632005 0.688299 -0.246488 0.682267
0.718499 0.237711 0.0645462 0.632282 -0.354043 0.68911
0.717879 0.238451 0.0654315 0.591649 -0.366371 0.718139
0.717259 0.23919 0.0661998 0.554556 -0.3548 0.752718
0.716638 0.23993 0.0669598 0.520945 -0.337964 0.783834
0.716018 0.240669 0.0676715 0.503912 -0.312032 0.805425
0.715398 0.241409 0.0682929 0.495996 -0.306186 0.81255
0.678177 0.285779 0.0839299 -0.080641 0.168197 0.982449
0.677557 0.286519 0.0837626 -0.0946189 0.18115 0.978893
0.676936 0.287259 0.0835354 -0.118981 0.190395 0.974471
0.676316 0.287998 0.0833025 -0.144283 0.199175 0.969284
0.67691 0.28862 0.0832791 -0.142209 0.213288 0.966584
0.677707 0.289223 0.0832897 -0.135358 0.227798 0.964254
0.678504 0.289826 0.083216 -0.1201 0.239675 0.963396
0.679301 0.290429 0.0831179 -0.104492 0.248494 0.962981
0.680098 0.291031 0.0830511 -0.100068 0.249839 0.963103
0.680896 0.291634 0.0829843 -0.0956463 0.251179 0.963203
0.681693 0.292237 0.0846864 0.168312 -0.271555 -0.947591
0.68249 0.29284 0.0828739 -0.141039 0.272041 0.951894
0.683287 0.293443 0.0828236 -0.175034 0.285877 0.942145
0.684084 0.294045 0.0827733 -0.208696 0.299269 0.931066
0.684881 0.294648 0.0827137 -0.213649 0.303789 0.928475
0.685678 0.295251 0.0826477 -0.165081 0.288083 0.943269
0.686476 0.295854 0.0825818 -0.11597 0.271537 0.955416
0.687273 0.296456 0.0825186 -0.0772528 0.256676 0.963405
0.68807 0.297059 0.0824421 -0.100726 0.259322 0.960524
0.688867 0.297662 0.0823283 -0.12239 0.26602 0.956166
0.689664 0.298265 0.0822146 -0.143994 0.272578 0.951297
0.690461 0.298867 0.0821929 -0.145748 0.27589 0.950075
0.691258 0.29947 0.0821718 -0.133525 0.280473 0.950529
0.692055 0.300073 0.0820754 -0.122063 0.289055 0.949499
0.692853 0.300676 0.0841476 0.186558 -0.264064 -0.946291
0.69365 0.301278 0.0841147 0.18837 -0.269509 -0.944395
0.694447 0.301881 0.0840819 0.19016 -0.274898 -0.942481
0.695244 0.302484 0.0840471 0.194398 -0.283604 -0.93903
0.696041 0.303087 0.084056 0.187493 -0.29686 -0.936333
0.696801 0.30335 0.0819582 -0.154173 0.27155 0.949995
0.697454 0.302652 0.0822219 -0.105709 0.245826 0.963533
0.698108 0.301954 0.0824321 -0.104912 0.219286 0.970004
0.698761 0.301256 0.0826443 -0.0995989 0.195417 0.97565
0.732093 0.265663 0.0675493 0.532096 -0.361417 0.76567
0.732747 0.264965 0.0665075 0.575466 -0.382113 0.723069
0.733401 0.264267 0.0659025 0.570395 -0.416493 0.707943
0.734054 0.263569 0.0653011 0.559763 -0.398049 0.726789
0.734708 0.262871 0.0646998 0.548333 -0.376594 0.746664
0.735361 0.262173 0.0636451 0.583503 -0.36978 0.72304
0.736006 0.261745 0.0627834 0.595629 -0.365042 0.715521
0.736609 0.262534 0.0625933 0.619745 -0.362742 0.695942
0.737213 0.263323 0.0625252 0.619052 -0.359051 0.698467
0.737816 0.264112 0.0625272 0.59048 -0.385362 0.709104
0.738419 0.264901 0.0625292 0.56085 -0.411133 0.718621
0.739023 0.26569 0.0625312 0.530302 -0.436235 0.726966
0.739626 0.266479 0.0625384 0.499457 -0.460049 0.734096
0.74023 0.267267 0.0624777 0.502701 -0.449958 0.738125
0.740833 0.268056 0.0623451 0.522272 -0.424568 0.739577
0.741437 0.268845 0.0622126 0.541344 -0.398687 0.740267
0.74204 0.269634 0.06208 0.559858 -0.372392 0.740192
0.742644 0.270423 0.0619474 0.577756 -0.345767 0.739353
0.743247 0.271212 0.0618271 0.590611 -0.324583 0.738799
0.74385 0.272 0.0617514 0.587801 -0.316867 0.744369
0.744454 0.272789 0.0616757 0.584932 -0.309117 0.749868
0.745057 0.273578 0.0615999 0.582005 -0.301336 0.755293
0.745661 0.274367 0.0615242 0.579021 -0.293527 0.760643
0.746264 0.275156 0.0614093 0.579922 -0.292296 0.76043
0.746868 0.275945 0.0612005 0.600436 -0.31425 0.735339
0.747471 0.276734 0.0609917 0.620092 -0.335793 0.709034
0.748075 0.277522 0.060783 0.638797 -0.356822 0.681628
0.748678 0.278311 0.0638999 -0.633961 0.369875 -0.67918
0.749281 0.2791 0.0636799 -0.62038 0.384924 -0.683346
0.749885 0.279889 0.063723 -0.625667 0.38982 -0.675708
0.750488 0.280678 0.060398 0.558748 -0.439978 0.703008
0.751092 0.281467 0.0603327 0.510225 -0.430004 0.744826
0.750589 0.282178 0.0609422 0.470419 -0.385387 0.793841
0.749988 0.282882 0.0616368 0.432795 -0.334771 0.837029
0.749386 0.283586 0.0623314 0.393238 -0.282971 0.874809
0.748785 0.28429 0.0631754 0.434625 -0.280438 0.855836
0.748184 0.284994 0.064048 0.506567 -0.286367 0.813255
0.747583 0.285698 0.0648593 0.558589 -0.296988 0.774452
0.746982 0.286403 0.0656615 0.582658 -0.31283 0.750098
0.74638 0.287107 0.0664691 0.606649 -0.327759 0.724259
0.723535 0.313865 0.0808224 0.115541 0.118267 0.986237
0.722934 0.314569 0.0808161 0.0944936 0.141645 0.985397
0.722332 0.315273 0.0808098 0.0733601 0.164875 0.983583
0.721731 0.315978 0.0808186 0.0531804 0.187092 0.980902
0.72113 0.316682 0.080781 0.0307726 0.21182 0.976824
0.720529 0.317386 0.0805111 -0.00420769 0.260599 0.965438
0.720855 0.318018 0.0802828 -0.0195768 0.277736 0.960458
0.721646 0.318614 0.0800689 -0.0255494 0.282636 0.958887
0.722438 0.31921 0.0798395 -0.0327447 0.295674 0.954727
0.723229 0.319806 0.0796101 -0.0399447 0.308665 0.950332
0.72402 0.320402 0.079458 -0.0439519 0.313281 0.948643
0.724812 0.320998 0.0793466 -0.0462718 0.313513 0.948456
0.725603 0.321594 0.0792351 -0.0485806 0.313743 0.948264
0.726394 0.32219 0.0818052 0.0016943 -0.2717 -0.962381
0.727186 0.322786 0.0816568 0.00182015 -0.276265 -0.96108
0.727977 0.323382 0.081494 0.0223242 -0.277151 -0.960567
0.728768 0.323978 0.0813204 0.0363238 -0.270998 -0.961894
0.72956 0.324574 0.0811339 0.0419 -0.256279 -0.965694
0.730351 0.32517 0.0809473 0.047463 -0.241498 -0.96924
0.731142 0.325766 0.0807856 0.0513209 -0.232697 -0.971194
0.731934 0.326362 0.0807106 0.0492809 -0.244883 -0.968299
0.732725 0.326958 0.0806355 0.0472338 -0.257025 -0.96525
0.733516 0.327554 0.0805605 0.0451806 -0.269115 -0.962048
0.734308 0.32815 0.077534 -0.0581775 0.278089 0.958792
0.735099 0.328746 0.0774201 -0.0471772 0.275647 0.960101
0.73589 0.329342 0.0773063 -0.0361664 0.273168 0.961286
0.736682 0.329938 0.0771925 -0.0251494 0.270654 0.962348
0.737473 0.330534 0.0798514 0.0578858 -0.264993 -0.962511
0.738264 0.33113 0.0797138 0.0348541 -0.275525 -0.960662
0.739056 0.331726 0.0796206 0.00162542 -0.298037 -0.954553
0.739721 0.331479 0.0767081 -0.0238018 0.258125 0.965818
0.740324 0.330822 0.0769599 -0.0160386 0.243116 0.969865
0.740927 0.330166 0.0772467 -0.00456695 0.227563 0.973753
0.74153 0.329509 0.077385 0.0356743 0.193778 0.980397
0.742134 0.328852 0.0774713 0.0860628 0.15275 0.98451
0.76385 0.305203 0.0610519 0.574991 -0.364745 0.732357
0.764453 0.304546 0.0602209 0.597383 -0.380489 0.705947
0.765057 0.303889 0.05939 0.618901 -0.395674 0.67853
0.76566 0.303232 0.0587516 0.645887 -0.397823 0.651588
0.766263 0.302575 0.0572368 0.705373 -0.423736 0.56824
0.76678 0.30232 0.0561218 0.740015 -0.439713 0.508951
0.767037 0.303266 0.0566526 0.72125 -0.436522 0.537818
0.767294 0.304212 0.0571211 0.725343 -0.437002 0.53189
0.767552 0.305158 0.0575896 0.729392 -0.437458 0.525945
0.767809 0.306104 0.0580322 0.734024 -0.435065 0.521467
0.768067 0.30705 0.0584519 0.721691 -0.412812 0.555652
0.768324 0.307995 0.0588991 0.695676 -0.381735 0.608534
0.768582 0.308941 0.059348 0.666824 -0.349124 0.658375
0.768839 0.309887 0.0598025 0.636238 -0.315869 0.703866
0.769097 0.310833 0.0599729 0.624216 -0.301967 0.720535
0.769354 0.311779 0.0599915 0.623868 -0.298323 0.722352
0.769612 0.312725 0.0600101 0.623508 -0.29467 0.724159
0.769869 0.313671 0.0600783 0.601918 -0.305864 0.73766
0.770126 0.314616 0.0601529 0.576995 -0.318701 0.752001
0.770384 0.315562 0.060193 0.560816 -0.326144 0.760996
0.770641 0.316508 0.0603317 0.55103 -0.326596 0.76792
0.770899 0.317454 0.0606799 0.54102 -0.321443 0.777157
0.771156 0.3184 0.0610282 0.530918 -0.316234 0.786207
0.771414 0.319346 0.061344 0.523516 -0.31083 0.793294
0.771671 0.320292 0.0616113 0.520143 -0.30529 0.797652
0.771929 0.321237 0.0616843 0.522219 -0.311497 0.793887
0.772186 0.322183 0.0618238 0.515422 -0.309553 0.799073
0.772443 0.323129 0.0621409 0.484168 -0.285347 0.827139
0.772701 0.324075 0.062458 0.451724 -0.260431 0.8533
0.772958 0.325021 0.0626583 0.443351 -0.240044 0.863608
0.773216 0.325967 0.0626715 0.473362 -0.228588 0.850692
0.773473 0.326913 0.0625984 0.514335 -0.226945 0.827016
0.773731 0.327858 0.0625736 0.552026 -0.227462 0.802202
0.773988 0.328804 0.0627617 0.579178 -0.239292 0.77929
0.774246 0.32975 0.0630183 0.582753 -0.260114 0.769896
0.774503 0.330696 0.0632865 0.58215 -0.282379 0.762472
0.774761 0.331642 0.0635548 0.581226 -0.304488 0.754628
0.775018 0.332588 0.063823 0.579983 -0.326404 0.746378
0.775275 0.333534 0.0640011 0.573933 -0.305107 0.759941
0.775533 0.334479 0.0640919 0.545194 -0.292586 0.785594
0.77579 0.335425 0.0641633 0.51042 -0.281913 0.812402
0.776048 0.336371 0.0642258 0.51794 -0.262154 0.814256
0.776305 0.337317 0.0642873 0.529548 -0.241292 0.813239
0.776563 0.338263 0.0643489 0.540881 -0.220241 0.811752
0.77682 0.339209 0.0644182 0.555436 -0.187686 0.810102
0.777078 0.340155 0.0644975 0.573409 -0.140045 0.807211
0.777335 0.3411 0.064474 0.574587 -0.0997704 0.81234
0.640795 0.129649 0.0734255 -0.461355 0.478347 -0.747219
0.640155 0.130411 0.0742848 -0.480117 0.413245 -0.773768
0.639516 0.131174 0.0751441 -0.496326 0.346004 -0.796205
0.638876 0.131937 0.0758015 -0.490418 0.315955 -0.812196
0.638236 0.132699 0.0763723 -0.477431 0.299978 -0.825877
0.637596 0.133462 0.0769431 -0.464152 0.283817 -0.839054
0.636956 0.134225 0.077555 -0.450923 0.274184 -0.849407
0.636317 0.134987 0.0781471 -0.436244 0.269433 -0.858544
0.635677 0.13575 0.0787391 -0.421422 0.264594 -0.867406
0.635037 0.136513 0.0792884 -0.407064 0.258291 -0.876119
0.634397 0.137275 0.0797325 -0.39402 0.248497 -0.884871
0.633757 0.138038 0.0801767 -0.380829 0.238608 -0.893328
0.633118 0.138801 0.0806292 -0.369021 0.23254 -0.899861
0.632478 0.139563 0.081097 -0.359921 0.233556 -0.903276
0.631838 0.140326 0.0815568 -0.351351 0.234751 -0.906336
0.631198 0.141089 0.0819651 -0.346351 0.237241 -0.907611
0.630558 0.141851 0.0824086 -0.342276 0.242142 -0.907862
0.629919 0.142614 0.0828808 -0.338734 0.249193 -0.907283
0.629279 0.143377 0.0832968 -0.319255 0.262845 -0.910488
0.628639 0.144139 0.08378 -0.30417 0.271269 -0.913178
0.627999 0.144902 0.0842632 -0.288989 0.27961 -0.915589
0.627359 0.145665 0.0847464 -0.273729 0.287862 -0.917719
0.62672 0.146427 0.0852295 -0.258403 0.296017 -0.919566
0.62608 0.14719 0.0856867 -0.252164 0.297752 -0.920737
0.62544 0.147953 0.0861013 -0.263206 0.29383 -0.918905
0.6248 0.148715 0.086516 -0.274217 0.289865 -0.916942
0.62416 0.149478 0.0869306 -0.285192 0.285858 -0.91485
0.62352 0.150241 0.0873453 -0.296126 0.281811 -0.912629
0.622881 0.151003 0.0877129 -0.296795 0.271203 -0.915621
0.622241 0.151766 0.0881014 -0.285643 0.249589 -0.925264
0.621601 0.152529 0.0886296 -0.249427 0.200245 -0.947464
0.620961 0.153291 0.0890288 -0.228301 0.16144 -0.960112
0.620321 0.154054 0.0893825 -0.21239 0.126258 -0.968994
0.619682 0.154817 0.0894886 -0.193456 0.0880023 -0.977154
0.619042 0.155579 0.0895695 -0.173872 0.0492707 -0.983535
0.618402 0.156342 0.0896031 -0.149984 0.0125672 -0.988609
0.617762 0.157105 0.0896408 -0.126639 0.000160479 -0.991949
0.617122 0.157868 0.0897732 -0.111856 0.0156261 -0.993602
0.616483 0.15863 0.0899057 -0.0970136 0.0310933 -0.994797
0.615843 0.159393 0.0900335 -0.108911 0.0544817 -0.992557
0.615203 0.160156 0.0901352 -0.115165 0.0634779 -0.991316
0.614563 0.160918 0.0902255 -0.110372 0.0629615 -0.991894
0.613923 0.161681 0.0903157 -0.105576 0.0624437 -0.992449
0.613284 0.162444 0.0904498 -0.092822 0.0496269 -0.994445
0.612644 0.163206 0.0905892 -0.0789534 0.0359688 -0.996229
0.612004 0.163969 0.0907224 -0.0652233 0.0295172 -0.997434
0.611364 0.164732 0.0908261 -0.0484922 0.0218737 -0.998584
0.610724 0.165494 0.0908761 -0.0275666 0.0124284 -0.999543
0.610085 0.166257 0.0908325 -0.0273459 0.00797017 -0.999594
0.609445 0.16702 0.0907888 -0.0271246 0.00351209 -0.999626
0.608805 0.167782 0.090809 -0.0371915 0.0113132 -0.999244
0.608165 0.168545 0.0908652 -0.0530858 0.0260686 -0.99825
0.607525 0.169308 0.0909202 -0.0681828 0.0387642 -0.996919
0.606886 0.17007 0.0910075 -0.0505373 -0.00830643 -0.998688
0.606246 0.170833 0.091071 -0.0271842 -0.0589629 -0.99789
0.605606 0.171596 0.0910556 -0.0146345 -0.0935696 -0.995505
0.604966 0.172358 0.090903 -0.0132163 -0.101463 -0.994752
0.604326 0.173121 0.0907069 -0.0257002 -0.0908702 -0.995531
0.603687 0.173884 0.0906395 -0.0569072 -0.0744215 -0.995602
0.603047 0.174646 0.0907854 -0.075605 -0.0484246 -0.995961
0.602407 0.175409 0.0909145 -0.0897185 -0.0242874 -0.995671
0.601767 0.176172 0.0908682 -0.0560763 -0.0204723 -0.998217
0.601127 0.176934 0.0908219 -0.0223662 -0.0166333 -0.999611
0.600488 0.177697 0.0907756 0.0112952 -0.0127836 -0.999854
0.599848 0.17846 0.090767 0.0206161 -0.0197193 -0.999593
0.599208 0.179222 0.0907663 0.0241641 -0.029954 -0.999259
0.598568 0.179985 0.0907657 0.0277098 -0.0401868 -0.998808
0.597928 0.180748 0.090765 0.0312519 -0.050414 -0.998239
0.597289 0.18151 0.0907387 0.0373832 -0.0601182 -0.997491
0.596649 0.182273 0.0906464 0.0501631 -0.0684931 -0.99639
0.596009 0.183036 0.0905549 0.0605856 -0.0745243 -0.995377
0.595369 0.183798 0.0904639 0.0700634 -0.0796166 -0.99436
0.594729 0.184561 0.0903544 0.0798157 -0.0867206 -0.99303
0.59409 0.185324 0.0902138 0.0900406 -0.0972436 -0.991179
0.59345 0.186086 0.0900732 0.100248 -0.107748 -0.989111
0.59281 0.186849 0.0899326 0.110432 -0.118226 -0.986827
0.59217 0.187612 0.0897622 0.117855 -0.124977 -0.985135
0.59153 0.188374 0.0895873 0.121329 -0.125471 -0.98465
0.590891 0.189137 0.0894125 0.124802 -0.125963 -0.984153
0.590251 0.1899 0.0892339 0.128052 -0.12661 -0.983653
0.589611 0.190662 0.089052 0.131103 -0.127395 -0.983149
0.588971 0.191425 0.0888627 0.13735 -0.128639 -0.982134
0.588331 0.192188 0.088665 0.144167 -0.13078 -0.980873
0.587691 0.19295 0.088469 0.151074 -0.132555 -0.979595
0.587052 0.193713 0.0882745 0.158057 -0.134016 -0.978293
0.586412 0.194476 0.0880801 0.165031 -0.13547 -0.97694
0.585772 0.195238 0.0878587 0.173947 -0.144191 -0.974141
0.585132 0.196001 0.0876198 0.18578 -0.155469 -0.970214
0.584492 0.196764 0.0873809 0.197565 -0.166707 -0.966011
0.583853 0.197526 0.0871421 0.209293 -0.177898 -0.961535
0.583213 0.198289 0.0868967 0.220788 -0.189118 -0.956811
0.582573 0.199052 0.0865492 0.229638 -0.201665 -0.952154
0.581933 0.199814 0.0861946 0.24163 -0.214779 -0.946301
0.581293 0.200577 0.0858334 0.256385 -0.228356 -0.939212
0.580654 0.20134 0.085479 0.276838 -0.231097 -0.932714
0.580014 0.202102 0.0850829 0.292644 -0.235803 -0.926691
0.579374 0.202865 0.0846081 0.298075 -0.248008 -0.921761
0.578734 0.203628 0.0841333 0.303446 -0.260162 -0.916644
0.578094 0.20439 0.0836916 0.305728 -0.268985 -0.913333
0.577455 0.205153 0.0832902 0.304008 -0.276921 -0.911534
0.576815 0.205916 0.0828888 0.302266 -0.28484 -0.909671
0.576175 0.206678 0.0824259 0.308492 -0.293047 -0.904962
0.576221 0.207357 0.0821997 0.319223 -0.298057 -0.899588
0.577026 0.207942 0.0822761 0.319764 -0.297988 -0.899419
0.577831 0.208527 0.0823586 0.322505 -0.302951 -0.896778
0.578636 0.209112 0.0824528 0.338535 -0.311004 -0.888072
0.57944 0.209697 0.0825469 0.354426 -0.318931 -0.879014
0.580245 0.210283 0.0826404 0.369335 -0.326703 -0.869975
0.58105 0.210868 0.0827552 0.359269 -0.316012 -0.878101
0.581855 0.211453 0.0828705 0.348717 -0.304862 -0.886259
0.58266 0.212038 0.0829858 0.338061 -0.293621 -0.894149
0.583465 0.212623 0.0830796 0.337614 -0.292124 -0.894808
0.584269 0.213208 0.0831677 0.339845 -0.293183 -0.893616
0.585074 0.213793 0.0832096 0.343134 -0.287112 -0.89433
0.585879 0.214379 0.0832454 0.34654 -0.280099 -0.89524
0.586684 0.214964 0.0833053 0.352574 -0.276789 -0.893912
0.587489 0.215549 0.0835 0.359088 -0.285328 -0.888619
0.588294 0.216134 0.0837113 0.361614 -0.293216 -0.88502
0.589098 0.216719 0.0838255 0.346155 -0.283936 -0.89418
0.589903 0.217304 0.0839397 0.330561 -0.274544 -0.90297
0.590708 0.217889 0.0840539 0.314851 -0.265052 -0.911382
0.591513 0.218474 0.0841507 0.301041 -0.25546 -0.918757
0.592318 0.21906 0.0842519 0.288282 -0.240485 -0.926855
0.593123 0.219645 0.0843531 0.275389 -0.225398 -0.934536
0.593927 0.22023 0.0844454 0.266357 -0.212145 -0.940238
0.594732 0.220815 0.0844802 0.266052 -0.204035 -0.942118
0.595537 0.2214 0.0844924 0.265012 -0.196158 -0.944082
0.596342 0.221985 0.084575 0.269792 -0.189139 -0.94416
0.597147 0.22257 0.0846936 0.276193 -0.184853 -0.943158
0.597952 0.223156 0.0848955 0.286363 -0.186902 -0.939715
0.598756 0.223741 0.0850929 0.296157 -0.189697 -0.936112
0.599561 0.224326 0.0851604 0.29577 -0.215182 -0.930708
0.600366 0.224911 0.0852648 0.296658 -0.224934 -0.928116
0.601171 0.225496 0.0853922 0.298431 -0.22486 -0.927565
0.601976 0.226081 0.0854541 0.291135 -0.235658 -0.927203
0.602781 0.226666 0.085501 0.281684 -0.2489 -0.926662
0.603449 0.226307 0.0857272 0.264476 -0.242758 -0.933339
0.604057 0.225526 0.0860335 0.243658 -0.227825 -0.942723
0.604665 0.224745 0.08634 0.222502 -0.212971 -0.951387
0.605273 0.223964 0.086651 0.196932 -0.203662 -0.959031
0.605881 0.223184 0.0869592 0.177543 -0.187379 -0.96611
0.606489 0.222403 0.0872674 0.158029 -0.170963 -0.972522
0.607097 0.221622 0.0875301 0.148949 -0.153311 -0.976888
0.607705 0.220841 0.0876884 0.146171 -0.137069 -0.979717
0.608313 0.22006 0.087852 0.140129 -0.130394 -0.98151
0.608921 0.219279 0.0880593 0.127304 -0.137574 -0.982276
0.609529 0.218498 0.0882666 0.114454 -0.144723 -0.98283
0.610137 0.217717 0.0884484 0.113135 -0.138187 -0.983923
0.610745 0.216936 0.0886273 0.106865 -0.127044 -0.986124
0.611353 0.216156 0.0888061 0.100577 -0.115879 -0.988158
0.61196 0.215375 0.088978 0.0977097 -0.103714 -0.989796
0.612568 0.214594 0.0890944 0.0888769 -0.0949918 -0.991503
0.613176 0.213813 0.0892007 0.0816581 -0.0836767 -0.993142
0.613784 0.213032 0.0893071 0.0744226 -0.0723436 -0.994599
0.614392 0.212251 0.0894134 0.0671745 -0.0609989 -0.995875
0.615 0.21147 0.0895076 0.0612001 -0.0517229 -0.996784
0.615608 0.210689 0.0895675 0.0588156 -0.0482573 -0.997102
0.616216 0.209908 0.0896245 0.0557183 -0.044344 -0.997461
0.616824 0.209128 0.089668 0.049414 -0.038418 -0.998039
0.617432 0.208347 0.0897172 0.0474839 -0.0356657 -0.998235
0.61804 0.207566 0.0897754 0.052403 -0.0378828 -0.997907
0.618648 0.206785 0.0898335 0.0573215 -0.0400991 -0.99755
0.619256 0.206004 0.0898946 0.0596277 -0.0373523 -0.997522
0.619864 0.205223 0.0899582 0.0598001 -0.030554 -0.997743
0.620472 0.204442 0.0900405 0.0515684 -0.0285615 -0.998261
0.62108 0.203661 0.0901239 0.0428094 -0.0268643 -0.998722
0.621688 0.202881 0.0902225 0.0324036 -0.0250715 -0.99916
0.622295 0.2021 0.0903352 0.0204365 -0.0230172 -0.999526
0.622903 0.201319 0.0903494 0.0147645 0.00201101 -0.999889
0.623511 0.200538 0.0902901 0.00353558 0.0122951 -0.999918
0.624119 0.199757 0.0901969 -0.0102605 0.0157533 -0.999823
0.624727 0.198976 0.0901036 -0.0240535 0.0192079 -0.999526
0.625335 0.198195 0.0900104 -0.0378349 0.022657 -0.999027
0.625943 0.197414 0.0899253 -0.0461984 0.0221518 -0.998687
0.626551 0.196633 0.0899186 -0.0476573 0.0130525 -0.998778
0.627159 0.195853 0.0899515 -0.0483945 0.00525314 -0.998814
0.627767 0.195072 0.0900064 -0.04873 -0.00182666 -0.99881
0.628375 0.194291 0.0900613 -0.0490632 -0.00890792 -0.998756
0.628983 0.19351 0.0900077 -0.062144 -0.00448157 -0.998057
0.629591 0.192729 0.0899312 -0.0779087 0.002379 -0.996958
0.630199 0.191948 0.0898556 -0.0958512 0.0094089 -0.995351
0.630807 0.191167 0.0897818 -0.117977 0.0167558 -0.992875
0.631415 0.190386 0.0896717 -0.119871 0.0126232 -0.992709
0.632022 0.189605 0.0896093 -0.121531 0.0195918 -0.992394
0.63263 0.188825 0.0895476 -0.123252 0.026729 -0.992015
0.633238 0.188044 0.089487 -0.130133 0.0364458 -0.990827
0.633846 0.187263 0.0893885 -0.144836 0.0566294 -0.987834
0.634454 0.186482 0.0892569 -0.153412 0.0790932 -0.984992
0.635062 0.185701 0.0891252 -0.161897 0.101509 -0.981573
0.63567 0.18492 0.0889456 -0.160485 0.119735 -0.979749
0.636278 0.184139 0.0887424 -0.154211 0.135899 -0.978647
0.636886 0.183358 0.0884687 -0.150401 0.139556 -0.978726
0.637494 0.182578 0.088222 -0.158886 0.140478 -0.977252
0.638102 0.181797 0.0880933 -0.18749 0.148343 -0.971
0.63871 0.181016 0.087963 -0.216005 0.156054 -0.963841
0.639318 0.180235 0.0877829 -0.246227 0.16281 -0.95544
0.639926 0.179454 0.0873839 -0.256492 0.158208 -0.95351
0.640534 0.178673 0.0870217 -0.261204 0.147911 -0.953884
0.641142 0.177892 0.0867393 -0.252163 0.138127 -0.957776
0.64175 0.177111 0.0865673 -0.223878 0.128974 -0.966046
0.642357 0.17633 0.0864662 -0.20397 0.114605 -0.972246
0.642965 0.17555 0.0863865 -0.186551 0.0986419 -0.977481
0.643573 0.174769 0.0861502 -0.205559 0.119496 -0.971322
0.644181 0.173988 0.085852 -0.238456 0.154416 -0.958798
0.644789 0.173207 0.08556 -0.2597 0.169802 -0.950644
0.645397 0.172426 0.0852364 -0.274234 0.174309 -0.945734
0.646005 0.171645 0.0849122 -0.287012 0.17786 -0.94127
0.646613 0.170864 0.0845879 -0.299733 0.181376 -0.936623
0.647221 0.170083 0.0842457 -0.315276 0.187525 -0.930288
0.647829 0.169302 0.0838497 -0.339364 0.201632 -0.918791
0.648437 0.168522 0.0834601 -0.36123 0.217783 -0.906688
0.649045 0.167741 0.0830803 -0.379834 0.237048 -0.894167
0.649653 0.16696 0.0825867 -0.398948 0.256599 -0.88034
0.650261 0.166179 0.0820772 -0.417824 0.276 -0.86559
0.650869 0.165398 0.0815676 -0.43629 0.295124 -0.850031
0.651477 0.164617 0.0809165 -0.446827 0.301534 -0.842273
0.652084 0.163836 0.0802419 -0.455925 0.305966 -0.835773
0.652692 0.163055 0.0795766 -0.464382 0.309961 -0.829623
0.6533 0.162274 0.0789627 -0.469602 0.311753 -0.826005
0.653908 0.161494 0.0783521 -0.473327 0.315136 -0.822588
0.654516 0.160713 0.0777405 -0.468469 0.326506 -0.820933
0.655124 0.159932 0.0770155 -0.465187 0.329178 -0.821731
0.655732 0.159151 0.0763492 -0.459988 0.33322 -0.823028
0.65634 0.15837 0.0756854 -0.454684 0.337306 -0.82431
0.656948 0.157589 0.0750353 -0.43415 0.326392 -0.839632
0.657556 0.156808 0.0744071 -0.387112 0.289831 -0.875296
0.658164 0.156027 0.073779 -0.337587 0.251393 -0.907103
0.658772 0.155247 0.0731422 -0.257449 0.201212 -0.945111
0.65938 0.154466 0.0725045 -0.17071 0.147413 -0.974232
0.659988 0.153685 0.0718851 -0.0871243 0.0960772 -0.991554
0.660596 0.152904 0.0718379 -0.111317 0.14143 -0.98367
0.661186 0.152439 0.0717181 -0.118972 0.166015 -0.97892
0.661706 0.153294 0.0712958 -0.0575525 0.103211 -0.992993
0.662225 0.154149 0.0710384 -0.0162503 0.0564297 -0.998274
0.662744 0.155003 0.0715051 -0.0526076 0.0985351 -0.993742
0.663263 0.155858 0.0720044 -0.0923401 0.145204 -0.985083
0.663783 0.156712 0.0725037 -0.131797 0.191408 -0.972621
0.664302 0.157567 0.0721854 -0.207759 0.178798 -0.9617
0.664821 0.158422 0.0717336 -0.292804 0.1541 -0.943673
0.665341 0.159276 0.071694 -0.328508 0.15888 -0.931042
0.66586 0.160131 0.0716618 -0.362104 0.16388 -0.917619
0.666379 0.160985 0.0716296 -0.39441 0.168547 -0.903345
0.666898 0.16184 0.0715794 -0.422359 0.17374 -0.889622
0.667418 0.162695 0.0712877 -0.409188 0.190095 -0.892429
0.667937 0.163549 0.0712773 -0.413817 0.203098 -0.887416
0.668456 0.164404 0.0712992 -0.420387 0.215669 -0.881341
0.668975 0.165258 0.0713211 -0.426843 0.228159 -0.875071
0.669495 0.166113 0.071343 -0.433179 0.240561 -0.868612
0.670014 0.166968 0.0713652 -0.442784 0.264188 -0.856824
0.670533 0.167822 0.0714087 -0.465012 0.275155 -0.841459
0.671052 0.168677 0.0714308 -0.467922 0.276265 -0.83948
0.671572 0.169532 0.0714584 -0.470835 0.283416 -0.835458
0.672091 0.170386 0.0714859 -0.473712 0.290547 -0.831372
0.67261 0.171241 0.0715134 -0.476554 0.297657 -0.827222
0.673129 0.172095 0.0715356 -0.478527 0.300539 -0.825038
0.673649 0.17295 0.0715502 -0.479303 0.297448 -0.825708
0.674168 0.173805 0.0715648 -0.480074 0.294353 -0.826369
0.674687 0.174659 0.0715726 -0.48403 0.294202 -0.824112
0.675206 0.175514 0.0715724 -0.491701 0.297488 -0.818371
0.675726 0.176368 0.0715693 -0.494368 0.301837 -0.815165
0.676245 0.177223 0.0715616 -0.488752 0.307969 -0.816258
0.676764 0.178078 0.0715538 -0.483101 0.314081 -0.817292
0.677284 0.178932 0.0716031 -0.490741 0.31341 -0.812987
0.677803 0.179787 0.0716663 -0.501582 0.311035 -0.807263
0.678322 0.180642 0.0717296 -0.512346 0.30861 -0.801412
0.677745 0.181432 0.0723437 -0.481984 0.309876 -0.819554
0.677153 0.182221 0.0729668 -0.450586 0.314591 -0.835467
0.676561 0.18301 0.07359 -0.41861 0.31891 -0.850331
0.675969 0.183799 0.0741771 -0.387556 0.313713 -0.866825
0.675377 0.184588 0.0747704 -0.396846 0.317469 -0.861235
0.674785 0.185377 0.0753486 -0.414343 0.319848 -0.852066
0.674193 0.186166 0.0759155 -0.437735 0.321038 -0.839835
0.673601 0.186955 0.0764825 -0.460795 0.322003 -0.827032
0.673009 0.187745 0.0771842 -0.458257 0.314897 -0.831168
0.672417 0.188534 0.077828 -0.451678 0.309243 -0.836873
0.671825 0.189323 0.0784347 -0.445108 0.304855 -0.841987
0.671233 0.190112 0.0790414 -0.4385 0.30044 -0.847026
0.670641 0.190901 0.0796099 -0.433312 0.297056 -0.850881
0.670049 0.19169 0.0801533 -0.434098 0.293161 -0.851831
0.669457 0.192479 0.0807834 -0.435421 0.286704 -0.853352
0.668865 0.193268 0.0813868 -0.433572 0.282476 -0.8557
0.668274 0.194058 0.0819479 -0.424792 0.272196 -0.863401
0.667682 0.194847 0.0824333 -0.403219 0.25082 -0.880059
0.66709 0.195636 0.0829187 -0.381146 0.229127 -0.895672
0.666498 0.196425 0.0834076 -0.357842 0.209804 -0.909907
0.665906 0.197214 0.0837933 -0.335826 0.198216 -0.920832
0.665314 0.198003 0.0841585 -0.314213 0.186711 -0.930811
0.664722 0.198792 0.0845237 -0.292384 0.175077 -0.940138
0.66413 0.199581 0.0848504 -0.264727 0.142437 -0.953746
0.663538 0.20037 0.0851534 -0.234034 0.106715 -0.966354
0.662946 0.20116 0.0854366 -0.201744 0.0763832 -0.976455
0.662354 0.201949 0.0856785 -0.17613 0.0526917 -0.982956
0.661762 0.202738 0.0856696 -0.19275 0.0696503 -0.978773
0.66117 0.203527 0.0857877 -0.196649 0.0914802 -0.976197
0.660578 0.204316 0.0859497 -0.201183 0.112044 -0.973125
0.659986 0.205105 0.0862913 -0.219208 0.121469 -0.968087
0.659394 0.205894 0.0866743 -0.236322 0.132934 -0.962539
0.658802 0.206683 0.087109 -0.252303 0.146945 -0.956426
0.65821 0.207473 0.0873565 -0.234591 0.128112 -0.963615
0.657618 0.208262 0.0875581 -0.212295 0.103224 -0.971739
0.657026 0.209051 0.087706 -0.194581 0.0767396 -0.97788
0.656434 0.20984 0.0878269 -0.183833 0.0639582 -0.980874
0.655842 0.210629 0.0879269 -0.178577 0.0618199 -0.981982
0.65525 0.211418 0.0880559 -0.171983 0.0611266 -0.983202
0.654658 0.212207 0.0882502 -0.162372 0.063694 -0.984672
0.654066 0.212996 0.0884445 -0.152742 0.0662556 -0.986043
0.653474 0.213786 0.0886388 -0.143097 0.0688105 -0.987314
0.652882 0.214575 0.0888436 -0.134306 0.0702525 -0.988447
0.65229 0.215364 0.0889576 -0.12377 0.0633683 -0.990285
0.651698 0.216153 0.0890255 -0.112259 0.0524384 -0.992294
0.651106 0.216942 0.089101 -0.103421 0.0406602 -0.993806
0.650514 0.217731 0.0891804 -0.0953059 0.0298268 -0.995001
0.649923 0.21852 0.0892876 -0.0867258 0.0363444 -0.995569
0.649331 0.219309 0.0893947 -0.0781345 0.0428585 -0.996021
0.648739 0.220099 0.0895068 -0.0668379 0.0425345 -0.996857
0.648147 0.220888 0.089594 -0.0553154 0.0323196 -0.997946
0.647555 0.221677 0.0896306 -0.0471061 0.0142668 -0.998788
0.646963 0.222466 0.0896607 -0.0388651 -0.00249709 -0.999241
0.646371 0.223255 0.0896488 -0.0305401 -0.01094 -0.999474
0.645779 0.224044 0.0896367 -0.0245672 -0.0205467 -0.999487
0.645187 0.224833 0.0896245 -0.023566 -0.0326203 -0.99919
0.644595 0.225622 0.0896122 -0.0225613 -0.0446894 -0.998746
0.644003 0.226412 0.0896024 -0.0202291 -0.0540243 -0.998335
0.643411 0.227201 0.0895969 -0.0167023 -0.0549806 -0.998348
0.642819 0.22799 0.0895887 -0.0159306 -0.0555358 -0.99833
0.642227 0.228779 0.0895708 -0.0139236 -0.051245 -0.998589
0.641635 0.229568 0.0895525 -0.011866 -0.0467557 -0.998836
0.641043 0.230357 0.0895248 -0.000159814 -0.0475275 -0.99887
0.640451 0.231146 0.0894769 0.0170095 -0.0512589 -0.998541
0.639859 0.231935 0.0894086 0.0344161 -0.055098 -0.997888
0.639267 0.232725 0.0893404 0.051807 -0.0589185 -0.996918
0.638675 0.233514 0.0891989 0.0602616 -0.0574383 -0.996529
0.638083 0.234303 0.0890233 0.0645506 -0.0534882 -0.99648
0.637491 0.235092 0.0889427 0.0711577 -0.0483534 -0.996292
0.636899 0.235881 0.0888928 0.07851 -0.042832 -0.995993
0.636307 0.23667 0.0888262 0.083893 -0.0474095 -0.995346
0.635715 0.237459 0.0887304 0.0858271 -0.0695917 -0.993877
0.635123 0.238248 0.0886346 0.0877192 -0.0917481 -0.991911
0.634531 0.239038 0.088521 0.0889425 -0.11346 -0.989553
0.633939 0.239827 0.0883378 0.102113 -0.121941 -0.987271
0.633347 0.240616 0.0881253 0.115814 -0.130415 -0.984672
0.632755 0.241405 0.0879127 0.12949 -0.138858 -0.98181
0.632164 0.242194 0.0876998 0.138168 -0.142688 -0.980076
0.631572 0.242983 0.0874854 0.127876 -0.12902 -0.983362
0.63098 0.243772 0.0872661 0.121746 -0.117411 -0.985593
0.630388 0.244561 0.0870443 0.117676 -0.106824 -0.98729
0.629796 0.24535 0.0869141 0.127334 -0.101513 -0.986651
0.629204 0.24614 0.0867833 0.168883 -0.157532 -0.972966
0.628612 0.246929 0.0865034 0.180955 -0.198678 -0.963214
0.62802 0.247718 0.0861771 0.175858 -0.220464 -0.959411
0.627428 0.248507 0.0858508 0.170675 -0.242113 -0.955118
0.628139 0.24913 0.085844 0.18689 -0.262925 -0.946542
0.628929 0.249743 0.0857318 0.184897 -0.286224 -0.940154
0.629719 0.250356 0.0856148 0.18205 -0.30946 -0.933323
0.630508 0.250969 0.0855435 0.180993 -0.326007 -0.92788
0.631298 0.251581 0.0855421 0.19737 -0.32162 -0.92607
0.632088 0.252194 0.0856471 0.217171 -0.30667 -0.926709
0.632878 0.252807 0.0857521 0.236841 -0.291528 -0.926778
0.633668 0.25342 0.0858912 0.264387 -0.284139 -0.92161
0.634458 0.254033 0.0858682 0.242362 -0.273074 -0.930963
0.635248 0.254646 0.0858453 0.220153 -0.261811 -0.939674
0.636038 0.255259 0.0858699 0.20749 -0.259497 -0.943191
0.636828 0.255872 0.0859068 0.198621 -0.259351 -0.945139
0.637618 0.256485 0.0859306 0.191306 -0.25632 -0.947471
0.638407 0.257097 0.0859544 0.194121 -0.260504 -0.945756
0.639197 0.25771 0.0859583 0.200284 -0.265504 -0.943077
0.639987 0.258323 0.0859026 0.206967 -0.266199 -0.941436
0.640777 0.258936 0.0858469 0.213642 -0.266882 -0.93975
0.641567 0.259549 0.0858629 0.22193 -0.26199 -0.939206
0.642357 0.260162 0.085934 0.230153 -0.254242 -0.939356
0.643147 0.260775 0.0860122 0.235995 -0.248792 -0.939366
0.643937 0.261388 0.0860859 0.241551 -0.245129 -0.938917
0.644727 0.262 0.0861538 0.246745 -0.243786 -0.937915
0.645516 0.262613 0.086199 0.24026 -0.24137 -0.940221
0.646306 0.263226 0.0862303 0.226682 -0.238265 -0.944375
0.647096 0.263839 0.086268 0.216114 -0.236267 -0.94735
0.647886 0.264452 0.0863184 0.211682 -0.236575 -0.948274
0.648676 0.265065 0.0863664 0.207239 -0.236585 -0.949252
0.649466 0.265678 0.0863813 0.202656 -0.232483 -0.951253
0.650256 0.266291 0.0863961 0.198067 -0.228372 -0.953213
0.651046 0.266904 0.0864048 0.192226 -0.224112 -0.955418
0.651836 0.267516 0.0864189 0.192891 -0.22633 -0.954761
0.652625 0.268129 0.0864797 0.181795 -0.219497 -0.958526
0.653415 0.268742 0.0865406 0.170692 -0.212639 -0.962107
0.654205 0.269355 0.0865545 0.164991 -0.212285 -0.963179
0.654781 0.268651 0.0867229 0.146302 -0.197787 -0.969266
0.655342 0.267852 0.0868967 0.127279 -0.183781 -0.974692
0.655902 0.267054 0.0870704 0.108176 -0.169664 -0.979547
0.656463 0.266255 0.0872633 0.0897264 -0.158138 -0.983332
0.657023 0.265456 0.0874298 0.0766564 -0.152682 -0.985298
0.657584 0.264658 0.0875335 0.068428 -0.149418 -0.986404
0.658145 0.263859 0.0876786 0.0576237 -0.146211 -0.987574
0.658705 0.263061 0.0878587 0.0447688 -0.14309 -0.988697
0.659266 0.262262 0.0880263 0.0410436 -0.142995 -0.988872
0.659826 0.261463 0.0881939 0.037318 -0.142899 -0.989034
0.660387 0.260665 0.088341 0.0344018 -0.138753 -0.989729
0.660947 0.259866 0.0884278 0.0338689 -0.122632 -0.991874
0.661508 0.259068 0.0885145 0.0333267 -0.106466 -0.993758
0.662069 0.258269 0.0885933 0.0313924 -0.0906454 -0.995388
0.662629 0.257471 0.0886563 0.0267126 -0.0755459 -0.996784
0.66319 0.256672 0.0887193 0.0220273 -0.0604315 -0.997929
0.66375 0.255873 0.0887823 0.0173401 -0.0453137 -0.998822
0.664311 0.255075 0.0888107 0.0109843 -0.0391771 -0.999172
0.664872 0.254276 0.0888232 0.00717337 -0.0369429 -0.999292
0.665432 0.253478 0.0888278 0.00171053 -0.0340929 -0.999417
0.665993 0.252679 0.0888311 -0.00402634 -0.0311394 -0.999507
0.666553 0.25188 0.088837 -0.0102512 -0.0276506 -0.999565
0.667114 0.251082 0.0888693 -0.0215471 -0.018612 -0.999595
0.667674 0.250283 0.0888875 -0.0312607 -0.00894887 -0.999471
0.668235 0.249485 0.0888912 -0.0393245 0.00135801 -0.999226
0.668796 0.248686 0.0888877 -0.0475565 0.0116593 -0.9988
0.669356 0.247887 0.0887964 -0.0579685 0.0219426 -0.998077
0.669917 0.247089 0.0887052 -0.0683715 0.0322246 -0.997139
0.670477 0.24629 0.0886163 -0.0784198 0.0432682 -0.995981
0.671038 0.245492 0.088542 -0.0874226 0.0613419 -0.994281
0.671598 0.244693 0.0884575 -0.0994455 0.0803457 -0.991794
0.672159 0.243895 0.088373 -0.111421 0.0993146 -0.988798
0.67272 0.243096 0.0882663 -0.121764 0.112769 -0.986132
0.67328 0.242297 0.0880533 -0.130497 0.118149 -0.984384
0.673841 0.241499 0.0878017 -0.13966 0.123688 -0.982444
0.674401 0.2407 0.0875502 -0.148809 0.129213 -0.980388
0.674962 0.239902 0.0873572 -0.156378 0.128889 -0.979252
0.675522 0.239103 0.0871822 -0.160452 0.124588 -0.979149
0.676083 0.238304 0.0870075 -0.16399 0.11987 -0.979152
0.676644 0.237506 0.0868473 -0.168122 0.116596 -0.978847
0.677204 0.236707 0.0866754 -0.177546 0.111738 -0.977748
0.677765 0.235909 0.0865041 -0.195065 0.115397 -0.973978
0.678325 0.23511 0.0863328 -0.212524 0.119018 -0.96988
0.678886 0.234312 0.0861616 -0.229907 0.122599 -0.96546
0.679447 0.233513 0.0858965 -0.24491 0.127387 -0.961141
0.680007 0.232714 0.0856284 -0.259778 0.132183 -0.956579
0.680568 0.231916 0.0853702 -0.273751 0.134058 -0.952412
0.681128 0.231117 0.0851132 -0.283 0.141312 -0.948653
0.681689 0.230319 0.0848584 -0.28884 0.151599 -0.945299
0.682249 0.22952 0.084613 -0.291779 0.161282 -0.94279
0.68281 0.228721 0.0843675 -0.294687 0.170946 -0.940179
0.683371 0.227923 0.0839822 -0.314115 0.167528 -0.934487
0.683931 0.227124 0.0836217 -0.335764 0.163822 -0.927591
0.684492 0.226326 0.0833488 -0.358707 0.162563 -0.919186
0.685052 0.225527 0.0829653 -0.378438 0.167969 -0.910259
0.685613 0.224728 0.0824769 -0.395176 0.179698 -0.900858
0.686173 0.22393 0.0819886 -0.411725 0.191343 -0.890994
0.686734 0.223131 0.0815003 -0.428059 0.202887 -0.880683
0.687295 0.222333 0.0810138 -0.443257 0.214445 -0.870366
0.687855 0.221534 0.0805005 -0.450906 0.21687 -0.865824
0.688416 0.220736 0.0799871 -0.458519 0.219276 -0.861207
0.688976 0.219937 0.0794738 -0.466093 0.221664 -0.856517
0.689537 0.219138 0.0789255 -0.475374 0.22776 -0.849791
0.690097 0.21834 0.0783433 -0.485446 0.232576 -0.842764
0.690658 0.217541 0.0777739 -0.495085 0.23439 -0.836632
0.691219 0.216743 0.077242 -0.5086 0.250765 -0.823676
0.691779 0.215944 0.0766376 -0.518209 0.264297 -0.813392
0.69234 0.215145 0.0759861 -0.525316 0.275999 -0.804902
0.6929 0.214347 0.0753299 -0.531277 0.289389 -0.79624
0.693461 0.213548 0.0746386 -0.529113 0.28587 -0.798948
0.694022 0.21275 0.0739649 -0.521963 0.276235 -0.807
0.694582 0.211951 0.0733013 -0.515018 0.267032 -0.814525
0.695143 0.211152 0.0727171 -0.51049 0.261687 -0.819097
0.695703 0.210354 0.0721329 -0.505928 0.256325 -0.823611
0.696264 0.209555 0.0715329 -0.501007 0.257633 -0.826206
0.696824 0.208757 0.0709259 -0.506291 0.266272 -0.820225
0.697385 0.207958 0.0703376 -0.510511 0.279253 -0.813263
0.697946 0.20716 0.0697336 -0.519152 0.291613 -0.803395
0.698516 0.20707 0.0693215 -0.53442 0.297601 -0.791094
0.699098 0.20788 0.0692521 -0.529735 0.299243 -0.793621
0.69968 0.208689 0.0691826 -0.525036 0.300874 -0.796123
0.700263 0.209499 0.0691132 -0.520325 0.302494 -0.798598
0.700845 0.210309 0.0690438 -0.510879 0.302852 -0.80454
0.701427 0.211118 0.0689743 -0.487224 0.299121 -0.820451
0.70201 0.211928 0.0689043 -0.463342 0.29517 -0.835577
0.702592 0.212737 0.0688343 -0.439104 0.290982 -0.85001
0.703174 0.213547 0.0687488 -0.447232 0.297413 -0.843522
0.703757 0.214357 0.0686529 -0.468366 0.307038 -0.828469
0.704339 0.215166 0.068557 -0.489169 0.31644 -0.81276
0.704922 0.215976 0.0684611 -0.509594 0.325598 -0.796429
0.705504 0.216786 0.0683833 -0.516731 0.328952 -0.79043
0.706086 0.217595 0.0683238 -0.51083 0.326665 -0.7952
0.706669 0.218405 0.0682642 -0.504895 0.324356 -0.799921
0.707251 0.219215 0.0682046 -0.498929 0.322027 -0.804592
0.707833 0.220024 0.0681067 -0.521441 0.326023 -0.788548
0.708416 0.220834 0.0680994 -0.525256 0.324814 -0.786513
0.708998 0.221643 0.0680951 -0.52821 0.323386 -0.785122
0.70958 0.222453 0.0680967 -0.57007 0.273463 -0.77475
0.710163 0.223263 0.0680657 -0.625591 0.199802 -0.754132
0.710745 0.224072 0.0679854 -0.579695 0.266952 -0.769864
0.711327 0.224882 0.0678939 -0.54163 0.320353 -0.777181
0.71191 0.225692 0.06777 -0.552569 0.325263 -0.767379
0.712492 0.226501 0.0677092 -0.555109 0.325536 -0.765428
0.713074 0.227311 0.0676333 -0.556084 0.324803 -0.765032
0.713657 0.228121 0.0675574 -0.557059 0.324069 -0.764634
0.714239 0.22893 0.0674815 -0.558033 0.323334 -0.764234
0.714821 0.22974 0.0673866 -0.558275 0.32318 -0.764122
0.715404 0.23055 0.0672771 -0.559485 0.325337 -0.762321
0.715986 0.231359 0.0672363 -0.572324 0.336394 -0.747853
0.716568 0.232169 0.0671955 -0.584861 0.347267 -0.733037
0.717151 0.232978 0.0671373 -0.595887 0.357737 -0.718988
0.717733 0.233788 0.06694 -0.597212 0.36645 -0.713479
0.718315 0.234598 0.0668548 -0.604861 0.372898 -0.703626
0.718898 0.235407 0.0667714 -0.612489 0.379238 -0.693568
0.71948 0.236217 0.0666879 -0.619991 0.385499 -0.683375
0.71912 0.236972 0.0674142 -0.607634 0.373715 -0.700799
0.718499 0.237711 0.0682054 -0.571975 0.360621 -0.736748
0.717879 0.238451 0.0689814 -0.535846 0.347613 -0.769437
0.717259 0.23919 0.0696753 -0.509232 0.340743 -0.790302
0.716638 0.23993 0.070341 -0.495952 0.337897 -0.799911
0.716018 0.240669 0.0710602 -0.47647 0.324608 -0.817071
0.715398 0.241409 0.0716791 -0.4666 0.308356 -0.828976
0.714777 0.242148 0.0722609 -0.460194 0.290943 -0.838793
0.714157 0.242888 0.0728464 -0.455236 0.277871 -0.845901
0.713537 0.243627 0.0734955 -0.466305 0.270111 -0.842377
0.712916 0.244367 0.0740249 -0.472758 0.283803 -0.83424
0.712296 0.245106 0.0745544 -0.47907 0.297411 -0.825856
0.711676 0.245846 0.0752379 -0.495014 0.298303 -0.816074
0.711055 0.246585 0.0759586 -0.513109 0.296019 -0.805662
0.710435 0.247325 0.076614 -0.519431 0.296313 -0.801492
0.709815 0.248064 0.0772748 -0.494065 0.28987 -0.81968
0.709194 0.248804 0.0779355 -0.468184 0.283129 -0.837044
0.708574 0.249543 0.0785497 -0.448647 0.275514 -0.850181
0.707953 0.250283 0.0790539 -0.440511 0.264413 -0.857926
0.707333 0.251022 0.0795589 -0.432521 0.254944 -0.864829
0.706713 0.251762 0.0800641 -0.424552 0.246109 -0.871313
0.706092 0.252501 0.0805887 -0.41412 0.237645 -0.878652
0.705472 0.253241 0.0810939 -0.4026 0.230086 -0.885987
0.704852 0.25398 0.0815839 -0.392218 0.222413 -0.892579
0.704231 0.25472 0.0820738 -0.381751 0.214691 -0.898985
0.703611 0.25546 0.0825638 -0.371206 0.206925 -0.9052
0.702991 0.256199 0.0829833 -0.358776 0.185393 -0.914828
0.70237 0.256939 0.0833716 -0.328645 0.167769 -0.929433
0.70175 0.257678 0.0837195 -0.295956 0.155071 -0.94253
0.70113 0.258418 0.0840538 -0.262525 0.143849 -0.954143
0.700509 0.259157 0.0843278 -0.232798 0.120676 -0.965009
0.699889 0.259897 0.0845114 -0.210834 0.0992271 -0.972473
0.699269 0.260636 0.0846057 -0.198912 0.0990155 -0.975003
0.698648 0.261376 0.0847 -0.186965 0.0987893 -0.977387
0.698028 0.262115 0.0849094 -0.188795 0.110383 -0.975793
0.697408 0.262855 0.0852184 -0.187393 0.121363 -0.974759
0.696787 0.263594 0.0855274 -0.185967 0.132331 -0.973604
0.696167 0.264334 0.0857904 -0.183082 0.135411 -0.973727
0.695547 0.265073 0.0859409 -0.176638 0.119206 -0.977031
0.694926 0.265813 0.0860913 -0.170137 0.102957 -0.980027
0.694306 0.266552 0.0862418 -0.163584 0.0866818 -0.982714
0.693686 0.267292 0.0863976 -0.155038 0.0731195 -0.985199
0.693065 0.268031 0.0865539 -0.150507 0.0595951 -0.986811
0.692445 0.268771 0.0867103 -0.145945 0.0460569 -0.98822
0.691825 0.26951 0.0868599 -0.140552 0.0331336 -0.989519
0.691204 0.27025 0.0869425 -0.127054 0.0264445 -0.991543
0.690584 0.270989 0.0870251 -0.113521 0.019747 -0.993339
0.689963 0.271729 0.0871077 -0.0999649 0.0130459 -0.994905
0.689343 0.272468 0.0871756 -0.0888474 0.00503428 -0.996033
0.688723 0.273208 0.0872179 -0.0781878 0.000152684 -0.996939
0.688102 0.273947 0.0872604 -0.0676821 -0.00501075 -0.997694
0.687482 0.274687 0.0873029 -0.057167 -0.0101735 -0.998313
0.686862 0.275426 0.0873454 -0.046647 -0.0153334 -0.998794
0.686241 0.276166 0.0873424 -0.039811 -0.0270124 -0.998842
0.685621 0.276905 0.0873288 -0.0338305 -0.0402232 -0.998618
0.685001 0.277645 0.0873151 -0.0278425 -0.0534263 -0.998184
0.68438 0.278384 0.0873033 -0.0220334 -0.0668304 -0.997521
0.68376 0.279124 0.0872759 -0.0037188 -0.0770472 -0.997021
0.68314 0.279863 0.0872429 0.019007 -0.0861413 -0.996102
0.682519 0.280603 0.0871842 0.0420963 -0.0978387 -0.994312
0.681899 0.281342 0.0871255 0.0651378 -0.10946 -0.991855
0.681279 0.282082 0.086955 0.071314 -0.118337 -0.990409
0.680658 0.282821 0.0867595 0.0737053 -0.126602 -0.989212
0.680038 0.283561 0.0865411 0.0847635 -0.145797 -0.985677
0.679418 0.2843 0.0863222 0.0960204 -0.165228 -0.98157
0.678797 0.28504 0.0861201 0.112616 -0.190506 -0.975205
0.678177 0.285779 0.085919 0.129389 -0.215915 -0.967801
0.677557 0.286519 0.0856743 0.145125 -0.237492 -0.960488
0.676936 0.287259 0.0853447 0.155946 -0.244933 -0.956916
0.676316 0.287998 0.0849931 0.162477 -0.2419 -0.956601
0.67691 0.28862 0.0849434 0.167654 -0.249195 -0.953831
0.677707 0.289223 0.0849443 0.172587 -0.258192 -0.950553
0.678504 0.289826 0.0849452 0.177498 -0.267157 -0.947165
0.679301 0.290429 0.0849192 0.179337 -0.276632 -0.944094
0.680098 0.291031 0.0848416 0.175666 -0.274945 -0.945276
0.680896 0.291634 0.084764 0.171991 -0.273253 -0.946442
0.681693 0.292237 0.0846864 0.168312 -0.271555 -0.947591
0.68249 0.29284 0.0846929 0.180815 -0.27953 -0.942958
0.683287 0.293443 0.0847313 0.199427 -0.29108 -0.935682
0.684084 0.294045 0.0847297 0.198205 -0.281796 -0.938779
0.684881 0.294648 0.0847175 0.191217 -0.267555 -0.944378
0.685678 0.295251 0.0847232 0.181047 -0.277095 -0.943631
0.686476 0.295854 0.0847289 0.170861 -0.286564 -0.942702
0.687273 0.296456 0.0846902 0.156996 -0.29564 -0.942311
0.68807 0.297059 0.0846243 0.150477 -0.298055 -0.942613
0.688867 0.297662 0.0845758 0.15014 -0.297443 -0.94286
0.689664 0.298265 0.0845274 0.149803 -0.296833 -0.943106
0.690461 0.298867 0.084466 0.153332 -0.29496 -0.943127
0.691258 0.29947 0.0843598 0.164373 -0.284787 -0.944393
0.692055 0.300073 0.0842536 0.17546 -0.274472 -0.945452
0.692853 0.300676 0.0841476 0.186558 -0.264064 -0.946291
0.69365 0.301278 0.0841147 0.18837 -0.269509 -0.944395
0.694447 0.301881 0.0840819 0.19016 -0.274898 -0.942481
0.695244 0.302484 0.0840471 0.194398 -0.283604 -0.93903
0.696041 0.303087 0.084056 0.187493 -0.29686 -0.936333
0.696801 0.30335 0.084151 0.173488 -0.295197 -0.939554
0.697454 0.302652 0.0845327 0.152808 -0.267289 -0.951423
0.698108 0.301954 0.0848857 0.131932 -0.233429 -0.963382
0.698761 0.301256 0.0851333 0.113488 -0.200617 -0.973074
0.699415 0.300558 0.0852641 0.0977961 -0.169062 -0.980742
0.700069 0.29986 0.0853651 0.0803855 -0.147362 -0.985811
0.700722 0.299162 0.0854381 0.0614264 -0.134993 -0.988941
0.701376 0.298464 0.0855308 0.0448472 -0.120248 -0.99173
0.702029 0.297766 0.085651 0.0316069 -0.10215 -0.994267
0.702683 0.297068 0.0857713 0.0183435 -0.0839897 -0.996298
0.703336 0.296371 0.0858537 0.00446168 -0.0672422 -0.997727
0.70399 0.295673 0.0859101 -0.00983945 -0.0514655 -0.998626
0.704644 0.294975 0.0859034 -0.0248579 -0.0393867 -0.998915
0.705297 0.294277 0.0858473 -0.0404485 -0.0302053 -0.998725
0.705951 0.293579 0.0857911 -0.0560249 -0.0210146 -0.998208
0.706604 0.292881 0.0857305 -0.0715913 -0.0124768 -0.997356
0.707258 0.292183 0.0856642 -0.087297 -0.0050391 -0.99617
0.707911 0.291485 0.0856402 -0.10452 0.00522757 -0.994509
0.708565 0.290787 0.0856162 -0.121706 0.0154956 -0.992445
0.709219 0.290089 0.0855922 -0.138834 0.0257527 -0.989981
0.709872 0.289391 0.0854845 -0.150599 0.0397019 -0.987797
0.710526 0.288694 0.0852885 -0.1583 0.0549982 -0.985858
0.711179 0.287996 0.0850596 -0.16859 0.0641181 -0.983599
0.711833 0.287298 0.0848307 -0.178847 0.073225 -0.981148
0.712486 0.2866 0.084645 -0.186964 0.0813042 -0.978996
0.71314 0.285902 0.0845222 -0.192006 0.0879058 -0.977449
0.713794 0.285204 0.0843812 -0.201819 0.0963529 -0.974672
0.714447 0.284506 0.0841835 -0.21987 0.107413 -0.969598
0.715101 0.283808 0.0838932 -0.232144 0.113618 -0.966023
0.715754 0.28311 0.0836029 -0.244369 0.119799 -0.962253
0.716408 0.282412 0.0833126 -0.256539 0.125953 -0.958292
0.717061 0.281714 0.0830294 -0.272282 0.131251 -0.953224
0.717715 0.281017 0.0827669 -0.29746 0.134831 -0.945166
0.718369 0.280319 0.0825045 -0.322438 0.138317 -0.936431
0.719022 0.279621 0.0822238 -0.346712 0.143399 -0.926945
0.719676 0.278923 0.0817767 -0.3666 0.163897 -0.915828
0.720329 0.278225 0.0813329 -0.384467 0.185401 -0.904329
0.720983 0.277527 0.0808899 -0.401445 0.207081 -0.892166
0.721636 0.276829 0.0804184 -0.420593 0.222481 -0.879548
0.72229 0.276131 0.0798984 -0.430381 0.232804 -0.872109
0.722943 0.275433 0.0793785 -0.440066 0.243077 -0.86444
0.723597 0.274735 0.0788585 -0.44964 0.253289 -0.856544
0.724251 0.274037 0.0783385 -0.459096 0.263434 -0.84843
0.724904 0.27334 0.0778185 -0.468427 0.273503 -0.840103
0.725558 0.272642 0.0772067 -0.476952 0.2836 -0.831918
0.726211 0.271944 0.0765229 -0.488219 0.292005 -0.82242
0.726865 0.271246 0.075824 -0.503891 0.303772 -0.808589
0.727518 0.270548 0.0751208 -0.519113 0.309885 -0.79655
0.728172 0.26985 0.0744041 -0.533582 0.298948 -0.791151
0.728826 0.269152 0.0737109 -0.540706 0.298219 -0.786576
0.729479 0.268454 0.0730199 -0.547166 0.298368 -0.78204
0.730133 0.267756 0.0724048 -0.532133 0.293001 -0.794346
0.730786 0.267058 0.0717952 -0.515336 0.287108 -0.807463
0.73144 0.26636 0.0711855 -0.498302 0.28108 -0.820176
0.732093 0.265663 0.0705078 -0.499603 0.284006 -0.818375
0.732747 0.264965 0.0698319 -0.502473 0.290863 -0.814199
0.733401 0.264267 0.0691656 -0.506867 0.304771 -0.80635
0.734054 0.263569 0.0684992 -0.511121 0.318594 -0.798281
0.734708 0.262871 0.0678248 -0.516817 0.332589 -0.78885
0.735361 0.262173 0.0670973 -0.532722 0.348175 -0.77135
0.736006 0.261745 0.0664295 -0.55068 0.360184 -0.753006
0.736609 0.262534 0.0663463 -0.557365 0.359267 -0.748513
0.737213 0.263323 0.0662632 -0.564018 0.358325 -0.743967
0.737816 0.264112 0.06618 -0.570638 0.35736 -0.739369
0.738419 0.264901 0.0660919 -0.576824 0.357353 -0.734556
0.739023 0.26569 0.0660022 -0.582842 0.35765 -0.729645
0.739626 0.266479 0.0658941 -0.59123 0.360642 -0.721377
0.74023 0.267267 0.0657475 -0.60447 0.369189 -0.705914
0.740833 0.268056 0.0656009 -0.61746 0.377586 -0.690052
0.741437 0.268845 0.0655424 -0.610958 0.373622 -0.697952
0.74204 0.269634 0.0655032 -0.600087 0.366891 -0.710835
0.742644 0.270423 0.0654601 -0.590109 0.365376 -0.719911
0.743247 0.271212 0.0653898 -0.588749 0.360399 -0.723524
0.74385 0.272 0.0652699 -0.603551 0.343041 -0.719756
0.744454 0.272789 0.0651545 -0.618217 0.339095 -0.7091
0.745057 0.273578 0.0650391 -0.632662 0.335035 -0.698205
0.745661 0.274367 0.0649238 -0.646873 0.330865 -0.687083
0.746264 0.275156 0.0648084 -0.660837 0.326589 -0.675747
0.746868 0.275945 0.0646837 -0.675261 0.322545 -0.663315
0.747471 0.276734 0.0644588 -0.668502 0.334493 -0.664244
0.748075 0.277522 0.0641794 -0.651452 0.352298 -0.671935
0.748678 0.278311 0.0638999 -0.633961 0.369875 -0.67918
0.749281 0.2791 0.0636799 -0.62038 0.384924 -0.683346
0.749885 0.279889 0.063723 -0.625667 0.38982 -0.675708
0.750488 0.280678 0.0637317 -0.633817 0.394184 -0.665504
0.751092 0.281467 0.0635206 -0.657634 0.394601 -0.641722
0.750589 0.282178 0.0645148 -0.626397 0.385423 -0.677551
0.749988 0.282882 0.0652633 -0.613862 0.368115 -0.69833
0.749386 0.283586 0.0660108 -0.600854 0.350481 -0.718427
0.748785 0.28429 0.066721 -0.581131 0.330863 -0.743516
0.748184 0.284994 0.0673797 -0.551626 0.308203 -0.775061
0.747583 0.285698 0.0680619 -0.520473 0.285873 -0.804602
0.746982 0.286403 0.0687195 -0.492619 0.268687 -0.827728
0.74638 0.287107 0.0692571 -0.475013 0.261149 -0.840336
0.745779 0.287811 0.0697877 -0.462774 0.254764 -0.849079
0.745178 0.288515 0.0702964 -0.467878 0.252331 -0.847006
0.744577 0.289219 0.0708051 -0.472966 0.249889 -0.844901
0.743976 0.289923 0.0713139 -0.478037 0.247438 -0.842766
0.743374 0.290628 0.0718847 -0.498199 0.26384 -0.825946
0.742773 0.291332 0.0725572 -0.507386 0.267064 -0.81929
0.742172 0.292036 0.0732479 -0.512715 0.268424 -0.815519
0.741571 0.29274 0.0739335 -0.518482 0.273029 -0.810328
0.74097 0.293444 0.0746191 -0.524206 0.27761 -0.805072
0.740368 0.294148 0.0753048 -0.529886 0.282168 -0.799751
0.739767 0.294853 0.0759796 -0.525915 0.280735 -0.802871
0.739166 0.295557 0.0766127 -0.512628 0.272701 -0.814154
0.738565 0.296261 0.0772246 -0.498919 0.263872 -0.8255
0.737964 0.296965 0.0778365 -0.485021 0.254943 -0.836516
0.737362 0.297669 0.0783616 -0.467882 0.248556 -0.848119
0.736761 0.298373 0.0789456 -0.446675 0.241983 -0.861351
0.73616 0.299078 0.0795295 -0.425178 0.23525 -0.874003
0.735559 0.299782 0.0799979 -0.39783 0.219424 -0.890834
0.734958 0.300486 0.0803653 -0.369087 0.198683 -0.90791
0.734356 0.30119 0.0807302 -0.339936 0.177662 -0.923515
0.733755 0.301894 0.0810813 -0.312483 0.15627 -0.936981
0.733154 0.302598 0.0813579 -0.296247 0.133869 -0.945683
0.732553 0.303303 0.0816346 -0.279741 0.111326 -0.953599
0.731952 0.304007 0.0819112 -0.263005 0.0886989 -0.960708
0.73135 0.304711 0.0821692 -0.24334 0.0698738 -0.967421
0.730749 0.305415 0.0822948 -0.234664 0.0537588 -0.970589
0.730148 0.306119 0.0824231 -0.224646 0.0410365 -0.973576
0.729547 0.306823 0.0825514 -0.214567 0.0283021 -0.976299
0.728946 0.307528 0.0826916 -0.204438 0.0158484 -0.978751
0.728344 0.308232 0.0828752 -0.194269 0.00442359 -0.980938
0.727743 0.308936 0.0830587 -0.184054 -0.00700277 -0.982891
0.727142 0.30964 0.0832327 -0.176487 -0.0166334 -0.984162
0.726541 0.310344 0.083372 -0.178676 -0.0197588 -0.98371
0.72594 0.311048 0.0834536 -0.155016 -0.0348491 -0.987297
0.725338 0.311753 0.0834882 -0.127731 -0.061345 -0.98991
0.724737 0.312457 0.0834887 -0.101123 -0.0965422 -0.990179
0.724136 0.313161 0.0834892 -0.0742228 -0.131674 -0.98851
0.723535 0.313865 0.0834897 -0.0471884 -0.166533 -0.984906
0.722934 0.314569 0.0834568 -0.0179434 -0.194821 -0.980675
0.722332 0.315273 0.0833902 0.0134859 -0.216521 -0.976185
0.721731 0.315978 0.0832474 0.0392024 -0.228972 -0.972643
0.72113 0.316682 0.0830509 0.0609351 -0.234984 -0.970087
0.720529 0.317386 0.0829086 0.066042 -0.236513 -0.969381
0.720855 0.318018 0.0828884 0.0655974 -0.227738 -0.97151
0.721646 0.318614 0.0828783 0.0711283 -0.22809 -0.971038
0.722438 0.31921 0.0827532 0.0601745 -0.23551 -0.970007
0.723229 0.319806 0.0825447 0.0408814 -0.249909 -0.967406
0.72402 0.320402 0.0823203 0.0213161 -0.266478 -0.963605
0.724812 0.320998 0.0821164 0.00629262 -0.27187 -0.962313
0.725603 0.321594 0.0819535 0.00156865 -0.267137 -0.963657
0.726394 0.32219 0.0818052 0.0016943 -0.2717 -0.962381
0.727186 0.322786 0.0816568 0.00182015 -0.276265 -0.96108
0.727977 0.323382 0.081494 0.0223242 -0.277151 -0.960567
0.728768 0.323978 0.0813204 0.0363238 -0.270998 -0.961894
0.72956 0.324574 0.0811339 0.0419 -0.256279 -0.965694
0.730351 0.32517 0.0809473 0.047463 -0.241498 -0.96924
0.731142 0.325766 0.0807856 0.0513209 -0.232697 -0.971194
0.731934 0.326362 0.0807106 0.0492809 -0.244883 -0.968299
0.732725 0.326958 0.0806355 0.0472338 -0.257025 -0.96525
0.733516 0.327554 0.0805605 0.0451806 -0.269115 -0.962048
0.734308 0.32815 0.0804855 0.0431224 -0.28115 -0.958694
0.735099 0.328746 0.0803191 0.0346688 -0.295404 -0.954743
0.73589 0.329342 0.0802224 0.0466151 -0.291525 -0.955427
0.736682 0.329938 0.080046 0.0529487 -0.279176 -0.958779
0.737473 0.330534 0.0798514 0.0578858 -0.264993 -0.962511
0.738264 0.33113 0.0797138 0.0348541 -0.275525 -0.960662
0.739056 0.331726 0.0796206 0.00162542 -0.298037 -0.954553
0.739721 0.331479 0.0797245 -0.0426126 -0.293938 -0.954874
0.740324 0.330822 0.0799229 -0.0847121 -0.271991 -0.958564
0.740927 0.330166 0.0801196 -0.118925 -0.245157 -0.962162
0.74153 0.329509 0.0802689 -0.149645 -0.21085 -0.965996
0.742134 0.328852 0.0802071 -0.166438 -0.143252 -0.975591
0.742737 0.328195 0.0801452 -0.182514 -0.0744814 -0.980378
0.74334 0.327538 0.0800804 -0.198355 -0.013524 -0.980037
0.743943 0.326881 0.0800113 -0.214434 0.035757 -0.976084
0.744546 0.326224 0.0799425 -0.233189 0.0539192 -0.970935
0.74515 0.325567 0.0798738 -0.253907 0.0520349 -0.965828
0.745753 0.32491 0.079763 -0.270708 0.0517256 -0.961271
0.746356 0.324253 0.0795171 -0.275443 0.056511 -0.959655
0.746959 0.323596 0.0792713 -0.280167 0.0612954 -0.957992
0.747563 0.322939 0.0790122 -0.286161 0.0643354 -0.956019
0.748166 0.322283 0.0787507 -0.292373 0.0670612 -0.95395
0.748769 0.321626 0.0783844 -0.304212 0.0876589 -0.948563
0.749372 0.320969 0.0780006 -0.316784 0.111199 -0.941957
0.749976 0.320312 0.0776074 -0.344203 0.130453 -0.929788
0.750579 0.319655 0.0772082 -0.380847 0.146835 -0.912905
0.751182 0.318998 0.076826 -0.408626 0.172227 -0.896305
0.751785 0.318341 0.0764523 -0.431663 0.201844 -0.879162
0.752389 0.317684 0.076037 -0.445604 0.225914 -0.866257
0.752992 0.317027 0.0755842 -0.451742 0.245207 -0.857789
0.753595 0.31637 0.0750327 -0.465487 0.252013 -0.848417
0.754198 0.315713 0.0744533 -0.481287 0.25523 -0.838583
0.754802 0.315057 0.0738401 -0.495225 0.261285 -0.828542
0.755405 0.3144 0.0731901 -0.507133 0.270461 -0.818332
0.756008 0.313743 0.072638 -0.503567 0.265186 -0.822251
0.756611 0.313086 0.0720839 -0.50231 0.266999 -0.822433
0.757214 0.312429 0.0715199 -0.50322 0.272376 -0.82011
0.757818 0.311772 0.070956 -0.504113 0.277745 -0.817758
0.758421 0.311115 0.070392 -0.504988 0.283103 -0.815377
0.759024 0.310458 0.0698281 -0.505846 0.288451 -0.812967
0.759627 0.309801 0.0692564 -0.517211 0.292889 -0.804182
0.760231 0.309144 0.0685464 -0.525279 0.292835 -0.798955
0.760834 0.308487 0.0678171 -0.529867 0.291022 -0.796584
0.761437 0.30783 0.0670878 -0.534439 0.289201 -0.79419
0.76204 0.307174 0.0664561 -0.552602 0.29665 -0.778865
0.762644 0.306517 0.0658405 -0.572631 0.305427 -0.760794
0.763247 0.30586 0.0652443 -0.592742 0.314251 -0.741554
0.76385 0.305203 0.0643932 -0.621114 0.333505 -0.709219
0.764453 0.304546 0.0633819 -0.650739 0.360688 -0.668164
0.765057 0.303889 0.0623706 -0.678179 0.386643 -0.624964
0.76566 0.303232 0.0612152 -0.703766 0.409123 -0.580803
0.766263 0.302575 0.0600273 -0.727551 0.42964 -0.534863
0.76678 0.30232 0.0591955 -0.743802 0.439404 -0.503669
0.767037 0.303266 0.0595636 -0.733447 0.43479 -0.522507
0.767294 0.304212 0.0599023 -0.725058 0.426686 -0.540583
0.767552 0.305158 0.0602146 -0.716685 0.417524 -0.558602
0.767809 0.306104 0.060527 -0.707968 0.408161 -0.576356
0.768067 0.30705 0.0609001 -0.698298 0.401571 -0.592555
0.768324 0.307995 0.0613243 -0.687295 0.399307 -0.606778
0.768582 0.308941 0.0616292 -0.674667 0.400119 -0.620265
0.768839 0.309887 0.0619341 -0.661784 0.400795 -0.633565
0.769097 0.310833 0.0622357 -0.650896 0.4001 -0.645178
0.769354 0.311779 0.0625348 -0.643117 0.397241 -0.654676
0.769612 0.312725 0.0628441 -0.638589 0.390567 -0.66307
0.769869 0.313671 0.0631534 -0.633969 0.383834 -0.671383
0.770126 0.314616 0.0634648 -0.631193 0.371544 -0.680845
0.770384 0.315562 0.0637596 -0.629276 0.354241 -0.691755
0.770641 0.316508 0.0639778 -0.626893 0.328143 -0.70663
0.770899 0.317454 0.0641961 -0.623934 0.301681 -0.720899
0.771156 0.3184 0.0644222 -0.612362 0.287213 -0.73656
0.771414 0.319346 0.0646493 -0.599532 0.274009 -0.751984
0.771671 0.320292 0.0648763 -0.5864 0.260692 -0.766925
0.771929 0.321237 0.064989 -0.576307 0.233481 -0.783171
0.772186 0.322183 0.0651543 -0.570436 0.265767 -0.777155
0.772443 0.323129 0.0652651 -0.575833 0.269121 -0.772004
0.772701 0.324075 0.0653668 -0.576452 0.278826 -0.768088
0.772958 0.325021 0.0654685 -0.577008 0.28851 -0.764084
0.773216 0.325967 0.0656409 -0.566192 0.291919 -0.77085
0.773473 0.326913 0.0658873 -0.558842 0.285195 -0.778691
0.773731 0.327858 0.0660808 -0.551547 0.282792 -0.784745
0.773988 0.328804 0.0662141 -0.543693 0.285708 -0.789157
0.774246 0.32975 0.0663474 -0.535785 0.2886 -0.793501
0.774503 0.330696 0.0665191 -0.532888 0.285676 -0.796505
0.774761 0.331642 0.0667387 -0.536248 0.275496 -0.797835
0.775018 0.332588 0.0669077 -0.537594 0.262785 -0.801209
0.775275 0.333534 0.0669941 -0.535616 0.245915 -0.807862
0.775533 0.334479 0.0670805 -0.533459 0.228966 -0.814245
0.77579 0.335425 0.0671372 -0.533748 0.209368 -0.819315
0.776048 0.336371 0.0671885 -0.533599 0.191473 -0.823778
0.776305 0.337317 0.0672192 -0.531925 0.182187 -0.82696
0.776563 0.338263 0.0672505 -0.529717 0.171847 -0.830584
0.77682 0.339209 0.0672876 -0.522761 0.151634 -0.838885
0.777078 0.340155 0.0673248 -0.515528 0.131333 -0.846748
0.777335 0.3411 0.0673532 -0.513005 0.108428 -0.85151
