# File produced by Open Asset Import Library (http://www.assimp.sf.net)
# (assimp v5.2.0)

mtllib base.mtl

# 2574 vertex positions
v  -0.0582001954 0.0159982052 0.0562747568
v  -0.0604052469 0.0159996245 0.055899974
v  -0.0621419363 0.0159997046 0.0563852452
v  -0.0638208836 0.0159991737 0.0621417202
v  -0.0623035952 0.0159991737 0.0637274384
v  -0.0637273937 0.0159991737 0.0579029955
v  -0.0643420219 0.0159991737 0.0600098297
v  -0.0601967461 0.0159991756 0.0643420666
v  -0.0580648631 0.0159991737 0.063820906
v  -0.0562747195 0.0159982052 0.0620063916
v  -0.0558999367 0.0159996245 0.0598013438
v  -0.0563856773 0.0159991737 0.0580649041
v  0.0601967461 0.0159991682 -0.0643420666
v  0.0596398003 0.0162996631 -0.0645947233
v  0.0580648631 0.01599917 -0.0638209134
v  0.057745669 0.0162993446 -0.0639864951
v  0.0562747195 0.0159982014 -0.0620063916
v  0.0559040383 0.0162986573 -0.0619352348
v  0.0558999367 0.0159996208 -0.0598013438
v  0.0556118675 0.016299665 -0.0596398823
v  0.0563856773 0.01599917 -0.0580649041
v  0.0562201031 0.0162993465 -0.05774571
v  0.0576326512 0.0159997698 -0.056689132
v  0.0582713634 0.0162986573 -0.0559040755
v  0.0596244037 0.0159982014 -0.0558547527
v  0.0605667047 0.016299665 -0.0556119047
v  0.0621416755 0.01599917 -0.0563857183
v  0.0624608696 0.0162993465 -0.0562201329
v  0.0637273937 0.01599917 -0.0579029992
v  0.0643025264 0.0162986573 -0.0582714118
v  0.0643420219 0.01599917 -0.0600098334
v  0.0645946786 0.016299665 -0.0605667867
v  0.0638208836 0.01599917 -0.0621417239
v  0.0639864504 0.0162993465 -0.0624609217
v  0.0623035952 0.01599917 -0.0637274384
v  0.0619351752 0.0162986554 -0.0643025711
v  0.0598013438 0.0159996245 0.0558999367
v  0.0596398823 0.0162996687 0.0556118675
v  0.0580649041 0.0159991737 0.0563856773
v  0.05774571 0.0162993502 0.0562201031
v  0.0562735684 0.0159995034 0.0581996031
v  0.0559040755 0.016298661 0.0582713634
v  0.055899974 0.0159996245 0.0604052469
v  0.0556119047 0.0162996687 0.0605667047
v  0.0563857146 0.0159991737 0.0621416755
v  0.0562201291 0.0162993502 0.0624608696
v  0.0579029992 0.0159991737 0.0637273937
v  0.0582714118 0.0162986629 0.0643025264
v  0.0600098334 0.0159991756 0.0643420219
v  0.0605667867 0.0162996706 0.0645946786
v  0.0621417239 0.0159991737 0.0638208836
v  0.0624609217 0.016299352 0.0639864504
v  0.0637274384 0.0159991737 0.0623035952
v  0.0643025711 0.016298661 0.0619351752
v  0.0643420666 0.0159991737 0.0601967461
v  0.0645947233 0.0162996687 0.0596398003
v  0.0638209134 0.0159991737 0.0580648631
v  0.0639864951 0.0162993502 0.057745669
v  0.0620063916 0.0159982052 0.0562747158
v  0.0619352348 0.016298661 0.0559040345
v  -0.0600098334 0.0159991682 -0.0643420219
v  -0.0605667867 0.0162996631 -0.0645946786
v  -0.0621417239 0.01599917 -0.0638208836
v  -0.0624609217 0.0162993446 -0.0639864504
v  -0.0637274384 0.01599917 -0.062303599
v  -0.0643025711 0.0162986573 -0.0619351789
v  -0.0643420666 0.01599917 -0.0601967499
v  -0.0645947233 0.016299665 -0.0596398041
v  -0.0638209134 0.01599917 -0.0580648668
v  -0.0639864951 0.0162993465 -0.0577456728
v  -0.0620063916 0.0159982014 -0.0562747195
v  -0.0619352348 0.0162986573 -0.0559040383
v  -0.0598013438 0.0159996208 -0.0558999367
v  -0.0596398823 0.016299665 -0.0556118675
v  -0.0580649041 0.01599917 -0.0563856773
v  -0.05774571 0.0162993465 -0.0562201031
v  -0.0562747568 0.0159982014 -0.0582001954
v  -0.0559040755 0.0162986573 -0.0582713634
v  -0.055899974 0.0159996208 -0.0604052469
v  -0.0556119047 0.016299665 -0.0605667047
v  -0.0563852452 0.0159997009 -0.0621419363
v  -0.0562201291 0.0162993465 -0.0624608696
v  -0.0579029992 0.01599917 -0.0637274012
v  -0.0582714118 0.0162986554 -0.0643025339
v  -0.0605667047 0.0162996687 0.0556119047
v  -0.0624608696 0.0162993502 0.0562201291
v  -0.0643025264 0.016298661 0.0582714081
v  -0.0645946786 0.0162996687 0.060566783
v  -0.0639864504 0.0162993502 0.062460918
v  -0.0619351752 0.0162986629 0.0643025711
v  -0.0596398003 0.0162996706 0.0645947233
v  -0.057745669 0.016299352 0.0639864877
v  -0.0559040383 0.016298661 0.0619352348
v  -0.0556118675 0.0162996687 0.0596398823
v  -0.0562201031 0.0162993502 0.05774571
v  -0.0582713634 0.016298661 0.0559040755
v  0.0532912388 0.016299786 -0.0583910905
v  0.0542876758 0.016299786 -0.0561644994
v  0.0559855439 0.016299786 -0.0544129945
v  0.0577091612 0.016299786 -0.053525541
v  0.0593823902 0.016299786 -0.053116478
v  0.0618154965 0.016299786 -0.0532912798
v  0.0640420914 0.016299786 -0.0542877093
v  0.0654655322 0.016299786 -0.0556038618
v  0.0664222091 0.016299786 -0.0570362918
v  0.0669968352 0.016299786 -0.0588877946
v  0.0671091527 0.016299786 -0.0606065542
v  0.066514492 0.016299786 -0.0629724264
v  0.0651465729 0.0162997842 -0.0649921671
v  0.0636032298 0.0162997842 -0.0661654174
v  0.0620264933 0.0162997842 -0.0668588132
v  0.059600044 0.0162997842 -0.0671091974
v  0.0572341867 0.0162997842 -0.0665145442
v  0.0556038171 0.0162997842 -0.0654655695
v  0.0544129275 0.0162997842 -0.0642210245
v  0.0535255037 0.016299786 -0.0624974184
v  0.0531164408 0.016299786 -0.0608242005
v  0.0542877093 0.0162997916 0.0640420914
v  0.0556038618 0.0162997916 0.0654655248
v  0.0570362918 0.0162997916 0.0664222017
v  0.0588877946 0.0162997916 0.0669968352
v  0.0606065542 0.0162997916 0.0671091527
v  0.0629724264 0.0162997916 0.066514492
v  0.0649921671 0.0162997916 0.0651465729
v  0.0661654174 0.0162997898 0.0636032298
v  0.0668588132 0.0162997898 0.0620264933
v  0.0671091974 0.0162997898 0.059600044
v  0.0665145442 0.0162997898 0.0572341867
v  0.065465562 0.0162997898 0.0556038171
v  0.0642210245 0.0162997898 0.0544129275
v  0.0624974184 0.0162997898 0.0535255
v  0.0608242005 0.0162997898 0.053116437
v  0.0583910905 0.0162997898 0.0532912388
v  0.0561644994 0.0162997898 0.0542876758
v  0.0544129945 0.0162997898 0.0559855439
v  0.053525541 0.0162997898 0.0577091612
v  0.053116478 0.0162997898 0.0593823902
v  0.0532912761 0.0162997898 0.0618154965
v  -0.0629724264 0.0162997842 -0.066514492
v  -0.0649921671 0.0162997842 -0.0651465729
v  -0.0661654174 0.016299786 -0.0636032298
v  -0.0668588132 0.016299786 -0.0620264933
v  -0.0671091974 0.016299786 -0.059600044
v  -0.0665145442 0.016299786 -0.0572341867
v  -0.065465562 0.016299786 -0.0556038171
v  -0.0642210245 0.016299786 -0.0544129312
v  -0.0624974184 0.016299786 -0.0535255037
v  -0.0608242005 0.016299786 -0.0531164408
v  -0.0583910905 0.016299786 -0.0532912388
v  -0.0561644994 0.016299786 -0.0542876758
v  -0.0544129945 0.016299786 -0.0559855439
v  -0.053525541 0.016299786 -0.0577091649
v  -0.053116478 0.016299786 -0.059382394
v  -0.0532912761 0.016299786 -0.0618155003
v  -0.0542877093 0.0162997842 -0.0640420914
v  -0.0556038618 0.0162997842 -0.0654655322
v  -0.0570362918 0.0162997842 -0.0664222091
v  -0.0588877946 0.0162997842 -0.0669968426
v  -0.0606065542 0.0162997842 -0.0671091527
v  -0.0618154965 0.0162997898 0.0532912761
v  -0.0640420914 0.0162997898 0.0542877056
v  -0.0654655322 0.0162997898 0.0556038618
v  -0.0664222091 0.0162997898 0.0570362918
v  -0.0669968352 0.0162997898 0.0588877946
v  -0.0671091527 0.0162997898 0.0606065542
v  -0.066514492 0.0162997898 0.0629724264
v  -0.0651465729 0.0162997916 0.0649921671
v  -0.0636032298 0.0162997916 0.0661654174
v  -0.0620264933 0.0162997916 0.0668588132
v  -0.059600044 0.0162997916 0.0671091974
v  -0.0572341867 0.0162997916 0.0665145367
v  -0.0556038171 0.0162997916 0.065465562
v  -0.0544129275 0.0162997916 0.0642210245
v  -0.0535255037 0.0162997898 0.0624974146
v  -0.0531164408 0.0162997898 0.0608241968
v  -0.0532912388 0.0162997898 0.0583910868
v  -0.0542876758 0.0162997898 0.0561644994
v  -0.0559855439 0.0162997898 0.0544129945
v  -0.0577091612 0.0162997898 0.053525541
v  -0.0593823902 0.0162997898 0.053116478
v  0.0594544262 0.0249969307 -0.0670983493
v  0.0571010672 0.0249969214 -0.0664545521
v  0.0556038171 0.0249996707 -0.0654655695
v  0.0543276519 0.0249969214 -0.0641025305
v  0.0535255037 0.0249996725 -0.0624974184
v  0.0531018414 0.0249969233 -0.0606789216
v  0.0533272177 0.0249969233 -0.058249563
v  0.054369878 0.0249969233 -0.0560438186
v  0.0561040528 0.0249969233 -0.0543277003
v  0.0583206117 0.0249969233 -0.0533081926
v  0.0607521832 0.0249969233 -0.0531082898
v  0.0624973811 0.0249996725 -0.0535255447
v  0.064162761 0.0249969233 -0.0543699078
v  0.065878883 0.0249969233 -0.0561040714
v  0.0668983832 0.0249969233 -0.0583206452
v  0.0670983046 0.0249969326 -0.0607521646
v  0.0664545074 0.0249969233 -0.0631055385
v  0.0654655248 0.0249996707 -0.0646027774
v  0.0641025081 0.0249969214 -0.0658789277
v  0.0618859343 0.0249969214 -0.0668984279
v  0.0606789216 0.024996927 0.0531018376
v  0.058249563 0.024996927 0.0533272177
v  0.0560438186 0.024996927 0.054369878
v  0.0543277003 0.024996927 0.0561040528
v  0.0533081926 0.024996927 0.0583206117
v  0.0531082861 0.024996927 0.0607521832
v  0.053525541 0.0249996763 0.0624973811
v  0.0543699078 0.0249969289 0.0641627535
v  0.0561040714 0.0249969289 0.0658788756
v  0.0583206452 0.0249969289 0.0668983832
v  0.0607521646 0.0249969382 0.0670983046
v  0.0631055385 0.0249969289 0.0664545074
v  0.0646027774 0.0249996781 0.0654655248
v  0.0658789277 0.0249969289 0.0641025081
v  0.0668984279 0.024996927 0.0618859343
v  0.0670983493 0.0249969363 0.0594544262
v  0.0664545447 0.024996927 0.0571010672
v  0.065465562 0.0249996763 0.0556038171
v  0.064102523 0.024996927 0.0543276519
v  0.0624974184 0.0249996763 0.0535255
v  -0.0607521646 0.0249969307 -0.0670983046
v  -0.0631055385 0.0249969214 -0.0664545074
v  -0.0646027774 0.0249996707 -0.0654655248
v  -0.0658789277 0.0249969214 -0.0641025081
v  -0.0668984279 0.0249969233 -0.0618859343
v  -0.0670983493 0.0249969326 -0.0594544262
v  -0.0664545447 0.0249969233 -0.0571010672
v  -0.065465562 0.0249996725 -0.0556038208
v  -0.064102523 0.0249969233 -0.0543276556
v  -0.0624974184 0.0249996725 -0.0535255037
v  -0.0606789216 0.0249969233 -0.0531018414
v  -0.058249563 0.0249969233 -0.0533272177
v  -0.0560438186 0.0249969233 -0.054369878
v  -0.0543277003 0.0249969233 -0.0561040565
v  -0.0533081926 0.0249969233 -0.0583206154
v  -0.0531082861 0.0249969233 -0.0607521869
v  -0.053525541 0.0249996725 -0.0624973848
v  -0.0543699078 0.0249969214 -0.064162761
v  -0.0561040714 0.0249969214 -0.065878883
v  -0.0583206452 0.0249969214 -0.0668983907
v  -0.0607521832 0.024996927 0.0531082861
v  -0.0624973811 0.0249996763 0.053525541
v  -0.064162761 0.024996927 0.0543699041
v  -0.065878883 0.024996927 0.0561040677
v  -0.0668983832 0.024996927 0.0583206452
v  -0.0670983046 0.0249969363 0.0607521646
v  -0.0664545074 0.024996927 0.0631055385
v  -0.0654655248 0.0249996781 0.0646027774
v  -0.0641025081 0.0249969289 0.0658789277
v  -0.0618859343 0.0249969289 0.0668984279
v  -0.0594544262 0.0249969382 0.0670983419
v  -0.0571010672 0.0249969289 0.0664545447
v  -0.0556038171 0.0249996781 0.065465562
v  -0.0543276519 0.0249969289 0.064102523
v  -0.0535255037 0.0249996763 0.0624974146
v  -0.0531018414 0.024996927 0.0606789179
v  -0.0533272177 0.024996927 0.0582495593
v  -0.054369878 0.024996927 0.0560438149
v  -0.0561040528 0.024996927 0.0543277003
v  -0.0583206117 0.024996927 0.0533081926
v  0.059351515 0.0252993666 -0.0673892871
v  0.0562785342 0.025299238 -0.0664029196
v  0.0540385842 0.025299469 -0.0642108172
v  0.0528192334 0.0252990294 -0.0612226836
v  0.0530583933 0.0252995398 -0.0580977127
v  0.0541692078 0.0252995193 -0.0558091924
v  0.0559957437 0.0252995193 -0.0540385954
v  0.0583177134 0.0252994988 -0.0529995076
v  0.0607179217 0.0252916291 -0.0527874269
v  0.0633016899 0.0252994709 -0.0535137765
v  0.0658519268 0.0252992399 -0.0554917529
v  0.0672070682 0.0252994709 -0.0583177954
v  0.0673892424 0.0252993684 -0.0608550832
v  0.0664024651 0.0252987482 -0.0639277771
v  0.0642107576 0.025299428 -0.0661679655
v  0.0618887953 0.025299428 -0.0672070682
v  0.052504357 0.0253118705 -0.0588739738
v  0.0524811968 0.0253020674 -0.0662380606
v  0.0523326807 0.0254020486 -0.0632207245
v  0.0521396846 0.0255587455 -0.0598696508
v  0.0521439612 0.0256769545 -0.0636330545
v  0.0478920229 0.025336938 -0.0796805918
v  0.0474951193 0.0255940147 -0.0798538923
v  0.0487199612 0.0255775042 -0.0775464773
v  0.0482948683 0.0253019575 -0.0792722031
v  0.0504175723 0.0253127962 -0.0742995888
v  0.0501649939 0.0256041847 -0.0740461126
v  0.0513725691 0.0253783371 -0.0706427619
v  0.0511981435 0.025688732 -0.0705139115
v  0.0520590916 0.0253783371 -0.0669769645
v  0.0518733226 0.0256772339 -0.0668888763
v  0.0598155856 0.0255545564 -0.0521406941
v  0.0632019937 0.0255226269 -0.052194275
v  0.0587978475 0.0253160689 -0.0524886362
v  0.0775847808 0.0255970061 -0.0486944355
v  0.0798066407 0.0253949594 -0.0477065668
v  0.0792923793 0.0253091194 -0.048241239
v  0.0799136162 0.0256536752 -0.047438588
v  0.0668620467 0.0253114589 -0.052216664
v  0.0669008195 0.0255960654 -0.0518867485
v  0.0727154613 0.0253012404 -0.0511245094
v  0.0705690011 0.0253783278 -0.0513904244
v  0.0705673695 0.0256863944 -0.0511859395
v  0.0741438344 0.025378339 -0.0503276549
v  0.0741643757 0.0257240627 -0.0500950068
v  0.0585154518 0.0256780144 -0.0522711799
v  0.0572455488 0.0256413948 -0.0526449271
v  0.0560454428 0.0256427266 -0.0532229692
v  0.0555116609 0.0253689382 -0.0537923016
v  0.0549357273 0.0256892238 -0.0540020354
v  0.0539856702 0.0256022159 -0.0549790561
v  0.053406097 0.0253783073 -0.056113828
v  0.0532149896 0.0256835744 -0.0560478717
v  0.0526398085 0.0256414153 -0.0572592169
v  0.0573699363 0.0253124684 -0.0529187508
v  0.0529668331 0.0253110006 -0.0572516359
v  0.0522681437 0.0256441049 -0.0585463569
v  0.054345835 0.0253063589 -0.0550705045
v  0.0580977239 0.025299523 0.0530584008
v  0.0558091924 0.025299523 0.0541692078
v  0.0540385954 0.025299523 0.0559957437
v  0.0529994704 0.0252995435 0.058317706
v  0.0527880229 0.0252912045 0.0607191436
v  0.0538040213 0.0252988748 0.0639277697
v  0.0559957363 0.0252995845 0.06616804
v  0.0583177954 0.0252994765 0.0672070682
v  0.0608550832 0.025299374 0.0673892424
v  0.0639277771 0.0252987556 0.0664024651
v  0.0661679655 0.0252994355 0.0642107576
v  0.0672070682 0.0252994336 0.0618887953
v  0.0673892871 0.0252993722 0.059351515
v  0.0664029121 0.0252992436 0.0562785342
v  0.0642108098 0.0252994746 0.0540385842
v  0.0612226911 0.0252990928 0.0528191738
v  0.0588346422 0.0253080726 0.0525161475
v  0.0662380606 0.025302073 0.0524811968
v  0.0632207245 0.0254020523 0.0523326807
v  0.0598522127 0.0255612787 0.0521380119
v  0.0636704266 0.0256721079 0.0521442592
v  0.0776826218 0.0253956132 0.0488301702
v  0.0798068196 0.025416391 0.0476835258
v  0.0775152296 0.0256610494 0.0487140082
v  0.0799170062 0.0256610494 0.0474312566
v  0.0793834478 0.0253014825 0.0481988862
v  0.0742995888 0.0253128018 0.0504175685
v  0.0741204545 0.0255978201 0.0501424111
v  0.0706427619 0.0253783427 0.0513725691
v  0.070517309 0.025690088 0.0511968024
v  0.0669769645 0.0253783427 0.0520590916
v  0.0668897554 0.0256772283 0.0518732034
v  0.0521416888 0.0255537387 0.0598005429
v  0.052194275 0.0255226307 0.0632019937
v  0.052488517 0.0253163241 0.0587974787
v  0.0487518646 0.0255936813 0.077471137
v  0.0477065668 0.025394965 0.0798066407
v  0.0489526093 0.0253372453 0.0776767656
v  0.048183769 0.0252949558 0.0794278979
v  0.0474408194 0.0256385598 0.0799168199
v  0.0519901887 0.0253010448 0.0692177117
v  0.0520690568 0.0253783446 0.0669017583
v  0.0518706888 0.0256774817 0.0669073984
v  0.0513904244 0.0253783334 0.0705690011
v  0.0511917062 0.0256879814 0.0705406889
v  0.0504707769 0.0253125355 0.0741521865
v  0.0501416214 0.0255931616 0.0741327032
v  0.0522715673 0.0256780181 0.0585136227
v  0.0526477844 0.0256418474 0.0572376288
v  0.0540124588 0.0256117303 0.0549376868
v  0.0550532229 0.0253783017 0.0541648567
v  0.054956615 0.0256823078 0.0539877899
v  0.0560681783 0.0256024078 0.0532182977
v  0.052900821 0.0253184643 0.0573924482
v  0.0536904112 0.0253146123 0.0558345765
v  0.0532248989 0.0256412998 0.0560436137
v  0.0573036522 0.0253591035 0.0528711118
v  0.0572597645 0.0256426372 0.0526389591
v  0.0585479811 0.0256411489 0.0522693321
v  0.0560991205 0.0253063235 0.0535884649
v  -0.0608550832 0.0252993666 -0.0673892424
v  -0.0639277771 0.0252987482 -0.0664024651
v  -0.0661679655 0.025299428 -0.0642107576
v  -0.0672070682 0.0252994299 -0.0618887953
v  -0.0673892871 0.0252993684 -0.059351515
v  -0.0664029121 0.0252992399 -0.0562785342
v  -0.0642108098 0.0252994709 -0.054038588
v  -0.0612226836 0.0252990294 -0.0528192334
v  -0.0580977127 0.0252995398 -0.0530583933
v  -0.0558091924 0.0252995193 -0.0541692078
v  -0.0540385954 0.0252995193 -0.0559957474
v  -0.0529995076 0.0252994988 -0.0583177172
v  -0.0527873747 0.0252915304 -0.0607177466
v  -0.0538040213 0.0252988674 -0.0639277771
v  -0.0559957363 0.025299577 -0.0661680475
v  -0.0583177954 0.025299469 -0.0672070757
v  -0.0775476322 0.0255772956 -0.0487195551
v  -0.0799703673 0.0255938265 -0.0474010184
v  -0.0798339993 0.0256577656 -0.0474896468
v  -0.0796805918 0.0253369398 -0.0478920229
v  -0.0792721882 0.0253019594 -0.0482948683
v  -0.0588739328 0.0253117494 -0.0525045581
v  -0.0646039397 0.0253029708 -0.0525462814
v  -0.0632207245 0.0254020486 -0.0523326844
v  -0.0598619916 0.0255605653 -0.0521383844
v  -0.0636319593 0.0256766155 -0.0521441326
v  -0.0722910389 0.0253011696 -0.0512534194
v  -0.0742153153 0.025378339 -0.0503020845
v  -0.07408306 0.0256828945 -0.0501393378
v  -0.0706427619 0.025378339 -0.0513725691
v  -0.0705349743 0.0256865341 -0.051193703
v  -0.0669769645 0.025378339 -0.0520590916
v  -0.0668888763 0.0256772358 -0.0518733226
v  -0.0521404445 0.0255545862 -0.0598253086
v  -0.0521489829 0.0256589465 -0.0637169182
v  -0.0523134656 0.0254182275 -0.0632201806
v  -0.0524884462 0.025316149 -0.0587981716
v  -0.0487518646 0.0255936738 -0.077471137
v  -0.0477065668 0.0253949575 -0.0798066407
v  -0.0482422002 0.0253083166 -0.0792935044
v  -0.0474330932 0.0256507322 -0.0799231827
v  -0.0519901887 0.0253010374 -0.0692177117
v  -0.0520690568 0.0253783371 -0.0669017583
v  -0.0518700667 0.0256745331 -0.0669206157
v  -0.0513904244 0.025378326 -0.0705690011
v  -0.0511917062 0.0256879739 -0.0705406889
v  -0.0504707769 0.025312528 -0.0741521865
v  -0.0501416214 0.0255931541 -0.0741327032
v  -0.0522706397 0.0256779846 -0.0585180558
v  -0.0526469462 0.0256435852 -0.0572373942
v  -0.0532256439 0.0256414246 -0.0560422391
v  -0.0537923016 0.0253689382 -0.0555116646
v  -0.054001607 0.0256892946 -0.0549362041
v  -0.0549828336 0.0256032553 -0.0539816096
v  -0.056113828 0.0253783073 -0.053406097
v  -0.0560482293 0.0256824847 -0.0532152392
v  -0.0572610423 0.0256426949 -0.0526384376
v  -0.0529187508 0.0253124684 -0.05736994
v  -0.0572516359 0.0253110006 -0.0529668331
v  -0.0585462078 0.0256429147 -0.0522687733
v  -0.0550705045 0.0253063589 -0.054345835
v  -0.0530584008 0.025299523 0.058097709
v  -0.0541691892 0.0252995435 0.0558091812
v  -0.0559957437 0.025299523 0.0540385954
v  -0.058317706 0.025299523 0.052999489
v  -0.0607177429 0.0252915341 0.0527873747
v  -0.0639277771 0.025298873 0.0538040176
v  -0.0661680475 0.0252995826 0.0559957325
v  -0.0672070682 0.0252994746 0.0583177954
v  -0.0673892424 0.0252993722 0.0608550832
v  -0.0664024651 0.0252987556 0.0639277771
v  -0.0642107576 0.0252994355 0.0661679655
v  -0.0618887953 0.0252994355 0.0672070682
v  -0.059351515 0.025299374 0.0673892796
v  -0.0562785342 0.0252992455 0.0664029121
v  -0.0540385842 0.0252994765 0.0642108098
v  -0.0528192334 0.0252990332 0.0612226799
v  -0.0525044911 0.0253118128 0.0588739105
v  -0.0524811968 0.0253020748 0.0662380606
v  -0.0523326807 0.0254020523 0.0632207245
v  -0.052138783 0.0255605299 0.0598429255
v  -0.0521441288 0.0256766193 0.0636319593
v  -0.0487069897 0.0256625321 0.077527836
v  -0.0475435629 0.0255264025 0.0798625201
v  -0.047427889 0.02566115 0.0799196735
v  -0.0488301702 0.025395615 0.0776826218
v  -0.0479337722 0.0253226347 0.079653129
v  -0.0484226979 0.0252750348 0.0793088451
v  -0.0504175723 0.0253128037 0.0742995888
v  -0.0501649939 0.0256041922 0.0740461126
v  -0.0513725691 0.0253783446 0.0706427619
v  -0.0511981435 0.0256887395 0.0705139115
v  -0.0520590916 0.0253783446 0.0669769645
v  -0.0518733226 0.0256772414 0.0668888763
v  -0.0598645955 0.0255524591 0.0521414205
v  -0.0636402592 0.0256774481 0.0521456189
v  -0.0632201806 0.0254182313 0.0523134619
v  -0.0587982163 0.0253161527 0.052488517
v  -0.0775906667 0.02559519 0.0486928709
v  -0.0798681974 0.0255967192 0.0474869385
v  -0.0793702826 0.0252940543 0.0482577011
v  -0.0797280297 0.0253271833 0.0478715226
v  -0.0668799356 0.0253114142 0.052213192
v  -0.0669284463 0.0255930312 0.0518851392
v  -0.0725071728 0.0253008138 0.0511886664
v  -0.0705690011 0.0253783315 0.0513904244
v  -0.0705218166 0.0256912876 0.051195126
v  -0.0741438344 0.0253783427 0.0503276512
v  -0.0741174296 0.0256763976 0.0501293615
v  -0.0585159399 0.0256834179 0.052269049
v  -0.0572376288 0.0256418474 0.0526477844
v  -0.0549632274 0.0256055687 0.0539959483
v  -0.0541648567 0.0253783017 0.0550532192
v  -0.053994488 0.0256881174 0.0549452193
v  -0.0532182977 0.0256024078 0.0560681745
v  -0.057374265 0.0253116824 0.0529186912
v  -0.0558068454 0.0253098421 0.0537156537
v  -0.0560436137 0.0256412998 0.0532248989
v  -0.0531164892 0.0253151115 0.0568532757
v  -0.0526389591 0.0256426372 0.0572597608
v  -0.0522693321 0.0256411489 0.0585479774
v  0.0139934598 4.10722878e-09 0.0939624757
v  0.00540867355 4.14682688e-09 0.0948683918
v  0 0 0
v  0.0850394219 1.85093985e-09 0.0423445627
v  0.0816799626 2.12040696e-09 0.0485092551
v  0.0713756084 -2.74035195e-09 -0.0626920015
v  0.0758106261 -2.50245646e-09 -0.0572495833
v  -0.0892027617 -1.42825463e-09 -0.0326746441
v  -0.0865460336 -1.71232117e-09 -0.0391733311
v  -0.0500104278 -3.53054874e-09 -0.0807695687
v  -0.0439088158 -3.68235042e-09 -0.0842423812
v  0.0343175344 3.87211507e-09 0.0885836929
v  0.0276817214 3.97232425e-09 0.0908762217
v  0.0665506944 -2.96328451e-09 -0.0677921027
v  0.0105118621 -4.12702539e-09 -0.0944153816
v  0.0174558721 -4.08182199e-09 -0.0933812559
v  -0.0922705159 9.8802877e-10 0.0226035062
v  -0.0936878473 6.87466861e-10 0.0157274455
v  0.0903491899 1.28320088e-09 0.0293561984
v  0.0879344344 1.57136393e-09 0.0359486043
v  0.0949825346 7.67337374e-11 0.00175543316
v  0.09459351 3.83149262e-10 0.00876540691
v  -0.0834167004 -1.9870281e-09 -0.0454579033
v  0.0913722366 -1.13639242e-09 -0.0259976722
v  0.0930427089 -8.38323688e-10 -0.0191786494
v  0.0778743252 2.378298e-09 0.0544091165
v  0.0736434385 2.62319655e-09 0.0600117482
v  -0.0850393921 1.85093985e-09 0.0423446149
v  -0.0879344046 1.57136304e-09 0.0359486453
v  0.07983163 -2.25089014e-09 -0.0514944158
v  -0.0690102726 2.85376811e-09 0.0652866587
v  -0.0736433864 2.62319744e-09 0.0600118116
v  -0.0798316598 -2.25089014e-09 -0.0514943637
v  -0.0758106634 -2.50245669e-09 -0.0572495386
v  0.0690103173 2.85376811e-09 0.065286614
v  -0.0558388904 -3.35946404e-09 -0.0768555999
v  0.0310206171 -3.92490218e-09 -0.0897913426
v  0.0375674106 -3.81403975e-09 -0.0872551128
v  0.0834166929 -1.98702654e-09 -0.0454579182
v  0.0208945684 4.05083966e-09 0.0926724523
v  -0.0945935249 3.83140686e-10 0.00876527186
v  -0.0949825346 7.6743098e-11 0.00175570918
v  0.0922705308 9.88028437e-10 0.0226034354
v  -0.0375674814 -3.81403975e-09 -0.087255083
v  -0.0948528126 -2.3009758e-10 -0.00526399072
v  -0.00471760798 4.14963486e-09 0.0949326307
v  -0.0139935073 4.10722834e-09 0.0939624831
v  -0.0310208369 -3.92489952e-09 -0.0897912681
v  -0.0243047737 -4.0143231e-09 -0.0918370411
v  0.0865459889 -1.71232251e-09 -0.0391734205
v  0.0892027393 -1.42825596e-09 -0.0326747335
v  -0.0942050219 -5.35673617e-10 -0.0122547597
v  -0.0930427313 -8.38322856e-10 -0.0191785712
v  -0.0586406291 3.26697847e-09 0.0747398138
v  -0.0640002117 3.0687537e-09 0.0702049583
v  -0.090349175 1.28320088e-09 0.029356258
v  -0.0529607162 3.44736284e-09 0.078866519
v  0.0936878622 6.87466861e-10 0.0157273859
v  0.0500103459 -3.53054985e-09 -0.0807696208
v  0.0558388382 -3.35946404e-09 -0.0768556297
v  0.0586406924 3.26697847e-09 0.0747397691
v  0.0529608987 3.4473584e-09 0.0788663924
v  0.0613623597 -3.17003002e-09 -0.0725218952
v  0.0469916575 3.60891628e-09 0.0825624019
v  0.00351035851 -4.14968993e-09 -0.0949338898
v  -0.0913722515 -1.13639242e-09 -0.0259976126
v  -0.034317445 3.87211552e-09 0.0885837302
v  -0.0407659002 3.75075704e-09 0.0858073831
v  -0.071375601 -2.74035505e-09 -0.0626920238
v  0.0439087637 -3.68235042e-09 -0.084242411
v  -0.0469916537 3.60891494e-09 0.0825624019
v  -0.0276815593 3.97232558e-09 0.0908762664
v  -0.00351037737 -4.14968948e-09 -0.0949338824
v  -0.0613623224 -3.17003312e-09 -0.0725219175
v  0.0407659709 3.75075704e-09 0.0858073384
v  -0.0778743401 2.37829534e-09 0.0544091091
v  -0.0816798955 2.12040985e-09 0.0485093743
v  -0.0208945982 4.05083833e-09 0.09267243
v  0.0948528126 -2.3009758e-10 -0.00526405219
v  -0.0665507391 -2.96328451e-09 -0.067792058
v  0.094205007 -5.35674116e-10 -0.0122548314
v  0.0243047141 -4.0143231e-09 -0.091837056
v  -0.0174559131 -4.08182199e-09 -0.093381241
v  -0.0105118342 -4.12702628e-09 -0.0944154039
v  0.0640002713 3.06875347e-09 0.0702049062
v  0.0521071963 0.0626315102 -0.0598006211
v  0.052126769 0.0562104173 -0.0629080832
v  0.0517857745 0.0475202873 -0.0672604516
v  0.052048739 0.051876314 -0.0650267601
v  0.0499633849 0.0343521498 -0.0744526908
v  0.0507466979 0.0385223962 -0.0720609426
v  0.0513702817 0.0429016799 -0.0696900934
v  0.0488256924 0.0297785588 -0.0772342458
v  0.0659059882 0.0252927076 -0.0654755458
v  0.0555804521 0.0252908077 -0.0744524002
v  0.0746493191 0.0252922084 -0.055294618
v  0.0759674609 0.0317417532 -0.0493899845
v  0.072420612 0.0378759839 -0.0506703481
v  0.0690035969 0.0440993831 -0.0515274666
v  0.0745832026 0.0343223698 -0.049941998
v  0.0600019209 0.0622453094 -0.0521067455
v  0.0643230826 0.053208027 -0.0521151759
v  0.0590969846 0.0641508698 -0.0521578938
v  0.0580386668 0.0662403777 -0.0523574986
v  0.0568936802 0.0678034425 -0.0527614355
v  0.0553858317 0.0692268685 -0.0536234863
v  0.053945791 0.0694622472 -0.0549610481
v  0.0524323098 0.0666782334 -0.0577543192
v  0.0530967899 0.0684924424 -0.0562344864
v  0.0521709248 0.0646804497 -0.058907371
v  0.0773215517 0.0298509747 0.0487618893
v  0.0745635033 0.0344070569 0.0499365553
v  0.0648821294 0.0524434634 0.0520522706
v  0.062834546 0.0563930832 0.0521526821
v  0.0599911995 0.0622632243 0.0521059707
v  0.0673785433 0.0474188775 0.0517831258
v  0.0720136911 0.0388423093 0.0507848747
v  0.0697659701 0.0429653637 0.0513485447
v  0.0789230987 0.0269656908 0.0479827598
v  0.0724403188 0.0252924841 0.0580650605
v  0.0654755458 0.0252927151 0.0659059882
v  0.0552946255 0.025292214 0.0746493042
v  0.0765948594 0.0252834726 0.0525475629
v  0.0493899845 0.0317417607 0.0759674609
v  0.0515274629 0.0440993905 0.0690035895
v  0.0506883264 0.0379858501 0.072359167
v  0.0499214344 0.0341503024 0.0746270344
v  0.0521104708 0.0631648749 0.0596205741
v  0.052096568 0.0527859144 0.0645336807
v  0.0522051193 0.0646432191 0.0588102378
v  0.0524836481 0.0666773096 0.0576362349
v  0.0529217608 0.0681021139 0.0565847456
v  0.0534915663 0.0690472722 0.0555921383
v  0.0542048849 0.0694969371 0.0546844192
v  0.0553643219 0.0692553073 0.0536347032
v  0.0563931763 0.0683585331 0.0530126914
v  0.0583797097 0.0653845221 0.0522908606
v  0.0578038283 0.0667039901 0.0523858964
v  -0.0672604442 0.0475202873 -0.0517857783
v  -0.0650262609 0.0518772937 -0.0520487987
v  -0.0597017221 0.0628518164 -0.0521130264
v  -0.0696340501 0.0432090834 -0.0513727292
v  -0.0772342607 0.0297785606 -0.0488256961
v  -0.0745615736 0.034272518 -0.049948249
v  -0.0733695328 0.0362065248 -0.0503733307
v  -0.0654755458 0.0252927076 -0.0659059882
v  -0.0552946255 0.0252922066 -0.0746493116
v  -0.0724403188 0.0252924804 -0.0580650643
v  -0.0766748041 0.0252821892 -0.0524438061
v  -0.0493899845 0.0317417532 -0.0759674609
v  -0.0513759255 0.0429810397 -0.0696531683
v  -0.0506883264 0.0379858427 -0.072359167
v  -0.0499214344 0.034150295 -0.0746270344
v  -0.0520863049 0.05267388 -0.0645578131
v  -0.0516724698 0.045682203 -0.0681863725
v  -0.0521125905 0.0631906167 -0.0595856085
v  -0.0525036864 0.066956237 -0.0575512573
v  -0.0523074903 0.0655945316 -0.0582890064
v  -0.053082969 0.0684362203 -0.0562591441
v  -0.0537477396 0.0692985579 -0.0552304387
v  -0.0547128096 0.0694956258 -0.0541773811
v  -0.0559803881 0.0687786415 -0.053228613
v  -0.0583273098 0.0657933876 -0.0522773191
v  -0.0572964847 0.0671870783 -0.0526119545
v  -0.0517857745 0.0475202948 0.0672604442
v  -0.0520534515 0.0519003011 0.0649941489
v  -0.0521098673 0.0623141564 0.0599627867
v  -0.0499633849 0.0343521573 0.0744526908
v  -0.0507466979 0.0385224037 0.0720609426
v  -0.0513702817 0.0429016873 0.0696900934
v  -0.0488256924 0.0297785662 0.0772342458
v  -0.0659059882 0.0252927151 0.0654755458
v  -0.0746493116 0.0252922121 0.0552946217
v  -0.0580650643 0.025292486 0.0724403113
v  -0.0524438024 0.0252821948 0.0766748041
v  -0.0769760013 0.0303579178 0.0489396378
v  -0.0700869635 0.0419983678 0.051301457
v  -0.0725816861 0.0375833251 0.050647784
v  -0.0752543807 0.0330038443 0.0496997163
v  -0.0653113574 0.0512216985 0.0520394295
v  -0.0678439438 0.0462293662 0.0517286658
v  -0.0603097007 0.0614837371 0.0521182008
v  -0.0629778653 0.0560527667 0.0521562397
v  -0.0584052019 0.0654542223 0.0522781946
v  -0.0573620163 0.0670568943 0.0525864027
v  -0.0565844476 0.0681100115 0.0529216193
v  -0.0546861216 0.0694960952 0.0542037599
v  -0.0555922091 0.0690472573 0.0534915105
v  -0.0536428913 0.0692678913 0.0553509966
v  -0.0530126952 0.0683585331 0.0563931726
v  -0.0522908643 0.0653845221 0.058379706
v  -0.0523859002 0.0667039901 0.0578038245
v  0.0529906787 0.0175994448 0.0787788257
v  0.0586217046 0.0175547767 0.0746791884
v  0.0242296048 0.0175026283 -0.0918041989
v  0.00327996956 0.017681336 -0.0948745608
v  -0.00367260841 0.0174804404 -0.0948771089
v  0.0947825834 0.0175209623 -0.00552934967
v  0.0941010192 0.0178100578 -0.0123890312
v  -0.0137579301 0.0176813044 0.0939290076
v  -0.00670320587 0.0174301658 0.0947181955
v  0.0922589079 0.0176813211 0.0223659277
v  0.093633011 0.0175547414 0.0156953745
v  -0.0206824802 0.0175176375 0.0926612541
v  0.0518264025 0.0495265834 -0.0664375499
v  0.0509144776 0.0401739851 -0.0713666826
v  0.0520434603 0.0565721728 -0.0629713237
v  0.0473688506 0.0256454926 -0.0799709707
v  0.0486665405 0.0297302417 -0.0774372071
v  0.0520443656 0.0637057051 -0.0595550053
v  0.0499176271 0.0342850685 -0.0746223405
v  0.0479705743 0.0251049716 -0.0798429623
v  0.0483176373 0.0252226591 -0.0794761628
v  0.0767657459 0.0251181219 -0.0527133122
v  0.0796029419 0.0252350997 -0.0481303036
v  0.0798741654 0.0251139533 -0.0479071327
v  0.0526491329 0.0251142699 -0.0768118799
v  0.0581472442 0.0251168404 -0.0727367625
v  0.063559413 0.0250875615 -0.0680974871
v  0.0682037398 0.0251158923 -0.0634045973
v  0.0727078393 0.0251178313 -0.0581818931
v  0.0700804368 0.0240888353 -0.0619001873
v  0.0592173412 0.0644057691 -0.0520532988
v  0.0628851578 0.0567024387 -0.0520667471
v  0.0770404115 0.0302701648 -0.0489023775
v  0.071489647 0.039948307 -0.0508799963
v  0.0673282817 0.0473768897 -0.0517933704
v  0.0665701181 0.0493015684 -0.0517993793
v  0.0595483668 0.0637380332 0.052036982
v  0.0798468515 0.0251150057 0.0479519628
v  0.0794761628 0.0252226647 0.0483176373
v  0.0480337627 0.0251478571 0.0797761083
v  0.0525770709 0.0250954963 0.0768853873
v  0.0767602921 0.0250324663 0.0528241955
v  0.0726221129 0.0250908658 0.058332067
v  0.0682062954 0.0250935052 0.0634338036
v  0.063215293 0.0250818171 0.0684230924
v  0.0580909885 0.025100477 0.0728024915
v  0.0521441512 0.0563925616 0.0628432706
v  0.0520512722 0.0649227574 0.0589776486
v  0.0489024036 0.0302702207 0.0770403817
v  0.0503893606 0.0369787738 0.0731538609
v  0.0519855581 0.0539938509 0.0642470941
v  0.0517933704 0.0473768972 0.0673282743
v  0.0514723547 0.0450064391 0.0687811747
v  -0.0595224164 0.0637916625 -0.0520375967
v  -0.0631683171 0.0558584891 -0.0521445349
v  -0.0664375424 0.0495265834 -0.0518264063
v  -0.0774372071 0.0297302436 -0.0486665443
v  -0.0729875788 0.0372467414 -0.0504505336
v  -0.0798475519 0.0251165312 -0.0479491316
v  -0.0794774219 0.0252225716 -0.0483162664
v  -0.0479069836 0.0251150895 -0.0798733309
v  -0.0526716635 0.0251192711 -0.0767929852
v  -0.0481283478 0.0252363998 -0.0796029046
v  -0.0768200085 0.0250753034 -0.0526740626
v  -0.0727276057 0.0251188017 -0.0581558421
v  -0.0746716037 0.0240761545 -0.0562833771
v  -0.0682475269 0.0251173601 -0.0633557588
v  -0.0701756999 0.0240836944 -0.0617947839
v  -0.0633360445 0.02511191 -0.0682733506
v  -0.0586422682 0.0250791311 -0.0723874941
v  -0.0521435253 0.0563271753 -0.0628952011
v  -0.0520533025 0.0644057021 -0.0592173748
v  -0.0519824177 0.0527494885 -0.0648193657
v  -0.0489023775 0.030270163 -0.0770404115
v  -0.0503897481 0.0369850956 -0.07315135
v  -0.0514520817 0.0448858738 -0.0688549727
v  -0.0518264025 0.0495265909 0.0664375424
v  -0.0509144776 0.0401739925 0.0713666826
v  -0.0521443486 0.0558463782 0.0631741583
v  -0.0486664101 0.0297295768 0.0774375647
v  -0.0520369858 0.0637380183 0.0595483705
v  -0.0499176271 0.034285076 0.0746223405
v  -0.0479507037 0.0251159258 0.079847008
v  -0.0795663744 0.0251211859 0.0483774394
v  -0.0766614825 0.0250864848 0.0529187545
v  -0.0524130836 0.0250205882 0.0770483837
v  -0.0580501743 0.0250925273 0.0728455633
v  -0.0631693378 0.0250773579 0.0684713945
v  -0.0680899769 0.025075756 0.0635849312
v  -0.0726558641 0.0250877049 0.0582950339
v  -0.0800077766 0.0255679097 0.0473556109
v  -0.0596108772 0.0632721707 0.0520992875
v  -0.0684867948 0.0455020517 0.0515585318
v  -0.0737080351 0.0360408649 0.0501863696
v  -0.0642471015 0.0539938509 0.0519855544
v  -0.0586687401 0.0653811023 0.052145116
v  0.040343862 0.022227535 0.0850334689
v  0.0466421805 0.0214972757 0.0819482356
v  0.0464317054 0.0240208022 0.0811811537
v  0.0525668934 0.0214972757 0.0782798231
v  0.0582044981 0.0214972757 0.0741838366
v  0.0635242164 0.0214972757 0.0696827024
v  0.0684969947 0.0214972757 0.0648009926
v  0.0810723826 0.0214972738 0.0481484793
v  0.0772951022 0.0214972738 0.0540043935
v  0.0730956644 0.0214972738 0.0595653504
v  0.0842543691 0.0221528336 0.042005185
v  0.0804456994 0.0241409577 0.0476290844
v  0.074658826 0.0240894258 -0.0562908873
v  0.0791790634 0.0220760517 -0.050938461
v  0.0752467364 0.0214972701 -0.0568237267
v  0.0708446652 0.0214972701 -0.0622257143
v  0.0660556778 0.0214972682 -0.0672878474
v  0.060430631 0.0241295826 -0.0713241771
v  0.0609059185 0.0214972682 -0.0719824806
v  0.0554235056 0.0214972682 -0.0762839615
v  0.0549541526 0.0241388828 -0.0756379664
v  0.0496383905 0.0214972682 -0.080168806
v  0.0434791073 0.0221458077 -0.083505787
v  -0.0609059632 0.0214972682 -0.0719824359
v  -0.0549542047 0.0241388828 -0.0756379291
v  -0.0554235578 0.0214972682 -0.0762839243
v  -0.0494161919 0.0220951494 -0.0801415592
v  -0.0436450988 0.0221294798 -0.0834242478
v  -0.0658676922 0.0223432854 -0.0671740845
v  -0.0708447099 0.0214972701 -0.0622256696
v  -0.0752467662 0.0214972701 -0.0568236783
v  -0.0826553404 0.022038782 -0.0451232679
v  -0.0790761858 0.0221012197 -0.0510886088
v  -0.0906040072 0.0221265517 -0.0256038886
v  -0.0878322497 0.0245122202 -0.0316825099
v  -0.0885392278 0.0214972701 -0.0324316509
v  -0.0856207535 0.0223153681 -0.039033737
v  -0.0772950724 0.0214972738 0.0540044457
v  -0.0804369226 0.0240928195 0.047672566
v  -0.0810723528 0.0214972738 0.0481485315
v  -0.0843269899 0.0221565943 0.0418561734
v  -0.0730956197 0.0214972738 0.0595653988
v  -0.06849695 0.0214972757 0.0648010373
v  -0.0635241717 0.0214972757 0.0696827471
v  -0.0582044534 0.0214972757 0.0741838738
v  -0.0525668412 0.0214972757 0.0782798529
v  -0.046277754 0.0224053022 0.0819039494
v  -0.00194547372 0.0156354494 0.0949874893
v  3.09048822e-08 0.0183508862 0.0948464498
v  0.0141484067 0.0174804665 0.093888104
v  0.00700468104 0.0183508862 0.0945874378
v  0.00585872866 0.015631821 0.0948410332
v  -0.0584442019 0.0175176766 0.0748207495
v  -0.0527337305 0.0176812857 0.0789372846
v  0.000102426849 0.0221397858 0.0941487178
v  0.0070630312 0.0223378334 0.0938276201
v  0.0140166488 0.0221307576 0.0931019858
v  0.0205964223 0.0222588945 0.0918287784
v  0.0210437272 0.0174804367 0.0925868005
v  0.0272743348 0.0222807135 0.0900676027
v  0.0278605279 0.0175176952 0.0907615721
v  0.0339426398 0.0221532658 0.0878127739
v  0.0345056802 0.017681323 0.0884381086
v  0.0408925638 0.0174804367 0.0856910348
v  0.0470956638 0.0175670851 0.0824310035
v  0.0640555769 0.0174404774 0.0700921714
v  0.0691177547 0.0176813435 0.0650743917
v  0.0737078339 0.0174804553 0.0598523878
v  0.0779268146 0.017480474 0.0542454198
v  0.0817348734 0.017517684 0.0483040698
v  0.0849945396 0.0178009719 0.0422508009
v  0.0869696662 0.0223811306 0.0358784534
v  0.0879360139 0.0174404457 0.035822995
v  0.0895552561 0.0222201534 0.0289905742
v  0.0903551653 0.0176813621 0.0291184224
v  0.0913901925 0.022324292 0.0224037375
v  0.0928672403 0.0221387427 0.0154828373
v  0.0936935842 0.0222655516 0.00882644672
v  0.0945382565 0.0175073519 0.00877807196
v  0.0940831006 0.0222951304 0.00195553689
v  0.0949345604 0.0174600929 0.00170118129
v  0.0940067694 0.0221566316 -0.00506696571
v  0.0933486074 0.0222131331 -0.0120333256
v  0.0921889991 0.0223398004 -0.0188306384
v  0.0929839686 0.0174600333 -0.0192209836
v  0.0905567184 0.02215272 -0.0257438645
v  0.0912446305 0.0176813696 -0.0261984095
v  0.0884294212 0.0223883279 -0.0321084224
v  0.08909861 0.0174804218 -0.0328114629
v  0.0856948644 0.0222896487 -0.0388877653
v  0.0864320472 0.0174804423 -0.0393020883
v  0.0826409906 0.0219722334 -0.0451468825
v  0.0832871944 0.0175670795 -0.0455644242
v  0.0797445998 0.0175994802 -0.0515258573
v  0.0756711811 0.0174804702 -0.0573500209
v  0.0711973608 0.0175176319 -0.0628076941
v  0.0663405061 0.0176812652 -0.0679034591
v  0.0612042025 0.0174805187 -0.0725892484
v  0.0556145199 0.0176813453 -0.0769348145
v  0.0498061664 0.0175176077 -0.080828324
v  0.0436752439 0.0176813453 -0.0842876807
v  0.0372534469 0.0223360956 -0.086404033
v  0.0373965129 0.0174805 -0.0872734413
v  0.0306785423 0.0223284662 -0.0889535993
v  0.0308532994 0.0175671186 -0.0897827595
v  0.0239588097 0.0221329182 -0.0910511464
v  0.0174043942 0.0222435575 -0.0924906209
v  0.0174299441 0.0176991671 -0.0933134779
v  0.0106359711 0.0223313775 -0.0934916213
v  0.0104534635 0.0174600482 -0.0943726152
v  0.00364427106 0.0222892463 -0.0940341875
v  -0.00341720926 0.0221528076 -0.0940826163
v  -0.0104519743 0.0223053563 -0.0935189053
v  -0.0106695313 0.0174804293 -0.0943467841
v  -0.0172136165 0.0223127361 -0.0925111026
v  -0.0176464114 0.0175176784 -0.0932870582
v  -0.0241466351 0.0221441295 -0.0909982994
v  -0.0243456028 0.0178009346 -0.0917414576
v  -0.030551523 0.0222735275 -0.0890088156
v  -0.0309863985 0.0175073482 -0.089746207
v  -0.0371601135 0.0223997757 -0.0864283592
v  -0.0375462919 0.0175036397 -0.0872060433
v  -0.0439481065 0.0175994691 -0.0841586441
v  -0.0501233637 0.0174804088 -0.0806399584
v  -0.0559834987 0.0176813565 -0.0766667351
v  -0.0614404231 0.0175671987 -0.072373651
v  -0.0665640011 0.017599389 -0.0677004457
v  -0.0714459047 0.0174804218 -0.0625350848
v  -0.0758879632 0.0175176505 -0.0570516363
v  -0.0798982829 0.0176813081 -0.0512660146
v  -0.0834506825 0.0174803715 -0.0452894978
v  -0.0865779296 0.0175176896 -0.0389632173
v  -0.0892431512 0.0175209306 -0.0324032493
v  -0.0913897157 0.0176896285 -0.0256744567
v  -0.0921554044 0.0222813208 -0.0190585535
v  -0.0930261835 0.017480392 -0.0190074947
v  -0.0933036059 0.0222819112 -0.012265401
v  -0.0941743106 0.017517643 -0.0120445238
v  -0.0940002352 0.0221498217 -0.00523070898
v  -0.0947977528 0.0176813193 -0.00503257243
v  -0.094093591 0.0222671106 0.00177808653
v  -0.0949287638 0.0174804721 0.0019188252
v  -0.093695648 0.0223298483 0.0086583253
v  -0.0945173204 0.0175176729 0.00896367524
v  -0.0928333551 0.0221392922 0.0156837255
v  -0.0935832262 0.017681269 0.0159411132
v  -0.0913841948 0.0223229118 0.0224316772
v  -0.0921821371 0.0174804833 0.0227509737
v  -0.0895958692 0.0221626442 0.0288997721
v  -0.0902142525 0.0176813323 0.0295521431
v  -0.0870466158 0.02237444 0.0357043445
v  -0.0878037363 0.0175176654 0.0361161381
v  -0.0848770589 0.0176813621 0.0425185338
v  -0.0815524459 0.017480474 0.0486246161
v  -0.0777338892 0.0175671335 0.0545005761
v  -0.0735332668 0.0174631439 0.0600728504
v  -0.0687413737 0.0176896546 0.0654666424
v  -0.0638103485 0.0175176952 0.0703001469
v  -0.0468238182 0.0174803864 0.082599543
v  -0.0404969677 0.0222405661 0.0849579424
v  -0.0405308343 0.0176812857 0.0858440027
v  -0.0340971388 0.0221544858 0.0877524316
v  -0.0342750773 0.0175547861 0.0885364562
v  -0.027450094 0.022261994 0.0900184065
v  -0.0275564231 0.0174404774 0.0908662379
v  -0.0208036397 0.0223272927 0.0917669088
v  -0.0138351191 0.0221479274 0.0931242779
v  -0.00704732165 0.0223577339 0.0938228592
v  0.0642987341 0.0700320452 -0.0420084856
v  0.0609635822 0.0691698566 -0.0471216887
v  0.0674715191 0.0698006451 -0.0368273966
v  0.0420084409 0.0700320452 -0.0642987639
v  0.0371475443 0.0698572323 -0.0672707409
v  0.0473089851 0.0690871552 -0.060863737
v  0.0521024838 0.0699748546 -0.0564503223
v  0.0564661883 0.0699786171 -0.0520855039
v  0.0420084856 0.0700320452 0.0642987341
v  0.047121685 0.0691698566 0.0609635785
v  0.0366707258 0.0699668154 0.0675043836
v  0.0642987639 0.0700320452 0.0420084409
v  0.0673874915 0.0699556842 0.0368830562
v  0.0608637445 0.0690871552 0.0473089702
v  0.0564503223 0.0699748546 0.0521024801
v  0.0520854928 0.0699785948 0.0564661957
v  -0.0420084856 0.0700320452 -0.0642987415
v  -0.047121685 0.0691698566 -0.060963586
v  -0.0368049033 0.0697148293 -0.06751398
v  -0.0673462003 0.0699232519 -0.0369749814
v  -0.0642987639 0.0700320452 -0.0420084447
v  -0.0608637445 0.0690871552 -0.047308974
v  -0.0564503223 0.0699748546 -0.0521024875
v  -0.0520854928 0.0699785948 -0.0564661995
v  -0.0642987341 0.0700320452 0.0420084819
v  -0.0609635822 0.0691698566 0.047121685
v  -0.0675387606 0.0698199719 0.0366988815
v  -0.0367443897 0.0700080991 0.0674484447
v  -0.0420084409 0.0700320452 0.0642987564
v  -0.0473089851 0.0690871552 0.0608637296
v  -0.0521024838 0.0699748546 0.0564503185
v  -0.0564661883 0.0699786171 0.0520854965
v  0.0308864322 0.0699874684 0.0703348145
v  0.0249006413 0.069893688 0.0726996064
v  0.0186956003 0.0701586083 0.07445281
v  0.0703428462 0.0700000823 0.030860614
v  0.0726436898 0.070032075 0.0249386001
v  0.0760311931 0.0723699629 2.75364637e-05
v  0.0765361413 0.0700505823 0.00635455688
v  0.0744513124 0.0700606182 0.0188321676
v  0.075019218 0.0724657103 0.0122484732
v  0.0749452412 0.0723546818 -0.0128487116
v  0.0765428841 0.0700320452 -0.00634251535
v  0.0703235567 0.0699794218 -0.0309162047
v  0.0726680756 0.0699517578 -0.0249411426
v  0.0745448023 0.0697846636 -0.0187944137
v  0.0308518372 0.0700202659 -0.0703402385
v  0.024952691 0.0700090379 -0.0726464614
v  0.0189121198 0.069903709 -0.0744813308
v  0.0122827264 0.0723509863 -0.0750395581
v  0.006453312 0.0698212087 -0.0765954852
v  -0.000115683775 0.0723573938 -0.0760352165
v  -0.0308523718 0.070032008 -0.0703361407
v  -0.0249481294 0.0700146779 -0.0726460293
v  -0.00648614811 0.069846347 -0.0765831918
v  -0.0126915099 0.0724560544 -0.0749469176
v  -0.0188784879 0.0699184984 -0.0744842812
v  -0.0703334659 0.0699667484 -0.030905297
v  -0.0726436973 0.0700320601 -0.0249386057
v  -0.0737764984 0.0724831372 -0.0182903726
v  -0.0755161792 0.070471406 -0.0131976977
v  -0.0765810832 0.0698952302 -0.00637185294
v  -0.0760362744 0.0723576471 0.000250658573
v  -0.0765331611 0.0700576007 0.00636134762
v  -0.074933067 0.0724641159 0.0127666257
v  -0.0744511113 0.0700563788 0.0188389644
v  -0.0726424381 0.0700697228 0.0249061864
v  -0.070341669 0.0700012147 0.0308621898
v  -0.030880006 0.0699815601 0.070340082
v  -0.0248816516 0.0699064508 0.0727009624
v  -0.0186530333 0.070204556 0.0744478032
v  -0.0123258252 0.0724592134 0.0750072077
v  -0.00633613858 0.0699763596 0.0765602142
v  0.000263376656 0.0724640489 0.0760124624
v  0.00631765928 0.0699682683 0.0765647516
v  0.0128406668 0.0724746734 0.0749188513
v  -0.062956214 0.076804392 -0.0411313176
v  -0.0634625107 0.0733715668 -0.0414621048
v  -0.0666696802 0.0733715668 -0.0360797942
v  -0.0752015337 0.076804392 2.11465334e-08
v  -0.0755473897 0.0733715668 0.00626005698
v  -0.0711269006 0.076804392 0.0244179238
v  -0.0716989115 0.0733715668 0.0246142913
v  -0.0694213957 0.0733715668 0.0304510631
v  -0.0463295504 0.0777219236 0.0590891652
v  -0.0465611741 0.0733715668 0.0598218441
v  -0.041462101 0.0733715668 0.0634625033
v  0.062956214 0.076804392 0.0411313139
v  0.0634625107 0.0733715668 0.041462101
v  0.0666696802 0.0733715668 0.0360797867
v  0.075085856 0.0777219012 0.000267183699
v  0.0755473897 0.0733715668 -0.0062600635
v  0.0711269006 0.076804392 -0.0244179294
v  0.0716989115 0.0733715668 -0.0246142969
v  0.0694213957 0.0733715668 -0.0304510705
v  0.0461897179 0.076804392 -0.0593445897
v  0.0465611741 0.0733715668 -0.0598218516
v  0.041462101 0.0733715668 -0.0634625107
v  -0.0598218478 0.0733715668 -0.0465611778
v  -0.0694214106 0.0733715668 -0.0304510258
v  -0.0716989264 0.0733715668 -0.0246142503
v  -0.0666696504 0.0733715668 0.0360798314
v  -0.0186093245 0.0733715668 0.073486656
v  0.0598218478 0.0733715668 0.0465611704
v  0.0694214106 0.0733715668 0.0304510184
v  0.0716989264 0.0733715668 0.0246142447
v  0.0666696504 0.0733715668 -0.0360798389
v  0.00626001088 0.0733715668 -0.0755473971
v  0.0186093245 0.0733715668 -0.0734866634
v  0.0246142466 0.0733715668 -0.0716989338
v  0.0360797904 0.0733715668 -0.0666696802
v  0.051342193 0.0733715668 -0.0557725318
v  0.059821818 0.0733715668 -0.0465612151
v  0.0734866485 0.0733715668 -0.0186093766
v  0.0734866634 0.0733715668 0.0186093207
v  0.0557725281 0.0733715668 0.0513421893
v  0.0513422303 0.0733715668 0.0557724945
v  0.0465612113 0.0733715668 0.0598218143
v  0.0360798351 0.0733715668 0.0666696504
v  0.0414621457 0.0733715668 0.0634624809
v  0.0304510668 0.0733715668 0.0694213882
v  0.0186093729 0.0733715668 0.0734866485
v  0.00626006024 0.0733715668 0.0755473822
v  -0.0246142466 0.0733715668 0.0716989264
v  -0.0360797904 0.0733715668 0.0666696727
v  -0.051342193 0.0733715668 0.0557725281
v  -0.059821818 0.0733715668 0.0465612076
v  -0.0734866485 0.0733715668 0.0186093692
v  -0.0747724101 0.0733715668 -0.0124772871
v  -0.0557725281 0.0733715668 -0.0513421968
v  -0.0513422303 0.0733715668 -0.0557724983
v  -0.0465612113 0.0733715668 -0.0598218217
v  -0.0360798351 0.0733715668 -0.0666696578
v  -0.0414621457 0.0733715668 -0.0634624884
v  -0.0304510668 0.0733715668 -0.0694213957
v  -0.0186093729 0.0733715668 -0.073486656
v  -0.00626006024 0.0733715668 -0.0755473897
v  0.00026720154 0.0777219012 -0.075085856
v  0.00621006917 0.076804392 -0.0749446824
v  0.0126223126 0.0777219385 -0.0740178078
v  0.0184608661 0.076804392 -0.0729003921
v  0.0244178809 0.076804392 -0.071126923
v  0.0357919447 0.076804392 -0.0661377981
v  0.0411313139 0.076804392 -0.062956214
v  0.0557724983 0.0733715668 -0.051342234
v  0.0553275496 0.076804392 -0.0509326309
v  0.0510508455 0.0777219385 -0.0550614819
v  0.0594174042 0.0777219236 -0.045907829
v  0.066115208 0.0777004808 -0.0356035233
v  0.0688675568 0.076804392 -0.0302081332
v  0.0728538409 0.0777218714 -0.0181734618
v  0.0741758719 0.076804392 -0.0123777967
v  0.074944675 0.076804392 -0.00621012133
v  0.065908879 0.0777219012 0.035971906
v  0.0688675717 0.076804392 0.030208081
v  0.0711269155 0.076804392 0.0244178772
v  0.072722666 0.0777218938 0.0186914783
v  0.0741758868 0.076804392 0.0123777408
v  0.0553275794 0.076804392 0.0509325862
v  0.0509326272 0.076804392 0.0553275459
v  0.0460001417 0.0777004957 0.0593533218
v  0.0411313586 0.076804392 0.0629561841
v  0.0357919894 0.076804392 0.0661377683
v  0.024614295 0.0733715668 0.071698904
v  0.0244179256 0.076804392 0.0711268932
v  0.0299169533 0.0777219608 0.06886895
v  0.0184609145 0.076804392 0.0729003772
v  -0.000267201453 0.0777219012 0.075085856
v  0.00604658853 0.0777004808 0.0748483017
v  -0.00626001088 0.0733715668 0.0755473897
v  -0.00621006917 0.076804392 0.074944675
v  -0.0184608661 0.076804392 0.0729003847
v  -0.0126222922 0.0777219385 0.0740178004
v  -0.0244178809 0.076804392 0.0711269155
v  -0.0357919447 0.076804392 0.0661377907
v  -0.0411313139 0.076804392 0.0629562065
v  -0.0557724983 0.0733715668 0.0513422266
v  -0.0553275496 0.076804392 0.0509326234
v  -0.0509325899 0.076804392 0.0553275794
v  -0.0594174042 0.0777219236 0.0459078215
v  -0.066115208 0.0777004808 0.0356035158
v  -0.0688675568 0.076804392 0.0302081257
v  -0.0728538409 0.0777218714 0.0181734543
v  -0.0741758719 0.076804392 0.0123777892
v  -0.074944675 0.076804392 0.00621011434
v  -0.065908879 0.0777219012 -0.0359719135
v  -0.0688675717 0.076804392 -0.0302080885
v  -0.0711269155 0.076804392 -0.0244178828
v  -0.072722666 0.0777218938 -0.0186914857
v  -0.0741758868 0.076804392 -0.0123777483
v  -0.0553275794 0.076804392 -0.0509325936
v  -0.0509326272 0.076804392 -0.0553275496
v  -0.0460001417 0.0777004957 -0.0593533292
v  -0.0411313586 0.076804392 -0.0629561916
v  -0.0357919894 0.076804392 -0.0661377758
v  -0.024614295 0.0733715668 -0.0716989115
v  -0.0244179256 0.076804392 -0.0711269006
v  -0.0299169533 0.0777219608 -0.0688689575
v  -0.0184609145 0.076804392 -0.0729003847
v  -0.00604657736 0.0777004808 -0.0748483092
v  0.00619339151 0.0802842006 -0.074742876
v  0.0243520923 0.0802842006 -0.0709353983
v  0.0184111763 0.0802842602 -0.0727040768
v  0.030406354 0.0777219608 -0.0686542913
v  0.0304510221 0.0733715668 -0.069421418
v  0.0356955752 0.0802842379 -0.0659596995
v  0.0410205461 0.0802842081 -0.0627866909
v  0.0460653231 0.0802842528 -0.0591848008
v  0.0551785678 0.0802841708 -0.0507954694
v  0.0627866685 0.0802842006 -0.0410205796
v  0.0629561841 0.076804392 -0.0411313586
v  0.0634624809 0.0733715668 -0.0414621457
v  0.0686820894 0.0802842304 -0.0301268157
v  0.070935376 0.0802841559 -0.0243521985
v  0.0739761293 0.0802842379 -0.0123444982
v  0.074742876 0.0802842528 -0.00619335752
v  0.074742876 0.0802842304 0.0061933035
v  0.074944675 0.076804392 0.00621006545
v  0.0755473897 0.0733715668 0.00626000762
v  0.0739761442 0.0802841634 0.0123444423
v  0.0709353909 0.0802842304 0.0243521072
v  0.0686821043 0.080284223 0.0301267728
v  0.0627866909 0.0802842006 0.0410205424
v  0.0590891801 0.077721931 0.0463295281
v  0.0551785976 0.0802841932 0.0507954247
v  0.0507954583 0.080284223 0.055178564
v  0.0356956199 0.0802841634 0.0659596696
v  0.0410206057 0.0802842006 0.0627866462
v  0.0184112154 0.0802842304 0.0727040619
v  0.0243521463 0.0802842304 0.0709353685
v  0.012377793 0.076804392 0.0741758719
v  0.0123444237 0.080284223 0.0739761442
v  -0.00619339896 0.0802842304 0.0747428685
v  -0.0243520923 0.0802842006 0.0709353909
v  -0.0184111763 0.0802842602 0.0727040693
v  -0.030406354 0.0777219608 0.0686542839
v  -0.0304510221 0.0733715668 0.0694214106
v  -0.0356955752 0.0802842379 0.065959692
v  -0.0410205461 0.0802842081 0.0627866834
v  -0.0507954285 0.0802842006 0.0551785976
v  -0.0551785678 0.0802841708 0.050795462
v  -0.0627866685 0.0802842006 0.0410205759
v  -0.0629561841 0.076804392 0.0411313549
v  -0.0634624809 0.0733715668 0.041462142
v  -0.0686820894 0.0802842304 0.0301268082
v  -0.070935376 0.0802841559 0.0243521929
v  -0.0739761293 0.0802842379 0.0123444907
v  -0.074742876 0.0802842528 0.00619335053
v  -0.0749990344 0.0802842528 3.09147552e-09
v  -0.0748073384 0.0777218938 -0.00646681571
v  -0.0755473897 0.0733715668 -0.00626001414
v  -0.0739761442 0.0802841634 -0.0123444498
v  -0.0709353909 0.0802842304 -0.0243521128
v  -0.0686821043 0.080284223 -0.0301267803
v  -0.0627866909 0.0802842006 -0.0410205461
v  -0.0590891801 0.077721931 -0.0463295355
v  -0.0551785976 0.0802841932 -0.0507954322
v  -0.0507954583 0.080284223 -0.0551785678
v  -0.0356956199 0.0802841634 -0.0659596771
v  -0.0410206057 0.0802842006 -0.0627866536
v  -0.0184112154 0.0802842304 -0.0727040693
v  -0.0243521463 0.0802842304 -0.070935376
v  -0.012377793 0.076804392 -0.0741758794
v  -0.0123444339 0.0802841634 -0.0739761516
v  -0.00621168269 0.0848528445 -0.0746946335
v  -2.26541579e-05 0.0848528445 -0.0749524534
v  0.00621664431 0.0848390386 -0.0747033954
v  0.0122721065 0.0848478898 -0.0739479959
v  0.0183956474 0.0847625434 -0.0727024525
v  0.024380561 0.0848423168 -0.0708819479
v  0.0300697871 0.0848474354 -0.0686648265
v  0.0356370471 0.0848474801 -0.0659472719
v  0.0411619879 0.0848484784 -0.0626462772
v  0.0461947322 0.0848485306 -0.0590330511
v  0.0509119779 0.0848485678 -0.0550164618
v  0.0552017614 0.084853299 -0.0507004932
v  0.0591999255 0.0848533884 -0.0459687151
v  0.0627819002 0.0847606212 -0.0410198197
v  0.065900974 0.0848535523 -0.0357040018
v  0.0686968938 0.0848342404 -0.0300136358
v  0.0709606782 0.0848490223 -0.0241516624
v  0.0726782754 0.0848539546 -0.0183162987
v  0.0739594921 0.0847917572 -0.0123730972
v  0.0747193545 0.0848345011 -0.00608412875
v  0.0749935657 0.0847628042 1.23648688e-05
v  0.0747359842 0.0847655982 0.0061931219
v  0.0739589483 0.084792152 0.0123751014
v  0.0726887882 0.0847957358 0.0184112042
v  0.0709350258 0.0847625509 0.0243365373
v  0.0686824694 0.0847483128 0.0301176626
v  0.0659534559 0.0847655982 0.0356925987
v  0.0627901778 0.0847625509 0.0410053469
v  0.0591895096 0.0847625434 0.0460504703
v  0.0551661476 0.0847628266 0.0508008711
v  0.0507826582 0.0847628266 0.0551829152
v  0.0460608415 0.0847655907 0.0591795407
v  0.0410298966 0.0847625509 0.0627741292
v  0.0356821194 0.0847628266 0.0659607425
v  0.0301236901 0.0847655982 0.0686759353
v  0.0243642647 0.0847625509 0.070925504
v  0.018397836 0.0847628266 0.0727018043
v  0.012309825 0.084792152 0.0739698336
v  0.00619249698 0.0847655982 0.0747360215
v  -3.0930812e-07 0.0847655758 0.0749921352
v  -0.00622540154 0.0847921595 0.0747282654
v  -0.0123457154 0.0847957209 0.0739609227
v  -0.0183782279 0.0847917646 0.072700344
v  -0.024350211 0.0847655982 0.0709287599
v  -0.0301176757 0.0847483128 0.068682462
v  -0.0356801115 0.0847625434 0.0659619123
v  -0.0410279483 0.084762834 0.0627753139
v  -0.0460717455 0.0847628266 0.0591728613
v  -0.0508008748 0.0847628266 0.0551661663
v  -0.0551737286 0.0847655982 0.050790552
v  -0.059179537 0.0847655982 0.0460608676
v  -0.0627819002 0.0847606212 0.0410198122
v  -0.0659559667 0.0847507715 0.0356935933
v  -0.0686820894 0.084762834 0.030113209
v  -0.0709342137 0.0847628266 0.0243387036
v  -0.072697483 0.0847655982 0.0184091702
v  -0.0739594921 0.0847917572 0.0123730898
v  -0.0747384429 0.0847628266 0.00618058536
v  -0.0749921426 0.0847655758 -3.19435259e-07
v  -0.0747386962 0.0847625434 -0.00617832039
v  -0.0739589483 0.084792152 -0.0123751089
v  -0.0726887882 0.0847957358 -0.0184112117
v  -0.0709450617 0.0848483443 -0.0242001675
v  -0.0687043369 0.0848482698 -0.0299764611
v  -0.0659271628 0.084853448 -0.0356558785
v  -0.0628332421 0.0848480985 -0.0408766381
v  -0.0592429861 0.0848480314 -0.0459260382
v  -0.0550842397 0.0848481283 -0.0508392453
v  -0.0506867431 0.084834151 -0.0552358143
v  -0.046000883 0.0848613083 -0.0591674894
v  -0.0411206745 0.0848478377 -0.0626743585
v  -0.0355935507 0.0848479196 -0.0659700707
v  -0.03012711 0.0848529115 -0.0686309859
v  -0.0244112443 0.0848334059 -0.07088276
v  -0.0182400774 0.084856689 -0.072700493
v  -0.012309825 0.084792152 -0.073969841
v  -0.066254802 0.0849197209 0.0348411389
v  -0.0689587966 0.0849154666 0.0291094016
v  -0.0711537972 0.0849147961 0.0232363362
v  -0.0728494599 0.0849142596 0.0172008071
v  0.00626682071 0.084936887 0.0745954365
v  3.19340979e-05 0.0849363059 0.0748552978
v  0.0184384044 0.0849320963 0.0725482851
v  0.0123126945 0.0849326551 0.0738479272
v  0.024395844 0.0849305764 0.0707661584
v  0.0358235352 0.0849272832 0.0657218173
v  0.0302033406 0.0849289522 0.0684878454
v  0.0412064232 0.0849256068 0.0624869093
v  0.0510733575 0.0849225223 0.0547178723
v  0.0463033579 0.0849240124 0.058809299
v  0.063093856 0.0849188939 0.0402727872
v  0.0594977327 0.0849199444 0.0454165302
v  0.0711329132 0.0849166736 0.0233066827
v  0.0689076409 0.0849204659 0.0292518642
v  0.074034594 0.0849117562 0.0110123195
v  0.0728528574 0.0849124491 0.017168019
v  0.0746970847 0.0849156678 0.00488307467
v  0.074844636 0.084915556 -0.00138363696
v  0.073551923 0.0849112868 -0.0139041673
v  0.0626993701 0.0848891437 -0.0409300514
v  0.0216527749 0.0849155039 -0.0716637895
v  0.0184985045 0.0848881602 -0.0725575089
v  -0.0094278045 0.0849084482 -0.0742610097
v  -0.0735317096 0.0849117786 -0.0140107973
v  -0.0721132979 0.0849080682 -0.0200637188
v  -0.0744578019 0.0849132165 -0.00770963961
v  -0.0747020319 0.084916085 0.00483671762
v  -0.0748426244 0.0849132463 -0.00141758483
v  -0.0740470588 0.0849131644 0.0109472983
v  -0.0595461316 0.0849183425 0.0453501865
v  -0.0631348789 0.0849172398 0.0402051061
v  -0.0555380248 0.084919624 0.0501781553
v  -0.0463763885 0.0849226192 0.0587496497
v  -0.051137995 0.0849210471 0.0546551943
v  -0.0302351341 0.0849283859 0.0684793964
v  -0.0359126627 0.0849267468 0.0656724572
v  -0.0123516554 0.0849323347 0.073836349
v  -0.0184500664 0.0849313065 0.072550483
v  0.055481717 0.0849211514 0.0502429046
v  0.0662456453 0.0849180073 0.0348476507
v  -0.0412336551 0.0849239528 0.0624693111
v  -0.0244534295 0.0849295184 0.0707447305
v  -0.00617395062 0.0849330276 0.0746099353
v  0.00941200834 0.0849332958 -0.0742844939
v  0.0155898631 0.0849482343 -0.0732121095
v  0.0031630334 0.0849332958 -0.0748115331
v  -0.00310812728 0.0849332958 -0.0748138428
v  -0.0155412126 0.0849332958 -0.0732478052
v  -0.0216159243 0.0849332958 -0.07169047
v  -0.0275390148 0.0849332958 -0.0696302578
v  -0.0332689397 0.0849332958 -0.06708166
v  -0.0387655087 0.0849332958 -0.0640625209
v  -0.043990165 0.0849332958 -0.0605940185
v  -0.048906263 0.0849332958 -0.0567005128
v  -0.053479325 0.0849332958 -0.0524092838
v  -0.0576772541 0.0849332958 -0.047750432
v  -0.0614706241 0.0849332958 -0.0427566692
v  -0.0648328289 0.0849332958 -0.0374629721
v  -0.067740269 0.0849332958 -0.0319065265
v  -0.0701725557 0.0849332958 -0.0261262618
v  0.0744710565 0.0849332958 -0.00779959792
v  0.0721274242 0.0849332958 -0.0201098174
v  0.0701917261 0.0849332958 -0.0260747559
v  0.0677636713 0.0849332958 -0.0318568014
v  0.0648602992 0.0849332958 -0.0374153927
v  0.0615019873 0.0849332958 -0.0427115373
v  0.0577122867 0.0849332958 -0.0477080941
v  0.0535177663 0.0849332958 -0.052370023
v  0.048947867 0.0849332958 -0.0566646047
v  0.0440346301 0.0849332958 -0.0605617203
v  0.0388125144 0.0849332958 -0.0640340522
v  0.033318162 0.0849332958 -0.0670572296
v  0.027590109 0.0849332958 -0.0696100444
v  0.0246195123 0.0849323347 0.0707229972
v  0.0304307155 0.0851718411 0.0683847815
v  0.0245919935 0.0851879418 0.0706768706
v  0.00321119488 0.0851718113 -0.0747808665
v  -0.00312757096 0.0849323347 -0.0748203248
v  -0.0031145059 0.0851879492 -0.074768208
v  0.0186152719 0.0849323347 0.0725350603
v  0.0185447615 0.0851878822 0.0724987015
v  0.0124909021 0.0849315003 0.0738438889
v  0.0124198832 0.0852026865 0.0737777725
v  -0.0155048631 0.0852163732 -0.0731739774
v  -0.00933947973 0.0851643085 -0.0742677301
v  -0.0155416122 0.0850521922 -0.0732551068
v  -0.00936720055 0.0849329606 -0.0742925927
v  -0.0275403447 0.0851718485 -0.0695991069
v  -0.0216107629 0.0851879418 -0.0716446936
v  -0.0216363836 0.0849323347 -0.0716919154
v  -0.0275487043 0.0849329531 -0.0696290359
v  -0.0387084186 0.0851718113 -0.0640636235
v  -0.0332281999 0.085213244 -0.0670157522
v  -0.0332711525 0.0850521773 -0.0670886189
v  -0.038774848 0.0849329531 -0.0640596896
v  -0.0488462448 0.0851878822 -0.0566922836
v  -0.0439630188 0.0851643085 -0.0605819635
v  -0.0489255339 0.0849323347 -0.0566935241
v  -0.0439992473 0.0849329531 -0.0605904236
v  -0.0576476157 0.0851879492 -0.0477151647
v  -0.0534188151 0.0851878822 -0.0524061024
v  -0.053497944 0.0849323347 -0.0524007045
v  -0.0576950721 0.0849323347 -0.047740344
v  -0.0647734329 0.0851878822 -0.0374749564
v  -0.0614284351 0.0851819441 -0.0427430794
v  -0.0614875555 0.0849323347 -0.0427450985
v  -0.0648487136 0.0849323347 -0.037450064
v  -0.0701283067 0.0851819292 -0.0261236429
v  -0.0676594973 0.0852163583 -0.031890817
v  -0.0677463263 0.0850521848 -0.0319106169
v  -0.070186086 0.0849323347 -0.0261108428
v  -0.0734947622 0.0851878971 -0.0140886363
v  -0.072058104 0.0851878747 -0.0201890972
v  -0.0721248165 0.0849323347 -0.0201463066
v  -0.0735576823 0.0849323347 -0.0140403165
v  -0.0748353377 0.0851642936 -0.00160993449
v  -0.0744037107 0.0852027759 -0.007842944
v  -0.0744827241 0.0849315003 -0.00782733411
v  -0.0748639852 0.0849329606 -0.00158623571
v  -0.0740166381 0.0852027833 0.0109069087
v  -0.0746894926 0.0851878971 0.00463139219
v  -0.0740892813 0.0849315003 0.0109417681
v  -0.0747384131 0.0849323347 0.00469381223
v  -0.0711857378 0.0851819441 0.0230871197
v  -0.0728443861 0.0852027759 0.0170622393
v  -0.0729138553 0.0849315003 0.0171029791
v  -0.0712230653 0.0849323347 0.0231330376
v  -0.066339083 0.0851718485 0.0346645489
v  -0.0689923912 0.0852027014 0.0289389323
v  -0.0690405443 0.0849315003 0.0290232003
v  -0.0663680062 0.0849329531 0.0346759483
v  -0.0596474782 0.0851878971 0.0451901183
v  -0.0632228851 0.0851642936 0.040072266
v  -0.0596537031 0.0849323347 0.0452691764
v  -0.0632335916 0.0849329531 0.040107917
v  -0.0512490571 0.0851718485 0.0545530953
v  -0.0556341819 0.0851718485 0.0500733741
v  -0.0556593537 0.0849329606 0.0500916168
v  -0.0512725748 0.0849329606 0.0545733906
v  -0.0414681546 0.0851878822 0.0622925535
v  -0.0465158671 0.0851819292 0.0586233512
v  -0.0465215854 0.0849323347 0.0586822294
v  -0.041448012 0.0849323347 0.0623692721
v  -0.0304576717 0.0851718411 0.0683727786
v  -0.0360678881 0.0851879418 0.0655674562
v  -0.0360837504 0.0849323347 0.0656187832
v  -0.0304732006 0.0849329531 0.0683996901
v  -0.0186278727 0.0852027759 0.0724598318
v  -0.024656577 0.0851642936 0.0706751272
v  -0.0186240245 0.0849315003 0.072540246
v  -0.0246428791 0.0849329606 0.0707097054
v  -0.00630240608 0.0851819292 0.0745701268
v  -0.0124972342 0.0851718411 0.0737992302
v  -0.00627456745 0.0849323347 0.0746223256
v  -0.0125055332 0.0849329531 0.0738291517
v  0.00315371645 0.0849329531 -0.0748143643
v  0.00936729088 0.0849317163 -0.0743038133
v  -1.49920861e-05 0.0851718411 0.0748498961
v  -1.80482639e-05 0.0849329606 0.0748807937
v  0.00622293912 0.085198231 0.0745595396
v  0.00626803283 0.0849315003 0.0746301264
v  0.0360234343 0.0851642936 0.0656142831
v  0.0304402467 0.0849329531 0.0684143603
v  0.0414089821 0.0851718411 0.0623522401
v  0.0360583141 0.0849329531 0.0656272173
v  0.0464613736 0.0851643085 0.0586878285
v  0.0414233804 0.0849329531 0.06237977
v  0.0511821248 0.0851718113 0.0546157323
v  0.0464978665 0.0849329531 0.0586948097
v  0.0555727333 0.0851718113 0.0501413979
v  0.0512463227 0.0849329531 0.0545980521
v  0.0595967807 0.0851642936 0.0452895574
v  0.0556351654 0.0849329531 0.0501184687
v  0.0689612627 0.0852027759 0.029013237
v  0.0662752539 0.0852026865 0.0347131826
v  0.066370897 0.0849315003 0.0346965231
v  0.0631565452 0.0851718113 0.0401713811
v  0.059633892 0.0849329531 0.0452872068
v  0.0711471885 0.0852027759 0.0231409129
v  0.069041431 0.0849315003 0.0290211067
v  0.0632142872 0.0849329606 0.0401383527
v  0.072833322 0.0851982534 0.0171217993
v  0.0712277442 0.0849315003 0.0231420137
v  0.0740202814 0.0851878747 0.0109986691
v  0.0729143992 0.0849315003 0.0171007197
v  0.0747022927 0.0851642936 0.00474232808
v  0.0740811005 0.0849323347 0.0109477499
v  0.0735179931 0.0851819217 -0.0139831761
v  0.0743938237 0.0852163732 -0.00777119119
v  0.0744783431 0.0850522146 -0.00779922446
v  0.0748349279 0.0851718187 -0.00149061764
v  0.0747319013 0.0849329606 0.00471977191
v  0.07486476 0.0849329531 -0.00155012682
v  0.0720944256 0.0851878971 -0.0200589988
v  0.0735607892 0.0849323347 -0.0140240462
v  0.0701820999 0.0851718113 -0.0260184892
v  0.0721293017 0.0849323347 -0.0201302376
v  0.0677325055 0.0851718485 -0.0318561718
v  0.0701906979 0.0849329606 -0.0260844678
v  0.0648454726 0.0851643085 -0.0373896323
v  0.0677618533 0.0849329531 -0.031866353
v  0.0577217154 0.0851718113 -0.0476517938
v  0.0614875667 0.0851878747 -0.0426526666
v  0.0614970662 0.0849323347 -0.042731408
v  0.0648576692 0.0849329531 -0.0374247991
v  0.0535098165 0.0851642936 -0.052341383
v  0.0577081181 0.0849329606 -0.0477169417
v  0.0387819335 0.0851879492 -0.0639995784
v  0.0440224707 0.0852027014 -0.0604932643
v  0.0440199785 0.0849315003 -0.0605903007
v  0.0489665456 0.0851718113 -0.056610655
v  0.0535128973 0.0849329606 -0.0523784608
v  0.0489422977 0.0849329606 -0.0566726103
v  0.0332905836 0.0851879343 -0.0670203194
v  0.0387999155 0.0849323347 -0.06405022
v  0.0275944583 0.0851642862 -0.0695806593
v  0.0333042368 0.0849323347 -0.0670722947
v  0.0094148675 0.0851982534 -0.0742240548
v  0.0155772539 0.0852027759 -0.0731763169
v  0.0152899465 0.0849414915 -0.0733003542
v  0.0217075441 0.0851718113 -0.0716328993
v  0.0275822282 0.0849329606 -0.0696157664
v  0.021687014 0.0849328786 -0.0716705471
v  -0.00623225095 0.0853561908 0.0743189156
v  -2.17250981e-05 0.0853877887 0.0745424703
v  0.00623776112 0.0853594691 0.0743158832
v  0.0124298325 0.0853537694 0.0735384971
v  0.0185450241 0.0853764564 0.0722149089
v  0.024509754 0.0853555426 0.07043764
v  0.0302992482 0.0853877962 0.0681068003
v  0.0359254368 0.0853594691 0.0653538257
v  0.0412568524 0.0853555351 0.0621293932
v  0.0462848283 0.0853877962 0.0584319718
v  0.0510409176 0.0853764564 0.0543482751
v  0.0554196127 0.0853884295 0.0498521216
v  0.0593621321 0.0853878111 0.0450856611
v  0.0629404113 0.0853950083 0.0399329476
v  0.0660762414 0.0853884295 0.034503635
v  0.0687456056 0.0853555426 0.0289176591
v  0.070893921 0.0853950232 0.023025766
v  0.0725810453 0.0853884369 0.0169871207
v  0.0737479404 0.0853884295 0.010854112
v  0.074429892 0.0853594691 0.00468544802
v  0.074563235 0.0853561983 -0.0015703846
v  0.0741703138 0.0853561983 -0.00780416047
v  0.073208876 0.0854062289 -0.0139396163
v  0.0717856809 0.0854062289 -0.0200166889
v  0.0698430464 0.0854152218 -0.0259887185
v  0.0675070062 0.08534123 -0.0317469537
v  0.0645871386 0.0853594691 -0.0372862332
v  0.0612362511 0.0853561983 -0.0425706916
v  0.0574592575 0.0853561983 -0.0475455038
v  0.0532631464 0.0854062289 -0.052123785
v  0.048732359 0.0853594691 -0.0564527959
v  0.0438299812 0.0853561908 -0.0603413247
v  0.0386500657 0.0853555426 -0.0637837201
v  0.0331637263 0.0853877887 -0.0667589009
v  0.0274318326 0.0853950083 -0.0693082362
v  0.0215110183 0.0853884369 -0.0713711828
v  0.0155272838 0.0853412524 -0.0729654878
v  0.00932670105 0.0854152143 -0.0739356354
v  0.0031145853 0.0853561983 -0.0745147094
v  -0.00309549412 0.0854062289 -0.0744598657
v  -0.0093479054 0.0853764415 -0.0739697814
v  -0.0155425025 0.0854068324 -0.0728854463
v  -0.0215242729 0.0853878111 -0.0713672787
v  -0.0274497159 0.0853764415 -0.0693211779
v  -0.0331684127 0.0853561983 -0.0667981952
v  -0.0386415981 0.0853561908 -0.0637884736
v  -0.0437837578 0.0854062214 -0.060306184
v  -0.0487184152 0.0853555426 -0.0564686283
v  -0.0532814972 0.0853594691 -0.0521808676
v  -0.0574533604 0.0853555202 -0.0475531667
v  -0.0612310208 0.0853555351 -0.0425787941
v  -0.0645443201 0.0854152143 -0.0372491293
v  -0.0674524009 0.0854068175 -0.0316864401
v  -0.0698413476 0.0854062289 -0.0260007437
v  -0.0717959628 0.0853950232 -0.0200368091
v  -0.0732603446 0.0853561908 -0.0139665278
v  -0.074113287 0.0854062214 -0.00781500712
v  -0.0745607913 0.0853594765 -0.00156455499
v  -0.0744320527 0.0853562206 0.00469139358
v  -0.0737460107 0.0853877962 0.0108677791
v  -0.0725874379 0.0853764564 0.0170286093
v  -0.0709048212 0.0853715986 0.0230617691
v  -0.0687490329 0.0853561983 0.0289086737
v  -0.0661015585 0.0853555351 0.0345365629
v  -0.0629645064 0.0853709579 0.0399354026
v  -0.0593857467 0.0853764415 0.0450804085
v  -0.0554228276 0.0853709579 0.0498766191
v  -0.051054839 0.0853709579 0.0543393977
v  -0.0463090204 0.0853764564 0.0584327318
v  -0.0412428975 0.0853716061 0.0621157065
v  -0.0359302089 0.0853594914 0.0653512031
v  -0.0302865952 0.0853884369 0.0681123435
v  -0.0245187283 0.0853561908 0.0704341829
v  -0.0185649358 0.0853555351 0.0722324923
v  -0.012422354 0.0853950232 0.0734970793
v  0.0331602767 0.085878171 -0.0671300963
v  0.0385778956 0.0858839825 -0.0641941205
v  0.0387509651 0.0858545378 -0.0638607666
v  0.0439760908 0.0858596712 -0.0603951849
v  0.0486185215 0.0858842731 -0.0569686592
v  0.0488583371 0.0858545378 -0.0565039665
v  0.0531524606 0.0858802497 -0.0527561642
v  0.0573317781 0.0858848691 -0.048190739
v  0.0575972162 0.0858545378 -0.0475646444
v  0.0644455627 0.0858737156 -0.0380802117
v  0.0673526451 0.0858747438 -0.0326647833
v  0.0676165521 0.0858545378 -0.031746462
v  0.00338189257 0.0858751684 -0.0747841746
v  0.00954582635 0.0858818367 -0.074280642
v  0.00942623615 0.0858545378 -0.0741011575
v  -0.00281874277 0.0858743116 -0.0748055875
v  0.00319266645 0.0858545378 -0.074630037
v  -0.00928287767 0.0858384743 -0.0740682781
v  -0.00898780208 0.0858743042 -0.0743170455
v  -0.0154673932 0.0858545378 -0.07307937
v  -0.0151046179 0.0858813822 -0.0733516514
v  -0.0215051658 0.0858384743 -0.0714829415
v  -0.0211090501 0.0858814865 -0.0718541741
v  -0.0326193385 0.0858737528 -0.0673743114
v  -0.0269572418 0.0858853683 -0.0698759258
v  -0.0274381563 0.0858545378 -0.0694764927
v  -0.0386404619 0.0858545378 -0.0639276952
v  -0.0380474851 0.0858797655 -0.0644878224
v  -0.048097454 0.0858750641 -0.0573794842
v  -0.0432162769 0.0858809277 -0.0611551926
v  -0.043854259 0.0858545378 -0.0604701415
v  0.0274775997 0.0858822763 -0.0696691945
v  0.0275541209 0.0858402923 -0.0693786442
v  0.0216405746 0.0858839899 -0.071699582
v  0.0718011707 0.085875459 -0.0212238021
v  0.0734017417 0.0858595595 -0.0139166573
v  0.0719639584 0.0858545378 -0.0200255867
v  0.071795702 0.0857231095 -0.0200080685
v  0.0698263496 0.0858808979 -0.0270530544
v  0.0700358599 0.0858545378 -0.0259771999
v  0.0698696747 0.0857231021 -0.0259456299
v  0.0674684048 0.0857439265 -0.0317101739
v  0.064722918 0.0858545378 -0.037293151
v  0.0645783469 0.0857439265 -0.0372445658
v  0.0611064918 0.0858828276 -0.0432993285
v  0.0613753162 0.0858545378 -0.0425782278
v  0.0612353012 0.0857439265 -0.0425177291
v  0.0611863323 0.0855418518 -0.0424932204
v  0.0574627295 0.0857439265 -0.0474926755
v  0.0574160106 0.0855418518 -0.0474641286
v  0.0534150675 0.0858545378 -0.0522174723
v  0.0532760881 0.0857231095 -0.0521210581
v  0.0487377495 0.0857439265 -0.0564105548
v  0.0486964285 0.0855418518 -0.0563746355
v  0.0438465029 0.0857439339 -0.0602910072
v  0.0438083224 0.0855418593 -0.0602517463
v  0.0386476964 0.0857439265 -0.0637485236
v  0.0386129655 0.0855418667 -0.0637061968
v  0.0332221575 0.0858189911 -0.066820845
v  0.0331535898 0.0856476575 -0.0667207763
v  0.0215623882 0.085647665 -0.0713154003
v  0.0155126955 0.0855148286 -0.0728616789
v  0.0155332536 0.0857439563 -0.0729125515
v  0.00937725324 0.0857231319 -0.0739392787
v  0.00314611383 0.0855418518 -0.0744281113
v  0.00315616676 0.0857439265 -0.0744819418
v  -0.00308482605 0.0857231095 -0.0744676515
v  -0.00930713303 0.0856221765 -0.0739110559
v  0.0155938929 0.0858545378 -0.0730524883
v  -0.0385674313 0.0855418518 -0.0637337863
v  -0.0330991223 0.0855418518 -0.0667374656
v  0.0156480614 0.0858818442 -0.0732384995
v  0.0216473266 0.0858361945 -0.071437031
v  -0.0154605126 0.0857231095 -0.072910361
v  -0.0215055831 0.0856476575 -0.0713325515
v  -0.0273898561 0.0856773034 -0.0692828
v  -0.0331161916 0.085743919 -0.066789493
v  -0.053205736 0.0855418593 -0.0521401092
v  -0.048656147 0.0855418518 -0.0564093962
v  -0.0486856587 0.0857439265 -0.0564555228
v  -0.0437791832 0.085723117 -0.0603185743
v  -0.0331555344 0.0858545378 -0.0669368729
v  -0.0611960068 0.0857439265 -0.0425742716
v  -0.0574188791 0.0857439265 -0.0475456789
v  -0.0611559823 0.0855418518 -0.0425369032
v  -0.0645280778 0.0857231319 -0.0372971445
v  -0.0487604253 0.0858545378 -0.0565884709
v  -0.0575210974 0.0858601332 -0.0476759858
v  -0.0533301234 0.085859634 -0.0523201264
v  -0.0744731277 0.0855685025 -0.0015873519
v  -0.0645023286 0.0858711824 -0.037830539
v  -0.0613087192 0.0858601406 -0.0426957197
v  -0.067422688 0.085723117 -0.0317668095
v  -0.0732218549 0.0857439265 -0.0140028875
v  -0.0717513263 0.0856476724 -0.0200641286
v  -0.0731700808 0.0855418518 -0.013985048
v  -0.0741194263 0.0857231319 -0.00782674365
v  -0.0674256459 0.0858712122 -0.0323347002
v  -0.0698443949 0.0857231021 -0.0260135848
v  -0.0718917996 0.0858504847 -0.0201538373
v  -0.0746206492 0.0858435035 -0.0016436181
v  -0.0744038299 0.0857439265 0.00464663515
v  -0.074349232 0.0855418816 0.00465102587
v  -0.0737089142 0.0856476575 0.0108543998
v  -0.0708579123 0.0856221914 0.0229918398
v  -0.0725333244 0.0856222063 0.0169819389
v  -0.0686841235 0.0855418518 0.0288432743
v  -0.0733740553 0.0858601704 -0.0140693663
v  -0.0660296679 0.0855418518 0.0344894789
v  -0.073830232 0.085819006 0.0108551998
v  -0.0629128814 0.0855951682 0.0398924761
v  -0.0510168597 0.0856221914 0.0542839468
v  -0.0553803146 0.0856222063 0.0498245768
v  -0.0718301684 0.0858779475 0.0211731158
v  -0.0733341277 0.0858780667 0.0151653942
v  -0.0709860027 0.085819006 0.0230157804
v  -0.0687712878 0.0857900158 0.0288506933
v  -0.0594683699 0.085819006 0.0450804792
v  -0.063014403 0.0858053416 0.039930407
v  -0.0593552925 0.0856222063 0.04501573
v  -0.064427793 0.0858775899 0.0381693654
v  -0.0673617497 0.0858777165 0.0327146426
v  -0.046389021 0.085819006 0.0584533736
v  -0.0511175767 0.085819006 0.0543666333
v  -0.0462955907 0.0856221914 0.0583625324
v  -0.0412495434 0.0856221914 0.0620317869
v  -0.0568590462 0.0858746767 0.0486888513
v  -0.0610529706 0.0858774558 0.0433631316
v  -0.0554876029 0.085819006 0.049898535
v  -0.0124541745 0.0856476724 0.0734555274
v  -0.0185513962 0.0855685025 0.0721430033
v  -0.00626010913 0.0855418593 0.0742310733
v  -0.0530758835 0.0858771876 0.0528275482
v  -0.0303948931 0.085819006 0.0681534335
v  -0.0359833315 0.0858053416 0.0653486997
v  -0.0303305537 0.0856476575 0.0680505633
v  -0.0245237984 0.0855958089 0.0703343526
v  0.00620700698 0.0855418518 0.0742355287
v  -0.0436478741 0.0858768821 0.0608492717
v  -0.0485280231 0.0858770385 0.0570334606
v  -0.0413350724 0.085819006 0.0621301048
v  -0.00629389426 0.0857900158 0.0743117854
v  -2.96973067e-05 0.0856476575 0.0745038241
v  -0.0384686776 0.0858767405 0.0642488599
v  -0.012490903 0.085819006 0.0735711679
v  -0.0186012834 0.0858053565 0.072244361
v  0.018497264 0.0856222212 0.0721617639
v  0.0123934038 0.0855958164 0.0734488964
v  0.024468815 0.0855958164 0.0703535005
v  -0.0273418725 0.0858737007 0.0697114319
v  -0.0330033675 0.0858740136 0.0672166646
v  -0.0245853383 0.0858190134 0.0704577938
v  -4.65673693e-05 0.0858189911 0.0746239498
v  0.00618716562 0.0857900158 0.0743207335
v  0.0358647071 0.0855418518 0.0652929097
v  -0.00346486969 0.0858780146 0.0748055279
v  -0.0096341949 0.0858778805 0.0742633343
v  0.0185130741 0.085819006 0.0722911134
v  0.0123990132 0.085819006 0.0735867023
v  0.0150141092 0.0858783796 0.0733653903
v  0.0089015048 0.085878253 0.0743549392
v  0.055347275 0.085647665 0.0498748496
v  0.0509734452 0.0856222063 0.0543247275
v  0.0374943987 0.0858754665 0.0647914335
v  0.0320043974 0.0858754292 0.0676720291
v  0.0358812362 0.0857900158 0.0653788298
v  0.0412261337 0.0857900158 0.0621470734
v  0.0554252267 0.085819006 0.0499678068
v  0.0510496572 0.085819006 0.054430414
v  0.0593265966 0.085647665 0.0450685844
v  0.0527075753 0.0858790278 0.0531966351
v  0.0481331535 0.0858789459 0.0573686473
v  0.066110447 0.085819006 0.0346142538
v  0.0629821271 0.085819006 0.0400248766
v  0.0660118163 0.0856476426 0.0345436148
v  0.068655692 0.085595794 0.0288917497
v  0.0737002417 0.0856476426 0.0109130898
v  0.0725285858 0.085647665 0.0170419104
v  0.0743459016 0.0855418593 0.00470408984
v  0.0744787902 0.0855418593 -0.00153350621
v  0.0638483241 0.0858756155 0.0390774757
v  0.0607467256 0.0858791545 0.0437929071
v  0.0726416707 0.085819006 0.0170858297
v  0.0709572136 0.085819006 0.023104405
v  0.0744272918 0.0857900158 0.00473625772
v  0.0696402714 0.0858793184 0.0275360458
v  0.0668619126 0.0858756304 0.03366201
v  0.068775028 0.085819006 0.0289608967
v  0.0741439611 0.0857439265 -0.00775825232
v  0.0745331198 0.085743919 -0.00152681815
v  0.0740892738 0.0855418518 -0.00776034594
v  0.0732181445 0.0857231095 -0.0139302071
v  0.0716767609 0.0858793557 0.0216898303
v  0.0645274892 0.0855418444 -0.0372242518
v  0.0674154758 0.0855148211 -0.0316957869
v  0.0742696151 0.0858794078 0.00959365629
v  0.0732234046 0.0858793855 0.0156952888
v  0.0738166198 0.085819006 0.0109473504
v  0.0746959299 0.0858600512 -0.00147920777
v  0.0748082548 0.0858794227 0.00342655834
v  0.0743101612 0.0858600438 -0.00772434147
v  -0.00306343636 0.0858545378 -0.0746354535
v  -0.0385888182 0.0857439265 -0.0637841821
v  -0.0573820882 0.0855418518 -0.0475051291
v  -0.0532389842 0.0857439339 -0.0521836169
v  -0.0700003579 0.0858601481 -0.0261083022
v  -0.0742939711 0.0858601704 -0.00788045116
v  -0.0745677724 0.0858601704 0.00461947639
v  -0.0726629645 0.0858190134 0.016995091
v  -0.0661159232 0.0857900158 0.0345041715
v  -0.0743365362 0.0858781636 0.00905390363
v  -0.0359098203 0.08556851 0.0652629435
v  -0.0698348284 0.0858778358 0.0270362571
v  -0.0214865357 0.0858734846 0.0717325956
v  0.0302763488 0.0856476575 0.0680746958
v  0.0412024818 0.0855418518 0.0620628335
v  0.00272778701 0.0858781412 0.0748360902
v  0.0244973544 0.085819006 0.0704884157
v  0.0462546349 0.0856476575 0.058406584
v  0.0303097181 0.085819006 0.0681913346
v  0.021023741 0.085878484 0.071874328
v  0.0268895514 0.0858785808 0.0698918998
v  0.0463159867 0.085819006 0.0585112534
v  0.0628897697 0.0856476575 0.0399461873
v  0.0432296358 0.0858788639 0.06114861
v  0.0594120622 0.085819006 0.0451546721
v  0.0708481818 0.085647665 0.023051165
v  0.0569217019 0.0858790949 0.0486610346
v  0.027454311 0.085647665 -0.0692609847
v  -0.00340710045 0.0860124603 0.074917309
v  -0.00958204921 0.0860124528 0.0743800625
v  0.0532604903 0.0860127285 -0.0527971275
v  0.0574385263 0.0860127211 -0.0482185856
v  -0.0156409722 0.0858838633 0.0732415468
v  -0.0157106519 0.0860127434 0.0733307078
v  0.0642769188 0.0859630555 0.0386137329
v  0.0608434118 0.0860127136 0.0438439958
v  0.0612168908 0.0860099569 -0.0433190502
v  -0.0570133366 0.085876137 -0.0485228263
v  -0.0608279258 0.085980244 -0.0438548252
v  -0.0570172742 0.0859763324 -0.0487019941
v  -0.0217015948 0.0860099494 0.0717850104
v  0.057021372 0.0860099494 0.0487094447
v  0.0645953715 0.085980244 -0.0380883291
v  -0.0529161207 0.0858732089 -0.0529461466
v  -0.0528213307 0.0859798267 -0.0532274358
v  -0.0275480486 0.0860124528 0.0697517991
v  0.0528108701 0.0860124528 0.0532467887
v  0.0675035864 0.0859763473 -0.0326514803
v  0.0699758753 0.0860124528 -0.0269738249
v  0.00958862249 0.0860122368 -0.0743788928
v  0.0157106407 0.0860127434 -0.0733307153
v  -2.44377745e-08 0.0860684961 -0.0749990344
v  0.00342856301 0.0859810933 -0.0749067962
v  -0.00280489796 0.0859808549 -0.0749327168
v  -0.0150798792 0.0860099569 -0.0734618679
v  -0.00893546548 0.0859799311 -0.0744540393
v  -0.0269656312 0.0860099494 -0.0699778795
v  -0.0210933611 0.0860144347 -0.0719680265
v  -0.0381147973 0.0859932825 -0.0645817071
v  -0.0326764286 0.0859798342 -0.0674944744
v  -0.048218593 0.0860127285 -0.05743853
v  -0.0433106683 0.0860127285 -0.0612242147
v  -0.0642769188 0.0859630555 -0.0386137404
v  -0.0608255751 0.085876137 -0.0436489582
v  -0.0672460645 0.0859630555 -0.0331739187
v  -0.0717884377 0.0859798267 -0.021671949
v  -0.0697414353 0.0859763473 -0.0275497232
v  -0.0696795508 0.0858761147 -0.027381286
v  -0.0733247772 0.0859763473 -0.0156949256
v  -0.0717027262 0.0858761072 -0.0215334687
v  -0.0743691474 0.0859802365 -0.00961826649
v  -0.0732360855 0.0858760849 -0.015538427
v  -0.0749094263 0.085980244 -0.00344403856
v  -0.0742690936 0.08587607 -0.00943735614
v  -0.0734618604 0.0860099569 0.0150798848
v  -0.0744562969 0.0860124379 0.00897043571
v  -0.0749356151 0.0859798267 0.00281191128
v  -0.0747947544 0.0858760402 -0.00327159464
v  -0.0719643459 0.0860124305 0.0211031362
v  -0.0748094097 0.0858760104 0.00291650882
v  -0.0699758753 0.0860124528 0.0269738268
v  -0.0675120801 0.0860099867 0.0326522253
v  -0.0645916685 0.0860127434 0.0381068662
v  -0.0612168908 0.0860099569 0.0433190428
v  -0.0574494004 0.08596351 0.0481887572
v  -0.0487094484 0.0860099494 0.0570213608
v  -0.0532604903 0.0860127285 0.0527971275
v  -0.0438370742 0.0860144421 0.0608492903
v  -0.038659703 0.0860099494 0.064260982
v  -0.0332315192 0.0860127434 0.0672300756
v  0.00278278231 0.086009942 0.0749420002
v  0.00895112101 0.0860127211 0.0744586736
v  0.0150798792 0.0860099569 0.0734618604
v  0.0210933611 0.0860144347 0.071968019
v  0.0269656312 0.0860099494 0.0699778646
v  0.0326907486 0.0859630555 0.0674822703
v  0.0381151177 0.0859592408 0.0645696074
v  0.043310646 0.0860127285 0.0612242073
v  0.0482186042 0.0860127285 0.0574385151
v  0.0717884675 0.0860124528 0.0216939095
v  0.0697477236 0.0860099494 0.0275554564
v  0.0672460645 0.0859630555 0.0331739113
v  0.0733319446 0.0860099792 0.0156995468
v  0.0743776336 0.0860127434 0.00960134249
v  0.0749164671 0.0860127434 0.00342648639
v  0.0749356151 0.0859798267 -0.0028119348
v  0.0748201087 0.0858762115 -0.00267303549
v  0.0744479597 0.085976325 -0.00896402169
v  0.0743438452 0.0858762041 -0.00884232763
v  0.0734651983 0.0860127285 -0.0150692519
v  0.0733717233 0.0858770609 -0.014957604
v  0.0719643459 0.0860124305 -0.0211031437
v  0.0217015948 0.0860099494 -0.0717850178
v  0.0487094484 0.0860099494 -0.0570213683
v  0.0438370742 0.0860144421 -0.0608492866
v  0.0437516011 0.0858888477 -0.0607935674
v  0.038659703 0.0860099569 -0.0642609894
v  0.0332374871 0.0859966576 -0.0672241598
v  0.027548071 0.0860124528 -0.0697518066
v  -0.00895530824 0.0971795395 -0.0744589716
v  -0.0027291181 0.0971724316 -0.0749487206
v  0.00341575313 0.0971818045 -0.0749168769
v  0.00958212744 0.0971793085 -0.0743809417
v  0.0157000609 0.0971817896 -0.0733328834
v  0.0216941349 0.097179316 -0.0717893019
v  0.0275483504 0.0971792936 -0.069752641
v  0.0332281068 0.0971795097 -0.0672326535
v  0.0386605673 0.0971818268 -0.0642616674
v  0.0438286513 0.0971793085 -0.060855478
v  0.0487043075 0.0971792936 -0.0570283271
v  0.0532528907 0.0971818268 -0.0528046638
v  0.0574266315 0.0971792936 -0.0482340269
v  0.0612136088 0.0971792862 -0.0433270521
v  0.0645902455 0.0971795395 -0.0381108336
v  0.0675131455 0.0971818194 -0.0326524116
v  0.0699602067 0.0972234309 -0.026992837
v  0.0719503239 0.0972234085 -0.0211233832
v  0.0734530538 0.0972274169 -0.0150735518
v  0.0744571686 0.0971792936 -0.00897054188
v  0.0749436393 0.0971793085 -0.00279126829
v  0.0749174356 0.0971795395 0.00342235598
v  0.0743789002 0.0971818194 0.00959072448
v  0.0733356178 0.0971792787 0.0156916883
v  0.0717893019 0.0971793085 0.0216941312
v  0.0697485507 0.0971818045 0.0275561642
v  0.0672394782 0.0971792638 0.033214353
v  0.064267002 0.0971792936 0.0386534892
v  0.0608464517 0.0971795395 0.0438411087
v  0.0570183247 0.0971795395 0.0487159565
v  0.0528046824 0.0971818268 0.0532528646
v  0.0482222512 0.0971795321 0.0574364662
v  0.0433144867 0.0971795395 0.0612224564
v  0.0381160676 0.0971818045 0.0645861328
v  0.032660719 0.0971792936 0.067510128
v  0.0269598309 0.0971795395 0.0699821562
v  0.0210886803 0.0971795395 0.071969457
v  0.0150797283 0.0971817896 0.0734629557
v  0.00895529892 0.0971795395 0.0744589642
v  0.00277593732 0.0971795395 0.0749441683
v  -0.0034231632 0.0972428471 0.074900046
v  -0.00958213676 0.0971792936 0.0743809342
v  -0.0157322511 0.0972238034 0.0733178481
v  -0.0217029825 0.097227402 0.0717742592
v  -0.02754163 0.0971937329 0.0697529837
v  -0.0332395844 0.0972087756 0.0672212914
v  -0.0386590734 0.0972428694 0.0642433465
v  -0.0437930636 0.0972386077 0.0608648211
v  -0.0486696362 0.0972386003 0.0570405498
v  -0.0532469191 0.0972428471 0.052787289
v  -0.05739443 0.0972386077 0.0482518189
v  -0.0611830018 0.0972386003 0.0433474332
v  -0.0646016374 0.0972390249 0.0380649418
v  -0.0675018802 0.0972428545 0.0326378644
v  -0.0699519962 0.0972386077 0.0270014573
v  -0.0719428286 0.0972386003 0.0211326629
v  -0.0734484494 0.0972428471 0.0150684342
v  -0.074458614 0.0971777365 0.00896348525
v  -0.0749268979 0.0972428471 0.00277372124
v  -0.0749174356 0.0971795395 -0.00342240813
v  -0.074361518 0.0972428471 -0.00959670264
v  -0.0733356178 0.0971792787 -0.0156916957
v  -0.0717893019 0.0971793085 -0.0216941405
v  -0.069730252 0.0972428545 -0.0275576822
v  -0.0672394782 0.0971792638 -0.0332143605
v  -0.064267002 0.0971792936 -0.0386535004
v  -0.0608229376 0.0972238034 -0.0438586436
v  -0.0569934137 0.0972238034 -0.0487315096
v  -0.052794084 0.0972274169 -0.0532479882
v  -0.0482222624 0.0971795395 -0.0574364737
v  -0.0433144979 0.0971795395 -0.0612224527
v  -0.0381069556 0.097227402 -0.0645788237
v  -0.0326779261 0.0972234309 -0.0674921945
v  -0.0269305129 0.0972238183 -0.0699839815
v  -0.0210877806 0.097227402 -0.0719574243
v  -0.0150884977 0.0971792862 -0.0734620914
v  0.0748445392 0.0973161981 -0.0027252764
v  -0.00892554596 0.0973131731 -0.0743634924
v  0.0743638575 0.0973162204 -0.00889651757
v  -0.0150208985 0.09731365 -0.0733759776
v  -0.0275469702 0.0973164663 0.0696334615
v  0.0718751103 0.0973231047 -0.0209263358
v  -0.022189917 0.0973273888 0.0714865103
v  -0.0268697422 0.0973233283 -0.0698646307
v  0.0699369982 0.0973250419 -0.0266746115
v  -0.0158147812 0.0973229483 0.0731702968
v  -0.0325182304 0.0973240063 -0.0674168319
v  -0.0379470997 0.0973257497 -0.064508751
v  0.0275470894 0.0973142907 -0.0696471781
v  0.0332115963 0.0973159671 -0.0671286732
v  0.0386401266 0.0973118767 -0.0641633421
v  0.0438088104 0.0973160192 -0.06074569
v  0.0486742482 0.0973114595 -0.0569287315
v  0.0532063209 0.0973151624 -0.0527097993
v  0.0573787168 0.0973105505 -0.0481443666
v  0.0611499809 0.0973128378 -0.0432480425
v  0.0645004287 0.0973127708 -0.0380669534
v  0.0673871562 0.0973156467 -0.0326692723
v  0.0748139396 0.0973161981 0.00346464827
v  0.0733576491 0.0973230973 -0.0149196843
v  0.0742722824 0.0973161981 0.00963104796
v  0.0732233152 0.0973161981 0.015731357
v  0.0716740564 0.0973162204 0.0217245482
v  0.0696352348 0.0973162279 0.0275691859
v  0.0671206638 0.0973162577 0.033225514
v  0.0641322657 0.0973183513 0.03867447
v  0.0607362576 0.0973163173 0.0438202769
v  0.0568882376 0.0973185524 0.048706986
v  0.0526695363 0.0973186642 0.0532404967
v  0.0480906852 0.097318776 0.0574099757
v  0.0431828387 0.0973188952 0.0611869954
v  0.0379796401 0.0973190218 0.0645456463
v  0.0325166397 0.0973191559 0.067462936
v  0.0268310942 0.09731929 0.069918938
v  0.021003671 0.0973189995 0.0718853772
v  0.0149947489 0.0973190665 0.0733744577
v  0.00883414317 0.0973197296 0.074367173
v  0.00265846285 0.0973198712 0.0748427361
v  -0.00967154 0.0973225459 0.0742600709
v  -0.004365189 0.0973243117 0.0747221336
v  -0.0330171995 0.0973229483 0.0671912357
v  -0.0378700085 0.0973237604 0.0645645186
v  -0.0430886634 0.0973237231 0.0612048246
v  -0.0480098873 0.0973236859 0.057425335
v  -0.0526003093 0.0973236561 0.0532520711
v  -0.0568288676 0.0973236188 0.0487136319
v  -0.0606667586 0.097323589 0.0438411534
v  -0.0640876889 0.0973235443 0.038668301
v  -0.0743536353 0.0973176658 0.00895857625
v  -0.0670685023 0.0973235294 0.0332303382
v  -0.0695887133 0.0973234996 0.0275648497
v  -0.0748140663 0.0973175392 -0.00340436376
v  -0.0716312006 0.0973234698 0.0217106361
v  -0.0731821656 0.0973234549 0.0157075562
v  -0.0732329562 0.0973174348 -0.0156742372
v  -0.0716881156 0.0973173901 -0.0216694195
v  -0.0747703761 0.0973234251 0.00342097366
v  -0.067142874 0.0973173454 -0.0331751704
v  -0.0743103772 0.0973234028 -0.00895813666
v  -0.0641637668 0.0973162204 -0.0386284441
v  -0.0698240176 0.0973234102 -0.0269603021
v  -0.060860306 0.0973227918 -0.0435816087
v  -0.0481578633 0.0973173231 -0.0573549047
v  -0.0569892228 0.097322993 -0.0485426448
v  -0.0527861826 0.097322993 -0.0530827865
v  -0.0432993658 0.097316362 -0.0611053742
v  0.0217051432 0.0973118693 -0.0716860145
v  0.0699716955 0.097347796 -0.0260467492
v  0.071906738 0.097346887 -0.0201017074
v  0.0733366087 0.097346887 -0.0140142562
v  0.0743002072 0.0973372683 -0.00782588031
v  0.0746944994 0.0973372683 -0.00158138422
v  0.074564904 0.0973372683 0.00467423955
v  0.0739123374 0.0973372534 0.0108969603
v  0.0726965442 0.0973469019 0.0170257222
v  0.0710602254 0.0973372534 0.0230700318
v  0.0688392296 0.0973468944 0.028910609
v  0.0661577508 0.0973538533 0.0345564075
v  0.0594683997 0.0973538235 0.0451054834
v  -0.0185193047 0.0973541141 0.0723047629
v  -0.0647316575 0.0973342434 -0.0373500064
v  -0.0575852394 0.0973373428 -0.0475992858
v  -0.0533580743 0.0973539203 -0.0521910191
v  -0.0439171493 0.097347863 -0.0603800453
v  -0.021022642 0.097323209 -0.0718421713
v  -0.00273914495 0.0973140746 -0.0748471469
v  0.00345152267 0.0973141938 -0.0748175532
v  0.00961876288 0.0973141938 -0.0742769092
v  0.0157193821 0.097313866 -0.07322938
v  0.0274621919 0.0973591581 -0.069412604
v  0.0386873819 0.0973430946 -0.0638993233
v  0.0487621687 0.0973591506 -0.056520205
v  0.0575498268 0.0973430946 -0.0476219915
v  0.0675352961 0.0973591506 -0.0318004228
v  0.0185823143 0.0973591506 0.0722978488
v  0.0155162746 0.0973422453 -0.0730708539
v  -0.0487546586 0.0973786265 -0.0564953275
v  -0.0386956893 0.0973502696 -0.0638647601
v  -0.0385785922 0.097523354 -0.0637435615
v  -0.0332077704 0.0973591506 -0.0668545216
v  -0.0331046209 0.09754996 -0.0667450801
v  -0.0274971351 0.0973591506 -0.0693987757
v  -0.0274034366 0.09754996 -0.0692811236
v  -0.0215934534 0.0973591581 -0.0714563057
v  -0.0215100329 0.0975499675 -0.071331203
v  -0.015540312 0.0973502696 -0.0730380937
v  -0.0154714733 0.0974998698 -0.0728983879
v  -0.0154656637 0.0977913812 -0.0729017556
v  -0.00934556592 0.0974246785 -0.073967658
v  -0.00931116659 0.0977913812 -0.0739402026
v  -0.00313781248 0.0973430946 -0.0746323764
v  -0.0031026369 0.0974744931 -0.0744669214
v  -0.00305256434 0.0977823883 -0.0744590238
v  0.0031034695 0.097369805 -0.0745579749
v  0.00314664398 0.097629115 -0.0744235665
v  0.00318626128 0.0978414193 -0.0745116845
v  0.00933719706 0.0973591581 -0.0740614533
v  0.00936262496 0.0975499749 -0.0739132166
v  0.0093753105 0.0978098139 -0.0739505515
v  0.0155139742 0.0974744856 -0.0728990212
v  0.0155605143 0.0977823883 -0.0728789121
v  0.0274499524 0.0975499749 -0.0692627057
v  0.0215536375 0.0976018384 -0.0713006258
v  0.0274715219 0.097809799 -0.0692957118
v  0.033199586 0.0978026018 -0.0667377189
v  0.0215546153 0.097361438 -0.0714650676
v  0.0486952476 0.0975754261 -0.0563758835
v  0.0438062511 0.097629115 -0.060247656
v  0.0487464368 0.0978266373 -0.0564194061
v  0.0532965176 0.0978266373 -0.0521425456
v  0.0438446738 0.097369805 -0.0603834912
v  0.0386072956 0.0975203216 -0.0637164712
v  0.0645239577 0.097629115 -0.03722132
v  0.0612122491 0.0977913812 -0.0425077751
v  0.0646065697 0.0978420898 -0.0372583419
v  0.0674868599 0.0978211612 -0.0316927955
v  0.0331742242 0.0973591581 -0.0668711513
v  0.0532418713 0.0975754261 -0.0521034636
v  0.057453759 0.0974536762 -0.0475035459
v  0.057416942 0.0976557732 -0.0474629961
v  0.0612120293 0.0974744856 -0.0425210185
v  0.0674154684 0.0975754336 -0.0316958055
v  0.0698786303 0.0978097767 -0.025952911
v  0.0533225387 0.0973786265 -0.0522057973
v  0.0646082386 0.0973922685 -0.0372965485
v  0.0717660263 0.09754996 -0.0200114772
v  0.0698398352 0.09754996 -0.0259464905
v  0.071805343 0.0978097767 -0.0200142376
v  0.0732309967 0.0978025794 -0.0139051173
v  0.0731888562 0.0975499675 -0.013936067
v  0.0741267279 0.0977907926 -0.00768666482
v  0.0741251707 0.0974744856 -0.00777232181
v  0.074508436 0.0977913961 -0.00153124356
v  0.0725296438 0.0975499675 0.0170373805
v  0.0736987814 0.0975203216 0.0108995307
v  0.0725654587 0.097809799 0.0170538817
v  0.0708675906 0.0977913812 0.0230572224
v  0.0745155737 0.0974744856 -0.00154242653
v  0.0743832961 0.0974744931 0.0046983026
v  0.0593170151 0.097629115 0.0450583845
v  0.0628793612 0.0976291299 0.0399368554
v  0.0593831614 0.0978420898 0.0451201722
v  0.0553686023 0.0978211612 0.0499321967
v  0.0708779842 0.0974745005 0.0230490528
v  0.0629850775 0.0973922685 0.0399766862
v  0.0509831458 0.0975499675 0.0543280728
v  0.0553437173 0.0975754261 0.0498652197
v  0.0510038361 0.097809799 0.0543616302
v  0.046252761 0.0975754261 0.058396481
v  0.0462858863 0.0978266448 0.0584549531
v  0.0411828347 0.0977823883 0.0621082634
v  0.0554509349 0.0973786265 0.0499392711
v  0.0412595347 0.0974246785 0.0620983467
v  0.0358699746 0.0975480303 0.0652923957
v  0.0510776378 0.0973786265 0.0544041581
v  0.0463461392 0.0973786265 0.0584873743
v  0.0359504446 0.097366564 0.0654206648
v  0.0303256996 0.097424686 0.0681095198
v  -2.48924043e-05 0.0975754261 0.0744947344
v  0.00620874576 0.0975754261 0.0742355734
v  -5.800281e-05 0.0978211612 0.0745580494
v  -0.00626043044 0.097629115 0.0742265061
v  -0.00627716025 0.0978420898 0.0743154585
v  -0.0124737332 0.0978420973 0.0735295787
v  0.0245335735 0.0973786265 0.0704758242
v  0.0244753249 0.0975754187 0.0703592673
v  0.0185020044 0.0975754037 0.0721605495
v  -0.0124495439 0.097629115 0.0734423399
v  -0.0185980238 0.0978211462 0.072201252
v  0.0124673126 0.0973591581 0.0735992342
v  0.0124002527 0.09754996 0.0734646618
v  -0.0185518246 0.0976024643 0.0721475631
v  -0.0245204493 0.0976018161 0.0703355223
v  -0.0245865379 0.0978414193 0.0704105496
v  -0.0303491745 0.097809799 0.0680845678
v  0.00623626215 0.0973786265 0.0743629336
v  -0.0124235945 0.0973697975 0.0735810846
v  -0.00624677865 0.0973922834 0.0743386298
v  -0.0303263329 0.0975499675 0.0680524483
v  -0.0359126329 0.0976557732 0.0652665645
v  -0.0412449129 0.0976291299 0.0620292127
v  -0.0413245074 0.0978414193 0.0620840192
v  -0.0463539213 0.0978420898 0.058425203
v  -8.18212447e-06 0.0973786265 0.0746239573
v  -0.0245490782 0.097378619 0.0704704449
v  -0.0359291732 0.0974076167 0.0653524995
v  -0.0660226271 0.0976018161 0.0344869532
v  -0.0629558936 0.097809799 0.0399140529
v  -0.0661146715 0.0978381336 0.0345051996
v  -0.0687647909 0.0978259891 0.0288225338
v  -0.0412869565 0.0973922759 0.062134061
v  -0.0554619133 0.0973786265 0.0499270856
v  -0.0510895774 0.0973786265 0.0543929413
v  -0.0553838685 0.09754996 0.0498342179
v  -0.0593466945 0.0976018161 0.0450145192
v  -0.0708564073 0.0975754261 0.0229964498
v  -0.0686836094 0.0975754261 0.028844934
v  -0.0709268823 0.0978211612 0.0229844898
v  -0.0726085007 0.0978259966 0.0169511382
v  -0.0463248119 0.0974076167 0.0584454127
v  -0.0630114749 0.0973786265 0.0399786383
v  -0.05944518 0.0973786265 0.0451110601
v  -0.0629190579 0.09754996 0.0399000272
v  -0.0736992434 0.0975754336 0.0108577488
v  -0.0725321993 0.0975754187 0.0169867072
v  -0.0737723038 0.0978259891 0.0108159287
v  -0.0743789524 0.0977913812 0.00465001632
v  -0.0661358461 0.097378619 0.0345657095
v  -0.0744776353 0.0976557508 -0.0015881682
v  -0.0745629445 0.0978420824 -0.00159847515
v  -0.0741677061 0.0978420898 -0.00783212297
v  -0.0709741637 0.097378619 0.0230522994
v  -0.068796277 0.0973786265 0.0289104041
v  -0.0744085237 0.0974246785 0.00468264241
v  -0.0726542175 0.097378619 0.0170324575
v  -0.0717363879 0.0976018161 -0.0200556796
v  -0.073207289 0.0978025943 -0.0140294787
v  -0.0718159601 0.0978381336 -0.0201054104
v  -0.0698356926 0.0978091583 -0.0260680541
v  -0.0741691813 0.0974076167 -0.00779671455
v  -0.0745614618 0.0974076167 -0.00156309863
v  -0.0740835443 0.0976557732 -0.0078147538
v  -0.0731794834 0.0975499377 -0.0139851989
v  -0.0673871264 0.0976018161 -0.0317382179
v  -0.0674548373 0.0978414193 -0.0318117589
v  -0.0645699799 0.0978420898 -0.0373217091
v  -0.0738246366 0.0973786265 0.0108931782
v  -0.0733006373 0.0973786265 -0.0139912488
v  -0.0675183088 0.0973786265 -0.0317807607
v  -0.0699408799 0.097378619 -0.0260194745
v  -0.0645664707 0.0974303782 -0.0372925699
v  -0.0574157499 0.0974744931 -0.0475224145
v  -0.0611504912 0.0976018235 -0.0425318107
v  -0.0573763996 0.0977823883 -0.0475543067
v  -0.053202007 0.097629115 -0.0521374568
v  -0.0486575365 0.0975754336 -0.0564084463
v  -0.0486738458 0.0978211612 -0.0564780049
v  -0.0437418036 0.0978091657 -0.0603591055
v  -0.0437720306 0.0975499675 -0.060289558
v  -0.038537655 0.0978091657 -0.0638076514
v  -0.0331147015 0.097809799 -0.0667832047
v  -0.061272759 0.0973786265 -0.0425956324
v  -0.0273809265 0.0978025943 -0.0693283379
v  -0.0214586128 0.0978091583 -0.0713869408
v  0.0216165073 0.0978414193 -0.0713783652
v  0.0331494473 0.0975499824 -0.0667228252
v  0.0386903845 0.0978259891 -0.0637368783
v  0.0438880511 0.0978414118 -0.0602990873
v  0.0574958585 0.0978381336 -0.0474972166
v  0.0613328852 0.0973430946 -0.0426393598
v  0.0743702054 0.0977823883 0.00474723289
v  0.0737498105 0.0978259966 0.0109682595
v  0.0629504398 0.0978420898 0.0399929248
v  0.0660405084 0.0978259966 0.0346119627
v  0.0660050139 0.0976024941 0.0345366262
v  0.0686906278 0.0978025943 0.0289435983
v  0.0686726347 0.0975499749 0.0288944691
v  0.0358525589 0.0978259891 0.0653752983
v  0.0302848294 0.0977913812 0.0680931732
v  0.0244648643 0.0978211462 0.0704299435
v  0.0184680037 0.0978259891 0.0722375885
v  0.0123988632 0.097809799 0.0735040605
v  0.00620401464 0.0978266373 0.0743025765
v  -0.0359734111 0.0978381261 0.0653274059
v  -0.0462941602 0.0976557806 0.0583634414
v  -0.0510719083 0.0978026018 0.0542935766
v  -0.0303598531 0.0973786265 0.0681690425
v  -0.0510196202 0.0975499675 0.0542938262
v  -0.0554561913 0.0978091657 0.0498114079
v  -0.0594432428 0.0978414267 0.0450404622
v  -0.0698223785 0.09754996 -0.0259934328
v  -0.064500168 0.0976557732 -0.0372715816
v  -0.0612204969 0.0978420898 -0.0425939225
v  -0.0718728155 0.0973786265 -0.0200758111
v  -0.0532409474 0.0978414193 -0.0522258878
v  0.0743948817 0.097985737 -0.00781556591
v  0.0747885481 0.0979856476 -0.00153720169
v  0.0746548846 0.0979856327 0.00472629536
v  0.074001804 0.097989291 0.01094657
v  0.0728212148 0.0979856551 0.0171102509
v  0.071139954 0.097989291 0.0231344309
v  0.0689579025 0.0979857594 0.0289912075
v  0.0662901551 0.0979857594 0.0346597657
v  0.0631436482 0.0979856327 0.0401069745
v  0.0595747232 0.0979892761 0.0452431813
v  0.0555879734 0.0979857594 0.0500565581
v  0.051185675 0.0979856551 0.0545501187
v  0.0464926362 0.0980445221 0.0586754903
v  0.0413930118 0.0979857519 0.0623080954
v  0.0360906534 0.098035939 0.0655853599
v  0.0304092374 0.0980358943 0.0684052184
v  0.0245838724 0.097989291 0.0706521571
v  0.0185995027 0.0979857594 0.0724551007
v  0.0124570131 0.097989291 0.0737625733
v  0.00625580689 0.0979857594 0.0745422468
v  8.18295757e-06 0.0980010554 0.0748230442
v  -0.00628874637 0.0979856327 0.0745395124
v  -0.0125039639 0.0979856327 0.0737518743
v  -0.0186230447 0.0980061218 0.0724715143
v  -0.0246040877 0.0979857594 0.0706422031
v  -0.0304438714 0.097989291 0.0683320239
v  -0.0360404477 0.0979857519 0.0655497387
v  -0.0414013229 0.0980359316 0.0623691082
v  -0.0465324447 0.0980358943 0.0586406477
v  -0.0512285158 0.0979856476 0.0545098819
v  -0.0556049831 0.0979892761 0.050041765
v  -0.0595860779 0.0979857519 0.0452236608
v  -0.0632106885 0.0980176479 0.0400709845
v  -0.0663480535 0.0980445147 0.0346744172
v  -0.0689607337 0.0979857594 0.0289844517
v  -0.0711522251 0.0979856476 0.0230878592
v  -0.072834827 0.0979892761 0.0170640275
v  -0.0740023404 0.097985737 0.0109239882
v  -0.0746585578 0.0979856327 0.00466770027
v  -0.074845776 0.0980445221 -0.00157800328
v  -0.07445281 0.0980359316 -0.00779465074
v  -0.0734992772 0.0980010405 -0.0140123582
v  -0.0720408335 0.0979856476 -0.0201446805
v  -0.0701025277 0.0979856476 -0.0261022113
v  -0.0676982403 0.0980061218 -0.0318729877
v  -0.0647824332 0.0980009437 -0.0374398082
v  -0.0614087544 0.0979856476 -0.0427159779
v  -0.0576278977 0.0979892761 -0.0476982072
v  -0.0534430444 0.0979857519 -0.052340433
v  -0.0488564447 0.0979856476 -0.0566457137
v  -0.0439553186 0.097989291 -0.0605311804
v  -0.0387475193 0.0979857594 -0.0639868155
v  -0.0332397707 0.0980009437 -0.0670344532
v  -0.0275492258 0.0980445221 -0.0696090609
v  -0.021617284 0.0979857519 -0.0716126785
v  -0.0155239524 0.0979856327 -0.0731757954
v  -0.00934630074 0.0979856476 -0.0742181689
v  -0.00312199886 0.0980245098 -0.074779436
v  0.00311456411 0.0980177224 -0.0747767389
v  0.00941017456 0.0980009437 -0.0742290318
v  0.0155715831 0.097989291 -0.0731684342
v  0.0216243062 0.0979857519 -0.0716105625
v  0.0275556892 0.097989291 -0.0695469603
v  0.033274617 0.0979836211 -0.0669943169
v  0.0387680568 0.097989291 -0.0639775917
v  0.0439718179 0.0979857594 -0.06051578
v  0.0489243567 0.0980445221 -0.0566638038
v  0.0534638688 0.0980359316 -0.0523983948
v  0.0576609559 0.0980359316 -0.0477408618
v  0.0614423156 0.0979856551 -0.0426676907
v  0.0647971705 0.0979856551 -0.0373766981
v  0.067695424 0.097989291 -0.0318343528
v  0.0701230839 0.0979856551 -0.0260469802
v  0.0720566362 0.0979856476 -0.0200880859
v  0.0734854937 0.0979892686 -0.0139990663
v  0.021671135 0.0981701612 -0.0716858059
v  0.0276317783 0.0982611179 -0.0696122423
v  0.0333563648 0.0982499123 -0.0670570359
v  0.0388177708 0.098170124 -0.0640442744
v  0.0440407507 0.0981701389 -0.0605714619
v  0.0615109764 0.0981701538 -0.0427187085
v  0.0648920313 0.0982499123 -0.0373940803
v  0.0677955523 0.0982611179 -0.0318298936
v  0.0702022165 0.0981701314 -0.0260794889
v  0.0721543729 0.0982611105 -0.0200779568
v  0.0735801682 0.0982499048 -0.0139732361
v  0.0744823962 0.0981701314 -0.00780155323
v  0.0748739764 0.0981701389 -0.00154170569
v  0.0747435018 0.0982499123 0.00476436829
v  0.0740827248 0.0982611179 0.011005749
v  0.072905086 0.0981701612 0.0171271097
v  0.0712098852 0.0982611179 0.0232062619
v  0.0690191612 0.0982499123 0.029080037
v  0.0663552955 0.0981701612 0.0347198322
v  0.0632172972 0.0981701314 0.0401504897
v  0.0596188791 0.0982499123 0.0453307964
v  0.0556146093 0.0982611179 0.050163649
v  0.0512461625 0.0981701538 0.0546106175
v  0.0413948707 0.0982499123 0.062415991
v  0.0245721322 0.0982499123 0.0707495809
v  0.0185624734 0.0982611179 0.0725590289
v  0.0124629624 0.098170124 0.073845543
v  0.00624001492 0.0981701538 0.074629426
v  -0.00633232156 0.0982611105 0.0746276006
v  -0.0125155635 0.0981701314 0.0738366395
v  -0.024688907 0.0982499123 0.0707089156
v  -0.0304848906 0.0981701612 0.0684043989
v  -0.0361018293 0.0981701538 0.0656136274
v  -0.0512850955 0.0981701389 0.05457405
v  -0.0557021499 0.0982611179 0.0500664338
v  -0.0596936196 0.0982499123 0.0452323183
v  -0.0690670684 0.0982499123 0.0289660916
v  -0.0712502971 0.0982611105 0.0230818801
v  -0.0729172677 0.0981701538 0.0170751866
v  -0.074090369 0.0981701314 0.0109137073
v  -0.0747512802 0.0982499048 0.0046410216
v  -0.0721192062 0.0982611179 -0.020203948
v  -0.0701835975 0.0981701314 -0.0261295419
v  -0.061463248 0.0982611179 -0.0427977592
v  -0.0576865934 0.0981701538 -0.0477571413
v  -0.053465195 0.0982611179 -0.0524485521
v  -0.0488912649 0.0982499123 -0.0567356721
v  -0.0439975485 0.0981701389 -0.0606028438
v  -0.0387721099 0.0981701538 -0.0640719533
v  -0.021619942 0.0981701612 -0.071701251
v  -0.0155077726 0.0982611105 -0.0732726976
v  -0.00932551641 0.0982499123 -0.0743123665
v  0.0156357028 0.0982611105 -0.0732455105
v  -5.9551865e-05 0.0982751846 0.0748870224
v  -0.0186833236 0.0982816219 0.0725187883
v  -0.0735494196 0.0982751772 -0.0140909171
v  -0.0677333847 0.0982816219 -0.0319410488
v  -0.0648243129 0.0982751772 -0.0374950655
v  -0.0332440883 0.0982751772 -0.0671036616
v  0.00944495294 0.0982751772 -0.0742890686
v  -0.0632508248 0.0982931927 0.040075846
v  -0.00275262771 0.0982931033 -0.0748365968
v  0.003116654 0.0982869864 -0.0748163536
v  0.0489556044 0.0982972533 -0.0566492304
v  0.0535242446 0.098297745 -0.0523538738
v  0.0577174053 0.098297745 -0.0476914421
v  0.0464722663 0.098297745 0.0587035008
v  0.0360315628 0.0982977375 0.0656315386
v  0.0304132663 0.098297745 0.0684164166
v  -0.0414695814 0.0982972533 0.0623382665
v  -0.0465405174 0.0982977375 0.0586493984
v  -0.0663717389 0.0982977375 0.0346491598
v  -0.0748543665 0.0982977375 -0.00161152193
v  -0.0744569972 0.0982977375 -0.0078695612
v  -0.0275216457 0.098297745 -0.0696299523
v  0.0216656644 0.0982987359 -0.0716651157
v  0.0388073847 0.0982987359 -0.0640255809
v  0.0440288074 0.0982987359 -0.0605537146
v  0.0614938587 0.0982987359 -0.0427058935
v  0.0701824501 0.0982987359 -0.02607131
v  0.0744612142 0.0982987359 -0.00779856741
v  0.0748526305 0.0982987359 -0.00154046365
v  0.0728840977 0.0982987359 0.0171230193
v  0.0663359836 0.0982987359 0.0347106121
v  0.0631988123 0.0982987359 0.0401397236
v  0.0512309633 0.0982987359 0.0545955673
v  0.0124586318 0.0982987359 0.0738245919
v  0.00623745518 0.0982987359 0.0746081844
v  -0.0125128133 0.0982987359 0.0738154352
v  -0.0304768514 0.0982987359 0.0683845729
v  -0.0360922292 0.0982987359 0.0655945092
v  -0.0512710176 0.0982987359 0.054557953
v  -0.072896637 0.0982987359 0.0170695279
v  -0.0740693212 0.0982987359 0.0109098284
v  -0.0701632947 0.0982987359 -0.0261228122
v  -0.0576696247 0.0982987359 -0.0477441363
v  -0.0439843498 0.0982987359 -0.0605860129
v  -0.0387603901 0.0982987359 -0.0640540645
v  -0.0216130633 0.0982987359 -0.0716810003
v  0.0738596171 0.0982987359 -0.0130234687
v  0.0718482807 0.0982987359 -0.0215099882
v  0.0688653067 0.0982987359 -0.0297056213
v  0.0649510548 0.0982987359 -0.0374995396
v  -0.025651155 0.0982987359 0.0704760402
v  -0.0172959417 0.0982987359 0.0729774237
v  -0.0087068323 0.0982987359 0.0744919106
v  2.44377745e-08 0.0982987359 0.0749990195
v  0.00870688073 0.0982987359 0.0744919032
v  0.0172959901 0.0982987359 0.0729774162
v  0.0256511997 0.0982987359 0.0704760179
v  0.0336595252 0.0982987359 0.0670215786
v  0.0412126519 0.0982987359 0.0626607612
v  0.0601584427 0.0982987359 -0.0447863303
v  0.0545522943 0.0982987359 -0.0514674746
v  0.048208423 0.0982987359 -0.0574526042
v  0.0412126146 0.0982987359 -0.062660791
v  0.0336594805 0.0982987359 -0.0670216084
v  0.025651155 0.0982987359 -0.0704760477
v  0.0172959417 0.0982987359 -0.0729774311
v  0.0087068323 0.0982987359 -0.0744919181
v  -0.00870688073 0.0982987359 -0.0744919106
v  -0.0172959901 0.0982987359 -0.0729774237
v  -0.0256511997 0.0982987359 -0.0704760253
v  -0.0336595252 0.0982987359 -0.067021586
v  -0.0601584427 0.0982987359 0.0447863229
v  -0.0545522943 0.0982987359 0.0514674671
v  -0.048208423 0.0982987359 0.0574525967
v  -0.0412126146 0.0982987359 0.0626607835
v  -2.44377745e-08 0.0982987359 -0.0749990344
v  -0.0649510846 0.0982987359 -0.0374994949
v  -0.0688653216 0.0982987359 -0.0297055766
v  -0.0718482956 0.0982987359 -0.0215099417
v  -0.073859632 0.0982987359 -0.0130234212
v  -0.0336594805 0.0982987359 0.0670216009
v  0.0482084602 0.0982987359 0.0574525669
v  0.0545523316 0.0982987359 0.0514674298
v  0.0601584725 0.0982987359 0.0447862856
v  0.0688653216 0.0982987359 0.0297055691
v  0.0718482956 0.0982987359 0.0215099324
v  0.073859632 0.0982987359 0.0130234128
v  0.074872151 0.0982987359 0.00436077639
v  0.074872151 0.0982987359 -0.00436083414
v  -0.0412126519 0.0982987359 -0.0626607686
v  -0.0482084602 0.0982987359 -0.0574525744
v  -0.0545523316 0.0982987359 -0.0514674373
v  -0.0601584725 0.0982987359 -0.0447862931
v  -0.074872151 0.0982987359 -0.00436078524
v  -0.074872151 0.0982987359 0.00436082529
v  0.0649510846 0.0982987359 0.0374994874
v  -0.0738596171 0.0982987359 0.0130234603
v  -0.0718482807 0.0982987359 0.0215099789
v  -0.0688653067 0.0982987359 0.0297056139
v  -0.0649510548 0.0982987359 0.0374995321
v  -0.00870581809 0.0992987156 0.0744832382
v  -0.0172939319 0.0992987156 0.07296893
v  -0.0256481729 0.0992987156 0.0704678446
v  -0.0336555615 0.0992987156 0.0670137852
v  -0.0412078276 0.0992987156 0.062653482
v  -0.0482028164 0.0992987156 0.0574459173
v  -0.0545459539 0.0992987156 0.0514614768
v  -0.0601514429 0.0992987156 0.0447811149
v  -0.0649434924 0.0992987156 0.0374951586
v  -0.0688572973 0.0992987156 0.0297021624
v  -0.0718399137 0.0992987156 0.0215074793
v  -0.0738510266 0.0992987156 0.0130219506
v  -0.0748634413 0.0992987156 0.00436031818
v  -0.0748634413 0.0992987156 -0.00436027814
v  -0.0738510415 0.0992987156 -0.0130219115
v  -0.0718399286 0.0992987156 -0.021507442
v  -0.0688573122 0.0992987156 -0.0297021251
v  -0.0649435297 0.099298723 -0.0374951139
v  -0.0601514727 0.0992987156 -0.0447810851
v  -0.0545459911 0.0992987156 -0.051461447
v  -0.0482028536 0.0992987156 -0.0574458949
v  -0.0412078649 0.0992987156 -0.0626534671
v  -0.0336556062 0.0992987156 -0.0670137703
v  -0.0256482176 0.0992987156 -0.0704678297
v  -0.0172939803 0.0992987156 -0.07296893
v  -0.00870586652 0.0992987156 -0.0744832382
v  -2.44349305e-08 0.0992987156 -0.0749903023
v  0.00870581809 0.0992987156 -0.0744832456
v  0.0172939319 0.0992987156 -0.0729689375
v  0.0256481729 0.0992987156 -0.0704678521
v  0.0336555615 0.0992987156 -0.0670137927
v  0.0412078276 0.0992987156 -0.0626534894
v  0.0482028164 0.0992987156 -0.0574459247
v  0.0545459539 0.0992987156 -0.0514614843
v  0.0601514429 0.0992987156 -0.0447811224
v  0.0649434924 0.0992987156 -0.0374951661
v  0.0688572973 0.0992987156 -0.0297021698
v  0.0718399137 0.0992987156 -0.0215074886
v  0.0738510266 0.0992987156 -0.013021959
v  0.0748634413 0.0992987156 -0.00436032703
v  0.0748634413 0.0992987156 0.00436026929
v  0.0738510415 0.0992987156 0.0130219031
v  0.0718399286 0.0992987156 0.0215074327
v  0.0688573122 0.0992987156 0.0297021177
v  0.0649435222 0.0992987156 0.0374951139
v  0.0601514727 0.0992987156 0.0447810777
v  0.0545459911 0.0992987156 0.0514614396
v  0.0482028536 0.0992987156 0.0574458875
v  0.0412078649 0.0992987156 0.0626534596
v  0.0336556062 0.0992987156 0.0670137629
v  0.0256482176 0.0992987156 0.0704678223
v  0.0172939803 0.0992987156 0.0729689226
v  0.00870586652 0.0992987156 0.0744832307
v  2.44349305e-08 0.0992987156 0.0749902874

# 0 UV coordinates

# 4891 vertex normals
vn 4.17266989e-07 0.000999986078 1.32095602e-06
vn -7.33781249e-08 0.000999987009 7.0161903e-08
vn -4.61518056e-07 0.000999986893 -1.3630877e-07
vn -2.08200071e-08 0.000999987009 7.1502356e-08
vn 3.95128779e-07 0.000999987009 -1.45928936e-07
vn -3.08695775e-07 0.000999986776 5.89218757e-07
vn -1.70885755e-07 0.000999987009 4.22810942e-08
vn 1.80726559e-07 0.000999987009 -3.05890779e-07
vn 1.52883235e-08 0.000999987009 6.27656718e-08
vn 3.55022109e-07 0.000999986543 -9.03113119e-07
vn 0.000147839994 0.000782529765 0.000604784815
vn 0.000232832899 0.00064771279 0.000725417805
vn 0.000468244252 0.000752961671 0.000462352531
vn 0.000592421391 0.000604887551 0.000532092294
vn 0.000638414174 0.000762058713 0.000108018357
vn 0.00074300461 0.000662592531 9.42835759e-05
vn 0.000657776836 0.00073042023 -0.000183821059
vn 0.000725417165 0.000647715176 -0.000232828243
vn 0.00049258006 0.000746804464 -0.000446791004
vn 0.000591232325 0.000465816323 -0.000658356759
vn 0.000205944962 0.000847018906 -0.000490020146
vn 0.000116868883 0.000375381787 -0.000919458864
vn -0.000118305339 0.000820414338 -0.000559373118
vn -0.000232827617 0.000647716632 -0.000725416117
vn -0.000457314221 0.000749943487 -0.000477935886
vn -0.000636052806 0.000518756977 -0.000571228738
vn -0.000532732927 0.000831875601 -0.000155412359
vn -0.000850413693 0.000514882151 -0.000108014843
vn -0.000604771369 0.000782541058 0.000147834842
vn -0.00072542025 0.000647709996 0.000232833278
vn -0.000477949739 0.000749928702 0.000457323767
vn -0.000571220357 0.000518771587 0.000636048382
vn -0.000155410511 0.000831876998 0.000532731065
vn -0.00010801982 0.000514860381 0.000850426208
vn 0.000183818222 0.000730418193 0.000657779747
vn 0.000232830716 0.000647721638 0.000725410646
vn 0.000468276558 0.000752966211 0.00046231263
vn 0.000592709868 0.000604382192 0.000532345206
vn 0.000638148515 0.000762276293 0.000108052656
vn 0.000743004377 0.000662592822 9.42835759e-05
vn 0.000657777127 0.000730420521 -0.00018381876
vn 0.000725404185 0.000647730252 -0.000232826642
vn 0.000477944239 0.000749935454 -0.000457318529
vn 0.000571222918 0.000518770306 -0.000636047102
vn 0.000155411006 0.000831877987 -0.000532729318
vn 0.000108020315 0.000514853222 -0.000850430399
vn -0.000147839673 0.000782528019 -0.000604787143
vn -0.000232831415 0.000647712382 -0.00072541862
vn -0.0004573185 0.000749935454 -0.000477944268
vn -0.000636052398 0.000518759189 -0.000571227109
vn -0.000532741076 0.000831870304 -0.000155412257
vn -0.000850431621 0.000514852232 -0.000108016444
vn -0.000604768866 0.000782542629 0.000147836938
vn -0.000725430902 0.00064769719 0.000232835679
vn -0.000462355965 0.000752961787 0.000468241022
vn -0.000532090722 0.000604877365 0.000592433265
vn -0.00010802038 0.000762060983 0.000638410973
vn -9.42836632e-05 0.000662591076 0.00074300589
vn 0.000147839673 0.000782528019 0.000604787085
vn 0.000232831415 0.000647712499 0.000725418562
vn 0.0004573185 0.000749935454 0.00047794421
vn 0.000636052398 0.000518759189 0.00057122705
vn 0.000532741076 0.000831870304 0.000155412185
vn 0.000850431621 0.000514852232 0.0001080164
vn 0.000604768866 0.000782542629 -0.00014783701
vn 0.000725430902 0.00064769719 -0.000232835737
vn 0.000462355965 0.000752961787 -0.00046824108
vn 0.000532090722 0.000604877365 -0.000592433265
vn 0.00010802038 0.000762060983 -0.000638411031
vn 9.42836632e-05 0.000662590959 -0.000743005949
vn -0.000183818222 0.000730418193 -0.000657779863
vn -0.000232830716 0.000647721521 -0.000725410704
vn -0.000468243641 0.000752960739 -0.000462355179
vn -0.000592429715 0.000604874629 -0.000532097591
vn -0.000638419122 0.000762054406 -0.000108019922
vn -0.000743004377 0.000662592822 -9.42836341e-05
vn -0.00065776991 0.00073042314 0.000183833909
vn -0.000725500518 0.000647611218 0.000232857987
vn -0.000477906258 0.000750006177 0.000457242189
vn -0.000571222918 0.000518770306 0.000636047043
vn -0.000155411006 0.000831877987 0.00053272926
vn -0.000108020315 0.000514853338 0.000850430341
vn 0.000183829834 0.000730426109 0.000657767639
vn 0.000232855906 0.000647608947 0.000725503138
vn 0.000457240909 0.000750012987 0.000477896916
vn 0.000636052806 0.000518756977 0.00057122868
vn 0.000532732927 0.000831875601 0.000155412286
vn 0.000850413693 0.000514882151 0.000108014799
vn 0.000604771369 0.000782541058 -0.000147834915
vn 0.00072542025 0.000647709996 -0.000232833336
vn 0.000477949739 0.000749928702 -0.000457323826
vn 0.000571220357 0.000518771587 -0.00063604844
vn 0.000155410511 0.000831876998 -0.000532731123
vn 0.00010801982 0.000514860265 -0.000850426266
vn -0.000147839994 0.000782529765 -0.000604784873
vn -0.000232832899 0.000647712674 -0.000725417864
vn -0.000468244252 0.000752961671 -0.000462352589
vn -0.000592421391 0.000604887551 -0.000532092352
vn -0.000638414174 0.000762058713 -0.000108018423
vn -0.00074300461 0.000662592531 -9.42836341e-05
vn -0.000657776836 0.00073042023 0.000183821001
vn -0.000725417165 0.000647715176 0.000232828184
vn -0.000462361233 0.000752957363 0.000468243146
vn -0.000532086298 0.000604882836 0.000592431577
vn -0.000108020686 0.000762059528 0.000638412719
vn -9.42841943e-05 0.00066259515 0.000743002107
vn 1.66163801e-07 0.000999987009 -7.46698916e-08
vn 2.80147361e-07 0.000999987009 6.50057501e-08
vn 3.03635971e-07 0.000999987009 -2.94221991e-07
vn 2.18635009e-07 0.000999987009 -4.23919261e-07
vn 1.10089417e-07 0.000999987009 -4.5128985e-07
vn -4.08564773e-07 0.000999986893 -2.41833447e-07
vn -3.69505937e-09 0.000999987009 -5.33791145e-08
vn 1.27038305e-07 0.000999987009 -1.21025181e-07
vn -7.43591855e-08 0.000999987009 -1.66167524e-07
vn 6.49371685e-08 0.000999987009 -2.80427088e-07
vn -2.79871415e-07 0.000999987009 -3.02898684e-07
vn -3.84753093e-07 0.000999987009 -2.56884249e-07
vn -4.52630161e-07 0.000999987009 -1.40794739e-07
vn -3.29525562e-07 0.000999987009 3.96381211e-07
vn -4.93551582e-08 0.000999987009 -3.96443367e-09
vn -5.16706748e-08 0.000999987009 -1.48259772e-07
vn -1.65127844e-07 0.000999987009 4.18332995e-08
vn -1.52611989e-07 0.000999987009 1.03110992e-07
vn -3.50019462e-07 0.000999987009 1.14071534e-08
vn -2.75083295e-07 0.000999987009 3.62302643e-07
vn -1.91886357e-07 0.000999986893 4.36023669e-07
vn 3.81418175e-07 0.000999987009 4.54269269e-07
vn -5.09604714e-09 0.000999987009 5.00546378e-08
vn -1.4955603e-07 0.000999987009 5.09555704e-08
vn 4.15046095e-08 0.000999987009 1.65035132e-07
vn 9.87869697e-08 0.000999987009 1.54727246e-07
vn -1.7845263e-08 0.000999987009 3.21792101e-07
vn 3.08001091e-07 0.000999987009 2.94933358e-07
vn 4.24642536e-07 0.000999986893 2.17703317e-07
vn 4.50299154e-07 0.000999987009 1.10276709e-07
vn 2.43581695e-07 0.000999987009 -4.07002517e-07
vn 5.14340286e-08 0.000999987009 -3.86498833e-09
vn 1.21785448e-07 0.000999987009 1.2722559e-07
vn 2.80146395e-07 0.000999987009 6.50049472e-08
vn 3.02691973e-07 0.000999987009 -2.79274161e-07
vn 2.56963546e-07 0.000999987009 -3.84399783e-07
vn 1.4047302e-07 0.000999987009 -4.52748878e-07
vn -3.97620937e-07 0.000999987009 -3.28491268e-07
vn 3.22527161e-09 0.000999987009 -5.0405859e-08
vn 1.49555035e-07 0.000999987009 -5.10429921e-08
vn -4.15047126e-08 0.000999987009 -1.65123538e-07
vn -1.03360705e-07 0.000999987009 -1.53789685e-07
vn -1.28863462e-08 0.000999987009 -3.49553176e-07
vn -3.61849402e-07 0.000999987009 -2.75550008e-07
vn -4.36352337e-07 0.000999986893 -1.92455062e-07
vn -4.56824893e-07 0.000999986776 3.80490462e-07
vn -4.93851608e-08 0.000999987009 -5.67978153e-09
vn -5.16688772e-08 0.000999987009 -1.48258763e-07
vn -1.65127844e-07 0.000999987009 4.24403872e-08
vn -1.53536988e-07 0.000999987009 9.74040688e-08
vn -3.22433806e-07 0.000999987009 -1.71939831e-08
vn -2.94722042e-07 0.000999987009 3.07433396e-07
vn -2.18632991e-07 0.000999987009 4.24663853e-07
vn -1.10090411e-07 0.000999987009 4.50299439e-07
vn 4.08564773e-07 0.000999986893 2.42374e-07
vn 3.69506892e-09 0.000999987009 5.19909094e-08
vn -1.2703731e-07 0.000999987009 1.20565758e-07
vn 7.43610897e-08 0.000999987009 1.66080099e-07
vn -6.49424621e-08 0.000999987009 2.80203665e-07
vn 2.94334228e-07 0.000999987009 3.03472262e-07
vn 4.24644583e-07 0.000999986893 2.18115318e-07
vn 4.50297136e-07 0.000999987009 1.10275707e-07
vn 2.43582662e-07 0.000999986893 -4.07004535e-07
vn 5.143443e-08 0.000999987009 -3.8650283e-09
vn 1.21786456e-07 0.000999987009 1.2574661e-07
vn 1.03360705e-07 0.000999987009 1.5370226e-07
vn 1.28863462e-08 0.000999987009 3.49465751e-07
vn 3.61849402e-07 0.000999987009 2.75462583e-07
vn 4.36352337e-07 0.000999986893 1.92367636e-07
vn 4.56824893e-07 0.000999986776 -3.80577887e-07
vn 4.93851608e-08 0.000999987009 5.59235991e-09
vn 5.16688772e-08 0.000999987009 1.48171338e-07
vn 1.65127844e-07 0.000999987009 -4.25278088e-08
vn 1.53536988e-07 0.000999987009 -9.7491494e-08
vn 3.22433806e-07 0.000999987009 1.71065615e-08
vn 2.94722042e-07 0.000999987009 -3.07520821e-07
vn 2.18632991e-07 0.000999987009 -4.24751249e-07
vn 1.10090411e-07 0.000999987009 -4.50386864e-07
vn -4.08564773e-07 0.000999986893 -2.42461425e-07
vn -3.69506892e-09 0.000999987009 -5.2078331e-08
vn 1.2703731e-07 0.000999987009 -1.20653183e-07
vn -7.43610897e-08 0.000999987009 -1.66167524e-07
vn 6.49424621e-08 0.000999987009 -2.8029109e-07
vn -2.94334228e-07 0.000999987009 -3.03559688e-07
vn -4.24644583e-07 0.000999986893 -2.18202743e-07
vn -4.50297136e-07 0.000999987009 -1.10363125e-07
vn -2.43582662e-07 0.000999986893 4.0691711e-07
vn -5.143443e-08 0.000999987009 3.77760667e-09
vn -1.21786456e-07 0.000999987009 -1.25834035e-07
vn -1.66163801e-07 0.000999987009 7.45824735e-08
vn -2.80146395e-07 0.000999987009 -6.50923724e-08
vn -3.02691973e-07 0.000999987009 2.79186764e-07
vn -2.56963546e-07 0.000999987009 3.84312358e-07
vn -1.4047302e-07 0.000999987009 4.52661453e-07
vn 3.97620937e-07 0.000999987009 3.28403871e-07
vn -3.22527161e-09 0.000999987009 5.03184374e-08
vn -1.49555035e-07 0.000999987009 5.09555704e-08
vn 4.15047126e-08 0.000999987009 1.65036113e-07
vn 7.43591855e-08 0.000999987009 1.66080099e-07
vn -6.49371685e-08 0.000999987009 2.80339663e-07
vn 2.79871415e-07 0.000999987009 3.02811259e-07
vn 3.84753093e-07 0.000999987009 2.56796824e-07
vn 4.52630161e-07 0.000999987009 1.40707328e-07
vn 3.29525562e-07 0.000999987009 -3.96468636e-07
vn 4.93551582e-08 0.000999987009 3.87701204e-09
vn 5.16706748e-08 0.000999987009 1.48172347e-07
vn 1.65127844e-07 0.000999987009 -4.19207211e-08
vn 1.52611989e-07 0.000999987009 -1.03198417e-07
vn 3.50019462e-07 0.000999987009 -1.14945751e-08
vn 2.75083295e-07 0.000999987009 -3.62390068e-07
vn 1.91886357e-07 0.000999986893 -4.36111094e-07
vn -3.81418175e-07 0.000999987009 -4.54356694e-07
vn 5.09604714e-09 0.000999987009 -5.01420594e-08
vn 1.4955603e-07 0.000999987009 -5.10429921e-08
vn -4.15046095e-08 0.000999987009 -1.65122557e-07
vn -9.87869697e-08 0.000999987009 -1.54814671e-07
vn 1.7845263e-08 0.000999987009 -3.21879526e-07
vn -3.08001091e-07 0.000999987009 -2.95020754e-07
vn -4.24642536e-07 0.000999986893 -2.17790742e-07
vn -4.50299154e-07 0.000999987009 -1.10364127e-07
vn -2.43581695e-07 0.000999987009 4.06915092e-07
vn -5.14340286e-08 0.000999987009 3.7775667e-09
vn -1.21785448e-07 0.000999987009 -1.27313015e-07
vn -2.80147361e-07 0.000999987009 -6.50931753e-08
vn -3.03635971e-07 0.000999987009 2.94134594e-07
vn -2.18635009e-07 0.000999987009 4.23831864e-07
vn -1.10089417e-07 0.000999987009 4.51202425e-07
vn 4.08564773e-07 0.000999986893 2.41746022e-07
vn 3.69505937e-09 0.000999987009 5.32916928e-08
vn -1.27038305e-07 0.000999987009 1.20937756e-07
vn 0.000243760049 2.87133912e-06 0.00096981792
vn 0.000263865571 -2.61477908e-06 0.000964542618
vn 0.000541074551 2.47997468e-06 0.000840955589
vn 0.000551145 3.6472516e-11 0.00083439413
vn 0.000722502009 3.02198648e-11 0.000691350084
vn 0.000729980064 -2.15435125e-06 0.000683446182
vn 0.000889063522 2.48138781e-06 0.000457748974
vn 0.000894505356 1.95402357e-11 0.000447028404
vn 0.000971378468 1.03807067e-11 0.000237482687
vn 0.000973903807 -2.15532509e-06 0.000226893841
vn 0.000997412368 2.87171065e-06 -7.16557333e-05
vn 0.000995708047 -2.61595824e-06 -9.23732077e-05
vn 0.000912752352 2.87169587e-06 -0.000408471707
vn 0.000904065731 -2.61525679e-06 -0.000427355233
vn 0.000718004536 2.87239936e-06 -0.000696013973
vn 0.000703380327 -2.61532909e-06 -0.000710790686
vn 0.000457753049 2.480376e-06 -0.000889061368
vn 0.00041785519 -6.67328868e-06 -0.000908474787
vn 0.000237473694 7.57900625e-06 -0.000971351052
vn 8.19286506e-05 -1.19657579e-05 -0.000996553223
vn -7.16498907e-05 1.22241072e-05 -0.000997341936
vn -0.000232509294 -7.96443055e-06 -0.000972548325
vn -0.000408460794 7.43637656e-06 -0.000912731281
vn -0.000452198816 -2.15489695e-06 -0.000891899923
vn -0.000678885961 2.48038282e-06 -0.000734221947
vn -0.00071077398 -6.67226595e-06 -0.000703370431
vn -0.000831549754 7.57789212e-06 -0.000555375242
vn -0.000908430666 -1.19644728e-05 -0.0004178331
vn -0.000955013675 8.51761888e-06 -0.000296395621
vn -0.000997833908 -7.04416607e-06 -6.52070157e-05
vn -0.000996620744 -2.61458672e-06 -8.19410416e-05
vn -0.00096981728 2.87089051e-06 0.00024376325
vn -0.000964542327 -2.61445234e-06 0.000263866503
vn -0.000827958749 2.8710233e-06 0.000560758635
vn -0.000834372593 5.92244305e-06 0.00055114564
vn -0.000683424005 -7.61615047e-06 0.000729964115
vn -0.000605157344 8.51665209e-06 0.000796044129
vn -0.000402538484 -7.04340846e-06 0.000915361743
vn -0.000417861971 -2.61448326e-06 0.000908492599
vn -0.000102644837 2.87241301e-06 0.000994700938
vn -8.19401466e-05 -2.61507557e-06 0.000996620744
vn 7.16547293e-05 2.87163857e-06 0.000997412368
vn 9.23733242e-05 -2.61519472e-06 0.000995708047
vn 0.000408473279 2.87175362e-06 0.00091275177
vn 0.00042735305 -2.61448349e-06 0.000904066721
vn 0.000696013449 2.87174521e-06 0.000718004885
vn 0.000710790104 -2.61449236e-06 0.000703380792
vn 0.000889062532 2.48043489e-06 0.000457750662
vn 0.00090847502 -6.67287304e-06 0.000417854666
vn 0.000971351052 7.57953603e-06 0.000237473796
vn 0.000996553223 -1.19645711e-05 8.19307897e-05
vn 0.000997341936 1.22236188e-05 -7.1651084e-05
vn 0.000972547219 -7.96463701e-06 -0.000232513688
vn 0.000912732561 7.43604141e-06 -0.000408458378
vn 0.000891899224 -2.15535488e-06 -0.000452200416
vn 0.000734222063 2.48038509e-06 -0.000678885786
vn 0.00070337177 -6.67369704e-06 -0.000710772583
vn 0.000555369654 7.57889347e-06 -0.00083155348
vn 0.000417836476 -1.19662845e-05 -0.000908429152
vn 0.000296397542 8.51764798e-06 -0.000955013093
vn 6.52102317e-05 -7.04277727e-06 -0.000997833791
vn 8.19400229e-05 -2.61516288e-06 -0.00099662086
vn -0.000243764051 2.87119451e-06 -0.000969816989
vn -0.0002638679 -2.61486321e-06 -0.000964541861
vn -0.000560758344 2.87167768e-06 -0.000827959098
vn -0.000551143428 5.92095148e-06 -0.00083437399
vn -0.000729965162 -7.6152578e-06 -0.000683423132
vn -0.000796045817 8.51700952e-06 -0.000605155015
vn -0.000915358658 -7.04608919e-06 -0.00040254576
vn -0.000908494228 -2.61311129e-06 -0.000417858275
vn -0.000994701055 2.87391504e-06 -0.000102642844
vn -0.000996620627 -2.61458672e-06 -8.19418128e-05
vn -0.000969817862 2.87381044e-06 0.000243760252
vn -0.000964542618 -2.61445234e-06 0.000263865193
vn -0.000840955589 2.48043852e-06 0.000541074667
vn -0.00083439314 2.40913452e-11 0.000551146339
vn -0.00069135282 3.15814284e-11 0.000722499448
vn -0.000683445716 -2.1543492e-06 0.000729980471
vn -0.000457747141 2.48003676e-06 0.000889064511
vn -0.000447030703 3.90999941e-11 0.00089450425
vn -0.0002374795 4.2460313e-11 0.000971379224
vn -0.000226894626 -2.15481555e-06 0.000973903574
vn 0.000243764051 2.87127909e-06 0.000969816989
vn 0.0002638679 -2.61477908e-06 0.000964541861
vn 0.000560758344 2.87174998e-06 0.000827959098
vn 0.000551143428 5.92102424e-06 0.00083437399
vn 0.000729965162 -7.61519777e-06 0.000683423132
vn 0.000796045817 8.51706227e-06 0.000605155015
vn 0.000915358658 -7.04605372e-06 0.00040254576
vn 0.000908494228 -2.61307491e-06 0.000417858275
vn 0.000994701055 2.87392413e-06 0.000102642844
vn 0.000996620627 -2.61457944e-06 8.19418128e-05
vn 0.000969817862 2.87378907e-06 -0.000243760252
vn 0.000964542618 -2.61447553e-06 -0.000263865193
vn 0.000840955589 2.48039123e-06 -0.000541074667
vn 0.00083439314 -2.40913452e-11 -0.000551146339
vn 0.00069135282 -3.15814284e-11 -0.000722499448
vn 0.000683445716 -2.15441287e-06 -0.000729980471
vn 0.000457747141 2.47995899e-06 -0.000889064511
vn 0.000447030703 -3.90999941e-11 -0.00089450425
vn 0.0002374795 -4.2460313e-11 -0.000971379224
vn 0.000226894626 -2.15490059e-06 -0.000973903574
vn -7.16547293e-05 2.87155126e-06 -0.000997412368
vn -9.23733242e-05 -2.61528157e-06 -0.000995708047
vn -0.000408473279 2.87167404e-06 -0.00091275177
vn -0.00042735305 -2.61456262e-06 -0.000904066721
vn -0.000696013449 2.87168245e-06 -0.000718004885
vn -0.000710790104 -2.61455375e-06 -0.000703380792
vn -0.000889062532 2.48039487e-06 -0.000457750662
vn -0.00090847502 -6.67290942e-06 -0.000417854666
vn -0.000971351052 7.57951511e-06 -0.000237473796
vn -0.000996553223 -1.19645783e-05 -8.19307897e-05
vn -0.000997341936 1.22236243e-05 7.1651084e-05
vn -0.000972547219 -7.964617e-06 0.000232513688
vn -0.000912732561 7.43607688e-06 0.000408458378
vn -0.000891899224 -2.15531531e-06 0.000452200416
vn -0.000734222063 2.48044466e-06 0.000678885786
vn -0.00070337177 -6.6736352e-06 0.000710772583
vn -0.000555369654 7.57896623e-06 0.00083155348
vn -0.000417836476 -1.19662045e-05 0.000908429152
vn -0.000296397542 8.51773166e-06 0.000955013093
vn -6.52102317e-05 -7.04268996e-06 0.000997833791
vn -8.19400229e-05 -2.61507557e-06 0.00099662086
vn 7.16498907e-05 1.22241945e-05 0.000997341936
vn 0.000232509294 -7.96434506e-06 0.000972548325
vn 0.000408460794 7.4364566e-06 0.000912731281
vn 0.000452198816 -2.15481919e-06 0.000891899923
vn 0.000678885961 2.48044694e-06 0.000734221947
vn 0.00071077398 -6.67220411e-06 0.000703370431
vn 0.000831549754 7.57794032e-06 0.000555375242
vn 0.000908430666 -1.19644365e-05 0.0004178331
vn 0.000955013675 8.51764435e-06 0.000296395621
vn 0.000997833908 -7.04416061e-06 6.52070157e-05
vn 0.000996620744 -2.61457944e-06 8.19410416e-05
vn 0.00096981728 2.87086914e-06 -0.00024376325
vn 0.000964542327 -2.61447553e-06 -0.000263866503
vn 0.000827958749 2.87097419e-06 -0.000560758635
vn 0.000834372593 5.92239485e-06 -0.00055114564
vn 0.000683424005 -7.61621413e-06 -0.000729964115
vn 0.000605157344 8.51658297e-06 -0.000796044129
vn 0.000402538484 -7.04348849e-06 -0.000915361743
vn 0.000417861971 -2.61456285e-06 -0.000908492599
vn 0.000102644837 2.87232615e-06 -0.000994700938
vn 8.19401466e-05 -2.61516288e-06 -0.000996620744
vn -0.000243760049 2.87125454e-06 -0.00096981792
vn -0.000263865571 -2.61486321e-06 -0.000964542618
vn -0.000541074551 2.47990101e-06 -0.000840955589
vn -0.000551145 -3.6472516e-11 -0.00083439413
vn -0.000722502009 -3.02198648e-11 -0.000691350084
vn -0.000729980064 -2.15441082e-06 -0.000683446182
vn -0.000889063522 2.48134779e-06 -0.000457748974
vn -0.000894505356 -1.95402357e-11 -0.000447028404
vn -0.000971378468 -1.03807067e-11 -0.000237482687
vn -0.000973903807 -2.1553451e-06 -0.000226893841
vn -0.000997412368 2.87171702e-06 7.16557333e-05
vn -0.000995708047 -2.61595005e-06 9.23732077e-05
vn -0.000912752352 2.87173179e-06 0.000408471707
vn -0.000904065731 -2.6152195e-06 0.000427355233
vn -0.000718004536 2.8724603e-06 0.000696013973
vn -0.000703380327 -2.61526679e-06 0.000710790686
vn -0.000457753049 2.48045376e-06 0.000889061368
vn -0.00041785519 -6.67320955e-06 0.000908474787
vn -0.000237473694 7.57909083e-06 0.000971351052
vn -8.19286506e-05 -1.19656706e-05 0.000996553223
vn 0.000184942925 0.000713262882 0.000676037162
vn 0.000254011276 0.00055593095 0.000791450089
vn 0.000327212532 0.000806049851 0.000493142812
vn 0.000653211493 0.000445177138 0.000612459087
vn 0.000513703213 0.000678683107 0.000524854579
vn 0.000628314447 0.00071229547 0.000312778284
vn 0.000802544877 0.000498594192 0.000327566348
vn 0.000587136194 0.000797623361 0.000137993673
vn 0.000790772319 0.000607677503 -7.33582274e-05
vn 0.000732251967 0.000678695855 -5.61513407e-05
vn 0.000633672811 0.000713238434 -0.000299539242
vn 0.000657061872 0.000683029881 -0.000318926293
vn 0.000493011787 0.000713237852 -0.000498201873
vn 0.00050835876 0.000683033431 -0.000524414878
vn 0.000292881974 0.000713237445 -0.000636778364
vn 0.000298346218 0.000683021266 -0.000666667533
vn 5.74280311e-05 0.00071323564 -0.000698549207
vn 6.17585683e-05 0.00073835178 -0.000671562972
vn -0.000162940196 0.000717915711 -0.000676772965
vn -0.000216176239 0.000609914539 -0.000762395037
vn -0.0002823041 0.000779363269 -0.000559349079
vn -0.000549908087 0.000441382348 -0.00070905342
vn -0.000420798286 0.000805914518 -0.000416418974
vn -0.000721439486 0.000607775175 -0.000331825984
vn -0.000662235834 0.000678683282 -0.000317500992
vn -0.00069853192 0.000713252462 -5.74295555e-05
vn -0.000728521671 0.000683001941 -5.23330636e-05
vn -0.000676043157 0.000713257643 0.000184941498
vn -0.0007915647 0.000555729552 0.00025409463
vn -0.000493009284 0.000806164055 0.000327132468
vn -0.000612652919 0.00044464416 0.000653392693
vn -0.000524854811 0.000678679033 0.000513708335
vn -0.000292889483 0.000713239773 0.000636772311
vn -0.000298340223 0.000683017483 0.00066667411
vn -5.74342957e-05 0.000713244779 0.000698539312
vn -5.23344643e-05 0.000683009275 0.000728514628
vn 0.000519046851 0.000854726124 -2.7686865e-06
vn 0.000570864358 0.000821010035 -5.51328139e-06
vn 0.000810525496 0.000585363014 1.93076012e-05
vn 0.000609343464 0.000726214435 -0.000318256498
vn 0.000306691072 0.000925236323 -0.000223277049
vn 0.000605969573 0.000751672953 -0.000260312954
vn 0.000648648071 0.000710347493 -0.000273196492
vn 0.000937469886 -0.000251736026 -0.000240318972
vn 0.000657392433 0.000730526168 -0.000184772347
vn 0.000797597342 0.000550513912 -0.000246468582
vn 0.000259289285 0.000964564562 -4.85615965e-05
vn 0.000818379631 0.000553839607 -0.000153266097
vn 0.000832892314 0.00053171441 -0.000153441608
vn 0.000214578307 0.000976450392 -2.1790931e-05
vn 0.000866184419 0.000495292188 -6.62127495e-05
vn 0.000837920117 0.000541312329 -6.96060524e-05
vn -1.11882798e-06 0.000826357224 -0.000563122041
vn -2.79843298e-05 0.000965512125 -0.000258799468
vn 0.000251826103 0.000887974922 -0.00038478343
vn 0.000372447947 0.00058892509 -0.000717233575
vn 4.58836039e-05 0.000850786048 -0.000523480645
vn 3.9509101e-05 0.000754281296 -0.000655341893
vn 9.04492481e-05 0.000874457881 -0.000476567453
vn 0.000132886154 0.000742687553 -0.000656300632
vn 0.000144022371 0.000547789328 -0.000824110757
vn 6.01866632e-05 0.000977427815 -0.000202451032
vn 0.00024130971 0.000531873025 -0.000811698788
vn 0.00023952403 0.000537802291 -0.000808313605
vn 0.000173364009 0.000900885323 -0.000397900207
vn 0.00029610112 0.000639489444 -0.000709472632
vn 0.000342001294 0.000510543119 -0.000788894773
vn 0.000135809372 0.000585947419 -0.000798871391
vn 0.00020578668 0.000616947771 -0.000759606017
vn 0.000520593894 0.00046883116 -0.000713549904
vn 0.000546402764 0.000599599094 -0.000584721391
vn 0.000701752899 0.000539782632 -0.000464921031
vn 0.000747572572 0.000548804761 -0.000374062423
vn 0.00021219271 0.000671358604 -0.000710088818
vn 0.0003307632 0.000674499315 -0.000660015445
vn 0.00030370336 0.000715691713 -0.000628906826
vn 0.000680936326 0.000667000539 -0.000302340923
vn 0.000698834599 0.000687068969 -0.000198847876
vn 0.000695093593 0.000690731453 -0.00019927106
vn 0.000752588443 0.000648373272 -0.000114877585
vn 0.000482741278 0.000734907051 -0.000476284215
vn 0.000514026498 0.000752836524 -0.000411081564
vn 9.22500622e-05 0.000986875268 -0.000132443151
vn 0.000238848254 0.00095954811 -0.00014897318
vn 0.000299542822 0.000713238143 0.000633671472
vn 0.000318924052 0.000683032966 0.00065705966
vn 0.000498201 0.000713236572 0.000493014522
vn 0.000524419476 0.000683034596 0.000508352299
vn 0.000636783661 0.00071322883 0.000292891666
vn 0.000666657113 0.000683035643 0.000298336468
vn 0.000698558928 0.000713225803 5.74311671e-05
vn 0.000671829795 0.000738112198 6.17182959e-05
vn 0.000676584779 0.000718103489 -0.00016289443
vn 0.000830703066 0.000490001519 -0.000264206843
vn 0.000538420572 0.000797668472 -0.000271666475
vn 0.000558633648 0.000607639086 -0.000564515125
vn 0.000524861913 0.000678675307 -0.000513706182
vn 0.000292883487 0.000713243324 -0.000636770972
vn 0.000298343803 0.000683015154 -0.000666674809
vn 5.74335172e-05 0.000713254965 -0.000698529009
vn 5.2331241e-05 0.000683003105 -0.000728520681
vn -0.000184940116 0.000713259273 -0.000676041702
vn -0.000254089857 0.000555723615 -0.000791570346
vn -0.000327135407 0.000806162716 -0.000493009517
vn -0.00065341295 0.000444604404 -0.000612660078
vn -0.000513704144 0.000678677869 -0.000524860516
vn -0.000636768178 0.000713248621 -0.000292877026
vn -0.000666674168 0.000683017424 -0.000298340252
vn -0.000698556134 0.000713228539 -5.7432535e-05
vn -0.000728518586 0.000683005026 -5.23341914e-05
vn -0.000676055672 0.000713245652 0.000184942284
vn -0.000791445898 0.000555932114 0.000254021521
vn -0.000493138912 0.000806050317 0.000327216869
vn -0.000612474512 0.000445159269 0.000653209048
vn -0.000524839968 0.000678695505 0.000513701758
vn -0.00031278914 0.000712293375 0.00062831142
vn -0.00032755977 0.000498630281 0.000802525028
vn -0.000137996918 0.000797614804 0.00058714702
vn 7.33623019e-05 0.000607730646 0.00079073105
vn 5.61497618e-05 0.000678685843 0.000732261455
vn 3.12144289e-06 0.000857782783 0.000513977779
vn 6.10952156e-06 0.000823216513 0.000567671959
vn -1.85225872e-05 0.000592635071 0.000805242045
vn 0.0003880437 0.00056378165 0.000729072315
vn 0.000386415602 0.000572008139 0.000723507896
vn 0.000182240139 0.000917214376 0.000354232005
vn 0.000267154537 0.000747330894 0.000608357601
vn 0.000265444163 0.000750760897 0.000604873232
vn 0.000317570841 0.000541062385 0.000778700516
vn 0.000240312482 -0.000251709804 0.000937478617
vn 0.000182382442 0.000739815005 0.000647598994
vn 0.000247572752 0.000549505232 0.000797951012
vn 4.85620913e-05 0.000964561885 0.000259299501
vn 0.000153278277 0.000553758058 0.000818432716
vn 0.000153450586 0.000531433558 0.000833069847
vn 2.17904053e-05 0.000976451382 0.000214573563
vn 6.62467573e-05 0.000494370761 0.000866708113
vn 6.96844727e-05 0.000541431888 0.000837836356
vn 0.000562614121 0.000826703152 -1.1375796e-06
vn 0.000259734225 0.0009652648 -2.78616553e-05
vn 0.000596975267 0.000731484208 0.000329432078
vn 0.000326665817 0.000930454931 0.000165883292
vn 0.000706620223 0.000604532834 0.00036769794
vn 0.000499438727 0.000865118171 4.58857139e-05
vn 0.000540728972 0.00083963119 5.10466816e-05
vn 0.000832797261 0.000551320263 4.96866815e-05
vn 0.000215664521 0.000975638395 3.99079508e-05
vn 0.000825289462 0.000543642556 0.000152722423
vn 0.000824966293 0.000544168754 0.000152593828
vn 0.000371980394 0.000921396597 0.000112395785
vn 0.000632566167 0.000754180306 0.000176199668
vn 0.000804455078 0.000539095781 0.000249402772
vn 0.000891407079 -0.000238052395 0.000385614898
vn 0.000640484795 0.000718606985 0.000270845543
vn 0.000618093647 0.00074282405 0.00025719023
vn 0.000798238674 0.000586486771 0.000137194933
vn 0.000759158516 0.000617314887 0.000206336539
vn 0.000576404273 0.000540259876 0.000613067183
vn 0.000502097828 0.000548834912 0.000668320572
vn 0.000717960764 0.000663094339 0.000211689781
vn 0.000658984238 0.000674733659 0.00033233795
vn 0.000635184871 0.000708844804 0.000306681381
vn 0.000639819598 0.000630953524 0.000438751158
vn 0.000322623149 0.000629044778 0.000707241765
vn 0.000193833635 0.000639299396 0.000744109449
vn 0.000200660623 0.000688860135 0.000696549541
vn 0.000115337745 0.000653570169 0.000748009013
vn 0.000488019607 0.000761042174 0.000427347142
vn 0.000361756393 0.000742529286 0.000563698879
vn 0.000310959353 0.00075470109 0.000577671628
vn 0.000158900992 0.000973087095 0.000166811849
vn 8.04496667e-05 0.000975048228 0.000206840035
vn 0.000184940116 0.000713259389 0.000676041585
vn 0.000254089857 0.000555723731 0.000791570288
vn 0.000327135407 0.000806162716 0.000493009458
vn 0.00065341295 0.000444604462 0.00061266002
vn 0.000513704144 0.000678677869 0.000524860458
vn 0.000636768178 0.000713248621 0.000292876968
vn 0.000666674168 0.000683017424 0.000298340194
vn 0.000698556134 0.000713228539 5.74324731e-05
vn 0.000728518586 0.000683005026 5.23341332e-05
vn 0.000676055672 0.000713245652 -0.000184942342
vn 0.000791445898 0.000555932114 -0.000254021579
vn 0.000493138912 0.000806050317 -0.000327216956
vn 0.000612474512 0.00044515921 -0.000653209107
vn 0.000524839968 0.000678695505 -0.000513701816
vn 0.00031278914 0.000712293375 -0.000628311478
vn 0.0003275614 0.000498587673 -0.000802550814
vn 0.00013799443 0.000797627494 -0.000587130256
vn -7.33618799e-05 0.000607698632 -0.000790755555
vn -5.6150664e-05 0.000678678043 -0.000732268614
vn -0.000299538398 0.000713236746 -0.000633675081
vn -0.000318927458 0.000683021557 -0.000657070021
vn -0.000498201 0.000713236572 -0.000493014581
vn -0.000524419476 0.000683034596 -0.000508352357
vn -0.000636783661 0.00071322883 -0.000292891724
vn -0.000666657987 0.000683034246 -0.000298337749
vn -0.000698557997 0.000713226735 -5.7431047e-05
vn -0.000671345973 0.000738546194 -6.17916812e-05
vn -0.000676624593 0.00071806286 0.000162907483
vn -0.000830704637 0.000489994243 0.000264215138
vn -0.000538420572 0.000797668472 0.000271666417
vn -0.000558633648 0.000607639086 0.000564515067
vn -0.000524861913 0.000678675307 0.000513706123
vn -0.000292883487 0.000713243324 0.000636770914
vn -0.000298343803 0.000683015271 0.00066667475
vn -5.74335172e-05 0.000713255082 0.000698528951
vn -5.2331241e-05 0.000683003222 0.000728520623
vn -0.000470196683 -0.000191321757 -0.000861559645
vn -0.000309260358 0.000755367684 -0.000577712548
vn -0.000223233597 0.000925257395 -0.000306658709
vn 1.74714717e-06 0.000902779459 -0.000430070155
vn -5.59347291e-06 0.00082002132 -0.000572283054
vn 1.92578573e-05 0.000585401605 -0.000810498721
vn -0.000204365715 0.000851722551 -0.000482470117
vn -0.000274693943 0.000693845795 -0.000665654195
vn -0.000330444193 0.000552401296 -0.000765267003
vn -6.03256121e-05 0.000977650168 -0.000201333009
vn -0.000239961752 0.000548694341 -0.000800828973
vn -0.000240851426 0.000536695472 -0.000808654702
vn -0.000109334193 0.000752844033 -0.000649034744
vn -7.04440317e-05 0.000923868269 -0.000376137061
vn -0.000153267581 0.000553839549 -0.000818379456
vn -0.00015342109 0.000535583822 -0.00083041325
vn -2.61754794e-05 0.000960744394 -0.000276150531
vn -6.6207067e-05 0.000495551387 -0.000866036746
vn -6.95697963e-05 0.00054131198 -0.000837923319
vn -0.000808274664 0.000588521885 1.75554196e-05
vn -0.000572685676 0.000819750887 -3.73742864e-06
vn -0.000180815958 0.000983380945 1.55469043e-05
vn -0.000379783654 0.000891792064 -0.000245856936
vn -0.000713784364 0.000594591431 -0.000370063586
vn -0.000499574817 0.000865039416 -4.58874601e-05
vn -0.000446697901 0.000893805234 -3.93385635e-05
vn -0.000830320118 0.0005539009 -6.11261348e-05
vn -0.000888752518 0.000452152133 -7.51752232e-05
vn -0.000215664521 0.000975638395 -3.99080345e-05
vn -0.000825289462 0.000543642556 -0.000152722467
vn -0.000824829971 0.000544389768 -0.000152543376
vn -0.000371980394 0.000921396597 -0.000112395865
vn -0.000632566167 0.000754180306 -0.000176199726
vn -0.000804455078 0.000539095781 -0.00024940283
vn -0.000679874793 0.000671245507 -0.000295252161
vn -0.000618093647 0.00074282405 -0.000257190288
vn -0.000799308706 0.000585564412 -0.000134885107
vn -0.000759354909 0.000617002137 -0.00020654939
vn -0.000713187212 0.000469311286 -0.000520658272
vn -0.000584264693 0.000599952007 -0.00054650387
vn -0.000464493292 0.000540368317 -0.000701585494
vn -0.000373473886 0.000549473742 -0.000747375365
vn -0.000711768225 0.000669411616 -0.000212716346
vn -0.000660159101 0.000674328476 -0.000330825133
vn -0.000628222246 0.000716633687 -0.000302897912
vn -0.000302552304 0.000666225387 -0.000681600999
vn -0.000198928741 0.000686641317 -0.000699231809
vn -0.000199533941 0.000691647059 -0.00069410709
vn -0.00011514315 0.000649223453 -0.000751814572
vn -0.000476931658 0.000733976776 -0.000483516778
vn -0.000411394518 0.000752447871 -0.000514345127
vn -0.00013244561 0.000986875501 -9.22441977e-05
vn -0.000148971332 0.000959546538 -0.000238856097
vn -0.000633674965 0.000713238027 0.000299535488
vn -0.000657057448 0.000683034246 0.000318926031
vn -0.000493013125 0.000713241287 0.000498195644
vn -0.000508356665 0.000683027436 0.000524424715
vn -0.000292881974 0.000713237445 0.000636778306
vn -0.0002983413 0.000683029008 0.00066666177
vn -5.74344158e-05 0.000713231915 0.000698552642
vn -6.17881888e-05 0.000738546369 0.000671346032
vn 0.000162908502 0.000718039228 0.000676649564
vn 0.000264212926 0.000489995291 0.000830704696
vn 0.000271668949 0.000797661894 0.00053842878
vn 0.000564526301 0.000607618422 0.000558644766
vn 0.000513698265 0.000678684621 0.000524857373
vn 0.000636785175 0.000713229354 0.00029288666
vn 0.000666658394 0.000683031045 0.000298344385
vn 0.00069853192 0.000713252462 5.74294936e-05
vn 0.000728521671 0.000683001941 5.23330054e-05
vn 0.000676043157 0.000713257643 -0.000184941557
vn 0.0007915647 0.000555729552 -0.000254094688
vn 0.000493009284 0.000806164055 -0.000327132555
vn 0.000612652919 0.000444644102 -0.000653392752
vn 0.000524854811 0.000678679033 -0.000513708394
vn 0.000292889483 0.000713239773 -0.000636772369
vn 0.000298340223 0.000683017366 -0.000666674168
vn 5.74342957e-05 0.000713244663 -0.00069853937
vn 5.23344643e-05 0.000683009159 -0.000728514686
vn -0.000184942925 0.000713262765 -0.000676037278
vn -0.000254011276 0.000555930834 -0.000791450148
vn -0.000327212532 0.000806049851 -0.00049314287
vn -0.000653211493 0.00044517708 -0.000612459145
vn -0.000513703213 0.000678683107 -0.000524854637
vn -0.000628314447 0.00071229547 -0.000312778342
vn -0.000802544877 0.000498594192 -0.000327566406
vn -0.000587136194 0.000797623361 -0.000137993746
vn -0.000790772319 0.000607677503 7.33581765e-05
vn -0.000732256623 0.000678691082 5.61510387e-05
vn -0.000519033987 0.000854733982 2.77284357e-06
vn -0.000572464545 0.000819894543 5.607802e-06
vn -0.000810637255 0.00058521569 -1.90743049e-05
vn -0.000770304003 0.000486488105 0.000412232068
vn -0.000725698192 0.00056365761 0.000394495175
vn -0.00055893528 0.000779361231 0.000283127767
vn -0.000177469148 0.000977142365 0.000116925796
vn -0.000405314175 0.000898559403 0.000168182902
vn -0.000602919434 0.000752671272 0.000264476839
vn -0.000777954469 0.000542651163 0.000316687219
vn -0.000937469886 -0.000251736026 0.000240319001
vn -0.000657392433 0.000730526168 0.000184772289
vn -0.000797597342 0.000550513912 0.000246468524
vn -0.000259289285 0.000964564562 4.85615128e-05
vn -0.000818379631 0.000553839607 0.000153266054
vn -0.000832892314 0.00053171441 0.000153441564
vn -0.000214578307 0.000976450392 2.17908455e-05
vn -0.000866041053 0.000495544227 6.62032326e-05
vn -0.000837917265 0.000541321293 6.95702984e-05
vn 1.96421843e-05 0.000565640919 0.000824401912
vn -3.61550337e-06 0.00082140835 0.00057030638
vn 1.55409271e-05 0.000983376289 0.000180841918
vn -0.000261166948 0.000829120807 0.000494291948
vn -0.000592963304 0.000541698013 0.000595761521
vn -3.82617181e-05 0.000896339014 0.000441685843
vn -3.99690034e-05 0.000755251618 0.000654195494
vn -8.20741116e-05 0.000444539764 0.000891976641
vn -8.13770166e-05 0.000895424746 0.000437682815
vn -0.00013301945 0.000742224511 0.000656797143
vn -0.000144531848 0.000539455155 0.000829501543
vn -6.01598404e-05 0.000977449585 0.000202354247
vn -0.000237516055 0.000552509679 0.000798932626
vn -0.000241291302 0.000539697998 0.000806522556
vn -0.000185013356 0.000883077853 0.000431181717
vn -0.000281019311 0.000675117946 0.00068206893
vn -0.000331812626 0.000542687078 0.000771599181
vn -0.000132424015 0.000581469154 0.000802702853
vn -0.000205870878 0.000613704382 0.000762206153
vn -0.00061269186 0.000538540888 0.000578408653
vn -0.000670025707 0.000544376904 0.000504671538
vn -0.000212514002 0.000670886307 0.000710438879
vn -0.000333084579 0.000676639262 0.000656649121
vn -0.000303964334 0.000715004979 0.000629561371
vn -0.00043474877 0.000634956756 0.000638590136
vn -0.000706462946 0.000630133203 0.000322205393
vn -0.000665307685 0.000718513562 0.000202677154
vn -0.000693156966 0.000692558009 0.000199677495
vn -0.000750357285 0.000650726433 0.000116159907
vn -0.000428577885 0.000760887517 0.000487181096
vn -0.000552981975 0.000756731431 0.000348629634
vn -0.000131734254 0.000985003309 0.000111304551
vn -0 -0.000999987009 4.37107989e-11
vn 0.000999976532 8.67940855e-07 4.50733523e-06
vn 0.00099998631 5.35251104e-07 1.15271018e-06
vn 0.000993651105 -2.36598021e-06 -0.000112365466
vn 0.00099919003 1.50952565e-06 -3.98909906e-05
vn 0.000952043745 -3.38426139e-06 -0.000305900932
vn 0.000965833198 2.74164699e-06 -0.00025910046
vn 0.000983079546 -1.0681091e-06 -0.000183105352
vn 0.000996428542 1.56303922e-05 -8.28253251e-05
vn 0.000988345128 -9.01390013e-06 -0.000151877553
vn 0.000883226574 1.26085752e-05 -0.000468749291
vn 0.000924294407 5.09545816e-06 -0.000381612423
vn 0.000959676225 9.0601925e-06 -0.000280915468
vn 0.00092354638 3.46368302e-06 -0.000383437407
vn 3.49665925e-06 0.000999971875 -4.23597203e-06
vn 6.6276634e-08 0.000999986194 -1.24749261e-06
vn 6.39293012e-06 0.000999948941 -5.95244546e-06
vn 4.511109e-05 0.000993869733 -0.000100807345
vn 2.35846483e-06 0.000999983517 -1.25166514e-06
vn -3.67590559e-07 0.000999986543 -1.01605031e-06
vn 7.34486412e-06 0.000999940559 -6.25916664e-06
vn 1.51119616e-06 0.000999985728 -6.84663291e-07
vn -3.20525578e-06 0.000999971409 4.58063369e-06
vn 9.62943545e-07 0.000999986543 2.93494917e-08
vn 2.65976109e-06 0.000999974902 -4.14859278e-06
vn -6.17980049e-07 0.000999986776 -2.15948717e-07
vn 2.59181297e-06 0.000999973388 -4.53101075e-06
vn 1.14920922e-05 0.000999591546 -2.56621333e-05
vn 1.16917045e-05 0.000999845914 -1.20647001e-05
vn 2.89585896e-05 0.000999436481 -1.6191023e-05
vn 3.5778412e-05 0.000999300159 -9.66166408e-06
vn 2.28253502e-05 0.000999665237 -1.10713472e-05
vn 3.01274285e-05 0.000999532058 -1.42393003e-06
vn 2.51722631e-05 0.000999668031 -2.08964366e-06
vn -2.26345742e-06 0.000999979908 -3.03238971e-06
vn -3.17915101e-06 0.00099998177 -5.21712934e-07
vn 1.01014057e-05 0.000999057898 -4.18979835e-05
vn 6.69397832e-06 0.000999215408 -3.87003565e-05
vn 4.87618927e-05 0.000996246934 -7.13324116e-05
vn 7.75270166e-07 0.000999986543 6.86631097e-07
vn 9.66407583e-07 0.000999986543 5.42511884e-07
vn 1.23570671e-05 0.000999882934 -7.4532727e-06
vn 7.94307994e-07 0.000999986078 1.12706437e-06
vn 0.000378766097 -5.06469951e-06 -0.00092546473
vn 0.000474010652 2.51344954e-05 -0.000880145584
vn 0.00024870265 3.15675675e-06 -0.000968561391
vn 0.000368171313 -1.38964447e-06 -0.000929742935
vn 0.000320970023 1.21885682e-06 -0.000947074906
vn 0.000290266791 -3.65459323e-06 -0.000956925272
vn 0.000187788843 -2.2690424e-06 -0.000982193626
vn 8.26518153e-05 9.95719984e-06 -0.000996515737
vn -1.70857195e-08 9.25435188e-07 -0.00099998666
vn -1.57852119e-05 3.49572292e-06 -0.000999856391
vn 0.000120658311 -2.04981984e-06 -0.000992678921
vn 5.77663777e-05 6.3047014e-07 -0.000998316915
vn 9.99874246e-05 1.41816997e-06 -0.000994974631
vn 0.000185510362 8.93483829e-08 -0.000982629252
vn 0.000282294408 1.27685144e-06 -0.000959313416
vn 0.00043393526 1.13177794e-06 -0.000900929037
vn 0.000332903874 1.72478536e-07 -0.000942946936
vn 0.000574611535 1.17559091e-06 -0.00081840955
vn 0.00049597508 -4.73211799e-07 -0.000868321687
vn 0.000716873736 9.38010373e-07 -0.000697183772
vn 0.000680488942 -6.63896344e-07 -0.000732740387
vn 0.000903332548 -6.07007848e-07 -0.000428910425
vn 0.000915900804 7.79506308e-07 -0.00040137177
vn 0.00081110507 -3.10109527e-07 -0.000584878144
vn 0.000831681828 9.84075996e-07 -0.000555228384
vn 0.000995301525 1.05230208e-06 -9.66844746e-05
vn 0.000997150782 1.78727748e-06 -7.52409105e-05
vn 0.000960735604 -1.73315854e-07 -0.00027741844
vn 0.00097440707 2.21582354e-06 -0.000224721909
vn 0.000394151051 1.65351059e-06 0.000919030164
vn 5.11251783e-05 1.11755617e-06 0.000998678617
vn -1.62799211e-06 -3.1832613e-07 0.000999985612
vn -1.45093954e-05 9.27746669e-07 0.000999881304
vn 0.000104571569 -1.3155925e-06 0.000994503614
vn 0.000281033892 8.29123837e-06 0.000959648518
vn 0.000307539623 -5.18913021e-06 0.000951507536
vn 0.000247094111 2.2350082e-06 0.000968975539
vn 0.000183302531 -6.63107357e-07 0.000983043108
vn 8.38615961e-05 1.62838114e-05 0.000996331451
vn 0.000159520641 -1.08079266e-05 0.000987122301
vn 0.00047105347 -1.39773601e-05 0.000881979184
vn 0.000384318904 9.97000825e-05 0.000917787082
vn 0.000413862814 -1.60577129e-05 0.000910183473
vn -3.00391548e-06 0.000999981537 -1.44001206e-06
vn 1.50226128e-06 0.000999827171 1.7815606e-05
vn 9.16197394e-07 0.000999734853 2.24336563e-05
vn 1.38400105e-06 0.000999986078 7.51460618e-08
vn 6.25840767e-06 0.000999940559 7.34243486e-06
vn 6.85807606e-07 0.000999985612 1.5111525e-06
vn 3.93367045e-05 0.000999188982 6.93252832e-06
vn 2.48955839e-05 0.000999385957 2.41253256e-05
vn 3.0075109e-05 0.000999126234 2.85744554e-05
vn -6.88648811e-07 0.000999986543 7.74858393e-07
vn -5.29317788e-07 0.000999986427 9.82803726e-07
vn 5.95311667e-06 0.000999948941 6.39229029e-06
vn 7.02976592e-08 0.000999987009 -3.85456701e-07
vn 4.72615175e-05 0.000998751028 1.53938927e-05
vn 3.58733669e-05 0.000999214593 1.60476266e-05
vn 3.73407493e-05 0.000999154174 1.64522189e-05
vn 2.24657833e-05 0.000998662785 4.62840799e-05
vn 4.91070796e-06 0.000999874901 1.41490709e-05
vn 7.85275461e-06 0.000999873155 1.28925067e-05
vn -1.12722819e-06 0.000999986078 7.94601249e-07
vn 3.72208387e-06 0.000999974785 3.27727344e-06
vn 0.000100804107 0.000993871596 4.50772459e-05
vn 4.00406998e-06 0.000999956508 6.70991994e-06
vn 1.31152274e-06 0.000999985961 -6.45079695e-07
vn 1.25174063e-06 0.000999986078 -4.4464133e-07
vn -1.84038902e-06 0.000999981188 -2.89601553e-06
vn 1.91545932e-05 0.000999735901 1.1634319e-05
vn -3.00470973e-08 0.000999986543 9.6331587e-07
vn 1.43114892e-06 0.000999984914 1.55609348e-06
vn -8.65154774e-08 0.000999987009 2.97809436e-07
vn 0.00088127004 2.39684596e-05 0.000471977488
vn 0.000968801382 3.01835075e-06 0.000247767661
vn 0.000923187588 1.55323357e-06 0.000384312822
vn 0.00093637727 -1.13973765e-05 0.000350773043
vn 0.000950751943 -6.89871649e-06 0.000309834082
vn 0.000959718891 8.4735957e-06 0.00028078843
vn 0.000982965576 -2.58852833e-06 0.000183701195
vn 0.000996189425 8.70228814e-06 8.66312112e-05
vn 0.00099997595 8.51989171e-07 4.63125161e-06
vn 0.000999858836 4.33612104e-06 -1.5415786e-05
vn 0.000992547488 -2.38867869e-06 0.000121728001
vn 0.000992938876 1.39133817e-06 0.000118509641
vn 0.000994923757 9.31759246e-07 0.000100498371
vn 0.000973017013 -9.65676605e-08 0.000230677382
vn 0.000959172088 1.08957022e-06 0.00028277532
vn 0.00092226651 1.65873234e-06 0.000386517699
vn 0.000900335261 -6.25786868e-07 0.000435166759
vn 0.000786227407 1.18608462e-07 0.000617916405
vn 0.000814568368 1.0288469e-06 0.000580044172
vn 0.000867315102 -1.51212262e-07 0.000497733534
vn 0.000671310525 1.33366802e-06 0.000741157448
vn 0.000709267973 -9.24312189e-07 0.000704920036
vn 0.000517472974 1.81519056e-07 0.000855684339
vn 0.000569240015 1.33587753e-06 0.000822154572
vn 0.000171294101 3.80229267e-06 0.000985199469
vn 0.000437260227 -2.51082412e-07 0.000899320585
vn 0.000407318381 1.29582713e-06 0.000913271157
vn 0.000100211822 4.88997102e-07 0.000994953094
vn 0.000113878144 -5.60532456e-08 0.000993481837
vn 0.000275787548 6.46955584e-07 0.000961204991
vn -0.000112367365 -2.36393271e-06 -0.000993650872
vn 1.64098583e-06 3.72597287e-06 -0.000999978743
vn -1.35819591e-05 7.38206666e-07 -0.000999894575
vn -0.000183238139 -6.22480911e-07 -0.000983055099
vn -8.28507764e-05 1.54787158e-05 -0.000996428775
vn -0.00015467871 -9.48701108e-06 -0.000987906125
vn -0.000473333348 1.30546923e-05 -0.000880772015
vn -0.000379316974 4.9188875e-06 -0.000925239758
vn -0.000385848689 -9.72762678e-07 -0.000922547595
vn -0.000284848706 5.45561898e-06 -0.000958543445
vn -0.0003186127 -1.19386968e-05 -0.000947796216
vn -0.000265045092 3.77610081e-06 -0.000964215316
vn -5.95311667e-06 0.000999948941 -6.3923776e-06
vn -6.8580556e-07 0.000999985612 -1.51123993e-06
vn -6.25846769e-06 0.000999940559 -7.34258265e-06
vn -1.25174063e-06 0.000999986078 4.45234889e-07
vn -1.35926507e-06 0.000999985845 8.07298193e-07
vn -4.48882884e-06 0.000999948359 -7.57622956e-06
vn -1.38400105e-06 0.000999986078 -7.48546825e-08
vn -3.72208387e-06 0.000999974785 -3.27736097e-06
vn -0.000100804107 0.000993871596 -4.50773332e-05
vn 1.84038902e-06 0.000999981188 2.89592799e-06
vn -9.43433952e-06 0.000999930664 -4.90829962e-06
vn 3.00470973e-08 0.000999986543 -9.63403295e-07
vn -3.99495002e-06 0.000999975717 -2.59871081e-06
vn -2.72774258e-07 0.000999986893 5.05404842e-07
vn -7.02985545e-08 0.000999987009 3.8536831e-07
vn 2.84352154e-06 0.00099998212 1.38467237e-06
vn -1.30926799e-06 0.000999516458 -3.06436341e-05
vn -2.07183825e-06 0.000999673735 -2.49474178e-05
vn -3.89053494e-05 0.000999207143 -6.75535421e-06
vn -2.566072e-05 0.000999591663 -1.14914155e-05
vn -4.20362885e-05 0.000999052078 -1.00889893e-05
vn -7.13611589e-05 0.000996244955 -4.87612888e-05
vn -9.68307722e-06 0.000999305747 -3.56155579e-05
vn -1.10715437e-05 0.000999665353 -2.28194931e-05
vn 1.80450604e-06 0.000999983749 -1.86600312e-06
vn 9.96323365e-07 0.000999984331 -2.07622497e-06
vn -1.20608975e-05 0.000999845914 -1.1697588e-05
vn -1.61861481e-05 0.000999437063 -2.8939201e-05
vn -9.57651167e-08 0.000999986893 -4.94224196e-07
vn -3.71848415e-07 0.00099998666 -8.1863999e-07
vn -0.000880666543 2.43011236e-05 -0.000473085558
vn -0.000968048873 2.55371697e-06 -0.000250696845
vn -0.000923187588 1.55319992e-06 -0.000384312822
vn -0.00093637727 -1.13974074e-05 -0.000350773014
vn -0.000950751943 -6.89874378e-06 -0.000309834082
vn -0.000959718891 8.47357205e-06 -0.00028078843
vn -0.000993793248 -1.15286298e-06 -0.000111119632
vn -0.000985018909 -1.48895233e-05 -0.000171726249
vn -0.000982878031 -1.01696889e-06 -0.000184184682
vn -0.000996116316 1.47595147e-05 -8.66502305e-05
vn -0.000999962678 7.84492499e-07 -6.94567007e-06
vn -0.000999981537 2.3899961e-06 2.25811959e-06
vn -0.000965758867 1.37838776e-06 -0.000259387627
vn -0.000959431753 7.31770172e-07 -0.000281894318
vn -0.000995067414 -3.49941757e-07 -9.90694025e-05
vn -0.000988410087 1.69721341e-06 -0.000151712011
vn -0.000912069576 9.62595436e-07 -0.000410003006
vn -0.000900027226 -1.90060575e-07 -0.000435804046
vn -0.000818622939 -1.81907751e-07 -0.000574308739
vn -0.000839412853 1.21970936e-06 -0.000543469039
vn -0.000737252645 -2.66575029e-07 -0.000675598043
vn -0.000599259161 1.16097496e-07 -0.000800538925
vn -0.000697346986 1.09352038e-06 -0.000716714712
vn -0.00058390561 6.67193831e-07 -0.00081180525
vn -0.000309181225 3.42420947e-07 -0.000950989546
vn -0.000429494801 2.09161797e-07 -0.000903054955
vn -0.00042466406 3.87581395e-07 -0.000905336579
vn -0.000119617762 4.40937868e-07 -0.000992806978
vn -0.000276423001 1.302481e-06 -0.000961021695
vn -9.86937303e-05 1.10066026e-06 -0.000995104434
vn -0.000993614667 -2.41770658e-06 0.000112685964
vn -0.000999979675 3.53623705e-06 -1.51945358e-06
vn -0.000999905402 7.45110867e-07 1.27534604e-05
vn -0.000952043745 -3.38423456e-06 0.000305900932
vn -0.000965833198 2.74166973e-06 0.00025910046
vn -0.000983079546 -1.06809318e-06 0.000183105352
vn -0.000996426679 1.56264596e-05 8.28483899e-05
vn -0.000988345128 -9.01400563e-06 0.000151878048
vn -0.000881780288 8.20586502e-06 0.000471561681
vn -0.000922383915 9.47570584e-07 0.000386239873
vn -0.000959676225 9.06021796e-06 0.000280915468
vn -0.00092354638 3.46371667e-06 0.000383437407
vn -6.76156969e-06 0.000999207725 3.88883273e-05
vn -9.34485979e-06 0.000999090029 4.13021626e-05
vn -7.34498281e-06 0.000999940559 6.25556322e-06
vn -1.51119616e-06 0.000999985728 6.84578879e-07
vn -7.60949561e-08 0.000999986078 1.38365942e-06
vn -1.08191007e-05 0.00099963625 2.4173436e-05
vn -1.16157707e-05 0.000999603071 2.51580932e-05
vn -1.97713653e-05 0.000999583746 2.03786985e-05
vn -8.7214743e-05 0.000993491267 7.30941174e-05
vn -6.39293012e-06 0.000999948941 5.9523577e-06
vn 2.85240276e-06 0.000999979675 2.59182889e-06
vn -2.54049382e-06 0.000999977463 3.60587137e-06
vn 3.01214163e-06 0.000999979908 2.29959119e-06
vn -3.27600628e-06 0.000999974785 3.72275485e-06
vn -4.51113301e-05 0.000993874739 0.000100758458
vn -2.50491053e-06 0.000999977579 3.56146688e-06
vn -4.24933132e-05 0.000998978503 1.4501351e-05
vn -2.85291444e-05 0.000999483978 1.38542855e-05
vn -3.00252686e-05 0.000999535085 1.41692874e-06
vn -2.51005531e-05 0.000999669894 2.07775452e-06
vn 9.17133491e-07 0.000999985845 1.31821389e-06
vn 8.06897958e-07 0.000999985845 1.35910238e-06
vn 4.43368663e-07 0.000999986194 1.25306792e-06
vn -9.62943545e-07 0.000999986543 -2.94369134e-08
vn -1.48663923e-06 0.000999985146 1.26069745e-06
vn -3.53191439e-07 0.000999987009 -1.1173114e-07
vn -7.75270166e-07 0.000999986543 -6.86718522e-07
vn -9.66407583e-07 0.000999986543 -5.42599309e-07
vn -2.69000557e-05 0.0009994586 1.82486383e-05
vn -7.94307994e-07 0.000999986078 -1.12715179e-06
vn -0.00046787801 1.45996992e-05 0.000883657776
vn -0.000382213941 1.44996352e-06 0.000924058608
vn -0.000254248473 4.73830085e-07 0.00096712535
vn -0.00039443039 -7.32151966e-06 0.000918882608
vn -0.000317071856 -1.12747421e-05 0.000948320841
vn -0.000284206501 1.21151243e-05 0.000958673074
vn -0.000115172981 -3.40542329e-06 0.000993326539
vn -0.000162834855 -1.32913146e-05 0.000986550702
vn -0.000188610124 -1.37352822e-06 0.000982038095
vn -7.9470221e-05 2.01584207e-05 0.000996620394
vn 1.26234108e-05 8.02603267e-07 0.000999907148
vn -4.04588391e-05 -4.6156797e-06 0.000999157666
vn 1.25093356e-06 4.23877236e-06 0.000999977347
vn -8.37271364e-05 3.87985732e-09 0.00099647569
vn -9.4163348e-05 -5.23127653e-07 0.000995543553
vn -0.000284129608 5.70454404e-07 0.00095877226
vn -0.000284052396 5.67903498e-07 0.000958795077
vn -0.000397585653 1.48924289e-06 0.000917549769
vn -0.000435167865 2.7334e-08 0.00090033497
vn -0.000618046033 1.79909023e-07 0.000786125485
vn -0.000580878055 1.04107608e-06 0.000813974009
vn -0.000497933244 -1.48352157e-07 0.000867200491
vn -0.000739864772 -2.94659742e-07 0.000672736322
vn -0.00069992966 1.03731679e-06 0.000714192865
vn -0.000855632708 1.80628277e-07 0.000517558597
vn -0.000822561677 1.3413495e-06 0.000568651594
vn -0.000961202488 6.46850651e-07 0.00027579561
vn -0.000985200051 3.80195911e-06 0.000171291802
vn -0.000899319479 -2.51104638e-07 0.000437262614
vn -0.000913271913 1.29592502e-06 0.000407316809
vn -0.000994941103 4.55718435e-07 0.000100331323
vn -0.000993527239 -5.75721906e-08 0.000113480644
vn 0.000588585041 3.02624289e-06 0.000808413723
vn 0.000219943729 2.77523213e-06 -0.000975495379
vn 2.69656653e-07 3.35905065e-06 -0.000999981421
vn 0.000995095819 5.06769493e-06 -9.86551531e-05
vn -0.000111054323 3.36080666e-06 0.000993795577
vn 0.000979429577 3.35236837e-06 0.000201694551
vn -0.000180181247 4.26261386e-06 0.000983611098
vn 0.000923525891 0.000129370004 -0.000361022918
vn 0.000841199944 0.000190516701 -0.000506023935
vn 0.000759374758 0.000243871793 -0.000603200227
vn 0.000841172179 0.000217614361 -0.00049502257
vn 0.000708640262 0.000198502792 -0.000677052245
vn 0.000760242285 0.000150498818 -0.000631946023
vn 0.000971798901 0.000105088424 -0.000211038772
vn 0.000751449028 0.000184979566 -0.000633309479
vn 0.000931400631 0.000157120347 -0.000328298862
vn 0.000925596862 0.000152632798 -0.000346334797
vn 0.000946877466 3.80308848e-05 -0.000319297484
vn 0.000886010705 0.000100275778 -0.000452663022
vn 0.000968657667 -4.15540417e-05 -0.000244846247
vn 0.000969752204 -0.0001081519 -0.000218764355
vn 0.000611180381 0.000582243432 -0.000536120613
vn 0.000652474409 0.000624699111 -0.000428954867
vn 0.000470537983 0.00060734828 -0.000640075188
vn 0.0003785523 0.000876146485 -0.000298394996
vn 0.000630280701 0.000661075814 -0.000407061452
vn 0.000404161139 0.000873142271 -0.000272489851
vn 0.000292735349 0.000936095137 -0.000194951703
vn 0.000220972317 0.000917050929 -0.000331908406
vn 0.000264978444 0.00087961508 -0.000395016192
vn 0.000379760982 0.000713855377 -0.00058835902
vn 0.000451916654 0.000650744245 -0.000610145333
vn 0.00027706736 0.000906376168 -0.000318888866
vn 0.000264267466 0.000915763609 -0.000302512577
vn 0.000518865883 0.000680327474 -0.000517597247
vn 0.000298219325 0.000919494138 -0.000256066211
vn 0.000315452926 0.000908993767 -0.000272385805
vn 0.000696403673 0.000392581162 -0.000600729662
vn 0.000589088711 0.000679595338 -0.000437148468
vn 0.000354092859 0.000598231563 -0.000718826253
vn 0.000666832493 0.000532378617 -0.000521422771
vn 0.000361163169 0.0008017933 -0.000476091169
vn 0.000201734962 9.73677597e-05 -0.000974575058
vn 0.000183438184 8.90441952e-05 -0.000978976837
vn 0.000517984095 9.60122561e-05 -0.000849969569
vn 0.000129070802 -0.000225828815 -0.00096556521
vn 0.000538942462 0.000158416311 -0.000827296404
vn 0.000343266962 5.93942605e-05 -0.000937344099
vn -0.000876640843 -0.000459589035 -0.000142312143
vn 0.000489213038 0.000213015999 -0.000845735776
vn 0.000389503926 0.000150590888 -0.000908616115
vn 0.000541464251 0.00021076863 -0.00081385934
vn 0.000601949461 0.000241795729 -0.000761029543
vn 0.000990607194 -0.000136176721 1.12884172e-05
vn 0.000908508955 0.000142913821 -0.000392633781
vn 0.000412850524 0.000172056622 -0.00089438539
vn 0.00045421932 0.000146118153 -0.000878810824
vn 0.000487916404 0.000231565427 0.000841599191
vn 0.000590338081 0.000111820686 0.000799356727
vn 0.000707764237 0.00031782288 0.000630898285
vn 0.000205145159 0.000107098553 0.000972840877
vn 0.00017434427 0.000667719985 0.000723690784
vn 0.00024342096 0.00088481023 0.000397279829
vn 0.000663769548 0.000544695766 0.00051253353
vn 0.000315735728 0.000817626773 0.000481426512
vn 0.000280640292 0.0008644216 0.00041712157
vn 0.000405896513 0.00087497331 0.000263901195
vn 0.000585209928 0.000714797934 0.000382841303
vn 0.000545256597 0.000756758091 0.000360536738
vn 0.000440530886 0.000834732084 0.000330347044
vn 0.000519727473 0.000763961056 0.000382388505
vn 0.000333290576 0.000895132194 0.000296023616
vn 0.000410444598 0.000840007386 0.000354819815
vn 0.000528001692 0.00066374772 0.000529742509
vn 0.000270257122 0.000909872993 0.000314748118
vn 0.000290000346 0.000896278478 0.000335498014
vn 0.000436161528 0.0006795628 0.000589857227
vn 0.000534937251 0.00075492257 -0.000379352161
vn 0.000546772324 0.000660482969 0.000514564163
vn 0.000960191886 0.000123889607 0.000250313722
vn 0.000335751363 -0.000403358572 -0.000851203222
vn 0.00083627092 0.000113951639 0.00053632108
vn 0.000965864805 -0.000217202978 0.000141074663
vn 0.000895101577 8.03232106e-05 0.000438537711
vn 0.000700849108 0.000234846288 0.000673522009
vn 0.000818378234 0.000186084813 0.000543694361
vn 0.000840444991 0.000231238111 0.000490056525
vn 0.000190382358 -0.000458979368 -0.000867794093
vn 0.000895827718 0.000178840084 0.000406795909
vn 0.000867842115 0.000188780468 0.000459550152
vn 0.00078657706 0.000241723887 0.000568190124
vn 0.000869932992 0.000166674363 0.000464123499
vn 0.000823195907 0.000181895564 0.000537807122
vn 0.000311424315 -0.000624424545 -0.000716298062
vn 0.000796098728 0.000231323822 0.000559187087
vn -0.000332753436 -0.000436778646 -0.000835747225
vn 0.000434004149 0.000171683801 0.000884386303
vn 0.000287438481 5.65847949e-05 0.000956112519
vn -0.000239277913 0.000122939964 -0.000963123166
vn -0.00036101669 0.00012936788 -0.000923528569
vn -0.000466680824 0.000173833789 -0.000867159164
vn -0.000457942951 0.000192856358 -0.000867795374
vn -0.000574446982 9.8976474e-05 -0.000812519866
vn -0.000632214476 0.000154911657 -0.000759131857
vn 0.000663029146 -0.000325662113 -0.000674025738
vn -0.00063344161 0.000189295213 -0.000750261999
vn -0.000710549299 0.000266023824 -0.000651402457
vn -0.000380042562 7.10864479e-05 -0.000922219304
vn -0.000500774942 0.000120269098 -0.000857166189
vn -0.000541413145 0.000570180302 -0.000617851503
vn -0.000640496844 0.000607024413 -0.000470381929
vn -0.000299147912 0.000875568949 -0.000379293808
vn -0.000406534207 0.000661936821 -0.000629717251
vn -0.000271846511 0.00087382429 -0.000403119018
vn -0.000192317384 0.000937863078 -0.000288792537
vn -0.00033309852 0.000918525562 -0.000212909159
vn -0.000536933949 0.000767240534 -0.000350739108
vn -0.000589625677 0.000707182044 -0.000390140049
vn -0.000417107804 0.000853375415 -0.000312643038
vn -0.000509793579 0.000774514861 -0.000374447991
vn -0.000738529488 0.000392417365 -0.000548230601
vn -0.000313924626 0.000907570298 -0.00027882203
vn -0.000402468984 0.000847109593 -0.000346984278
vn -0.000696599134 0.00039292415 -0.000600278552
vn -0.000527498836 0.000665861124 -0.000527587021
vn -0.000271469995 0.000909022579 -0.000316158432
vn -0.00026368926 0.000914060918 -0.000308114861
vn -0.000449381856 0.000659074751 -0.000603034452
vn -0.000714293274 0.000598064216 -0.000363426079
vn -0.000522013055 0.000532573787 -0.000666214386
vn -0.000476003624 0.000801689399 -0.000361508894
vn -0.00096383231 0.000119233839 -0.000238294786
vn -0.000771727064 -0.000273389305 0.000574168633
vn -0.000933569157 0.000136223724 -0.00033146012
vn -0.000934058568 0.000119376731 -0.00033653804
vn -0.000836266147 0.000113950897 -0.000536328356
vn -0.000965290412 -0.000230904203 -0.000121949692
vn -0.000894564262 8.09915e-05 -0.000439510186
vn -0.000700989563 0.000234749619 -0.000673409551
vn -0.000828160206 0.000174547211 -0.000532595499
vn -0.000798996363 0.000256509258 -0.00054385839
vn -0.000822065515 0.000215089967 -0.000527180033
vn -0.000858958228 0.000168298997 -0.000483570562
vn -0.00077837368 0.000215887267 -0.00058949244
vn 0.000595199119 -0.000383539882 0.000706122781
vn -0.000959929428 1.33365247e-05 -0.00027987815
vn -0.000861169421 0.000185449171 -0.000473254971
vn -0.000436415517 0.000154391848 -0.000886385387
vn 0.000765193428 -0.00045714213 0.000453292771
vn -0.000927013054 0.000126085477 0.000353161711
vn -0.000841199944 0.000190516759 0.000506023935
vn -0.000759374758 0.000243871851 0.000603200227
vn -0.000881623884 0.000180754854 0.000435937138
vn -0.000759303919 0.000154504611 0.000632107724
vn -0.000969771936 0.000112623347 0.000216408589
vn -0.000745218655 -0.000293357618 -0.00059880258
vn -0.000751437503 0.000184978126 0.000633323507
vn -0.000946877466 3.80309139e-05 0.000319297484
vn -0.000886010705 0.000100275822 0.000452663022
vn -0.000968657667 -4.15540198e-05 0.000244846247
vn -0.000969752204 -0.000108151886 0.000218764369
vn -0.000599236169 0.000573225843 0.000558840111
vn -0.000685474079 0.000688639004 -0.000236380642
vn -0.000492544728 0.000616496196 0.00061425264
vn -0.000503848423 0.000798921799 0.000328381866
vn -0.0004241516 0.000859632972 0.000284782378
vn -0.000363581901 0.000748744293 0.000554224069
vn -0.000347819005 0.00077125238 0.000533072045
vn -0.000321231782 0.000844503229 0.000428484083
vn -0.000399008044 0.000735346228 0.000547752192
vn -0.000301512977 0.000890966679 0.000339473539
vn -0.000363791623 0.000829943747 0.000422874786
vn -0.000520571542 0.000674100767 0.000523991825
vn -0.000318453094 0.000907628739 0.000273444399
vn -0.000353910931 0.000883281813 0.000307464506
vn -0.000582619745 0.000687195221 0.000433925336
vn -0.000648262154 0.000492029125 0.000581066008
vn -0.000417056232 0.000787419849 0.000453881308
vn 0.000246266078 0.000922558713 0.000297006016
vn -3.54493168e-05 2.44040657e-05 0.000999060576
vn -0.000410006993 0.000152017266 0.000899310398
vn -0.000350346178 9.16174467e-05 0.000932114839
vn -0.000692592002 0.000210208498 0.000690002169
vn -0.000652267365 0.000215701541 0.000726632017
vn -0.000527203432 0.000133976806 0.000839095272
vn -0.000556645507 0.000194971595 0.000807530712
vn -0.00050236308 0.000240852998 0.000830418721
vn -0.000396930758 0.000169922539 0.000901968102
vn -0.000505683944 0.000210394312 0.000836655265
vn -0.000634089927 0.000243475064 0.000733910012
vn -0.000486617471 0.00019914216 0.000850599725
vn 0.00017514464 -9.95763185e-05 0.000979480916
vn 0.000629383314 -0.000615625584 0.000474189874
vn -0.000477637805 0.000144247868 0.000866619113
vn -0.000485056109 0.000198197667 0.000851711433
vn -0.000884500856 0.000171542488 0.000433826557
vn -0.000956115487 5.65817281e-05 0.000287429575
vn 0.000447733037 0.000294030207 0.000844426046
vn 0.000503896736 0.000289410673 0.000813820458
vn 0.000507659453 0.000310067291 0.000803812349
vn 0.00056112319 0.00029771516 0.000772321713
vn 0.000565445749 0.000310707284 0.000764006574
vn 0.000620874984 0.000297581253 0.000725212856
vn 0.000614485005 0.000308160612 0.000726236205
vn 0.000668904395 0.000297086168 0.000681381731
vn 0.000671771006 0.000310053903 0.000672729046
vn 0.000803083647 0.000294427504 0.000518018496
vn 0.000759618473 0.000306420756 0.000573637721
vn 0.000764927827 0.000296953163 0.00057155767
vn 0.000714428956 0.000309504714 0.000627512811
vn 0.000722289609 0.000295998383 0.000625025306
vn 0.000836914231 0.000289627147 0.000464397192
vn 0.000802927825 0.000292377343 0.000519419496
vn 0.000782108575 0.0002906835 -0.000551165722
vn 0.000741333235 0.000292319775 -0.000604109606
vn 0.000740384625 0.000294238445 -0.000604341389
vn 0.000695683819 0.000287819508 -0.000658147328
vn 0.000677625765 0.000322049687 -0.000661121332
vn 0.000643537205 0.000287475035 -0.000709360465
vn 0.000644119631 0.00029300098 -0.000706565275
vn 0.000589887204 0.000294531928 -0.000751836516
vn 0.000592646596 0.000289141113 -0.000751758984
vn 0.000533666112 0.000289164716 -0.000794706575
vn 0.000521333597 0.000312720629 -0.000793971878
vn 0.000478559319 0.000301160879 -0.000824777118
vn 0.000431466498 0.000277003855 -0.000858533429
vn -0.000624590146 0.000313867407 -0.000715086353
vn -0.000590753276 0.000288123119 -0.000753637811
vn -0.000590898446 0.000289164309 -0.000753124943
vn -0.000537454151 0.000289208838 -0.000792133564
vn -0.000470935745 0.000313309807 -0.00082463969
vn -0.000636851357 0.000300431158 -0.00071002508
vn -0.000699132448 0.000289729011 -0.000653639901
vn -0.00074131781 0.000292385172 -0.000604096625
vn -0.000741309952 0.000291941193 -0.000604321132
vn -0.00081793312 0.000305368216 -0.000487554818
vn -0.000781504437 0.000290024502 -0.000552368409
vn -0.000908934802 0.000288026553 -0.000301417196
vn -0.000886605994 0.000296169717 -0.00035522852
vn -0.000800563139 0.00029849034 0.000519592373
vn -0.000803749193 0.00029184224 0.000518449
vn -0.000837305503 0.000289979362 0.000463470933
vn -0.000763267744 0.000306731934 0.000568605377
vn -0.000762013427 0.000296936458 0.000575446174
vn -0.000719797972 0.000308229821 0.000621980289
vn -0.000717688061 0.000295847392 0.000630374649
vn -0.00066678127 0.000306656846 0.000679218909
vn -0.000673096743 0.000296020182 0.000677707139
vn -0.000614773075 0.000306775444 0.000726578815
vn -0.000620858802 0.000296735059 0.000725573336
vn -0.000565960829 0.000308824325 0.000764388649
vn -0.000561670633 0.000294717582 0.000773072941
vn -0.000508230121 0.000303831679 0.000805830292
vn -5.42085036e-05 6.10824736e-06 0.000998497941
vn -2.90452863e-05 7.2587296e-05 0.000996926217
vn 0.000103242179 4.91384235e-05 0.000993428635
vn 1.8766721e-05 3.84441737e-05 0.000999071519
vn 3.68406945e-05 7.73904176e-05 0.000996307004
vn -0.000584836933 4.26218821e-06 0.000811123638
vn 4.02223777e-05 0.000179905008 0.000982848112
vn 3.6301517e-05 0.000186568621 0.000981757767
vn 0.000107441323 0.000184603137 0.000976909534
vn 0.00011637561 0.00016875354 0.000978750875
vn 0.000184075529 0.000168901242 0.000968278269
vn 0.000182726348 0.00017069513 0.000968219189
vn 0.000250561658 0.00017450859 0.000952228787
vn 0.000254009414 0.000169986146 0.000952133385
vn 0.000318378647 0.000174926463 0.000931670482
vn 0.000321456202 0.000170714629 0.000931394985
vn 0.000390362722 0.000175525958 0.000903759734
vn 0.000393840077 0.000170629835 0.000903188658
vn 0.000449376152 0.000173330802 0.000876351376
vn 0.000457444752 0.000160222757 0.00087466964
vn 0.000519387191 0.000162969125 0.00083883974
vn 0.000518883753 0.000163821605 0.000838985317
vn 0.000579705345 0.000165173973 0.000797893154
vn 0.000581663859 0.000161711825 0.000797176675
vn 0.000637377845 0.000162092823 0.000753292232
vn 0.00063872739 0.00015962866 0.000752675172
vn 0.000691323366 0.000161628341 0.000704217528
vn 0.000690662477 0.000162836019 0.000704587786
vn 0.000740756106 0.000167116261 0.000650635629
vn 0.000744469988 0.000159781048 0.000648235087
vn 0.000787400932 0.000162492812 0.000594617391
vn 0.000788797042 0.000159663367 0.00059353275
vn 0.00082916487 0.00016249172 0.00053484214
vn 0.000830716162 0.000159150761 0.000533437647
vn 0.000868874777 0.000162917786 0.000467427541
vn 0.000863663678 0.000173599357 0.00047320468
vn 0.000897599151 0.000175486435 0.000404344348
vn 0.000899443519 0.000171415086 0.000401985482
vn 0.000922827399 0.000176649119 0.000342284737
vn 0.00092453009 0.000172512868 0.000339790364
vn 0.000947800989 0.000174551838 0.000266793912
vn 0.000947593944 0.000175123045 0.000267154712
vn 0.000963207567 0.000178586299 0.000200779177
vn 0.000965731801 0.00017040121 0.000195702945
vn 0.000977678457 0.000169102001 0.000124593062
vn 0.000976883573 0.000172130967 0.00012666313
vn 0.000983120059 0.000173950437 5.64820766e-05
vn 0.000983879087 0.000170424697 5.39575049e-05
vn 0.000984607381 0.000174133544 -1.41357341e-05
vn 0.000985771301 0.000166901533 -1.9314899e-05
vn 0.000980634708 0.000173218359 -9.12422256e-05
vn 0.00098046218 0.000174812827 -9.00472223e-05
vn 0.000970384805 0.000178926173 -0.0001622118
vn 0.000970813097 0.000171558466 -0.000167522347
vn 0.000957246055 0.000174401415 -0.000230734615
vn 0.000957265089 0.000170979853 -0.000233202591
vn 0.000935691234 0.000175092617 -0.000306265836
vn 0.000935473479 0.000171785956 -0.000308793213
vn 0.000911780284 0.000177377384 -0.000370362279
vn 0.000911196112 0.000171925058 -0.000374349213
vn 0.000881688728 0.000172969638 -0.000438953983
vn 0.000881413464 0.000171023567 -0.00044026738
vn 0.000846905517 0.000171926527 -0.000503156567
vn 0.000847112038 0.000172949818 -0.000502457668
vn 0.000810458383 0.000175711801 -0.000558799424
vn 0.000807394914 0.00015973259 -0.00056795514
vn 0.000764890225 0.000162495664 -0.000623307656
vn 0.000764034921 0.000159143892 -0.000625218323
vn 0.000716746261 0.000162683456 -0.000678072975
vn 0.000716803479 0.00016287656 -0.000677966105
vn 0.00066421181 0.000167117701 -0.000728607178
vn 0.000661881699 0.000159781499 -0.000732363726
vn 0.000609065988 0.000162492564 -0.000776278961
vn 0.000609206036 0.000162867756 -0.000776090368
vn 0.000549642602 0.000167118604 -0.000818497618
vn 0.000546586234 0.000159283503 -0.000822098868
vn 0.000483198848 0.000162925135 -0.000860202534
vn 0.000487610174 0.000171349326 -0.000856066414
vn 0.000419939752 0.000174429893 -0.000890617084
vn 0.00041855278 0.000172001208 -0.000891741598
vn 0.000355792785 0.000174862187 -0.000918046164
vn 0.000354660704 0.000173027409 -0.00091883156
vn 0.000288758834 0.000174529385 -0.000941345876
vn 0.000286118477 0.000170093947 -0.000942962652
vn 0.000214136599 0.000168990562 -0.000962061225
vn 0.000218162662 0.000175066772 -0.000960068195
vn 0.00014623598 0.000177051959 -0.000973263406
vn 0.000142150835 0.000170995132 -0.000974950148
vn 7.51338739e-05 0.000174732588 -0.000981731806
vn 7.4061536e-05 0.000173250606 -0.000982076046
vn 3.28569968e-06 0.000179160532 -0.000983801205
vn -4.48706169e-06 0.000167868668 -0.00098578597
vn -7.50094041e-05 0.000171143125 -0.000982373604
vn -7.44517529e-05 0.000171900218 -0.000982283731
vn -0.000144992227 0.000173669789 -0.000974058639
vn -0.000147064304 0.000170928935 -0.000974232738
vn -0.000213956038 0.00017483448 -0.000961056561
vn -0.000214363623 0.000174265995 -0.000961069076
vn -0.000288881361 0.000174305998 -0.000941349717
vn -0.00029042075 0.000172125321 -0.000941277307
vn -0.000355246768 0.000174489687 -0.000918328471
vn -0.000355674973 0.00017390959 -0.000918272708
vn -0.00041985244 0.000174580389 -0.000890628784
vn -0.000421252014 0.000172522719 -0.000890368945
vn -0.000487872836 0.00017139173 -0.000855908322
vn -0.000490509614 0.000167524384 -0.000855166581
vn -0.00054434 0.000172084139 -0.000821008638
vn -0.000549848715 0.000162868455 -0.000819215784
vn -0.000608588627 0.000167121601 -0.000775670225
vn -0.000612373056 0.000160336698 -0.000774122367
vn -0.000672071415 0.000163291959 -0.000722239376
vn -0.000662510633 0.000177974245 -0.000727584353
vn -0.000708771113 0.000179720431 -0.000682142272
vn -0.000719260133 0.000159732095 -0.000676109921
vn -0.000764890283 0.000162495955 -0.000623307482
vn -0.000766590005 0.000159144605 -0.00062208256
vn -0.000812504673 0.000162969751 -0.000559688255
vn -0.000807197241 0.000172794025 -0.000564401736
vn -0.000844705617 0.000177381458 -0.000504957745
vn -0.000850046868 0.000166534213 -0.000499660731
vn -0.000882902532 0.000170010171 -0.000437668437
vn -0.000883033092 0.000169744366 -0.000437508133
vn -0.000908256799 0.000175625013 -0.00037973639
vn -0.000914592063 0.00015924871 -0.000371665577
vn -0.000939880032 0.000164254161 -0.000299366628
vn -0.000937433157 0.000170824656 -0.00030333508
vn -0.000957394135 0.000173208435 -0.00023101829
vn -0.000958031625 0.000171321357 -0.000229779209
vn -0.000970895984 0.000174355242 -0.000164120152
vn -0.000972122303 0.000170191095 -0.000161205695
vn -0.000980119454 0.000174773129 -9.37780933e-05
vn -0.000981018995 0.000171042571 -9.12160685e-05
vn -0.000984427286 0.000174984816 -1.60397976e-05
vn -0.000985080958 0.00017147747 -1.36115395e-05
vn -0.000983321341 0.00017319285 5.52939273e-05
vn -0.000983542879 0.000171524764 5.65374357e-05
vn -0.000976694864 0.000174676024 0.000124617291
vn -0.000976955169 0.00017165087 0.000126762767
vn -0.000963777537 0.000173791166 0.000202246767
vn -0.000963819737 0.00017222848 0.000203378862
vn -0.000948044471 0.000173790162 0.000266425835
vn -0.000947930675 0.000170002502 0.000269259501
vn -0.00092344213 0.000176986112 0.000340447674
vn -0.000923132466 0.000173012275 0.000343317835
vn -0.000898312952 0.000174234548 0.000403299229
vn -0.00089780218 0.000170442901 0.000406047213
vn -0.000866774062 0.000175615525 0.000466729078
vn -0.00086474471 0.000159778851 0.000476089568
vn -0.000829164463 0.000162496013 0.000534841558
vn -0.000828732445 0.00016021746 0.000536196691
vn -0.000787337834 0.000162969911 0.000594570534
vn -0.000786742312 0.000160328855 0.00059607497
vn -0.000741356635 0.000162333017 0.000651162467
vn -0.000741122174 0.000161487333 0.000651639421
vn -0.000690657587 0.000167320948 0.000703540922
vn -0.000688223867 0.00015929545 0.000707776169
vn -0.000637314806 0.000162683718 0.000753218541
vn -0.000636062992 0.000159151357 0.000755029032
vn -0.000579946558 0.000162685013 0.000798229186
vn -0.00058002054 0.000162870318 0.000798137509
vn -0.000510273443 0.000167637059 0.000843500427
vn -0.0005142343 0.000175582958 0.000839468907
vn -0.000456122303 0.000173841399 0.00087275746
vn -0.000455686211 0.000173074091 0.000873137673
vn -0.000391731824 0.000178328031 0.000902618049
vn -0.000386718079 0.000169471241 0.000906478264
vn -0.000320375548 0.00017120062 0.000931678107
vn -0.000320203952 0.000170909931 0.000931790273
vn -0.000252165715 0.000172978398 0.000952084549
vn -0.000250737125 0.000170861429 0.00095284381
vn -0.00018388679 0.000175213267 0.000967191882
vn -0.000181342621 0.000171332023 0.000968366861
vn -0.000106136904 0.00017452988 0.000978901633
vn -0.000103530736 0.000170807019 0.000979836797
vn -3.94656672e-05 0.000175963462 0.000983592123
vn -4.38023235e-05 0.00018207448 0.000982295605
vn 0.000821967144 0.000296880316 -0.000486010482
vn 0.000792782463 0.000329948787 -0.000512448896
vn 0.000781376031 0.000300907239 -0.000546699506
vn 0.000738340197 0.000393235474 -0.000547899341
vn 0.000827905897 0.000331944553 -0.000452060514
vn 0.000779688009 0.000341194944 -0.000525020878
vn 0.000758692797 0.000344408676 -0.000552939484
vn 0.000857497216 0.000461916003 -0.000226508957
vn 0.000791959232 0.000340653642 -0.000506685115
vn 0.000807828852 0.000342898129 -0.000479382463
vn 0.000740583113 0.000293406541 -0.000604502566
vn 0.000686146494 0.000256849657 -0.000680591911
vn 0.000544940005 0.000402599224 -0.000735478301
vn 0.000600478787 0.000390026107 -0.00069805386
vn 0.000591621909 0.000294582831 -0.00075045228
vn 0.000481071998 0.000342549727 -0.000806971802
vn 0.000487206009 0.00034329592 -0.000802964612
vn 0.00055301789 0.000344523083 -0.000758583657
vn 0.000526466174 0.000341352541 -0.000778643705
vn 0.000519848836 0.000341189851 -0.000783147989
vn 0.000524075411 0.000263918249 -0.000809732301
vn 0.00060022471 0.0003453994 -0.000721390184
vn 0.00060134579 0.000355091674 -0.000715728616
vn 0.000594859011 0.000347131077 -0.000724994403
vn 0.000582389883 0.00034432899 -0.000736365153
vn 0.000557080843 0.000344029482 -0.000755829911
vn 0.000685812847 0.000335477904 -0.000645824533
vn 0.000685869425 0.000335471006 -0.000645767956
vn 0.000635472825 0.00043824708 -0.000635679113
vn 0.000663358078 0.000373385818 -0.000648470013
vn 0.000648245914 0.0003352614 -0.000683630758
vn 0.000646810164 0.000334014039 -0.000685598643
vn 0.000758115784 0.000344312313 -0.000553790422
vn 0.000734967471 0.00034485347 -0.000583843328
vn 0.000726810773 0.000347094465 -0.000592659751
vn 0.000714451016 0.000359485683 -0.000600253232
vn 0.000722375524 0.000347366935 -0.000597899605
vn 0.000473783002 0.000339496328 0.000812555372
vn 0.000545055547 0.000343136169 0.000764948491
vn 0.000552893151 0.000344941538 0.000758484355
vn 0.000371537957 0.000402373815 0.000836677267
vn 0.000506571727 0.000340635917 0.000792039442
vn 0.000480568036 0.000342778891 0.000807174772
vn 0.000806954806 0.000342413579 0.000481197465
vn 0.000803403382 0.00034313256 0.000486597681
vn 0.000758751121 0.00034410556 0.000553048216
vn 0.00076518982 0.000342638174 0.000545029936
vn 0.00077244814 0.000341695268 0.000535296509
vn 0.000784357951 0.000341270614 0.000517968205
vn 0.000812830287 0.000343891268 0.000470127707
vn 0.000797554443 0.000321056548 0.000510689511
vn 0.000518680317 0.000272824574 0.000810254016
vn 0.000720530923 0.000350021786 0.000598576677
vn 0.000719077711 0.000352505158 0.000598866667
vn 0.000728113402 0.000344646658 0.000592489319
vn 0.000747119775 0.000342689484 0.000569517375
vn 0.000652237039 0.000333670701 0.00068060623
vn 0.000646643923 0.000331576215 0.000686937419
vn 0.000649005931 0.000342123763 0.000679497432
vn 0.000633413729 0.000444801553 0.000633176765
vn 0.000663838116 0.000375396863 0.000646815461
vn 0.000684517378 0.000339165417 0.000645272783
vn 0.000685160572 0.00033885843 0.000644751184
vn 0.00059205346 0.000347110414 0.000727297098
vn 0.000569582218 0.000344051863 0.000746443926
vn 0.000595569669 0.000354127638 0.0007210162
vn -0.000530913007 0.000304239511 -0.00079091324
vn -0.000512893137 0.000326822541 -0.000793789397
vn -0.000409767585 0.000281868415 -0.000867533789
vn 0.000183744138 2.5536508e-06 0.000982957543
vn -0.000544263166 0.000343104621 -0.000765526609
vn -0.000552882848 0.000345056993 -0.000758439302
vn -0.000386954227 0.000396453019 -0.000832505582
vn -0.000507144141 0.00034068714 -0.000791650848
vn -0.000478517846 0.000343042804 -0.000808279845
vn -0.000806931057 0.000342547923 -0.000481141702
vn -0.000803461997 0.000343219028 -0.000486439851
vn -0.000758788141 0.000344009895 -0.000553056831
vn -0.000761599047 0.000343357504 -0.000549587479
vn -0.000784228207 0.00034126392 -0.000518169079
vn -0.000972049369 -0.000234314459 -1.38153628e-05
vn -0.000793656276 0.000329450006 -0.000511416292
vn -0.000780799543 0.000300255866 -0.000547880132
vn -0.000740233925 0.00029646192 -0.000603438646
vn -0.000692658825 0.000305239402 -0.00065347302
vn -0.000664212508 0.000343812717 -0.000663768617
vn -0.000545114221 0.000403056532 -0.000735098612
vn -0.000720796408 0.000348600443 -0.000599086285
vn -0.000715825183 0.00035539543 -0.000601051142
vn -0.000729627325 0.000343291031 -0.000591413002
vn -0.000724974729 0.000344343018 -0.000596500991
vn -0.000758375798 0.000343963096 -0.000553650898
vn -0.00064657192 0.00033543483 -0.000685129431
vn -0.0006333653 0.000444931997 -0.000633133401
vn -0.000646959641 0.000376090786 -0.000663304701
vn -0.000687828287 0.000335660297 -0.000643582607
vn -0.00067950302 0.000343398511 -0.00064832659
vn -0.000570937525 0.00034404191 -0.000745412253
vn -0.000592075754 0.000346149493 -0.000727736973
vn -0.000600675354 0.00036017911 -0.000713746587
vn -0.000599514635 0.000342625135 -0.000723300909
vn -0.000764753961 0.00034292668 0.000545460207
vn -0.000758551992 0.000344768836 0.000552908168
vn -0.000807840028 0.000343041873 0.000479260838
vn -0.000793381128 0.0003409411 0.000504261698
vn -0.000821161957 0.000378505501 0.000427084218
vn -0.000481229508 0.000342545594 0.00080687966
vn -0.000485077529 0.000343059888 0.000804353098
vn -0.00055301789 0.000344523141 0.000758583657
vn -0.000526466174 0.000341352599 0.000778643705
vn -0.00051984773 0.000341189181 0.000783149095
vn -0.00045458012 0.000340916187 0.00082286523
vn -0.000464019424 0.000335680263 0.000819743029
vn -0.000512043887 0.00029588709 0.000806372205
vn -0.00079606002 0.000323190849 0.00051167421
vn -0.000800561102 0.000339082035 0.000494064006
vn -0.000598576269 0.000350021961 0.000720531214
vn -0.000598867715 0.000352505158 0.00071907707
vn -0.000591378717 0.000343284075 0.000729658408
vn -0.000596518512 0.000344342348 0.000724960875
vn -0.000557080843 0.00034402954 0.000755829911
vn -0.00068082643 0.000334618991 0.000651520968
vn -0.000686016923 0.000332895317 0.000646943226
vn -0.000679573393 0.000342027895 0.000648976828
vn -0.000633195217 0.00044476855 0.000633418269
vn -0.000646438391 0.000377635733 0.000662934966
vn -0.000645265041 0.00033916792 0.000684523256
vn -0.000644589541 0.000338751823 0.000685365289
vn -0.00072595384 0.000347310823 0.000593582576
vn -0.000746467151 0.000344047381 0.00056955457
vn -0.00072119839 0.000353237323 0.000595877878
vn 0.000470610335 0.000342078682 0.000813315564
vn 0.000429209205 0.000340231403 0.000836657768
vn 0.000414062466 0.000341645995 0.000843685004
vn 0.000371288479 0.000339493417 0.000864212459
vn 0.000340664061 0.000341786887 0.00087584462
vn 0.000307100796 0.000339597813 0.000889008632
vn 0.000269000477 0.000341858686 0.000900413957
vn 0.000805016549 0.000342985673 0.000484028104
vn 0.000830049161 0.000340222789 0.000441860582
vn 0.000842624111 0.00034189038 0.000416016614
vn 0.000855062099 0.000339822902 0.000391616108
vn 0.000875382277 0.000341684994 0.000341952371
vn 0.000883084838 0.000339777296 0.00032355322
vn 0.00093894219 0.000340406375 4.98510999e-05
vn 0.000900823332 0.000341364561 0.000268257194
vn 0.000904446584 0.000340189697 0.000257335429
vn 0.000917752273 0.000340898376 0.000203698641
vn 0.000921869301 0.000338992686 0.000187656537
vn 0.000935460092 0.000338316604 0.000102129554
vn 0.000932076597 0.000340988365 0.000122206286
vn 0.000938846904 0.000339926395 5.46869378e-05
vn 0.000933870266 0.000341007661 -0.000107582324
vn 0.00093670981 0.000339406484 -8.57444174e-05
vn 0.000938697776 0.00034108985 -4.97820001e-05
vn 0.000940798549 0.000338506128 -1.69014729e-05
vn 0.000830204401 0.000340132363 -0.000441638666
vn 0.000838264765 0.000340010156 -0.000426238752
vn 0.000842500827 0.000341225532 -0.00041681109
vn 0.000870388583 0.000340054947 -0.000356034463
vn 0.000875421276 0.000341616629 -0.000341920444
vn 0.000895621662 0.000339999358 -0.000286768685
vn 0.000901355641 0.000341794657 -0.000265910872
vn 0.00091322267 0.00033978888 -0.000224815783
vn 0.000916496734 0.000340994156 -0.000209118691
vn 0.000928626861 0.000338358805 -0.000152116932
vn 0.00044562103 0.000340814557 -0.00082779309
vn 0.000418972515 0.000341833831 -0.00084118126
vn 0.000405381375 0.000340248167 -0.00084845227
vn 0.00034172638 0.000340906932 -0.000875773607
vn 0.000339576392 0.000340623636 -0.000876719656
vn 0.000267841533 0.000340418366 -0.000901304942
vn 0.000271066587 0.000340869854 -0.000900169311
vn 0.000207192104 0.000340057857 -0.000917281955
vn 0.000202999261 0.000340484752 -0.000918060658
vn 0.000141960045 0.000338471058 -0.00093019288
vn 0.000101261976 0.00034137824 -0.000934441516
vn 7.07232539e-05 0.000339880964 -0.000937791658
vn 5.17136141e-05 0.000341274164 -0.000938526471
vn -0.000341613952 0.000341101462 -0.000875741884
vn -7.99429856e-08 0.000338284473 -0.000941030215
vn -5.364545e-05 0.000340914645 -0.000938548706
vn -6.77963035e-05 0.000339814374 -0.000938031881
vn -0.000102780468 0.000341392646 -0.000934270443
vn -0.000138356612 0.000338492391 -0.000930727983
vn -0.000208028709 0.000340006634 -0.00091711164
vn -0.000208368496 0.000339970546 -0.000917047786
vn -0.000267525815 0.00034100734 -0.000901175954
vn -0.000272639736 0.000340418745 -0.000899864943
vn -0.000336345023 0.000340418046 -0.000878044171
vn -0.000447433762 0.000340770232 -0.000826832955
vn -0.000406707986 0.000341732841 -0.000847219781
vn -0.000417606643 0.000339972961 -0.000842613343
vn -0.000828297925 0.000340522034 -0.000444905949
vn -0.000839162618 0.000340457336 -0.000424109632
vn -0.000842341455 0.000341370353 -0.000417014526
vn -0.000867588911 0.000340200058 -0.000362667226
vn -0.000874810503 0.000342634419 -0.00034246518
vn -0.000897849153 0.000340868079 -0.000278657564
vn -0.000898763945 0.000340452389 -0.000276206119
vn -0.000924080901 0.000335401448 -0.000183178432
vn -0.000912391755 0.000342318934 -0.000224350108
vn -0.000927496993 0.000339318794 -0.000156799477
vn -0.000932450232 0.000341924839 -0.00011661079
vn -0.000936571509 0.000339629303 -8.63700698e-05
vn -0.000938641373 0.000341261271 -4.96713037e-05
vn -0.000940748374 0.000338578509 -1.81955129e-05
vn -0.000938968093 0.000340066996 5.16485925e-05
vn -0.000938975776 0.000340112281 5.12071056e-05
vn -0.000934147392 0.000340976665 0.000105249921
vn -0.000932643714 0.000338904996 0.000123665479
vn -0.000917889585 0.000338491314 0.000207065808
vn -0.000920990307 0.000340902654 0.000188510749
vn -0.000901441264 0.00033994898 0.000267978525
vn -0.000903728127 0.000341346778 0.000258325221
vn -0.000884188921 0.000339630264 0.000320679392
vn -0.000875302416 0.000341785984 0.000342055806
vn -0.000855666643 0.000339805119 0.0003903092
vn -0.000842938141 0.000341852196 0.00041541137
vn -0.000830045436 0.000340177794 0.000441902521
vn -0.000891241187 0.000326765847 0.000314463483
vn -0.000431662309 0.000340143626 0.000835430576
vn -0.000414371054 0.000341740873 0.000843495072
vn -0.000372553972 0.000339494523 0.00086366717
vn -0.00034046988 0.000341795967 0.000875916565
vn -0.000308402814 0.000339592516 0.000888559851
vn -0.000268899923 0.000341791776 0.000900469488
vn -0.00024240966 0.000339627324 0.000908771181
vn -0.000202714364 0.000341139705 0.000917880621
vn -0.000171519074 0.000338327722 0.000925251166
vn -0.000101594575 0.000339741528 0.000935001764
vn -0.000106666907 0.000340273808 0.000934242969
vn -5.06469478e-05 0.000341041596 0.000938669138
vn -3.25214096e-05 0.000338950806 0.000940228114
vn 5.37976739e-05 0.000338394835 0.000939451333
vn 3.36361991e-05 0.000341011997 0.0009394433
vn 0.000105016938 0.000340307713 0.000934417651
vn 0.000107616906 0.000339945895 0.000934253447
vn 0.000206297627 0.000336647965 0.000918740174
vn 0.000172102067 0.000341948908 0.000923810643
vn 0.000238823981 0.000339502207 0.000909766764
vn -0.000846036011 0.000173355918 -0.000504127878
vn -0.000981177203 0.000186906371 4.82866562e-05
vn -0.00091747276 0.000173358465 0.000358000834
vn -0.000573037541 0.000165680773 0.000802590861
vn 0.000846036011 0.000173355977 0.000504127878
vn 0.000983256614 0.000175812209 -4.76504574e-05
vn 0.00091747276 0.000173358436 -0.000358000863
vn 0.000572271703 0.00017335602 -0.000801515474
vn -0.000730755622 0.000285899063 -0.000619864382
vn -0.000779941911 0.000286340364 -0.000556483574
vn -0.000892769254 0.000285628368 -0.000348358677
vn -0.000860780186 0.000284231734 0.000422189478
vn -0.000271527068 0.000282923254 0.000919892103
vn 0.000730755622 0.000285899121 0.000619864382
vn 0.000779941911 0.000286340422 0.000556483516
vn 0.000892592652 0.000286263123 0.000348289992
vn 0.000860718254 0.000281999703 -0.000423809368
vn 0.000128701824 0.000287206931 -0.000949169102
vn 0.000184694596 0.000285826536 -0.000940300641
vn 0.000348356582 0.000286555849 -0.000892472628
vn 0.000273391372 0.00028628725 -0.000918297796
vn 0.000273807178 0.000287181436 -0.000917894591
vn 0.000491633255 0.000289814605 -0.000821144553
vn 0.000556484156 0.000286343653 -0.000779940223
vn 0.000556666695 0.00028676074 -0.000779656752
vn 0.000619865721 0.000285898743 -0.000730754691
vn 0.000677358592 0.000286792172 -0.000677428732
vn 0.000779745111 0.000286167255 -0.000556848245
vn 0.000892595912 0.000286250666 -0.000348291884
vn 0.000892659533 0.000285255868 -0.000348944159
vn 0.000939494174 0.000286815164 -0.000187248486
vn 0.000957747165 0.000286189985 -2.81036591e-05
vn 0.000939946738 0.000286346884 0.00018568676
vn 0.000892553828 0.000286342605 0.000348324364
vn 0.000918282254 0.000286343187 0.000273385231
vn 0.000918447331 0.000285976275 0.000273214653
vn 0.000860806031 0.000280707784 0.000424488186
vn 0.000823072274 0.000286335504 0.000490446924
vn 0.000822029426 0.00028822929 0.000491086335
vn 0.000677428616 0.0002867929 0.000677358476
vn 0.000677376403 0.000286877999 0.000677374541
vn 0.000619443483 0.000285227608 0.000731374777
vn 0.000618587597 0.000281812361 0.000733420253
vn 0.000422208308 0.000284300913 0.000860747998
vn 0.000490365026 0.000286857598 0.000822939328
vn 0.000490710838 0.000286344119 0.000822912029
vn 0.00055673637 0.000286339608 0.0007797617
vn 0.000556851272 0.000286166323 0.00077974319
vn 0.000348229776 0.000285779126 0.000892771233
vn 0.00018845356 0.000287437986 0.000939062738
vn 3.08642011e-05 0.000286753726 0.000957493554
vn -0.000347939902 0.000285116519 0.000893095974
vn -0.000490815728 0.000287415896 0.000822475587
vn -0.000556484156 0.000286343711 0.000779940223
vn -0.000556666695 0.000286760798 0.000779656752
vn -0.000619865721 0.000285898801 0.000730754633
vn -0.000677358592 0.00028679223 0.000677428732
vn -0.000779745111 0.000286167313 0.000556848187
vn -0.000892696262 0.000285891438 0.000348329777
vn -0.000892672513 0.00028621059 0.000348128466
vn -0.000939468737 0.000286339753 0.000188101345
vn -0.000957810087 0.0002858183 2.9697745e-05
vn -0.0009347343 0.000290529744 -0.000204544456
vn -0.00089242059 0.000286337861 -0.000348669098
vn -0.000921491825 0.000286191382 -0.000262529007
vn -0.000860696135 0.000279350556 -0.000425604812
vn -0.000823072274 0.000286335446 -0.000490446982
vn -0.000821736932 0.000288754905 -0.00049126707
vn -0.000677428616 0.000286792842 -0.000677358476
vn -0.000677376403 0.000286877941 -0.000677374541
vn -0.000619443483 0.00028522755 -0.000731374836
vn -0.000618587597 0.000281812303 -0.000733420311
vn -0.000423181395 0.000282668509 -0.000860807893
vn -0.000490312697 0.000287212431 -0.000822846487
vn -0.000490932493 0.00028634636 -0.000822779024
vn -0.00055673637 0.000286339549 -0.0007797617
vn -0.000556851272 0.000286166265 -0.00077974319
vn -0.000348346977 0.000286341266 -0.000892545388
vn -0.000187603262 0.000286091235 -0.000939644058
vn -2.93023422e-05 0.00028351639 -0.000958506193
vn 4.97144829e-05 0.000170602449 -0.00098407187
vn 0.000112715818 0.00017881114 -0.000977392425
vn 0.000210914746 0.000169793944 -0.000962631369
vn 0.000208294266 0.000173398701 -0.00096255925
vn 0.000281013723 0.000173356704 -0.000943902996
vn 0.000281011831 0.000173357897 -0.000943903462
vn 0.00050412846 0.00017335701 -0.000846035371
vn 0.000677374424 0.000286878436 -0.000677376345
vn 0.000696392206 0.000173352921 -0.000696391275
vn 0.000703155121 0.000160310985 -0.000692710048
vn 0.000733419962 0.00028181143 -0.000618588296
vn 0.000731374428 0.000285228278 -0.000619443716
vn 0.000752528489 0.000165679827 -0.000637358055
vn 0.00074806984 0.000173394423 -0.000640546612
vn 0.000889727613 0.000160955402 -0.000427144259
vn 0.000967535074 0.000160310301 -0.000195321787
vn 0.000959482335 0.000188091639 -0.000209736492
vn 0.000975809584 0.000181590134 -0.000121634446
vn 0.00088709197 0.000173385954 0.000427760853
vn 0.000917474099 0.000173352964 0.000358000427
vn 0.000917474099 0.000173358858 0.000357997225
vn 0.000943903637 0.000173358669 0.000281010522
vn 0.000943884312 0.000160311931 0.000288715528
vn 0.000963891274 0.000165337769 0.000208689569
vn 0.000963758153 0.000181504962 0.000195449436
vn 0.000696390984 0.000173355074 0.000696391915
vn 0.000696392031 0.000173356078 0.000696390634
vn 0.000641434919 0.000173398585 0.000747307262
vn 0.000637531048 0.000164094003 0.000752729306
vn 0.000567763927 0.000160955737 0.000807286473
vn 0.000572269899 0.000173354871 0.00080151693
vn 0.000504127936 0.000173355293 0.000846036244
vn 0.000504128635 0.000173357184 0.000846035313
vn 0.000348364847 0.000285567221 0.000892786309
vn 0.000358001329 0.000173357985 0.000917472644
vn 0.000351908413 0.00016030806 0.000922190782
vn 0.000271918369 0.000283798639 0.000919506827
vn 0.000273353653 0.000286697701 0.000918180915
vn 0.000281015586 0.000173357184 0.000943902414
vn 0.000281011249 0.000173357694 0.00094390352
vn 4.92554027e-05 0.000178163624 0.000982754165
vn 3.76496428e-05 0.000161119649 0.000986203318
vn -2.84451489e-05 0.00028632849 0.000957695651
vn -4.60154151e-05 0.000173391585 0.000983764185
vn -4.94006781e-05 0.000168507948 0.000984448474
vn -0.000185588084 0.000287703093 0.00093955209
vn -0.000207782883 0.000173395892 0.00096267031
vn -0.00021083474 0.000169126244 0.000962766353
vn -0.000273363257 0.000286621304 0.000918201928
vn -0.000281011511 0.000173357694 0.00094390352
vn -0.000281013723 0.00017335669 0.000943902938
vn -0.00050412846 0.000173357097 0.000846035371
vn -0.000677374424 0.000286878494 0.000677376345
vn -0.000696392206 0.000173352979 0.000696391275
vn -0.000696389819 0.000173358188 0.000696392322
vn -0.000733419962 0.000281811488 0.000618588296
vn -0.000731374428 0.000285228336 0.000619443716
vn -0.000752528489 0.000165679885 0.000637358055
vn -0.00074806984 0.000173394481 0.000640546612
vn -0.000889727613 0.000160955431 0.000427144259
vn -0.000967535074 0.00016031033 0.000195321772
vn -0.000960066856 0.00018619241 0.000208753991
vn -0.000975890202 0.000181148847 0.000121644734
vn -0.00088709197 0.000173385924 -0.000427760853
vn -0.000917474099 0.000173352935 -0.000358000456
vn -0.000917474099 0.000173358829 -0.000357997254
vn -0.000942607061 0.000173388922 -0.000285310904
vn -0.000942425453 0.000167417413 -0.000289447635
vn -0.00096472539 0.000179307754 -0.000192685198
vn -0.000964955427 0.000173389533 -0.000196904031
vn -0.000696390984 0.000173355016 -0.000696391915
vn -0.000696392031 0.00017335602 -0.000696390634
vn -0.000641434919 0.000173398526 -0.00074730732
vn -0.000637531048 0.000164093944 -0.000752729364
vn -0.000567763927 0.000160955678 -0.000807286473
vn -0.000572269899 0.000173354812 -0.00080151693
vn -0.000504127936 0.000173355205 -0.000846036244
vn -0.000504128635 0.000173357097 -0.000846035313
vn -0.000348269357 0.000286458351 -0.000892537995
vn -0.000358001329 0.000173357897 -0.000917472644
vn -0.000351908413 0.000160307973 -0.000922190782
vn -0.000273532147 0.00028658376 -0.000918163278
vn -0.000273388549 0.000286280148 -0.000918300939
vn -0.000281015586 0.000173357097 -0.000943902472
vn -0.000281011249 0.000173357606 -0.000943903578
vn -3.76496901e-05 0.000161119562 -0.000986203318
vn -4.87503166e-05 0.000177424343 -0.000982913072
vn 0.00013468432 5.80122833e-05 -0.000989175867
vn 0.00011654407 0.000173392313 -0.000977919553
vn 4.76826499e-05 0.000173402601 -0.000983682927
vn 2.80801414e-05 0.000284416165 -0.000958276156
vn 0.000284855196 5.80444066e-05 -0.000956798089
vn 0.000284852867 5.80430351e-05 -0.000956798729
vn 0.000196440335 5.80207452e-05 -0.000978784403
vn 0.000373386836 5.80138367e-05 -0.00092584599
vn 0.00035304483 0.0001733932 -0.000919384707
vn 0.000358481047 0.000165678604 -0.000918703503
vn 0.000348281494 0.00028636877 -0.000892561977
vn 0.000440135685 0.000160309268 -0.00088349072
vn 0.000432539091 0.000173355002 -0.000884777983
vn 0.000420801924 0.000286325172 -0.000860765693
vn 0.000426879764 0.000276930892 -0.000860846776
vn 0.0004307075 5.80212873e-05 -0.000900610117
vn 0.000511014077 5.8043941e-05 -0.00085759518
vn 0.000511016289 5.80453088e-05 -0.000857593957
vn 0.000490442442 0.000286339346 -0.000823073613
vn 0.000504127296 0.000173355613 -0.000846036477
vn 0.000572270656 0.000173355118 -0.000801516348
vn 0.000580088585 5.80456108e-05 -0.000812466606
vn 0.000580089516 5.80447086e-05 -0.00081246614
vn 0.000653780182 5.80139058e-05 -0.00075444032
vn 0.000632439158 0.000173391221 -0.000754937297
vn 0.000637359393 0.00016568102 -0.000752526917
vn 0.000619553379 0.000284644862 -0.000731508655
vn 0.000769040082 5.80139094e-05 -0.0006365421
vn 0.000699799682 5.80239721e-05 -0.000711960369
vn 0.000807439617 5.80228516e-05 -0.000587067858
vn 0.000807581819 0.000160310796 -0.00056752644
vn 0.000801516522 0.000173355118 -0.000572270597
vn 0.000779761176 0.000286337454 -0.000556738465
vn 0.00082272297 0.000286345457 -0.000491026731
vn 0.000862671819 5.8015572e-05 -0.000502399926
vn 0.000842693029 0.000173397522 -0.000509681995
vn 0.000847397256 0.000164094541 -0.000504940632
vn 0.000822798698 0.000287401839 -0.000490282022
vn 0.000893144112 5.80202286e-05 -0.000445983809
vn 0.000860690954 0.000286602648 -0.000420766039
vn 0.000884777226 0.000173355831 -0.000432540372
vn 0.000917474681 0.000173352833 -0.000357998651
vn 0.000930008595 5.80436026e-05 -0.00036288987
vn 0.00093000778 5.80431806e-05 -0.000362891878
vn 0.000959962548 5.80113556e-05 -0.00027400846
vn 0.000942368817 0.000173392429 -0.000286094524
vn 0.000945168315 0.00016568313 -0.00028138957
vn 0.000918274338 0.000286370865 -0.000273382553
vn 0.000918835867 0.00028513337 -0.000272788777
vn 0.000975254108 5.80225642e-05 -0.000213276857
vn 0.000990634784 5.8046171e-05 -0.000123482023
vn 0.000990635017 5.80410524e-05 -0.000123482023
vn 0.000949177833 0.00028617619 -0.000130915127
vn 0.000977967051 0.000173396053 -0.000116139818
vn 0.000983765 0.000173390246 -4.6003719e-05
vn 0.000997853233 5.80094675e-05 -2.99671174e-05
vn 0.000997768249 5.80166743e-05 3.26602676e-05
vn 0.000983898295 0.000171557971 4.98597328e-05
vn 0.000983643346 0.000173403547 4.84871816e-05
vn 0.000957802229 0.000285977061 2.83920381e-05
vn 0.000990634551 5.80462984e-05 0.000123481572
vn 0.000977282529 0.000173358159 0.000121817488
vn 0.000975820585 0.000186270379 0.000114243288
vn 0.000949647743 0.000286348775 0.000127074032
vn 0.000990634784 5.8043679e-05 0.000123482372
vn 0.000974675 5.80170963e-05 0.000215909065
vn 0.000959218654 5.80214e-05 0.000276599574
vn 0.000930007955 5.80417181e-05 0.000362891995
vn 0.000930008828 5.80488704e-05 0.000362888386
vn 0.000891847769 5.80160922e-05 0.000448570878
vn 0.00086075376 0.000286369497 0.000420796452
vn 0.000885962101 0.000165684774 0.000433120877
vn 0.0008441268 0.000160311145 0.000511589984
vn 0.000861966284 5.80219967e-05 0.000503608549
vn 0.000805850723 5.8016285e-05 0.000589247618
vn 0.00080458622 0.000173390479 0.000567935582
vn 0.000802589755 0.000165683276 0.000573038298
vn 0.000779659022 0.000286759314 0.000556664076
vn 0.000748410414 0.000160310054 0.000643550069
vn 0.000751520041 0.000173354769 0.000636505953
vn 0.000731507083 0.000284645823 0.00061955495
vn 0.000767317892 5.80230844e-05 0.000638616504
vn 0.000705907762 5.80444757e-05 0.000705903047
vn 0.000705904095 5.8049005e-05 0.000705906423
vn 0.000637538964 5.80181986e-05 0.000768213591
vn 0.000511017221 5.80445412e-05 0.000857593317
vn 0.000511015009 5.80459746e-05 0.000857594481
vn 0.000586906506 5.80235028e-05 0.000807557022
vn 0.000428274332 5.80147462e-05 0.000901770138
vn 0.000437305425 0.000173391789 0.000882424647
vn 0.000433119043 0.000165677789 0.000885964313
vn 0.00042078452 0.000286463008 0.000860728323
vn 0.000284852518 5.80445449e-05 0.000956798904
vn 0.000284853333 5.80429369e-05 0.000956798671
vn 0.00037088737 5.80207634e-05 0.000926849665
vn 0.000204867858 5.80448468e-05 0.000977053773
vn 0.000202106501 0.000173356995 0.000963885104
vn 0.000209203397 0.000187065103 0.000959799276
vn 0.00020486585 5.80450323e-05 0.000977054122
vn 0.000113551941 5.80173692e-05 0.000991823617
vn 0.000129178647 0.000181106283 0.000974929484
vn 0.000115908617 0.00016391692 0.000979627715
vn 0.000129661421 0.000286005408 0.00094940135
vn -3.2657761e-05 5.80209526e-05 0.000997768017
vn -0.000134684931 5.80115884e-05 0.000989175751
vn -0.000116544361 0.000173392589 0.000977919553
vn -0.000113732698 0.000177373848 0.000977536431
vn -0.000127606836 0.000286145805 0.000949637499
vn -0.000284855196 5.80444867e-05 0.000956798089
vn -0.000284852867 5.80431151e-05 0.000956798729
vn -0.000196439738 5.8021069e-05 0.000978784519
vn -0.000373386836 5.80139167e-05 0.00092584599
vn -0.00035304483 0.000173393288 0.000919384707
vn -0.000358481047 0.000165678692 0.000918703503
vn -0.000348322501 0.000285988412 0.000892668031
vn -0.000440135685 0.000160309355 0.000883490662
vn -0.000432539091 0.000173355089 0.000884777925
vn -0.00042077867 0.000286498689 0.000860719359
vn -0.000423141202 0.000282906927 0.000860749336
vn -0.0004307075 5.80213673e-05 0.000900610117
vn -0.000511014077 5.80440137e-05 0.00085759518
vn -0.000511016289 5.80453816e-05 0.000857593957
vn -0.000490442442 0.000286339404 0.000823073613
vn -0.000504127296 0.0001733557 0.000846036477
vn -0.000567938958 0.000173389781 0.000804584008
vn -0.00058924628 5.80149826e-05 0.000805852003
vn -0.000638615456 5.80237975e-05 0.000767318474
vn -0.000643551815 0.000160309544 0.000748409075
vn -0.000636504614 0.000173356981 0.000751520565
vn -0.000619553379 0.000284644921 0.000731508597
vn -0.000769040082 5.80139676e-05 0.0006365421
vn -0.000705905783 5.80471642e-05 0.000705904851
vn -0.000705905084 5.80451342e-05 0.000705905724
vn -0.000807439617 5.80229025e-05 0.0005870678
vn -0.000807581819 0.000160310854 0.000567526382
vn -0.000801516522 0.000173355176 0.000572270539
vn -0.000779761176 0.000286337512 0.000556738407
vn -0.000822906964 0.000286344497 0.000490718987
vn -0.000862671819 5.80156157e-05 0.000502399926
vn -0.000842693029 0.000173397581 0.000509681995
vn -0.000847397256 0.000164094599 0.000504940632
vn -0.000822938862 0.000286855007 0.00049036718
vn -0.000893144112 5.8020265e-05 0.000445983809
vn -0.000860755914 0.000286359107 0.000420799101
vn -0.000884777226 0.00017335586 0.000432540372
vn -0.000917474681 0.000173352862 0.000357998622
vn -0.000930008595 5.80436317e-05 0.00036288987
vn -0.00093000778 5.80432097e-05 0.000362891878
vn -0.000959962548 5.80113774e-05 0.00027400846
vn -0.000942368817 0.000173392458 0.000286094495
vn -0.000945168315 0.000165683159 0.000281389541
vn -0.000918221485 0.000286555762 0.00027336675
vn -0.000918422884 0.000286107359 0.000273159356
vn -0.000975254108 5.8022586e-05 0.000213276857
vn -0.000990634784 5.80461783e-05 0.000123482023
vn -0.000990635017 5.80410597e-05 0.000123482023
vn -0.000949314097 0.000286337978 0.000129566106
vn -0.000977923162 0.000173392953 0.000116513293
vn -0.000984004233 0.000173358159 4.06997933e-05
vn -0.000997448107 5.8045167e-05 4.12557383e-05
vn -0.000997448107 5.80448032e-05 4.12554364e-05
vn -0.000996919931 5.80048727e-05 -5.25381511e-05
vn -0.000982597354 0.000182539632 -3.39977232e-05
vn -0.00098505395 0.000165279052 -4.82277428e-05
vn -0.000957907061 0.000285719201 -2.74344638e-05
vn -0.000978531782 0.000160313517 -0.000129417822
vn -0.000977283227 0.000173354449 -0.000121818302
vn -0.000950707123 0.000286507362 -0.000118505966
vn -0.000953050272 0.000275568338 -0.000125425271
vn -0.000991663081 5.80206615e-05 -0.000114943585
vn -0.000974675 5.80170745e-05 -0.000215909065
vn -0.000959218654 5.80213782e-05 -0.000276599574
vn -0.000930007955 5.8041689e-05 -0.000362891995
vn -0.000930008828 5.80488413e-05 -0.000362888386
vn -0.000891847769 5.80160558e-05 -0.000448570878
vn -0.000860669476 0.000286685361 -0.000420753757
vn -0.000885962101 0.000165684745 -0.000433120877
vn -0.0008441268 0.000160311087 -0.000511589984
vn -0.000861966284 5.8021953e-05 -0.000503608549
vn -0.000805850723 5.80162341e-05 -0.000589247677
vn -0.00080458622 0.000173390421 -0.00056793564
vn -0.000802589755 0.000165683217 -0.000573038356
vn -0.000779659022 0.000286759256 -0.000556664134
vn -0.000748410414 0.000160309995 -0.000643550069
vn -0.000751520041 0.000173354711 -0.000636505953
vn -0.000731507083 0.000284645765 -0.00061955495
vn -0.000767317892 5.80230262e-05 -0.000638616504
vn -0.000705907762 5.80444175e-05 -0.000705903047
vn -0.000705904095 5.80489468e-05 -0.000705906423
vn -0.000637538964 5.80181331e-05 -0.000768213591
vn -0.000511017221 5.80444685e-05 -0.000857593317
vn -0.000511015009 5.80459018e-05 -0.000857594481
vn -0.000586906506 5.802343e-05 -0.000807557022
vn -0.000428274332 5.80146661e-05 -0.000901770138
vn -0.000437305425 0.000173391702 -0.000882424705
vn -0.000433119043 0.000165677702 -0.000885964371
vn -0.000420799537 0.000286340946 -0.000860761793
vn -0.000284852518 5.80444648e-05 -0.000956798904
vn -0.000284853333 5.80428568e-05 -0.000956798671
vn -0.00037088737 5.80206834e-05 -0.000926849665
vn -0.000204867858 5.80447595e-05 -0.000977053773
vn -0.000202106501 0.000173356908 -0.000963885104
vn -0.000208295125 0.000185312951 -0.000960336532
vn -0.000204864962 5.80452397e-05 -0.000977054355
vn -0.000113554546 5.8017522e-05 -0.000991823385
vn -0.000129309235 0.000182163887 -0.000974715105
vn -0.000114802533 0.000163883931 -0.000979763572
vn -0.00012948933 0.000287168659 -0.000949073641
vn 3.26587833e-05 5.80214037e-05 -0.000997768017
vn -3.76566131e-05 2.05977394e-05 -0.000999065582
vn -4.16169933e-05 1.69961149e-05 -0.000998976175
vn 4.885815e-05 2.06662771e-05 -0.000998578849
vn 3.99063683e-05 8.45697105e-06 -0.000999154756
vn 0.00012376887 7.96911263e-06 -0.000992265879
vn 0.000118165452 1.55326652e-05 -0.000992859248
vn 0.00021282582 2.00279283e-05 -0.000976871699
vn 0.00019933279 1.04874653e-06 -0.000979918055
vn 0.000285333866 1.33889876e-06 -0.000958413759
vn 0.0002908842 9.40169321e-06 -0.000956698495
vn 0.000363083993 8.65730181e-06 -0.000931702321
vn 0.000358286954 1.55442285e-05 -0.000933468284
vn 0.00044622994 1.97550653e-05 -0.000894685858
vn 0.000438641 8.07300694e-06 -0.000898611732
vn 0.000511857565 8.90501906e-06 -0.00085900916
vn 0.000512860657 1.05135459e-05 -0.000858392508
vn 0.000581056287 7.0301212e-06 -0.00081381714
vn 0.000583163463 1.04704486e-05 -0.000812271435
vn 0.000639562146 7.42332986e-06 -0.000768686703
vn 0.000648190558 1.74395809e-05 -0.000761261443
vn 0.000713007583 1.83210614e-05 -0.000700898294
vn 0.000709196669 1.10539158e-05 -0.0007049056
vn 0.000757938309 9.71063309e-06 -0.00065223407
vn 0.000763703545 1.77787897e-05 -0.000645302236
vn 0.000818192842 2.00465438e-05 -0.000574571837
vn 0.000810074096 9.61875912e-07 -0.000586304814
vn 0.000852213765 1.00156012e-06 -0.000523168012
vn 0.000862186134 1.87099849e-05 -0.000506220327
vn 0.000901439867 2.092463e-05 -0.000432368368
vn 0.000897485064 8.0493046e-06 -0.000440942269
vn 0.000931561284 6.01568308e-06 -0.000363499043
vn 0.000932781084 1.06536954e-05 -0.000360250007
vn 0.000955871074 7.5994808e-06 -0.000293644291
vn 0.00095913565 1.7954635e-05 -0.000282330642
vn 0.000980069046 2.01692801e-05 -0.000197565052
vn 0.000977532822 2.2739971e-06 -0.00021070939
vn 0.000992303598 2.87892021e-06 -0.000123691309
vn 0.000992728863 8.01528495e-06 -0.000119997567
vn 0.00099869119 6.37528683e-06 -5.04907039e-05
vn 0.000998917269 1.14740396e-05 -4.47966268e-05
vn 0.000998556963 1.49464977e-05 5.13299274e-05
vn 0.000999118667 1.53885389e-06 4.16380426e-05
vn 0.000992306625 1.53134749e-06 0.000123690363
vn 0.000992177404 2.94008532e-06 0.000124697166
vn 0.000980850076 2.41825592e-06 0.00019468306
vn 0.000978477648 1.28434422e-05 0.00020588981
vn 0.000955545518 1.62381912e-05 0.000294352358
vn 0.000958866498 1.06304662e-06 0.000283810019
vn 0.00093157863 1.33895651e-06 0.000363501895
vn 0.00093175529 6.63291246e-07 0.000363050582
vn 0.000903321547 7.99419354e-07 0.000428933039
vn 0.000898103346 1.1746446e-05 0.000439598109
vn 0.000853832753 1.52257044e-05 0.000520299829
vn 0.000859215739 1.06901746e-06 0.00051158719
vn 0.000813951308 1.33902597e-06 0.000580909254
vn 0.000818002562 1.11367008e-05 0.000575084239
vn 0.00075652526 1.51323711e-05 0.000653769472
vn 0.000763076707 1.33533285e-06 0.000646286469
vn 0.000707096304 1.10472854e-06 0.00070709805
vn 0.000706981227 1.33348863e-06 0.000707212661
vn 0.000656256743 1.14222109e-06 0.000754519657
vn 0.000646000204 1.32216619e-05 0.000763205753
vn 0.000572912453 1.52332868e-05 0.00081945915
vn 0.000581342378 1.06789776e-06 0.0008136424
vn 0.000511877588 1.3400512e-06 0.00085904228
vn 0.000511881371 1.33587912e-06 0.000859039952
vn 0.000449273561 1.13829321e-06 0.00089337898
vn 0.000438881194 1.17396767e-05 0.000898454047
vn 0.000354218588 1.52268531e-05 0.000935024815
vn 0.000363817147 1.06766493e-06 0.000931455928
vn 0.000285332906 1.33922151e-06 0.000958413933
vn 0.000285335409 1.33510844e-06 0.000958413235
vn 0.00020521495 1.10652843e-06 0.000978702912
vn 0.000203917269 2.93344647e-06 0.000978970435
vn 0.000136195144 2.42997362e-06 0.000990665983
vn 0.00012420681 1.32024115e-05 0.000992155517
vn 3.7644455e-05 1.51015174e-05 0.000999164185
vn 4.13186171e-05 1.17273421e-05 0.000999064185
vn -5.12113802e-05 1.52265657e-05 0.000998558826
vn -4.23386264e-05 2.93744165e-06 0.000999086071
vn -0.000113019618 2.41787393e-06 0.000993576832
vn -0.000124382961 1.28404972e-05 0.000992138172
vn -0.000214436601 1.62364904e-05 0.000976589741
vn -0.000204543918 2.30534079e-06 0.000978841563
vn -0.000285332964 2.87849161e-06 0.000958410674
vn -0.000284403766 1.53835799e-06 0.000958689896
vn -0.000362916879 1.53120379e-06 0.000931806455
vn -0.000356594479 1.09036691e-05 0.00093418191
vn -0.000448168401 1.48278068e-05 0.000893811695
vn -0.000439350726 1.06968935e-06 0.000898300554
vn -0.000511877355 1.33951505e-06 0.000859042397
vn -0.000511875551 1.33534218e-06 0.000859043619
vn -0.000571874785 1.13829003e-06 0.000820324407
vn -0.000581163738 1.16062747e-05 0.000813688035
vn -0.000653832976 1.49479083e-05 0.000756474095
vn -0.000646415807 1.33349101e-06 0.000762967335
vn -0.000707097468 1.10472854e-06 0.000707096886
vn -0.000707317609 1.54001589e-06 0.000706875871
vn -0.000755856454 1.53661574e-06 0.000654715754
vn -0.000763025018 1.17269656e-05 0.000646242464
vn -0.000819456473 1.52257071e-05 0.000572916761
vn -0.000813599559 9.6825886e-07 0.000581402564
vn -0.000852213765 1.00160582e-06 0.000523168012
vn -0.000858957937 1.28583661e-05 0.000511859253
vn -0.000902649364 1.48929357e-05 0.000430089014
vn -0.000898503291 1.33407298e-06 0.000438935298
vn -0.000931577815 1.10584563e-06 0.00036350466
vn -0.000931637769 1.33675155e-06 0.000363350089
vn -0.000955143711 1.13826718e-06 0.000296096667
vn -0.000958437042 1.17380996e-05 0.000285017333
vn -0.000980574172 1.52271805e-05 0.000195489978
vn -0.000978817116 2.31639387e-06 0.000204660057
vn -0.000992303598 2.87893113e-06 0.000123691309
vn -0.00099216844 1.34061497e-06 0.000124796905
vn -0.000999132288 1.1080374e-06 4.13252274e-05
vn -0.000999144511 1.53670783e-06 4.10123139e-05
vn -0.000999145443 1.53521421e-06 -4.09891363e-05
vn -0.000999345561 1.11367335e-05 -3.40367042e-05
vn -0.000990915345 1.51320974e-05 -0.000133535737
vn -0.000992160523 2.93512721e-06 -0.000124831553
vn -0.000980850076 2.41823909e-06 -0.00019468306
vn -0.000978477648 1.2843424e-05 -0.00020588981
vn -0.000955545518 1.62381657e-05 -0.000294352358
vn -0.000957483891 7.5664002e-06 -0.000288342446
vn -0.000931531424 1.01256637e-05 -0.0003634842
vn -0.000932272465 7.37268419e-06 -0.000361645798
vn -0.000901737425 9.84236704e-06 -0.000432142202
vn -0.000898210215 1.71603479e-05 -0.000439201278
vn -0.000854991318 2.07701396e-05 -0.00051820121
vn -0.000860244734 7.30490865e-06 -0.000509803707
vn -0.00081493688 9.96061499e-06 -0.000579441665
vn -0.000817081658 1.49959496e-05 -0.000576304505
vn -0.000757979637 2.05543038e-05 -0.00065193465
vn -0.0007632341 9.57884913e-06 -0.000646030996
vn -0.00070707564 7.830904e-06 -0.000707076339
vn -0.000706988445 7.99797272e-06 -0.000707161613
vn -0.000654713425 6.13600605e-06 -0.000755835266
vn -0.000642698782 1.98087109e-05 -0.000765846053
vn -0.000574925682 2.11674978e-05 -0.00081791589
vn -0.000583513698 7.18831006e-06 -0.000812055601
vn -0.000511853723 9.91423167e-06 -0.000859000138
vn -0.000512112631 9.49682544e-06 -0.000858850777
vn -0.00044684537 7.95481265e-06 -0.000894561352
vn -0.000437617011 1.71042393e-05 -0.000898984319
vn -0.000356381468 2.06698023e-05 -0.000934098032
vn -0.000366505818 5.99908844e-06 -0.000930382521
vn -0.000285326823 7.37700975e-06 -0.000958388322
vn -0.000282568275 1.13265905e-05 -0.000959166849
vn -0.00020520504 8.44606348e-06 -0.000978669268
vn -0.000209270598 2.97359361e-06 -0.000977840042
vn -0.000136196948 2.43048316e-06 -0.000990665867
vn -0.000118184682 1.86044053e-05 -0.0009928043
vn -0.000590399606 0.000757726957 0.000277942658
vn -0.000762987882 0.000573818746 0.000297582854
vn -0.000604098197 0.000764266879 0.000225688927
vn -0.000790736463 0.00056506478 0.000235396874
vn -0.000612267409 0.00077171158 0.000171942418
vn 3.25718029e-05 0.000621285988 0.000782890071
vn 3.22299093e-05 0.000625713437 0.000779370312
vn 0.000158626077 0.000645201013 0.000747347018
vn 0.000159282281 0.000642029278 0.000749934406
vn 0.000223920739 0.000624825188 0.000747948652
vn 0.000216863817 0.000649939 0.000728370447
vn 0.000341990206 0.000632932701 0.000694559654
vn 0.000322097214 0.000680015946 0.000658639357
vn 0.00040197096 0.000625663146 0.000668535009
vn 0.0003694841 0.000692103524 0.000620038772
vn 0.000514268526 0.000613416021 0.000599352119
vn 0.000446843653 0.000722562836 0.000527454074
vn 0.000670726586 0.000574726495 0.000468816987
vn 0.000536521431 0.000751988147 0.000382926723
vn 0.000619203958 0.000750367646 0.00023131966
vn 0.000793459534 0.000523487921 0.000310413394
vn 0.000832033402 0.000531219994 0.000159686941
vn 0.000492822961 0.000863976602 0.00010317086
vn 0.000852495956 0.000514466024 9.24641354e-05
vn 0.000605949957 0.000792151841 7.27618972e-05
vn 0.000845023431 0.000533762679 -3.17324957e-05
vn 0.00050297298 0.000861714187 -6.66406704e-05
vn 0.000600075058 0.00067982648 -0.000421568548
vn 0.000272210542 -8.87294009e-05 -0.000958124525
vn 0.000210616738 0.000659813872 -0.000721290766
vn -7.82284769e-05 0.000907967507 -0.000411642541
vn -0.000512033177 0.000850455661 -0.000120504403
vn -0.000807417382 0.000565071357 -0.000169545267
vn -0.000538684602 0.000838745153 -7.93699801e-05
vn -0.000847045041 0.000521202921 -0.000104097693
vn -0.000632976764 0.000774029759 1.3877323e-05
vn -0.000856981496 0.000514104438 3.54059084e-05
vn -0.00087577448 0.000473435241 9.40859172e-05
vn -0.000611638767 0.000787721656 7.32580229e-05
vn -0.00054460211 0.000747794867 0.000379717589
vn -0.000651405018 0.00059962162 0.000464864948
vn -0.000511496735 0.000747107668 0.00042447084
vn -0.000606113405 0.000607528316 0.000513332139
vn -0.000447899103 0.000726874685 0.000520589761
vn -0.000507629127 0.000619090453 0.000599177612
vn -0.000321134139 0.000689531851 0.000649147842
vn -0.000353943178 0.000588659314 0.000726759026
vn -0.000150099528 0.000686670421 0.000711286091
vn -0.000153698464 0.000662093167 0.000733473571
vn 9.624823e-05 0.00060620287 0.000789448211
vn 9.35504795e-05 0.000651388895 0.000752937573
vn 0.000270716002 0.000667109445 0.000694011396
vn 0.000283375353 0.000631320872 0.000721877033
vn 0.000408145657 0.000711625908 0.000571821292
vn 0.000458218245 0.000622077496 0.000634846045
vn 0.000570957956 0.00059817353 0.000562289672
vn 0.000479547103 0.000734771194 0.00047970828
vn 0.000511174963 0.000742477539 0.000432898785
vn 0.000623440137 0.000585089496 0.000518619956
vn 0.000717153191 0.000558694242 0.000416564726
vn 0.000551921024 0.000766202575 0.000329075847
vn 0.000629036396 0.000714722264 0.000305710797
vn 0.000756368681 0.000546136638 0.00036002128
vn 0.000788228528 0.000568112126 0.000236471344
vn 0.000531935657 0.000833648257 0.000148489562
vn 0.000594949874 0.000803375209 2.44321636e-05
vn 0.000906688219 0.000421230623 2.13424591e-05
vn 0.000789647107 0.000591201766 -0.000164048848
vn 0.000632383802 0.000673462462 -0.000382770348
vn 0.000153442568 0.00069020607 -0.000707138563
vn -0.000106948588 0.000502848299 -0.000857717649
vn -0.00076151645 0.000608249393 -0.000223828974
vn -0.000850914454 0.000524101313 -3.51667986e-05
vn -0.000626470486 0.000778486079 -3.83181396e-05
vn -0.000545451476 0.000831612211 0.000104298284
vn -0.00080647826 0.00056594878 0.000171081207
vn -0.000759061892 0.000534270424 0.000371959992
vn -0.000591595133 0.000725703489 0.000351203518
vn -0.00071841164 0.0005559157 0.000418110867
vn -0.000558349246 0.00061355147 0.000558368105
vn -0.00048011911 0.000739606039 0.000471638399
vn -0.000408750493 0.000716785784 0.000564902963
vn -0.000453069923 0.000626378984 0.000634311582
vn -0.000401732948 0.000619642437 0.000674261013
vn -0.000370862981 0.000695467403 0.000615434721
vn -0.000282830209 0.000631970761 0.000721522199
vn -0.000283407368 0.000630231574 0.000722815632
vn -0.000214740576 0.000666421256 0.000713963003
vn -0.000216408953 0.000660568068 0.0007188819
vn -9.24618071e-05 0.000668713183 0.000737731403
vn -9.30617171e-05 0.000660079008 0.000745391997
vn -3.0384188e-05 0.000649369787 0.000759848568
vn -3.02607441e-05 0.000628618582 0.000777108129
vn 8.43688758e-05 0.000863021938 -0.000498045294
vn 0.000120448429 0.000219308611 -0.000968178676
vn 4.49538929e-05 0.000844895665 -0.000533014652
vn 3.9759092e-05 0.00015521975 -0.000987066538
vn 1.82775054e-07 0.000866634597 -0.000498917187
vn -4.12987065e-05 0.000124274244 -0.000991375186
vn -3.93336159e-05 0.000911838957 -0.000408627617
vn -0.000111550158 -0.000747704704 -0.000654575008
vn -0.000119163007 0.000877274026 -0.000464934943
vn -0.000279185682 0.000165846097 -0.000945792999
vn -0.000177586859 0.000841293251 -0.000510551501
vn -0.000357953744 0.000207232253 -0.000910438364
vn -0.000203695599 0.000865287555 -0.000457995222
vn -0.000427997758 0.000210782324 -0.000878841791
vn -0.000244459574 0.000861477805 -0.0004450501
vn -0.000505486678 0.000160568859 -0.000847746967
vn -0.000279232219 0.000863163441 -0.000420656957
vn -0.000572741381 0.000188773629 -0.000797687855
vn -0.000300602231 0.000874972844 -0.000379519217
vn -0.000624117907 0.000244050898 -0.00074221968
vn -0.00037686323 0.000834670383 -0.000401588884
vn -0.000681990292 0.000261372072 -0.00068304321
vn -0.000383476348 0.000856478 -0.000345493318
vn -0.000749474799 0.000188884704 -0.000634495402
vn -0.000407280895 0.000859310909 -0.000309323805
vn -0.000791090424 0.000240122143 -0.00056257582
vn -0.000433681766 0.000857923587 -0.000275429804
vn -0.000835156534 0.000239247587 -0.00049522554
vn -0.000459080824 0.000855281658 -0.000240233974
vn -0.000877693121 0.000213691106 -0.00042891124
vn -0.000478459144 0.000854696031 -0.000201359973
vn -0.000898264116 0.000267739611 -0.000348440983
vn -0.000438290648 0.000888375158 -0.00013662003
vn 0.000984531944 -9.38538142e-05 -0.000147859901
vn 0.000535108964 0.000844275928 -2.88208867e-05
vn 0.000461952848 0.000880900421 -0.000102898455
vn 0.000496185676 0.0008531395 -0.000161018208
vn 0.000925544591 0.000262690883 -0.000272643985
vn 0.000867456314 0.000257957203 -0.000425384176
vn 0.000515710854 0.000828929187 -0.000216547196
vn 0.000899194798 0.000265259645 -0.000347936875
vn 0.000848407391 -9.66907246e-05 -0.000520412985
vn 0.000463161996 0.000852595957 -0.000241940943
vn 0.000516036467 0.000791600032 -0.000327184942
vn 0.000407660904 0.000859171327 -0.000309210882
vn 0.000712661829 -0.000500585302 -0.000491427956
vn 0.000378555065 0.000860592525 -0.000340662344
vn 0.00075288699 0.00016902147 -0.000636055833
vn 0.000347203575 0.000861908484 -0.000369510148
vn 0.00069359428 0.000208518468 -0.00068950787
vn 0.000314108998 0.000862849003 -0.000395981595
vn 0.000633395743 0.000212784696 -0.000743980287
vn 0.000279155036 0.000863575086 -0.000419862859
vn 0.000570475589 0.000207726567 -0.000794595049
vn 0.000245004776 0.000861181063 -0.000445324753
vn 0.000506345707 0.000158785493 -0.000847570249
vn 0.000206280078 0.000862061803 -0.000462895317
vn 0.00042749854 0.00022413164 -0.000875776401
vn 0.00011874381 0.000886974798 -0.0004462621
vn 0.00021795975 -6.21964937e-05 -0.000973960501
vn 0.00015103459 0.000883043511 -0.00044429343
vn 0.000354189513 0.000218121524 -0.000909366179
vn -1.88320328e-08 0.000999987009 6.44597549e-08
vn -1.31843683e-06 0.000999986078 4.17227284e-07
vn 1.23896442e-07 0.000999987009 1.29146557e-07
vn -1.10022745e-06 0.00099998631 5.60544322e-07
vn 6.84842064e-07 0.000999986776 6.30196482e-08
vn 4.30258353e-08 0.000999987009 -1.04296891e-08
vn -6.68916357e-07 0.000999986776 -1.24195878e-07
vn 2.07637072e-08 0.000999987009 -7.11641945e-08
vn -4.17717096e-08 0.000999987009 -1.6934051e-07
vn 3.05383082e-07 0.000999987009 1.81135832e-07
vn -6.25412824e-08 0.000999987009 1.52343098e-08
vn -5.88905436e-07 0.000999986776 -3.09381477e-07
vn -7.1368575e-08 0.000999987009 -2.16055067e-08
vn 9.02697366e-07 0.000999986543 3.55035382e-07
vn 5.24255981e-08 0.000999987009 -4.98193806e-08
vn -7.02117049e-08 0.000999987009 -7.36803329e-08
vn -4.21592716e-07 0.000999986776 -5.99090811e-07
vn 7.16326332e-09 0.000999985263 1.86013312e-06
vn 8.13826205e-07 0.00099998666 -5.0256449e-07
vn 1.12994689e-08 0.000999987009 4.66171777e-08
vn 3.7700211e-08 0.000999987009 1.16762235e-08
vn -2.08037587e-08 0.000999987009 -8.50372004e-08
vn 1.04158651e-07 0.000999987009 3.02340624e-08
vn 2.7774048e-08 0.000999987009 2.90728011e-08
vn 7.95014543e-08 0.000999987009 -2.00274783e-08
vn 1.45729231e-07 0.000999987009 3.95615075e-07
vn 3.29275807e-08 0.000999986776 -5.768552e-07
vn -8.91158152e-08 0.000999987009 8.54050981e-08
vn 5.01907721e-07 0.00099998666 8.22168374e-07
vn 1.34636096e-07 0.000999987009 -4.65875701e-07
vn 0.000859784021 3.24147459e-06 -0.000510622223
vn -0.000925622473 2.85250553e-06 -0.000378403201
vn -0.000751318177 2.4319263e-06 0.000659915968
vn -0.000999811105 3.24733696e-06 -1.84778837e-05
vn 7.38512463e-05 2.69071347e-06 -0.000997252646
vn 0.000673684408 3.24837833e-06 -0.000738994509
vn -0.000219941357 2.85247938e-06 -0.00097549567
vn 0.00093897403 2.39304995e-06 0.000343942113
vn -0.000673683477 3.24217967e-06 -0.000738995383
vn 0.000494645501 2.85278202e-06 -0.00086907536
vn -0.000798003282 3.24205917e-06 0.00060262304
vn 0.000216797358 4.05582114e-06 -0.00097619486
vn 0.000951039256 3.24738335e-06 -0.0003090112
vn -0.000895149191 2.55430427e-06 -0.000445730111
vn -0.000587775663 2.85219949e-06 0.000809002959
vn -0.000494645152 3.24813391e-06 -0.000869074138
vn -0.000878065301 3.24640473e-06 0.0004785028
vn 0.000726421771 2.85165697e-06 -0.000687224499
vn -0.000700529374 3.38791506e-06 0.000713597401
vn -0.000395444571 3.42767976e-06 0.000918469334
vn 0.00097126473 2.69080556e-06 -0.000237932327
vn -0.000995717244 2.85215992e-06 -9.22661638e-05
vn 0.000104941166 -1.28024692e-06 0.000994464732
vn 0.000751318992 3.2479627e-06 0.000659911777
vn 0.000700532342 2.39199312e-06 0.000713598507
vn -0.000147299113 2.55362465e-06 -0.000989075634
vn -0.00061726768 3.35465006e-06 -0.000786729623
vn 0.000149957021 4.00569343e-06 -0.000988671323
vn 6.34354865e-06 -4.63278639e-06 0.000999956159
vn -0.000819726847 2.85219903e-06 -0.000572724966
vn -0.000645916618 2.85285341e-06 0.000763385731
vn -0.000979392091 3.24841949e-06 0.000201878007
vn 0.000986835221 4.54329756e-06 -0.000161585733
vn 0.00029138531 3.24205098e-06 -0.000956586795
vn -0.000462196389 2.55311033e-06 0.000886759371
vn -0.000840330264 2.55375153e-06 0.000542044872
vn 0.000819725276 3.24784878e-06 -0.000572724966
vn 0.000979391625 3.42782732e-06 0.000201877556
vn -0.000287922856 4.48198989e-06 -0.000957629527
vn 0.000999812735 2.69045813e-06 -1.84791261e-05
vn 0.000557480089 3.35488608e-06 -0.000830167788
vn 0.000878067047 2.85230385e-06 0.000478501985
vn -0.000361092912 3.11074496e-06 -0.000932510768
vn 0.000995717943 2.59389617e-06 -9.22666441e-05
vn 0.000909385795 4.48175206e-06 0.00041589851
vn 0.00061726867 2.55363352e-06 -0.000786731893
vn -0.000726420316 3.24838061e-06 -0.00068722415
vn -7.38498784e-05 2.5532072e-06 -0.000997253112
vn -0.000255839957 2.39146834e-06 0.000966702704
vn -0.000775191525 2.5535212e-06 -0.000631700561
vn -0.000938971003 3.35589152e-06 0.000343942258
vn -0.000429113628 3.04953278e-06 -0.000903231034
vn 0.000991529902 3.33394746e-06 0.000129736291
vn 0.000840330613 2.55357236e-06 0.000542044581
vn 0.000645918597 2.88652905e-06 0.000763383869
vn 0.000587775139 3.42785393e-06 0.000809001154
vn -0.000951041235 2.59281387e-06 -0.000309011462
vn 0.000526423159 3.24224902e-06 0.000850201293
vn -0.000971263275 3.24840016e-06 -0.000237931497
vn 0.000255839492 2.55341206e-06 0.000966702588
vn 0.000462195196 2.55364648e-06 0.000886759954
vn -0.000183748896 2.85262399e-06 0.000982956029
vn -0.000991627923 2.8517527e-06 0.000128997141
vn 0.00039544524 3.24779512e-06 0.000918469799
vn -0.000859783788 3.24785151e-06 -0.000510622573
vn 0.000429114531 3.24777534e-06 -0.000903229869
vn 0.000798004796 2.55327723e-06 0.000602624321
vn -0.000961809652 2.55469286e-06 0.000273659854
vn 0.000775192108 2.55387818e-06 -0.000631699921
vn 0.000645078719 3.33522712e-06 0.000764091965
vn -0.000986184808 2.55324358e-06 -0.00016555062
vn 0.000925622531 2.55287637e-06 -0.000378405181
vn 0.000895149074 2.55275427e-06 -0.000445730606
vn -0.000526421994 3.24749385e-06 0.000850201992
vn 0.000326533278 2.85280134e-06 0.000945167732
vn -0.000327564834 3.33475805e-06 0.000944808999
vn 0.000361231912 2.55350801e-06 -0.000932458672
vn -0.000998447416 2.55432633e-06 5.54111721e-05
vn -0.000911006762 2.85307601e-06 0.000412350142
vn 0.000961807615 3.35415962e-06 0.000273658341
vn -0.000104018225 3.85705476e-07 0.000994562288
vn -0.00055748201 2.55351233e-06 -0.000830169476
vn 0.000998419127 3.11132408e-06 5.58889697e-05
vn -2.31506947e-09 3.24747316e-06 -0.00099998177
vn 0.000185445519 3.232062e-06 0.000982636004
vn 0.000859657128 3.33856838e-06 -0.000510835089
vn -0.000926436041 3.69458871e-06 -0.000376399606
vn -0.00074766652 4.60806359e-06 0.000664038933
vn -0.00099980575 3.35879554e-06 -1.87466412e-05
vn 6.99331213e-05 4.25853341e-06 -0.000997529598
vn 0.000673878647 3.35775098e-06 -0.000738816918
vn -0.000224614196 4.7173653e-06 -0.000974423077
vn 0.000940571306 4.24798282e-06 0.000339531864
vn -0.000673864968 3.33802245e-06 -0.000738829491
vn 0.000491493731 4.26175711e-06 -0.000870855874
vn -0.000798483728 2.93110634e-06 0.000601987704
vn 0.000951122434 3.35872414e-06 -0.000308753923
vn -0.000896425685 3.68218798e-06 -0.000443149533
vn -0.000495110871 3.02861258e-06 -0.000868809642
vn -0.000878193998 3.35917548e-06 0.000478265691
vn 0.000723923324 4.26128872e-06 -0.000689848384
vn -0.000699929718 3.70554403e-06 0.000714183901
vn -0.000395269279 3.35239974e-06 0.00091854512
vn 0.000970317225 4.25844701e-06 -0.000241744885
vn -0.000996039947 4.2622687e-06 -8.8658584e-05
vn 0.000113491151 3.22133451e-06 0.00099352072
vn 0.000751139189 3.35870618e-06 0.000660115795
vn 0.000703867408 4.24752216e-06 0.000710300461
vn -0.000150146079 3.68216411e-06 -0.000988643966
vn -0.000618347724 3.88351509e-06 -0.000785878627
vn 0.000147298371 2.91631386e-06 -0.000989074702
vn 1.87621317e-05 1.21012101e-06 0.000999810291
vn -0.00082179188 4.26075758e-06 -0.0005697491
vn -0.000644271204 3.6903466e-06 0.000764771423
vn -0.000979445875 3.35856726e-06 0.000201614705
vn 0.000986183761 2.91736274e-06 -0.000165551959
vn 0.000291857606 3.04815944e-06 -0.000956443546
vn -0.000458345457 4.25259532e-06 0.000888749433
vn -0.000838506268 3.86694364e-06 0.000544854556
vn 0.000819419918 3.02791068e-06 -0.00057316327
vn -0.000291384844 3.03558272e-06 -0.00095658761
vn 0.000999759999 3.68894234e-06 -2.0982794e-05
vn 0.000556721527 3.70493945e-06 -0.000830675301
vn 0.000880344538 4.71832254e-06 0.000474283937
vn -0.000361237006 3.0493527e-06 -0.000932455179
vn 0.000911006588 2.88752744e-06 0.000412350462
vn 0.000613849144 4.2527613e-06 -0.000789395475
vn -0.000726788363 3.02742865e-06 -0.000686835963
vn -7.55762449e-05 3.23227323e-06 -0.000997121795
vn -0.000252691912 3.67754046e-06 0.000967526401
vn -0.000777003937 3.68223959e-06 -0.000629464514
vn -0.000938656041 3.70493194e-06 0.000344797241
vn -0.00042975953 3.33670414e-06 -0.000902922824
vn 0.000991627108 3.03718025e-06 0.000128997999
vn 0.000841883884 3.6812778e-06 0.000539622211
vn -0.000952641247 4.61427999e-06 -0.000304019224
vn 0.000526633579 3.33832963e-06 0.000850070675
vn -0.000971178 3.39431062e-06 -0.000238276683
vn 0.000258620043 3.68201154e-06 0.00096595881
vn 0.000465162448 3.86654165e-06 0.000885202258
vn -0.000991148991 4.26227871e-06 0.000132587695
vn 0.00039519748 3.35800269e-06 0.000918576028
vn -0.000859646709 3.35871528e-06 -0.000510852668
vn 0.000429354055 3.3584588e-06 -0.000903115724
vn 0.000799043803 3.23222434e-06 0.000601242529
vn -0.000960609294 4.25179405e-06 0.000277823419
vn 0.000773366715 3.68170231e-06 -0.000633927819
vn -0.000986653846 3.68124711e-06 -0.00016271096
vn 0.000924964552 3.23218137e-06 -0.000380005833
vn 0.000893647608 3.86743613e-06 -0.00044872376
vn -0.000526652206 3.35931054e-06 0.000850058976
vn 0.000329952745 4.26142014e-06 0.000943974068
vn -0.000326533132 2.88629894e-06 0.000945167674
vn 0.000358110963 3.8662829e-06 -0.000933657167
vn -0.000998280244 3.68226961e-06 5.82844987e-05
vn -0.00090950256 4.26229099e-06 0.000415645191
vn 0.0009624589 4.27849636e-06 0.000271346449
vn -0.000561070105 4.25275948e-06 -0.000827741809
vn 0.000998446485 2.91671768e-06 5.54093967e-05
vn 0.000358293735 0.000203036805 0.00091124943
vn -1.44940839e-06 0.000199841772 -0.000979813864
vn 0.000283098052 0.000199777947 0.000938039564
vn 0.000281963323 0.000210941202 0.000935935124
vn 0.000205022239 0.000193059226 0.000959514466
vn 0.000196860739 0.000280571403 0.000939414429
vn -0.000150854627 0.000464922428 -0.000872389821
vn -0.000162068303 0.000124626735 -0.000978864846
vn -0.000166539452 -6.09944145e-05 -0.000984133338
vn -0.000319818937 0.000203032425 -0.000925455475
vn -0.000326675625 0.000128737083 -0.000936314056
vn -0.000422650861 0.000464708341 -0.000778065878
vn -0.000480682735 0.00011937791 -0.000868715753
vn -0.000480265648 -6.01212087e-05 -0.000875045371
vn -0.000610722171 0.000193219952 -0.000767892227
vn -0.000615526864 0.000124871658 -0.000778143818
vn -0.000726016529 0.000210950631 -0.000654502946
vn -0.00072806736 0.000199787784 -0.000655726122
vn -0.000827008043 0.000200117967 -0.000525342592
vn -0.000828404911 0.000192804073 -0.00052587653
vn -0.000811946404 0.000470995874 -0.000344789878
vn -0.000906288158 0.000190412204 -0.000377305114
vn -0.000919644546 -6.00559761e-05 -0.000388099375
vn -0.000951476046 0.000210862141 -0.000224063682
vn -0.000955265947 0.000192832682 -0.00022418017
vn -0.000959077734 0.000275601225 -6.47135821e-05
vn -0.000991323264 0.000116542782 -6.05811765e-05
vn -0.000957574986 0.000269467302 0.000102037171
vn -0.000972282258 0.000210788567 0.000101041493
vn -0.000926515611 0.000275647617 0.000256049592
vn -0.000945286592 0.00019019474 0.000265015755
vn -0.000870348595 0.000280329579 0.000404824415
vn -0.000896527199 0.000128769432 0.000423829391
vn -0.000804707466 0.000193265412 0.000561309862
vn -0.000815233041 0.000124873404 0.000565487309
vn -0.000708756794 0.000127626961 0.000693793409
vn -0.000708687177 0.000128733154 0.000693660229
vn -0.000576219987 0.000200129725 0.000792396837
vn -0.00057682395 0.000192818814 0.000793768966
vn -0.000437451148 0.000203059812 0.000876000791
vn -0.000440406904 0.000128704574 0.000888510607
vn -0.000274936436 0.00026969763 0.000922847365
vn -0.000288671232 0.000124784419 0.000949248206
vn -0.000121541801 0.000190184175 0.000974182563
vn -0.000125233753 0.000127588792 0.000983875827
vn 9.28800262e-07 0.000138639254 -0.000990329427
vn 8.13282022e-05 0.000119180906 -0.000989523018
vn -7.92362698e-05 0.000203028816 -0.000975948235
vn -8.36877225e-05 0.00011638875 -0.000989658642
vn -0.000216356362 0.000470988656 -0.000855180435
vn -0.000247116608 0.00019994106 -0.000948119734
vn -0.000246903015 -6.02380314e-05 -0.000967152766
vn -0.000406062638 -6.0920971e-05 -0.00091179827
vn -0.000400203513 0.000127699808 -0.000907471287
vn -0.000363811443 0.000462741271 -0.000808384735
vn -0.00054943189 0.000116296149 -0.000827389886
vn -0.000547145377 0.000138601768 -0.000825466821
vn -0.000671604997 0.000192804553 -0.000715365051
vn -0.00066851353 0.000210874525 -0.000713158865
vn -0.000781938725 0.000190026491 -0.00059366296
vn -0.000779519964 0.000203128424 -0.00059250457
vn -0.000884969311 -6.09469389e-05 -0.000461615622
vn -0.000864415721 0.00021016346 -0.000456717506
vn -0.000785625307 0.000464709825 -0.000408426044
vn -0.000933167001 0.000192829684 -0.000303298992
vn -0.000931665883 0.000200145587 -0.000303173874
vn -0.00096685387 0.00021084465 -0.000143917132
vn -0.000952856557 0.000269494602 -0.000139323485
vn -0.00099196285 0.000124858881 1.98480993e-05
vn -0.000980885467 0.000193249594 2.21920218e-05
vn -0.000945964945 0.000269363518 0.000180465242
vn -0.000944206491 0.000275876606 0.000179834256
vn -0.00091873348 0.000200007824 0.000340440747
vn -0.000903133827 0.000265256676 0.000337582809
vn -0.000860253116 0.000116302908 0.000496399123
vn -0.000859274063 0.000127681167 0.000495297543
vn -0.000763709191 0.000128731554 0.000632574607
vn -0.000754911394 0.000210475089 0.000621114334
vn -0.000648772169 0.000127600273 0.000750191277
vn -0.000640318962 0.000190243954 0.000744159217
vn -0.000507682504 0.000199779548 0.000838045788
vn -0.000506864628 0.000210955099 0.000835799205
vn -0.000365857937 0.000116353229 0.000923354703
vn -0.000365720654 0.00012761759 0.000921919942
vn -0.000204447715 0.000128644082 0.000970374153
vn -0.000203837539 0.000275584171 0.000939402846
vn -4.32341767e-05 0.000199886854 0.000978851342
vn -4.09440145e-05 0.00012868247 0.000990827219
vn 4.37572962e-05 0.000262449525 0.000963939761
vn 3.95497482e-05 0.000127686886 0.000991012668
vn 0.000120214951 0.000272872392 0.000954496267
vn 0.000120873839 0.000264884176 0.000956660835
vn 0.000440405769 0.000127596184 0.000888670911
vn 0.000365597516 0.000128725471 0.000921814702
vn 0.00051388779 0.000124943326 0.000848694646
vn 0.000441399257 0.000116313327 0.000889725867
vn 0.000582441455 0.000127642168 0.000802772411
vn 0.000513507519 0.000128734377 0.000848358206
vn 0.000647929846 0.000124906102 0.000751371554
vn 0.000583601941 0.000116323128 0.000803649018
vn 0.000706861145 0.000138643925 0.000693613139
vn 0.000648621994 0.000118656491 0.000751787331
vn 0.000762367214 0.000138585223 0.000632111158
vn 0.000709254644 0.000118684482 0.00069487124
vn 0.000868124131 0.000281001063 0.000409112487
vn 0.00083642127 0.000265527895 0.000479446084
vn 0.000814405386 0.000124909508 0.000566670555
vn 0.000765127363 0.000116324016 0.000633263669
vn 0.000900785148 0.000275904255 0.000335316668
vn 0.000871370081 0.000269395736 0.000410017296
vn 0.000856702158 0.000138364718 0.000496881141
vn 0.000815221225 0.000118668082 0.000566839066
vn 0.000925606873 0.000275888393 0.000259059016
vn 0.000902626722 0.000269391632 0.000335659628
vn 0.000944608706 0.000272639765 0.000182637013
vn 0.000929504051 0.000262011396 0.000259511726
vn 0.000971929636 0.000210401966 0.000105156607
vn 0.000963987142 0.00019307631 0.000182823511
vn 0.000873108336 0.000471010455 -0.000125717968
vn 0.00088339136 0.00046491067 -5.87539253e-05
vn 0.000991932931 0.000124865372 2.12583946e-05
vn 0.000987812062 0.000116376395 0.000103236132
vn 0.000988693908 0.000137970099 -5.85052185e-05
vn 0.000992690213 0.000118734359 2.10335165e-05
vn 0.000953970011 0.00020011008 -0.000223318726
vn 0.000970662164 0.000190416831 -0.000146733713
vn 0.000930676179 0.000210448052 -0.000299211533
vn 0.000955316413 0.00019283648 -0.000223961208
vn 0.000987671898 -6.01022184e-05 -0.000144450649
vn 0.000996158691 -6.08666924e-05 -6.27486443e-05
vn 0.000913175812 0.000138726682 -0.000383195817
vn 0.000944113417 0.000118874443 -0.000307396724
vn 0.000879257102 0.000127576626 -0.000458917639
vn 0.000914276869 0.000128750704 -0.000384050916
vn 0.000780511589 0.000210423736 -0.000588640687
vn 0.000827536802 0.000193210857 -0.000527092488
vn 0.000838195498 0.000124905448 -0.000530849269
vn 0.000880279811 0.000116401963 -0.000459926232
vn 0.00073667278 0.000138628762 -0.00066186802
vn 0.000790510443 0.000118836528 -0.000600787171
vn 0.000533183455 0.000280655426 -0.000798074005
vn 0.000596476428 0.000265543116 -0.000757414673
vn 0.000679502729 0.000124913844 -0.000722943048
vn 0.000738261326 0.000116330462 -0.000664388004
vn 0.000616729667 0.00013837748 -0.000774900138
vn 0.000679878343 0.000118664932 -0.000723642355
vn 0.00047190077 0.000203135409 -0.000857915962
vn 0.000541362446 0.00019988048 -0.000816669024
vn 0.000400710298 0.000203035524 -0.000893410237
vn 0.000472154177 0.000199792354 -0.00085856131
vn 0.0001610482 0.000273146725 -0.000948382134
vn 0.00024070467 0.000187397032 -0.000952322269
vn 0.000326744659 0.000124860133 -0.000936814933
vn 0.000403445243 0.000116374249 -0.000907558773
vn 8.48810741e-05 0.000271722325 -0.000958611723
vn 0.000161039308 0.00025644945 -0.000953034207
vn 0.00024494261 0.000130313361 -0.000960726582
vn 0.000326757872 0.000119623903 -0.000937493227
vn -2.45402771e-05 0.000824604416 0.000565154536
vn -2.42722872e-05 0.000817768392 0.000575012877
vn 2.44911789e-05 0.000818305009 0.000574239588
vn 2.21978516e-05 0.00083308568 0.000552674872
vn 7.02485777e-05 0.000829890894 0.000553462189
vn 6.68424618e-05 0.000842412352 0.000534647203
vn 0.000113502203 0.000837971398 0.00053375581
vn 0.000115920877 0.000827233947 0.000549745804
vn 0.00016552642 0.000821329711 0.000545886869
vn 0.000159392497 0.000833462109 0.000529064273
vn 0.000202401847 0.000833403494 0.000514243438
vn 0.000212249724 0.000817777996 0.000534942432
vn 0.000255950465 0.000818301924 0.000514631509
vn 0.000256667845 0.000817277585 0.000515900261
vn 0.000301027758 0.000813973718 0.000496792723
vn 0.000291006552 0.000826204778 0.000482363801
vn 0.000330018549 0.000826523232 0.00045598374
vn 0.000343594293 0.000811812177 0.000472099724
vn 0.000381970691 0.000810342259 0.000444317382
vn 0.000372644106 0.000821420457 0.000431716442
vn 0.000413844275 0.0008151863 0.000405189348
vn 0.000407158426 0.000821301481 0.000399574725
vn 0.000448853883 0.000812870625 0.000371140806
vn 0.000450045569 0.000811826496 0.000371982605
vn 0.000480481278 0.000810335972 0.00033536175
vn 0.000475698849 0.000814742409 0.000331480987
vn 0.000510438927 0.000808138284 0.000293834484
vn 0.00048109013 0.00083088188 0.00027957416
vn 0.000514388783 0.000822987407 0.00024097717
vn 0.000491802755 0.00083927979 0.000231761791
vn 0.00050945807 0.000838928157 0.000191379615
vn 0.00053364865 0.000822027796 0.000198654525
vn 0.000552262994 0.000819419161 0.000153401386
vn 0.000542275026 0.000826450647 0.000151298518
vn 0.000561542984 0.000820505898 0.000106834494
vn 0.000552660786 0.000826656062 0.000105735613
vn 0.000571334094 0.000818555476 5.93162404e-05
vn 0.000573170721 0.000817263965 5.9404385e-05
vn 0.000580751861 0.000813976803 1.19526094e-05
vn 0.000558875443 0.000829135708 1.28956144e-05
vn 0.000568333664 0.000822002359 -3.58196376e-05
vn 0.000533427461 0.000845244969 -3.14666431e-05
vn 0.000536948792 0.0008400511 -7.72922358e-05
vn 0.000577162253 0.000812085927 -8.58732528e-05
vn 0.000569791941 0.000810988131 -0.00013270069
vn 0.00056035025 0.000817778753 -0.000131223016
vn 0.00055156328 0.000814643514 -0.000179187089
vn 0.00056286453 0.000806273834 -0.000181879455
vn 0.000553194841 0.000799294212 -0.000234687861
vn 0.000516942702 0.000828068936 -0.000216901186
vn 0.000496710185 0.000828331569 -0.00025907543
vn 0.000510419253 0.000817267282 -0.000267433526
vn 0.000490306003 0.000813982624 -0.000311458483
vn 0.000464417273 0.000835889718 -0.00029253916
vn 0.000445141108 0.000829214929 -0.000337973877
vn 0.0004454382 0.000828961493 -0.000338203477
vn 0.000423966092 0.000822262315 -0.000379620644
vn 0.000440195057 0.000805527437 -0.000396645628
vn 0.000407562853 0.000804360665 -0.00043228516
vn 0.00038468276 0.000826219388 -0.00041152761
vn 0.000355085242 0.00082027202 -0.000448377628
vn 0.000337172649 0.000841208966 -0.000422677433
vn 0.000304349902 0.00083516445 -0.000458088878
vn 0.000305642869 0.000833433587 -0.00046037478
vn 0.000267230382 0.000833388476 -0.000483762036
vn 0.000273369282 0.000823586597 -0.000496939232
vn 0.000231233425 0.000823793991 -0.000517560344
vn 0.000239478308 0.000806704222 -0.000540233625
vn 0.000195364963 0.000802796858 -0.000563315116
vn 0.000188682476 0.000821405672 -0.000538206135
vn 0.000144016929 0.000812716375 -0.000564557849
vn 0.000135507071 0.000842563459 -0.000521247392
vn 9.3140945e-05 0.000842165668 -0.000531089434
vn 9.78429598e-05 0.000809406803 -0.000579017738
vn 4.74596782e-05 0.000805160147 -0.000591133488
vn 4.64955447e-05 0.000828927266 -0.000557397667
vn 1.59713773e-06 0.000822298054 -0.000569032098
vn 9.26619691e-07 0.000816136017 -0.000577836763
vn -4.89646409e-05 0.000816648884 -0.000575031561
vn -4.9737293e-05 0.000812926737 -0.000580215943
vn -9.73923743e-05 0.000809411111 -0.000579087646
vn -9.18196965e-05 0.000825476949 -0.000556893996
vn -0.0001442598 0.000817077991 -0.000558163738
vn -0.000141405544 0.000823620008 -0.000549207267
vn -0.000186440346 0.000823777111 -0.000535355357
vn -0.000188991617 0.000819227193 -0.000541408546
vn -0.000234704523 0.000817810709 -0.000525426993
vn -0.000217969238 0.000841991976 -0.000493470347
vn -0.000263026712 0.000837898115 -0.000478244532
vn -0.00027013084 0.000828878547 -0.00048986089
vn -0.000313581259 0.000822292815 -0.000474842469
vn -0.000328064605 0.000805547577 -0.000493397471
vn -0.00036776546 0.000804389652 -0.000466561964
vn -0.000342972082 0.000835119747 -0.000430022512
vn -0.000380275393 0.000831141311 -0.000405671046
vn -0.000378596334 0.000832875376 -0.000403679966
vn -0.000417542906 0.000827329874 -0.000375709235
vn -0.000410417211 0.000833455357 -0.000369978399
vn -0.000440124597 0.000833403959 -0.000334218756
vn -0.000446543709 0.000828233722 -0.000338528887
vn -0.000474911038 0.000826401578 -0.000302479661
vn -0.000493169297 0.000810630852 -0.000315651181
vn -0.000527308905 0.000804116484 -0.000274438265
vn -0.000499900256 0.000825302792 -0.000262581772
vn -0.000531320286 0.000817233522 -0.000223164781
vn -0.000538190594 0.000812070386 -0.00022553702
vn -0.000556105515 0.000811002974 -0.000181645693
vn -0.000544835289 0.000819629466 -0.000177020454
vn -0.000566470437 0.000813515682 -0.000131444234
vn -0.000534452265 0.000835758634 -0.000125867242
vn -0.000552181911 0.000829535886 -8.33037702e-05
vn -0.000566226779 0.000819905952 -8.43547095e-05
vn -0.000571116048 0.000820117362 -3.47592722e-05
vn -0.000575233833 0.000817233056 -3.47884124e-05
vn -0.000580772758 0.000813955674 1.23757627e-05
vn -0.000548785145 0.000835892046 9.66538573e-06
vn -0.000555679377 0.000829391705 5.74787809e-05
vn -0.000557691848 0.000828015269 5.78328254e-05
vn -0.000550845871 0.000827947224 0.000105101579
vn -0.000547518546 0.000830255623 0.000104274492
vn -0.000539885426 0.00082802691 0.000151225278
vn -0.000543503556 0.000825424213 0.000152489069
vn -0.000535835396 0.000820344198 0.000199724353
vn -0.000507298973 0.000841188012 0.000187148893
vn -0.000497634988 0.000835163926 0.000234168096
vn -0.000509339443 0.000826256408 0.000240515612
vn -0.000487726065 0.000826514792 0.000281017565
vn -0.000499838614 0.000816402899 0.000289174059
vn -0.000477103167 0.000814703002 0.000329553644
vn -0.000461672083 0.000827212352 0.000320238236
vn -0.000439221185 0.000821398746 0.000363817089
vn -0.00043769629 0.000822810398 0.000362462306
vn -0.0004057388 0.000823179842 0.000397146418
vn -0.000406112609 0.000822820526 0.00039750844
vn -0.000371354748 0.000823181123 0.000429467706
vn -0.00037347991 0.000820756308 0.000432256784
vn -0.000338427257 0.000817135093 0.000466616824
vn -0.000326785899 0.000832059479 0.000448176346
vn -0.000292799261 0.000824717281 0.000483822456
vn -0.000288410694 0.000831007143 0.000475626584
vn -0.000248754892 0.00082965102 0.000499774178
vn -0.000254651823 0.000819119799 0.00051397417
vn -0.000212268264 0.00081531622 0.000538679888
vn -0.000210319093 0.000819822948 0.000532569538
vn -0.000167218459 0.000815612206 0.000553885184
vn -0.000159245057 0.000839226355 0.000519917172
vn -0.000114904535 0.000838969194 0.000531885074
vn -0.000120496945 0.000812557584 0.000570267322
vn -7.20441967e-05 0.000810731086 0.000580946507
vn -7.04377671e-05 0.000828717602 0.000555193343
vn 6.74581242e-05 -0.000990154105 -0.000122549493
vn 8.40707362e-05 -0.000990710221 -0.000106768101
vn 9.97515745e-05 -0.000990895787 -9.02724278e-05
vn 8.8536588e-05 -0.000994934118 -4.73408909e-05
vn 1.26824589e-05 -0.000989755616 -0.00014211642
vn 5.91121307e-07 -0.000991249108 -0.000131904744
vn -1.24295993e-05 -0.000987521722 -0.00015690962
vn -2.10035505e-05 -0.000991804991 -0.000125919716
vn -3.88771441e-05 -0.000986992847 -0.000155909715
vn -6.74764524e-05 -0.000985216233 -0.000157384304
vn -4.4747052e-05 -0.000990460045 -0.000130232656
vn -5.69254844e-05 -0.00099283189 -0.000104969367
vn -0.000100848534 -0.000986102736 -0.000131928115
vn 5.42373236e-05 -0.000986135332 -0.000156747032
vn 0.000180603733 -0.000982656959 -4.17297524e-05
vn 0.000600357656 -0.000787247787 -0.000140661636
vn 0.000161252596 -0.000985335442 -5.55507468e-05
vn 9.24120322e-05 -0.000995258102 -2.99233288e-05
vn 0.000586581009 -0.000787266763 -0.000190020597
vn 0.000591631164 -0.000783014868 -0.000191922765
vn 0.000148595864 -0.000986783183 -6.44398315e-05
vn 0.000108357875 -0.000993060181 -4.54325018e-05
vn 0.000545695133 -0.000806112424 -0.000228852761
vn 0.000573339174 -0.000782858522 -0.000241637899
vn 0.000142152319 -0.000987047912 -7.41834447e-05
vn 0.000524687872 -0.000806073309 -0.000273719605
vn 0.000530342339 -0.000801254995 -0.000276950042
vn 0.00013850737 -0.000986214145 -9.03964174e-05
vn 8.63008463e-05 -0.000994756003 -5.46517258e-05
vn 0.00049993326 -0.00080606743 -0.000316695601
vn 0.00050536159 -0.000801234273 -0.000320323859
vn 0.000815451494 -0.000260286062 -0.000516975881
vn 0.000136087998 -0.000985055347 -0.000105451931
vn 0.000101130063 -0.000991903595 -7.66423982e-05
vn 0.000471672043 -0.00080610154 -0.000357351062
vn 0.000476744899 -0.000801246206 -0.000361514598
vn 0.000769324193 -0.000260292843 -0.00058340549
vn 0.000769889448 -0.000257344975 -0.000583967252
vn 0.000114637878 -0.000988034299 -0.000103055456
vn 0.000458561088 -0.000787287543 -0.000412157766
vn 0.000445372396 -0.000801387534 -0.00039924361
vn 0.00071720063 -0.000257295702 -0.000647608016
vn 0.000746651669 -2.47581575e-05 -0.000664734922
vn 0.000111009627 -0.000986485626 -0.000120404125
vn 8.23219671e-05 -0.000992740621 -8.75411351e-05
vn 0.000405481376 -0.000806077733 -0.000431042572
vn 0.000425443141 -0.000782898045 -0.000453919842
vn 0.000662604056 -0.000260327244 -0.00070225331
vn 0.000680808211 -2.15244127e-05 -0.000732127752
vn 0.00036148238 -0.000814017141 -0.000454621477
vn 0.00037186165 -0.0008012412 -0.000468727696
vn 0.000600058876 -0.000260335248 -0.000756392081
vn 0.000600487809 -0.000257369567 -0.000757066242
vn 0.000566573581 0.000410746841 -0.000714321563
vn 8.97026985e-05 -0.000986939529 -0.000133708745
vn 0.000327671878 -0.000806048512 -0.000492839958
vn 0.000326533598 -0.000807596778 -0.000491057173
vn 0.00053468626 -0.000260319153 -0.0008039393
vn 0.000534998544 -0.000257396692 -0.000804672309
vn 0.000503665069 0.000415423274 -0.000757442671
vn 0.000501560979 0.000422666781 -0.00075482676
vn 0.000118363896 -0.000970628695 -0.000209389487
vn 0.000286574388 -0.000800983806 -0.000525617797
vn 0.000396678719 -0.000576080987 -0.000714668422
vn 0.000463299424 -0.000257290783 -0.000848014781
vn 0.000480383285 0.000145600876 -0.000864873757
vn 0.000434872782 0.000418319425 -0.000797413697
vn 0.000241250455 0.000158239607 -0.000957461481
vn 0.000245711504 -0.00023107804 -0.000941383536
vn 0.000160933487 -0.000227654877 -0.000960337406
vn 0.000171534746 -3.97961776e-05 -0.000984360813
vn 7.88963516e-05 -2.4731653e-05 -0.000996563118
vn 8.3042898e-05 -0.00026038065 -0.000961914659
vn -1.35093842e-06 -0.000257340173 -0.000966306659
vn 5.62455034e-06 -2.47855914e-05 -0.000999664073
vn -8.87348142e-05 -2.15176333e-05 -0.000995809794
vn 0.000103351558 -0.000787323574 -0.000607794384
vn 5.14608182e-05 -0.000782892224 -0.000620004663
vn -0.000438933261 0.000410753739 -0.000799120171
vn -0.000505146279 0.000423343387 -0.000752051652
vn 3.32102754e-05 -0.000990171684 -0.0001357617
vn 5.00290262e-05 -0.000806038734 -0.000589722651
vn 1.30208923e-06 -0.000801348477 -0.000598174811
vn -6.30671129e-05 -0.000582120789 -0.000810636731
vn -0.000140821227 -0.000571686716 -0.000808280834
vn 1.02086678e-05 -0.00099267601 -0.000120266792
vn -0.000193591826 -0.000606993621 -0.000770749699
vn -0.000266779476 -0.000596187427 -0.00075720757
vn -0.000387996959 -0.000260388741 -0.000884098466
vn -0.000465211342 -0.0002573159 -0.000846959825
vn -0.000624625129 0.000408228079 -0.000665708329
vn -0.000675398565 0.000416546565 -0.00060852262
vn -3.10970645e-05 -0.000983431702 -0.000178519826
vn -0.000214936619 -0.0007465948 -0.000629581336
vn -0.000274643622 -0.000742474862 -0.00061096315
vn -0.000597949198 -0.000260336732 -0.000758060429
vn -0.000661246071 -0.000257429463 -0.000704597624
vn -4.2605112e-05 -0.000994465547 -9.59008321e-05
vn -0.000340740022 -0.000787286903 -0.000513857813
vn -0.000386886823 -0.000782911142 -0.000487178419
vn -0.000768810569 -0.000260340428 -0.000584060908
vn -0.000816611282 -0.000257330481 -0.000516625005
vn -0.000840847846 -3.98010961e-05 -0.00053978205
vn -0.000885888585 -2.54807874e-05 -0.000463169708
vn -6.06650174e-05 -0.000995200593 -7.66145677e-05
vn -0.000430692016 -0.00081456732 -0.00038853375
vn -0.00046749544 -0.000809477468 -0.000355201919
vn -0.000922799984 0.000380022277 -6.32235096e-05
vn -0.000921228726 0.000388515648 1.91626841e-05
vn -0.000403334241 -0.000876498525 -0.00026276632
vn -0.000487707061 -0.000834837847 -0.000255267892
vn -0.000939228048 -0.000260320114 -0.000223737065
vn -0.000956138247 -0.000257338252 -0.000139823867
vn -0.000988118816 -2.47872849e-05 -0.000151594315
vn -0.00099812448 -2.14320644e-05 -5.71165729e-05
vn -0.000425447273 -0.00087621843 -0.000226296077
vn -0.000509796839 -0.000833084167 -0.000214597516
vn -0.000742510601 -0.000623040833 -0.00024591104
vn -0.000770611165 -0.000612143078 -0.000177238413
vn -0.000874243153 -0.000481551746 -6.14907331e-05
vn -0.000882938853 -0.000468896324 2.30121077e-05
vn -0.000965325336 -0.000260374421 1.80617208e-05
vn -0.000960741076 -0.000257346139 0.000103554885
vn -0.000933341216 0.000247297605 0.000260177214
vn -0.00090303953 0.000263636117 0.000339101069
vn -0.000855206454 0.000410472974 0.000316398451
vn -0.000820030691 0.000422675337 0.000385835767
vn -0.000563158072 -0.000815081934 -0.000135899318
vn -0.000580305641 -0.000809715595 -8.70639124e-05
vn -0.000823170994 0.000415454444 0.000386990345
vn -0.000785827637 0.000418339798 0.000455456815
vn -0.000813196064 -0.000576148857 8.20906134e-05
vn -0.000806312251 -0.00057151739 0.000152323613
vn -0.00083201204 0.000282930851 0.000477158348
vn -0.000786811812 0.000285902293 0.000546956318
vn -0.000691335415 0.000253799546 0.000676472555
vn -0.000631379778 0.000256916595 0.000731660868
vn -0.000151956207 -0.00098764291 3.8011498e-05
vn -0.000322935084 -0.000939023856 0.000117988711
vn -0.000686810294 -0.000550703786 0.000474332308
vn -0.000645506487 -0.000546458003 0.000533553422
vn -0.000152563487 -0.000984870247 8.20312343e-05
vn -0.00034711929 -0.000906204106 0.00024140501
vn -0.000545827381 -0.000550598721 0.000631575473
vn -0.000492536288 -0.00054643763 0.000677338976
vn -0.000129595792 -0.000986339292 0.000101556769
vn -0.000273141341 -0.000924131658 0.000267111551
vn -0.000210207858 0.000132766916 0.000968586362
vn -0.000120440716 0.000146270744 0.000981872203
vn -0.000106068794 -0.000989544322 9.75995063e-05
vn -0.000292998564 -0.000893998193 0.000338958955
vn -0.000365511311 -0.000576103514 0.000731081527
vn -0.000304706977 -0.000571695564 0.000761768839
vn 3.48721333e-05 0.000407883228 0.000912353687
vn 0.000113631017 0.000416617695 0.000901937776
vn -8.48847485e-05 -0.000990449917 0.000108525164
vn -0.000250744197 -0.000875464641 0.000413114147
vn -0.000123030404 -0.000322071195 0.000938673445
vn -3.62177416e-05 -0.000313575903 0.000948858447
vn -8.69812502e-05 -0.000987348845 0.000132478352
vn -0.000225242431 -0.000862601795 0.000452943932
vn -0.000172208704 -0.000576167076 0.0007989679
vn -0.000100027341 -0.000571210578 0.000814669882
vn 0.000199098213 0.00024389707 0.000949130277
vn 0.000281288143 0.000254692102 0.000925193599
vn 0.000267686817 0.000358744292 0.0008942149
vn 0.000346359098 0.000362045743 0.000865408743
vn -5.09568636e-05 -0.000991981127 0.000115546463
vn -0.000159310744 -0.000834688719 0.000527151569
vn -3.81242098e-05 -0.000576124934 0.000816456159
vn 3.72250797e-05 -0.000571122335 0.000820004672
vn 0.000402947335 0.000407867949 0.000819299312
vn 0.000470705854 0.00041655224 0.000777749519
vn -2.96440448e-05 -0.000940839702 0.000337514473
vn -5.84808413e-06 -0.000978122232 0.000207886245
vn 0.000173026405 -0.000550645986 0.000816593412
vn 0.000240475536 -0.000546583033 0.000802117516
vn 4.55746995e-05 -0.00095849752 0.000281388551
vn 3.71808856e-05 -0.000983764068 0.000175499852
vn 0.000706120802 0.000136131071 0.000694863964
vn 0.000760989729 0.000157202099 0.000629409624
vn 0.000162197597 -0.000937088393 0.000309081603
vn 0.000128965097 -0.000968422624 0.000213306426
vn 0.000583679008 -0.000575997517 0.000572293473
vn 0.000632063311 -0.000571440498 0.000523379131
vn 0.000188733422 -0.000959975354 0.000206884302
vn 0.000131598936 -0.000982857542 0.000129022214
vn 0.000707666215 -0.000575991115 0.000409165892
vn 0.000741156924 -0.00057167426 0.000351922034
vn 0.000972973648 0.000136735034 0.000186010555
vn 0.000982383615 0.00015812245 9.94666116e-05
vn 0.000911565148 0.000410665263 1.94207623e-05
vn 0.000904482382 0.000422653597 -5.70055745e-05
vn 0.000226936492 -0.000962280144 0.000149968721
vn 0.000174143672 -0.000979548204 0.000100664882
vn 0.000787176308 -0.000576011778 0.000220313595
vn 0.000805996591 -0.000571491779 0.000154079957
vn 0.000941065024 -0.000322009524 0.000103347971
vn 0.000949211186 -0.000313947909 2.02226438e-05
vn 0.000260141649 -0.000958394492 0.000117390438
vn 0.000177106718 -0.000981963589 6.59906509e-05
vn 0.000963659375 -0.00026021761 -6.01794018e-05
vn 0.000955787022 -0.000257173553 -0.000142502948
vn 0.000989759341 -2.48206034e-05 -0.000140480595
vn 0.000973413815 -2.16272674e-05 -0.000227973855
vn 0.000256046595 -0.000962527585 8.91901072e-05
vn 0.000183042837 -0.000981755904 5.12349834e-05
vn 0.000973382557 -2.461652e-05 -0.000227803364
vn 0.000950709509 -2.16166027e-05 -0.000309286581
vn 0.000810012803 0.000408040854 -0.000421136618
vn 0.000767617719 0.000416627357 -0.000486989535
vn 0.00026344572 -0.000963602681 4.5170149e-05
vn 0.00020408706 -0.000978629454 2.46347863e-05
vn 0.000577631989 -0.000816129206 1.57643517e-05
vn 0.000587425893 -0.000808430137 -3.66838904e-05
vn 0.000726445869 0.000410776061 -0.000550920609
vn 0.000670175417 0.000423358957 -0.000609595096
vn 0.000317877566 -0.000947711815 2.77554882e-05
vn 0.000224288087 -0.000974508876 -1.28514887e-06
vn 0.000577275874 -0.000815754582 -3.56538694e-05
vn 0.000582242908 -0.000808584329 -8.46081457e-05
vn 0.000897851307 -0.000230950012 -0.000374832423
vn 0.000862598594 -0.000227633049 -0.000451753207
vn 0.000216980698 0.000514414685 -0.00082962116
vn 0.000138342933 0.000516890897 -0.000844783499
vn 8.07851684e-05 0.000410038338 -0.000908469257
vn -4.58973363e-06 0.000423396181 -0.000905918772
vn 0.000197378497 -0.000592639553 -0.000780893199
vn -7.69386534e-05 0.000243786388 -0.000966758875
vn -0.000165512465 0.000255118648 -0.00095262489
vn 0.000150222055 -0.00080626033 -0.000572146557
vn 0.000101032703 -0.000801372982 -0.00058954861
vn -0.000160989628 -3.59699552e-05 -0.000986287254
vn -0.000252401631 -1.07910228e-05 -0.000967548985
vn -0.000243801449 0.000145653263 -0.000958811783
vn -0.000324644061 0.000148170744 -0.000934144366
vn -0.000321229629 0.000182423886 -0.000929250789
vn -0.000403254235 0.000194271532 -0.000894214027
vn -0.000369275658 0.00041054163 -0.000833705766
vn -0.000436670292 0.000422724872 -0.000794101274
vn -0.000621825631 0.000418304437 -0.000662063714
vn -0.000561128778 0.000415172952 -0.000716058712
vn -5.45193252e-05 -0.00078271993 -0.000619960774
vn 5.36135133e-07 -0.000787277182 -0.000616577978
vn 2.30156875e-05 -0.000990513829 -0.000135375914
vn 2.36470678e-05 -0.000990087166 -0.000138356059
vn 9.99590668e-08 -0.000993296737 -0.00011548066
vn -9.93053618e-05 -0.000787447789 -0.000608308066
vn -0.000157155941 -0.000782712013 -0.000602194283
vn -0.000464760524 -0.000260280154 -0.00084630138
vn -0.000535865547 -0.000257265085 -0.00080413738
vn -0.000548536424 -2.47731841e-05 -0.000835744082
vn -0.000624805514 -2.15254349e-05 -0.00078046706
vn -0.00067574979 0.000415449176 -0.000608882809
vn -0.00072334311 0.000418249459 -0.000549377932
vn -0.000769248581 0.000418357027 -0.000482916395
vn -0.000724335434 0.000415458664 -0.000550187542
vn -9.15692362e-06 -0.000991636422 -0.00012863669
vn -3.57511053e-05 -0.000988760032 -0.000145084443
vn -0.000240255555 -0.000806078722 -0.000540822046
vn -0.000288017123 -0.000801203074 -0.000524493866
vn -0.000660606427 -0.000260315137 -0.000704137259
vn -0.000717871648 -0.000257424894 -0.000646812958
vn -0.000769456732 -0.000257367996 -0.00058452721
vn -0.000717255345 -0.000260263245 -0.000646360568
vn -0.000329933187 -0.000801389106 -0.000498892623
vn -0.000284648268 -0.000806079654 -0.000518830551
vn -6.42904561e-05 -0.000981124118 -0.000182308082
vn -7.27479928e-05 -0.000988484011 -0.000132593705
vn -0.000367175264 -0.000806081574 -0.000464100245
vn -0.000409362343 -0.000801237649 -0.000436365546
vn -0.000885442249 -3.45402805e-05 -0.000463436183
vn -0.00092186156 -1.17953241e-05 -0.000387306296
vn -0.000887118164 0.000410256267 -0.000211389386
vn -0.000896887097 0.000423358695 -0.000127809471
vn -0.000963913451 0.000146209684 -0.000222413102
vn -0.000941886159 0.000133019363 -0.000308432209
vn -0.000951965048 -2.15240434e-05 -0.000305406895
vn -0.000921386236 -2.45243773e-05 -0.000387840264
vn -0.00043689544 -0.000808705343 -0.000393817492
vn -0.000397292286 -0.000813659688 -0.000424370926
vn -6.63210085e-05 -0.000992765068 -9.99651529e-05
vn -9.0889087e-05 -0.000985859544 -0.000140692006
vn -0.000900779967 0.000423070102 9.78837124e-05
vn -0.000911469804 0.000410855981 1.98570597e-05
vn -0.000494786189 -0.000809645513 -0.000315650308
vn -0.000461663498 -0.000814599625 -0.000351096067
vn -0.000115133138 -0.000985802617 -0.000122113735
vn -0.000931442715 0.00025455479 0.000259981316
vn -0.000952958653 0.000244059556 0.00017966317
vn -0.000971118629 0.000148184088 0.000186933888
vn -0.000984341372 0.000145671715 9.91255365e-05
vn -0.000582289242 -0.000791345781 -0.000186239762
vn -0.000558563508 -0.000796216889 -0.000232421371
vn -0.000610621762 -0.000791171507 -3.40965162e-05
vn -0.000598046114 -0.000796500361 -8.88942814e-05
vn -0.000579075073 -0.000815227802 7.05982529e-06
vn -0.000584183726 -0.00080909708 6.37605626e-05
vn -0.000820033834 -0.000550649478 0.000155896763
vn -0.000806707132 -0.000546465511 0.000224884468
vn -0.000888922717 -0.000321927218 0.000325811561
vn -0.000859228254 -0.000313895376 0.000403943734
vn -0.000797121087 0.00024413316 0.000552241981
vn -0.000745345897 0.00025448433 0.00061617489
vn -0.000690685061 0.000256874599 0.00067597616
vn -0.000745525525 0.000253795239 0.000616241596
vn -0.000821143913 -0.000313669181 0.000476768502
vn -0.000857002044 -0.000321701984 0.000402528647
vn -0.000784009811 -0.000546228199 0.000294851954
vn -0.000804128707 -0.00055061694 0.000223991272
vn -0.000159135336 -0.000987166888 1.2307094e-05
vn -0.000338912156 -0.000938597135 6.44069587e-05
vn -0.000773186737 -0.000453521294 0.000443254801
vn -0.000733699824 -0.000446813559 0.000511875434
vn -0.00063391187 0.000244248455 0.000733806984
vn -0.000568471791 0.000254541228 0.000782318937
vn -0.000406519772 0.000388771063 0.000826784642
vn -0.000480367511 0.000380479702 0.000790225458
vn -0.000497463043 0.000263573398 0.000826458563
vn -0.000569839962 0.000247306802 0.000783642696
vn -0.000341776147 -0.000934933254 9.52008777e-05
vn -0.000157033632 -0.000987244421 2.57473494e-05
vn -0.000192706284 -0.00097905111 6.55550102e-05
vn -0.000377671444 -0.000908776128 0.000177382259
vn -0.00064348965 -0.000550627825 0.000531699392
vn -0.000598583836 -0.000546466792 0.000585701026
vn -0.000347492605 0.00035435133 0.000868134957
vn -0.0002690939 0.000365535874 0.00089103647
vn -0.000188023259 0.000390604546 0.000901137886
vn -0.00026551995 0.000387773995 0.000882669003
vn -0.000360184145 0.00015804678 0.000919381797
vn -0.000444361445 0.000135693277 0.000885496615
vn -0.000547490199 -0.000546445895 0.000633739168
vn -0.000596775906 -0.000550588244 0.000583682558
vn -0.000375008181 -0.000901276362 0.000216895845
vn -0.000184128876 -0.000979612698 8.01858987e-05
vn -3.4742432e-05 0.000423129241 0.000905388733
vn -0.000117499585 0.000410260516 0.000904353103
vn -0.000400960736 -0.000419325544 0.000814475818
vn -0.000471539737 -0.000425924343 0.000772148196
vn -0.000432693749 -0.000546279072 0.000717167626
vn -0.000491078303 -0.000550610363 0.000675014278
vn -0.000320780033 -0.000909304945 0.000265025796
vn -0.000123250269 -0.000989126507 8.00775233e-05
vn 0.000195530753 0.000366154854 0.000909765076
vn 0.000114582916 0.000359956553 0.000925892033
vn 4.50130974e-05 0.000148304316 0.000987903681
vn -4.57402239e-05 0.000145590951 0.000988273881
vn -0.000185834302 -0.000419384422 0.000888569921
vn -0.000264015369 -0.000425934442 0.000865361188
vn -0.000245436357 -0.000520093308 0.000818069791
vn -0.000313947268 -0.000524269824 0.000791550556
vn -0.00027423061 -0.000884691486 0.00037695191
vn -9.5112533e-05 -0.000990128727 0.000102824837
vn 0.000122461221 -0.000313531113 0.000941634586
vn 3.52397219e-05 -0.000322054664 0.000946051267
vn -0.000190763167 -0.000855853315 0.000480727234
vn -6.08019836e-05 -0.000991937704 0.000111071022
vn -4.80022245e-05 -0.000989114633 0.000139004347
vn -0.000115675721 -0.00083283725 0.000541272049
vn 0.000360255712 0.000145584156 0.000921409344
vn 0.000442945427 0.000148264517 0.000884189445
vn 0.000470942032 0.000415458839 0.000778191257
vn 0.000536332838 0.00041839818 0.000732983113
vn 0.00017838116 -0.000520180562 0.000835204322
vn 0.000102334547 -0.000524480827 0.000845234492
vn -2.86786926e-05 -0.000979027012 0.000201638235
vn -0.00012161483 -0.00081186305 0.000571018667
vn -1.38837891e-06 -0.000958396005 0.000285392802
vn 5.33306229e-06 -0.000979105127 0.000203220494
vn 0.000245618576 -0.0005242966 0.000815327221
vn 0.000316004967 -0.000520089059 0.000793487416
vn 0.000416989991 -0.000322019478 0.000849939359
vn 0.000491550425 -0.000313953875 0.00081227161
vn 0.000578024483 0.000145579528 0.0008029124
vn 0.000647439796 0.000148239094 0.000747543294
vn 0.000632075767 0.000244009658 0.000735468173
vn 0.000692409172 0.00025482304 0.000674988085
vn 0.000560995017 -0.000313539786 0.000766127603
vn 0.000489905418 -0.000321736385 0.000810217578
vn 0.000367519533 -0.000571179262 0.000733933062
vn 0.000300436455 -0.000575992977 0.000760226394
vn 2.91631095e-05 -0.000977644697 0.000208169527
vn 2.63354777e-05 -0.000940869679 0.000337705336
vn 6.85811901e-05 -0.000958599558 0.000276328734
vn 5.19029199e-05 -0.000983668258 0.000172269487
vn 0.000762044976 0.000145679136 0.000630903698
vn 0.000812196755 0.000148210107 0.00056422007
vn 9.10275339e-05 -0.000958729594 0.000269306125
vn 6.63751052e-05 -0.000983538688 0.000167989041
vn 0.000477257825 -0.000576178951 0.000663488463
vn 0.000535052153 -0.000571546261 0.000622115796
vn 0.000813564926 0.000133408495 0.000565940223
vn 0.000856725848 0.00014589593 0.000494681008
vn 0.000843051239 0.000358661666 0.000400749792
vn 0.000874944439 0.000362103397 0.000321445725
vn 0.000894947152 0.000158115057 0.000417184609
vn 0.000857701816 0.00013669733 0.000495616405
vn 0.000598865619 -0.000546359457 0.00058551284
vn 0.000545067072 -0.000550604484 0.0006322267
vn 9.06872228e-05 -0.000977622578 0.00018974705
vn 0.000110221452 -0.000960548758 0.000255287363
vn 0.000190489925 -0.000935022079 0.000299034204
vn 0.000130317174 -0.00097594707 0.000174695931
vn 0.000629523594 -0.000575998216 0.000521440525
vn 0.000673629926 -0.00057150767 0.00046858922
vn 0.000927513 0.000132808491 0.000349364534
vn 0.000952866743 0.000145744023 0.000266040821
vn 0.000908862974 0.000416623778 1.91498075e-05
vn 0.000907687878 0.000407907413 9.84295184e-05
vn 0.000970129739 0.000157318369 0.000184589982
vn 0.000954006857 0.000136658738 0.000266775722
vn 0.000710489461 -0.000571467797 0.000410613458
vn 0.000670924899 -0.000576072838 0.000466876838
vn 0.00011980399 -0.000983007951 0.000138983989
vn 0.000171649939 -0.000959653 0.000222657589
vn 0.000204294498 -0.000960316393 0.000189815793
vn 0.000142590492 -0.00098269491 0.000118123164
vn 0.000770255341 -0.000524287228 0.00036304805
vn 0.000801128102 -0.000520088943 0.000296100712
vn 0.00090996857 0.000410719163 -5.69311851e-05
vn 0.000895577308 0.000423297897 -0.000136872826
vn 0.000790257007 -0.000571507495 0.000221013892
vn 0.000765968463 -0.000576029532 0.000285405578
vn 0.000152707944 -0.000982528436 0.000106264612
vn 0.000218223824 -0.00096069643 0.00017150733
vn 0.000757925736 0.000516971922 -0.00039782247
vn 0.000792295439 0.000514434301 -0.000328023132
vn 0.000964417413 -0.000257359265 -6.03283588e-05
vn 0.000965383369 -0.000260147528 1.82264994e-05
vn 0.000816588814 -0.000571206037 8.2948136e-05
vn 0.000802897732 -0.000575942569 0.000153686982
vn 0.00018323875 -0.000979253789 8.63697423e-05
vn 0.000245297386 -0.000959770114 0.000136545073
vn 0.000721795077 0.000422724464 -0.000547987118
vn 0.00076996244 0.000410769135 -0.000488263002
vn 0.000919760263 -2.47321659e-05 -0.000391667505
vn 0.000950469868 -3.90330351e-05 -0.000308314018
vn 0.000187761281 -0.000981543679 3.5940815e-05
vn 0.000260716741 -0.000963056111 6.72599417e-05
vn 0.000598329643 -0.000796418171 -8.77154816e-05
vn 0.000597247796 -0.000789767306 -0.000139774143
vn 0.000855862221 -0.000260290632 -0.000446903461
vn 0.000816053245 -0.000257364387 -0.000517488807
vn 0.000628602633 0.000407712767 -0.000662271224
vn 0.000564773334 0.000416595343 -0.000712357636
vn 7.12169713e-05 -0.000984380022 -0.000160928801
vn 8.85169284e-05 -0.000974886003 -0.000204294236
vn 0.000324098248 -0.000609718903 -0.000723309815
vn 0.000334088225 -0.000571471523 -0.000749519502
vn 0.000403466256 0.000133380832 -0.000905206369
vn 0.00040202809 0.000148214123 -0.000903537439
vn 4.65932972e-05 -0.000982545665 -0.000180020041
vn 6.35154283e-05 -0.00098153099 -0.000180379633
vn 0.00026267863 -0.000603840163 -0.000752563181
vn 0.000263732742 -0.000598653394 -0.000756328925
vn 0.000326161971 0.000136667179 -0.000935368531
vn 0.000325364992 0.00014575987 -0.000934272888
vn -6.66679844e-05 -0.00063888717 0.000766389421
vn 0.000587101385 -0.000606903282 -0.00053568132
vn -0.000132205343 -0.000619799888 0.000773526903
vn -0.000133531823 -0.00061159709 0.000779802736
vn 0.000645392109 -0.000631506729 0.000429700536
vn 0.00061988231 -0.000621800951 -0.00047862684
vn 0.000623564702 -0.000616111502 -0.000481194118
vn -0.000520008092 -0.000750252337 -0.000408273278
vn -0.000193698826 -0.000626821013 0.00075468549
vn -0.000198152775 -0.000607663416 0.00076906092
vn 0.000612352684 -0.000627284055 0.000481157884
vn 0.00060600118 -0.000637547811 0.000475677749
vn 0.000532161794 -0.000774556363 -0.000341819308
vn 0.000650371134 -0.000630469818 -0.000423673569
vn -0.000460092677 -0.000779148366 -0.000425695587
vn -0.000482448697 -0.00075274572 -0.00044787419
vn -0.000245303789 -0.000659488549 0.000710545457
vn -0.000261322188 -0.000606776448 0.000750671315
vn 0.000569331693 -0.000629296817 0.000528981269
vn 0.000565774972 -0.000635501347 0.000525367388
vn 0.000543710892 -0.000786916586 -0.000291744451
vn 0.000551218167 -0.000780304777 -0.000295392994
vn 0.00055619952 -0.000794310065 -0.000244311173
vn 0.000715104979 -0.000627774571 -0.000307405629
vn 0.000133419613 -0.000612610893 -0.000779025839
vn 0.000131594745 -0.000623752363 -0.000770447892
vn 3.13211808e-06 -0.000665182597 -0.000746656791
vn 2.74502145e-06 -0.000757266942 -0.000653079944
vn 2.3215398e-06 -0.000766538025 -0.000642174622
vn -0.000126620289 -0.000631415867 -0.000765020028
vn -0.000100522993 -0.000768974482 -0.000631306146
vn -0.000253495731 -0.000611774158 -0.000749297265
vn -0.00025096786 -0.000623052765 -0.000740806689
vn -0.000333674165 -0.000710342778 -0.000619716768
vn -0.000293578458 -0.000781550421 -0.000550422235
vn -0.000464892073 -0.000648488582 -0.000602753658
vn -0.000459458941 -0.000659467827 -0.000594956917
vn -0.000557749765 -0.000743207522 -0.000369501999
vn -0.000495391898 -0.000777436537 -0.00038749646
vn -0.000403687212 -0.000887947157 -0.000220364149
vn -0.000314108504 -0.000928221445 -0.000199286369
vn -0.000624501146 -0.0007502386 -0.000217058347
vn -0.000573760655 -0.000779044698 -0.000252709695
vn -0.000409255648 -0.000893379678 -0.000185355311
vn -0.000320684368 -0.000931688119 -0.000170566345
vn -0.000640652317 -0.000749853323 -0.00016510181
vn -0.000599835301 -0.000772724394 -0.000207530175
vn -0.000651520619 -0.000750376959 -0.000111487207
vn -0.000607033027 -0.000779342314 -0.000155276342
vn -0.000667325221 -0.000742456294 -5.83940127e-05
vn -0.00061982451 -0.000777672627 -0.000104962302
vn -0.000778017915 -0.000615378143 0.00012638043
vn -0.000763864664 -0.000642288593 6.28523703e-05
vn -0.000670098991 -0.000742248783 -2.85685996e-06
vn -0.000626266759 -0.000777761685 -5.33920102e-05
vn -0.000763986434 -0.000616535486 0.000190217703
vn -0.000751576677 -0.000648006913 0.000123262071
vn -0.000659301993 -0.000750124687 5.10684222e-05
vn -0.000634475553 -0.000772924861 -1.50678284e-06
vn -0.000747484446 -0.000614113116 0.000253192266
vn -0.000742226315 -0.000643860258 0.000185790661
vn -0.000724548067 -0.000613463228 0.000314113277
vn -0.000724013662 -0.000644273008 0.000246354757
vn -0.000695326366 -0.000614561315 0.000372572016
vn -0.000697252632 -0.000649309484 0.000303661131
vn -0.000666213804 -0.000608527276 0.000431077613
vn -0.000671391608 -0.00064714608 0.000361122366
vn -0.000626218389 -0.000615407713 0.000478641799
vn -0.000637012185 -0.000650304311 0.000413876463
vn -0.000541210116 -0.000606329821 0.000582606124
vn -0.000560483721 -0.000647442997 0.000516381231
vn -0.000488889636 -0.000610636023 0.000622964522
vn -0.000514772139 -0.000652021321 0.00055664347
vn -0.000390979432 -0.00086752983 0.00030741017
vn -0.000495673099 -0.00074070011 0.000453481713
vn -0.000469945895 -0.000646430592 0.000601042761
vn -0.000438949181 -0.000603833352 0.000665344356
vn -0.000415440009 -0.000653320691 0.000632894749
vn -0.000380410405 -0.000608792005 0.000696156756
vn -0.000360230799 -0.000656511169 0.000662722392
vn -3.33273783e-06 -0.000638400263 0.000769680424
vn -6.86713247e-05 -0.000620223815 0.000781396811
vn 6.02755608e-05 -0.000640364422 0.000765685458
vn -3.83841279e-06 -0.000625479151 0.000780214788
vn 0.000123806734 -0.000634332711 0.000763064891
vn 6.07539369e-05 -0.000623710046 0.000779274502
vn 0.00018575594 -0.000639642938 0.000745872327
vn 0.000124573533 -0.00062635669 0.00076950161
vn 0.000248153607 -0.000632636889 0.000733596913
vn 0.000188773905 -0.000620939594 0.000760770927
vn 0.000303131907 -0.000638479949 0.000707409694
vn 0.000249369477 -0.000627247384 0.000737800554
vn 0.00042647685 -0.000626477064 0.000652394083
vn 0.000473031861 -0.000632563897 0.000613251876
vn 0.000263857568 -0.000747928687 0.000609061564
vn 0.000230337348 -0.000872836274 0.000430204294
vn 0.000475921144 -0.000626360474 0.000617369951
vn 0.000312883029 -0.000739284791 0.000596268743
vn 0.000267065276 -0.000867513358 0.000419608172
vn 0.000522235816 -0.000632354699 0.000572163728
vn 0.00052633998 -0.00062443252 0.000577082683
vn 0.000728355313 -0.000636634126 0.000253317121
vn 0.000710763852 -0.00063081854 0.000311218144
vn 0.000748579332 -0.000634301163 0.000193041662
vn 0.000736463 -0.000625940622 0.000256504864
vn 0.000433346664 -0.000869625714 0.000236508218
vn 0.000541130663 -0.000761611969 0.000356509234
vn 0.000760387513 -0.000636286451 0.000130095286
vn 0.000751429528 -0.000630671566 0.000193858767
vn 0.000461472053 -0.000862223213 0.000208779369
vn 0.000580554071 -0.000747374725 0.000323051383
vn 0.000773381675 -0.000630318304 6.74811308e-05
vn 0.000766593614 -0.000628516311 0.000131436667
vn 0.000774661254 -0.000628724752 6.76696582e-05
vn 0.000776412548 -0.000630178722 5.70827524e-06
vn 0.000668838795 -0.00074338814 1.69220664e-06
vn 0.000633032178 -0.000772509375 -4.97356632e-05
vn 0.000660618534 -0.000748969673 -5.10066711e-05
vn 0.000764986908 -0.00063139532 -0.000126922168
vn 0.000626674504 -0.000772859785 -9.97048555e-05
vn 0.000733159424 -0.000655136304 -0.000182339529
vn 0.000706219755 -0.000685528503 -0.000176857298
vn 0.00019431024 -0.000625375018 -0.000755727349
vn 0.000196934096 -0.000613903743 -0.0007644039
vn 5.32076192e-05 -0.000765542034 -0.000641161867
vn 7.04165359e-05 -0.00061488006 -0.000785454002
vn -4.92249419e-05 -0.000781816023 -0.00062154216
vn -5.02229086e-05 -0.000762738695 -0.000644733431
vn -0.000188764505 -0.000625823042 -0.000756761234
vn -0.000190042978 -0.000617612735 -0.000763159478
vn -0.000250671408 -0.000781733252 -0.000570991368
vn -0.000311977463 -0.000614210265 -0.000724837824
vn -0.000380147656 -0.000712790934 -0.0005893989
vn -0.000419486052 -0.000638337748 -0.000645391643
vn -0.000404676684 -0.000801517977 -0.000440204225
vn -0.000496958033 -0.00067250157 -0.000548405398
vn -4.9822349e-05 -0.000997255207 -5.45316361e-05
vn -8.97169666e-05 -0.000992669724 -8.08206896e-05
vn -5.96276623e-05 -0.000996712828 -5.46081683e-05
vn -0.000116094918 -0.000989288557 -8.83419125e-05
vn -6.07159054e-05 -0.000997011783 -4.74862827e-05
vn -0.000125848295 -0.000988773885 -8.03894436e-05
vn -6.64546897e-05 -0.000997347874 -2.92418845e-05
vn -0.000163807694 -0.00098501856 -5.36622174e-05
vn -8.8473309e-05 -0.000995595241 -3.06025177e-05
vn -0.000185680401 -0.000981625752 -4.36771297e-05
vn -6.67894201e-05 -0.000997607945 -1.70792428e-05
vn -0.000194176086 -0.000980529701 -2.88336796e-05
vn -6.6462846e-05 -0.00099771237 -1.12625576e-05
vn -0.000203026051 -0.000979070435 -1.32422592e-05
vn -0.000103416358 -0.000994586037 -8.82034055e-06
vn -0.000224092189 -0.000974544324 4.48411402e-06
vn -6.43600724e-05 -0.000997913769 -1.57678357e-07
vn -0.000147325685 -0.000989005785 1.17002692e-05
vn -0.000323628454 -0.000602757733 0.000729329651
vn -0.000304904999 -0.000654430245 0.000691901776
vn -6.34893422e-06 -0.000999471988 3.14573554e-05
vn 0.000136464136 -0.000990631757 7.85431666e-07
vn 7.44947683e-05 -0.000997191877 -5.74042906e-06
vn 0.000155338988 -0.000987801468 -9.60558737e-06
vn 7.54797657e-05 -0.000997060444 -1.21443236e-05
vn 0.00014183305 -0.000989660504 -2.07288558e-05
vn 7.67031306e-05 -0.000996861025 -1.89439361e-05
vn 0.000723188685 -0.000645731518 -0.000244955416
vn 0.000709880842 -0.000661744503 -0.000241117072
vn 0.000536263804 -0.000615747704 -0.000577278202
vn 0.000573335157 -0.000629568764 -0.000524313073
vn 0.000531267724 -0.000624513545 -0.000572460936
vn 0.000487580342 -0.000613375334 -0.000621297164
vn 0.000489409489 -0.00060972065 -0.000623452477
vn 0.000441556069 -0.000597438484 -0.000669380126
vn 0.000429202832 -0.000624900218 -0.000652118644
vn 0.000100248355 -0.00098658225 -0.000128762811
vn 0.000379693025 -0.000613925746 -0.000692027796
vn 0.000336007652 -0.000710157561 -0.000618667167
vn 7.7177021e-05 -0.000990232336 -0.000116007577
vn 0.000315703481 -0.000624401902 -0.000714442169
vn 0.00028937665 -0.00070373778 -0.000648836081
vn 0.000259546912 -0.000613710785 -0.000745633093
vn 0.000256422616 -0.000624612265 -0.000737618597
vn -7.7842029e-05 -5.76679099e-07 -0.000996952527
vn -7.8418394e-05 -8.94853997e-07 -0.000996907125
vn -2.35945081e-05 -1.27002318e-06 -0.000999707845
vn 2.71743211e-05 1.12084008e-05 -0.000999554992
vn 5.18723664e-06 -8.94562049e-07 -0.000999973156
vn 8.53868696e-05 -7.99551174e-07 -0.000996334595
vn 8.65834663e-05 -1.32775824e-07 -0.000996231567
vn 0.000168755389 -8.3032802e-08 -0.000985644758
vn 0.000168844985 -3.20662679e-08 -0.000985629507
vn 0.000249379926 4.75759485e-08 -0.000968392356
vn 0.000249822129 -2.04258669e-07 -0.000968278269
vn 0.0003284665 -1.42719429e-07 -0.000944501837
vn 0.000328576105 -7.78574645e-08 -0.000944463711
vn 0.000405999948 -7.7734633e-08 -0.000913858821
vn 0.000405548722 -3.53130389e-07 -0.000914059288
vn 0.00047954428 -2.63469957e-07 -0.000877502956
vn 0.000479819195 -9.09160605e-08 -0.000877352722
vn 0.000550233526 -9.34317868e-08 -0.000834995299
vn 0.000550300523 -4.77279762e-08 -0.000834951119
vn 0.000617442245 2.9510332e-08 -0.00078659982
vn 0.000617775659 -2.05351711e-07 -0.000786337943
vn 0.000680292665 -1.42594175e-07 -0.000732923043
vn 0.000680440513 -3.12841273e-08 -0.000732785731
vn 0.000738430477 4.76442032e-08 -0.000674310373
vn 0.000738666626 -1.44884581e-07 -0.000674051698
vn 0.000791647239 -1.79029291e-09 -0.00061095733
vn 0.000791871629 -2.05420022e-07 -0.000610666408
vn 0.000840006571 -1.42184874e-07 -0.000542552443
vn 0.000839454297 -7.0691749e-07 -0.000543406059
vn 0.000881763874 -5.43594524e-07 -0.000471663167
vn 0.000881553045 -7.9084532e-07 -0.000472056854
vn 0.00091683917 -8.1360389e-07 -0.000399223412
vn 0.000917862228 6.10068753e-07 -0.000396865827
vn 0.000947131193 7.799228e-07 -0.00032080547
vn 0.00094703061 6.043241e-07 -0.000321102649
vn 0.000970417343 7.78363301e-07 -0.000241378686
vn 0.000970494817 9.5858195e-07 -0.000241066198
vn 0.000986722182 1.00479485e-06 -0.000162334603
vn 0.000987276784 -9.03436273e-07 -0.000158927563
vn 0.000996859977 -8.65117215e-07 -7.90167614e-05
vn 0.000996902469 -5.6884403e-07 -7.84818694e-05
vn 0.00099998212 -7.20686501e-07 3.07302821e-06
vn 0.000999978161 -8.53211048e-08 4.21712411e-06
vn 0.000996201299 -5.64301601e-08 8.69307842e-05
vn 0.00099619769 -3.08845998e-08 8.69726209e-05
vn 0.000985678867 4.76814463e-08 0.000168555984
vn 0.000985601684 -2.04722937e-07 0.000169006482
vn 0.000968399865 -1.42117244e-07 0.000249350531
vn 0.00096837047 -7.75841897e-08 0.000249464734
vn 0.000944387342 -7.7477921e-08 0.000328795984
vn 0.00094439555 -9.06395385e-08 0.000328772381
vn 0.000913524302 -9.3250712e-08 0.000406752137
vn 0.000914139615 -9.25712129e-07 0.000405366358
vn 0.000877749466 -1.21160633e-06 0.000479091192
vn 0.000877497951 -9.24390974e-07 0.000479552575
vn 0.00083594746 -1.20629841e-06 0.000548784563
vn 0.000834842212 -8.61748148e-08 0.000550465542
vn 0.000786371878 -5.38588978e-08 0.000617732527
vn 0.00078647316 -1.46313099e-07 0.000617603422
vn 0.000733004301 -1.97264697e-07 0.00068020483
vn 0.000732720015 3.62124766e-08 0.000680511352
vn 0.000674153271 -2.76509571e-08 0.000738573959
vn 0.000674230978 -8.54094111e-08 0.000738503062
vn 0.000610751391 -5.4194583e-08 0.000791806029
vn 0.000610795803 -8.59381757e-08 0.000791771745
vn 0.000541370071 -5.39166471e-08 0.000840769091
vn 0.000543240749 -1.28275769e-06 0.000839560642
vn 0.000473067252 -1.3378891e-06 0.000881010608
vn 0.000472400454 -9.24591404e-07 0.000881368876
vn 0.000399578596 -1.20687832e-06 0.000916683988
vn 0.000397823722 -1.45494994e-07 0.000917447673
vn 0.000320968364 -1.96592055e-07 0.000947076187
vn 0.000320614257 1.19471482e-08 0.000947196153
vn 0.000241086585 -2.4273465e-08 0.000970490335
vn 0.00024120028 -9.14427858e-08 0.000970462046
vn 0.000160535128 -9.41807343e-08 0.000987017062
vn 0.000160519645 -8.5619142e-08 0.000987019623
vn 7.81175695e-05 -5.50629089e-08 0.000996931223
vn 7.8275938e-05 -1.45370535e-07 0.000996918767
vn -3.98967632e-06 -1.96381734e-07 0.000999979093
vn -7.10344148e-06 1.52649784e-06 0.000999960583
vn -8.66744303e-05 1.40693328e-06 0.00099622272
vn -8.39859858e-05 -7.82284246e-08 0.00099645392
vn -0.000168762184 -7.80520963e-08 0.000985643594
vn -0.000170324463 8.02356624e-07 0.000985374558
vn -0.000249820645 6.29546207e-07 0.00096827856
vn -0.000250293146 8.97346581e-07 0.000968156382
vn -0.000328466122 8.64968001e-07 0.000944501662
vn -0.00032713823 8.89382434e-08 0.000944962841
vn -0.000405561848 1.37209184e-07 0.000914053526
vn -0.000406032428 4.24509409e-07 0.000913844444
vn -0.000479874376 3.42332896e-07 0.00087732228
vn -0.000481561263 1.40347015e-06 0.000876396603
vn -0.00055023178 1.34249399e-06 0.000834995473
vn -0.000549711462 9.99366534e-07 0.000835338549
vn -0.000617080543 1.32973719e-06 0.00078688236
vn -0.000617776241 8.46508442e-07 0.000786336954
vn -0.000680291967 1.15944601e-06 0.000732922636
vn -0.000680693134 1.46384309e-06 0.000732549641
vn -0.000737954979 1.48297318e-06 0.000674829178
vn -0.000739970361 -1.54505585e-07 0.000672620197
vn -0.000791366561 4.38502013e-07 0.00061132072
vn -0.000790914579 8.40434836e-07 0.000611904776
vn -0.000839397486 1.15985461e-06 0.000543492963
vn -0.00083951914 1.28305612e-06 0.000543304719
vn -0.00088158407 9.79746915e-07 0.000471998675
vn -0.000881948741 1.40303541e-06 0.000471315667
vn -0.000917356985 1.34211689e-06 0.000398031116
vn -0.000917088008 9.70423798e-07 0.000398651289
vn -0.000947130786 1.22707809e-06 0.000320805033
vn -0.000946983229 9.70270435e-07 0.00032124095
vn -0.000970443012 1.22457163e-06 0.000241273694
vn -0.000970520428 1.4026084e-06 0.00024096109
vn -0.000986996805 1.34210654e-06 0.000160653944
vn -0.000986572588 -1.03347524e-07 0.000163244797
vn -0.000996972085 -1.58396531e-07 7.7594188e-05
vn -0.000997136114 1.027454e-06 7.54494104e-05
vn -0.000999978045 7.60510943e-07 -4.18613126e-06
vn -0.000999985612 -7.13313796e-07 -1.52040639e-06
vn -0.000996180344 -5.4252672e-07 -8.71691445e-05
vn -0.00099595869 8.47026115e-07 -8.96631973e-05
vn -0.000986113213 9.85495944e-07 -0.000165994119
vn -0.000985536957 -9.04217586e-07 -0.000169381383
vn -0.000968503882 -8.65135519e-07 -0.000248945056
vn -0.000968370354 -5.69728513e-07 -0.000249464647
vn -0.000944356609 -7.26742883e-07 -0.000328883209
vn -0.000943506078 7.02575392e-07 -0.000331315474
vn -0.000914056785 6.20679145e-07 -0.000405553728
vn -0.000915197248 -9.16466718e-07 -0.000402973295
vn -0.000877749466 -1.21164817e-06 -0.000479091192
vn -0.000877497951 -9.24432925e-07 -0.000479552575
vn -0.000835338549 -1.20986329e-06 -0.000549710938
vn -0.000833960657 1.82617512e-07 -0.00055180036
vn -0.000786136778 1.38194181e-07 -0.000618031656
vn -0.000786242948 4.55019986e-08 -0.000617896323
vn -0.00073328882 -2.2908273e-07 -0.00067989825
vn -0.000732343062 5.2965828e-07 -0.00068091671
vn -0.000675012299 2.8701001e-07 -0.000737788738
vn -0.000675510848 -8.64178986e-08 -0.00073733239
vn -0.000610750751 -5.42642056e-08 -0.000791806669
vn -0.000610795629 -8.60074891e-08 -0.000791772036
vn -0.000542725553 -5.48137002e-08 -0.000839894812
vn -0.000541742658 5.93627533e-07 -0.000840528752
vn -0.000472133659 5.55632198e-07 -0.000881512009
vn -0.00047284094 1.15374981e-07 -0.000881133194
vn -0.000398784905 1.3288917e-07 -0.000917030324
vn -0.000397769822 7.46282126e-07 -0.000917470898
vn -0.000320967927 4.89658248e-07 -0.000947076303
vn -0.000319994753 1.05452898e-06 -0.000947404944
vn -0.000243261165 1.03772015e-06 -0.000969947025
vn -0.00024108708 -2.04777763e-07 -0.000970490102
vn -0.000159409246 -1.4199631e-07 -0.000987199484
vn -0.000160431926 -7.18652757e-07 -0.000987033593
vn 0.000810833008 0.000585245551 3.39695112e-06
vn -6.26764086e-05 0.000589398085 -0.000805391523
vn 0.00079409522 0.000604617235 -6.18474587e-05
vn 0.000808313896 0.000585279893 -6.3640764e-05
vn -0.000128457192 0.00059530529 -0.000793148531
vn -0.000130630258 0.000580755644 -0.00080351287
vn 0.000787158206 0.000603984052 -0.000124736951
vn -0.000304417423 0.000657710538 0.000689000008
vn -0.000190842358 0.000595936435 -0.000780008442
vn 0.000618117105 0.000770827581 -0.000154046735
vn -0.000219525144 0.000744631921 0.000630322204
vn -0.000246129464 0.000670712616 0.000699670578
vn -0.000192557593 0.000799643109 -0.00056874135
vn 0.000565281662 0.000802629569 -0.000190306353
vn 0.000599796243 0.000773862004 -0.000203362186
vn -0.00013823733 0.00083941163 0.000525597308
vn -0.000157184855 0.000776743342 0.000609866111
vn -0.00023735319 0.000802145572 -0.000547904987
vn -0.000240340145 0.000796846813 -0.000554297643
vn -0.000273004815 0.000815653824 -0.000510050508
vn -0.000274941296 0.000812788727 -0.000513571664
vn 0.000329425297 0.000583158049 -0.000742549484
vn 0.000325560133 0.000597709906 -0.000732616987
vn 0.000447244645 0.000583100249 -0.000678189157
vn 0.000440886768 0.000600071275 -0.000667463522
vn 0.000555420003 0.000577354978 -0.000598451472
vn 0.000542519789 0.000604495639 -0.000583293731
vn 0.000646595261 0.000576955907 -0.00049900962
vn 0.000637128425 0.00059409847 -0.000491007464
vn 0.000705198559 0.000599907886 -0.000377862045
vn 0.000698385236 0.000610311748 -0.000373833929
vn 0.000805521209 0.000588382769 7.01091776e-05
vn 0.000797744142 0.000602961692 3.94137624e-06
vn 0.000617331243 0.000780014263 -0.000102244507
vn 0.000576896942 0.000804295531 -0.00014238157
vn 0.000795552798 0.00059033354 0.000136293835
vn 0.000791564758 0.000607095426 6.95317431e-05
vn 0.000785164477 0.000585317903 0.000202221796
vn 0.00078490976 0.000604711939 0.000134960064
vn 0.000765738019 0.000585390429 0.000266341172
vn 0.000770994637 0.000604815257 0.000199349044
vn 0.000737757306 0.000590320909 0.000327428308
vn 0.000750244537 0.000607143738 0.000261694513
vn 0.000711446861 0.000585350615 0.000388821383
vn 0.000727724982 0.000604760949 0.000323503831
vn 0.000675613468 0.000587404473 0.000445507088
vn 0.000692398287 0.000613633078 0.000379490608
vn 0.000635871431 0.00058846554 0.000499349379
vn 0.000665585452 0.000603178632 0.000439483236
vn 0.000592032797 0.000589466537 0.00054954557
vn 0.000621096115 0.000612660835 0.000488733524
vn 0.000543757284 0.000590867538 0.000595967926
vn 0.000575965678 0.00061728037 0.00053591287
vn 0.00049385993 0.00058842334 0.000640183163
vn 0.000531697413 0.00061344984 0.000583910441
vn 0.000439581228 0.000587993418 0.000678974378
vn 0.000481408526 0.00061391975 0.000625557732
vn 0.000381403079 0.000589348085 0.000712161884
vn 0.000426160172 0.000618537655 0.000660130871
vn 0.000322979031 0.000584003807 0.000744713529
vn 0.000370918598 0.000616439735 0.000694546907
vn 0.000259725202 0.000586345152 0.000767278543
vn 0.000312594289 0.000615280762 0.000723663426
vn 0.000194823428 0.000590754091 0.000782960735
vn 0.000253787526 0.000608129369 0.000752160151
vn 0.000129097883 0.000592509459 0.000795135449
vn 0.000190168968 0.000612399017 0.000767318241
vn 6.35175966e-05 0.000584539841 0.000808858837
vn 0.000125258521 0.000616934733 0.000776965811
vn 6.04123488e-05 0.000617435086 0.000784282049
vn 2.15286263e-07 0.000585809408 0.000810432888
vn -7.24459242e-05 0.000616356323 0.000784111326
vn -7.11560187e-06 0.000894376135 0.000447230152
vn -5.66692943e-05 0.000759507122 0.000648005866
vn -0.000310967385 0.000757029571 0.000574612583
vn -0.000282885507 0.000718358846 0.000635539298
vn -0.00024056976 0.00089960132 0.000364441774
vn -0.000312278193 0.000754488807 0.000577237399
vn -0.000280050765 0.000891087344 0.000357084122
vn -0.00036033272 0.000746220292 0.000559722888
vn -0.000309678551 0.000890160154 0.000334197626
vn -0.000402345497 0.000750750536 0.000523895025
vn -0.000325581786 0.00089765829 0.000296951388
vn -0.000446487567 0.000747998012 0.000491041748
vn -0.000361985731 0.000889249437 0.000279599539
vn -0.000476673769 0.000758671842 0.000444041856
vn -0.000384249521 0.00088908436 0.000248707365
vn -0.000508556492 0.000762144395 0.00040060014
vn -0.000396213494 0.000893243589 0.000212378625
vn -0.000551564328 0.000750093255 0.000364843698
vn -0.000796988548 0.000600289437 6.6604458e-05
vn -0.000791545201 0.000598251179 0.000124602913
vn -0.000408501248 0.000895437319 0.000176898378
vn -0.000566679111 0.000763108197 0.000310668314
vn -0.000437360053 0.000886953378 0.000148336883
vn -0.000581337023 0.000771464256 0.000258581189
vn -0.000794536609 0.000603668683 -6.53456882e-05
vn -0.000799819943 0.000600173429 -7.35279718e-06
vn -0.000449500338 0.000886190741 0.000112202746
vn -0.000597546285 0.00077423203 0.000208512152
vn -0.000456633541 0.00088616932 7.8509911e-05
vn -0.000615179539 0.00077218638 0.000158922601
vn -0.000774288084 0.000600561616 -0.000199443777
vn -0.000786404475 0.000601931359 -0.000138639167
vn -0.000756345748 0.000600658183 -0.000259084802
vn -0.000773076084 0.000602194748 -0.000199220987
vn -0.000464901066 0.000885345391 2.21147502e-06
vn -0.000601102423 0.000797826739 4.60725096e-05
vn -0.000702012912 0.000599975174 -0.000383642822
vn -0.000728002109 0.000602380373 -0.000327299844
vn -0.000460622658 0.00088443351 -7.46882433e-05
vn -0.000596495578 0.000800831884 -5.32493978e-05
vn -0.000675528776 0.00059019617 -0.000441931566
vn -0.000702200166 0.000599693041 -0.00038374131
vn -0.000560165849 0.00080472586 -0.000196480789
vn -0.000430737768 0.000882947934 -0.000186660371
vn -0.000523911556 0.00077723735 -0.000348414935
vn -0.000450045889 0.000819940527 -0.000353737676
vn -0.000536296749 0.000601288222 -0.000592294207
vn -0.000503558491 0.000769445032 -0.000392883376
vn -0.000441169221 0.000798483903 -0.000409594242
vn -0.000461848162 0.000777099689 -0.000427535444
vn -0.00040759577 0.000798718771 -0.00044259266
vn -0.000487647078 0.000602135377 -0.000632145035
vn -0.000489967584 0.00059739477 -0.000634842901
vn 0.000264553935 0.000595210062 -0.000758755777
vn 0.000268090342 0.0005782753 -0.000770518789
vn 0.000385893247 0.000594200392 -0.000705681508
vn 0.000387974927 0.000587940216 -0.000709771644
vn 0.000498107867 0.000591251592 -0.000634258846
vn 0.000500762602 0.000585000438 -0.000637954101
vn 0.000596422818 0.000589695643 -0.000544530281
vn 0.000594455109 0.000593576755 -0.000542460941
vn 0.000673405826 0.000597393257 -0.000435453869
vn 0.000680722471 0.000585115864 -0.000440716045
vn 0.000523998518 0.000821669819 -0.000224183997
vn 0.000711054949 0.00063007389 -0.000312060612
vn 9.31527902e-05 0.000994788017 -4.11503388e-05
vn 0.000133284353 0.000990120345 -4.3257176e-05
vn 9.71242625e-05 0.000994730857 -3.24236244e-05
vn 0.000145080907 0.000988819869 -3.4071978e-05
vn 9.68386303e-05 0.000995000242 -2.38935936e-05
vn 0.000153662681 0.000987856416 -2.23980314e-05
vn 9.14522971e-05 0.000995696057 -1.41381097e-05
vn 0.000158358947 0.000987317879 -1.00004245e-05
vn 8.77475613e-05 0.000996106304 -6.83550343e-06
vn 0.000164457655 0.000986365136 3.40626411e-06
vn 8.63415698e-05 0.000996252522 4.26821771e-07
vn 0.000169893799 0.000985288294 1.78076316e-05
vn 8.43412054e-05 0.000996396528 7.40845098e-06
vn 0.000172450265 0.000984464423 3.26336703e-05
vn 0.000100424804 0.000994781731 1.72758591e-05
vn 0.000182455246 0.00098188105 5.09293168e-05
vn 7.88283214e-05 0.00099666731 2.0366746e-05
vn 0.000180729679 0.000981232501 6.70343943e-05
vn 9.30218011e-05 0.000995121896 3.24603061e-05
vn 0.000179048002 0.000980247511 8.38495471e-05
vn 0.000100650403 0.000993903028 4.47279126e-05
vn 0.000156627604 0.000983935199 8.55183462e-05
vn 9.00496016e-05 0.000994125032 5.98380393e-05
vn 0.000141945478 0.000983585371 0.00011129077
vn -0.000133493493 0.000589093775 0.000796945475
vn -0.000105415835 0.000797098037 0.000594555575
vn -1.41422397e-05 0.000996679068 8.0031743e-05
vn -4.94688866e-05 0.000980558223 0.000189822706
vn -1.31206989e-05 0.00099938456 3.21279913e-05
vn -0.000134550282 0.000988147338 -7.3723364e-05
vn -6.9067064e-05 0.00099659618 -4.47196107e-05
vn -0.000101847108 0.000991611858 -7.94194784e-05
vn -5.16168438e-05 0.000997508294 -4.78204456e-05
vn -0.000134845104 0.000983498059 -0.000120509736
vn -7.49804458e-05 0.000993750175 -8.25394018e-05
vn -9.60826656e-05 0.000987508334 -0.000124777289
vn -6.36331752e-05 0.000993200694 -9.73512579e-05
vn -0.000431759108 0.000613473589 -0.000661217258
vn -0.000302037719 0.000827802636 -0.000472747284
vn -0.000189999118 0.000805151125 -0.000561788154
vn -0.000147369472 0.000800003356 -0.000581593544
vn -6.36543846e-05 0.000578572915 -0.000813127146
vn 3.31967021e-06 0.000582863111 -0.000812547572
vn 3.81659174e-06 0.000599472143 -0.000800370297
vn 7.03694313e-05 0.000586365524 -0.000806968252
vn 7.00470409e-05 0.000597182079 -0.00079902506
vn 0.000137176146 0.000581316301 -0.000802015013
vn 0.000135554772 0.000598738901 -0.000789373647
vn 0.000202368596 0.000585558242 -0.000784947479
vn 0.000201468036 0.000591596938 -0.000780639471
vn 7.18302908e-05 0.000984124956 -0.000162211465
vn 8.66695773e-05 0.000987405423 -0.000132260553
vn 7.16265131e-05 0.000988941058 -0.000129766093
vn 0.000109545232 0.000984281301 -0.000138435062
vn 0.000137563882 0.000984747196 -0.000106411208
vn 0.000106862382 0.000989554799 -9.66209846e-05
vn 0.000200786555 0.000976089737 -8.31134676e-05
vn 5.17647168e-05 0.000976572628 0.00020880712
vn 3.46169873e-05 0.000990506494 -0.000132938731
vn -0.000196858411 0.000958734774 -0.000205057702
vn -0.000113025882 0.000982424594 -0.000148462379
vn -0.000112939189 0.000979194068 -0.000168516315
vn -0.000401067402 0.000691757945 -0.000600491592
vn -9.46317523e-05 0.000979586737 -0.000177281603
vn -6.04884808e-05 0.000992283225 -0.000108117114
vn -0.000349638489 0.000684473489 -0.000639705511
vn -0.000384392741 0.000606781861 -0.00069572404
vn -7.81690469e-05 0.00098043133 -0.000180604868
vn -6.06726026e-05 0.000988811138 -0.00013618196
vn -0.000323521934 0.000606590649 -0.000726192258
vn -0.000326124893 0.000596804311 -0.000733103952
vn -6.1822022e-05 0.00098118349 -0.000182842254
vn -4.99162597e-05 0.000988408807 -0.000143284473
vn -0.000261649111 0.000606604968 -0.000750695763
vn -0.000263644208 0.000596760365 -0.000757853966
vn -4.23182646e-05 0.000984235783 -0.000171649197
vn -3.68586589e-05 0.0009884889 -0.000146646329
vn -0.000176062225 0.000713873655 -0.000677761505
vn -0.000197015281 0.00059632567 -0.00077817397
vn -0.000251246383 -6.15920726e-06 -0.000967890141
vn -2.30372971e-05 0.00098949112 -0.00014265698
vn -6.08194168e-05 0.000942034181 -0.000329919654
vn -0.000113455251 0.000705471903 -0.000699579483
vn -0.000170194311 8.94445548e-05 -0.000981329591
vn -0.000166377169 -8.06098979e-06 -0.000986016123
vn -1.23699901e-05 0.000987611944 -0.00015634521
vn -1.83786469e-05 0.000957098149 -0.000289135787
vn -5.53689679e-05 0.00078761921 -0.000613648444
vn -7.99602276e-05 3.85719468e-05 -0.000996038434
vn -8.22174188e-05 8.20842615e-05 -0.000993215246
vn 9.76928391e-07 0.000978076831 -0.000208179845
vn -2.58500449e-06 0.000990325352 -0.000138647942
vn 4.07038351e-06 0.000782608811 -0.000622479885
vn -5.24769393e-06 0.00046091649 -0.000887413451
vn 6.32728052e-06 2.46326272e-05 -0.000999663607
vn -4.17841284e-06 -0.000382723549 -0.000923839631
vn 1.61257594e-05 0.000982788857 -0.000183957149
vn 1.66557602e-05 0.000982004218 -0.000188054604
vn 6.41419174e-05 0.000606905378 -0.000792165229
vn 7.88043617e-05 0.000448370964 -0.000890352472
vn 7.91132043e-05 -0.000145580241 -0.000986165134
vn 8.09548728e-05 -0.000394979288 -0.00091510202
vn 2.49669993e-05 0.000989088905 -0.000145100377
vn 2.94821621e-05 0.000985498657 -0.000167025282
vn 9.9314806e-05 0.000789181329 -0.000606055779
vn 0.000137732248 0.000596122991 -0.000790974998
vn 0.000163015167 3.97397016e-05 -0.000985809835
vn 0.000168200189 -0.000148258317 -0.000974526687
vn 0.000322029227 -0.000145560349 -0.000935458986
vn 0.000403115584 -0.000148182822 -0.000903057982
vn 0.000278585125 0.000543006754 -0.000792154169
vn 0.000598799204 -0.000253589038 -0.000759674993
vn 0.000661916856 -0.000256881292 -0.000704167702
vn 0.000485814555 0.000460943207 -0.000742623466
vn 0.000557941326 0.000448459352 -0.000698254677
vn 0.000775821914 -0.000387483102 -0.000497926958
vn 0.000816940097 -0.000390625471 -0.000424258149
vn 5.84278278e-05 0.000984203885 -0.000167041479
vn 0.000317341968 0.000746659702 -0.000584608817
vn 0.000374766969 0.000742395932 -0.000555312552
vn 0.000503150863 0.000581957051 -0.000638857891
vn 0.000561490015 0.000572428631 -0.000597518636
vn 0.000715491478 0.000260412897 -0.000648252259
vn 0.000770928804 0.000257363135 -0.000582586625
vn 0.000793314364 2.48498891e-05 -0.000608283561
vn 0.000847543299 2.15558848e-05 -0.000530263991
vn 0.000858294952 -0.000243808943 -0.000451509695
vn 0.000892422686 -0.000254756131 -0.00037236436
vn 6.90751112e-05 0.000985444523 -0.000155248359
vn 0.000572446326 0.000550595054 -0.000607556256
vn 0.000624951907 0.000546203461 -0.000557737483
vn 0.000101214435 0.000982550904 -0.000155960442
vn 0.000761521398 0.000426098733 -0.00048836373
vn 0.000805972551 0.000419419404 -0.000417696079
vn 0.000941005303 -0.000145621118 -0.000305413705
vn 0.00096304965 -0.000148082894 -0.000224901887
vn 0.000126190003 0.000979335164 -0.000157964445
vn 0.000437918497 0.000806305557 -0.000397583703
vn 0.000475860899 0.000801408896 -0.000362317893
vn 0.000964948558 -0.000133346781 -0.00022597998
vn 0.000979116419 -0.000146081104 -0.000141298864
vn 0.000721692515 0.00062168407 -0.000304373127
vn 0.000752391294 0.000611757394 -0.000244201801
vn 0.000988079002 3.57320278e-05 -0.00014965728
vn 0.000997999217 1.18886428e-05 -6.18917329e-05
vn 0.000134346716 0.000988274929 -7.23713965e-05
vn 0.000971721078 -0.000145631493 0.000185805475
vn 0.000951729307 -0.000148252657 0.000268712407
vn 0.00060287409 0.000796911656 -3.80652891e-05
vn 0.0006102646 0.000792075705 1.29352284e-05
vn 0.000756705937 -0.000387741922 0.000526332937
vn 0.00070771313 -0.000390611996 0.000588675262
vn 0.000582234934 0.00079732202 0.000158915704
vn 0.000571421057 0.000791704922 0.000215998385
vn 0.00078225031 0.000425629289 0.00045486103
vn 0.000745137047 0.000419701071 0.000518262212
vn 0.000708054227 -0.000145567887 0.000690972724
vn 0.000644385465 -0.000148190651 0.000750187261
vn 0.000633396034 -0.000253656792 0.000731055217
vn 0.00056402653 -0.000256989413 0.00078473211
vn 0.000643332722 0.000550650642 0.000531865691
vn 0.00059749675 0.000546328432 0.000586938753
vn 0.000590255426 0.000104363782 0.000800425303
vn 0.000509392354 8.54657847e-05 0.000856264611
vn 0.000116220326 0.000987304258 0.00010815401
vn 0.00023041539 0.00093575794 0.000266907911
vn 0.000402246573 0.000640643993 0.000654023723
vn 0.000337265461 0.000638499041 0.00069176947
vn 4.02860933e-05 -0.000244228315 0.000968867214
vn -4.37471972e-05 -0.000254776445 0.000965996529
vn -3.72377472e-05 -0.000387636712 0.000921045721
vn -0.0001158257 -0.000390538684 0.000913256838
vn 0.000105242565 0.000987693202 0.00011558702
vn 0.000192346997 0.000946551154 0.000258877815
vn 0.000311887212 0.000550787372 0.000774166605
vn 0.000241789327 0.000546431344 0.000801825838
vn -0.0001158581 -0.000387724431 0.000914451142
vn -0.000193838699 -0.000390621892 0.000899897364
vn 6.99314696e-05 0.000991643639 0.000108289125
vn 0.000137380193 0.000953991315 0.000266460556
vn 0.000165494799 0.000606663467 0.000777525012
vn 0.000101538244 0.000596984697 0.000795784814
vn -0.000198537411 -0.000273036334 0.000941280043
vn -0.00027848492 -0.000284052279 0.000917461002
vn -0.000269008509 -0.000354616466 0.000895463978
vn -0.000346600718 -0.000366019929 0.000863638648
vn 0.000104931802 0.00097486435 0.000196476278
vn 0.000171462016 0.000883015222 0.000436874048
vn 0.000103249527 0.000550582539 0.00082835526
vn 3.47914029e-05 0.000546430645 0.000836765976
vn 3.33418393e-05 0.000994519913 9.89579858e-05
vn -0.000109712892 0.00046036375 0.000880910025
vn -0.00018736528 0.000448788371 0.000873760437
vn -0.000360926497 -0.000145572558 0.000921148574
vn -0.00044360006 -0.00014823243 0.000883866567
vn -0.000477936934 -0.000383223814 0.000790373306
vn -0.000540614128 -0.000394509436 0.000743016019
vn 1.05783565e-05 0.000990495202 0.000137045979
vn -2.00067134e-05 0.000877282117 0.000479530834
vn -0.000245863543 0.000524298637 0.000815252133
vn -0.000316580117 0.000520099071 0.000793251558
vn -0.000417607574 0.000322071253 0.000849616481
vn -0.000493918313 0.00031376275 0.000810907921
vn -9.9637422e-05 0.000879633066 0.000465072051
vn -0.00080919941 -0.00035158571 0.000470699481
vn -0.000845317729 -0.000359695492 0.000395008246
vn -0.000162885379 0.000939537131 0.000301184802
vn -0.00012370912 0.000971674977 0.000201290182
vn -0.000584088557 0.000576056074 0.000571816461
vn -0.000630688213 0.000571761688 0.000524685543
vn -0.000908996677 -0.000244244293 0.000337703852
vn -0.000931592949 -0.000254543906 0.000259453256
vn -0.000219380556 0.00093287637 0.000285636022
vn -0.000153484652 0.000972790527 0.000173478868
vn -0.000671256508 0.000576094317 0.000466373342
vn -0.00070936227 0.000571760698 0.00041215177
vn -0.000951825641 -0.000247296179 0.000181235475
vn -0.00095977087 -0.000263847382 9.59077806e-05
vn -0.000204659664 0.000952576811 0.000225135198
vn -0.000137013689 0.000981430407 0.000134148067
vn -0.000737483904 0.000524296483 0.000425681355
vn -0.000773410022 0.000520129397 0.000362320832
vn -0.00090944051 -0.000415143615 2.34099716e-05
vn -0.000906526693 -0.000418185373 -5.74829101e-05
vn -0.000237057771 0.000953372801 0.00018670311
vn -0.000159193616 0.000981017365 0.000110618566
vn -0.000782440358 0.000550595054 0.000290871569
vn -0.000806688739 0.000546466676 0.000224947318
vn -0.000989693683 8.97279751e-05 0.000111488269
vn -0.000996553805 8.16025204e-05 1.39904787e-05
vn -0.000250519079 0.000953825715 0.000165622492
vn -0.000168872677 0.000980793964 9.74639552e-05
vn -0.000804017414 0.000550620374 0.000224382224
vn -0.000822665694 0.000546492403 0.00015665681
vn -0.000912082614 -0.000351571332 -0.000210895858
vn -0.000885937654 -0.000359925936 -0.00029247551
vn -0.00027142794 0.000954840798 0.000120747776
vn -0.000184926263 0.000980331097 6.8755282e-05
vn -0.000944908184 0.000321848609 -5.94632002e-05
vn -0.000938743993 0.000313539029 -0.000142923454
vn -0.000863161345 -0.000354268035 -0.000359750935
vn -0.000824610586 -0.000365513377 -0.000431730907
vn -0.000293029181 0.000954780087 5.00293354e-05
vn -0.000211933439 0.00097689312 2.7166634e-05
vn -0.000809012447 0.000576184015 -0.000116125353
vn -0.000799264584 0.000571740908 -0.000185101657
vn -0.000327313464 0.000944466738 -2.86829218e-05
vn -0.000250579935 0.00096726988 -3.9657687e-05
vn -0.000784967735 0.000524271862 -0.000330058974
vn -0.000755020883 0.000519946043 -0.000399466371
vn -0.000799475703 4.00636018e-05 -0.000599339139
vn -0.000738675124 2.46424115e-05 -0.000673591683
vn -0.000665689877 -0.000243821953 -0.0007052531
vn -0.000598384941 -0.000254747923 -0.000759613758
vn -0.000252633152 0.000963548373 -8.78918727e-05
vn -0.000193602318 0.000977681833 -8.14270315e-05
vn -0.000654177449 0.000484091492 -0.000581103377
vn -0.0006024217 0.000467563485 -0.000646874425
vn -0.000551003206 -0.000106698251 -0.000827638258
vn -0.000477178168 -0.000126689993 -0.00086961186
vn -0.00048182506 0.000798122026 -0.000361690589
vn -0.000452108245 0.00079037383 -0.00041337841
vn -0.000571697834 0.0005505968 -0.000608259055
vn -0.000519244582 0.000546330411 -0.00065717753
vn -0.000402780948 -0.000133333815 -0.00090551842
vn -0.000324651483 -0.00014572205 -0.000934527081
vn -0.000257198728 0.000952744507 -0.000161557968
vn -0.000149026208 0.000981766963 -0.000117894364
vn -0.00048707868 0.000623503001 -0.000611532887
vn -0.000436754548 0.000609737705 -0.000661392114
vn -0.000325456058 -0.000136629969 -0.00093561993
vn -0.00024242005 -0.000157757095 -0.000957245706
vn 0.00031010207 -0.000366028689 -0.000877401617
vn 0.000403367478 -0.000133396708 -0.000905248162
vn 0.000476717134 -0.000145707061 -0.000866882037
vn 0.000471836276 -0.000185828627 -0.000861865701
vn 0.000546423602 -0.000202811789 -0.0008125655
vn 0.000510343525 -0.000383184757 -0.000769865583
vn 0.000572585326 -0.000394734117 -0.00071854383
vn 0.000261111272 0.000606596586 -0.000750889827
vn 0.000326641137 0.00059674721 -0.000732920424
vn 0.000662350038 -0.000253718841 -0.00070490659
vn 0.000720645767 -0.000256953819 -0.000643908628
vn 0.000677745265 -0.000408073422 -0.000611646625
vn 0.000727020029 -0.000416959316 -0.000545491464
vn 0.000323188258 0.000606531685 -0.000726390281
vn 0.000389833003 0.000596122525 -0.000701884856
vn 0.000940711121 -0.000147979197 -0.000305186317
vn 0.000911351177 -0.000145677928 -0.000384955783
vn 8.5213811e-05 0.000984578044 -0.000152705587
vn 0.000756525144 0.000572263671 -0.000316477439
vn 0.000719180563 0.000582002045 -0.000379509234
vn 0.000527329918 0.000782729418 -0.0003305024
vn 0.000490985229 0.000787388009 -0.00037273005
vn 0.00018711992 0.000968353823 -0.000165078862
vn 0.000143537996 0.00097723247 -0.000156164766
vn 0.000132268848 0.000980835292 -0.000142972829
vn 0.000107373678 0.000990855857 -8.15462845e-05
vn 0.000743833371 0.000622997875 -0.000241991031
vn 0.000769234262 0.000613023702 -0.000180151343
vn 0.000997726456 2.46442851e-05 -6.25209068e-05
vn 0.000999507844 2.17367487e-05 2.20391557e-05
vn 0.000977665302 -0.0001854273 9.87986423e-05
vn 0.000961348414 -0.000202439158 0.000186551377
vn 0.000993661 2.49323002e-05 0.000109499946
vn 0.000998998294 3.90945315e-05 2.11732258e-05
vn 0.000782689778 0.000612339529 -0.000111404632
vn 0.000761506846 0.000622960215 -0.000178891249
vn 0.000265531184 0.000954493589 -0.000135680559
vn 0.000193278538 0.000972825568 -0.000127388848
vn 0.000141586439 0.000985666527 -9.15900091e-05
vn 0.00075564842 -0.0003906122 0.000525729614
vn 0.000798860274 -0.000387700216 0.000459874893
vn 0.000826824398 -0.000293113466 0.00048002071
vn 0.000870328047 -0.000275722385 0.000408020336
vn 0.000893807795 -0.000146052393 0.000423969788
vn 0.000929472852 -0.000133118359 0.000343997031
vn 0.000935487042 2.16154731e-05 0.000352662493
vn 0.000963883533 2.48213182e-05 0.000265115843
vn 0.000609248003 0.000792043691 -3.81800273e-05
vn 0.000596829981 0.000797094079 -9.17005382e-05
vn 0.000603886438 0.000796955952 1.25118659e-05
vn 0.000606902235 0.000792404637 6.11450523e-05
vn 0.000768557773 0.000623483909 0.000143390454
vn 0.000760261377 0.000612432545 0.000216571309
vn 0.000649788883 0.000757036672 6.8145564e-05
vn 0.000646444154 0.000752289663 0.000127060499
vn 0.000748826831 -0.000243794813 0.000616276229
vn 0.000689100765 -0.00025473276 0.00067839917
vn 0.000752267835 0.000496587541 0.000432975736
vn 0.000780363393 0.000508277037 0.000364227482
vn 0.000714114576 0.000612774456 0.000338411133
vn 0.000734033994 0.000623591419 0.000268890552
vn 0.000721045013 0.000481735566 0.000497995003
vn 0.000677918666 0.000469560415 0.000565608847
vn 0.000427704741 -0.000233616825 0.000873193087
vn 0.000508883619 -0.000216583532 0.000833128579
vn 0.000583951711 0.000576044666 0.000571967859
vn 0.000536792097 0.00057161774 0.000620549195
vn 0.000360291102 -0.000243628398 0.000900449813
vn 0.000278916676 -0.000254435057 0.000925981847
vn 0.000197720932 -0.000263417634 0.000944188272
vn 0.000279752159 -0.000247239368 0.000927677494
vn 0.000359560217 8.1505299e-05 0.000929541595
vn 0.000449583051 8.97104692e-05 0.000888707582
vn 0.000488234102 0.000546039024 0.000680766476
vn 0.000545369461 0.00055061013 0.000631960982
vn 0.000305173977 0.000927419169 0.000216186338
vn 0.000165028687 0.000982193043 8.96466227e-05
vn 3.96218602e-05 -0.000256859348 0.000965622894
vn 0.000122982907 -0.000253619102 0.000959440949
vn 0.000121588935 -0.000148152627 0.000981448451
vn 0.000207360426 -0.000145566664 0.000967360393
vn 0.000245013391 0.000939333113 0.000239990957
vn 0.00012833967 0.000986497966 0.000101610596
vn 0.000169110062 0.000572263496 0.000802427821
vn 0.000236348278 0.000581857224 0.000778174552
vn 0.000232550708 0.000892171694 0.000387200154
vn 0.000139296855 0.000973561313 0.000180966264
vn -0.000471409236 -0.000416532857 0.000777333626
vn -0.000403578422 -0.000407831074 0.000819006935
vn -0.000114083923 0.000419657386 0.000900470186
vn -3.52231473e-05 0.000425935898 0.000904053042
vn -3.70761372e-05 0.000546253985 0.000836783205
vn 3.48616195e-05 0.00055053964 0.000834065198
vn 0.000123151127 0.000902853382 0.000411902263
vn 5.81672175e-05 0.000989182387 0.000134569302
vn 2.70129312e-05 0.000991522335 0.00012699519
vn -0.000177580616 0.00050961785 0.00084186031
vn -0.000252696744 0.000493634841 0.000832131656
vn -0.00053579302 -0.000415514893 0.000735015143
vn -0.000596386322 -0.000418370037 0.000685028383
vn 1.93383203e-05 0.000886311405 0.000462658034
vn 2.21363825e-05 0.000987582025 0.000155453628
vn 3.44318505e-05 0.000976435433 0.000212984567
vn -2.58662726e-06 0.000982377678 0.000186819627
vn -5.71224737e-05 0.000896583661 0.00043914566
vn -0.000301004329 0.00057605654 0.000759953458
vn -0.000368036795 0.000571204524 0.000733654189
vn -0.000645053049 -0.000132799454 0.000752492459
vn -0.000707345665 -0.000145758589 0.000691657944
vn -0.000718700001 -0.000354363379 0.00059822324
vn -0.000766627083 -0.000366001012 0.000527541793
vn -0.000763550343 -0.000157973322 0.000626106397
vn -0.000707997475 -0.0001366449 0.000692850503
vn -0.000623697008 0.000313550758 0.000716004171
vn -0.000555119186 0.000321892847 0.000766943209
vn -0.000535425032 0.000419496879 0.000733018853
vn -0.000466777157 0.000425900507 0.000775049557
vn -9.82065467e-06 0.000993984868 0.00010895684
vn -3.79898556e-05 0.00098967494 0.000138110176
vn -0.000205800941 0.000829117722 0.000519792142
vn -0.000810375786 -0.00014552199 0.000567528477
vn -0.000858541462 -0.00014823016 0.000490824226
vn -0.000904638378 -0.000263094757 0.000335237681
vn -0.00087601447 -0.000246783864 0.000414331123
vn -0.000586462091 0.000571497716 0.000573957164
vn -0.000531531812 0.000576173945 0.000620863808
vn -8.88744398e-05 0.000978550408 0.000185780867
vn -0.000225085983 0.000792816689 0.000566349772
vn -0.00094786362 -0.000263069582 0.000179785886
vn -0.000933320611 -0.000247306074 0.000260242959
vn -0.000702675374 0.000520049362 0.000485561701
vn -0.000656179036 0.000524292234 0.000542697846
vn -0.00013240012 0.000973788381 0.000184879798
vn -0.000180350471 0.000942856888 0.00028012268
vn -0.000897941587 -0.00041838258 -0.000136495815
vn -0.000907801383 -0.000415414223 -5.74606129e-05
vn -0.000785021635 0.000546494906 0.000291647331
vn -0.000755319779 0.000550654193 0.000355311728
vn -0.000148557621 0.000981225283 0.000122888407
vn -0.000221742856 0.000952945207 0.000206638651
vn -0.00096214033 -0.000146177015 -0.000229982994
vn -0.00098099513 -0.000132719579 -0.000141449738
vn -0.000947525201 0.000313963916 -5.99721061e-05
vn -0.000946465996 0.000321992324 2.22976851e-05
vn -0.000833690458 0.000546020921 8.24358576e-05
vn -0.000819991692 0.000550592551 0.000156318318
vn -0.000177448863 0.000980568468 8.3495499e-05
vn -0.000261946436 0.000954330317 0.000143568483
vn -0.000278777647 0.000955403957 9.7264332e-05
vn -0.000191215207 0.000980082667 5.33746861e-05
vn -0.00094330468 -0.000135633847 -0.000302909146
vn -0.000908608199 -0.000157979564 -0.000386584696
vn -0.000804713927 -0.000415543444 -0.000423949503
vn -0.000766675803 -0.000418327196 -0.000487016019
vn -0.000738893519 -0.00036213643 -0.000568214513
vn -0.00078897184 -0.000358801684 -0.000498757523
vn -0.000196289533 0.000979818054 3.74325573e-05
vn -0.000284044683 0.000955985277 7.33823108e-05
vn -0.000358573248 0.000933069212 2.79525539e-05
vn -0.00028340664 0.000958976569 4.31805256e-06
vn -0.000828987511 0.000524311734 -0.000194553519
vn -0.000811576203 0.000520084635 -0.000266139221
vn -0.000689377019 -0.000382642058 -0.000615075929
vn -0.000627017231 -0.000394741219 -0.000671567395
vn -0.000807048287 0.000285514368 -0.000516844972
vn -0.00084942329 0.000290788885 -0.000440336124
vn -0.000757193484 0.000571737648 -0.000315829267
vn -0.000777333218 0.00057609682 -0.000252665195
vn -0.000237441418 0.000971273577 -1.49430116e-05
vn -0.000344909116 0.000938621291 1.39855615e-06
vn -0.00028268926 0.000958084653 -4.62019489e-05
vn -0.000183610828 0.000982041005 -4.30893415e-05
vn -0.000545499031 -0.000157277493 -0.000823206385
vn -0.000616669015 -0.000136133764 -0.000775345543
vn -0.000677513832 0.000519866007 -0.000520277245
vn -0.000720983488 0.000524424016 -0.000452919805
vn -0.000180362171 0.000981838326 -5.86271235e-05
vn -0.000260917033 0.000963003491 -6.72361566e-05
vn -0.000401382305 -0.000148155217 -0.000903834356
vn -0.000475101522 -0.000145707643 -0.000867768365
vn -0.00041415231 0.000870546617 -0.000265707844
vn -0.00043124595 0.000874276273 -0.000222805204
vn -0.000153262226 0.000984552898 -8.45011673e-05
vn -0.000254536339 0.000960685255 -0.000110766421
vn 6.17875703e-05 0.000982035883 -0.000178218543
vn 4.69091901e-05 0.000981007004 -0.000188145306
vn 0.000157326373 0.000783623313 -0.000600963365
vn 0.000202148512 0.000553449499 -0.000807962846
vn 0.000255293067 2.4540539e-05 -0.000966538792
vn 0.000228169636 -0.000354127522 -0.000906921399
vn 0.000576398801 -0.000816374202 -3.56619203e-05
vn 0.000568958931 -0.000821575639 -3.56868877e-05
vn 0.000570008997 -0.000821544032 1.13709521e-05
vn 0.000581606466 -0.000813359744 1.24122853e-05
vn 0.000582952634 -0.000809980324 6.38146739e-05
vn 0.000546384952 -0.000835518062 5.78563777e-05
vn 0.000547108182 -0.000830527802 0.000104261206
vn 0.00054774055 -0.000830090838 0.000104420302
vn 0.000537613058 -0.00082981569 0.000149506421
vn 0.000551740872 -0.000819570152 0.000154469148
vn 0.000538214517 -0.000818712288 0.000200024049
vn 0.000529953104 -0.000824677292 0.000197563495
vn 0.000517839275 -0.000819479639 0.000245499366
vn 0.000492440071 -0.000838913955 0.000231733458
vn 0.000479475158 -0.000832395745 0.000277839979
vn 0.000466710015 -0.000842309848 0.000269573968
vn 0.000443275436 -0.00084164337 0.000308411283
vn 0.000445810409 -0.000839588116 0.000310352858
vn 0.000420596567 -0.000837947999 0.000347729685
vn 0.000425985869 -0.000833513099 0.000351804105
vn 0.000399710028 -0.000828681921 0.000391781126
vn 0.000398313947 -0.000830110628 0.000390175148
vn 0.000364009931 -0.000829765922 0.000423036108
vn 0.000380512589 -0.000810981146 0.000444402947
vn 0.000347030145 -0.000809198013 0.000474070432
vn 0.000342468789 -0.000814356259 0.000468522339
vn 0.000302626751 -0.000808591198 0.000504550699
vn 0.000293932739 -0.000821732392 0.000488193997
vn 0.000258918706 -0.000813935883 0.000520041795
vn 0.000262200891 -0.000807575416 0.000528248784
vn 0.000215696666 -0.000808476936 0.000547552947
vn 0.000206343393 -0.000830326113 0.000517643814
vn 0.000161757678 -0.000826661766 0.00053892401
vn 0.000157456336 -0.000838928157 0.000520942442
vn 0.000115280578 -0.000832548307 0.000541800749
vn 0.000116307172 -0.000827932847 0.000548610929
vn 7.06437568e-05 -0.000826792035 0.000558031024
vn 6.75401752e-05 -0.000837863423 0.000541661691
vn 2.26511929e-05 -0.000835114683 0.00054958585
vn 2.34724776e-05 -0.00082981342 0.000557523745
vn -2.48440138e-05 -0.000824190094 0.000565745111
vn -2.21842583e-05 -0.000842331967 0.000538478489
vn -6.79448349e-05 -0.000841682195 0.00053565728
vn -6.77574426e-05 -0.000842300244 0.000534708728
vn -0.000111704176 -0.000841695175 0.000528247561
vn -0.000118528384 -0.00082449289 0.00055329618
vn -0.000166163765 -0.000820866029 0.000546390715
vn -0.000154329333 -0.000843740359 0.00051406119
vn -0.000200079943 -0.000838251028 0.000507225282
vn -0.000206753233 -0.000827926269 0.000521311362
vn -0.000250013982 -0.000826734758 0.000503961288
vn -0.000241999092 -0.000840326014 0.000485038996
vn -0.000284873066 -0.00083588605 0.000469165127
vn -0.000294416619 -0.000824496092 0.000483217766
vn -0.000339198246 -0.000817104301 0.000466110883
vn -0.000335168384 -0.000821506314 0.000461263146
vn -0.000371257833 -0.000821997237 0.000431812834
vn -0.000369304063 -0.000823913724 0.000429831358
vn -0.000408824097 -0.000820892921 0.000398712698
vn -0.000399401702 -0.000829422323 0.000390526606
vn -0.000438242365 -0.000823311624 0.000360659877
vn -0.00041346901 -0.000843723072 0.000342270039
vn -0.000447293307 -0.000838310516 0.000311670214
vn -0.000469416875 -0.000820925052 0.000325121568
vn -0.000494648237 -0.000821164111 0.000284581591
vn -0.000506899261 -0.000811504084 0.000290668831
vn -0.000533133454 -0.000808128272 0.000250342942
vn -0.000490840233 -0.000839211163 0.000234039573
vn -0.000519290799 -0.00083250727 0.0001929844
vn -0.000519167283 -0.000832588994 0.000192964202
vn -0.000537467538 -0.000829974248 0.000149149084
vn -0.000529282086 -0.000835542276 0.00014732228
vn -0.000547317846 -0.000830442586 0.000103838865
vn -0.000534582417 -0.00083890761 0.000102126585
vn -0.000550600525 -0.000832676364 5.88490184e-05
vn -0.00056701334 -0.000821542228 5.94851772e-05
vn -0.000570108998 -0.000821490947 1.01218502e-05
vn -0.000581545522 -0.000813439372 9.76298088e-06
vn -0.000583388202 -0.00081138988 -3.57576791e-05
vn -0.000565139926 -0.000824201037 -3.58292746e-05
vn -0.000567756244 -0.000819038774 -8.24778253e-05
vn -0.000563494395 -0.000822016213 -8.20832429e-05
vn -0.000562424539 -0.000815974199 -0.000133562658
vn -0.000529120909 -0.000839462562 -0.000123725084
vn -0.000519888825 -0.000837419124 -0.000168578918
vn -0.000528068398 -0.000831621233 -0.000171826265
vn -0.000518476008 -0.000826397445 -0.000219599446
vn -0.000509511621 -0.000833101978 -0.000215204607
vn -0.000495535205 -0.000828888849 -0.000259542023
vn -0.000485052791 -0.000836977502 -0.000253311009
vn -0.000462312892 -0.000836632622 -0.000293746125
vn -0.000455201982 -0.000842311769 -0.000288576062
vn -0.000431590917 -0.000841727015 -0.00032434371
vn -0.000465200283 -0.000811476843 -0.000353649812
vn -0.000436871458 -0.000807180884 -0.000396958989
vn -0.00039900362 -0.000843714515 -0.000359048863
vn -0.000373503164 -0.00083827629 -0.000397192984
vn -0.000379081204 -0.000832576887 -0.000403840822
vn -0.000346104236 -0.00083005795 -0.000437252573
vn -0.000346647052 -0.000829398341 -0.000438073243
vn -0.00031343216 -0.000823417562 -0.000472988002
vn -0.000306694157 -0.000832532882 -0.000461304357
vn -0.000271611643 -0.000825188006 -0.000495243585
vn -0.000270947872 -0.000826320611 -0.000493716158
vn -0.000229393598 -0.000826295058 -0.000514382438
vn -0.000241147543 -0.000801918679 -0.000546578784
vn -0.000197098227 -0.000797952991 -0.000569558993
vn -0.000184514778 -0.000832872174 -0.000521777896
vn -0.000140659744 -0.000825373165 -0.000546761439
vn -0.000141680139 -0.00082153565 -0.000552249956
vn -9.48561574e-05 -0.000821509282 -0.000562226574
vn -9.4858784e-05 -0.000821558817 -0.000562153873
vn -4.82691757e-05 -0.000821543799 -0.000568075688
vn -4.86845129e-05 -0.000801945862 -0.000595387828
vn 2.45393267e-06 -0.000797547633 -0.000603229506
vn -6.65746768e-07 -0.000832712569 -0.000553681632
vn 4.67292521e-05 -0.000825780444 -0.000562029483
vn 4.66300007e-05 -0.000826302741 -0.000561269524
vn 9.25876957e-05 -0.000826265838 -0.000555595499
vn 9.76376177e-05 -0.000811487145 -0.0005761332
vn 0.000149363666 -0.000807149918 -0.000571115874
vn 0.000133338588 -0.000843765272 -0.000519860536
vn 0.000178677292 -0.000838296721 -0.000515079591
vn 0.000184731223 -0.000827904034 -0.000529550016
vn 0.000228619858 -0.00082676264 -0.000513975276
vn 0.000229155252 -0.00082566432 -0.000515500142
vn 0.000276110135 -0.000821508642 -0.000498859503
vn 0.000265141716 -0.000835518818 -0.000481230119
vn 0.000309083349 -0.00083037914 -0.000463586242
vn 0.000296920887 -0.000843707123 -0.000447180239
vn 0.000338728743 -0.000838205742 -0.000427373714
vn 0.000365174201 -0.000810953265 -0.00045713954
vn 0.000401571422 -0.000809112389 -0.000429012201
vn 0.000390967994 -0.000821046939 -0.000415932591
vn 0.000429279899 -0.000816123094 -0.000386828091
vn 0.000423301099 -0.000822144037 -0.000380617392
vn 0.000460184121 -0.00081572996 -0.000350412971
vn 0.000453229499 -0.000821487862 -0.000345998415
vn 0.000482415839 -0.00082149537 -0.000303964858
vn 0.000455178611 -0.000842312758 -0.000288610172
vn 0.000478274014 -0.000841659901 -0.000250672951
vn 0.000494208012 -0.000830198289 -0.000257882173
vn 0.000518688641 -0.000826746458 -0.000217776804
vn 0.000514018058 -0.000830090139 -0.000216125118
vn 0.000530745077 -0.000829838798 -0.000172195694
vn 0.000530359452 -0.000830102712 -0.00017211189
vn 0.000543192611 -0.000829815981 -0.000127754378
vn 0.000554903178 -0.000821724825 -0.000129711654
vn 0.000569180411 -0.000817941676 -8.35412866e-05
vn 0.000559672073 -0.000824554416 -8.27730546e-05
vn 0.000297742954 -0.00042445591 -0.000855079154
vn 0.000317107508 -0.00030446428 -0.000898175058
vn 0.000386395783 -0.000316203339 -0.000866422488
vn 0.000385352992 -0.000321982749 -0.000864756817
vn 0.000453981542 -0.000333944481 -0.00082604849
vn 0.00043494298 -0.000414338749 -0.000799451023
vn 0.00050313602 -0.000417332805 -0.000756744004
vn 0.000503275252 -0.000416648603 -0.000757028523
vn 0.000559117005 -0.00042410451 -0.000712388603
vn 0.000725383579 -0.000420657772 -0.000544830051
vn 0.000766521262 -0.000419726275 -0.000486054632
vn 0.000801712216 -0.000320904481 -0.000504233933
vn 0.000836836116 -0.000329188246 -0.000437395065
vn 0.000844841998 -0.000303958484 -0.000440255943
vn 0.000874768652 -0.000316149613 -0.000367155997
vn 0.000834504608 -0.000420596567 -0.00035591374
vn 0.000863344467 -0.000419695949 -0.000280117121
vn 0.000905305555 -0.000310525182 -0.000289775926
vn 0.000922581996 -0.000319425337 -0.000216296379
vn 0.000924314954 -0.000314264122 -0.000216457891
vn 0.000935229007 -0.000326110574 -0.000137741896
vn 0.000898909639 -0.000416206196 -0.000136777089
vn 0.000903636916 -0.000424503378 -5.66687704e-05
vn 0.000905461668 -0.000420600059 -5.66484523e-05
vn 0.000907444744 -0.000419694028 1.93680517e-05
vn 0.000946820714 -0.00032085125 2.36483684e-05
vn 0.000939065183 -0.000329199916 9.8784054e-05
vn 0.000947319204 -0.000303956942 0.000100849888
vn 0.000931788236 -0.000316160673 0.000178289702
vn 0.000892017677 -0.000420633238 0.000165367077
vn 0.000874121266 -0.000419820164 0.000244206778
vn 0.000916332065 -0.000304401357 0.000260094821
vn 0.000889054849 -0.000316162797 0.000331054034
vn 0.000888723414 -0.000317318365 0.000330838142
vn 0.000853212085 -0.000332840427 0.000401522731
vn 0.000824431598 -0.000416149152 0.000383544742
vn 0.000784033793 -0.000424449274 0.000452888693
vn 0.000785507495 -0.000420686119 0.000453845074
vn 0.000745225814 -0.000419713411 0.000518124842
vn 0.000777247595 -0.00031478249 0.000544768118
vn 0.000728139828 -0.000326029229 0.000602902437
vn 0.000732463726 -0.000307170878 0.00060754997
vn 0.000676021155 -0.000322984386 0.00066230708
vn 0.000651482551 -0.000420627097 0.000631361734
vn 0.000596213154 -0.000419817632 0.000684293045
vn 0.000552378304 -0.000318516541 0.000770324259
vn 0.000493730651 -0.000331843359 0.000803793606
vn 0.000343695021 -0.000315107289 0.000884621521
vn 0.000272877951 -0.000325992238 0.00090511929
vn 0.000273839629 -0.000307137379 0.000911401468
vn 0.000196844441 -0.000322871783 0.000925732194
vn 0.000193747386 -0.000414318783 0.000889255898
vn 0.000113586611 -0.000417305564 0.000901625317
vn 0.00011359762 -0.00041659578 0.000901952269
vn 3.9623148e-05 -0.000424304162 0.000904638146
vn -4.20027754e-05 -0.000310325238 0.00094968843
vn -0.000119128243 -0.000319432002 0.000940077531
vn -0.00010902049 -0.000420699187 0.000900611398
vn -0.000187201978 -0.000419793912 0.0008880893
vn -0.000276339415 -0.000317758037 0.000906995323
vn -0.000347039982 -0.000332806841 0.000876799226
vn -0.000331305957 -0.000414298265 0.000847683521
vn -0.000404359278 -0.000417374133 0.00081379764
vn -0.00040446638 -0.000416669936 0.000814105209
vn -0.000465089193 -0.000424076949 0.000777061563
vn -0.000596621714 -0.000420663622 0.000683416845
vn -0.000648585556 -0.000419738906 0.000634925265
vn -0.000683399499 -0.000304427609 0.000663523329
vn -0.000731225125 -0.000316191261 0.000604406348
vn -0.000730900618 -0.000317345752 0.00060419389
vn -0.000772407395 -0.000332171738 0.000541316113
vn -0.00086017733 -0.000318532839 0.000398253615
vn -0.000883863133 -0.000332926982 0.000328511524
vn -0.000891493575 -0.000310145464 0.000330186507
vn -0.000912722084 -0.000319394632 0.000254754006
vn -0.00087535684 -0.000414288108 0.000249178556
vn -0.000892726122 -0.000417278672 0.000169978186
vn -0.000892947835 -0.000416791299 0.000170009691
vn -0.000900395913 -0.000424663973 9.44540807e-05
vn -0.000942284008 -0.000320954015 9.5202653e-05
vn -0.000944078318 -0.00032871752 2.5199226e-05
vn -0.00092500489 -0.000310299278 -0.000219213238
vn -0.000901114428 -0.000319398241 -0.000293175166
vn -0.000864229107 -0.000420691737 -0.000275863538
vn -0.000837268599 -0.000419771066 -0.000350353163
vn -0.000801290269 -0.000310331787 -0.000511470542
vn -0.000754764886 -0.000319359388 -0.000572986726
vn -0.000727711653 -0.00041432475 -0.00054657564
vn -0.000675119518 -0.000417313015 -0.000608307251
vn -0.000704293372 -0.000307820737 -0.000639680773
vn -0.000647710869 -0.000322999345 -0.000690011773
vn -0.0006481944 -0.000320531457 -0.000690707995
vn -0.000586461509 -0.000329190952 -0.000740047311
vn -0.000568436575 -0.00041432635 -0.000710765482
vn -0.000502598705 -0.000417295319 -0.00075712183
vn -0.000502814364 -0.000416697003 -0.000757307978
vn -0.000437480194 -0.000424320024 -0.000792803592
vn -0.000294527155 -0.000417141011 -0.000859779713
vn -0.000225000869 -0.00042447602 -0.000877022801
vn -0.000232345497 -0.000310577278 -0.000921700208
vn -0.000157658054 -0.000319427782 -0.000934389594
vn -0.000157654256 -0.000320533378 -0.000934011478
vn -8.27735712e-05 -0.000328812166 -0.00094074721
vn 0.000161029806 -0.00030414018 -0.000938904763
vn 0.000236293126 -0.000316197431 -0.00091878121
vn 0.000221621827 -0.000416052033 -0.000881906308
vn 3.62279061e-05 -0.00021860392 0.000975127623
vn -3.96176583e-05 -0.000236345193 0.000970847788
vn -0.0002079306 -0.00020941993 0.000955448661
vn -0.000280307868 -0.000221573384 0.000933973701
vn -0.000964726438 -0.000218521469 -0.000146715363
vn -0.000946192362 -0.000236487045 -0.00022083451
vn -0.000899563602 -0.000209411388 -0.000383283244
vn -0.000863815832 -0.000221979237 -0.000452240725
vn -0.00086362724 -0.000222962117 -0.000452117325
vn -0.000822166388 -0.000230460544 -0.000520484638
vn -0.000465439138 -0.000223489144 -0.000856383704
vn -0.000399655604 -0.000230222751 -0.000887269503
vn 8.38979104e-05 -0.000223233743 -0.000971134403
vn 0.000161230593 -0.000230497637 -0.000959609053
vn -0.000816789398 -0.00012891709 0.000562324887
vn -0.000857043138 -0.00013362155 0.000497590401
vn -7.84043223e-05 -0.000103189101 -0.000991553883
vn 1.95372763e-07 -0.000208394238 -0.000978031545
vn 3.26292911e-06 -0.000145592261 -0.000989326276
vn 8.18782864e-05 -0.000145708051 -0.000985920546
vn 0.000623941363 -3.2138556e-05 -0.000780793373
vn 0.000684101193 -4.26200058e-05 -0.000728123065
vn 0.000684576691 -3.40526094e-05 -0.000728127256
vn 0.000741631724 -5.73891957e-05 -0.000668328488
vn 0.00074307021 -3.4070199e-05 -0.00066832616
vn 0.000793092418 -5.65011542e-05 -0.000606453628
vn 0.00065006403 -3.16542028e-05 0.000759202812
vn 0.000589969335 -4.17297633e-05 0.000806330645
vn 0.000513626786 -3.52654242e-05 0.000857273582
vn 0.000443830126 -5.75553604e-05 0.000894246274
vn 0.000443688012 -4.51190717e-05 0.000895030389
vn 0.00037088737 -4.53763205e-05 0.000927554676
vn -0.000521124923 -3.54742733e-05 0.000852727739
vn -0.000586841372 -5.799071e-05 0.000807606441
vn -0.000587656221 -4.50799162e-05 0.000807837874
vn -0.000650204427 -4.53816974e-05 0.000758385693
vn -0.000866445189 -3.13672826e-05 0.000498259906
vn -0.000902581669 -4.17291812e-05 0.000428461441
vn -0.000999351381 -3.17388767e-05 1.62336764e-05
vn -0.000997107709 -4.22490157e-05 -6.29721762e-05
vn -0.000997398631 -3.40350016e-05 -6.33369491e-05
vn -0.000987931038 -5.70263692e-05 -0.000143924713
vn -0.000403541955 -3.15371581e-05 -0.000914403296
vn -0.000331655203 -4.16773873e-05 -0.000942465791
vn 0.00024914174 0.000164207129 -0.000954431016
vn 0.000321885018 0.000163765231 -0.000932493887
vn 0.000478303089 0.000164040321 -0.000862722984
vn 0.000546259515 0.000163527453 -0.00082148239
vn 0.000546193507 0.00016413175 -0.000821405731
vn 0.000612730393 0.000163641947 -0.000773147505
vn 0.000786293764 0.000164107332 -0.000595638296
vn 0.000831687183 0.000163658144 -0.000530552876
vn 0.000910873641 0.000164033059 -0.000378650788
vn 0.000937395031 0.000163622652 -0.000307395851
vn 0.000976358773 0.000164089768 -0.000140613789
vn 0.000984595506 0.000163565579 -6.15800018e-05
vn 0.000984502258 0.000164128069 -6.15763638e-05
vn 0.00098638318 0.000163359175 1.83357824e-05
vn 0.000968218665 0.000164065073 0.000188704536
vn 0.000950885529 0.000163651479 0.000262695656
vn 0.000891059928 0.000164121986 0.000423143327
vn 0.00085413584 0.000163662291 0.000493599684
vn 0.000854080659 0.000164116675 0.000493544387
vn 0.000811416307 0.000163568096 0.000561090943
vn 0.000701993529 0.000164122699 0.000692995673
vn 0.000644623186 0.00016361881 0.000746768957
vn 0.000201241506 0.000164051613 0.000965693092
vn 0.000123313715 0.000163574528 0.000978780561
vn 0.000123271617 0.000164070108 0.000978702796
vn 4.30310938e-05 0.000163615317 0.000985572115
vn -0.000127553125 0.000164082405 0.000978151918
vn -0.000203303047 0.000163574412 0.000965342158
vn -0.000366375054 0.00016414182 0.000915860815
vn -0.000438955089 0.000163706412 0.000883454923
vn -0.000438913179 0.000164116005 0.000883399742
vn -0.00051102374 0.00016361961 0.000843834947
vn -0.0006452495 0.000164091893 0.000746124017
vn -0.000702952151 0.000163593912 0.00069214846
vn -0.000951130467 0.00016412478 0.000261510897
vn -0.000969108951 0.000163582488 0.000184506513
vn -0.000969019195 0.00016411797 0.000184502307
vn -0.000980869285 0.000163566481 0.000105431245
vn -0.000936935365 0.000163959252 -0.000308615592
vn -0.000910175731 0.000163520861 -0.000380545942
vn -0.000783307361 0.000164123048 -0.00059955602
vn -0.000734897621 0.000163639445 -0.000658119854
vn -0.000609961688 0.000164064739 -0.000775244203
vn -0.000545596413 0.000163597942 -0.000821909052
vn -0.00054555526 0.00016405544 -0.000821845257
vn -0.000476801913 0.000163657329 -0.00086362625
vn -0.000323515385 0.000164121127 -0.000931866991
vn -0.000247913791 0.000163679637 -0.000954841322
vn 0.000737123366 -0.000652748917 -0.000174762448
vn 0.000170534768 -0.000983368489 -6.22757434e-05
vn 2.14932184e-13 -0.000999986893 6.59666114e-07
vn 0.000124294878 -0.000991209177 -4.50448424e-05
vn 0.00089146517 -6.90584347e-05 -0.00044776639
vn -0.000109388464 -0.000924398366 0.000365370826
vn -1.38578644e-05 -0.000996759976 7.90669583e-05
vn -2.31403174e-05 -0.00099120196 0.000130219749
vn -5.79997832e-05 -6.91322202e-05 0.000995907118
vn -6.44996408e-06 -0.000977891264 0.000208952741
vn 1.24894523e-05 -0.000979842967 0.00019931345
vn 4.14559134e-14 -0.000999987009 1.27271051e-07
vn 4.01032343e-13 -0.00099998631 1.2308036e-06
vn 3.28877468e-05 -0.000981651363 0.000187758284
vn 0.000202874478 -0.000706818071 0.000677660864
vn 0.000205970951 -0.000695492257 0.000688360829
vn 0.000105626008 -0.000963817933 0.000244687806
vn 7.63543358e-05 -0.000981263467 0.000176822723
vn 2.2856309e-06 -0.000999973505 4.66452184e-06
vn 2.78587449e-05 -0.000998447649 4.79616538e-05
vn 0.0003869707 -0.000900094048 -0.000200145892
vn 0.000344431639 -0.000910518807 -0.000228684294
vn 1.70776957e-06 -0.00099998503 -1.06901086e-06
vn 0.000273517362 -0.000935547112 -0.000223414245
vn 4.26286761e-06 -0.000999970478 -3.85555268e-06
vn 1.11146219e-05 -0.000999856275 -1.17466871e-05
vn 1.4569855e-05 -0.000999762909 -1.53569526e-05
vn 4.38755842e-06 -0.000999960233 -5.86444185e-06
vn 3.24822024e-14 -0.000999987009 9.97309186e-08
vn 1.10322213e-13 -0.000999987009 3.3862031e-07
vn 0.000187081561 -0.000928204739 -0.000321575324
vn 0.00019252066 -0.000879445986 -0.000435298192
vn 0.000385934371 -0.00022496852 -0.000894660887
vn 4.06907966e-05 -0.00098980288 -0.000136413393
vn -5.78233262e-13 -0.000999985496 -1.77454228e-06
vn 4.83034019e-05 -0.000985793304 -0.000160787284
vn 0.000145885831 -0.000542625843 -0.00082719326
vn -0.00015376239 -0.000464531186 -0.000872090633
vn -4.61217023e-05 -0.000987049425 -0.000153558343
vn -5.98120728e-13 -0.000999985263 -1.83557654e-06
vn -1.0198828e-06 -0.00099998049 -3.4642519e-06
vn -1.08147669e-05 -0.000999619835 -2.48508914e-05
vn -0.000678416051 -0.000464833109 0.000568907824
vn -0.000109924629 -0.000987048843 0.000116727861
vn -2.46908894e-06 -0.000999980606 2.62458161e-06
vn -1.64370103e-05 -0.000999615411 2.17518755e-05
vn -5.44363975e-05 -0.000351739262 -0.000934500014
vn -1.97056197e-05 -0.000945495733 -0.000324998109
vn -9.38681042e-05 -0.00083042169 -0.000549147197
vn -0.000804753159 -0.000434563786 -0.000404352148
vn -5.30239558e-05 -0.000998395262 -1.92221814e-05
vn 2.00638348e-13 -0.000999986776 6.15798683e-07
vn -0.000179085095 -0.000981643912 -6.54050091e-05
vn -0.000688276952 -0.000706859515 -0.000163090808
vn -8.12471899e-06 -0.000999892247 1.11173522e-05
vn -4.81271172e-06 -0.000999941141 8.29589135e-06
vn -5.84173552e-14 -0.000999987009 -1.79237944e-07
vn 2.51563093e-13 -0.00099998666 7.72085684e-07
vn -0.000110347886 -0.000960703823 0.000254648388
vn -0.000198914393 -0.000712930632 0.00067241129
vn 0.000185483295 -0.000927968649 0.000323178276
vn 0.000296404556 -0.000869834214 0.000394343544
vn 1.75960795e-05 -0.000999564189 2.3151908e-05
vn 2.38397593e-06 -0.000999980955 2.53565099e-06
vn 5.78233262e-13 -0.000999985496 1.7746296e-06
vn 0.000115114635 -0.000985793886 0.000122201411
vn 0.000643478415 -0.000542736147 0.000539765926
vn 0.000832215708 -0.000464429584 0.00030281418
vn 0.000156027992 -0.000987051637 3.6857833e-05
vn 1.49466648e-13 -0.000999986893 4.5875376e-07
vn 0.000144689635 -0.000988865504 3.44123509e-05
vn 0.000941531616 -0.000318410544 0.000110032182
vn 0.000498804322 -0.000864992326 5.43752903e-05
vn 0.000351645343 -0.000936118711 -1.16169258e-06
vn 0.000275779923 -0.000960682868 -3.17512058e-05
vn 0.000651829061 -0.000742629752 -0.00015360328
vn 4.30727632e-05 -0.00096231699 -0.000268448901
vn 1.10702358e-05 -0.00098783744 -0.000155012443
vn 5.77956926e-05 -9.7983735e-05 -0.000993495341
vn -8.71153702e-07 -0.000998771051 -4.92928848e-05
vn -0.000102182355 -0.000965356885 -0.000240039706
vn -8.4651736e-05 -0.000985726248 -0.000145436745
vn 5.84303995e-14 -0.000999987009 1.79365387e-07
vn 2.51805846e-13 -0.000999986776 7.72830674e-07
vn -0.000165326128 -0.000960702018 -0.000222919596
vn -0.000458794384 -0.000742770673 -0.000487620273
vn -0.000519805239 -0.000652815041 -0.000551007397
vn -0.000139177442 -0.000983379432 -0.000116483803
vn 4.2956231e-13 -0.000999986194 1.31836146e-06
vn -0.000101164413 -0.000991205685 -8.51538862e-05
vn -0.000833642145 -6.90733941e-05 -0.000547944976
vn -0.000177834125 -0.000977853546 -0.000110233166
vn -0.000178750415 -0.000979533652 -9.23913831e-05
vn -0.000328581664 -0.000941499486 -7.4745607e-05
vn -0.000126367959 -0.000991859706 -1.48185627e-05
vn -0.000193641608 -0.000980796525 -2.26971006e-05
vn -5.15597321e-06 -0.000999973738 -3.23172401e-07
vn -5.56891464e-05 -0.000998435076 6.17887824e-11
vn 0.000455780682 -0.000805065676 0.000379614939
vn 0.00025375007 -0.000952894334 0.000166065103
vn -8.66358173e-14 -0.000999987009 -2.65839816e-07
vn 8.11751179e-14 -0.000999987009 2.49168465e-07
vn 0.000285028655 -0.00094761909 0.00014405117
vn 0.000522427261 -0.000830459874 0.000193339554
vn -0.000372667942 -0.000927950372 -9.54399525e-07
vn -0.000490657694 -0.000869259355 6.01468746e-05
vn 1.44431152e-13 -0.000999987009 4.43299939e-07
vn -0.000163439458 -0.000985785387 3.85833446e-05
vn -0.000789257931 -0.000542723574 0.000287223345
vn -0.000556690327 -0.000805017422 0.000204979951
vn -0.000272304518 -0.00095237972 0.000137103751
vn -9.1294809e-05 -0.0009947418 4.61329837e-05
vn -1.54437184e-05 -0.000999835203 8.07732704e-06
vn -0.000631306553 -0.000655804179 0.000413940783
vn -0.000271186233 -0.000945672626 0.000179263399
vn -0.000428645406 -0.000830358942 0.000356007746
vn -5.81404383e-05 8.71853899e-06 0.00099825731
vn -0.000173638124 8.71847988e-06 0.000984757673
vn -0.000173640321 8.70393524e-06 0.00098475744
vn -0.000286790048 8.70542499e-06 0.000957940356
vn -0.000286784867 8.71990869e-06 0.000957941753
vn -0.000396063959 8.71859629e-06 0.00091816741
vn -0.000396058749 8.71770226e-06 0.000918169622
vn -0.000499984133 8.71686461e-06 0.000865975744
vn -0.000499965681 8.71120392e-06 0.000865986396
vn -0.000597130216 8.71674274e-06 0.000802080904
vn -0.000597124803 8.71006705e-06 0.000802084862
vn -0.000686207844 8.72025703e-06 0.000727335457
vn -0.00068620703 8.71381962e-06 0.000727336213
vn -0.000766000827 8.71316024e-06 0.000642760366
vn -0.000766003446 8.71268276e-06 0.000642757281
vn -0.00083544571 8.71321481e-06 0.000549480319
vn -0.000835443498 8.70928125e-06 0.000549483986
vn -0.000893589691 8.69223095e-06 0.000448771461
vn -0.000893586432 8.70969507e-06 0.000448777777
vn -0.000939645688 8.72023975e-06 0.000341999956
vn -0.000939642487 8.7142198e-06 0.000342009269
vn -0.000972995593 8.70622807e-06 0.000230603328
vn -0.000972994952 8.7151675e-06 0.000230605729
vn -0.000993188471 8.66420214e-06 0.000116085714
vn -0.000993187539 8.72404507e-06 0.000116088908
vn -0.000999948941 8.72016426e-06 3.2544345e-10
vn -0.000999949058 8.71432349e-06 3.25443728e-10
vn -0.000993187889 8.69220548e-06 -0.000116086769
vn -0.000993187889 8.6951859e-06 -0.000116087576
vn -0.000972995709 8.70620806e-06 -0.000230602687
vn -0.000972995651 8.72414876e-06 -0.000230602396
vn -0.000939646037 8.72021064e-06 -0.000341999228
vn -0.000939642312 8.71460725e-06 -0.000342009327
vn -0.000893586955 8.72020519e-06 -0.000448776671
vn -0.000893588178 8.69153428e-06 -0.000448774983
vn -0.000835449144 8.69910127e-06 -0.000549475371
vn -0.00083544082 8.71161865e-06 -0.00054948777
vn -0.000766008976 8.70618987e-06 -0.000642750936
vn -0.000765998499 8.71745397e-06 -0.00064276316
vn -0.000686215819 8.71327939e-06 -0.000727328064
vn -0.00068620441 8.71774864e-06 -0.000727338658
vn -0.000597137376 8.71679094e-06 -0.000802075549
vn -0.000597121427 8.70940039e-06 -0.000802087481
vn -0.000499977381 8.71673001e-06 -0.000865979702
vn -0.000499970804 8.71184147e-06 -0.000865983428
vn -0.000396063144 8.71499833e-06 -0.000918167876
vn -0.00039605776 8.72006603e-06 -0.00091817003
vn -0.000286790601 8.72018336e-06 -0.000957940065
vn -0.000286786089 8.70468648e-06 -0.00095794152
vn -0.000173641267 8.70367148e-06 -0.00098475744
vn -0.000173639361 8.71863176e-06 -0.000984757673
vn -5.81431777e-05 8.71851262e-06 -0.000998257194
vn -5.81410859e-05 8.71284919e-06 -0.00099825731
vn 5.81425302e-05 8.71290922e-06 -0.000998257194
vn 5.81404383e-05 8.71845168e-06 -0.00099825731
vn 0.000173638124 8.71839438e-06 -0.000984757673
vn 0.000173640321 8.70384974e-06 -0.00098475744
vn 0.000286790048 8.70534132e-06 -0.000957940356
vn 0.000286784867 8.71982502e-06 -0.000957941753
vn 0.000396063959 8.71851626e-06 -0.00091816741
vn 0.000396058749 8.71762222e-06 -0.000918169622
vn 0.000499984133 8.71678822e-06 -0.000865975744
vn 0.000499965681 8.71112752e-06 -0.000865986396
vn 0.000597130216 8.7166718e-06 -0.000802080904
vn 0.000597124803 8.70999611e-06 -0.000802084862
vn 0.000686207844 8.72019336e-06 -0.000727335457
vn 0.00068620703 8.71375596e-06 -0.000727336213
vn 0.000766000827 8.71310385e-06 -0.000642760366
vn 0.000766003446 8.71262637e-06 -0.000642757281
vn 0.00083544571 8.71316752e-06 -0.000549480319
vn 0.000835443498 8.70923395e-06 -0.000549483986
vn 0.000893589691 8.69219093e-06 -0.000448771461
vn 0.000893586432 8.70965505e-06 -0.000448777777
vn 0.000939645688 8.72021064e-06 -0.000341999956
vn 0.000939642487 8.7141907e-06 -0.000342009269
vn 0.000972995593 8.70620806e-06 -0.000230603328
vn 0.000972994952 8.71514749e-06 -0.000230605729
vn 0.000993188471 8.66419123e-06 -0.000116085721
vn 0.000993187539 8.72403416e-06 -0.000116088915
vn 0.000999948941 8.72016426e-06 -3.26205785e-10
vn 0.000999949058 8.71432349e-06 -3.26205563e-10
vn 0.000993187889 8.6922164e-06 0.000116086761
vn 0.000993187889 8.69519681e-06 0.000116087569
vn 0.000972995709 8.70622807e-06 0.000230602687
vn 0.000972995651 8.72416877e-06 0.000230602396
vn 0.000939646037 8.72023975e-06 0.000341999228
vn 0.000939642312 8.71463635e-06 0.000342009327
vn 0.000893590157 8.69223095e-06 0.000448770705
vn 0.00089358585 8.70808526e-06 0.00044877897
vn 0.000835449784 8.71327393e-06 0.000549474091
vn 0.00083544082 8.71166594e-06 0.00054948777
vn 0.000766008976 8.70624626e-06 0.000642750936
vn 0.000765998499 8.71751035e-06 0.00064276316
vn 0.000686215819 8.71334305e-06 0.000727328064
vn 0.00068620441 8.71781231e-06 0.000727338658
vn 0.000597137376 8.71686188e-06 0.000802075549
vn 0.000597121427 8.70947133e-06 0.000802087481
vn 0.000499977381 8.71680641e-06 0.000865979702
vn 0.000499970804 8.71191787e-06 0.000865983428
vn 0.000396063144 8.71507837e-06 0.000918167876
vn 0.00039605776 8.72014607e-06 0.00091817003
vn 0.000286790601 8.72026703e-06 0.000957940065
vn 0.000286786089 8.70477015e-06 0.00095794152
vn 0.000173641267 8.70375698e-06 0.00098475744
vn 0.000173639361 8.71871725e-06 0.000984757673
vn 5.81431777e-05 8.71859993e-06 0.000998257194
vn 5.81410859e-05 8.71293651e-06 0.00099825731
vn -5.81425302e-05 8.71299653e-06 0.000998257194
vn 0 0.000999987009 -4.37107989e-11
vn 1.68115274e-16 0.000999987009 4.72231476e-10
vn 1.57176916e-16 0.000999987009 4.3866194e-10
vn -1.63729841e-16 0.000999987009 -5.46194312e-10
vn 2.47453317e-16 0.000999987009 7.15718318e-10
vn 7.922499e-17 0.000999987009 1.99429043e-10
vn -2.68901512e-10 0.000999987009 -4.37107121e-11
vn -2.02571293e-10 0.000999987009 1.64238567e-10
vn -1.54682933e-10 0.000999987009 1.26129066e-10
vn -7.69075026e-10 0.000999987009 -4.37105491e-11
vn -5.15066378e-10 0.000999987009 -2.81568546e-10
vn -3.65377173e-10 0.000999987009 3.00755865e-10
vn -7.08156778e-09 0.000999987009 -4.37084917e-11
vn -2.45527865e-09 0.000999987009 -2.35846986e-09
vn -1.26164346e-09 0.000999987009 5.38918077e-10
vn -5.7727072e-09 0.000999987009 -6.95666946e-09
vn -3.84539012e-10 0.000999987009 -4.3710674e-11
vn -7.58532126e-10 0.000999987009 -4.37105525e-11
vn -1.73158909e-09 0.000999987009 -4.67323025e-09
vn -1.12241723e-15 0.000999987009 -3.48838602e-09
vn -2.0539441e-10 0.000999987009 2.810572e-09
vn -4.42724481e-16 0.000999987009 -1.40242307e-09
vn -5.42072181e-16 0.000999987009 -1.70731917e-09
vn -9.74770704e-16 0.000999987009 -3.03526204e-09
vn -6.8940263e-17 0.000999987009 -2.55287042e-10
vn -7.92246658e-17 0.000999987009 -2.86849655e-10
vn 3.4643314e-16 0.000999987009 1.01948539e-09
vn 3.27459655e-16 0.000999987009 9.61256075e-10
vn -5.92971185e-16 0.000999987009 -1.86352711e-09
vn -7.07294375e-16 0.000999987009 -2.21438268e-09
vn 7.35505284e-16 0.000999987009 2.2135398e-09
vn 2.11130638e-16 0.000999987009 6.04244765e-10
vn 4.90703974e-16 0.000999987009 1.46224965e-09
vn -1.98341539e-16 0.000999987009 -6.52416898e-10
vn -5.33079074e-16 0.000999987009 -1.67971959e-09
vn 5.48308726e-16 0.000999987009 1.63903735e-09
vn 5.21968066e-16 0.000999987009 1.55819835e-09
vn -1.90407739e-16 0.000999987009 -6.28068209e-10
vn -2.17625886e-16 0.000999987009 -7.11600168e-10

# Mesh 'eSeries_UR10e_010-mesh' with 2667 faces
g eSeries_UR10e_010-mesh
usemtl JointGrey
f  1//1 2//1 3//1
f  4//2 5//2 3//2
f  6//3 7//3 3//3
f  5//4 8//4 3//4
f  9//5 10//5 3//5
f  10//6 11//6 3//6
f  7//7 4//7 3//7
f  11//8 12//8 3//8
f  8//9 9//9 3//9
f  12//10 1//10 3//10
f  13//11 14//11 15//11
f  15//12 14//12 16//12
f  15//13 16//13 17//13
f  17//14 16//14 18//14
f  17//15 18//15 19//15
f  19//16 18//16 20//16
f  19//17 20//17 21//17
f  21//18 20//18 22//18
f  21//19 22//19 23//19
f  23//20 22//20 24//20
f  23//21 24//21 25//21
f  25//22 24//22 26//22
f  25//23 26//23 27//23
f  27//24 26//24 28//24
f  27//25 28//25 29//25
f  29//26 28//26 30//26
f  29//27 30//27 31//27
f  31//28 30//28 32//28
f  31//29 32//29 33//29
f  33//30 32//30 34//30
f  33//31 34//31 35//31
f  35//32 34//32 36//32
f  35//33 36//33 13//33
f  13//34 36//34 14//34
f  37//35 38//35 39//35
f  39//36 38//36 40//36
f  39//37 40//37 41//37
f  41//38 40//38 42//38
f  41//39 42//39 43//39
f  43//40 42//40 44//40
f  43//41 44//41 45//41
f  45//42 44//42 46//42
f  45//43 46//43 47//43
f  47//44 46//44 48//44
f  47//45 48//45 49//45
f  49//46 48//46 50//46
f  49//47 50//47 51//47
f  51//48 50//48 52//48
f  51//49 52//49 53//49
f  53//50 52//50 54//50
f  53//51 54//51 55//51
f  55//52 54//52 56//52
f  55//53 56//53 57//53
f  57//54 56//54 58//54
f  57//55 58//55 59//55
f  59//56 58//56 60//56
f  59//57 60//57 37//57
f  37//58 60//58 38//58
f  61//59 62//59 63//59
f  63//60 62//60 64//60
f  63//61 64//61 65//61
f  65//62 64//62 66//62
f  65//63 66//63 67//63
f  67//64 66//64 68//64
f  67//65 68//65 69//65
f  69//66 68//66 70//66
f  69//67 70//67 71//67
f  71//68 70//68 72//68
f  71//69 72//69 73//69
f  73//70 72//70 74//70
f  73//71 74//71 75//71
f  75//72 74//72 76//72
f  75//73 76//73 77//73
f  77//74 76//74 78//74
f  77//75 78//75 79//75
f  79//76 78//76 80//76
f  79//77 80//77 81//77
f  81//78 80//78 82//78
f  81//79 82//79 83//79
f  83//80 82//80 84//80
f  83//81 84//81 61//81
f  61//82 84//82 62//82
f  2//83 85//83 3//83
f  3//84 85//84 86//84
f  3//85 86//85 6//85
f  6//86 86//86 87//86
f  6//87 87//87 7//87
f  7//88 87//88 88//88
f  7//89 88//89 4//89
f  4//90 88//90 89//90
f  4//91 89//91 5//91
f  5//92 89//92 90//92
f  5//93 90//93 8//93
f  8//94 90//94 91//94
f  8//95 91//95 9//95
f  9//96 91//96 92//96
f  9//97 92//97 10//97
f  10//98 92//98 93//98
f  10//99 93//99 11//99
f  11//100 93//100 94//100
f  11//101 94//101 12//101
f  12//102 94//102 95//102
f  12//103 95//103 1//103
f  1//104 95//104 96//104
f  1//105 96//105 2//105
f  2//106 96//106 85//106
f  22//107 97//107 98//107
f  22//108 98//108 24//108
f  24//109 98//109 99//109
f  24//110 99//110 100//110
f  24//111 100//111 101//111
f  24//112 101//112 26//112
f  26//113 101//113 102//113
f  26//114 102//114 28//114
f  28//115 102//115 103//115
f  28//116 103//116 30//116
f  30//117 103//117 104//117
f  30//118 104//118 105//118
f  30//119 105//119 106//119
f  30//120 106//120 32//120
f  32//121 106//121 107//121
f  32//122 107//122 34//122
f  34//123 107//123 108//123
f  34//124 108//124 109//124
f  34//125 109//125 36//125
f  36//126 109//126 110//126
f  36//127 110//127 111//127
f  36//128 111//128 14//128
f  14//129 111//129 112//129
f  14//130 112//130 16//130
f  16//131 112//131 113//131
f  16//132 113//132 114//132
f  16//133 114//133 18//133
f  18//134 114//134 115//134
f  18//135 115//135 116//135
f  18//136 116//136 117//136
f  18//137 117//137 20//137
f  20//138 117//138 97//138
f  20//139 97//139 22//139
f  46//140 118//140 48//140
f  48//141 118//141 119//141
f  48//142 119//142 120//142
f  48//143 120//143 121//143
f  48//144 121//144 50//144
f  50//145 121//145 122//145
f  50//146 122//146 52//146
f  52//147 122//147 123//147
f  52//148 123//148 124//148
f  52//149 124//149 54//149
f  54//150 124//150 125//150
f  54//151 125//151 126//151
f  54//152 126//152 56//152
f  56//153 126//153 127//153
f  56//154 127//154 58//154
f  58//155 127//155 128//155
f  58//156 128//156 129//156
f  58//157 129//157 60//157
f  60//158 129//158 130//158
f  60//159 130//159 131//159
f  60//160 131//160 132//160
f  60//161 132//161 38//161
f  38//162 132//162 133//162
f  38//163 133//163 40//163
f  40//164 133//164 134//164
f  40//165 134//165 42//165
f  42//166 134//166 135//166
f  42//167 135//167 136//167
f  42//168 136//168 137//168
f  42//169 137//169 44//169
f  44//170 137//170 138//170
f  44//171 138//171 46//171
f  46//107 138//107 118//107
f  64//172 139//172 140//172
f  64//173 140//173 66//173
f  66//174 140//174 141//174
f  66//175 141//175 142//175
f  66//176 142//176 68//176
f  68//177 142//177 143//177
f  68//178 143//178 70//178
f  70//179 143//179 144//179
f  70//180 144//180 145//180
f  70//181 145//181 72//181
f  72//182 145//182 146//182
f  72//183 146//183 147//183
f  72//184 147//184 148//184
f  72//185 148//185 74//185
f  74//186 148//186 149//186
f  74//187 149//187 76//187
f  76//188 149//188 150//188
f  76//189 150//189 78//189
f  78//190 150//190 151//190
f  78//191 151//191 152//191
f  78//192 152//192 153//192
f  78//193 153//193 80//193
f  80//194 153//194 154//194
f  80//195 154//195 82//195
f  82//196 154//196 155//196
f  82//197 155//197 84//197
f  84//198 155//198 156//198
f  84//199 156//199 157//199
f  84//200 157//200 158//200
f  84//201 158//201 62//201
f  62//202 158//202 159//202
f  62//203 159//203 64//203
f  64//204 159//204 139//204
f  86//205 160//205 161//205
f  86//206 161//206 87//206
f  87//207 161//207 162//207
f  87//208 162//208 163//208
f  87//209 163//209 164//209
f  87//210 164//210 88//210
f  88//211 164//211 165//211
f  88//212 165//212 89//212
f  89//213 165//213 166//213
f  89//214 166//214 167//214
f  89//215 167//215 90//215
f  90//216 167//216 168//216
f  90//217 168//217 169//217
f  90//218 169//218 91//218
f  91//219 169//219 170//219
f  91//220 170//220 92//220
f  92//221 170//221 171//221
f  92//222 171//222 172//222
f  92//223 172//223 93//223
f  93//224 172//224 173//224
f  93//225 173//225 174//225
f  93//226 174//226 175//226
f  93//227 175//227 94//227
f  94//228 175//228 176//228
f  94//229 176//229 95//229
f  95//196 176//196 177//196
f  95//230 177//230 96//230
f  96//231 177//231 178//231
f  96//232 178//232 179//232
f  96//233 179//233 180//233
f  96//234 180//234 85//234
f  85//235 180//235 160//235
f  85//236 160//236 86//236
f  112//237 181//237 113//237
f  113//238 181//238 182//238
f  113//239 182//239 114//239
f  114//240 182//240 183//240
f  114//241 183//241 115//241
f  115//242 183//242 184//242
f  115//243 184//243 116//243
f  116//244 184//244 185//244
f  116//245 185//245 117//245
f  117//246 185//246 186//246
f  117//247 186//247 97//247
f  97//248 186//248 187//248
f  97//249 187//249 98//249
f  98//250 187//250 188//250
f  98//251 188//251 99//251
f  99//252 188//252 189//252
f  99//253 189//253 100//253
f  100//254 189//254 190//254
f  100//255 190//255 101//255
f  101//256 190//256 191//256
f  101//257 191//257 102//257
f  102//258 191//258 192//258
f  102//259 192//259 103//259
f  103//260 192//260 193//260
f  103//261 193//261 104//261
f  104//262 193//262 194//262
f  104//263 194//263 105//263
f  105//264 194//264 195//264
f  105//265 195//265 106//265
f  106//266 195//266 107//266
f  107//267 195//267 196//267
f  107//268 196//268 108//268
f  108//269 196//269 197//269
f  108//270 197//270 109//270
f  109//271 197//271 198//271
f  109//272 198//272 199//272
f  109//273 199//273 110//273
f  110//274 199//274 111//274
f  111//275 199//275 200//275
f  111//276 200//276 112//276
f  112//277 200//277 181//277
f  132//278 201//278 133//278
f  133//279 201//279 202//279
f  133//280 202//280 134//280
f  134//281 202//281 203//281
f  134//282 203//282 135//282
f  135//283 203//283 204//283
f  135//284 204//284 136//284
f  136//285 204//285 205//285
f  136//286 205//286 137//286
f  137//287 205//287 206//287
f  137//288 206//288 138//288
f  138//289 206//289 207//289
f  138//290 207//290 118//290
f  118//291 207//291 208//291
f  118//292 208//292 119//292
f  119//293 208//293 209//293
f  119//294 209//294 120//294
f  120//295 209//295 210//295
f  120//296 210//296 121//296
f  121//297 210//297 122//297
f  122//298 210//298 211//298
f  122//299 211//299 123//299
f  123//300 211//300 212//300
f  123//301 212//301 124//301
f  124//302 212//302 213//302
f  124//303 213//303 214//303
f  124//304 214//304 125//304
f  125//305 214//305 126//305
f  126//306 214//306 215//306
f  126//307 215//307 127//307
f  127//308 215//308 216//308
f  127//309 216//309 128//309
f  128//310 216//310 217//310
f  128//311 217//311 129//311
f  129//312 217//312 218//312
f  129//313 218//313 130//313
f  130//314 218//314 219//314
f  130//315 219//315 131//315
f  131//316 219//316 220//316
f  131//317 220//317 132//317
f  132//318 220//318 201//318
f  159//319 221//319 139//319
f  139//320 221//320 222//320
f  139//321 222//321 140//321
f  140//322 222//322 223//322
f  140//323 223//323 224//323
f  140//324 224//324 141//324
f  141//325 224//325 142//325
f  142//326 224//326 225//326
f  142//327 225//327 143//327
f  143//328 225//328 226//328
f  143//329 226//329 144//329
f  144//330 226//330 227//330
f  144//331 227//331 145//331
f  145//332 227//332 228//332
f  145//333 228//333 146//333
f  146//334 228//334 229//334
f  146//335 229//335 147//335
f  147//336 229//336 230//336
f  147//337 230//337 148//337
f  148//338 230//338 231//338
f  148//339 231//339 149//339
f  149//340 231//340 232//340
f  149//341 232//341 150//341
f  150//342 232//342 233//342
f  150//343 233//343 151//343
f  151//344 233//344 234//344
f  151//345 234//345 152//345
f  152//346 234//346 235//346
f  152//347 235//347 153//347
f  153//348 235//348 236//348
f  153//349 236//349 154//349
f  154//350 236//350 237//350
f  154//351 237//351 155//351
f  155//352 237//352 238//352
f  155//353 238//353 156//353
f  156//354 238//354 239//354
f  156//355 239//355 157//355
f  157//356 239//356 240//356
f  157//357 240//357 158//357
f  158//358 240//358 159//358
f  159//359 240//359 221//359
f  180//360 241//360 160//360
f  160//361 241//361 242//361
f  160//362 242//362 161//362
f  161//363 242//363 243//363
f  161//364 243//364 162//364
f  162//365 243//365 244//365
f  162//366 244//366 163//366
f  163//367 244//367 245//367
f  163//368 245//368 164//368
f  164//369 245//369 165//369
f  165//370 245//370 246//370
f  165//371 246//371 166//371
f  166//372 246//372 247//372
f  166//373 247//373 167//373
f  167//374 247//374 248//374
f  167//375 248//375 249//375
f  167//376 249//376 168//376
f  168//377 249//377 169//377
f  169//378 249//378 250//378
f  169//379 250//379 170//379
f  170//380 250//380 251//380
f  170//381 251//381 171//381
f  171//382 251//382 252//382
f  171//383 252//383 172//383
f  172//384 252//384 253//384
f  172//385 253//385 173//385
f  173//386 253//386 254//386
f  173//387 254//387 174//387
f  174//388 254//388 255//388
f  174//389 255//389 175//389
f  175//390 255//390 256//390
f  175//391 256//391 176//391
f  176//392 256//392 257//392
f  176//393 257//393 177//393
f  177//394 257//394 258//394
f  177//395 258//395 178//395
f  178//396 258//396 259//396
f  178//397 259//397 179//397
f  179//398 259//398 260//398
f  179//399 260//399 180//399
f  180//400 260//400 241//400
f  181//401 261//401 182//401
f  182//402 261//402 262//402
f  182//403 262//403 183//403
f  183//404 262//404 184//404
f  184//405 262//405 263//405
f  184//406 263//406 185//406
f  185//407 263//407 264//407
f  185//408 264//408 186//408
f  186//409 264//409 187//409
f  187//410 264//410 265//410
f  187//411 265//411 188//411
f  188//412 265//412 266//412
f  188//413 266//413 189//413
f  189//414 266//414 267//414
f  189//415 267//415 190//415
f  190//416 267//416 268//416
f  190//417 268//417 191//417
f  191//418 268//418 269//418
f  191//419 269//419 192//419
f  192//420 269//420 270//420
f  192//421 270//421 193//421
f  193//422 270//422 271//422
f  193//423 271//423 194//423
f  194//424 271//424 195//424
f  195//425 271//425 272//425
f  195//426 272//426 196//426
f  196//427 272//427 273//427
f  196//428 273//428 197//428
f  197//429 273//429 274//429
f  197//430 274//430 198//430
f  198//431 274//431 199//431
f  199//432 274//432 275//432
f  199//433 275//433 200//433
f  200//434 275//434 276//434
f  200//435 276//435 181//435
f  181//436 276//436 261//436
f  277//437 278//437 279//437
f  277//438 279//438 280//438
f  280//439 279//439 281//439
f  282//440 283//440 284//440
f  285//441 282//441 284//441
f  286//442 285//442 287//442
f  287//443 285//443 284//443
f  278//444 286//444 288//444
f  288//445 286//445 287//445
f  288//446 287//446 289//446
f  290//447 278//447 288//447
f  290//448 288//448 291//448
f  291//449 288//449 289//449
f  278//450 290//450 279//450
f  279//451 290//451 281//451
f  281//452 290//452 291//452
f  292//453 293//453 294//453
f  294//454 293//454 269//454
f  295//455 296//455 297//455
f  295//456 298//456 296//456
f  299//457 269//457 293//457
f  299//458 293//458 300//458
f  301//459 299//459 302//459
f  302//460 299//460 300//460
f  302//461 300//461 303//461
f  304//462 301//462 302//462
f  304//463 302//463 305//463
f  305//464 302//464 303//464
f  297//465 301//465 304//465
f  297//466 304//466 295//466
f  295//467 304//467 305//467
f  292//468 294//468 306//468
f  306//469 294//469 307//469
f  308//470 309//470 310//470
f  310//471 309//471 311//471
f  311//472 312//472 313//472
f  313//473 312//473 314//473
f  294//474 315//474 307//474
f  307//475 315//475 309//475
f  307//476 309//476 308//476
f  312//477 316//477 314//477
f  314//478 316//478 277//478
f  314//479 277//479 317//479
f  317//480 277//480 280//480
f  309//481 318//481 311//481
f  311//482 318//482 312//482
f  309//483 315//483 318//483
f  318//484 316//484 312//484
f  202//485 319//485 203//485
f  203//486 319//486 320//486
f  203//487 320//487 204//487
f  204//488 320//488 321//488
f  204//489 321//489 205//489
f  205//490 321//490 322//490
f  205//491 322//491 206//491
f  206//492 322//492 323//492
f  206//493 323//493 207//493
f  207//494 323//494 324//494
f  207//495 324//495 208//495
f  208//496 324//496 209//496
f  209//497 324//497 325//497
f  209//498 325//498 210//498
f  210//499 325//499 326//499
f  210//500 326//500 211//500
f  211//501 326//501 327//501
f  211//502 327//502 212//502
f  212//503 327//503 328//503
f  212//504 328//504 213//504
f  213//505 328//505 214//505
f  214//506 328//506 329//506
f  214//507 329//507 215//507
f  215//508 329//508 330//508
f  215//509 330//509 216//509
f  216//510 330//510 331//510
f  216//511 331//511 217//511
f  217//512 331//512 332//512
f  217//513 332//513 218//513
f  218//514 332//514 219//514
f  219//515 332//515 333//515
f  219//516 333//516 220//516
f  220//517 333//517 334//517
f  220//518 334//518 201//518
f  201//519 334//519 202//519
f  202//520 334//520 319//520
f  335//521 336//521 337//521
f  335//522 337//522 338//522
f  338//523 337//523 339//523
f  340//524 341//524 342//524
f  342//525 341//525 343//525
f  340//526 344//526 341//526
f  345//527 344//527 340//527
f  345//528 340//528 346//528
f  346//529 340//529 342//529
f  336//530 345//530 347//530
f  347//531 345//531 346//531
f  347//532 346//532 348//532
f  349//533 336//533 347//533
f  349//534 347//534 350//534
f  350//535 347//535 348//535
f  336//536 349//536 337//536
f  337//537 349//537 339//537
f  339//538 349//538 350//538
f  351//539 352//539 353//539
f  353//540 352//540 323//540
f  354//541 355//541 356//541
f  356//542 355//542 357//542
f  354//543 358//543 355//543
f  359//544 323//544 360//544
f  360//545 323//545 352//545
f  360//546 352//546 361//546
f  362//547 359//547 360//547
f  362//548 360//548 363//548
f  363//549 360//549 361//549
f  364//550 359//550 362//550
f  364//551 362//551 365//551
f  365//552 362//552 363//552
f  357//553 364//553 356//553
f  356//554 364//554 354//554
f  354//555 364//555 365//555
f  351//556 353//556 366//556
f  366//557 353//557 367//557
f  368//558 369//558 370//558
f  370//559 369//559 371//559
f  353//560 372//560 367//560
f  367//561 372//561 373//561
f  367//562 373//562 374//562
f  374//563 373//563 368//563
f  371//564 375//564 376//564
f  376//565 375//565 335//565
f  376//566 335//566 377//566
f  377//567 335//567 338//567
f  368//568 373//568 369//568
f  369//569 378//569 371//569
f  371//570 378//570 375//570
f  373//571 378//571 369//571
f  378//572 335//572 375//572
f  221//573 379//573 222//573
f  222//574 379//574 380//574
f  222//575 380//575 223//575
f  223//576 380//576 224//576
f  224//577 380//577 381//577
f  224//578 381//578 225//578
f  225//579 381//579 382//579
f  225//580 382//580 226//580
f  226//581 382//581 383//581
f  226//582 383//582 227//582
f  227//583 383//583 384//583
f  227//584 384//584 228//584
f  228//585 384//585 229//585
f  229//586 384//586 385//586
f  229//587 385//587 230//587
f  230//588 385//588 386//588
f  230//589 386//589 231//589
f  231//590 386//590 232//590
f  232//591 386//591 387//591
f  232//592 387//592 233//592
f  233//593 387//593 388//593
f  233//594 388//594 234//594
f  234//595 388//595 389//595
f  234//596 389//596 235//596
f  235//597 389//597 390//597
f  235//598 390//598 236//598
f  236//599 390//599 391//599
f  236//600 391//600 237//600
f  237//601 391//601 392//601
f  237//602 392//602 238//602
f  238//603 392//603 239//603
f  239//604 392//604 393//604
f  239//605 393//605 240//605
f  240//606 393//606 394//606
f  240//607 394//607 221//607
f  221//608 394//608 379//608
f  395//609 396//609 397//609
f  398//610 396//610 395//610
f  399//611 398//611 395//611
f  400//612 401//612 402//612
f  400//613 402//613 403//613
f  403//614 402//614 404//614
f  405//615 399//615 406//615
f  406//616 399//616 395//616
f  406//617 395//617 407//617
f  408//618 405//618 406//618
f  408//619 406//619 409//619
f  409//620 406//620 407//620
f  401//621 405//621 410//621
f  410//622 405//622 408//622
f  410//623 408//623 411//623
f  411//624 408//624 409//624
f  401//625 410//625 402//625
f  402//626 410//626 404//626
f  404//627 410//627 411//627
f  412//628 413//628 414//628
f  412//629 414//629 415//629
f  415//630 414//630 391//630
f  416//631 417//631 418//631
f  416//632 419//632 417//632
f  420//633 391//633 421//633
f  421//634 391//634 414//634
f  421//635 414//635 422//635
f  422//636 414//636 413//636
f  423//637 420//637 421//637
f  423//638 421//638 424//638
f  424//639 421//639 422//639
f  425//640 420//640 423//640
f  425//641 423//641 426//641
f  426//642 423//642 424//642
f  418//643 425//643 416//643
f  416//644 425//644 426//644
f  412//645 415//645 427//645
f  427//646 415//646 428//646
f  429//647 430//647 431//647
f  431//648 430//648 432//648
f  432//649 433//649 434//649
f  434//650 433//650 435//650
f  415//651 436//651 428//651
f  428//652 436//652 430//652
f  428//653 430//653 429//653
f  433//654 437//654 435//654
f  435//655 437//655 400//655
f  435//656 400//656 438//656
f  438//657 400//657 403//657
f  430//658 439//658 432//658
f  432//659 439//659 433//659
f  430//660 436//660 439//660
f  439//661 437//661 433//661
f  257//662 440//662 258//662
f  258//663 440//663 441//663
f  258//664 441//664 259//664
f  259//665 441//665 442//665
f  259//666 442//666 260//666
f  260//667 442//667 443//667
f  260//668 443//668 241//668
f  241//669 443//669 444//669
f  241//670 444//670 242//670
f  242//671 444//671 445//671
f  242//672 445//672 243//672
f  243//673 445//673 244//673
f  244//674 445//674 446//674
f  244//675 446//675 245//675
f  245//676 446//676 447//676
f  245//677 447//677 246//677
f  246//678 447//678 448//678
f  246//679 448//679 247//679
f  247//680 448//680 449//680
f  247//681 449//681 248//681
f  248//682 449//682 249//682
f  249//683 449//683 450//683
f  249//684 450//684 250//684
f  250//685 450//685 451//685
f  250//686 451//686 251//686
f  251//687 451//687 452//687
f  251//688 452//688 252//688
f  252//689 452//689 453//689
f  252//690 453//690 253//690
f  253//691 453//691 254//691
f  254//692 453//692 454//692
f  254//693 454//693 255//693
f  255//694 454//694 455//694
f  255//695 455//695 256//695
f  256//696 455//696 257//696
f  257//697 455//697 440//697
f  456//698 457//698 458//698
f  456//699 458//699 459//699
f  459//700 458//700 460//700
f  461//701 462//701 463//701
f  464//702 462//702 461//702
f  464//703 465//703 462//703
f  466//704 465//704 464//704
f  467//705 466//705 464//705
f  467//706 464//706 468//706
f  468//707 464//707 461//707
f  457//708 467//708 469//708
f  469//709 467//709 468//709
f  469//710 468//710 470//710
f  471//711 457//711 469//711
f  471//712 469//712 472//712
f  472//713 469//713 470//713
f  457//714 471//714 458//714
f  458//715 471//715 460//715
f  460//716 471//716 472//716
f  473//717 474//717 475//717
f  473//718 475//718 476//718
f  476//719 475//719 444//719
f  477//720 478//720 479//720
f  479//721 478//721 480//721
f  481//722 444//722 475//722
f  481//723 475//723 482//723
f  482//724 475//724 474//724
f  483//725 481//725 484//725
f  484//726 481//726 482//726
f  484//727 482//727 485//727
f  486//728 483//728 484//728
f  486//729 484//729 487//729
f  487//730 484//730 485//730
f  479//731 483//731 486//731
f  479//732 486//732 477//732
f  477//733 486//733 487//733
f  473//734 476//734 488//734
f  488//735 476//735 489//735
f  490//736 491//736 492//736
f  492//737 491//737 493//737
f  476//738 494//738 489//738
f  489//739 494//739 495//739
f  489//740 495//740 496//740
f  496//741 495//741 490//741
f  493//742 497//742 498//742
f  498//743 497//743 456//743
f  498//744 456//744 499//744
f  499//745 456//745 459//745
f  490//746 495//746 491//746
f  491//747 497//747 493//747
f  491//748 495//748 497//748
f  500//749 501//749 502//749
f  503//749 504//749 502//749
f  505//749 506//749 502//749
f  507//749 508//749 502//749
f  509//749 510//749 502//749
f  511//749 512//749 502//749
f  513//749 505//749 502//749
f  514//749 515//749 502//749
f  516//749 517//749 502//749
f  518//749 519//749 502//749
f  520//749 521//749 502//749
f  508//749 522//749 502//749
f  523//749 524//749 502//749
f  525//749 526//749 502//749
f  527//749 528//749 502//749
f  506//749 529//749 502//749
f  530//749 531//749 502//749
f  532//749 533//749 502//749
f  526//749 534//749 502//749
f  535//749 509//749 502//749
f  536//749 537//749 502//749
f  529//749 538//749 502//749
f  512//749 539//749 502//749
f  540//749 541//749 502//749
f  542//749 518//749 502//749
f  510//749 543//749 502//749
f  522//749 532//749 502//749
f  541//749 544//749 502//749
f  545//749 546//749 502//749
f  547//749 548//749 502//749
f  549//749 550//749 502//749
f  551//749 552//749 502//749
f  553//749 554//749 502//749
f  528//749 555//749 502//749
f  556//749 553//749 502//749
f  521//749 557//749 502//749
f  558//749 559//749 502//749
f  560//749 561//749 502//749
f  501//749 545//749 502//749
f  559//749 562//749 502//749
f  561//749 563//749 502//749
f  564//749 514//749 502//749
f  504//749 525//749 502//749
f  552//749 565//749 502//749
f  550//749 523//749 502//749
f  566//749 567//749 502//749
f  543//749 547//749 502//749
f  533//749 568//749 502//749
f  537//749 569//749 502//749
f  567//749 570//749 502//749
f  571//749 566//749 502//749
f  572//749 564//749 502//749
f  573//749 535//749 502//749
f  538//749 549//749 502//749
f  574//749 511//749 502//749
f  575//749 576//749 502//749
f  546//749 577//749 502//749
f  517//749 540//749 502//749
f  578//749 520//749 502//749
f  579//749 573//749 502//749
f  563//749 574//749 502//749
f  539//749 500//749 502//749
f  576//749 527//749 502//749
f  580//749 578//749 502//749
f  554//749 530//749 502//749
f  565//749 507//749 502//749
f  515//749 581//749 502//749
f  582//749 583//749 502//749
f  584//749 560//749 502//749
f  583//749 572//749 502//749
f  548//749 582//749 502//749
f  544//749 551//749 502//749
f  577//749 571//749 502//749
f  562//749 513//749 502//749
f  557//749 542//749 502//749
f  555//749 516//749 502//749
f  534//749 584//749 502//749
f  581//749 536//749 502//749
f  569//749 558//749 502//749
f  585//750 280//750 586//750
f  586//751 280//751 281//751
f  587//752 588//752 281//752
f  281//753 588//753 586//753
f  589//754 590//754 289//754
f  289//755 590//755 591//755
f  289//756 591//756 291//756
f  291//757 591//757 281//757
f  281//758 591//758 587//758
f  283//759 592//759 284//759
f  284//760 592//760 287//760
f  589//761 289//761 287//761
f  589//762 287//762 592//762
f  276//763 593//763 594//763
f  276//764 594//764 261//764
f  274//765 593//765 275//765
f  275//766 593//766 276//766
f  285//767 262//767 594//767
f  594//768 262//768 261//768
f  593//769 274//769 595//769
f  595//770 274//770 273//770
f  271//771 301//771 297//771
f  595//772 273//772 272//772
f  595//773 272//773 297//773
f  297//774 272//774 271//774
f  301//775 271//775 299//775
f  267//776 315//776 268//776
f  267//777 266//777 318//777
f  266//778 316//778 318//778
f  277//779 316//779 265//779
f  265//780 316//780 266//780
f  278//781 277//781 264//781
f  264//782 277//782 265//782
f  299//783 271//783 270//783
f  299//784 270//784 269//784
f  315//785 294//785 268//785
f  268//786 294//786 269//786
f  267//787 318//787 315//787
f  262//788 278//788 263//788
f  263//789 278//789 264//789
f  262//790 285//790 286//790
f  262//791 286//791 278//791
f  305//792 596//792 295//792
f  295//793 596//793 298//793
f  597//794 303//794 598//794
f  596//795 305//795 599//795
f  599//796 305//796 597//796
f  597//797 305//797 303//797
f  598//798 303//798 300//798
f  598//799 300//799 293//799
f  600//800 601//800 292//800
f  292//801 601//801 293//801
f  293//802 601//802 598//802
f  292//803 602//803 600//803
f  602//804 292//804 306//804
f  602//805 306//805 603//805
f  603//806 306//806 307//806
f  308//807 604//807 307//807
f  307//808 604//808 603//808
f  310//809 605//809 308//809
f  308//810 605//810 604//810
f  310//811 311//811 606//811
f  310//812 606//812 605//812
f  314//813 607//813 313//813
f  313//814 607//814 608//814
f  313//815 608//815 311//815
f  311//816 608//816 606//816
f  280//817 585//817 317//817
f  317//818 585//818 609//818
f  317//819 609//819 314//819
f  314//820 609//820 607//820
f  610//821 611//821 346//821
f  339//822 612//822 613//822
f  339//823 613//823 338//823
f  338//824 613//824 614//824
f  615//825 612//825 339//825
f  346//826 611//826 348//826
f  348//827 611//827 616//827
f  348//828 616//828 617//828
f  348//829 617//829 350//829
f  350//830 617//830 339//830
f  339//831 617//831 615//831
f  342//832 343//832 618//832
f  342//833 618//833 346//833
f  346//834 618//834 610//834
f  323//835 359//835 324//835
f  335//836 319//836 334//836
f  334//837 336//837 335//837
f  331//838 330//838 619//838
f  620//839 328//839 621//839
f  621//840 328//840 327//840
f  322//841 353//841 323//841
f  320//842 378//842 321//842
f  321//843 378//843 373//843
f  332//844 336//844 333//844
f  333//845 336//845 334//845
f  328//846 620//846 329//846
f  359//847 325//847 324//847
f  322//848 372//848 353//848
f  321//849 373//849 322//849
f  322//850 373//850 372//850
f  319//851 335//851 320//851
f  320//852 335//852 378//852
f  332//853 344//853 345//853
f  332//854 345//854 336//854
f  619//855 330//855 620//855
f  620//856 330//856 329//856
f  344//857 332//857 622//857
f  622//858 332//858 619//858
f  619//859 332//859 331//859
f  359//860 364//860 325//860
f  325//861 364//861 357//861
f  621//862 327//862 326//862
f  621//863 326//863 357//863
f  357//864 326//864 325//864
f  354//865 623//865 358//865
f  363//866 624//866 625//866
f  365//867 626//867 354//867
f  354//868 626//868 623//868
f  363//869 625//869 626//869
f  363//870 626//870 365//870
f  624//871 363//871 361//871
f  624//872 361//872 352//872
f  627//873 628//873 351//873
f  351//874 628//874 352//874
f  352//875 628//875 624//875
f  351//876 629//876 627//876
f  629//877 351//877 366//877
f  629//878 366//878 630//878
f  630//879 366//879 367//879
f  374//880 631//880 630//880
f  374//881 630//881 367//881
f  632//882 368//882 633//882
f  368//883 632//883 374//883
f  374//884 632//884 631//884
f  633//885 368//885 634//885
f  370//886 634//886 368//886
f  371//887 635//887 634//887
f  371//888 634//888 370//888
f  636//889 637//889 376//889
f  376//890 637//890 371//890
f  371//891 637//891 635//891
f  614//892 377//892 338//892
f  614//893 636//893 377//893
f  377//894 636//894 376//894
f  638//895 639//895 404//895
f  404//896 639//896 403//896
f  403//897 639//897 640//897
f  409//898 641//898 411//898
f  411//899 641//899 404//899
f  404//900 641//900 638//900
f  397//901 642//901 395//901
f  395//902 642//902 407//902
f  407//903 642//903 643//903
f  407//904 643//904 409//904
f  409//905 643//905 644//905
f  409//906 644//906 641//906
f  380//907 645//907 381//907
f  379//908 646//908 380//908
f  380//909 646//909 645//909
f  383//910 647//910 384//910
f  384//911 647//911 648//911
f  384//912 648//912 399//912
f  647//913 383//913 382//913
f  647//914 382//914 645//914
f  645//915 382//915 381//915
f  420//916 425//916 393//916
f  393//917 425//917 418//917
f  646//918 379//918 394//918
f  646//919 394//919 418//919
f  418//920 394//920 393//920
f  393//921 392//921 420//921
f  420//922 392//922 391//922
f  401//923 400//923 386//923
f  386//924 400//924 387//924
f  390//925 415//925 391//925
f  389//926 436//926 390//926
f  390//927 436//927 415//927
f  389//928 439//928 436//928
f  400//929 437//929 387//929
f  387//930 437//930 388//930
f  384//931 401//931 385//931
f  385//932 401//932 386//932
f  388//933 439//933 389//933
f  388//934 437//934 439//934
f  384//935 399//935 405//935
f  384//936 405//936 401//936
f  416//937 649//937 419//937
f  424//938 650//938 651//938
f  426//939 652//939 416//939
f  416//940 652//940 649//940
f  424//941 651//941 652//941
f  424//942 652//942 426//942
f  653//943 654//943 413//943
f  413//944 654//944 650//944
f  650//945 424//945 422//945
f  650//946 422//946 413//946
f  655//947 653//947 412//947
f  653//948 413//948 412//948
f  656//949 657//949 428//949
f  428//950 657//950 427//950
f  427//951 657//951 412//951
f  412//952 657//952 655//952
f  429//953 658//953 656//953
f  429//954 656//954 428//954
f  431//955 658//955 429//955
f  431//956 659//956 658//956
f  431//957 660//957 659//957
f  661//958 660//958 432//958
f  432//959 660//959 431//959
f  434//960 661//960 432//960
f  662//961 663//961 435//961
f  435//962 663//962 434//962
f  434//963 663//963 661//963
f  640//964 662//964 438//964
f  438//965 662//965 435//965
f  403//966 640//966 438//966
f  664//967 665//967 460//967
f  460//968 665//968 459//968
f  459//969 665//969 666//969
f  667//970 668//970 470//970
f  470//971 668//971 669//971
f  470//972 669//972 472//972
f  472//973 669//973 460//973
f  460//974 669//974 664//974
f  463//975 670//975 461//975
f  461//976 670//976 468//976
f  667//977 470//977 468//977
f  667//978 468//978 670//978
f  476//979 444//979 443//979
f  476//980 443//980 494//980
f  671//981 449//981 672//981
f  672//982 449//982 448//982
f  452//983 451//983 673//983
f  494//984 443//984 442//984
f  494//985 442//985 495//985
f  495//986 442//986 441//986
f  441//987 497//987 495//987
f  449//988 671//988 450//988
f  445//989 481//989 446//989
f  446//990 481//990 483//990
f  445//991 444//991 481//991
f  673//992 451//992 671//992
f  671//993 451//993 450//993
f  446//994 483//994 479//994
f  440//995 456//995 497//995
f  440//996 497//996 441//996
f  457//997 456//997 455//997
f  455//998 456//998 440//998
f  466//999 453//999 674//999
f  674//1000 453//1000 673//1000
f  673//1001 453//1001 452//1001
f  672//1002 448//1002 447//1002
f  672//1003 447//1003 479//1003
f  479//1004 447//1004 446//1004
f  453//1005 457//1005 454//1005
f  454//1006 457//1006 455//1006
f  453//1007 466//1007 467//1007
f  453//1008 467//1008 457//1008
f  478//1009 477//1009 675//1009
f  675//1010 477//1010 487//1010
f  485//1011 676//1011 677//1011
f  487//1012 678//1012 675//1012
f  485//1013 677//1013 678//1013
f  485//1014 678//1014 487//1014
f  679//1015 680//1015 474//1015
f  474//1016 680//1016 676//1016
f  676//1017 485//1017 482//1017
f  676//1018 482//1018 474//1018
f  473//1019 681//1019 682//1019
f  473//1020 682//1020 679//1020
f  679//1021 474//1021 473//1021
f  488//1022 683//1022 681//1022
f  488//1023 681//1023 473//1023
f  683//1024 488//1024 684//1024
f  684//1025 488//1025 489//1025
f  496//1026 685//1026 684//1026
f  496//1027 684//1027 489//1027
f  686//1028 687//1028 490//1028
f  490//1029 687//1029 496//1029
f  496//1030 687//1030 685//1030
f  688//1031 686//1031 492//1031
f  492//1032 686//1032 490//1032
f  493//1033 689//1033 688//1033
f  493//1034 688//1034 492//1034
f  499//1035 690//1035 498//1035
f  690//1036 691//1036 498//1036
f  498//1037 691//1037 493//1037
f  493//1038 691//1038 689//1038
f  459//1039 666//1039 499//1039
f  499//1040 666//1040 690//1040
f  568//749 579//749 502//749
f  692//1041 561//1041 693//1041
f  694//1042 581//1042 515//1042
f  695//1043 564//1043 696//1043
f  570//749 556//749 502//749
f  697//1044 580//1044 698//1044
f  699//1045 546//1045 700//1045
f  519//749 503//749 502//749
f  524//749 580//749 502//749
f  531//749 575//749 502//749
f  701//1046 542//1046 702//1046
f  703//1047 546//1047 699//1047
f  588//1048 587//1048 704//1048
f  587//1049 591//1049 704//1049
f  704//1050 591//1050 705//1050
f  706//1051 588//1051 704//1051
f  592//1052 283//1052 707//1052
f  592//1053 707//1053 708//1053
f  709//1054 585//1054 586//1054
f  710//1055 592//1055 708//1055
f  706//1056 709//1056 586//1056
f  706//1057 586//1057 588//1057
f  705//1058 591//1058 590//1058
f  705//1059 590//1059 710//1059
f  710//1060 590//1060 589//1060
f  710//1061 589//1061 592//1061
f  711//1062 283//1062 282//1062
f  707//1063 283//1063 711//1063
f  711//1064 282//1064 712//1064
f  712//1065 282//1065 285//1065
f  713//1066 714//1066 715//1066
f  595//1067 714//1067 713//1067
f  297//1068 714//1068 595//1068
f  594//1069 712//1069 285//1069
f  716//1070 712//1070 594//1070
f  716//1071 711//1071 712//1071
f  594//1072 717//1072 716//1072
f  594//1073 593//1073 718//1073
f  594//1074 718//1074 717//1074
f  593//1075 719//1075 718//1075
f  593//1076 595//1076 720//1076
f  593//1077 720//1077 719//1077
f  719//1078 720//1078 721//1078
f  595//1079 713//1079 720//1079
f  296//1080 298//1080 715//1080
f  715//1081 714//1081 296//1081
f  297//1082 296//1082 714//1082
f  601//1083 600//1083 722//1083
f  722//1084 723//1084 601//1084
f  596//1085 599//1085 724//1085
f  298//1086 596//1086 724//1086
f  725//1087 599//1087 597//1087
f  598//1088 725//1088 597//1088
f  726//1089 598//1089 601//1089
f  601//1090 723//1090 727//1090
f  601//1091 727//1091 726//1091
f  726//1092 727//1092 598//1092
f  598//1093 727//1093 725//1093
f  607//1094 609//1094 709//1094
f  585//1095 709//1095 609//1095
f  600//1096 602//1096 722//1096
f  603//1097 722//1097 602//1097
f  612//1098 728//1098 613//1098
f  610//1099 618//1099 343//1099
f  617//1100 612//1100 615//1100
f  613//1101 728//1101 614//1101
f  343//1102 341//1102 729//1102
f  344//1103 730//1103 341//1103
f  729//1104 341//1104 730//1104
f  731//1105 732//1105 357//1105
f  357//1106 732//1106 621//1106
f  622//1107 730//1107 344//1107
f  733//1108 729//1108 730//1108
f  733//1109 730//1109 622//1109
f  622//1110 619//1110 734//1110
f  622//1111 734//1111 733//1111
f  619//1112 620//1112 735//1112
f  619//1113 735//1113 734//1113
f  620//1114 736//1114 735//1114
f  620//1115 621//1115 737//1115
f  620//1116 737//1116 736//1116
f  621//1117 732//1117 737//1117
f  358//1118 731//1118 355//1118
f  357//1119 355//1119 731//1119
f  738//1120 627//1120 739//1120
f  628//1121 627//1121 738//1121
f  623//1122 626//1122 740//1122
f  358//1123 623//1123 740//1123
f  741//1124 626//1124 625//1124
f  741//1125 740//1125 626//1125
f  624//1126 741//1126 625//1126
f  738//1127 739//1127 742//1127
f  743//1128 624//1128 628//1128
f  628//1129 738//1129 742//1129
f  628//1130 742//1130 743//1130
f  743//1131 742//1131 744//1131
f  743//1132 744//1132 624//1132
f  624//1133 744//1133 741//1133
f  631//1134 739//1134 630//1134
f  739//1135 627//1135 630//1135
f  630//1136 627//1136 629//1136
f  614//1137 728//1137 636//1137
f  636//1138 728//1138 637//1138
f  745//1139 640//1139 746//1139
f  639//1140 638//1140 747//1140
f  638//1141 641//1141 747//1141
f  746//1142 639//1142 747//1142
f  642//1143 397//1143 396//1143
f  642//1144 396//1144 748//1144
f  639//1145 746//1145 640//1145
f  643//1146 642//1146 748//1146
f  643//1147 748//1147 749//1147
f  749//1148 641//1148 644//1148
f  749//1149 644//1149 643//1149
f  750//1150 396//1150 398//1150
f  750//1151 398//1151 751//1151
f  751//1152 398//1152 399//1152
f  752//1153 753//1153 754//1153
f  754//1154 753//1154 646//1154
f  646//1155 418//1155 754//1155
f  648//1156 751//1156 399//1156
f  755//1157 750//1157 648//1157
f  750//1158 751//1158 648//1158
f  648//1159 647//1159 756//1159
f  648//1160 756//1160 755//1160
f  755//1161 756//1161 757//1161
f  647//1162 645//1162 758//1162
f  647//1163 758//1163 756//1163
f  756//1164 758//1164 759//1164
f  645//1165 760//1165 758//1165
f  645//1166 646//1166 761//1166
f  645//1167 761//1167 760//1167
f  646//1168 753//1168 761//1168
f  417//1169 419//1169 752//1169
f  752//1170 754//1170 417//1170
f  418//1171 417//1171 754//1171
f  762//1172 655//1172 763//1172
f  653//1173 655//1173 762//1173
f  762//1174 764//1174 653//1174
f  653//1175 764//1175 654//1175
f  649//1176 652//1176 765//1176
f  419//1177 649//1177 765//1177
f  766//1178 652//1178 651//1178
f  766//1179 765//1179 652//1179
f  650//1180 766//1180 651//1180
f  762//1181 763//1181 764//1181
f  654//1182 764//1182 767//1182
f  654//1183 767//1183 650//1183
f  650//1184 767//1184 766//1184
f  658//1185 659//1185 656//1185
f  656//1186 763//1186 657//1186
f  657//1187 763//1187 655//1187
f  640//1188 745//1188 662//1188
f  661//1189 663//1189 662//1189
f  665//1190 664//1190 768//1190
f  664//1191 669//1191 768//1191
f  768//1192 669//1192 769//1192
f  770//1193 665//1193 768//1193
f  670//1194 463//1194 771//1194
f  772//1195 666//1195 770//1195
f  665//1196 770//1196 666//1196
f  773//1197 670//1197 771//1197
f  769//1198 669//1198 668//1198
f  769//1199 668//1199 773//1199
f  773//1200 668//1200 667//1200
f  773//1201 667//1201 670//1201
f  774//1202 462//1202 465//1202
f  463//1203 462//1203 774//1203
f  774//1204 465//1204 466//1204
f  775//1205 776//1205 479//1205
f  479//1206 776//1206 672//1206
f  777//1207 774//1207 674//1207
f  774//1208 466//1208 674//1208
f  674//1209 673//1209 778//1209
f  674//1210 778//1210 777//1210
f  673//1211 671//1211 779//1211
f  673//1212 779//1212 778//1212
f  671//1213 780//1213 779//1213
f  671//1214 672//1214 781//1214
f  671//1215 781//1215 780//1215
f  672//1216 776//1216 781//1216
f  782//1217 480//1217 478//1217
f  775//1218 479//1218 480//1218
f  775//1219 480//1219 782//1219
f  682//1220 681//1220 783//1220
f  679//1221 784//1221 680//1221
f  680//1222 784//1222 676//1222
f  478//1223 675//1223 782//1223
f  785//1224 675//1224 678//1224
f  785//1225 678//1225 677//1225
f  784//1226 677//1226 676//1226
f  682//1227 783//1227 786//1227
f  679//1228 682//1228 786//1228
f  679//1229 786//1229 784//1229
f  677//1230 784//1230 785//1230
f  681//1231 683//1231 783//1231
f  787//1232 786//1232 783//1232
f  685//1233 787//1233 684//1233
f  684//1234 787//1234 683//1234
f  787//1235 783//1235 683//1235
f  666//1236 772//1236 690//1236
f  690//1237 772//1237 691//1237
f  788//1238 789//1238 790//1238
f  790//1239 789//1239 791//1239
f  790//1240 791//1240 732//1240
f  732//1241 791//1241 792//1241
f  732//1242 792//1242 737//1242
f  737//1243 792//1243 736//1243
f  736//1244 792//1244 793//1244
f  736//1245 793//1245 794//1245
f  736//1246 794//1246 735//1246
f  795//1247 733//1247 796//1247
f  796//1248 733//1248 797//1248
f  797//1249 733//1249 734//1249
f  797//1250 734//1250 794//1250
f  794//1251 734//1251 735//1251
f  798//1252 799//1252 795//1252
f  795//1253 799//1253 733//1253
f  800//1254 801//1254 802//1254
f  800//1255 802//1255 803//1255
f  800//1256 803//1256 721//1256
f  721//1257 803//1257 804//1257
f  721//1258 804//1258 718//1258
f  718//1259 804//1259 805//1259
f  805//1260 804//1260 806//1260
f  805//1261 806//1261 807//1261
f  805//1262 807//1262 808//1262
f  808//1263 807//1263 809//1263
f  808//1264 809//1264 711//1264
f  809//1265 810//1265 707//1265
f  809//1266 707//1266 711//1266
f  760//1267 761//1267 811//1267
f  811//1268 761//1268 812//1268
f  811//1269 812//1269 813//1269
f  813//1270 812//1270 814//1270
f  814//1271 419//1271 815//1271
f  760//1272 811//1272 816//1272
f  759//1273 816//1273 817//1273
f  759//1274 817//1274 818//1274
f  759//1275 818//1275 757//1275
f  819//1276 396//1276 820//1276
f  818//1277 820//1277 757//1277
f  821//1278 822//1278 823//1278
f  823//1279 822//1279 824//1279
f  825//1280 776//1280 826//1280
f  825//1281 826//1281 827//1281
f  827//1282 826//1282 828//1282
f  776//1283 825//1283 781//1283
f  781//1284 825//1284 829//1284
f  781//1285 829//1285 780//1285
f  780//1286 829//1286 830//1286
f  780//1287 830//1287 831//1287
f  780//1288 831//1288 779//1288
f  779//1289 831//1289 832//1289
f  779//1290 832//1290 778//1290
f  778//1291 832//1291 777//1291
f  777//1292 832//1292 833//1292
f  777//1293 833//1293 834//1293
f  700//1294 545//1294 835//1294
f  700//1295 835//1295 836//1295
f  837//1296 838//1296 839//1296
f  836//1297 835//1297 839//1297
f  836//1298 839//1298 838//1298
f  840//1299 556//1299 841//1299
f  842//1300 836//1300 843//1300
f  843//1301 836//1301 838//1301
f  843//1302 838//1302 844//1302
f  844//1303 838//1303 837//1303
f  844//1304 837//1304 845//1304
f  845//1305 837//1305 846//1305
f  845//1306 846//1306 847//1306
f  847//1307 846//1307 848//1307
f  847//1308 848//1308 849//1308
f  849//1309 848//1309 850//1309
f  849//1310 850//1310 788//1310
f  788//1311 850//1311 851//1311
f  788//1312 851//1312 789//1312
f  789//1313 851//1313 852//1313
f  789//1314 852//1314 791//1314
f  791//1315 852//1315 692//1315
f  791//1316 692//1316 792//1316
f  792//1317 692//1317 693//1317
f  792//1318 693//1318 793//1318
f  793//1319 693//1319 853//1319
f  793//1320 853//1320 794//1320
f  794//1321 853//1321 854//1321
f  794//1322 854//1322 797//1322
f  797//1323 854//1323 855//1323
f  797//1324 855//1324 796//1324
f  796//1325 855//1325 856//1325
f  796//1326 856//1326 795//1326
f  795//1327 856//1327 857//1327
f  795//1328 857//1328 798//1328
f  798//1329 857//1329 858//1329
f  798//1330 858//1330 859//1330
f  859//1331 858//1331 860//1331
f  859//1332 860//1332 861//1332
f  861//1333 860//1333 862//1333
f  861//1334 862//1334 863//1334
f  863//1335 862//1335 701//1335
f  863//1336 701//1336 864//1336
f  864//1337 701//1337 702//1337
f  864//1338 702//1338 865//1338
f  865//1339 702//1339 866//1339
f  865//1340 866//1340 867//1340
f  867//1341 866//1341 868//1341
f  867//1342 868//1342 869//1342
f  869//1343 868//1343 697//1343
f  869//1344 697//1344 870//1344
f  870//1345 697//1345 698//1345
f  870//1346 698//1346 871//1346
f  871//1347 698//1347 872//1347
f  871//1348 872//1348 873//1348
f  873//1349 872//1349 874//1349
f  873//1350 874//1350 875//1350
f  875//1351 874//1351 876//1351
f  875//1352 876//1352 877//1352
f  877//1353 876//1353 878//1353
f  877//1354 878//1354 879//1354
f  879//1355 878//1355 880//1355
f  879//1356 880//1356 801//1356
f  801//1357 880//1357 881//1357
f  801//1358 881//1358 802//1358
f  802//1359 881//1359 882//1359
f  802//1360 882//1360 803//1360
f  803//1361 882//1361 883//1361
f  803//1362 883//1362 804//1362
f  804//1363 883//1363 884//1363
f  804//1364 884//1364 806//1364
f  806//1365 884//1365 885//1365
f  806//1366 885//1366 807//1366
f  807//1367 885//1367 886//1367
f  807//1368 886//1368 809//1368
f  809//1369 886//1369 887//1369
f  809//1370 887//1370 810//1370
f  810//1371 887//1371 888//1371
f  810//1372 888//1372 889//1372
f  889//1373 888//1373 890//1373
f  889//1374 890//1374 891//1374
f  891//1375 890//1375 892//1375
f  891//1376 892//1376 893//1376
f  893//1377 892//1377 694//1377
f  893//1378 694//1378 894//1378
f  894//1379 694//1379 895//1379
f  894//1380 895//1380 896//1380
f  896//1381 895//1381 897//1381
f  896//1382 897//1382 898//1382
f  898//1383 897//1383 695//1383
f  898//1384 695//1384 899//1384
f  899//1385 695//1385 696//1385
f  899//1386 696//1386 900//1386
f  900//1387 696//1387 901//1387
f  900//1388 901//1388 902//1388
f  902//1389 901//1389 903//1389
f  902//1390 903//1390 904//1390
f  904//1391 903//1391 905//1391
f  904//1392 905//1392 906//1392
f  906//1393 905//1393 907//1393
f  906//1394 907//1394 908//1394
f  908//1395 907//1395 909//1395
f  908//1396 909//1396 815//1396
f  815//1397 909//1397 910//1397
f  815//1398 910//1398 814//1398
f  814//1399 910//1399 911//1399
f  814//1400 911//1400 813//1400
f  813//1401 911//1401 912//1401
f  813//1402 912//1402 811//1402
f  811//1403 912//1403 913//1403
f  811//1404 913//1404 816//1404
f  816//1405 913//1405 914//1405
f  816//1406 914//1406 817//1406
f  817//1407 914//1407 915//1407
f  817//1408 915//1408 818//1408
f  818//1409 915//1409 916//1409
f  818//1410 916//1410 820//1410
f  820//1411 916//1411 917//1411
f  820//1412 917//1412 819//1412
f  819//1413 917//1413 918//1413
f  819//1414 918//1414 824//1414
f  824//1415 918//1415 919//1415
f  824//1416 919//1416 823//1416
f  823//1417 919//1417 920//1417
f  823//1418 920//1418 821//1418
f  821//1419 920//1419 921//1419
f  821//1420 921//1420 922//1420
f  922//1421 921//1421 923//1421
f  922//1422 923//1422 924//1422
f  924//1423 923//1423 925//1423
f  924//1424 925//1424 926//1424
f  926//1425 925//1425 927//1425
f  926//1426 927//1426 928//1426
f  928//1427 927//1427 929//1427
f  928//1428 929//1428 930//1428
f  930//1429 929//1429 931//1429
f  930//1430 931//1430 932//1430
f  932//1431 931//1431 933//1431
f  932//1432 933//1432 934//1432
f  934//1433 933//1433 935//1433
f  934//1434 935//1434 936//1434
f  936//1435 935//1435 937//1435
f  936//1436 937//1436 938//1436
f  938//1437 937//1437 939//1437
f  938//1438 939//1438 828//1438
f  828//1439 939//1439 940//1439
f  828//1440 940//1440 827//1440
f  827//1441 940//1441 941//1441
f  827//1442 941//1442 825//1442
f  825//1443 941//1443 942//1443
f  825//1444 942//1444 829//1444
f  829//1445 942//1445 943//1445
f  829//1446 943//1446 830//1446
f  830//1447 943//1447 944//1447
f  830//1448 944//1448 831//1448
f  831//1449 944//1449 945//1449
f  831//1450 945//1450 832//1450
f  832//1451 945//1451 840//1451
f  832//1452 840//1452 833//1452
f  833//1453 840//1453 841//1453
f  833//1454 841//1454 834//1454
f  834//1455 841//1455 946//1455
f  834//1456 946//1456 947//1456
f  947//1457 946//1457 948//1457
f  947//1458 948//1458 949//1458
f  949//1459 948//1459 950//1459
f  949//1460 950//1460 951//1460
f  951//1461 950//1461 952//1461
f  951//1462 952//1462 953//1462
f  953//1463 952//1463 703//1463
f  953//1464 703//1464 954//1464
f  954//1465 703//1465 699//1465
f  954//1466 699//1466 955//1466
f  955//1467 699//1467 700//1467
f  955//1468 700//1468 842//1468
f  842//1469 700//1469 836//1469
f  715//1470 879//1470 801//1470
f  715//1471 801//1471 713//1471
f  713//1472 801//1472 800//1472
f  713//1473 800//1473 720//1473
f  879//1474 715//1474 298//1474
f  956//1475 599//1475 725//1475
f  956//1476 725//1476 957//1476
f  724//1477 599//1477 298//1477
f  298//1478 599//1478 956//1478
f  298//1479 956//1479 958//1479
f  720//1480 800//1480 721//1480
f  719//1481 721//1481 718//1481
f  808//1482 716//1482 717//1482
f  718//1483 805//1483 717//1483
f  717//1484 805//1484 808//1484
f  959//1485 708//1485 960//1485
f  960//1486 708//1486 707//1486
f  961//1487 705//1487 959//1487
f  705//1488 710//1488 959//1488
f  959//1489 710//1489 708//1489
f  808//1490 711//1490 716//1490
f  961//1491 962//1491 607//1491
f  961//1492 607//1492 709//1492
f  961//1493 709//1493 706//1493
f  706//1494 704//1494 961//1494
f  961//1495 704//1495 705//1495
f  963//1496 603//1496 604//1496
f  963//1497 604//1497 605//1497
f  606//1498 962//1498 963//1498
f  606//1499 963//1499 605//1499
f  608//1500 607//1500 962//1500
f  962//1501 606//1501 608//1501
f  957//1502 725//1502 727//1502
f  727//1503 723//1503 957//1503
f  957//1504 723//1504 722//1504
f  957//1505 722//1505 603//1505
f  957//1506 603//1506 963//1506
f  790//1507 731//1507 358//1507
f  964//1508 741//1508 744//1508
f  964//1509 744//1509 965//1509
f  740//1510 741//1510 358//1510
f  358//1511 741//1511 964//1511
f  358//1512 964//1512 966//1512
f  967//1513 610//1513 968//1513
f  968//1514 610//1514 343//1514
f  969//1515 617//1515 967//1515
f  967//1516 617//1516 616//1516
f  616//1517 611//1517 967//1517
f  967//1518 611//1518 610//1518
f  799//1519 343//1519 729//1519
f  799//1520 729//1520 733//1520
f  790//1521 732//1521 731//1521
f  969//1522 970//1522 637//1522
f  969//1523 637//1523 728//1523
f  969//1524 728//1524 612//1524
f  969//1525 612//1525 617//1525
f  739//1526 631//1526 971//1526
f  971//1527 631//1527 632//1527
f  632//1528 633//1528 971//1528
f  633//1529 970//1529 971//1529
f  633//1530 634//1530 970//1530
f  635//1531 637//1531 970//1531
f  970//1532 634//1532 635//1532
f  742//1533 739//1533 965//1533
f  744//1534 742//1534 965//1534
f  965//1535 739//1535 971//1535
f  814//1536 812//1536 753//1536
f  753//1537 752//1537 814//1537
f  814//1538 752//1538 419//1538
f  539//1539 837//1539 500//1539
f  766//1540 767//1540 972//1540
f  972//1541 767//1541 973//1541
f  765//1542 766//1542 419//1542
f  419//1543 766//1543 972//1543
f  419//1544 972//1544 974//1544
f  975//1545 976//1545 748//1545
f  975//1546 748//1546 396//1546
f  977//1547 641//1547 976//1547
f  976//1548 641//1548 749//1548
f  976//1549 749//1549 748//1549
f  396//1550 750//1550 820//1550
f  820//1551 750//1551 755//1551
f  820//1552 755//1552 757//1552
f  757//1553 756//1553 759//1553
f  759//1554 758//1554 816//1554
f  816//1555 758//1555 760//1555
f  812//1556 761//1556 753//1556
f  977//1557 978//1557 662//1557
f  977//1558 662//1558 745//1558
f  977//1559 745//1559 746//1559
f  746//1560 747//1560 977//1560
f  977//1561 747//1561 641//1561
f  979//1562 656//1562 659//1562
f  660//1563 978//1563 979//1563
f  660//1564 979//1564 659//1564
f  661//1565 662//1565 978//1565
f  660//1566 661//1566 978//1566
f  973//1567 767//1567 764//1567
f  973//1568 764//1568 763//1568
f  973//1569 763//1569 656//1569
f  973//1570 656//1570 979//1570
f  980//1571 785//1571 784//1571
f  980//1572 784//1572 981//1572
f  982//1573 782//1573 980//1573
f  785//1574 980//1574 782//1574
f  785//1575 782//1575 675//1575
f  983//1576 984//1576 771//1576
f  983//1577 771//1577 463//1577
f  985//1578 769//1578 984//1578
f  769//1579 773//1579 984//1579
f  984//1580 773//1580 771//1580
f  983//1581 463//1581 834//1581
f  463//1582 774//1582 834//1582
f  834//1583 774//1583 777//1583
f  826//1584 776//1584 775//1584
f  826//1585 775//1585 782//1585
f  985//1586 986//1586 691//1586
f  985//1587 691//1587 772//1587
f  985//1588 772//1588 770//1588
f  770//1589 768//1589 985//1589
f  985//1590 768//1590 769//1590
f  987//1591 787//1591 685//1591
f  987//1592 685//1592 687//1592
f  687//1593 686//1593 987//1593
f  686//1594 986//1594 987//1594
f  686//1595 688//1595 986//1595
f  689//1596 691//1596 986//1596
f  986//1597 688//1597 689//1597
f  786//1598 787//1598 981//1598
f  784//1599 786//1599 981//1599
f  981//1600 787//1600 987//1600
f  790//1601 358//1601 966//1601
f  790//1602 966//1602 788//1602
f  788//1603 966//1603 988//1603
f  788//1604 988//1604 849//1604
f  849//1605 988//1605 989//1605
f  849//1606 989//1606 847//1606
f  847//1607 989//1607 990//1607
f  968//1608 343//1608 799//1608
f  968//1609 799//1609 798//1609
f  968//1610 798//1610 991//1610
f  991//1611 798//1611 859//1611
f  991//1612 859//1612 992//1612
f  992//1613 859//1613 861//1613
f  867//1614 993//1614 994//1614
f  992//1615 861//1615 995//1615
f  995//1616 861//1616 863//1616
f  995//1617 863//1617 996//1617
f  996//1618 863//1618 864//1618
f  996//1619 864//1619 994//1619
f  994//1620 864//1620 865//1620
f  994//1621 865//1621 867//1621
f  997//1622 998//1622 870//1622
f  870//1623 998//1623 869//1623
f  869//1624 998//1624 993//1624
f  869//1625 993//1625 867//1625
f  879//1626 298//1626 958//1626
f  879//1627 958//1627 877//1627
f  877//1628 958//1628 999//1628
f  877//1629 999//1629 875//1629
f  875//1630 999//1630 1000//1630
f  875//1631 1000//1631 873//1631
f  873//1632 1000//1632 1001//1632
f  873//1633 1001//1633 871//1633
f  871//1634 1001//1634 997//1634
f  871//1635 997//1635 870//1635
f  960//1636 707//1636 810//1636
f  960//1637 810//1637 1002//1637
f  1002//1638 810//1638 889//1638
f  1002//1639 889//1639 1003//1639
f  1003//1640 889//1640 891//1640
f  1003//1641 891//1641 1004//1641
f  1004//1642 891//1642 893//1642
f  1004//1643 893//1643 894//1643
f  1004//1644 894//1644 1005//1644
f  1005//1645 894//1645 896//1645
f  1005//1646 896//1646 1006//1646
f  1006//1647 896//1647 898//1647
f  1006//1648 898//1648 1007//1648
f  908//1649 1008//1649 1009//1649
f  1007//1650 898//1650 899//1650
f  1007//1651 899//1651 1010//1651
f  1010//1652 899//1652 900//1652
f  1010//1653 900//1653 1011//1653
f  1011//1654 900//1654 902//1654
f  1011//1655 902//1655 1012//1655
f  1012//1656 902//1656 904//1656
f  1012//1657 904//1657 1009//1657
f  1009//1658 904//1658 906//1658
f  1009//1659 906//1659 908//1659
f  419//1660 974//1660 815//1660
f  815//1661 974//1661 908//1661
f  908//1662 974//1662 1008//1662
f  396//1663 819//1663 975//1663
f  975//1664 819//1664 824//1664
f  975//1665 824//1665 1013//1665
f  1013//1666 824//1666 822//1666
f  1013//1667 822//1667 1014//1667
f  1014//1668 822//1668 1015//1668
f  1015//1669 822//1669 821//1669
f  1015//1670 821//1670 1016//1670
f  821//1671 922//1671 1016//1671
f  1016//1672 922//1672 924//1672
f  1016//1673 924//1673 1017//1673
f  1017//1674 924//1674 926//1674
f  1017//1675 926//1675 1018//1675
f  926//1676 928//1676 1018//1676
f  1018//1677 928//1677 1019//1677
f  1019//1678 928//1678 930//1678
f  1019//1679 930//1679 1020//1679
f  1020//1680 930//1680 932//1680
f  1020//1681 932//1681 1021//1681
f  1021//1682 932//1682 934//1682
f  1021//1683 934//1683 1022//1683
f  1022//1684 934//1684 936//1684
f  1022//1685 936//1685 938//1685
f  1022//1686 938//1686 1023//1686
f  1023//1687 938//1687 828//1687
f  1023//1688 828//1688 982//1688
f  982//1689 828//1689 826//1689
f  982//1690 826//1690 782//1690
f  983//1691 834//1691 947//1691
f  983//1692 947//1692 1024//1692
f  1024//1693 947//1693 949//1693
f  1024//1694 949//1694 1025//1694
f  1025//1695 949//1695 951//1695
f  1025//1696 951//1696 1026//1696
f  1026//1697 951//1697 953//1697
f  1026//1698 953//1698 1027//1698
f  1027//1699 953//1699 954//1699
f  1027//1700 954//1700 1028//1700
f  1028//1701 954//1701 955//1701
f  1028//1702 955//1702 1029//1702
f  1029//1703 955//1703 842//1703
f  1029//1704 842//1704 1030//1704
f  1030//1705 842//1705 843//1705
f  1030//1706 843//1706 1031//1706
f  1031//1707 843//1707 844//1707
f  1031//1708 844//1708 990//1708
f  990//1709 844//1709 845//1709
f  990//1710 845//1710 847//1710
f  1032//1711 1033//1711 1034//1711
f  1035//1712 1018//1712 1036//1712
f  1037//1713 1038//1713 1039//1713
f  1040//1714 1041//1714 1042//1714
f  1043//1715 1044//1715 1045//1715
f  1046//1716 993//1716 1047//1716
f  1048//1717 1049//1717 1050//1717
f  1051//1718 1052//1718 1053//1718
f  978//1719 977//1719 1054//1719
f  977//1720 976//1720 1033//1720
f  1055//1721 1013//1721 1056//1721
f  1023//1722 982//1722 1057//1722
f  1025//1723 1026//1723 1058//1723
f  970//1724 969//1724 1059//1724
f  969//1725 967//1725 1044//1725
f  1060//1726 991//1726 1061//1726
f  999//1727 958//1727 1062//1727
f  1006//1728 1063//1728 1005//1728
f  1064//1729 1004//1729 1005//1729
f  1002//1730 1003//1730 1065//1730
f  1065//1731 1003//1731 1064//1731
f  1064//1732 1003//1732 1004//1732
f  960//1733 1066//1733 959//1733
f  959//1734 1053//1734 961//1734
f  961//1735 1053//1735 1052//1735
f  961//1736 1052//1736 962//1736
f  963//1737 962//1737 1067//1737
f  957//1738 1068//1738 956//1738
f  1049//1739 1000//1739 1050//1739
f  1050//1740 1000//1740 999//1740
f  1001//1741 1069//1741 997//1741
f  998//1742 1047//1742 993//1742
f  995//1743 996//1743 1070//1743
f  991//1744 992//1744 1061//1744
f  1061//1745 992//1745 1070//1745
f  1070//1746 992//1746 995//1746
f  1045//1747 968//1747 991//1747
f  1044//1748 967//1748 1045//1748
f  1045//1749 967//1749 968//1749
f  970//1750 1071//1750 971//1750
f  971//1751 1071//1751 1072//1751
f  971//1752 1072//1752 1073//1752
f  971//1753 1073//1753 965//1753
f  988//1754 966//1754 1074//1754
f  1074//1755 966//1755 1075//1755
f  1075//1756 966//1756 964//1756
f  1075//1757 964//1757 1073//1757
f  1073//1758 964//1758 965//1758
f  989//1759 988//1759 1076//1759
f  990//1760 1077//1760 1031//1760
f  1029//1761 1030//1761 1078//1761
f  1024//1762 1025//1762 1079//1762
f  983//1763 1080//1763 984//1763
f  984//1764 1042//1764 985//1764
f  985//1765 1042//1765 1041//1765
f  985//1766 1041//1766 986//1766
f  987//1767 986//1767 1081//1767
f  981//1768 1082//1768 980//1768
f  1038//1769 1022//1769 1039//1769
f  1039//1770 1022//1770 1023//1770
f  1021//1771 1083//1771 1020//1771
f  1019//1772 1036//1772 1018//1772
f  1016//1773 1084//1773 1015//1773
f  1013//1774 1014//1774 1056//1774
f  1056//1775 1014//1775 1015//1775
f  1034//1776 975//1776 1013//1776
f  1033//1777 976//1777 1034//1777
f  1034//1778 976//1778 975//1778
f  978//1779 1085//1779 979//1779
f  979//1780 1085//1780 1086//1780
f  979//1781 1086//1781 1087//1781
f  979//1782 1087//1782 973//1782
f  1008//1783 974//1783 1088//1783
f  1088//1784 974//1784 1089//1784
f  1089//1785 974//1785 972//1785
f  1089//1786 972//1786 1087//1786
f  1087//1787 972//1787 973//1787
f  1009//1788 1008//1788 1090//1788
f  1012//1789 1091//1789 1011//1789
f  1007//1790 1010//1790 1092//1790
f  1007//1791 1093//1791 1094//1791
f  1063//1792 1095//1792 1005//1792
f  1005//1793 1095//1793 1096//1793
f  1005//1794 1096//1794 1064//1794
f  1064//1795 1096//1795 1097//1795
f  1064//1796 1097//1796 1065//1796
f  1066//1797 1098//1797 1099//1797
f  1100//1798 963//1798 1067//1798
f  1100//1799 1067//1799 1101//1799
f  1101//1800 1067//1800 1102//1800
f  957//1801 963//1801 1068//1801
f  1068//1802 963//1802 1100//1802
f  1068//1803 1100//1803 1103//1803
f  1103//1804 1100//1804 1101//1804
f  1062//1805 1104//1805 1105//1805
f  1069//1806 1106//1806 1107//1806
f  997//1807 1069//1807 1107//1807
f  997//1808 1107//1808 1108//1808
f  1109//1809 1060//1809 1110//1809
f  1110//1810 1060//1810 1061//1810
f  1110//1811 1061//1811 1111//1811
f  1111//1812 1061//1812 1070//1812
f  1111//1813 1070//1813 1112//1813
f  1112//1814 1070//1814 996//1814
f  1112//1815 996//1815 1113//1815
f  1071//1816 1114//1816 1115//1816
f  1071//1817 1115//1817 1072//1817
f  1072//1818 1115//1818 1116//1818
f  1072//1819 1116//1819 1073//1819
f  1073//1820 1116//1820 1117//1820
f  1073//1821 1117//1821 1075//1821
f  1075//1822 1117//1822 1118//1822
f  1075//1823 1118//1823 1074//1823
f  1119//1824 989//1824 1076//1824
f  1119//1825 1076//1825 1120//1825
f  1120//1826 1076//1826 1121//1826
f  990//1827 989//1827 1077//1827
f  1077//1828 989//1828 1119//1828
f  1077//1829 1119//1829 1122//1829
f  1122//1830 1119//1830 1120//1830
f  1029//1831 1078//1831 1123//1831
f  1123//1832 1078//1832 1124//1832
f  1125//1833 1028//1833 1029//1833
f  1125//1834 1029//1834 1126//1834
f  1126//1835 1029//1835 1123//1835
f  1058//1836 1026//1836 1027//1836
f  1058//1837 1027//1837 1127//1837
f  1127//1838 1027//1838 1128//1838
f  1079//1839 1025//1839 1058//1839
f  1079//1840 1058//1840 1129//1840
f  1129//1841 1058//1841 1127//1841
f  1080//1842 1130//1842 1131//1842
f  1132//1843 987//1843 1081//1843
f  1132//1844 1081//1844 1133//1844
f  1133//1845 1081//1845 1134//1845
f  981//1846 987//1846 1082//1846
f  1082//1847 987//1847 1132//1847
f  1082//1848 1132//1848 1135//1848
f  1135//1849 1132//1849 1133//1849
f  1057//1850 1136//1850 1137//1850
f  1083//1851 1138//1851 1139//1851
f  1020//1852 1083//1852 1139//1852
f  1020//1853 1139//1853 1140//1853
f  1141//1854 1055//1854 1142//1854
f  1142//1855 1055//1855 1056//1855
f  1142//1856 1056//1856 1143//1856
f  1143//1857 1056//1857 1015//1857
f  1143//1858 1015//1858 1144//1858
f  1144//1859 1015//1859 1084//1859
f  1144//1860 1084//1860 1145//1860
f  1085//1861 1146//1861 1147//1861
f  1085//1862 1147//1862 1086//1862
f  1086//1863 1147//1863 1148//1863
f  1086//1864 1148//1864 1087//1864
f  1087//1865 1148//1865 1149//1865
f  1087//1866 1149//1866 1089//1866
f  1089//1867 1149//1867 1150//1867
f  1089//1868 1150//1868 1088//1868
f  1151//1869 1009//1869 1090//1869
f  1151//1870 1090//1870 1152//1870
f  1152//1871 1090//1871 1153//1871
f  1012//1872 1009//1872 1091//1872
f  1091//1873 1009//1873 1151//1873
f  1091//1874 1151//1874 1154//1874
f  1154//1875 1151//1875 1152//1875
f  1155//1876 1093//1876 1092//1876
f  1092//1877 1093//1877 1007//1877
f  1156//1878 1095//1878 1094//1878
f  1094//1879 1095//1879 1063//1879
f  1094//1880 1063//1880 1007//1880
f  1007//1881 1063//1881 1006//1881
f  1157//1882 1097//1882 1158//1882
f  1158//1883 1097//1883 1096//1883
f  1158//1884 1096//1884 1095//1884
f  1097//1885 1157//1885 1159//1885
f  1097//1886 1159//1886 1065//1886
f  1065//1887 1159//1887 1160//1887
f  1065//1888 1160//1888 1002//1888
f  1159//1889 1098//1889 1160//1889
f  1160//1890 1098//1890 1066//1890
f  1160//1891 1066//1891 1002//1891
f  1002//1892 1066//1892 960//1892
f  1159//1893 1161//1893 1098//1893
f  1098//1894 1161//1894 1099//1894
f  1099//1895 1161//1895 1162//1895
f  959//1896 1066//1896 1053//1896
f  1053//1897 1066//1897 1099//1897
f  1053//1898 1099//1898 1051//1898
f  1051//1899 1099//1899 1162//1899
f  1051//1900 1162//1900 1163//1900
f  1051//1901 1163//1901 1102//1901
f  1051//1902 1102//1902 1052//1902
f  1052//1903 1102//1903 1067//1903
f  1052//1904 1067//1904 962//1904
f  1164//1905 1103//1905 1101//1905
f  1164//1906 1101//1906 1102//1906
f  1103//1907 1165//1907 1166//1907
f  1103//1908 1166//1908 1068//1908
f  1068//1909 1166//1909 1167//1909
f  1068//1910 1167//1910 956//1910
f  956//1911 1167//1911 958//1911
f  1166//1912 1165//1912 1104//1912
f  1166//1913 1104//1913 1167//1913
f  1167//1914 1104//1914 1062//1914
f  1167//1915 1062//1915 958//1915
f  1105//1916 1104//1916 1168//1916
f  999//1917 1062//1917 1050//1917
f  1050//1918 1062//1918 1105//1918
f  1050//1919 1105//1919 1048//1919
f  1048//1920 1105//1920 1168//1920
f  1048//1921 1168//1921 1169//1921
f  1048//1922 1169//1922 1106//1922
f  1048//1923 1106//1923 1049//1923
f  1049//1924 1106//1924 1069//1924
f  1049//1925 1069//1925 1000//1925
f  1000//1926 1069//1926 1001//1926
f  1106//1927 1170//1927 1107//1927
f  1107//1928 1170//1928 1108//1928
f  1108//1929 1170//1929 1171//1929
f  998//1930 997//1930 1047//1930
f  1047//1931 997//1931 1108//1931
f  1047//1932 1108//1932 1046//1932
f  1046//1933 1108//1933 1171//1933
f  1046//1934 1172//1934 1173//1934
f  1046//1935 1173//1935 993//1935
f  993//1936 1173//1936 1174//1936
f  993//1937 1174//1937 994//1937
f  1173//1938 1172//1938 1113//1938
f  1173//1939 1113//1939 1174//1939
f  1174//1940 1113//1940 996//1940
f  1174//1941 996//1941 994//1941
f  1172//1942 1175//1942 1113//1942
f  1113//1943 1175//1943 1112//1943
f  1111//1944 1112//1944 1176//1944
f  1111//1945 1176//1945 1177//1945
f  1111//1946 1177//1946 1110//1946
f  1110//1947 1177//1947 1109//1947
f  991//1948 1060//1948 1045//1948
f  1045//1949 1060//1949 1109//1949
f  1045//1950 1109//1950 1043//1950
f  1043//1951 1109//1951 1178//1951
f  1043//1952 1178//1952 1179//1952
f  1043//1953 1179//1953 1044//1953
f  1044//1954 1179//1954 1059//1954
f  1044//1955 1059//1955 969//1955
f  1179//1956 1114//1956 1059//1956
f  1059//1957 1114//1957 1071//1957
f  1059//1958 1071//1958 970//1958
f  1179//1959 1180//1959 1114//1959
f  1114//1960 1180//1960 1115//1960
f  1115//1961 1180//1961 1181//1961
f  1115//1962 1181//1962 1116//1962
f  1182//1963 1118//1963 1183//1963
f  1183//1964 1118//1964 1117//1964
f  1183//1965 1117//1965 1116//1965
f  1118//1966 1182//1966 1121//1966
f  1118//1967 1121//1967 1074//1967
f  1074//1968 1121//1968 1076//1968
f  1074//1969 1076//1969 988//1969
f  1184//1970 1122//1970 1185//1970
f  1185//1971 1122//1971 1120//1971
f  1185//1972 1120//1972 1121//1972
f  1122//1973 1184//1973 1186//1973
f  1122//1974 1186//1974 1077//1974
f  1077//1975 1186//1975 1031//1975
f  1184//1976 1187//1976 1186//1976
f  1186//1977 1187//1977 1124//1977
f  1186//1978 1124//1978 1031//1978
f  1031//1979 1124//1979 1078//1979
f  1031//1980 1078//1980 1030//1980
f  1188//1981 1126//1981 1123//1981
f  1126//1982 1188//1982 1128//1982
f  1126//1983 1128//1983 1125//1983
f  1125//1984 1128//1984 1027//1984
f  1125//1985 1027//1985 1028//1985
f  1189//1986 1129//1986 1190//1986
f  1190//1987 1129//1987 1127//1987
f  1190//1988 1127//1988 1128//1988
f  1129//1989 1189//1989 1191//1989
f  1129//1990 1191//1990 1079//1990
f  1079//1991 1191//1991 1192//1991
f  1079//1992 1192//1992 1024//1992
f  1191//1993 1130//1993 1192//1993
f  1192//1994 1130//1994 1080//1994
f  1192//1995 1080//1995 1024//1995
f  1024//1996 1080//1996 983//1996
f  1191//1997 1193//1997 1130//1997
f  1130//1998 1193//1998 1131//1998
f  1131//1999 1193//1999 1194//1999
f  984//2000 1080//2000 1042//2000
f  1042//2001 1080//2001 1131//2001
f  1042//2002 1131//2002 1040//2002
f  1040//2003 1131//2003 1194//2003
f  1040//2004 1195//2004 1134//2004
f  1040//2005 1134//2005 1041//2005
f  1041//2006 1134//2006 1081//2006
f  1041//2007 1081//2007 986//2007
f  1196//2008 1135//2008 1133//2008
f  1196//2009 1133//2009 1134//2009
f  1196//2010 1134//2010 1195//2010
f  1135//2011 1197//2011 1198//2011
f  1135//2012 1198//2012 1082//2012
f  1082//2013 1198//2013 1199//2013
f  1082//2014 1199//2014 980//2014
f  980//2015 1199//2015 982//2015
f  1198//2016 1197//2016 1136//2016
f  1198//2017 1136//2017 1199//2017
f  1199//2018 1136//2018 1057//2018
f  1199//2019 1057//2019 982//2019
f  1137//2020 1136//2020 1200//2020
f  1023//2021 1057//2021 1039//2021
f  1039//2022 1057//2022 1137//2022
f  1039//2023 1137//2023 1037//2023
f  1037//2024 1137//2024 1200//2024
f  1037//2025 1200//2025 1201//2025
f  1037//2026 1201//2026 1138//2026
f  1037//2027 1138//2027 1038//2027
f  1038//2028 1138//2028 1083//2028
f  1038//2029 1083//2029 1022//2029
f  1022//2030 1083//2030 1021//2030
f  1138//2031 1202//2031 1139//2031
f  1139//2032 1202//2032 1140//2032
f  1140//2033 1202//2033 1203//2033
f  1019//2034 1020//2034 1036//2034
f  1036//2035 1020//2035 1140//2035
f  1036//2036 1140//2036 1035//2036
f  1035//2037 1140//2037 1203//2037
f  1035//2038 1203//2038 1204//2038
f  1035//2039 1204//2039 1205//2039
f  1035//2040 1205//2040 1018//2040
f  1018//2041 1205//2041 1206//2041
f  1018//2042 1206//2042 1017//2042
f  1205//2043 1145//2043 1206//2043
f  1206//2044 1145//2044 1084//2044
f  1206//2045 1084//2045 1017//2045
f  1017//2046 1084//2046 1016//2046
f  1205//2047 1207//2047 1145//2047
f  1145//2048 1207//2048 1144//2048
f  1143//2049 1144//2049 1208//2049
f  1143//2050 1208//2050 1209//2050
f  1143//2051 1209//2051 1142//2051
f  1142//2052 1209//2052 1141//2052
f  1013//2053 1055//2053 1034//2053
f  1034//2054 1055//2054 1141//2054
f  1034//2055 1141//2055 1032//2055
f  1032//2056 1141//2056 1210//2056
f  1032//2057 1210//2057 1211//2057
f  1032//2058 1211//2058 1033//2058
f  1033//2059 1211//2059 1054//2059
f  1033//2060 1054//2060 977//2060
f  1211//2061 1146//2061 1054//2061
f  1054//2062 1146//2062 1085//2062
f  1054//2063 1085//2063 978//2063
f  1211//2064 1212//2064 1146//2064
f  1146//2065 1212//2065 1147//2065
f  1147//2066 1212//2066 1213//2066
f  1147//2067 1213//2067 1148//2067
f  1214//2068 1150//2068 1215//2068
f  1215//2069 1150//2069 1149//2069
f  1215//2070 1149//2070 1148//2070
f  1150//2071 1214//2071 1153//2071
f  1150//2072 1153//2072 1088//2072
f  1088//2073 1153//2073 1090//2073
f  1088//2074 1090//2074 1008//2074
f  1216//2075 1154//2075 1217//2075
f  1217//2076 1154//2076 1152//2076
f  1217//2077 1152//2077 1153//2077
f  1154//2078 1216//2078 1218//2078
f  1154//2079 1218//2079 1091//2079
f  1091//2080 1218//2080 1011//2080
f  1216//2081 1219//2081 1218//2081
f  1218//2082 1219//2082 1155//2082
f  1218//2083 1155//2083 1011//2083
f  1011//2084 1155//2084 1092//2084
f  1011//2085 1092//2085 1010//2085
f  1094//2086 1093//2086 1156//2086
f  1155//2087 1220//2087 1093//2087
f  1093//2088 1220//2088 1221//2088
f  1093//2089 1221//2089 1156//2089
f  1156//2090 1221//2090 1222//2090
f  1156//2091 1222//2091 1223//2091
f  1156//2092 1223//2092 1095//2092
f  1095//2093 1223//2093 1158//2093
f  1158//2094 1223//2094 1224//2094
f  1158//2095 1224//2095 1157//2095
f  1157//2096 1224//2096 1225//2096
f  1157//2097 1225//2097 1226//2097
f  1157//2098 1226//2098 1159//2098
f  1159//2099 1226//2099 1161//2099
f  1161//2100 1226//2100 1227//2100
f  1161//2101 1227//2101 1162//2101
f  1162//2102 1227//2102 1228//2102
f  1162//2103 1228//2103 1163//2103
f  1163//2104 1228//2104 1229//2104
f  1163//2105 1229//2105 1102//2105
f  1102//2106 1229//2106 1230//2106
f  1102//2107 1230//2107 1164//2107
f  1164//2108 1230//2108 1231//2108
f  1164//2109 1231//2109 1103//2109
f  1103//2110 1231//2110 1232//2110
f  1103//2111 1232//2111 1165//2111
f  1165//2112 1232//2112 1233//2112
f  1165//2113 1233//2113 1104//2113
f  1104//2114 1233//2114 1234//2114
f  1104//2115 1234//2115 1168//2115
f  1168//2116 1234//2116 1235//2116
f  1168//2117 1235//2117 1169//2117
f  1169//2118 1235//2118 1236//2118
f  1169//2119 1236//2119 1106//2119
f  1106//2120 1236//2120 1237//2120
f  1106//2121 1237//2121 1170//2121
f  1170//2122 1237//2122 1238//2122
f  1170//2123 1238//2123 1171//2123
f  1171//2124 1238//2124 1239//2124
f  1171//2125 1239//2125 1046//2125
f  1046//2126 1239//2126 1240//2126
f  1046//2127 1240//2127 1172//2127
f  1172//2128 1240//2128 1241//2128
f  1172//2129 1241//2129 1175//2129
f  1175//2130 1241//2130 1242//2130
f  1175//2131 1242//2131 1112//2131
f  1112//2132 1242//2132 1243//2132
f  1112//2133 1243//2133 1176//2133
f  1176//2134 1243//2134 1244//2134
f  1176//2135 1244//2135 1177//2135
f  1177//2136 1244//2136 1245//2136
f  1177//2137 1245//2137 1109//2137
f  1109//2138 1245//2138 1246//2138
f  1109//2139 1246//2139 1178//2139
f  1178//2140 1246//2140 1247//2140
f  1178//2141 1247//2141 1248//2141
f  1178//2142 1248//2142 1179//2142
f  1179//2143 1248//2143 1180//2143
f  1180//2144 1248//2144 1249//2144
f  1180//2145 1249//2145 1181//2145
f  1181//2146 1249//2146 1250//2146
f  1181//2147 1250//2147 1116//2147
f  1116//2148 1250//2148 1251//2148
f  1116//2149 1251//2149 1183//2149
f  1183//2150 1251//2150 1252//2150
f  1183//2151 1252//2151 1182//2151
f  1182//2152 1252//2152 1253//2152
f  1182//2153 1253//2153 1121//2153
f  1121//2154 1253//2154 1254//2154
f  1121//2155 1254//2155 1185//2155
f  1185//2156 1254//2156 1255//2156
f  1185//2157 1255//2157 1184//2157
f  1184//2158 1255//2158 1256//2158
f  1184//2159 1256//2159 1187//2159
f  1187//2160 1256//2160 1257//2160
f  1187//2161 1257//2161 1124//2161
f  1124//2162 1257//2162 1258//2162
f  1124//2163 1258//2163 1123//2163
f  1123//2164 1258//2164 1259//2164
f  1123//2165 1259//2165 1188//2165
f  1188//2166 1259//2166 1260//2166
f  1188//2167 1260//2167 1128//2167
f  1128//2168 1260//2168 1261//2168
f  1128//2169 1261//2169 1190//2169
f  1190//2170 1261//2170 1262//2170
f  1190//2171 1262//2171 1189//2171
f  1189//2172 1262//2172 1263//2172
f  1189//2173 1263//2173 1264//2173
f  1189//2174 1264//2174 1191//2174
f  1191//2175 1264//2175 1193//2175
f  1193//2176 1264//2176 1265//2176
f  1193//2177 1265//2177 1194//2177
f  1194//2178 1265//2178 1266//2178
f  1194//2179 1266//2179 1040//2179
f  1040//2180 1266//2180 1267//2180
f  1040//2181 1267//2181 1195//2181
f  1195//2182 1267//2182 1268//2182
f  1195//2183 1268//2183 1196//2183
f  1196//2184 1268//2184 1269//2184
f  1196//2185 1269//2185 1135//2185
f  1135//2186 1269//2186 1270//2186
f  1135//2187 1270//2187 1197//2187
f  1197//2188 1270//2188 1271//2188
f  1197//2189 1271//2189 1136//2189
f  1136//2190 1271//2190 1272//2190
f  1136//2191 1272//2191 1200//2191
f  1200//2192 1272//2192 1273//2192
f  1200//2193 1273//2193 1201//2193
f  1201//2194 1273//2194 1274//2194
f  1201//2195 1274//2195 1138//2195
f  1138//2196 1274//2196 1275//2196
f  1138//2197 1275//2197 1202//2197
f  1202//2198 1275//2198 1276//2198
f  1202//2199 1276//2199 1203//2199
f  1203//2200 1276//2200 1277//2200
f  1203//2201 1277//2201 1204//2201
f  1204//2202 1277//2202 1278//2202
f  1204//2203 1278//2203 1279//2203
f  1204//2204 1279//2204 1205//2204
f  1205//2205 1279//2205 1207//2205
f  1207//2206 1279//2206 1280//2206
f  1207//2207 1280//2207 1144//2207
f  1144//2208 1280//2208 1281//2208
f  1144//2209 1281//2209 1208//2209
f  1208//2210 1281//2210 1282//2210
f  1208//2211 1282//2211 1209//2211
f  1209//2212 1282//2212 1283//2212
f  1209//2213 1283//2213 1141//2213
f  1141//2214 1283//2214 1284//2214
f  1141//2215 1284//2215 1210//2215
f  1210//2216 1284//2216 1285//2216
f  1210//2217 1285//2217 1286//2217
f  1210//2218 1286//2218 1211//2218
f  1211//2219 1286//2219 1212//2219
f  1212//2220 1286//2220 1287//2220
f  1212//2221 1287//2221 1213//2221
f  1213//2222 1287//2222 1288//2222
f  1213//2223 1288//2223 1148//2223
f  1148//2224 1288//2224 1289//2224
f  1148//2225 1289//2225 1215//2225
f  1215//2226 1289//2226 1290//2226
f  1215//2227 1290//2227 1214//2227
f  1214//2228 1290//2228 1291//2228
f  1214//2229 1291//2229 1153//2229
f  1153//2230 1291//2230 1292//2230
f  1153//2231 1292//2231 1217//2231
f  1217//2232 1292//2232 1293//2232
f  1217//2233 1293//2233 1216//2233
f  1216//2234 1293//2234 1294//2234
f  1216//2235 1294//2235 1219//2235
f  1219//2236 1294//2236 1295//2236
f  1219//2237 1295//2237 1155//2237
f  1155//2238 1295//2238 1220//2238
f  1273//2239 1296//2239 1297//2239
f  1274//2240 1273//2240 1297//2240
f  1274//2241 1297//2241 1298//2241
f  1275//2242 1274//2242 1298//2242
f  1275//2243 1298//2243 1299//2243
f  1300//2244 1301//2244 1259//2244
f  1300//2245 1259//2245 1258//2245
f  1302//2246 1303//2246 1257//2246
f  1302//2247 1257//2247 1256//2247
f  1304//2248 1302//2248 1256//2248
f  1304//2249 1256//2249 1255//2249
f  1305//2250 1306//2250 1254//2250
f  1305//2251 1254//2251 1253//2251
f  1307//2252 1305//2252 1253//2252
f  1307//2253 1253//2253 1252//2253
f  1308//2254 1309//2254 1251//2254
f  1308//2255 1251//2255 1250//2255
f  1310//2256 1311//2256 1248//2256
f  1310//2257 1248//2257 1247//2257
f  1312//2258 1313//2258 1244//2258
f  1244//2259 1313//2259 1245//2259
f  1314//2260 1315//2260 1243//2260
f  1314//2261 1243//2261 1242//2261
f  1316//2262 1314//2262 1242//2262
f  1316//2263 1242//2263 1241//2263
f  1239//2264 1317//2264 1240//2264
f  1318//2265 1239//2265 1238//2265
f  1232//2266 1319//2266 1233//2266
f  1320//2267 1225//2267 1321//2267
f  1321//2268 1225//2268 1224//2268
f  1294//2269 1322//2269 1295//2269
f  1323//2270 1324//2270 1281//2270
f  1323//2271 1281//2271 1280//2271
f  1325//2272 1323//2272 1280//2272
f  1325//2273 1280//2273 1279//2273
f  1326//2274 1327//2274 1278//2274
f  1326//2275 1278//2275 1277//2275
f  1328//2276 1326//2276 1276//2276
f  1276//2277 1326//2277 1277//2277
f  1329//2278 1330//2278 1271//2278
f  1329//2279 1271//2279 1270//2279
f  1331//2280 1329//2280 1270//2280
f  1331//2281 1270//2281 1269//2281
f  1332//2282 1333//2282 1268//2282
f  1332//2283 1268//2283 1267//2283
f  1334//2284 1335//2284 1265//2284
f  1334//2285 1265//2285 1264//2285
f  1336//2286 1337//2286 1262//2286
f  1336//2287 1262//2287 1261//2287
f  1258//2288 1257//2288 1300//2288
f  1300//2289 1257//2289 1303//2289
f  1255//2290 1254//2290 1306//2290
f  1255//2291 1306//2291 1304//2291
f  1252//2292 1251//2292 1309//2292
f  1252//2293 1309//2293 1307//2293
f  1338//2294 1308//2294 1250//2294
f  1338//2295 1250//2295 1249//2295
f  1249//2296 1248//2296 1311//2296
f  1249//2297 1311//2297 1338//2297
f  1339//2298 1310//2298 1247//2298
f  1339//2299 1247//2299 1246//2299
f  1246//2300 1245//2300 1313//2300
f  1246//2301 1313//2301 1339//2301
f  1244//2302 1243//2302 1312//2302
f  1312//2303 1243//2303 1315//2303
f  1241//2304 1240//2304 1317//2304
f  1241//2305 1317//2305 1316//2305
f  1237//2306 1318//2306 1238//2306
f  1234//2307 1233//2307 1319//2307
f  1224//2308 1223//2308 1321//2308
f  1220//2309 1295//2309 1322//2309
f  1282//2310 1281//2310 1324//2310
f  1279//2311 1278//2311 1327//2311
f  1279//2312 1327//2312 1325//2312
f  1299//2313 1328//2313 1276//2313
f  1299//2314 1276//2314 1275//2314
f  1273//2315 1272//2315 1296//2315
f  1272//2316 1271//2316 1296//2316
f  1296//2317 1271//2317 1330//2317
f  1269//2318 1268//2318 1333//2318
f  1269//2319 1333//2319 1331//2319
f  1340//2320 1332//2320 1267//2320
f  1340//2321 1267//2321 1266//2321
f  1266//2322 1265//2322 1335//2322
f  1266//2323 1335//2323 1340//2323
f  1341//2324 1334//2324 1263//2324
f  1263//2325 1334//2325 1264//2325
f  1263//2326 1262//2326 1341//2326
f  1341//2327 1262//2327 1337//2327
f  1342//2328 1336//2328 1261//2328
f  1342//2329 1261//2329 1260//2329
f  1301//2330 1342//2330 1260//2330
f  1301//2331 1260//2331 1259//2331
f  1343//2332 1344//2332 1223//2332
f  1223//2333 1222//2333 1343//2333
f  1343//2334 1222//2334 1345//2334
f  1222//2335 1221//2335 1345//2335
f  1345//2336 1221//2336 1346//2336
f  1346//2337 1221//2337 1220//2337
f  1322//2338 1346//2338 1220//2338
f  1347//2339 1322//2339 1294//2339
f  1348//2340 1347//2340 1294//2340
f  1348//2341 1294//2341 1293//2341
f  1348//2342 1293//2342 1349//2342
f  1349//2343 1293//2343 1292//2343
f  1292//2344 1350//2344 1349//2344
f  1292//2345 1291//2345 1350//2345
f  1350//2346 1291//2346 1351//2346
f  1351//2347 1291//2347 1290//2347
f  1290//2348 1352//2348 1351//2348
f  1290//2349 1289//2349 1352//2349
f  1352//2350 1289//2350 1353//2350
f  1353//2351 1289//2351 1288//2351
f  1288//2352 1354//2352 1353//2352
f  1288//2353 1287//2353 1354//2353
f  1354//2354 1287//2354 1355//2354
f  1355//2355 1287//2355 1286//2355
f  1286//2356 1356//2356 1355//2356
f  1286//2357 1285//2357 1356//2357
f  1356//2358 1285//2358 1357//2358
f  1357//2359 1285//2359 1284//2359
f  1284//2360 1358//2360 1357//2360
f  1284//2361 1283//2361 1358//2361
f  1358//2362 1283//2362 1359//2362
f  1359//2363 1283//2363 1282//2363
f  1282//2364 1324//2364 1359//2364
f  1239//2365 1318//2365 1360//2365
f  1360//2366 1317//2366 1239//2366
f  1361//2367 1318//2367 1237//2367
f  1362//2368 1361//2368 1236//2368
f  1236//2369 1361//2369 1237//2369
f  1235//2370 1234//2370 1363//2370
f  1363//2371 1362//2371 1235//2371
f  1235//2372 1362//2372 1236//2372
f  1234//2373 1319//2373 1364//2373
f  1364//2374 1363//2374 1234//2374
f  1365//2375 1364//2375 1319//2375
f  1366//2376 1365//2376 1232//2376
f  1232//2377 1365//2377 1319//2377
f  1367//2378 1366//2378 1231//2378
f  1231//2379 1366//2379 1232//2379
f  1368//2380 1367//2380 1230//2380
f  1230//2381 1367//2381 1231//2381
f  1369//2382 1368//2382 1229//2382
f  1229//2383 1368//2383 1230//2383
f  1370//2384 1369//2384 1228//2384
f  1228//2385 1369//2385 1229//2385
f  1371//2386 1370//2386 1227//2386
f  1227//2387 1370//2387 1228//2387
f  1372//2388 1371//2388 1226//2388
f  1226//2389 1371//2389 1227//2389
f  1320//2390 1321//2390 1344//2390
f  1344//2391 1321//2391 1223//2391
f  1320//2392 1372//2392 1225//2392
f  1225//2393 1372//2393 1226//2393
f  47//2394 49//2394 41//2394
f  77//2395 79//2395 81//2395
f  27//2396 29//2396 23//2396
f  19//2397 21//2397 23//2397
f  43//2398 45//2398 41//2398
f  55//2399 57//2399 41//2399
f  15//2400 17//2400 23//2400
f  35//2401 13//2401 23//2401
f  61//2402 63//2402 81//2402
f  73//2403 75//2403 81//2403
f  67//2404 69//2404 81//2404
f  71//2405 73//2405 81//2405
f  65//2406 67//2406 81//2406
f  75//2407 77//2407 81//2407
f  33//2408 35//2408 23//2408
f  63//2409 65//2409 81//2409
f  37//2410 39//2410 41//2410
f  25//2411 27//2411 23//2411
f  17//2412 19//2412 23//2412
f  49//2413 51//2413 41//2413
f  53//2414 55//2414 41//2414
f  13//2415 15//2415 23//2415
f  29//2416 31//2416 23//2416
f  51//2417 53//2417 41//2417
f  31//2418 33//2418 23//2418
f  69//2419 71//2419 81//2419
f  57//2420 59//2420 41//2420
f  45//2421 47//2421 41//2421
f  59//2422 37//2422 41//2422
f  83//2423 61//2423 81//2423
f  529//2424 880//2424 538//2424
f  507//2425 919//2425 508//2425
f  530//2426 943//2426 531//2426
f  929//2427 544//2427 541//2427
f  564//2428 897//2428 514//2428
f  885//2429 513//2429 562//2429
f  548//2430 903//2430 582//2430
f  518//2431 860//2431 519//2431
f  579//2432 913//2432 573//2432
f  569//2433 887//2433 558//2433
f  531//2434 942//2434 575//2434
f  895//2435 694//2435 515//2435
f  876//2436 523//2436 550//2436
f  508//2437 918//2437 522//2437
f  840//2438 553//2438 556//2438
f  911//2439 510//2439 509//2439
f  941//2440 527//2440 576//2440
f  513//2441 883//2441 505//2441
f  554//2442 944//2442 530//2442
f  950//2443 567//2443 566//2443
f  523//2444 872//2444 524//2444
f  544//2445 925//2445 551//2445
f  500//2446 839//2446 501//2446
f  855//2447 534//2447 526//2447
f  534//2448 853//2448 584//2448
f  582//2449 901//2449 583//2449
f  573//2450 912//2450 535//2450
f  515//2451 897//2451 895//2451
f  501//2452 835//2452 545//2452
f  532//2453 916//2453 533//2453
f  553//2454 945//2454 554//2454
f  935//2455 517//2455 516//2455
f  580//2456 872//2456 698//2456
f  581//2457 892//2457 536//2457
f  567//2458 946//2458 570//2458
f  575//2459 941//2459 576//2459
f  882//2460 529//2460 506//2460
f  702//2461 542//2461 557//2461
f  548//2462 907//2462 905//2462
f  578//2463 868//2463 520//2463
f  558//2464 886//2464 559//2464
f  503//2465 857//2465 504//2465
f  547//2466 909//2466 907//2466
f  697//2467 578//2467 580//2467
f  503//2468 860//2468 858//2468
f  559//2469 885//2469 562//2469
f  915//2470 579//2470 568//2470
f  583//2471 696//2471 572//2471
f  577//2472 952//2472 571//2472
f  533//2473 915//2473 568//2473
f  528//2474 937//2474 555//2474
f  510//2475 909//2475 543//2475
f  557//2476 866//2476 702//2476
f  504//2477 856//2477 525//2477
f  853//2478 560//2478 584//2478
f  693//2479 561//2479 560//2479
f  565//2480 920//2480 507//2480
f  561//2481 852//2481 563//2481
f  923//2482 565//2482 552//2482
f  512//2483 846//2483 539//2483
f  563//2484 851//2484 574//2484
f  703//2485 577//2485 546//2485
f  517//2486 931//2486 540//2486
f  851//2487 511//2487 574//2487
f  918//2488 532//2488 522//2488
f  890//2489 569//2489 537//2489
f  525//2490 855//2490 526//2490
f  555//2491 935//2491 516//2491
f  505//2492 882//2492 506//2492
f  853//2493 693//2493 560//2493
f  551//2494 923//2494 552//2494
f  549//2495 876//2495 550//2495
f  538//2496 878//2496 549//2496
f  946//2497 556//2497 570//2497
f  511//2498 848//2498 512//2498
f  566//2499 952//2499 950//2499
f  536//2500 890//2500 537//2500
f  540//2501 929//2501 541//2501
f  527//2502 939//2502 528//2502
f  542//2503 862//2503 518//2503
f  700//2504 546//2504 545//2504
f  535//2505 911//2505 509//2505
f  521//2506 868//2506 866//2506
f  696//2507 564//2507 572//2507
f  539//2508 846//2508 837//2508
f  529//2509 881//2509 880//2509
f  507//2510 920//2510 919//2510
f  530//2511 944//2511 943//2511
f  929//2512 927//2512 544//2512
f  564//2513 695//2513 897//2513
f  885//2514 884//2514 513//2514
f  548//2515 905//2515 903//2515
f  518//2516 862//2516 860//2516
f  579//2517 914//2517 913//2517
f  569//2518 888//2518 887//2518
f  531//2519 943//2519 942//2519
f  876//2520 874//2520 523//2520
f  508//2521 919//2521 918//2521
f  911//2522 910//2522 510//2522
f  941//2523 940//2523 527//2523
f  513//2524 884//2524 883//2524
f  554//2525 945//2525 944//2525
f  950//2526 948//2526 567//2526
f  523//2527 874//2527 872//2527
f  544//2528 927//2528 925//2528
f  500//2529 837//2529 839//2529
f  855//2530 854//2530 534//2530
f  534//2531 854//2531 853//2531
f  582//2532 903//2532 901//2532
f  573//2533 913//2533 912//2533
f  515//2534 514//2534 897//2534
f  501//2535 839//2535 835//2535
f  532//2536 917//2536 916//2536
f  553//2537 840//2537 945//2537
f  935//2538 933//2538 517//2538
f  580//2539 524//2539 872//2539
f  581//2540 694//2540 892//2540
f  567//2541 948//2541 946//2541
f  575//2542 942//2542 941//2542
f  882//2543 881//2543 529//2543
f  548//2544 547//2544 907//2544
f  578//2545 697//2545 868//2545
f  558//2546 887//2546 886//2546
f  503//2547 858//2547 857//2547
f  547//2548 543//2548 909//2548
f  503//2549 519//2549 860//2549
f  559//2550 886//2550 885//2550
f  915//2551 914//2551 579//2551
f  583//2552 901//2552 696//2552
f  577//2553 703//2553 952//2553
f  533//2554 916//2554 915//2554
f  528//2555 939//2555 937//2555
f  510//2556 910//2556 909//2556
f  557//2557 521//2557 866//2557
f  504//2558 857//2558 856//2558
f  565//2559 921//2559 920//2559
f  561//2560 692//2560 852//2560
f  923//2561 921//2561 565//2561
f  512//2562 848//2562 846//2562
f  563//2563 852//2563 851//2563
f  517//2564 933//2564 931//2564
f  851//2565 850//2565 511//2565
f  918//2566 917//2566 532//2566
f  890//2567 888//2567 569//2567
f  525//2568 856//2568 855//2568
f  555//2569 937//2569 935//2569
f  505//2570 883//2570 882//2570
f  551//2571 925//2571 923//2571
f  549//2572 878//2572 876//2572
f  538//2573 880//2573 878//2573
f  946//2574 841//2574 556//2574
f  511//2575 850//2575 848//2575
f  566//2576 571//2576 952//2576
f  536//2577 892//2577 890//2577
f  540//2578 931//2578 929//2578
f  527//2579 940//2579 939//2579
f  542//2580 701//2580 862//2580
f  535//2581 912//2581 911//2581
f  521//2582 520//2582 868//2582

# Mesh 'eSeries_UR10e_043-mesh' with 2335 faces
g eSeries_UR10e_043-mesh
usemtl Black
f  1373//2583 1374//2583 1375//2583
f  1376//2584 1377//2584 1378//2584
f  1379//2585 1373//2585 1375//2585
f  1379//2586 1375//2586 1380//2586
f  1381//2587 1379//2587 1380//2587
f  1381//2588 1380//2588 1382//2588
f  1383//2589 1384//2589 1385//2589
f  1385//2590 1384//2590 1386//2590
f  1385//2591 1386//2591 1347//2591
f  1387//2592 1388//2592 1389//2592
f  1387//2593 1389//2593 1390//2593
f  1391//2594 1392//2594 1393//2594
f  1391//2595 1393//2595 1394//2595
f  1394//2596 1393//2596 1350//2596
f  1395//2597 1396//2597 1397//2597
f  1397//2598 1396//2598 1398//2598
f  1399//2599 1400//2599 1401//2599
f  1399//2600 1401//2600 1402//2600
f  1403//2601 1404//2601 1405//2601
f  1403//2602 1405//2602 1406//2602
f  1407//2603 1408//2603 1409//2603
f  1407//2604 1409//2604 1410//2604
f  1410//2605 1409//2605 1358//2605
f  1411//2606 1412//2606 1413//2606
f  1411//2607 1413//2607 1414//2607
f  1415//2608 1416//2608 1417//2608
f  1415//2609 1417//2609 1418//2609
f  1419//2610 1420//2610 1421//2610
f  1421//2611 1420//2611 1422//2611
f  1423//2612 1424//2612 1425//2612
f  1423//2613 1425//2613 1426//2613
f  1427//2614 1428//2614 1429//2614
f  1427//2615 1429//2615 1430//2615
f  1431//2616 1432//2616 1433//2616
f  1433//2617 1432//2617 1434//2617
f  1435//2618 1436//2618 1437//2618
f  1435//2619 1437//2619 1438//2619
f  1439//2620 1440//2620 1441//2620
f  1439//2621 1441//2621 1442//2621
f  1443//2622 1444//2622 1445//2622
f  1443//2623 1445//2623 1446//2623
f  1447//2624 1448//2624 1449//2624
f  1449//2625 1448//2625 1450//2625
f  1451//2626 1452//2626 1453//2626
f  1453//2627 1452//2627 1454//2627
f  1377//2628 1376//2628 1455//2628
f  1455//2629 1376//2629 1456//2629
f  1384//2630 1378//2630 1377//2630
f  1384//2631 1377//2631 1386//2631
f  1388//2632 1383//2632 1385//2632
f  1388//2633 1385//2633 1389//2633
f  1389//2634 1385//2634 1347//2634
f  1390//2635 1350//2635 1393//2635
f  1390//2636 1393//2636 1387//2636
f  1387//2637 1393//2637 1392//2637
f  1394//2638 1398//2638 1396//2638
f  1394//2639 1396//2639 1391//2639
f  1397//2640 1401//2640 1400//2640
f  1397//2641 1400//2641 1395//2641
f  1402//2642 1405//2642 1404//2642
f  1402//2643 1404//2643 1399//2643
f  1406//2644 1358//2644 1409//2644
f  1406//2645 1409//2645 1403//2645
f  1403//2646 1409//2646 1408//2646
f  1410//2647 1413//2647 1412//2647
f  1410//2648 1412//2648 1407//2648
f  1414//2649 1417//2649 1411//2649
f  1411//2650 1417//2650 1416//2650
f  1418//2651 1422//2651 1415//2651
f  1415//2652 1422//2652 1420//2652
f  1421//2653 1425//2653 1424//2653
f  1421//2654 1424//2654 1419//2654
f  1426//2655 1429//2655 1423//2655
f  1423//2656 1429//2656 1428//2656
f  1430//2657 1434//2657 1432//2657
f  1430//2658 1432//2658 1427//2658
f  1433//2659 1437//2659 1436//2659
f  1433//2660 1436//2660 1431//2660
f  1438//2661 1441//2661 1435//2661
f  1435//2662 1441//2662 1440//2662
f  1442//2663 1445//2663 1444//2663
f  1442//2664 1444//2664 1439//2664
f  1446//2665 1450//2665 1448//2665
f  1446//2666 1448//2666 1443//2666
f  1449//2667 1454//2667 1452//2667
f  1449//2668 1452//2668 1447//2668
f  1457//2669 1451//2669 1453//2669
f  1457//2670 1453//2670 1458//2670
f  1459//2671 1457//2671 1460//2671
f  1460//2672 1457//2672 1458//2672
f  1382//2673 1459//2673 1460//2673
f  1382//2674 1460//2674 1381//2674
f  1461//2675 1374//2675 1462//2675
f  1462//2676 1374//2676 1373//2676
f  1463//2677 1461//2677 1464//2677
f  1464//2678 1461//2678 1462//2678
f  1465//2679 1463//2679 1466//2679
f  1466//2680 1463//2680 1464//2680
f  1467//2681 1465//2681 1468//2681
f  1468//2682 1465//2682 1466//2682
f  1469//2683 1467//2683 1470//2683
f  1470//2684 1467//2684 1468//2684
f  1471//2685 1469//2685 1472//2685
f  1472//2686 1469//2686 1470//2686
f  1473//2687 1474//2687 1475//2687
f  1475//2688 1474//2688 1476//2688
f  1476//2689 1471//2689 1477//2689
f  1477//2690 1471//2690 1472//2690
f  1478//2691 1473//2691 1479//2691
f  1479//2692 1473//2692 1475//2692
f  1475//2693 1476//2693 1480//2693
f  1480//2694 1476//2694 1477//2694
f  1481//2695 1478//2695 1482//2695
f  1482//2696 1478//2696 1479//2696
f  1483//2697 1481//2697 1484//2697
f  1484//2698 1481//2698 1482//2698
f  1485//2699 1483//2699 1486//2699
f  1486//2700 1483//2700 1484//2700
f  1487//2701 1488//2701 1489//2701
f  1489//2702 1488//2702 1490//2702
f  1490//2703 1485//2703 1491//2703
f  1491//2704 1485//2704 1486//2704
f  1489//2705 1490//2705 1492//2705
f  1492//2706 1490//2706 1491//2706
f  1493//2707 1487//2707 1494//2707
f  1494//2708 1487//2708 1489//2708
f  1495//2709 1493//2709 1496//2709
f  1496//2710 1493//2710 1494//2710
f  1494//2711 1489//2711 1360//2711
f  1360//2712 1489//2712 1492//2712
f  1497//2713 1495//2713 1498//2713
f  1498//2714 1495//2714 1496//2714
f  1499//2715 1497//2715 1500//2715
f  1500//2716 1497//2716 1498//2716
f  1501//2717 1502//2717 1503//2717
f  1503//2718 1502//2718 1499//2718
f  1503//2719 1499//2719 1504//2719
f  1504//2720 1499//2720 1500//2720
f  1505//2721 1501//2721 1506//2721
f  1506//2722 1501//2722 1503//2722
f  1507//2723 1508//2723 1509//2723
f  1509//2724 1508//2724 1510//2724
f  1510//2725 1505//2725 1511//2725
f  1511//2726 1505//2726 1506//2726
f  1509//2727 1510//2727 1512//2727
f  1512//2728 1510//2728 1511//2728
f  1513//2729 1507//2729 1514//2729
f  1514//2730 1507//2730 1509//2730
f  1515//2731 1513//2731 1516//2731
f  1516//2732 1513//2732 1514//2732
f  1517//2733 1518//2733 1519//2733
f  1519//2734 1518//2734 1520//2734
f  1520//2735 1515//2735 1521//2735
f  1521//2736 1515//2736 1516//2736
f  1376//2737 1517//2737 1456//2737
f  1456//2738 1517//2738 1519//2738
f  1519//2739 1520//2739 1522//2739
f  1522//2740 1520//2740 1521//2740
f  1523//2741 1451//2741 1524//2741
f  1524//2742 1451//2742 1457//2742
f  1524//2743 1457//2743 1525//2743
f  1525//2744 1457//2744 1459//2744
f  1525//2745 1459//2745 1526//2745
f  1526//2746 1459//2746 1382//2746
f  1526//2747 1382//2747 1380//2747
f  1526//2748 1380//2748 1527//2748
f  1527//2749 1380//2749 1528//2749
f  1528//2750 1380//2750 1375//2750
f  1528//2751 1375//2751 1529//2751
f  1529//2752 1375//2752 1374//2752
f  1529//2753 1374//2753 1530//2753
f  1530//2754 1374//2754 1461//2754
f  1530//2755 1461//2755 1531//2755
f  1531//2756 1461//2756 1463//2756
f  1531//2757 1463//2757 1532//2757
f  1532//2758 1463//2758 1465//2758
f  1532//2759 1465//2759 1467//2759
f  1532//2760 1467//2760 1533//2760
f  1533//2761 1467//2761 1534//2761
f  1534//2762 1467//2762 1469//2762
f  1534//2763 1469//2763 1535//2763
f  1535//2764 1469//2764 1471//2764
f  1535//2765 1471//2765 1476//2765
f  1535//2766 1476//2766 1536//2766
f  1536//2767 1476//2767 1537//2767
f  1537//2768 1476//2768 1474//2768
f  1537//2769 1474//2769 1538//2769
f  1538//2770 1474//2770 1473//2770
f  1538//2771 1473//2771 1539//2771
f  1539//2772 1473//2772 1478//2772
f  1539//2773 1478//2773 1540//2773
f  1540//2774 1478//2774 1481//2774
f  1540//2775 1481//2775 1541//2775
f  1541//2776 1481//2776 1483//2776
f  1541//2777 1483//2777 1542//2777
f  1542//2778 1483//2778 1485//2778
f  1542//2779 1485//2779 1543//2779
f  1543//2780 1485//2780 1490//2780
f  1543//2781 1490//2781 1544//2781
f  1544//2782 1490//2782 1488//2782
f  1544//2783 1488//2783 1545//2783
f  1545//2784 1488//2784 1487//2784
f  1545//2785 1487//2785 1493//2785
f  1545//2786 1493//2786 1546//2786
f  1546//2787 1493//2787 1495//2787
f  1546//2788 1495//2788 1547//2788
f  1547//2789 1495//2789 1548//2789
f  1548//2790 1495//2790 1497//2790
f  1548//2791 1497//2791 1549//2791
f  1549//2792 1497//2792 1499//2792
f  1549//2793 1499//2793 1550//2793
f  1550//2794 1499//2794 1502//2794
f  1550//2795 1502//2795 1551//2795
f  1551//2796 1502//2796 1501//2796
f  1551//2797 1501//2797 1552//2797
f  1552//2798 1501//2798 1505//2798
f  1552//2799 1505//2799 1510//2799
f  1552//2800 1510//2800 1553//2800
f  1553//2801 1510//2801 1554//2801
f  1554//2802 1510//2802 1508//2802
f  1554//2803 1508//2803 1555//2803
f  1555//2804 1508//2804 1507//2804
f  1555//2805 1507//2805 1556//2805
f  1556//2806 1507//2806 1513//2806
f  1556//2807 1513//2807 1557//2807
f  1557//2808 1513//2808 1515//2808
f  1557//2809 1515//2809 1558//2809
f  1558//2810 1515//2810 1520//2810
f  1558//2811 1520//2811 1559//2811
f  1559//2812 1520//2812 1518//2812
f  1559//2813 1518//2813 1560//2813
f  1560//2814 1518//2814 1517//2814
f  1560//2815 1517//2815 1561//2815
f  1561//2816 1517//2816 1376//2816
f  1561//2817 1376//2817 1562//2817
f  1562//2818 1376//2818 1378//2818
f  1562//2819 1378//2819 1563//2819
f  1563//2820 1378//2820 1384//2820
f  1563//2821 1384//2821 1564//2821
f  1564//2822 1384//2822 1383//2822
f  1564//2823 1383//2823 1565//2823
f  1565//2824 1383//2824 1388//2824
f  1565//2825 1388//2825 1566//2825
f  1566//2826 1388//2826 1387//2826
f  1566//2827 1387//2827 1567//2827
f  1567//2828 1387//2828 1392//2828
f  1567//2829 1392//2829 1568//2829
f  1568//2830 1392//2830 1391//2830
f  1568//2831 1391//2831 1569//2831
f  1569//2832 1391//2832 1396//2832
f  1569//2833 1396//2833 1395//2833
f  1569//2834 1395//2834 1570//2834
f  1570//2835 1395//2835 1400//2835
f  1570//2836 1400//2836 1571//2836
f  1571//2837 1400//2837 1572//2837
f  1572//2838 1400//2838 1399//2838
f  1572//2839 1399//2839 1573//2839
f  1573//2840 1399//2840 1404//2840
f  1573//2841 1404//2841 1403//2841
f  1573//2842 1403//2842 1574//2842
f  1574//2843 1403//2843 1575//2843
f  1575//2844 1403//2844 1408//2844
f  1575//2845 1408//2845 1576//2845
f  1576//2846 1408//2846 1407//2846
f  1576//2847 1407//2847 1412//2847
f  1576//2848 1412//2848 1577//2848
f  1577//2849 1412//2849 1578//2849
f  1578//2850 1412//2850 1411//2850
f  1578//2851 1411//2851 1579//2851
f  1579//2852 1411//2852 1416//2852
f  1579//2853 1416//2853 1580//2853
f  1580//2854 1416//2854 1415//2854
f  1580//2855 1415//2855 1581//2855
f  1581//2856 1415//2856 1420//2856
f  1581//2857 1420//2857 1582//2857
f  1582//2858 1420//2858 1419//2858
f  1582//2859 1419//2859 1583//2859
f  1583//2860 1419//2860 1424//2860
f  1583//2861 1424//2861 1584//2861
f  1584//2862 1424//2862 1423//2862
f  1584//2863 1423//2863 1585//2863
f  1585//2864 1423//2864 1428//2864
f  1585//2865 1428//2865 1586//2865
f  1586//2866 1428//2866 1427//2866
f  1586//2867 1427//2867 1587//2867
f  1587//2868 1427//2868 1432//2868
f  1587//2869 1432//2869 1431//2869
f  1587//2870 1431//2870 1588//2870
f  1588//2871 1431//2871 1589//2871
f  1589//2872 1431//2872 1436//2872
f  1589//2873 1436//2873 1590//2873
f  1590//2874 1436//2874 1435//2874
f  1590//2875 1435//2875 1591//2875
f  1591//2876 1435//2876 1440//2876
f  1591//2877 1440//2877 1592//2877
f  1592//2878 1440//2878 1439//2878
f  1592//2879 1439//2879 1593//2879
f  1593//2880 1439//2880 1444//2880
f  1593//2881 1444//2881 1594//2881
f  1594//2882 1444//2882 1443//2882
f  1594//2883 1443//2883 1595//2883
f  1595//2884 1443//2884 1448//2884
f  1595//2885 1448//2885 1596//2885
f  1596//2886 1448//2886 1447//2886
f  1596//2887 1447//2887 1597//2887
f  1597//2888 1447//2888 1452//2888
f  1597//2889 1452//2889 1523//2889
f  1523//2890 1452//2890 1451//2890
f  1598//2891 1599//2891 1600//2891
f  1601//2892 1602//2892 1603//2892
f  1604//2893 1605//2893 1606//2893
f  1607//2894 1608//2894 1609//2894
f  1610//2895 1611//2895 1612//2895
f  1613//2896 1610//2896 1614//2896
f  1615//2897 1616//2897 1613//2897
f  1617//2898 1618//2898 1616//2898
f  1619//2899 1620//2899 1618//2899
f  1621//2900 1622//2900 1623//2900
f  1623//2901 1622//2901 1620//2901
f  1624//2902 1625//2902 1621//2902
f  1626//2903 1627//2903 1628//2903
f  1629//2904 1630//2904 1631//2904
f  1632//2905 1633//2905 1634//2905
f  1634//2906 1633//2906 1635//2906
f  1636//2907 1632//2907 1637//2907
f  1637//2908 1632//2908 1634//2908
f  1637//2909 1634//2909 1638//2909
f  1638//2910 1634//2910 1635//2910
f  1608//2911 1636//2911 1609//2911
f  1609//2912 1636//2912 1637//2912
f  1609//2913 1637//2913 1639//2913
f  1639//2914 1637//2914 1638//2914
f  1640//2915 1607//2915 1609//2915
f  1640//2916 1609//2916 1641//2916
f  1641//2917 1609//2917 1639//2917
f  1642//2918 1607//2918 1643//2918
f  1643//2919 1607//2919 1640//2919
f  1643//2920 1640//2920 1644//2920
f  1644//2921 1640//2921 1641//2921
f  1644//2922 1641//2922 1645//2922
f  1605//2923 1642//2923 1606//2923
f  1606//2924 1642//2924 1643//2924
f  1606//2925 1643//2925 1646//2925
f  1646//2926 1643//2926 1644//2926
f  1646//2927 1644//2927 1647//2927
f  1647//2928 1644//2928 1645//2928
f  1648//2929 1604//2929 1606//2929
f  1648//2930 1606//2930 1649//2930
f  1649//2931 1606//2931 1646//2931
f  1649//2932 1646//2932 1647//2932
f  1649//2933 1647//2933 1552//2933
f  1602//2934 1604//2934 1603//2934
f  1603//2935 1604//2935 1648//2935
f  1603//2936 1648//2936 1650//2936
f  1650//2937 1648//2937 1649//2937
f  1650//2938 1649//2938 1651//2938
f  1651//2939 1649//2939 1552//2939
f  1601//2940 1603//2940 1652//2940
f  1652//2941 1603//2941 1650//2941
f  1652//2942 1650//2942 1653//2942
f  1653//2943 1650//2943 1651//2943
f  1653//2944 1651//2944 1554//2944
f  1599//2945 1601//2945 1600//2945
f  1600//2946 1601//2946 1654//2946
f  1654//2947 1601//2947 1652//2947
f  1654//2948 1652//2948 1655//2948
f  1655//2949 1652//2949 1653//2949
f  1655//2950 1653//2950 1555//2950
f  1555//2951 1653//2951 1554//2951
f  1598//2952 1600//2952 1656//2952
f  1656//2953 1600//2953 1654//2953
f  1656//2954 1654//2954 1657//2954
f  1657//2955 1654//2955 1655//2955
f  1657//2956 1655//2956 1556//2956
f  1556//2957 1655//2957 1555//2957
f  1658//2958 1558//2958 1659//2958
f  1660//2959 1658//2959 1659//2959
f  1660//2960 1659//2960 1661//2960
f  1661//2961 1659//2961 1560//2961
f  1661//2962 1560//2962 1662//2962
f  1663//2963 1661//2963 1662//2963
f  1663//2964 1662//2964 1664//2964
f  1664//2965 1662//2965 1562//2965
f  1664//2966 1562//2966 1665//2966
f  1612//2967 1666//2967 1661//2967
f  1612//2968 1661//2968 1663//2968
f  1667//2969 1668//2969 1568//2969
f  1667//2970 1568//2970 1569//2970
f  1669//2971 1670//2971 1666//2971
f  1614//2972 1612//2972 1663//2972
f  1614//2973 1663//2973 1664//2973
f  1615//2974 1664//2974 1665//2974
f  1615//2975 1665//2975 1671//2975
f  1610//2976 1612//2976 1614//2976
f  1619//2977 1671//2977 1672//2977
f  1619//2978 1672//2978 1673//2978
f  1674//2979 1673//2979 1668//2979
f  1674//2980 1668//2980 1667//2980
f  1675//2981 1676//2981 1571//2981
f  1675//2982 1571//2982 1572//2982
f  1616//2983 1615//2983 1617//2983
f  1623//2984 1619//2984 1673//2984
f  1623//2985 1673//2985 1674//2985
f  1677//2986 1678//2986 1676//2986
f  1677//2987 1676//2987 1675//2987
f  1621//2988 1623//2988 1679//2988
f  1628//2989 1624//2989 1678//2989
f  1628//2990 1678//2990 1677//2990
f  1680//2991 1681//2991 1682//2991
f  1680//2992 1682//2992 1683//2992
f  1683//2993 1682//2993 1574//2993
f  1683//2994 1574//2994 1575//2994
f  1626//2995 1628//2995 1684//2995
f  1685//2996 1686//2996 1681//2996
f  1685//2997 1681//2997 1680//2997
f  1687//2998 1579//2998 1580//2998
f  1687//2999 1580//2999 1581//2999
f  1688//3000 1689//3000 1683//3000
f  1688//3001 1683//3001 1690//3001
f  1691//3002 1692//3002 1693//3002
f  1691//3003 1693//3003 1694//3003
f  1694//3004 1693//3004 1579//3004
f  1694//3005 1579//3005 1687//3005
f  1695//3006 1688//3006 1690//3006
f  1695//3007 1690//3007 1696//3007
f  1697//3008 1696//3008 1692//3008
f  1697//3009 1692//3009 1691//3009
f  1698//3010 1694//3010 1687//3010
f  1698//3011 1687//3011 1699//3011
f  1699//3012 1687//3012 1700//3012
f  1699//3013 1700//3013 1701//3013
f  1702//3014 1703//3014 1584//3014
f  1702//3015 1584//3015 1704//3015
f  1704//3016 1584//3016 1585//3016
f  1704//3017 1585//3017 1586//3017
f  1705//3018 1697//3018 1691//3018
f  1705//3019 1691//3019 1694//3019
f  1706//3020 1704//3020 1586//3020
f  1706//3021 1586//3021 1587//3021
f  1707//3022 1699//3022 1701//3022
f  1707//3023 1701//3023 1703//3023
f  1708//3024 1706//3024 1587//3024
f  1708//3025 1587//3025 1588//3025
f  1709//3026 1710//3026 1590//3026
f  1709//3027 1590//3027 1591//3027
f  1711//3028 1712//3028 1713//3028
f  1711//3029 1713//3029 1714//3029
f  1715//3030 1716//3030 1717//3030
f  1715//3031 1717//3031 1710//3031
f  1718//3032 1719//3032 1716//3032
f  1718//3033 1716//3033 1715//3033
f  1720//3034 1721//3034 1722//3034
f  1720//3035 1722//3035 1723//3035
f  1724//3036 1725//3036 1726//3036
f  1724//3037 1726//3037 1721//3037
f  1727//3038 1728//3038 1597//3038
f  1727//3039 1597//3039 1729//3039
f  1730//3040 1724//3040 1721//3040
f  1730//3041 1721//3041 1720//3041
f  1731//3042 1732//3042 1733//3042
f  1731//3043 1733//3043 1734//3043
f  1735//3044 1524//3044 1525//3044
f  1735//3045 1525//3045 1526//3045
f  1736//3046 1737//3046 1738//3046
f  1736//3047 1738//3047 1732//3047
f  1739//3048 1727//3048 1729//3048
f  1739//3049 1729//3049 1740//3049
f  1741//3050 1736//3050 1732//3050
f  1741//3051 1732//3051 1731//3051
f  1742//3052 1743//3052 1727//3052
f  1742//3053 1727//3053 1739//3053
f  1744//3054 1745//3054 1527//3054
f  1744//3055 1527//3055 1746//3055
f  1746//3056 1527//3056 1528//3056
f  1746//3057 1528//3057 1529//3057
f  1747//3058 1748//3058 1749//3058
f  1747//3059 1749//3059 1743//3059
f  1750//3060 1739//3060 1740//3060
f  1750//3061 1740//3061 1751//3061
f  1752//3062 1529//3062 1530//3062
f  1752//3063 1530//3063 1531//3063
f  1753//3064 1754//3064 1739//3064
f  1753//3065 1739//3065 1750//3065
f  1755//3066 1756//3066 1744//3066
f  1755//3067 1744//3067 1746//3067
f  1757//3068 1758//3068 1756//3068
f  1757//3069 1756//3069 1755//3069
f  1759//3070 1760//3070 1534//3070
f  1759//3071 1534//3071 1535//3071
f  1761//3072 1762//3072 1763//3072
f  1761//3073 1763//3073 1764//3073
f  1765//3074 1766//3074 1759//3074
f  1765//3075 1759//3075 1767//3075
f  1768//3076 1769//3076 1766//3076
f  1768//3077 1766//3077 1765//3077
f  1770//3078 1771//3078 1772//3078
f  1770//3079 1772//3079 1773//3079
f  1774//3080 1775//3080 1541//3080
f  1774//3081 1541//3081 1776//3081
f  1777//3082 1776//3082 1543//3082
f  1777//3083 1543//3083 1544//3083
f  1778//3084 1779//3084 1771//3084
f  1778//3085 1771//3085 1770//3085
f  1780//3086 1781//3086 1775//3086
f  1780//3087 1775//3087 1774//3087
f  1782//3088 1774//3088 1776//3088
f  1782//3089 1776//3089 1777//3089
f  1783//3090 1784//3090 1785//3090
f  1783//3091 1785//3091 1781//3091
f  1786//3092 1787//3092 1788//3092
f  1786//3093 1788//3093 1789//3093
f  1789//3094 1788//3094 1545//3094
f  1789//3095 1545//3095 1546//3095
f  1790//3096 1783//3096 1781//3096
f  1790//3097 1781//3097 1780//3097
f  1635//3098 1789//3098 1546//3098
f  1635//3099 1546//3099 1547//3099
f  1791//3100 1792//3100 1549//3100
f  1791//3101 1549//3101 1550//3101
f  1793//3102 1794//3102 1795//3102
f  1793//3103 1795//3103 1782//3103
f  1796//3104 1782//3104 1787//3104
f  1796//3105 1787//3105 1786//3105
f  1647//3106 1645//3106 1551//3106
f  1647//3107 1551//3107 1552//3107
f  1797//3108 1793//3108 1782//3108
f  1797//3109 1782//3109 1796//3109
f  1798//3110 1796//3110 1786//3110
f  1798//3111 1786//3111 1789//3111
f  1639//3112 1638//3112 1792//3112
f  1639//3113 1792//3113 1791//3113
f  1659//3114 1558//3114 1559//3114
f  1659//3115 1559//3115 1560//3115
f  1662//3116 1560//3116 1561//3116
f  1662//3117 1561//3117 1562//3117
f  1670//3118 1658//3118 1660//3118
f  1665//3119 1562//3119 1563//3119
f  1665//3120 1563//3120 1564//3120
f  1666//3121 1670//3121 1660//3121
f  1666//3122 1660//3122 1661//3122
f  1671//3123 1665//3123 1564//3123
f  1671//3124 1564//3124 1672//3124
f  1672//3125 1564//3125 1565//3125
f  1672//3126 1565//3126 1673//3126
f  1673//3127 1565//3127 1566//3127
f  1673//3128 1566//3128 1668//3128
f  1668//3129 1566//3129 1567//3129
f  1668//3130 1567//3130 1568//3130
f  1570//3131 1571//3131 1676//3131
f  1570//3132 1676//3132 1569//3132
f  1664//3133 1615//3133 1799//3133
f  1664//3134 1799//3134 1614//3134
f  1666//3135 1612//3135 1611//3135
f  1666//3136 1611//3136 1669//3136
f  1613//3137 1614//3137 1799//3137
f  1617//3138 1615//3138 1671//3138
f  1617//3139 1671//3139 1619//3139
f  1800//3140 1674//3140 1667//3140
f  1800//3141 1667//3141 1678//3141
f  1678//3142 1667//3142 1569//3142
f  1678//3143 1569//3143 1676//3143
f  1801//3144 1675//3144 1572//3144
f  1801//3145 1572//3145 1573//3145
f  1573//3146 1574//3146 1682//3146
f  1573//3147 1682//3147 1801//3147
f  1799//3148 1615//3148 1613//3148
f  1618//3149 1617//3149 1619//3149
f  1679//3150 1623//3150 1674//3150
f  1679//3151 1674//3151 1800//3151
f  1802//3152 1677//3152 1675//3152
f  1802//3153 1675//3153 1801//3153
f  1801//3154 1682//3154 1681//3154
f  1801//3155 1681//3155 1802//3155
f  1800//3156 1678//3156 1624//3156
f  1800//3157 1624//3157 1679//3157
f  1619//3158 1623//3158 1620//3158
f  1621//3159 1679//3159 1624//3159
f  1684//3160 1628//3160 1677//3160
f  1684//3161 1677//3161 1802//3161
f  1690//3162 1683//3162 1575//3162
f  1690//3163 1575//3163 1576//3163
f  1693//3164 1577//3164 1578//3164
f  1693//3165 1578//3165 1579//3165
f  1577//3166 1693//3166 1692//3166
f  1577//3167 1692//3167 1576//3167
f  1576//3168 1692//3168 1696//3168
f  1576//3169 1696//3169 1690//3169
f  1802//3170 1681//3170 1686//3170
f  1802//3171 1686//3171 1684//3171
f  1624//3172 1628//3172 1627//3172
f  1624//3173 1627//3173 1625//3173
f  1581//3174 1582//3174 1700//3174
f  1581//3175 1700//3175 1687//3175
f  1680//3176 1683//3176 1689//3176
f  1680//3177 1689//3177 1685//3177
f  1684//3178 1686//3178 1626//3178
f  1583//3179 1584//3179 1703//3179
f  1583//3180 1703//3180 1582//3180
f  1582//3181 1703//3181 1701//3181
f  1582//3182 1701//3182 1700//3182
f  1696//3183 1697//3183 1803//3183
f  1696//3184 1803//3184 1695//3184
f  1694//3185 1698//3185 1804//3185
f  1694//3186 1804//3186 1705//3186
f  1805//3187 1698//3187 1699//3187
f  1805//3188 1699//3188 1707//3188
f  1806//3189 1707//3189 1703//3189
f  1806//3190 1703//3190 1702//3190
f  1714//3191 1702//3191 1704//3191
f  1714//3192 1704//3192 1706//3192
f  1717//3193 1708//3193 1588//3193
f  1717//3194 1588//3194 1589//3194
f  1589//3195 1590//3195 1710//3195
f  1589//3196 1710//3196 1717//3196
f  1706//3197 1708//3197 1807//3197
f  1706//3198 1807//3198 1714//3198
f  1702//3199 1714//3199 1713//3199
f  1702//3200 1713//3200 1806//3200
f  1808//3201 1805//3201 1707//3201
f  1808//3202 1707//3202 1806//3202
f  1716//3203 1807//3203 1708//3203
f  1716//3204 1708//3204 1717//3204
f  1722//3205 1709//3205 1591//3205
f  1722//3206 1591//3206 1592//3206
f  1593//3207 1594//3207 1809//3207
f  1593//3208 1809//3208 1592//3208
f  1592//3209 1809//3209 1723//3209
f  1592//3210 1723//3210 1722//3210
f  1806//3211 1713//3211 1712//3211
f  1806//3212 1712//3212 1808//3212
f  1810//3213 1711//3213 1714//3213
f  1810//3214 1714//3214 1807//3214
f  1726//3215 1715//3215 1710//3215
f  1726//3216 1710//3216 1709//3216
f  1734//3217 1594//3217 1595//3217
f  1734//3218 1595//3218 1596//3218
f  1596//3219 1597//3219 1728//3219
f  1596//3220 1728//3220 1734//3220
f  1594//3221 1734//3221 1733//3221
f  1594//3222 1733//3222 1809//3222
f  1709//3223 1722//3223 1721//3223
f  1709//3224 1721//3224 1726//3224
f  1807//3225 1716//3225 1719//3225
f  1807//3226 1719//3226 1810//3226
f  1523//3227 1524//3227 1729//3227
f  1523//3228 1729//3228 1597//3228
f  1809//3229 1733//3229 1732//3229
f  1809//3230 1732//3230 1723//3230
f  1723//3231 1732//3231 1738//3231
f  1723//3232 1738//3232 1720//3232
f  1715//3233 1726//3233 1725//3233
f  1715//3234 1725//3234 1718//3234
f  1526//3235 1527//3235 1745//3235
f  1526//3236 1745//3236 1735//3236
f  1524//3237 1735//3237 1740//3237
f  1524//3238 1740//3238 1729//3238
f  1728//3239 1727//3239 1743//3239
f  1728//3240 1743//3240 1734//3240
f  1734//3241 1743//3241 1749//3241
f  1734//3242 1749//3242 1731//3242
f  1720//3243 1738//3243 1737//3243
f  1720//3244 1737//3244 1730//3244
f  1735//3245 1745//3245 1751//3245
f  1735//3246 1751//3246 1740//3246
f  1731//3247 1749//3247 1748//3247
f  1731//3248 1748//3248 1741//3248
f  1811//3249 1747//3249 1743//3249
f  1811//3250 1743//3250 1742//3250
f  1812//3251 1746//3251 1529//3251
f  1812//3252 1529//3252 1752//3252
f  1813//3253 1752//3253 1531//3253
f  1813//3254 1531//3254 1532//3254
f  1745//3255 1744//3255 1756//3255
f  1745//3256 1756//3256 1751//3256
f  1742//3257 1739//3257 1754//3257
f  1742//3258 1754//3258 1811//3258
f  1814//3259 1753//3259 1750//3259
f  1814//3260 1750//3260 1751//3260
f  1815//3261 1755//3261 1746//3261
f  1815//3262 1746//3262 1812//3262
f  1763//3263 1812//3263 1752//3263
f  1763//3264 1752//3264 1813//3264
f  1816//3265 1813//3265 1532//3265
f  1816//3266 1532//3266 1760//3266
f  1760//3267 1532//3267 1533//3267
f  1760//3268 1533//3268 1534//3268
f  1813//3269 1816//3269 1764//3269
f  1813//3270 1764//3270 1763//3270
f  1812//3271 1763//3271 1817//3271
f  1812//3272 1817//3272 1815//3272
f  1751//3273 1756//3273 1758//3273
f  1751//3274 1758//3274 1814//3274
f  1818//3275 1757//3275 1755//3275
f  1818//3276 1755//3276 1815//3276
f  1767//3277 1759//3277 1535//3277
f  1767//3278 1535//3278 1536//3278
f  1819//3279 1818//3279 1815//3279
f  1819//3280 1815//3280 1817//3280
f  1820//3281 1764//3281 1816//3281
f  1820//3282 1816//3282 1760//3282
f  1821//3283 1767//3283 1536//3283
f  1821//3284 1536//3284 1537//3284
f  1773//3285 1537//3285 1538//3285
f  1773//3286 1538//3286 1539//3286
f  1537//3287 1773//3287 1772//3287
f  1537//3288 1772//3288 1821//3288
f  1760//3289 1759//3289 1766//3289
f  1760//3290 1766//3290 1820//3290
f  1817//3291 1763//3291 1762//3291
f  1817//3292 1762//3292 1819//3292
f  1822//3293 1761//3293 1764//3293
f  1822//3294 1764//3294 1820//3294
f  1823//3295 1765//3295 1767//3295
f  1823//3296 1767//3296 1821//3296
f  1824//3297 1773//3297 1539//3297
f  1824//3298 1539//3298 1540//3298
f  1542//3299 1543//3299 1776//3299
f  1542//3300 1776//3300 1541//3300
f  1540//3301 1541//3301 1775//3301
f  1540//3302 1775//3302 1824//3302
f  1821//3303 1772//3303 1771//3303
f  1821//3304 1771//3304 1823//3304
f  1820//3305 1766//3305 1769//3305
f  1820//3306 1769//3306 1822//3306
f  1825//3307 1768//3307 1765//3307
f  1825//3308 1765//3308 1823//3308
f  1785//3309 1770//3309 1773//3309
f  1785//3310 1773//3310 1824//3310
f  1788//3311 1777//3311 1544//3311
f  1788//3312 1544//3312 1545//3312
f  1824//3313 1775//3313 1781//3313
f  1824//3314 1781//3314 1785//3314
f  1823//3315 1771//3315 1779//3315
f  1823//3316 1779//3316 1825//3316
f  1548//3317 1549//3317 1792//3317
f  1548//3318 1792//3318 1547//3318
f  1777//3319 1788//3319 1787//3319
f  1777//3320 1787//3320 1782//3320
f  1774//3321 1782//3321 1795//3321
f  1774//3322 1795//3322 1780//3322
f  1770//3323 1785//3323 1784//3323
f  1770//3324 1784//3324 1778//3324
f  1550//3325 1551//3325 1645//3325
f  1550//3326 1645//3326 1791//3326
f  1547//3327 1792//3327 1638//3327
f  1547//3328 1638//3328 1635//3328
f  1780//3329 1795//3329 1794//3329
f  1780//3330 1794//3330 1790//3330
f  1633//3331 1798//3331 1789//3331
f  1633//3332 1789//3332 1635//3332
f  1641//3333 1639//3333 1791//3333
f  1641//3334 1791//3334 1645//3334
f  1651//3335 1552//3335 1553//3335
f  1651//3336 1553//3336 1554//3336
f  1629//3337 1598//3337 1630//3337
f  1630//3338 1598//3338 1656//3338
f  1630//3339 1656//3339 1826//3339
f  1826//3340 1656//3340 1657//3340
f  1826//3341 1657//3341 1557//3341
f  1557//3342 1657//3342 1556//3342
f  1669//3343 1631//3343 1670//3343
f  1670//3344 1631//3344 1630//3344
f  1670//3345 1630//3345 1658//3345
f  1658//3346 1630//3346 1826//3346
f  1658//3347 1826//3347 1558//3347
f  1558//3348 1826//3348 1557//3348
f  1754//3349 1827//3349 1828//3349
f  1605//3350 1829//3350 1830//3350
f  1831//3351 1754//3351 1828//3351
f  1831//3352 1828//3352 1832//3352
f  1779//3353 1833//3353 1834//3353
f  1642//3354 1605//3354 1830//3354
f  1642//3355 1830//3355 1835//3355
f  1836//3356 1837//3356 1838//3356
f  1811//3357 1831//3357 1832//3357
f  1811//3358 1832//3358 1839//3358
f  1825//3359 1779//3359 1834//3359
f  1825//3360 1834//3360 1840//3360
f  1607//3361 1642//3361 1841//3361
f  1841//3362 1642//3362 1835//3362
f  1842//3363 1836//3363 1838//3363
f  1842//3364 1838//3364 1843//3364
f  1747//3365 1811//3365 1839//3365
f  1747//3366 1839//3366 1844//3366
f  1768//3367 1825//3367 1840//3367
f  1768//3368 1840//3368 1845//3368
f  1608//3369 1607//3369 1841//3369
f  1608//3370 1841//3370 1846//3370
f  1636//3371 1608//3371 1846//3371
f  1636//3372 1846//3372 1847//3372
f  1848//3373 1849//3373 1669//3373
f  1848//3374 1669//3374 1611//3374
f  1850//3375 1851//3375 1852//3375
f  1852//3376 1851//3376 1610//3376
f  1852//3377 1610//3377 1613//3377
f  1853//3378 1854//3378 1618//3378
f  1618//3379 1854//3379 1616//3379
f  1855//3380 1856//3380 1620//3380
f  1855//3381 1620//3381 1622//3381
f  1857//3382 1858//3382 1625//3382
f  1625//3383 1858//3383 1621//3383
f  1859//3384 1860//3384 1627//3384
f  1859//3385 1627//3385 1626//3385
f  1861//3386 1837//3386 1862//3386
f  1862//3387 1837//3387 1836//3387
f  1863//3388 1861//3388 1688//3388
f  1688//3389 1861//3389 1862//3389
f  1864//3390 1865//3390 1866//3390
f  1866//3391 1865//3391 1863//3391
f  1866//3392 1863//3392 1695//3392
f  1695//3393 1863//3393 1688//3393
f  1867//3394 1864//3394 1868//3394
f  1868//3395 1864//3395 1866//3395
f  1869//3396 1867//3396 1870//3396
f  1870//3397 1867//3397 1868//3397
f  1871//3398 1869//3398 1872//3398
f  1872//3399 1869//3399 1870//3399
f  1873//3400 1874//3400 1808//3400
f  1808//3401 1874//3401 1875//3401
f  1875//3402 1871//3402 1876//3402
f  1876//3403 1871//3403 1872//3403
f  1877//3404 1873//3404 1712//3404
f  1712//3405 1873//3405 1808//3405
f  1808//3406 1875//3406 1878//3406
f  1878//3407 1875//3407 1876//3407
f  1879//3408 1877//3408 1711//3408
f  1711//3409 1877//3409 1712//3409
f  1880//3410 1879//3410 1810//3410
f  1810//3411 1879//3411 1711//3411
f  1881//3412 1880//3412 1719//3412
f  1719//3413 1880//3413 1810//3413
f  1882//3414 1881//3414 1718//3414
f  1718//3415 1881//3415 1719//3415
f  1883//3416 1882//3416 1725//3416
f  1725//3417 1882//3417 1718//3417
f  1884//3418 1885//3418 1730//3418
f  1730//3419 1885//3419 1883//3419
f  1886//3420 1884//3420 1737//3420
f  1737//3421 1884//3421 1730//3421
f  1725//3422 1724//3422 1883//3422
f  1883//3423 1724//3423 1730//3423
f  1737//3424 1736//3424 1886//3424
f  1886//3425 1736//3425 1887//3425
f  1736//3426 1741//3426 1887//3426
f  1887//3427 1741//3427 1888//3427
f  1741//3428 1748//3428 1888//3428
f  1889//3429 1827//3429 1753//3429
f  1753//3430 1827//3430 1754//3430
f  1890//3431 1889//3431 1814//3431
f  1814//3432 1889//3432 1753//3432
f  1891//3433 1890//3433 1758//3433
f  1758//3434 1890//3434 1814//3434
f  1892//3435 1891//3435 1757//3435
f  1757//3436 1891//3436 1758//3436
f  1893//3437 1892//3437 1818//3437
f  1818//3438 1892//3438 1757//3438
f  1894//3439 1893//3439 1819//3439
f  1819//3440 1893//3440 1818//3440
f  1895//3441 1822//3441 1896//3441
f  1896//3442 1822//3442 1897//3442
f  1819//3443 1762//3443 1894//3443
f  1894//3444 1762//3444 1895//3444
f  1822//3445 1769//3445 1897//3445
f  1762//3446 1761//3446 1895//3446
f  1895//3447 1761//3447 1822//3447
f  1845//3448 1897//3448 1769//3448
f  1845//3449 1769//3449 1768//3449
f  1898//3450 1899//3450 1783//3450
f  1783//3451 1899//3451 1900//3451
f  1901//3452 1898//3452 1790//3452
f  1790//3453 1898//3453 1783//3453
f  1900//3454 1833//3454 1778//3454
f  1778//3455 1833//3455 1779//3455
f  1902//3456 1901//3456 1794//3456
f  1794//3457 1901//3457 1790//3457
f  1783//3458 1900//3458 1784//3458
f  1784//3459 1900//3459 1778//3459
f  1903//3460 1902//3460 1793//3460
f  1793//3461 1902//3461 1794//3461
f  1793//3462 1797//3462 1903//3462
f  1903//3463 1797//3463 1904//3463
f  1797//3464 1905//3464 1904//3464
f  1904//3465 1905//3465 1906//3465
f  1905//3466 1907//3466 1906//3466
f  1908//3467 1906//3467 1909//3467
f  1909//3468 1906//3468 1907//3468
f  1910//3469 1908//3469 1909//3469
f  1910//3470 1909//3470 1632//3470
f  1631//3471 1669//3471 1849//3471
f  1631//3472 1849//3472 1911//3472
f  1611//3473 1610//3473 1851//3473
f  1611//3474 1851//3474 1848//3474
f  1613//3475 1616//3475 1854//3475
f  1613//3476 1854//3476 1852//3476
f  1618//3477 1620//3477 1856//3477
f  1618//3478 1856//3478 1853//3478
f  1622//3479 1621//3479 1858//3479
f  1622//3480 1858//3480 1855//3480
f  1625//3481 1627//3481 1857//3481
f  1857//3482 1627//3482 1860//3482
f  1626//3483 1842//3483 1843//3483
f  1626//3484 1843//3484 1859//3484
f  1626//3485 1686//3485 1842//3485
f  1842//3486 1686//3486 1685//3486
f  1842//3487 1685//3487 1836//3487
f  1836//3488 1685//3488 1689//3488
f  1836//3489 1689//3489 1862//3489
f  1862//3490 1689//3490 1688//3490
f  1695//3491 1803//3491 1866//3491
f  1866//3492 1803//3492 1697//3492
f  1866//3493 1697//3493 1868//3493
f  1868//3494 1697//3494 1705//3494
f  1868//3495 1705//3495 1870//3495
f  1870//3496 1705//3496 1804//3496
f  1870//3497 1804//3497 1872//3497
f  1872//3498 1804//3498 1698//3498
f  1872//3499 1698//3499 1876//3499
f  1876//3500 1698//3500 1805//3500
f  1876//3501 1805//3501 1878//3501
f  1878//3502 1805//3502 1808//3502
f  1844//3503 1888//3503 1748//3503
f  1844//3504 1748//3504 1747//3504
f  1831//3505 1811//3505 1754//3505
f  1905//3506 1797//3506 1796//3506
f  1905//3507 1796//3507 1907//3507
f  1907//3508 1796//3508 1798//3508
f  1907//3509 1798//3509 1909//3509
f  1909//3510 1798//3510 1633//3510
f  1909//3511 1633//3511 1632//3511
f  1847//3512 1910//3512 1632//3512
f  1847//3513 1632//3513 1636//3513
f  1912//3514 1829//3514 1604//3514
f  1604//3515 1829//3515 1605//3515
f  1604//3516 1602//3516 1912//3516
f  1912//3517 1602//3517 1913//3517
f  1602//3518 1914//3518 1913//3518
f  1913//3519 1914//3519 1915//3519
f  1914//3520 1599//3520 1915//3520
f  1602//3521 1601//3521 1914//3521
f  1916//3522 1915//3522 1599//3522
f  1916//3523 1599//3523 1598//3523
f  1914//3524 1601//3524 1599//3524
f  1917//3525 1916//3525 1629//3525
f  1629//3526 1916//3526 1598//3526
f  1911//3527 1917//3527 1629//3527
f  1911//3528 1629//3528 1631//3528
f  1854//3529 1918//3529 1852//3529
f  1852//3530 1918//3530 1919//3530
f  1852//3531 1919//3531 1850//3531
f  1850//3532 1919//3532 1851//3532
f  1851//3533 1919//3533 1920//3533
f  1851//3534 1920//3534 1848//3534
f  1848//3535 1920//3535 1921//3535
f  1848//3536 1921//3536 1849//3536
f  1849//3537 1921//3537 1922//3537
f  1849//3538 1922//3538 1923//3538
f  1849//3539 1923//3539 1911//3539
f  1911//3540 1923//3540 1917//3540
f  1917//3541 1923//3541 1924//3541
f  1917//3542 1924//3542 1916//3542
f  1916//3543 1924//3543 1925//3543
f  1916//3544 1925//3544 1915//3544
f  1915//3545 1925//3545 1926//3545
f  1915//3546 1926//3546 1913//3546
f  1913//3547 1926//3547 1927//3547
f  1913//3548 1927//3548 1928//3548
f  1913//3549 1928//3549 1912//3549
f  1912//3550 1928//3550 1829//3550
f  1829//3551 1928//3551 1929//3551
f  1829//3552 1929//3552 1930//3552
f  1829//3553 1930//3553 1830//3553
f  1830//3554 1930//3554 1931//3554
f  1830//3555 1931//3555 1835//3555
f  1835//3556 1931//3556 1841//3556
f  1841//3557 1931//3557 1932//3557
f  1841//3558 1932//3558 1846//3558
f  1846//3559 1932//3559 1933//3559
f  1846//3560 1933//3560 1847//3560
f  1847//3561 1933//3561 1934//3561
f  1847//3562 1934//3562 1910//3562
f  1910//3563 1934//3563 1935//3563
f  1910//3564 1935//3564 1908//3564
f  1908//3565 1935//3565 1936//3565
f  1908//3566 1936//3566 1937//3566
f  1908//3567 1937//3567 1906//3567
f  1906//3568 1937//3568 1904//3568
f  1904//3569 1937//3569 1938//3569
f  1904//3570 1938//3570 1903//3570
f  1903//3571 1938//3571 1939//3571
f  1903//3572 1939//3572 1902//3572
f  1902//3573 1939//3573 1940//3573
f  1902//3574 1940//3574 1941//3574
f  1902//3575 1941//3575 1901//3575
f  1901//3576 1941//3576 1898//3576
f  1898//3577 1941//3577 1942//3577
f  1898//3578 1942//3578 1899//3578
f  1899//3579 1942//3579 1943//3579
f  1899//3580 1943//3580 1900//3580
f  1900//3581 1943//3581 1944//3581
f  1900//3582 1944//3582 1833//3582
f  1833//3583 1944//3583 1945//3583
f  1833//3584 1945//3584 1834//3584
f  1834//3585 1945//3585 1946//3585
f  1834//3586 1946//3586 1840//3586
f  1840//3587 1946//3587 1947//3587
f  1840//3588 1947//3588 1845//3588
f  1845//3589 1947//3589 1948//3589
f  1845//3590 1948//3590 1897//3590
f  1897//3591 1948//3591 1949//3591
f  1897//3592 1949//3592 1896//3592
f  1896//3593 1949//3593 1950//3593
f  1896//3594 1950//3594 1895//3594
f  1895//3595 1950//3595 1951//3595
f  1895//3596 1951//3596 1894//3596
f  1894//3597 1951//3597 1952//3597
f  1894//3598 1952//3598 1893//3598
f  1893//3599 1952//3599 1953//3599
f  1893//3600 1953//3600 1892//3600
f  1892//3601 1953//3601 1954//3601
f  1892//3602 1954//3602 1891//3602
f  1891//3603 1954//3603 1955//3603
f  1891//3604 1955//3604 1890//3604
f  1890//3605 1955//3605 1956//3605
f  1890//3606 1956//3606 1889//3606
f  1889//3607 1956//3607 1957//3607
f  1889//3608 1957//3608 1827//3608
f  1827//3609 1957//3609 1958//3609
f  1827//3610 1958//3610 1828//3610
f  1828//3611 1958//3611 1959//3611
f  1828//3612 1959//3612 1832//3612
f  1832//3613 1959//3613 1960//3613
f  1832//3614 1960//3614 1839//3614
f  1839//3615 1960//3615 1961//3615
f  1839//3616 1961//3616 1844//3616
f  1844//3617 1961//3617 1962//3617
f  1844//3618 1962//3618 1888//3618
f  1888//3619 1962//3619 1963//3619
f  1888//3620 1963//3620 1887//3620
f  1887//3621 1963//3621 1964//3621
f  1887//3622 1964//3622 1886//3622
f  1886//3623 1964//3623 1965//3623
f  1886//3624 1965//3624 1966//3624
f  1886//3625 1966//3625 1884//3625
f  1884//3626 1966//3626 1885//3626
f  1885//3627 1966//3627 1967//3627
f  1885//3628 1967//3628 1968//3628
f  1885//3629 1968//3629 1883//3629
f  1883//3630 1968//3630 1969//3630
f  1883//3631 1969//3631 1882//3631
f  1882//3632 1969//3632 1881//3632
f  1881//3633 1969//3633 1970//3633
f  1881//3634 1970//3634 1880//3634
f  1880//3635 1970//3635 1971//3635
f  1880//3636 1971//3636 1879//3636
f  1879//3637 1971//3637 1972//3637
f  1879//3638 1972//3638 1877//3638
f  1877//3639 1972//3639 1973//3639
f  1877//3640 1973//3640 1873//3640
f  1873//3641 1973//3641 1974//3641
f  1873//3642 1974//3642 1874//3642
f  1874//3643 1974//3643 1975//3643
f  1874//3644 1975//3644 1875//3644
f  1875//3645 1975//3645 1976//3645
f  1875//3646 1976//3646 1871//3646
f  1871//3647 1976//3647 1977//3647
f  1871//3648 1977//3648 1869//3648
f  1869//3649 1977//3649 1978//3649
f  1869//3650 1978//3650 1979//3650
f  1869//3651 1979//3651 1867//3651
f  1867//3652 1979//3652 1864//3652
f  1864//3653 1979//3653 1980//3653
f  1864//3654 1980//3654 1865//3654
f  1865//3655 1980//3655 1981//3655
f  1865//3656 1981//3656 1863//3656
f  1863//3657 1981//3657 1982//3657
f  1863//3658 1982//3658 1861//3658
f  1861//3659 1982//3659 1983//3659
f  1861//3660 1983//3660 1837//3660
f  1837//3661 1983//3661 1984//3661
f  1837//3662 1984//3662 1838//3662
f  1838//3663 1984//3663 1985//3663
f  1838//3664 1985//3664 1843//3664
f  1843//3665 1985//3665 1986//3665
f  1843//3666 1986//3666 1859//3666
f  1859//3667 1986//3667 1987//3667
f  1859//3668 1987//3668 1860//3668
f  1860//3669 1987//3669 1988//3669
f  1860//3670 1988//3670 1857//3670
f  1857//3671 1988//3671 1989//3671
f  1857//3672 1989//3672 1858//3672
f  1858//3673 1989//3673 1990//3673
f  1858//3674 1990//3674 1855//3674
f  1855//3675 1990//3675 1991//3675
f  1855//3676 1991//3676 1856//3676
f  1856//3677 1991//3677 1992//3677
f  1856//3678 1992//3678 1993//3678
f  1856//3679 1993//3679 1853//3679
f  1853//3680 1993//3680 1854//3680
f  1854//3681 1993//3681 1918//3681
f  1994//3682 1939//3682 1938//3682
f  1995//3683 1919//3683 1918//3683
f  1996//3684 1994//3684 1938//3684
f  1996//3685 1938//3685 1937//3685
f  1997//3686 1995//3686 1918//3686
f  1997//3687 1918//3687 1993//3687
f  1936//3688 1996//3688 1937//3688
f  1998//3689 1963//3689 1962//3689
f  1992//3690 1997//3690 1993//3690
f  1999//3691 1936//3691 1935//3691
f  2000//3692 1998//3692 1961//3692
f  1961//3693 1998//3693 1962//3693
f  2001//3694 1992//3694 1991//3694
f  2002//3695 1999//3695 1935//3695
f  2002//3696 1935//3696 1934//3696
f  2003//3697 2000//3697 1961//3697
f  2003//3698 1961//3698 1960//3698
f  2004//3699 2001//3699 1991//3699
f  2004//3700 1991//3700 1990//3700
f  2005//3701 2004//3701 1990//3701
f  2005//3702 1990//3702 1989//3702
f  1925//3703 1924//3703 2006//3703
f  1925//3704 2006//3704 2007//3704
f  1927//3705 1926//3705 2008//3705
f  1927//3706 2008//3706 2009//3706
f  1929//3707 1928//3707 2010//3707
f  1929//3708 2010//3708 2011//3708
f  1931//3709 1930//3709 2012//3709
f  1931//3710 2012//3710 2013//3710
f  1933//3711 1932//3711 2014//3711
f  1933//3712 2014//3712 2015//3712
f  1940//3713 1939//3713 2016//3713
f  2016//3714 1939//3714 1994//3714
f  1996//3715 1936//3715 2017//3715
f  2017//3716 1936//3716 1999//3716
f  1941//3717 1940//3717 2018//3717
f  2018//3718 1940//3718 2016//3718
f  1942//3719 1941//3719 2019//3719
f  2019//3720 1941//3720 2018//3720
f  1943//3721 1942//3721 2020//3721
f  2020//3722 1942//3722 2019//3722
f  1944//3723 1943//3723 2021//3723
f  2021//3724 1943//3724 2020//3724
f  1945//3725 1944//3725 2022//3725
f  2022//3726 1944//3726 2021//3726
f  1946//3727 1945//3727 2023//3727
f  2023//3728 1945//3728 2022//3728
f  1947//3729 1946//3729 2024//3729
f  2024//3730 1946//3730 2023//3730
f  1948//3731 1947//3731 2025//3731
f  2025//3732 1947//3732 2024//3732
f  1949//3733 1948//3733 2026//3733
f  2026//3734 1948//3734 2025//3734
f  1950//3735 1949//3735 2027//3735
f  2027//3736 1949//3736 2026//3736
f  1951//3737 1950//3737 2028//3737
f  2028//3738 1950//3738 2027//3738
f  1952//3739 1951//3739 2029//3739
f  2029//3740 1951//3740 2028//3740
f  1953//3741 1952//3741 2030//3741
f  2030//3742 1952//3742 2029//3742
f  1954//3743 1953//3743 2031//3743
f  2031//3744 1953//3744 2030//3744
f  1955//3745 1954//3745 2032//3745
f  2032//3746 1954//3746 2031//3746
f  1956//3747 1955//3747 2033//3747
f  2033//3748 1955//3748 2032//3748
f  1957//3749 1956//3749 2034//3749
f  2034//3750 1956//3750 2033//3750
f  2034//3751 2035//3751 1957//3751
f  1957//3752 2035//3752 1958//3752
f  1958//3753 2036//3753 1959//3753
f  2035//3754 2037//3754 1958//3754
f  1958//3755 2037//3755 2036//3755
f  1964//3756 1963//3756 2038//3756
f  2038//3757 1963//3757 1998//3757
f  1965//3758 1964//3758 2039//3758
f  2039//3759 1964//3759 2038//3759
f  1966//3760 1965//3760 2040//3760
f  2040//3761 1965//3761 2039//3761
f  1967//3762 1966//3762 2041//3762
f  2041//3763 1966//3763 2040//3763
f  1968//3764 1967//3764 2042//3764
f  2042//3765 1967//3765 2041//3765
f  1969//3766 1968//3766 2043//3766
f  2043//3767 1968//3767 2042//3767
f  1970//3768 1969//3768 2044//3768
f  2044//3769 1969//3769 2043//3769
f  1971//3770 1970//3770 2045//3770
f  2045//3771 1970//3771 2044//3771
f  1976//3772 1975//3772 2046//3772
f  2046//3773 1975//3773 1974//3773
f  1972//3774 1971//3774 2047//3774
f  2047//3775 1971//3775 2045//3775
f  1973//3776 1972//3776 2048//3776
f  2048//3777 1972//3777 2047//3777
f  1978//3778 1977//3778 2049//3778
f  2049//3779 1977//3779 1976//3779
f  1974//3780 1973//3780 2050//3780
f  2050//3781 1973//3781 2048//3781
f  2046//3782 1974//3782 2051//3782
f  2051//3783 1974//3783 2050//3783
f  1980//3784 1979//3784 2052//3784
f  2052//3785 1979//3785 1978//3785
f  1981//3786 1980//3786 2053//3786
f  2053//3787 1980//3787 2052//3787
f  2049//3788 1976//3788 2054//3788
f  2054//3789 1976//3789 2046//3789
f  1983//3790 1982//3790 2055//3790
f  2055//3791 1982//3791 1981//3791
f  2052//3792 1978//3792 2056//3792
f  2056//3793 1978//3793 2049//3793
f  1984//3794 1983//3794 2057//3794
f  2057//3795 1983//3795 2055//3795
f  2053//3796 2058//3796 1981//3796
f  1981//3797 2058//3797 2055//3797
f  2057//3798 2059//3798 1984//3798
f  1984//3799 2059//3799 1985//3799
f  1986//3800 2060//3800 1987//3800
f  2059//3801 2061//3801 1985//3801
f  1985//3802 2061//3802 1986//3802
f  2061//3803 2062//3803 1986//3803
f  1986//3804 2062//3804 2060//3804
f  1988//3805 1987//3805 2060//3805
f  1988//3806 2060//3806 2063//3806
f  2064//3807 2006//3807 1924//3807
f  2064//3808 1924//3808 1923//3808
f  2007//3809 2008//3809 1926//3809
f  2007//3810 1926//3810 1925//3810
f  2009//3811 2010//3811 1928//3811
f  2009//3812 1928//3812 1927//3812
f  2011//3813 2012//3813 1930//3813
f  2011//3814 1930//3814 1929//3814
f  2013//3815 2014//3815 1932//3815
f  2013//3816 1932//3816 1931//3816
f  2015//3817 2002//3817 1934//3817
f  2015//3818 1934//3818 1933//3818
f  2015//3819 2065//3819 2002//3819
f  2002//3820 2065//3820 2066//3820
f  2002//3821 2066//3821 1999//3821
f  1999//3822 2066//3822 2067//3822
f  1999//3823 2067//3823 2017//3823
f  2017//3824 2067//3824 2068//3824
f  2017//3825 2068//3825 1996//3825
f  1996//3826 2068//3826 2069//3826
f  1996//3827 2069//3827 1994//3827
f  1994//3828 2069//3828 2070//3828
f  1994//3829 2070//3829 2016//3829
f  2016//3830 2070//3830 2071//3830
f  2016//3831 2071//3831 2018//3831
f  2018//3832 2071//3832 2072//3832
f  2018//3833 2072//3833 2019//3833
f  2019//3834 2072//3834 2073//3834
f  2019//3835 2073//3835 2020//3835
f  2020//3836 2073//3836 2074//3836
f  2020//3837 2074//3837 2021//3837
f  2021//3838 2074//3838 2075//3838
f  2021//3839 2075//3839 2022//3839
f  2022//3840 2075//3840 2023//3840
f  2023//3841 2076//3841 2024//3841
f  2024//3842 2076//3842 2025//3842
f  1960//3843 1959//3843 2036//3843
f  1960//3844 2036//3844 2003//3844
f  2003//3845 2036//3845 2077//3845
f  2003//3846 2077//3846 2000//3846
f  1998//3847 2000//3847 2038//3847
f  2057//3848 2055//3848 2078//3848
f  2057//3849 2078//3849 2059//3849
f  2061//3850 2059//3850 2079//3850
f  2061//3851 2079//3851 2062//3851
f  2062//3852 2079//3852 2080//3852
f  2062//3853 2080//3853 2060//3853
f  2063//3854 2060//3854 2081//3854
f  2063//3855 2081//3855 2005//3855
f  1989//3856 1988//3856 2063//3856
f  1989//3857 2063//3857 2005//3857
f  2001//3858 2082//3858 1992//3858
f  1992//3859 2082//3859 1997//3859
f  1995//3860 2083//3860 1919//3860
f  1919//3861 2083//3861 1920//3861
f  2083//3862 2084//3862 1920//3862
f  1921//3863 1920//3863 2084//3863
f  1921//3864 2084//3864 2085//3864
f  1922//3865 1921//3865 2085//3865
f  1922//3866 2085//3866 2086//3866
f  1923//3867 1922//3867 2086//3867
f  1923//3868 2086//3868 2064//3868
f  2007//3869 2006//3869 2087//3869
f  2009//3870 2008//3870 2088//3870
f  2088//3871 2008//3871 2007//3871
f  2089//3872 2010//3872 2009//3872
f  2013//3873 2012//3873 2090//3873
f  2090//3874 2012//3874 2011//3874
f  2065//3875 2015//3875 2091//3875
f  2033//3876 2032//3876 2092//3876
f  2086//3877 2093//3877 2064//3877
f  2060//3878 2080//3878 2094//3878
f  2081//3879 2060//3879 2094//3879
f  2005//3880 2081//3880 2095//3880
f  2095//3881 2081//3881 2096//3881
f  2004//3882 2005//3882 2097//3882
f  2097//3883 2005//3883 2095//3883
f  2097//3884 2095//3884 2096//3884
f  2097//3885 2096//3885 2098//3885
f  2001//3886 2004//3886 2099//3886
f  2099//3887 2004//3887 2097//3887
f  2099//3888 2097//3888 2100//3888
f  2100//3889 2097//3889 2098//3889
f  2082//3890 2001//3890 2101//3890
f  2101//3891 2001//3891 2099//3891
f  2101//3892 2099//3892 2102//3892
f  2102//3893 2099//3893 2100//3893
f  1997//3894 2082//3894 2103//3894
f  2103//3895 2082//3895 2101//3895
f  2103//3896 2101//3896 2104//3896
f  2104//3897 2101//3897 2102//3897
f  2104//3898 2102//3898 2105//3898
f  1995//3899 1997//3899 2103//3899
f  1995//3900 2103//3900 2106//3900
f  2106//3901 2103//3901 2104//3901
f  2106//3902 2104//3902 2107//3902
f  2107//3903 2104//3903 2105//3903
f  2083//3904 1995//3904 2108//3904
f  2108//3905 1995//3905 2106//3905
f  2108//3906 2106//3906 2109//3906
f  2109//3907 2106//3907 2110//3907
f  2110//3908 2106//3908 2107//3908
f  2084//3909 2083//3909 2111//3909
f  2111//3910 2083//3910 2108//3910
f  2111//3911 2108//3911 2109//3911
f  2111//3912 2109//3912 2112//3912
f  2112//3913 2109//3913 2110//3913
f  2112//3914 2110//3914 2113//3914
f  2085//3915 2084//3915 2114//3915
f  2114//3916 2084//3916 2111//3916
f  2114//3917 2111//3917 2115//3917
f  2115//3918 2111//3918 2112//3918
f  2115//3919 2112//3919 2116//3919
f  2116//3920 2112//3920 2113//3920
f  2086//3921 2085//3921 2093//3921
f  2093//3922 2085//3922 2114//3922
f  2093//3923 2114//3923 2117//3923
f  2117//3924 2114//3924 2115//3924
f  2117//3925 2115//3925 2118//3925
f  2118//3926 2115//3926 2116//3926
f  2119//3927 2120//3927 2121//3927
f  2119//3928 2121//3928 2122//3928
f  2123//3929 2120//3929 2119//3929
f  2124//3930 2125//3930 2126//3930
f  2124//3931 2126//3931 2127//3931
f  2128//3932 2129//3932 2125//3932
f  2128//3933 2125//3933 2124//3933
f  2130//3934 2131//3934 2132//3934
f  2130//3935 2132//3935 2133//3935
f  2006//3936 2123//3936 2087//3936
f  2088//3937 2134//3937 2129//3937
f  2088//3938 2129//3938 2128//3938
f  2089//3939 2128//3939 2124//3939
f  2089//3940 2124//3940 2135//3940
f  2136//3941 2135//3941 2137//3941
f  2136//3942 2137//3942 2138//3942
f  2138//3943 2137//3943 2131//3943
f  2138//3944 2131//3944 2130//3944
f  2139//3945 2130//3945 2133//3945
f  2139//3946 2133//3946 2140//3946
f  2007//3947 2087//3947 2134//3947
f  2141//3948 2089//3948 2135//3948
f  2141//3949 2135//3949 2136//3949
f  2009//3950 2088//3950 2128//3950
f  2142//3951 2138//3951 2130//3951
f  2142//3952 2130//3952 2139//3952
f  2143//3953 2144//3953 2145//3953
f  2143//3954 2145//3954 2146//3954
f  2009//3955 2128//3955 2089//3955
f  2090//3956 2141//3956 2136//3956
f  2090//3957 2136//3957 2138//3957
f  2147//3958 2143//3958 2146//3958
f  2147//3959 2146//3959 2148//3959
f  2065//3960 2091//3960 2144//3960
f  2065//3961 2144//3961 2143//3961
f  2149//3962 2147//3962 2148//3962
f  2149//3963 2148//3963 2150//3963
f  2015//3964 2014//3964 2091//3964
f  2151//3965 2152//3965 2153//3965
f  2151//3966 2153//3966 2154//3966
f  2069//3967 2068//3967 2155//3967
f  2069//3968 2155//3968 2156//3968
f  2157//3969 2158//3969 2159//3969
f  2157//3970 2159//3970 2160//3970
f  2073//3971 2072//3971 2161//3971
f  2073//3972 2161//3972 2074//3972
f  2162//3973 2075//3973 2158//3973
f  2162//3974 2158//3974 2157//3974
f  2163//3975 2164//3975 2165//3975
f  2163//3976 2165//3976 2166//3976
f  2166//3977 2165//3977 2167//3977
f  2166//3978 2167//3978 2168//3978
f  2169//3979 2076//3979 2164//3979
f  2169//3980 2164//3980 2163//3980
f  2170//3981 2166//3981 2168//3981
f  2170//3982 2168//3982 2171//3982
f  2026//3983 2025//3983 2172//3983
f  2026//3984 2172//3984 2173//3984
f  2174//3985 2170//3985 2171//3985
f  2174//3986 2171//3986 2175//3986
f  2176//3987 2177//3987 2178//3987
f  2176//3988 2178//3988 2179//3988
f  2179//3989 2178//3989 2180//3989
f  2179//3990 2180//3990 2181//3990
f  2027//3991 2026//3991 2173//3991
f  2027//3992 2173//3992 2170//3992
f  2182//3993 2175//3993 2183//3993
f  2182//3994 2183//3994 2184//3994
f  2185//3995 2179//3995 2181//3995
f  2185//3996 2181//3996 2186//3996
f  2029//3997 2028//3997 2174//3997
f  2029//3998 2174//3998 2175//3998
f  2187//3999 2092//3999 2188//3999
f  2187//4000 2188//4000 2177//4000
f  2189//4001 2185//4001 2186//4001
f  2189//4002 2186//4002 2190//4002
f  2190//4003 2186//4003 2191//4003
f  2190//4004 2191//4004 2192//4004
f  2030//4005 2029//4005 2175//4005
f  2030//4006 2175//4006 2182//4006
f  2193//4007 2187//4007 2177//4007
f  2193//4008 2177//4008 2176//4008
f  2032//4009 2031//4009 2092//4009
f  2194//4010 2195//4010 2185//4010
f  2194//4011 2185//4011 2189//4011
f  2196//4012 2190//4012 2192//4012
f  2196//4013 2192//4013 2197//4013
f  2198//4014 2197//4014 2199//4014
f  2198//4015 2199//4015 2200//4015
f  2035//4016 2034//4016 2201//4016
f  2035//4017 2201//4017 2195//4017
f  2202//4018 2077//4018 2190//4018
f  2202//4019 2190//4019 2196//4019
f  2203//4020 2196//4020 2197//4020
f  2203//4021 2197//4021 2198//4021
f  2036//4022 2194//4022 2077//4022
f  2204//4023 2205//4023 2206//4023
f  2204//4024 2206//4024 2207//4024
f  2039//4025 2038//4025 2203//4025
f  2039//4026 2203//4026 2208//4026
f  2209//4027 2210//4027 2211//4027
f  2209//4028 2211//4028 2212//4028
f  2213//4029 2214//4029 2215//4029
f  2213//4030 2215//4030 2216//4030
f  2041//4031 2040//4031 2217//4031
f  2041//4032 2217//4032 2210//4032
f  2218//4033 2219//4033 2220//4033
f  2218//4034 2220//4034 2204//4034
f  2221//4035 2222//4035 2223//4035
f  2221//4036 2223//4036 2224//4036
f  2042//4037 2041//4037 2210//4037
f  2042//4038 2210//4038 2209//4038
f  2225//4039 2218//4039 2204//4039
f  2225//4040 2204//4040 2214//4040
f  2226//4041 2224//4041 2227//4041
f  2226//4042 2227//4042 2228//4042
f  2044//4043 2043//4043 2219//4043
f  2044//4044 2219//4044 2218//4044
f  2229//4045 2230//4045 2213//4045
f  2229//4046 2213//4046 2222//4046
f  2231//4047 2221//4047 2224//4047
f  2231//4048 2224//4048 2226//4048
f  2045//4049 2044//4049 2218//4049
f  2045//4050 2218//4050 2225//4050
f  2232//4051 2229//4051 2222//4051
f  2232//4052 2222//4052 2221//4052
f  2233//4053 2234//4053 2235//4053
f  2233//4054 2235//4054 2236//4054
f  2048//4055 2047//4055 2230//4055
f  2048//4056 2230//4056 2229//4056
f  2237//4057 2238//4057 2239//4057
f  2237//4058 2239//4058 2240//4058
f  2241//4059 2236//4059 2242//4059
f  2241//4060 2242//4060 2243//4060
f  2046//4061 2051//4061 2244//4061
f  2046//4062 2244//4062 2231//4062
f  2245//4063 2237//4063 2240//4063
f  2245//4064 2240//4064 2233//4064
f  2056//4065 2049//4065 2237//4065
f  2056//4066 2237//4066 2245//4066
f  2246//4067 2247//4067 2241//4067
f  2246//4068 2241//4068 2248//4068
f  2249//4069 2250//4069 2251//4069
f  2249//4070 2251//4070 2252//4070
f  2253//4071 2252//4071 2254//4071
f  2253//4072 2254//4072 2255//4072
f  2058//4073 2053//4073 2247//4073
f  2058//4074 2247//4074 2246//4074
f  2080//4075 2249//4075 2252//4075
f  2080//4076 2252//4076 2253//4076
f  2096//4077 2256//4077 2257//4077
f  2096//4078 2257//4078 2258//4078
f  2079//4079 2259//4079 2249//4079
f  2079//4080 2249//4080 2080//4080
f  2094//4081 2080//4081 2253//4081
f  2094//4082 2253//4082 2256//4082
f  2100//4083 2098//4083 2260//4083
f  2100//4084 2260//4084 2261//4084
f  2059//4085 2078//4085 2259//4085
f  2059//4086 2259//4086 2079//4086
f  2081//4087 2094//4087 2256//4087
f  2081//4088 2256//4088 2096//4088
f  2102//4089 2100//4089 2261//4089
f  2102//4090 2261//4090 2105//4090
f  2262//4091 2121//4091 2120//4091
f  2263//4092 2119//4092 2122//4092
f  2263//4093 2122//4093 2129//4093
f  2129//4094 2122//4094 2264//4094
f  2129//4095 2264//4095 2125//4095
f  2125//4096 2264//4096 2265//4096
f  2125//4097 2265//4097 2126//4097
f  2087//4098 2123//4098 2119//4098
f  2087//4099 2119//4099 2263//4099
f  2135//4100 2124//4100 2127//4100
f  2135//4101 2127//4101 2137//4101
f  2137//4102 2127//4102 2266//4102
f  2137//4103 2266//4103 2131//4103
f  2134//4104 2087//4104 2263//4104
f  2134//4105 2263//4105 2129//4105
f  2140//4106 2145//4106 2144//4106
f  2140//4107 2144//4107 2139//4107
f  2134//4108 2088//4108 2007//4108
f  2139//4109 2144//4109 2091//4109
f  2139//4110 2091//4110 2142//4110
f  2138//4111 2142//4111 2267//4111
f  2138//4112 2267//4112 2090//4112
f  2141//4113 2090//4113 2011//4113
f  2141//4114 2011//4114 2089//4114
f  2089//4115 2011//4115 2010//4115
f  2013//4116 2090//4116 2267//4116
f  2066//4117 2065//4117 2143//4117
f  2066//4118 2143//4118 2147//4118
f  2155//4119 2149//4119 2150//4119
f  2155//4120 2150//4120 2268//4120
f  2152//4121 2268//4121 2269//4121
f  2152//4122 2269//4122 2153//4122
f  2268//4123 2152//4123 2156//4123
f  2268//4124 2156//4124 2155//4124
f  2147//4125 2149//4125 2067//4125
f  2147//4126 2067//4126 2066//4126
f  2142//4127 2091//4127 2014//4127
f  2142//4128 2014//4128 2267//4128
f  2267//4129 2014//4129 2013//4129
f  2270//4130 2159//4130 2158//4130
f  2270//4131 2158//4131 2271//4131
f  2271//4132 2158//4132 2272//4132
f  2271//4133 2272//4133 2273//4133
f  2273//4134 2272//4134 2274//4134
f  2273//4135 2274//4135 2154//4135
f  2154//4136 2274//4136 2161//4136
f  2154//4137 2161//4137 2151//4137
f  2149//4138 2155//4138 2068//4138
f  2149//4139 2068//4139 2067//4139
f  2070//4140 2069//4140 2156//4140
f  2070//4141 2156//4141 2152//4141
f  2072//4142 2152//4142 2151//4142
f  2072//4143 2151//4143 2161//4143
f  2071//4144 2070//4144 2152//4144
f  2071//4145 2152//4145 2072//4145
f  2164//4146 2157//4146 2160//4146
f  2164//4147 2160//4147 2165//4147
f  2272//4148 2158//4148 2075//4148
f  2272//4149 2075//4149 2274//4149
f  2274//4150 2075//4150 2074//4150
f  2274//4151 2074//4151 2161//4151
f  2076//4152 2162//4152 2157//4152
f  2076//4153 2157//4153 2164//4153
f  2275//4154 2276//4154 2171//4154
f  2275//4155 2171//4155 2168//4155
f  2172//4156 2169//4156 2163//4156
f  2172//4157 2163//4157 2166//4157
f  2183//4158 2276//4158 2277//4158
f  2183//4159 2277//4159 2278//4159
f  2278//4160 2279//4160 2184//4160
f  2278//4161 2184//4161 2183//4161
f  2276//4162 2183//4162 2175//4162
f  2276//4163 2175//4163 2171//4163
f  2166//4164 2170//4164 2173//4164
f  2166//4165 2173//4165 2172//4165
f  2162//4166 2076//4166 2023//4166
f  2162//4167 2023//4167 2075//4167
f  2280//4168 2178//4168 2177//4168
f  2280//4169 2177//4169 2279//4169
f  2279//4170 2177//4170 2188//4170
f  2279//4171 2188//4171 2184//4171
f  2169//4172 2172//4172 2025//4172
f  2169//4173 2025//4173 2076//4173
f  2184//4174 2188//4174 2092//4174
f  2184//4175 2092//4175 2182//4175
f  2170//4176 2174//4176 2028//4176
f  2170//4177 2028//4177 2027//4177
f  2281//4178 2199//4178 2197//4178
f  2281//4179 2197//4179 2192//4179
f  2179//4180 2185//4180 2195//4180
f  2179//4181 2195//4181 2176//4181
f  2176//4182 2195//4182 2201//4182
f  2176//4183 2201//4183 2193//4183
f  2182//4184 2092//4184 2031//4184
f  2182//4185 2031//4185 2030//4185
f  2033//4186 2092//4186 2187//4186
f  2077//4187 2194//4187 2189//4187
f  2077//4188 2189//4188 2190//4188
f  2282//4189 2198//4189 2200//4189
f  2282//4190 2200//4190 2283//4190
f  2193//4191 2201//4191 2034//4191
f  2193//4192 2034//4192 2187//4192
f  2187//4193 2034//4193 2033//4193
f  2037//4194 2035//4194 2195//4194
f  2037//4195 2195//4195 2194//4195
f  2284//4196 2202//4196 2196//4196
f  2284//4197 2196//4197 2203//4197
f  2285//4198 2282//4198 2283//4198
f  2285//4199 2283//4199 2286//4199
f  2212//4200 2286//4200 2287//4200
f  2212//4201 2287//4201 2205//4201
f  2286//4202 2212//4202 2211//4202
f  2286//4203 2211//4203 2285//4203
f  2282//4204 2285//4204 2217//4204
f  2282//4205 2217//4205 2198//4205
f  2198//4206 2217//4206 2208//4206
f  2198//4207 2208//4207 2203//4207
f  2037//4208 2194//4208 2036//4208
f  2000//4209 2077//4209 2202//4209
f  2000//4210 2202//4210 2284//4210
f  2220//4211 2212//4211 2205//4211
f  2220//4212 2205//4212 2204//4212
f  2207//4213 2215//4213 2214//4213
f  2207//4214 2214//4214 2204//4214
f  2285//4215 2211//4215 2210//4215
f  2285//4216 2210//4216 2217//4216
f  2284//4217 2203//4217 2038//4217
f  2284//4218 2038//4218 2000//4218
f  2216//4219 2223//4219 2222//4219
f  2216//4220 2222//4220 2213//4220
f  2212//4221 2220//4221 2219//4221
f  2212//4222 2219//4222 2209//4222
f  2208//4223 2217//4223 2040//4223
f  2208//4224 2040//4224 2039//4224
f  2228//4225 2234//4225 2239//4225
f  2228//4226 2239//4226 2226//4226
f  2214//4227 2213//4227 2230//4227
f  2214//4228 2230//4228 2225//4228
f  2209//4229 2219//4229 2043//4229
f  2209//4230 2043//4230 2042//4230
f  2234//4231 2233//4231 2240//4231
f  2234//4232 2240//4232 2239//4232
f  2226//4233 2239//4233 2238//4233
f  2226//4234 2238//4234 2231//4234
f  2221//4235 2231//4235 2244//4235
f  2221//4236 2244//4236 2232//4236
f  2225//4237 2230//4237 2047//4237
f  2225//4238 2047//4238 2045//4238
f  2050//4239 2048//4239 2229//4239
f  2050//4240 2229//4240 2232//4240
f  2288//4241 2233//4241 2236//4241
f  2288//4242 2236//4242 2241//4242
f  2289//4243 2241//4243 2243//4243
f  2289//4244 2243//4244 2290//4244
f  2290//4245 2251//4245 2250//4245
f  2290//4246 2250//4246 2289//4246
f  2232//4247 2244//4247 2051//4247
f  2232//4248 2051//4248 2050//4248
f  2054//4249 2046//4249 2231//4249
f  2054//4250 2231//4250 2238//4250
f  2291//4251 2245//4251 2233//4251
f  2291//4252 2233//4252 2288//4252
f  2252//4253 2251//4253 2292//4253
f  2252//4254 2292//4254 2254//4254
f  2289//4255 2250//4255 2248//4255
f  2289//4256 2248//4256 2241//4256
f  2288//4257 2241//4257 2247//4257
f  2288//4258 2247//4258 2291//4258
f  2238//4259 2237//4259 2049//4259
f  2238//4260 2049//4260 2054//4260
f  2052//4261 2056//4261 2245//4261
f  2052//4262 2245//4262 2291//4262
f  2255//4263 2257//4263 2256//4263
f  2255//4264 2256//4264 2253//4264
f  2250//4265 2249//4265 2259//4265
f  2250//4266 2259//4266 2248//4266
f  2291//4267 2247//4267 2053//4267
f  2291//4268 2053//4268 2052//4268
f  2258//4269 2260//4269 2098//4269
f  2258//4270 2098//4270 2096//4270
f  2248//4271 2259//4271 2078//4271
f  2248//4272 2078//4272 2246//4272
f  2246//4273 2078//4273 2055//4273
f  2246//4274 2055//4274 2058//4274
f  2006//4275 2064//4275 2123//4275
f  2123//4276 2064//4276 2093//4276
f  2123//4277 2093//4277 2117//4277
f  2123//4278 2117//4278 2120//4278
f  2120//4279 2117//4279 2118//4279
f  2120//4280 2118//4280 2262//4280
f  2148//4281 2293//4281 2150//4281
f  2150//4282 2293//4282 2294//4282
f  2150//4283 2294//4283 2268//4283
f  2268//4284 2294//4284 2295//4284
f  2268//4285 2295//4285 2269//4285
f  2269//4286 2295//4286 2296//4286
f  2269//4287 2296//4287 2153//4287
f  2153//4288 2296//4288 2297//4288
f  2153//4289 2297//4289 2154//4289
f  2154//4290 2297//4290 2298//4290
f  2154//4291 2298//4291 2299//4291
f  2154//4292 2299//4292 2273//4292
f  2273//4293 2299//4293 2271//4293
f  2271//4294 2299//4294 2300//4294
f  2271//4295 2300//4295 2270//4295
f  2270//4296 2300//4296 2301//4296
f  2270//4297 2301//4297 2159//4297
f  2159//4298 2301//4298 2302//4298
f  2159//4299 2302//4299 2303//4299
f  2159//4300 2303//4300 2160//4300
f  2160//4301 2303//4301 2165//4301
f  2165//4302 2303//4302 2304//4302
f  2165//4303 2304//4303 2167//4303
f  2167//4304 2304//4304 2305//4304
f  2167//4305 2305//4305 2306//4305
f  2167//4306 2306//4306 2168//4306
f  2168//4307 2306//4307 2275//4307
f  2275//4308 2306//4308 2307//4308
f  2275//4309 2307//4309 2276//4309
f  2276//4310 2307//4310 2308//4310
f  2276//4311 2308//4311 2277//4311
f  2277//4312 2308//4312 2309//4312
f  2277//4313 2309//4313 2278//4313
f  2278//4314 2309//4314 2310//4314
f  2278//4315 2310//4315 2279//4315
f  2279//4316 2310//4316 2311//4316
f  2279//4317 2311//4317 2312//4317
f  2279//4318 2312//4318 2280//4318
f  2280//4319 2312//4319 2313//4319
f  2280//4320 2313//4320 2178//4320
f  2178//4321 2313//4321 2180//4321
f  2180//4322 2313//4322 2314//4322
f  2180//4323 2314//4323 2181//4323
f  2181//4324 2314//4324 2315//4324
f  2181//4325 2315//4325 2186//4325
f  2186//4326 2315//4326 2316//4326
f  2186//4327 2316//4327 2191//4327
f  2191//4328 2316//4328 2317//4328
f  2191//4329 2317//4329 2192//4329
f  2192//4330 2317//4330 2318//4330
f  2192//4331 2318//4331 2319//4331
f  2192//4332 2319//4332 2281//4332
f  2281//4333 2319//4333 2199//4333
f  2199//4334 2319//4334 2320//4334
f  2199//4335 2320//4335 2200//4335
f  2200//4336 2320//4336 2321//4336
f  2200//4337 2321//4337 2283//4337
f  2283//4338 2321//4338 2322//4338
f  2283//4339 2322//4339 2286//4339
f  2286//4340 2322//4340 2323//4340
f  2286//4341 2323//4341 2287//4341
f  2287//4342 2323//4342 2324//4342
f  2287//4343 2324//4343 2205//4343
f  2205//4344 2324//4344 2325//4344
f  2205//4345 2325//4345 2206//4345
f  2206//4346 2325//4346 2326//4346
f  2206//4347 2326//4347 2207//4347
f  2207//4348 2326//4348 2327//4348
f  2207//4349 2327//4349 2215//4349
f  2215//4350 2327//4350 2328//4350
f  2215//4351 2328//4351 2216//4351
f  2216//4352 2328//4352 2329//4352
f  2216//4353 2329//4353 2223//4353
f  2223//4354 2329//4354 2330//4354
f  2223//4355 2330//4355 2224//4355
f  2224//4356 2330//4356 2331//4356
f  2224//4357 2331//4357 2227//4357
f  2227//4358 2331//4358 2332//4358
f  2227//4359 2332//4359 2333//4359
f  2227//4360 2333//4360 2228//4360
f  2228//4361 2333//4361 2334//4361
f  2228//4362 2334//4362 2234//4362
f  2234//4363 2334//4363 2235//4363
f  2235//4364 2334//4364 2335//4364
f  2235//4365 2335//4365 2236//4365
f  2236//4366 2335//4366 2336//4366
f  2236//4367 2336//4367 2242//4367
f  2242//4368 2336//4368 2337//4368
f  2242//4369 2337//4369 2243//4369
f  2243//4370 2337//4370 2338//4370
f  2243//4371 2338//4371 2290//4371
f  2290//4372 2338//4372 2339//4372
f  2290//4373 2339//4373 2251//4373
f  2251//4374 2339//4374 2340//4374
f  2251//4375 2340//4375 2292//4375
f  2292//4376 2340//4376 2341//4376
f  2292//4377 2341//4377 2254//4377
f  2254//4378 2341//4378 2342//4378
f  2254//4379 2342//4379 2255//4379
f  2255//4380 2342//4380 2343//4380
f  2255//4381 2343//4381 2257//4381
f  2257//4382 2343//4382 2344//4382
f  2257//4383 2344//4383 2258//4383
f  2258//4384 2344//4384 2345//4384
f  2258//4385 2345//4385 2260//4385
f  2260//4386 2345//4386 2346//4386
f  2260//4387 2346//4387 2261//4387
f  2261//4388 2346//4388 2347//4388
f  2261//4389 2347//4389 2105//4389
f  2105//4390 2347//4390 2348//4390
f  2105//4391 2348//4391 2107//4391
f  2107//4392 2348//4392 2349//4392
f  2107//4393 2349//4393 2110//4393
f  2110//4394 2349//4394 2350//4394
f  2110//4395 2350//4395 2113//4395
f  2113//4396 2350//4396 2351//4396
f  2113//4397 2351//4397 2116//4397
f  2116//4398 2351//4398 2352//4398
f  2116//4399 2352//4399 2118//4399
f  2118//4400 2352//4400 2353//4400
f  2118//4401 2353//4401 2262//4401
f  2262//4402 2353//4402 2354//4402
f  2262//4403 2354//4403 2121//4403
f  2121//4404 2354//4404 2355//4404
f  2121//4405 2355//4405 2356//4405
f  2121//4406 2356//4406 2122//4406
f  2122//4407 2356//4407 2264//4407
f  2264//4408 2356//4408 2357//4408
f  2264//4409 2357//4409 2265//4409
f  2265//4410 2357//4410 2358//4410
f  2265//4411 2358//4411 2126//4411
f  2126//4412 2358//4412 2359//4412
f  2126//4413 2359//4413 2360//4413
f  2126//4414 2360//4414 2127//4414
f  2127//4415 2360//4415 2361//4415
f  2127//4416 2361//4416 2266//4416
f  2266//4417 2361//4417 2131//4417
f  2131//4418 2361//4418 2362//4418
f  2131//4419 2362//4419 2132//4419
f  2132//4420 2362//4420 2363//4420
f  2132//4421 2363//4421 2133//4421
f  2133//4422 2363//4422 2364//4422
f  2133//4423 2364//4423 2140//4423
f  2140//4424 2364//4424 2365//4424
f  2140//4425 2365//4425 2145//4425
f  2145//4426 2365//4426 2366//4426
f  2145//4427 2366//4427 2146//4427
f  2146//4428 2366//4428 2367//4428
f  2146//4429 2367//4429 2148//4429
f  2148//4430 2367//4430 2293//4430
f  2354//4431 2368//4431 2355//4431
f  2355//4432 2368//4432 2369//4432
f  2355//4433 2369//4433 2356//4433
f  2356//4434 2369//4434 2370//4434
f  2356//4435 2370//4435 2357//4435
f  2357//4436 2370//4436 2371//4436
f  2357//4437 2371//4437 2358//4437
f  2358//4438 2371//4438 2372//4438
f  2358//4439 2372//4439 2359//4439
f  2362//4440 2361//4440 2373//4440
f  2362//4441 2373//4441 2363//4441
f  2363//4442 2373//4442 2374//4442
f  2363//4443 2374//4443 2364//4443
f  2364//4444 2374//4444 2375//4444
f  2364//4445 2375//4445 2365//4445
f  2365//4446 2375//4446 2376//4446
f  2365//4447 2376//4447 2366//4447
f  2366//4448 2376//4448 2377//4448
f  2366//4449 2377//4449 2367//4449
f  2367//4450 2377//4450 2378//4450
f  2367//4451 2378//4451 2293//4451
f  2293//4452 2378//4452 2379//4452
f  2293//4453 2379//4453 2294//4453
f  2294//4454 2379//4454 2380//4454
f  2294//4455 2380//4455 2295//4455
f  2295//4456 2380//4456 2381//4456
f  2295//4457 2381//4457 2296//4457
f  2296//4458 2381//4458 2382//4458
f  2296//4459 2382//4459 2297//4459
f  2297//4460 2382//4460 2383//4460
f  2297//4461 2383//4461 2298//4461
f  2298//4462 2383//4462 2384//4462
f  2298//4463 2384//4463 2299//4463
f  2299//4464 2384//4464 2385//4464
f  2299//4465 2385//4465 2300//4465
f  2300//4466 2385//4466 2386//4466
f  2300//4467 2386//4467 2301//4467
f  2301//4468 2386//4468 2387//4468
f  2301//4469 2387//4469 2302//4469
f  2302//4470 2387//4470 2388//4470
f  2302//4471 2388//4471 2303//4471
f  2303//4472 2388//4472 2389//4472
f  2303//4473 2389//4473 2304//4473
f  2304//4474 2389//4474 2390//4474
f  2304//4475 2390//4475 2305//4475
f  2306//4476 2305//4476 2391//4476
f  2306//4477 2391//4477 2307//4477
f  2309//4478 2308//4478 2392//4478
f  2309//4479 2392//4479 2310//4479
f  2310//4480 2392//4480 2393//4480
f  2310//4481 2393//4481 2311//4481
f  2311//4482 2393//4482 2394//4482
f  2311//4483 2394//4483 2312//4483
f  2312//4484 2394//4484 2395//4484
f  2312//4485 2395//4485 2313//4485
f  2314//4486 2313//4486 2396//4486
f  2314//4487 2396//4487 2315//4487
f  2315//4488 2396//4488 2397//4488
f  2315//4489 2397//4489 2316//4489
f  2317//4490 2316//4490 2398//4490
f  2317//4491 2398//4491 2318//4491
f  2318//4492 2398//4492 2399//4492
f  2318//4493 2399//4493 2319//4493
f  2319//4494 2399//4494 2400//4494
f  2319//4495 2400//4495 2320//4495
f  2322//4496 2321//4496 2401//4496
f  2322//4497 2401//4497 2323//4497
f  2323//4498 2401//4498 2402//4498
f  2323//4499 2402//4499 2324//4499
f  2324//4500 2402//4500 2403//4500
f  2324//4501 2403//4501 2325//4501
f  2327//4502 2326//4502 2404//4502
f  2327//4503 2404//4503 2328//4503
f  2328//4504 2404//4504 2405//4504
f  2328//4505 2405//4505 2329//4505
f  2329//4506 2405//4506 2406//4506
f  2329//4507 2406//4507 2330//4507
f  2330//4508 2406//4508 2407//4508
f  2330//4509 2407//4509 2331//4509
f  2331//4510 2407//4510 2408//4510
f  2331//4511 2408//4511 2332//4511
f  2335//4512 2334//4512 2409//4512
f  2335//4513 2409//4513 2336//4513
f  2336//4514 2409//4514 2410//4514
f  2336//4515 2410//4515 2337//4515
f  2339//4516 2338//4516 2411//4516
f  2339//4517 2411//4517 2340//4517
f  2340//4518 2411//4518 2412//4518
f  2340//4519 2412//4519 2341//4519
f  2341//4520 2412//4520 2413//4520
f  2341//4521 2413//4521 2342//4521
f  2342//4522 2413//4522 2414//4522
f  2342//4523 2414//4523 2343//4523
f  2343//4524 2414//4524 2415//4524
f  2343//4525 2415//4525 2344//4525
f  2344//4526 2415//4526 2416//4526
f  2344//4527 2416//4527 2345//4527
f  2347//4528 2346//4528 2417//4528
f  2347//4529 2417//4529 2348//4529
f  2348//4530 2417//4530 2418//4530
f  2348//4531 2418//4531 2349//4531
f  2349//4532 2418//4532 2419//4532
f  2349//4533 2419//4533 2350//4533
f  2353//4534 2352//4534 2420//4534
f  2353//4535 2420//4535 2354//4535
f  2354//4536 2420//4536 2368//4536
f  2313//4537 2395//4537 2421//4537
f  2313//4538 2421//4538 2396//4538
f  2316//4539 2397//4539 2422//4539
f  2316//4540 2422//4540 2398//4540
f  2334//4541 2333//4541 2423//4541
f  2334//4542 2423//4542 2409//4542
f  2337//4543 2410//4543 2424//4543
f  2337//4544 2424//4544 2338//4544
f  2338//4545 2424//4545 2425//4545
f  2338//4546 2425//4546 2411//4546
f  2345//4547 2416//4547 2426//4547
f  2345//4548 2426//4548 2346//4548
f  2352//4549 2351//4549 2427//4549
f  2352//4550 2427//4550 2420//4550
f  2325//4551 2403//4551 2428//4551
f  2325//4552 2428//4552 2326//4552
f  2350//4553 2419//4553 2429//4553
f  2350//4554 2429//4554 2351//4554
f  2351//4555 2429//4555 2430//4555
f  2351//4556 2430//4556 2427//4556
f  2359//4557 2372//4557 2431//4557
f  2359//4558 2431//4558 2360//4558
f  2360//4559 2431//4559 2432//4559
f  2360//4560 2432//4560 2361//4560
f  2361//4561 2432//4561 2433//4561
f  2361//4562 2433//4562 2373//4562
f  2305//4563 2390//4563 2434//4563
f  2305//4564 2434//4564 2391//4564
f  2307//4565 2391//4565 2435//4565
f  2307//4566 2435//4566 2308//4566
f  2308//4567 2435//4567 2436//4567
f  2308//4568 2436//4568 2392//4568
f  2320//4569 2400//4569 2437//4569
f  2320//4570 2437//4570 2321//4570
f  2321//4571 2437//4571 2438//4571
f  2321//4572 2438//4572 2401//4572
f  2326//4573 2428//4573 2439//4573
f  2326//4574 2439//4574 2404//4574
f  2332//4575 2408//4575 2440//4575
f  2332//4576 2440//4576 2333//4576
f  2333//4577 2440//4577 2441//4577
f  2333//4578 2441//4578 2423//4578
f  2346//4579 2426//4579 2442//4579
f  2346//4580 2442//4580 2417//4580
f  2368//4581 2420//4581 2443//4581
f  2368//4582 2443//4582 2369//4582
f  2371//4583 2370//4583 2444//4583
f  2371//4584 2444//4584 2372//4584
f  2372//4585 2444//4585 2445//4585
f  2372//4586 2445//4586 2431//4586
f  2373//4587 2433//4587 2446//4587
f  2373//4588 2446//4588 2374//4588
f  2376//4589 2375//4589 2447//4589
f  2376//4590 2447//4590 2377//4590
f  2379//4591 2378//4591 2448//4591
f  2379//4592 2448//4592 2380//4592
f  2380//4593 2448//4593 2449//4593
f  2380//4594 2449//4594 2381//4594
f  2383//4595 2382//4595 2450//4595
f  2383//4596 2450//4596 2384//4596
f  2386//4597 2385//4597 2451//4597
f  2386//4598 2451//4598 2387//4598
f  2387//4599 2451//4599 2452//4599
f  2387//4600 2452//4600 2388//4600
f  2390//4601 2389//4601 2453//4601
f  2390//4602 2453//4602 2434//4602
f  2394//4603 2393//4603 2454//4603
f  2394//4604 2454//4604 2395//4604
f  2395//4605 2454//4605 2455//4605
f  2395//4606 2455//4606 2421//4606
f  2397//4607 2396//4607 2456//4607
f  2397//4608 2456//4608 2422//4608
f  2399//4609 2398//4609 2457//4609
f  2399//4610 2457//4610 2400//4610
f  2400//4611 2457//4611 2458//4611
f  2400//4612 2458//4612 2437//4612
f  2401//4613 2438//4613 2459//4613
f  2401//4614 2459//4614 2402//4614
f  2406//4615 2405//4615 2460//4615
f  2406//4616 2460//4616 2407//4616
f  2407//4617 2460//4617 2461//4617
f  2407//4618 2461//4618 2408//4618
f  2410//4619 2409//4619 2462//4619
f  2410//4620 2462//4620 2424//4620
f  2412//4621 2411//4621 2463//4621
f  2412//4622 2463//4622 2413//4622
f  2415//4623 2414//4623 2464//4623
f  2415//4624 2464//4624 2416//4624
f  2416//4625 2464//4625 2465//4625
f  2416//4626 2465//4626 2426//4626
f  2417//4627 2442//4627 2466//4627
f  2417//4628 2466//4628 2418//4628
f  2467//4629 2377//4629 2468//4629
f  2468//4630 2377//4630 2447//4630
f  2468//4631 2447//4631 2469//4631
f  2469//4632 2447//4632 2375//4632
f  2469//4633 2375//4633 2470//4633
f  2471//4634 2422//4634 2472//4634
f  2472//4635 2422//4635 2456//4635
f  2472//749 2456//749 2473//749
f  2473//4636 2456//4636 2396//4636
f  2473//4637 2396//4637 2474//4637
f  2396//4638 2421//4638 2474//4638
f  2474//4639 2421//4639 2455//4639
f  2474//4640 2455//4640 2475//4640
f  2475//749 2455//749 2454//749
f  2475//4641 2454//4641 2476//4641
f  2476//4642 2454//4642 2393//4642
f  2476//4643 2393//4643 2477//4643
f  2393//4644 2392//4644 2477//4644
f  2477//4645 2392//4645 2436//4645
f  2477//4646 2436//4646 2478//4646
f  2478//4647 2436//4647 2435//4647
f  2478//4648 2435//4648 2479//4648
f  2375//4649 2374//4649 2470//4649
f  2470//4650 2374//4650 2446//4650
f  2470//749 2446//749 2480//749
f  2480//4651 2446//4651 2433//4651
f  2480//4652 2433//4652 2481//4652
f  2481//4653 2433//4653 2432//4653
f  2481//4654 2432//4654 2482//4654
f  2432//4655 2431//4655 2482//4655
f  2482//4656 2431//4656 2445//4656
f  2482//749 2445//749 2483//749
f  2483//4657 2445//4657 2444//4657
f  2483//4658 2444//4658 2484//4658
f  2444//4659 2370//4659 2484//4659
f  2484//4660 2370//4660 2369//4660
f  2484//4661 2369//4661 2485//4661
f  2485//4662 2369//4662 2443//4662
f  2485//4663 2443//4663 2486//4663
f  2486//4664 2443//4664 2420//4664
f  2486//4665 2420//4665 2487//4665
f  2488//4666 2418//4666 2489//4666
f  2489//4667 2418//4667 2466//4667
f  2489//4668 2466//4668 2490//4668
f  2490//4669 2466//4669 2442//4669
f  2490//4670 2442//4670 2491//4670
f  2492//4671 2402//4671 2493//4671
f  2493//4672 2402//4672 2459//4672
f  2493//749 2459//749 2494//749
f  2494//4673 2459//4673 2438//4673
f  2494//4674 2438//4674 2495//4674
f  2496//4675 2429//4675 2488//4675
f  2488//4676 2429//4676 2419//4676
f  2488//4677 2419//4677 2418//4677
f  2497//4678 2424//4678 2498//4678
f  2498//4679 2424//4679 2462//4679
f  2498//4680 2462//4680 2499//4680
f  2499//4681 2462//4681 2409//4681
f  2499//4682 2409//4682 2500//4682
f  2438//4683 2437//4683 2495//4683
f  2495//4684 2437//4684 2458//4684
f  2495//4685 2458//4685 2501//4685
f  2501//749 2458//749 2457//749
f  2501//4686 2457//4686 2471//4686
f  2471//4687 2457//4687 2398//4687
f  2471//4688 2398//4688 2422//4688
f  2435//4689 2391//4689 2479//4689
f  2479//4690 2391//4690 2434//4690
f  2479//4691 2434//4691 2502//4691
f  2502//4692 2434//4692 2453//4692
f  2502//4693 2453//4693 2503//4693
f  2503//4694 2453//4694 2389//4694
f  2503//4695 2389//4695 2504//4695
f  2505//4696 2384//4696 2506//4696
f  2506//4697 2384//4697 2450//4697
f  2506//4698 2450//4698 2507//4698
f  2507//4699 2450//4699 2382//4699
f  2507//4700 2382//4700 2508//4700
f  2382//4701 2381//4701 2508//4701
f  2508//4702 2381//4702 2449//4702
f  2508//749 2449//749 2509//749
f  2509//749 2449//749 2448//749
f  2509//749 2448//749 2467//749
f  2467//4703 2448//4703 2378//4703
f  2467//4704 2378//4704 2377//4704
f  2420//4705 2427//4705 2487//4705
f  2487//4706 2427//4706 2430//4706
f  2487//4707 2430//4707 2496//4707
f  2496//4708 2430//4708 2429//4708
f  2442//4709 2426//4709 2491//4709
f  2491//4710 2426//4710 2465//4710
f  2491//4711 2465//4711 2510//4711
f  2510//749 2465//749 2464//749
f  2510//4712 2464//4712 2511//4712
f  2464//4713 2414//4713 2511//4713
f  2511//4714 2414//4714 2413//4714
f  2511//4715 2413//4715 2512//4715
f  2512//4716 2413//4716 2463//4716
f  2512//4717 2463//4717 2513//4717
f  2513//4718 2463//4718 2411//4718
f  2513//4719 2411//4719 2497//4719
f  2497//4720 2411//4720 2425//4720
f  2497//4721 2425//4721 2424//4721
f  2409//4722 2423//4722 2500//4722
f  2500//4723 2423//4723 2441//4723
f  2500//4724 2441//4724 2514//4724
f  2514//4725 2441//4725 2440//4725
f  2514//4726 2440//4726 2515//4726
f  2389//4727 2388//4727 2504//4727
f  2504//4728 2388//4728 2452//4728
f  2504//4729 2452//4729 2516//4729
f  2516//749 2452//749 2451//749
f  2516//4730 2451//4730 2505//4730
f  2505//4731 2451//4731 2385//4731
f  2505//4732 2385//4732 2384//4732
f  2440//4733 2408//4733 2515//4733
f  2515//4734 2408//4734 2461//4734
f  2515//749 2461//749 2517//749
f  2517//749 2461//749 2460//749
f  2517//4735 2460//4735 2518//4735
f  2518//4736 2460//4736 2405//4736
f  2518//4737 2405//4737 2519//4737
f  2405//4738 2404//4738 2519//4738
f  2519//4739 2404//4739 2439//4739
f  2519//4740 2439//4740 2520//4740
f  2520//4741 2439//4741 2428//4741
f  2520//4742 2428//4742 2492//4742
f  2492//4743 2428//4743 2403//4743
f  2492//4744 2403//4744 2402//4744
f  2474//4745 2521//4745 2473//4745
f  2473//4746 2521//4746 2522//4746
f  2473//4747 2522//4747 2472//4747
f  2472//4748 2522//4748 2523//4748
f  2472//4749 2523//4749 2471//4749
f  2471//4750 2523//4750 2524//4750
f  2471//4751 2524//4751 2501//4751
f  2501//4752 2524//4752 2525//4752
f  2501//4753 2525//4753 2495//4753
f  2495//4754 2525//4754 2526//4754
f  2495//4755 2526//4755 2494//4755
f  2494//4756 2526//4756 2527//4756
f  2494//4757 2527//4757 2493//4757
f  2493//4758 2527//4758 2528//4758
f  2493//4759 2528//4759 2492//4759
f  2492//4760 2528//4760 2529//4760
f  2492//4761 2529//4761 2520//4761
f  2520//4762 2529//4762 2530//4762
f  2520//4763 2530//4763 2519//4763
f  2519//4764 2530//4764 2531//4764
f  2519//4765 2531//4765 2518//4765
f  2518//4766 2531//4766 2532//4766
f  2518//4767 2532//4767 2517//4767
f  2517//4768 2532//4768 2533//4768
f  2517//4769 2533//4769 2515//4769
f  2515//4770 2533//4770 2534//4770
f  2515//4771 2534//4771 2514//4771
f  2514//4772 2534//4772 2535//4772
f  2514//4773 2535//4773 2500//4773
f  2500//4774 2535//4774 2536//4774
f  2500//4775 2536//4775 2499//4775
f  2499//4776 2536//4776 2537//4776
f  2499//4777 2537//4777 2498//4777
f  2498//4778 2537//4778 2538//4778
f  2498//4779 2538//4779 2497//4779
f  2497//4780 2538//4780 2539//4780
f  2497//4781 2539//4781 2513//4781
f  2513//4782 2539//4782 2540//4782
f  2513//4783 2540//4783 2512//4783
f  2512//4784 2540//4784 2541//4784
f  2512//4785 2541//4785 2511//4785
f  2511//4786 2541//4786 2542//4786
f  2511//4787 2542//4787 2510//4787
f  2510//4788 2542//4788 2543//4788
f  2510//4789 2543//4789 2491//4789
f  2491//4790 2543//4790 2544//4790
f  2491//4791 2544//4791 2490//4791
f  2490//4792 2544//4792 2545//4792
f  2490//4793 2545//4793 2489//4793
f  2489//4794 2545//4794 2546//4794
f  2489//4795 2546//4795 2488//4795
f  2488//4796 2546//4796 2547//4796
f  2488//4797 2547//4797 2496//4797
f  2496//4798 2547//4798 2548//4798
f  2496//4799 2548//4799 2487//4799
f  2487//4800 2548//4800 2549//4800
f  2487//4801 2549//4801 2486//4801
f  2486//4802 2549//4802 2550//4802
f  2486//4803 2550//4803 2485//4803
f  2485//4804 2550//4804 2551//4804
f  2485//4805 2551//4805 2484//4805
f  2484//4806 2551//4806 2552//4806
f  2484//4807 2552//4807 2483//4807
f  2483//4808 2552//4808 2553//4808
f  2483//4809 2553//4809 2482//4809
f  2482//4810 2553//4810 2554//4810
f  2482//4811 2554//4811 2481//4811
f  2481//4812 2554//4812 2555//4812
f  2481//4813 2555//4813 2480//4813
f  2480//4814 2555//4814 2556//4814
f  2480//4815 2556//4815 2470//4815
f  2470//4816 2556//4816 2557//4816
f  2470//4817 2557//4817 2469//4817
f  2469//4818 2557//4818 2558//4818
f  2469//4819 2558//4819 2468//4819
f  2468//4820 2558//4820 2559//4820
f  2468//4821 2559//4821 2467//4821
f  2467//4822 2559//4822 2560//4822
f  2467//4823 2560//4823 2509//4823
f  2509//4824 2560//4824 2561//4824
f  2509//4825 2561//4825 2508//4825
f  2508//4826 2561//4826 2562//4826
f  2508//4827 2562//4827 2507//4827
f  2507//4828 2562//4828 2563//4828
f  2507//4829 2563//4829 2506//4829
f  2506//4830 2563//4830 2564//4830
f  2506//4831 2564//4831 2505//4831
f  2505//4832 2564//4832 2565//4832
f  2505//4833 2565//4833 2516//4833
f  2516//4834 2565//4834 2566//4834
f  2516//4835 2566//4835 2504//4835
f  2504//4836 2566//4836 2567//4836
f  2504//4837 2567//4837 2503//4837
f  2503//4838 2567//4838 2568//4838
f  2503//4839 2568//4839 2502//4839
f  2502//4840 2568//4840 2569//4840
f  2502//4841 2569//4841 2479//4841
f  2479//4842 2569//4842 2570//4842
f  2479//4843 2570//4843 2478//4843
f  2478//4844 2570//4844 2571//4844
f  2478//4845 2571//4845 2477//4845
f  2477//4846 2571//4846 2572//4846
f  2477//4847 2572//4847 2476//4847
f  2476//4848 2572//4848 2573//4848
f  2476//4849 2573//4849 2475//4849
f  2475//4850 2573//4850 2574//4850
f  2475//4851 2574//4851 2474//4851
f  2474//4852 2574//4852 2521//4852
f  2522//4853 2521//4853 2538//4853
f  2538//4854 2521//4854 2574//4854
f  2538//4855 2574//4855 2573//4855
f  2525//4853 2524//4853 2538//4853
f  2538//4856 2524//4856 2523//4856
f  2538//4857 2523//4857 2522//4857
f  2528//4853 2527//4853 2538//4853
f  2538//4858 2527//4858 2526//4858
f  2538//4853 2526//4853 2525//4853
f  2531//4859 2530//4859 2538//4859
f  2538//4860 2530//4860 2529//4860
f  2538//4861 2529//4861 2528//4861
f  2534//4862 2533//4862 2538//4862
f  2538//4863 2533//4863 2532//4863
f  2538//4864 2532//4864 2531//4864
f  2537//4865 2536//4865 2538//4865
f  2538//4866 2536//4866 2535//4866
f  2538//4867 2535//4867 2534//4867
f  2540//4868 2539//4868 2538//4868
f  2543//4869 2542//4869 2538//4869
f  2538//4870 2542//4870 2541//4870
f  2538//4871 2541//4871 2540//4871
f  2546//4853 2545//4853 2538//4853
f  2538//4872 2545//4872 2544//4872
f  2538//4873 2544//4873 2543//4873
f  2549//4853 2548//4853 2538//4853
f  2538//4874 2548//4874 2547//4874
f  2538//4875 2547//4875 2546//4875
f  2552//4876 2551//4876 2538//4876
f  2538//4877 2551//4877 2550//4877
f  2538//4878 2550//4878 2549//4878
f  2555//4853 2554//4853 2538//4853
f  2538//4879 2554//4879 2553//4879
f  2538//4880 2553//4880 2552//4880
f  2558//4881 2557//4881 2538//4881
f  2538//4882 2557//4882 2556//4882
f  2538//4883 2556//4883 2555//4883
f  2561//4853 2560//4853 2538//4853
f  2538//4884 2560//4884 2559//4884
f  2538//4853 2559//4853 2558//4853
f  2564//4885 2563//4885 2538//4885
f  2538//4853 2563//4853 2562//4853
f  2538//4886 2562//4886 2561//4886
f  2567//4853 2566//4853 2538//4853
f  2538//4887 2566//4887 2565//4887
f  2538//4888 2565//4888 2564//4888
f  2570//4889 2569//4889 2538//4889
f  2538//4890 2569//4890 2568//4890
f  2538//4891 2568//4891 2567//4891
f  2573//4853 2572//4853 2538//4853
f  2538//4853 2572//4853 2571//4853
f  2538//4853 2571//4853 2570//4853

